-- oc_category PRIMARY KEY (`category_id`)
INSERT IGNORE INTO `oc_category` (`category_id`, `image`, `parent_id`, `top`, `column`, `sort_order`, `status`, `date_added`, `date_modified`) VALUES
(41, '', 38, 0, 0, 0, 1, '2020-12-12 10:25:27', '2020-12-12 10:25:27'),
(40, '', 38, 0, 0, 0, 1, '2020-12-12 10:25:27', '2020-12-12 10:25:27'),
(39, '', 38, 0, 0, 0, 1, '2020-12-12 10:25:27', '2020-12-12 10:25:27'),
(38, '', 0, 0, 0, 0, 1, '2020-12-12 10:25:27', '2020-12-12 10:25:27'),
(37, '', 0, 0, 0, 0, 1, '2020-12-12 10:24:15', '2020-12-12 10:24:15'),
(35, '', 34, 0, 0, 0, 1, '2020-12-12 10:24:00', '2020-12-12 10:24:00'),
(34, '', 0, 0, 0, 0, 1, '2020-12-12 10:24:00', '2020-12-12 10:24:00'),
(33, '', 32, 0, 0, 0, 1, '2020-12-12 10:23:29', '2020-12-12 10:23:29'),
(32, '', 0, 0, 0, 0, 1, '2020-12-12 10:23:29', '2020-12-12 10:23:29'),
(36, '', 34, 0, 0, 0, 1, '2020-12-12 10:24:00', '2020-12-12 10:24:00'),
(42, '', 38, 0, 0, 0, 1, '2020-12-12 10:25:27', '2020-12-12 10:25:27'),
(43, '', 38, 0, 0, 0, 1, '2020-12-12 10:25:27', '2020-12-12 10:25:27'),
(44, '', 38, 0, 0, 0, 1, '2020-12-12 10:25:27', '2020-12-12 10:25:27'),
(45, '', 38, 0, 0, 0, 1, '2020-12-12 10:25:27', '2020-12-12 10:25:27'),
(46, '', 0, 0, 0, 0, 1, '2020-12-12 10:25:38', '2020-12-12 10:25:38'),
(47, '', 0, 0, 0, 0, 1, '2020-12-12 10:25:53', '2020-12-12 10:25:53'),
(48, '', 0, 0, 0, 0, 1, '2020-12-12 10:26:00', '2020-12-12 10:26:00'),
(49, '', 0, 0, 0, 0, 1, '2020-12-12 10:26:20', '2020-12-12 10:26:20'),
(50, '', 49, 0, 0, 0, 1, '2020-12-12 10:26:20', '2020-12-12 10:26:20'),
(51, '', 0, 0, 0, 0, 1, '2020-12-12 10:26:40', '2020-12-12 10:26:40'),
(52, '', 51, 0, 0, 0, 1, '2020-12-12 10:26:40', '2020-12-12 10:26:40');

-- oc_category_description PRIMARY KEY (`category_id`,`language_id`)
INSERT IGNORE INTO `oc_category_description` (`category_id`, `language_id`, `name`, `description`, `meta_title`, `meta_description`, `meta_keyword`) VALUES
(44, 2, 'Máy mài', 'Máy mài', '', '', ''),
(44, 1, 'Máy mài', 'Máy mài', '', '', ''),
(43, 1, 'Máy khoan', 'Máy khoan', '', '', ''),
(43, 2, 'Máy khoan', 'Máy khoan', '', '', ''),
(42, 1, 'Máy cưa', 'Máy cưa', '', '', ''),
(42, 2, 'Máy cưa', 'Máy cưa', '', '', ''),
(41, 2, 'Máy chà nhám', 'Máy chà nhám', '', '', ''),
(41, 1, 'Máy chà nhám', 'Máy chà nhám', '', '', ''),
(40, 2, 'Máy cắt', 'Máy cắt', '', '', ''),
(40, 1, 'Máy cắt', 'Máy cắt', '', '', ''),
(39, 2, 'Máy bào', 'Máy bào', '', '', ''),
(39, 1, 'Máy bào', 'Máy bào', '', '', ''),
(38, 1, 'Dụng cụ dùng điện', 'Dụng cụ dùng điện', '', '', ''),
(37, 1, 'Dụng cụ dùng pin', 'Dụng cụ dùng pin', '', '', ''),
(38, 2, 'Dụng cụ dùng điện', 'Dụng cụ dùng điện', '', '', ''),
(36, 1, 'Máy rút đinh', 'Máy rút đinh', '', '', ''),
(37, 2, 'Dụng cụ dùng pin', 'Dụng cụ dùng pin', '', '', ''),
(32, 2, 'Dụng cụ cầm tay', 'Dụng cụ cầm tay', '', '', ''),
(32, 1, 'Dụng cụ cầm tay', 'Dụng cụ cầm tay', '', '', ''),
(33, 2, 'Máy cắt cầm tay', 'Máy cắt cầm tay', '', '', ''),
(33, 1, 'Máy cắt cầm tay', 'Máy cắt cầm tay', '', '', ''),
(34, 2, 'Dụng cụ dùng hơi', 'Dụng cụ dùng hơi', '', '', ''),
(34, 1, 'Dụng cụ dùng hơi', 'Dụng cụ dùng hơi', '', '', ''),
(35, 2, 'Máy bắn đinh', 'Máy bắn đinh', '', '', ''),
(35, 1, 'Máy bắn đinh', 'Máy bắn đinh', '', '', ''),
(36, 2, 'Máy rút đinh', 'Máy rút đinh', '', '', ''),
(45, 2, 'Máy đục', 'Máy đục', '', '', ''),
(45, 1, 'Máy đục', 'Máy đục', '', '', ''),
(46, 2, 'Máy nén khí', 'Máy nén khí', '', '', ''),
(46, 1, 'Máy nén khí', 'Máy nén khí', '', '', ''),
(47, 2, 'Phụ kiện các loại', 'Phụ kiện các loại', '', '', ''),
(47, 1, 'Phụ kiện các loại', 'Phụ kiện các loại', '', '', ''),
(48, 2, 'Thiết bị dùng nước', 'Thiết bị dùng nước', '', '', ''),
(48, 1, 'Thiết bị dùng nước', 'Thiết bị dùng nước', '', '', ''),
(49, 2, 'Thiết bị hàn', 'Thiết bị hàn', '', '', ''),
(49, 1, 'Thiết bị hàn', 'Thiết bị hàn', '', '', ''),
(50, 2, 'Máy hàn điện tử', 'Máy hàn điện tử', '', '', ''),
(50, 1, 'Máy hàn điện tử', 'Máy hàn điện tử', '', '', ''),
(51, 2, 'Thiết bị đo chính xác', 'Thiết bị đo chính xác', '', '', ''),
(51, 1, 'Thiết bị đo chính xác', 'Thiết bị đo chính xác', '', '', ''),
(52, 2, 'Máy cân bằng laser', 'Máy cân bằng laser', '', '', ''),
(52, 1, 'Máy cân bằng laser', 'Máy cân bằng laser', '', '', '');

-- oc_category_path PRIMARY KEY (`category_id`,`path_id`)
INSERT IGNORE INTO `oc_category_path` (`category_id`, `path_id`, `level`) VALUES
(45, 38, 0),
(44, 44, 1),
(44, 38, 0),
(43, 43, 1),
(43, 38, 0),
(42, 42, 1),
(42, 38, 0),
(41, 41, 1),
(41, 38, 0),
(34, 34, 0),
(33, 33, 1),
(33, 32, 0),
(32, 32, 0),
(40, 40, 1),
(40, 38, 0),
(35, 35, 1),
(35, 34, 0),
(39, 39, 1),
(39, 38, 0),
(38, 38, 0),
(37, 37, 0),
(36, 36, 1),
(36, 34, 0),
(45, 45, 1),
(46, 46, 0),
(47, 47, 0),
(48, 48, 0),
(49, 49, 0),
(50, 49, 0),
(50, 50, 1),
(51, 51, 0),
(52, 51, 0),
(52, 52, 1);

-- oc_category_to_store PRIMARY KEY (`category_id`,`store_id`)
INSERT IGNORE INTO `oc_category_to_store` (`category_id`, `store_id`) VALUES
(32, 0),
(33, 0),
(34, 0),
(35, 0),
(36, 0),
(37, 0),
(38, 0),
(39, 0),
(40, 0),
(41, 0),
(42, 0),
(43, 0),
(44, 0),
(45, 0),
(46, 0),
(47, 0),
(48, 0),
(49, 0),
(50, 0),
(51, 0),
(52, 0);