-- oc_product PRIMARY KEY (`product_id`)
-- delete first
INSERT IGNORE INTO `oc_product` (`product_id`, `model`, `sku`, `common_barcode`, `common_sku`, `common_compare_price`, `common_price`, `common_cost_price`, `barcode`, `upc`, `ean`, `jan`, `isbn`, `mpn`, `location`, `quantity`, `sale_on_out_of_stock`, `stock_status_id`, `image`, `image_alt`, `multi_versions`, `manufacturer_id`, `shipping`, `price`, `price_currency_id`, `compare_price`, `c_price_currency_id`, `points`, `tax_class_id`, `date_available`, `weight`, `weight_class_id`, `length`, `width`, `height`, `length_class_id`, `subtract`, `minimum`, `sort_order`, `status`, `channel`, `viewed`, `demo`, `deleted`, `default_store_id`, `date_added`, `date_modified`) VALUES
(154, '', 'HQ007', '', '', '0.0000', '0.0000', '0.0000', '', '', '', '', '', '', '', 0, 0, 0, 'https://2.pik.vn/2020a209b1f1-9d8a-40f4-bad7-e76ad15e673f.jpg', '', 0, 27, 1, '1025000.0000', 1, '1400000.0000', 1, 0, 0, '0000-00-00', '1.00000000', 1, '0.00000000', '0.00000000', '0.00000000', 0, 1, 1, 0, 1, 2, 0, 1, NULL, 0, '2020-12-12 10:02:17', '2020-12-12 10:02:17'),
(153, '', 'HQ006', '', '', '0.0000', '0.0000', '0.0000', '', '', '', '', '', '', '', 0, 0, 0, 'https://2.pik.vn/202078e7468e-7595-45cb-aa5a-db177cc1c1be.jpg', '', 0, 27, 1, '3120000.0000', 1, '3600000.0000', 1, 0, 0, '0000-00-00', '1.00000000', 1, '0.00000000', '0.00000000', '0.00000000', 0, 1, 1, 0, 1, 2, 0, 1, NULL, 0, '2020-12-12 10:02:17', '2020-12-12 10:02:17'),
(152, '', 'HQ005', '', '', '0.0000', '0.0000', '0.0000', '', '', '', '', '', '', '', 0, 0, 0, 'https://2.pik.vn/20209f1f573f-7114-490f-86d1-63de33a5684c.jpg', '', 0, 27, 1, '650000.0000', 1, '950000.0000', 1, 0, 0, '0000-00-00', '1.00000000', 1, '0.00000000', '0.00000000', '0.00000000', 0, 1, 1, 0, 1, 2, 0, 1, NULL, 0, '2020-12-12 10:02:17', '2020-12-12 10:02:17'),
(151, '', 'HQ004', '', '', '0.0000', '0.0000', '0.0000', '', '', '', '', '', '', '', 0, 0, 0, 'https://2.pik.vn/20209f1f573f-7114-490f-86d1-63de33a5684c.jpg', '', 0, 27, 1, '2300000.0000', 1, '2650000.0000', 1, 0, 0, '0000-00-00', '1.00000000', 1, '0.00000000', '0.00000000', '0.00000000', 0, 1, 1, 0, 1, 2, 0, 1, NULL, 0, '2020-12-12 10:02:17', '2020-12-12 10:02:17'),
(150, '', 'HQ003', '', '', '0.0000', '0.0000', '0.0000', '', '', '', '', '', '', '', 0, 0, 0, 'https://2.pik.vn/20203d3b3424-f14f-49aa-b6f0-7377d86a7ce9.jpg', '', 0, 27, 1, '0.0000', 1, '2500000.0000', 1, 0, 0, '0000-00-00', '1.00000000', 1, '0.00000000', '0.00000000', '0.00000000', 0, 1, 1, 0, 1, 2, 0, 1, NULL, 0, '2020-12-12 10:02:17', '2020-12-12 10:02:17'),
(149, '', 'HQ002', '', '', '0.0000', '0.0000', '0.0000', '', '', '', '', '', '', '', 0, 0, 0, 'https://2.pik.vn/20207e372235-67f2-442f-b56f-ce57144cbdfe.jpg', '', 0, 26, 1, '2390000.0000', 1, '2900000.0000', 1, 0, 0, '0000-00-00', '1.00000000', 1, '0.00000000', '0.00000000', '0.00000000', 0, 1, 1, 0, 1, 2, 0, 1, NULL, 0, '2020-12-12 10:02:17', '2020-12-12 10:02:17'),
(148, '', 'HQ001', '', '', '0.0000', '0.0000', '0.0000', '', '', '', '', '', '', '', 0, 0, 0, 'https://2.pik.vn/2020aa5f26d4-042c-44f1-90d6-39ec11581824.jpg', '', 0, 26, 1, '1690000.0000', 1, '2300000.0000', 1, 0, 0, '0000-00-00', '1.00000000', 1, '0.00000000', '0.00000000', '0.00000000', 0, 1, 1, 0, 1, 2, 0, 1, NULL, 0, '2020-12-12 10:02:17', '2020-12-12 10:02:17'),
(155, '', 'HQ008', '', '', '0.0000', '0.0000', '0.0000', '', '', '', '', '', '', '', 0, 0, 0, 'https://2.pik.vn/20209594e301-61c4-4608-ab84-885df64c18a5.jpg', '', 0, 27, 1, '830000.0000', 1, '1200000.0000', 1, 0, 0, '0000-00-00', '1.00000000', 1, '0.00000000', '0.00000000', '0.00000000', 0, 1, 1, 0, 1, 2, 0, 1, NULL, 0, '2020-12-12 10:02:17', '2020-12-12 10:02:17'),
(156, '', 'HQ009', '', '', '0.0000', '0.0000', '0.0000', '', '', '', '', '', '', '', 0, 0, 0, 'https://2.pik.vn/202079c1f829-dade-4757-a59a-2f8e407c931a.jpg', '', 0, 27, 1, '2900000.0000', 1, '3100000.0000', 1, 0, 0, '0000-00-00', '1.00000000', 1, '0.00000000', '0.00000000', '0.00000000', 0, 1, 1, 0, 1, 2, 0, 1, NULL, 0, '2020-12-12 10:02:17', '2020-12-12 10:28:40'),
(157, '', 'HQ010', '', '', '0.0000', '0.0000', '0.0000', '', '', '', '', '', '', '', 0, 0, 0, 'https://2.pik.vn/2020d760f91f-c470-4d56-9078-ce1c1ca5da7d.jpg', '', 0, 27, 1, '3200000.0000', 1, '3600000.0000', 1, 0, 0, '0000-00-00', '1.00000000', 1, '0.00000000', '0.00000000', '0.00000000', 0, 1, 1, 0, 1, 2, 0, 1, NULL, 0, '2020-12-12 10:02:17', '2020-12-12 10:02:17'),
(158, '', 'HQ011', '', '', '0.0000', '0.0000', '0.0000', '', '', '', '', '', '', '', 0, 0, 0, 'https://2.pik.vn/20205c004262-f353-4b32-80e1-cc8764b021a7.jpg', '', 0, 27, 1, '1780000.0000', 1, '2400000.0000', 1, 0, 0, '0000-00-00', '1.00000000', 1, '0.00000000', '0.00000000', '0.00000000', 0, 1, 1, 0, 1, 2, 0, 1, NULL, 0, '2020-12-12 10:02:17', '2020-12-12 10:28:27'),
(159, '', 'HQ012', '', '', '0.0000', '0.0000', '0.0000', '', '', '', '', '', '', '', 0, 0, 0, 'https://2.pik.vn/20205f8cdb1c-71c8-43f4-bc85-7f5b5930be55.jpg', '', 0, 27, 1, '23500000.0000', 1, '25000000.0000', 1, 0, 0, '0000-00-00', '1.00000000', 1, '0.00000000', '0.00000000', '0.00000000', 0, 1, 1, 0, 1, 2, 0, 1, NULL, 0, '2020-12-12 10:02:17', '2020-12-12 10:02:17'),
(160, '', 'HQ013', '', '', '0.0000', '0.0000', '0.0000', '', '', '', '', '', '', '', 0, 0, 0, 'https://2.pik.vn/202088e66496-f033-4d0f-977d-0b8924ac8207.jpg', '', 0, 27, 1, '2500000.0000', 1, '2700000.0000', 1, 0, 0, '0000-00-00', '1.00000000', 1, '0.00000000', '0.00000000', '0.00000000', 0, 1, 1, 0, 1, 2, 0, 1, NULL, 0, '2020-12-12 10:02:17', '2020-12-12 10:02:17'),
(161, '', 'HQ014', '', '', '0.0000', '0.0000', '0.0000', '', '', '', '', '', '', '', 0, 0, 0, 'https://2.pik.vn/2020cd536298-28a8-4000-8004-dbecb230c0d7.jpg', '', 0, 27, 1, '1080000.0000', 1, '1200000.0000', 1, 0, 0, '0000-00-00', '1.00000000', 1, '0.00000000', '0.00000000', '0.00000000', 0, 1, 1, 0, 1, 2, 0, 1, NULL, 0, '2020-12-12 10:02:17', '2020-12-12 10:02:17'),
(162, '', 'HQ015', '', '', '0.0000', '0.0000', '0.0000', '', '', '', '', '', '', '', 0, 0, 0, 'https://2.pik.vn/20206023bc9f-357a-44c6-a91a-27b2c397cabf.jpg', '', 0, 27, 1, '2500000.0000', 1, '3500000.0000', 1, 0, 0, '0000-00-00', '1.00000000', 1, '0.00000000', '0.00000000', '0.00000000', 0, 1, 1, 0, 1, 2, 0, 1, NULL, 0, '2020-12-12 10:02:17', '2020-12-12 10:02:17'),
(163, '', 'HQ016', '', '', '0.0000', '0.0000', '0.0000', '', '', '', '', '', '', '', 0, 0, 0, 'https://2.pik.vn/2020a4766644-aac4-494d-9a59-27af5414d4d7.jpg', '', 0, 27, 1, '2790000.0000', 1, '3900000.0000', 1, 0, 0, '0000-00-00', '1.00000000', 1, '0.00000000', '0.00000000', '0.00000000', 0, 1, 1, 0, 1, 2, 0, 1, NULL, 0, '2020-12-12 10:02:17', '2020-12-12 10:02:17'),
(164, '', '', '', '', '0.0000', '0.0000', '0.0000', '', '', '', '', '', '', '', 0, 1, 0, 'https://cdn.bestme.asia/images/cokhihoanghuy/may-nen-khi.png', '', 0, 0, 1, '0.0000', 1, '0.0000', 1, 0, 0, '0000-00-00', '100.00000000', 1, '0.00000000', '0.00000000', '0.00000000', 0, 1, 1, 0, 1, 2, 0, 1, NULL, 0, '2020-12-16 16:22:48', '2020-12-16 16:22:48'),
(165, '', '', '', '', '0.0000', '0.0000', '0.0000', '', '', '', '', '', '', '', 0, 1, 0, 'https://cdn.bestme.asia/images/cokhihoanghuy/may-khoan-vit-van-nang-my-45in1-3388.jpg', '', 0, 0, 1, '0.0000', 1, '0.0000', 1, 0, 0, '0000-00-00', '122.00000000', 1, '0.00000000', '0.00000000', '0.00000000', 0, 1, 1, 0, 1, 2, 0, 1, NULL, 0, '2020-12-16 16:35:18', '2020-12-16 16:35:18'),
(166, '', '', '', '', '0.0000', '0.0000', '0.0000', '', '', '', '', '', '', '', 0, 1, 0, 'https://cdn.bestme.asia/images/cokhihoanghuy/sung-rut-dinh-rive-hoi-top-pav0000731023.jpg', '', 0, 0, 1, '0.0000', 1, '0.0000', 1, 0, 0, '0000-00-00', '122.00000000', 1, '0.00000000', '0.00000000', '0.00000000', 0, 1, 1, 0, 1, 2, 0, 1, NULL, 0, '2020-12-16 16:41:15', '2020-12-16 16:41:15'),
(167, '', '', '', '', '0.0000', '0.0000', '0.0000', '', '', '', '', '', '', '', 0, 1, 0, 'https://cdn.bestme.asia/images/cokhihoanghuy/dung-cu-uon-ong-dong-3-32mm-workpro-w101004-601927.jpg', '', 0, 0, 1, '0.0000', 1, '119000.0000', 1, 0, 0, '0000-00-00', '1.00000000', 1, '0.00000000', '0.00000000', '0.00000000', 0, 1, 1, 0, 1, 2, 0, 1, NULL, 0, '2020-12-18 16:59:27', '2020-12-18 17:18:12'),
(168, '', '', '', '', '0.0000', '0.0000', '0.0000', '', '', '', '', '', '', '', 0, 1, 0, 'https://cdn.bestme.asia/images/cokhihoanghuy/screenshot_1608285673.png', '', 0, 0, 1, '0.0000', 1, '119000.0000', 1, 0, 0, '0000-00-00', '1.00000000', 1, '0.00000000', '0.00000000', '0.00000000', 0, 1, 1, 0, 1, 2, 0, 1, NULL, 0, '2020-12-18 17:04:02', '2020-12-18 17:17:56'),
(169, '', '', '', '', '0.0000', '0.0000', '0.0000', '', '', '', '', '', '', '', 0, 1, 0, 'https://cdn.bestme.asia/images/cokhihoanghuy/hit-kinh-3-chan-tolsen-62663-760556.jpg', '', 0, 0, 1, '0.0000', 1, '209000.0000', 1, 0, 0, '0000-00-00', '1.00000000', 1, '0.00000000', '0.00000000', '0.00000000', 0, 1, 1, 0, 1, 2, 0, 1, NULL, 0, '2020-12-18 17:06:47', '2020-12-18 17:17:46'),
(170, '', '', '', '', '0.0000', '0.0000', '0.0000', '', '', '', '', '', '', '', 0, 1, 0, 'https://cdn.bestme.asia/images/cokhihoanghuy/sung-ban-dinh-cuon-makita-an902.png', '', 0, 0, 1, '8000000.0000', 1, '8230000.0000', 1, 0, 0, '0000-00-00', '10.00000000', 1, '0.00000000', '0.00000000', '0.00000000', 0, 1, 1, 0, 1, 2, 0, 1, NULL, 0, '2020-12-18 17:11:06', '2020-12-18 17:17:24'),
(171, '', '', '', '', '0.0000', '0.0000', '0.0000', '', '', '', '', '', '', '', 0, 1, 0, 'https://cdn.bestme.asia/images/cokhihoanghuy/af201z.jpg', '', 0, 0, 1, '0.0000', 1, '7500000.0000', 1, 0, 0, '0000-00-00', '1.00000000', 1, '0.00000000', '0.00000000', '0.00000000', 0, 1, 1, 0, 1, 2, 0, 1, NULL, 0, '2020-12-18 17:12:33', '2020-12-18 17:17:35'),
(172, '', '', '', '', '0.0000', '0.0000', '0.0000', '', '', '', '', '', '', '', 0, 1, 0, 'https://cdn.bestme.asia/images/cokhihoanghuy/sung-ban-dinh-thang-meite-f32.png', '', 0, 0, 1, '0.0000', 1, '450000.0000', 1, 0, 0, '0000-00-00', '1.00000000', 1, '0.00000000', '0.00000000', '0.00000000', 0, 1, 1, 0, 1, 2, 0, 1, NULL, 0, '2020-12-18 17:16:42', '2020-12-18 17:23:15'),
(173, '', '', '', '', '0.0000', '0.0000', '0.0000', '', '', '', '', '', '', '', 0, 1, 0, 'https://cdn.bestme.asia/images/cokhihoanghuy/keo-cat-ong-nhua-pvc-42mm-cao-cap-do-top-tfl70002.png', '', 0, 0, 1, '199000.0000', 1, '250000.0000', 1, 0, 0, '0000-00-00', '1.00000000', 1, '0.00000000', '0.00000000', '0.00000000', 0, 1, 1, 0, 1, 2, 0, 1, NULL, 0, '2020-12-18 17:45:18', '2020-12-18 17:45:40');

-- restore soft-deleted products if demo
UPDATE `oc_product` SET `deleted` = NULL
WHERE `demo` = 1
  AND `product_id` IN (
   154,
   153,
   152,
   151,
   150,
   149,
   148,
   155,
   156,
   157,
   158,
   159,
   160,
   161,
   162,
   163,
   164,
   165,
   166,
   167,
   168,
   169,
   170,
   171,
   172,
   173
  );

-- oc_product_collection PRIMARY KEY (`product_collection_id`)
INSERT IGNORE INTO `oc_product_collection` (`product_collection_id`, `product_id`, `collection_id`, `sort_order`) VALUES
(162, 162, 18, 0),
(205, 157, 19, 4),
(204, 151, 19, 3),
(203, 161, 19, 2),
(165, 148, 18, 0),
(164, 160, 18, 0),
(163, 149, 18, 0),
(201, 156, 20, 8),
(202, 159, 19, 1),
(200, 150, 20, 7),
(199, 152, 20, 6),
(198, 163, 20, 5),
(197, 161, 20, 4),
(196, 159, 20, 3),
(195, 155, 20, 2),
(194, 154, 20, 1),
(212, 151, 21, 4),
(211, 163, 21, 3),
(210, 150, 21, 2),
(209, 152, 21, 1),
(289, 148, 23, 4),
(288, 160, 23, 3),
(287, 149, 23, 2),
(213, 148, 24, 0),
(269, 150, 26, 8),
(268, 152, 26, 7),
(267, 154, 26, 6),
(266, 159, 26, 5),
(265, 155, 26, 4),
(264, 148, 26, 3),
(263, 149, 26, 2),
(262, 162, 26, 1),
(273, 161, 27, 4),
(272, 153, 27, 3),
(271, 159, 27, 2),
(270, 155, 27, 1),
(279, 172, 29, 0),
(280, 165, 30, 1),
(277, 166, 29, 1),
(274, 164, 28, 1),
(281, 171, 30, 2),
(286, 162, 23, 1),
(297, 169, 32, 4),
(296, 168, 32, 3),
(295, 173, 32, 2),
(294, 167, 32, 1);

-- oc_product_description PRIMARY KEY (`product_id`,`language_id`)
INSERT IGNORE INTO `oc_product_description` (`product_id`, `language_id`, `name`, `description`, `sub_description`, `seo_title`, `seo_description`, `tag`, `meta_title`, `meta_description`, `meta_keyword`) VALUES
(148, 2, 'MÁY CƯA GỖ HIKOKI C7SS', 'Máy cưa gỗ HIKOKI C7SS chiếc máy cưa không còn quá xa lạ với người tiêu dùng hiện nay. Với thiết kế thông minh gọn và tương đối nhẹ giúp người dung dể dàng sử dụng cũng như di chuyển trong quá trình làm việc.<br />\n<br />\nƯu điểm của sản phẩm Máy cưa gỗ HIKOKI C7SS<br />\nHoạt động mạnh mẽ - Hiệu quả công việc cao<br />\nMÁY CƯA GỖ HITACHI C7SS<br />\nMáy cưa gỗ HIKOKI C7SS<br />\nMáy cưa gỗ HIKOKI C7SS có công suất 1550w cho công suất hoạt động vô cùng mạnh mẽ, và máy còn chống được rung nên không gây tình trạng tê, mỏi tay trong suốt quá trình làm việc. Đồng thời máy được trang bị lưỡi cưa vô cùng sắc bén với đường kính lưỡi 190mm, tốc độ không tải lên đến 5500 vòng/phút cho những được đẹp mắt và nhanh chóng.<br />\n <br />\nMáy cưa gỗ HIKOKI C7SS đạt tiêu chuẩn cao<br />\n <br />\nKhông những thế Máy cưa gỗ HIKOKI C7SS của thương hiệu HIKOKI luôn lấy chắc lượng làm yếu hàng đầu để tạo dấu ấn và niềm tin trong lòng khách hàng. Các chi tiết của máy được đo lường đạt chuẩn đến từng mm và sản xuất theo một dây truyền hiện đại, tiên tiến, đạt tiêu chuẩn Nhật Bản.<br />\n <br />\nChính vì lẻ đó Máy cưa gỗ HIKOKI C7ST luôn là sản phẩm được lựa chọn hàng đầu của các nhà xưởng, hộ gia đình khi sản xuất cuãng như chế tác các sản phẩm cần thiết. Máy còn được phủ một lớp sơn màu xanh cao cấp đem đến độ bóng, chống trầy xước, màu sắc trang nhã mang đến tính thẩm mỹ cao cho sản phẩm Máy cưa gỗ HIKOKI C7SS.<br />\n<br />\nChất liệu cao cấp<br />\nMáy được trang bị khả năng chịu được nhiệt độ, cách được điện để luôn luôn đảm bảo an toàn cho người sử dụng. Bên cạnh đó Máy cưa gỗ HIKOKI C7SS được làm từ chất liệu cao cấp chống được gỉ sét, bào mòn do các yếu tố môi trường tác động giúp cho người tiêu dùng an tâm mà không phải lo lắng máy bị hư hỏng khi sử dụng trong suốt thời gian dài.<br />\n <br />\nNgoài ra, tay cầm của Máy cưa gỗ HIKOKI C7SS được thiết kế vô cùng chắc chắn, không gây trơn trượt mang lại cảm giác thoải mái nhất cho người sử dụng mà không có bất cứ một lo lắng nào.<br />\nGiờ đây với Máy cưa gỗ HIKOKI C7SS công việc của bạn được thực hiện một cách nhanh chống nhất mà không tốt quá nhiều thời gia cũng như công sức.<br />\nMáy cưa gỗ HIKOKI C7SS được phân phối chính hãng tại Dụng cụ cầm tay việt á. Chúng tôi cam kết chất lượng với giá cạnh tranh nhất thị trường cùng dịch vụ chăm sóc khách hàng chu đáo hậu mãi. Đến với chúng tôi Quý khách sẽ được trải nghiệm những sản phẩm tuyệt vời nhất<br />\n<br />\n<br />\n<br />\n<br />\n<br />\n<br />\n<br />\n<br />\nTÍNH NĂNG VÀ THÔNG SỐ KỸ THUẬT<br />\n-       Tên sản phẩm: Máy cưa gỗ HIKOKI C7SS<br />\n-       Mã sản phẩm: C7SS<br />\n-       Thương hiệu: HIKOKI<br />\n-       Xuất xứ: Trung Quốc<br />\n-       Công suất: 1050W<br />\n-       Khả năng cắt tối đa gốc vuông: 68mm<br />\n-       Khả năng cắt tối đa gốc nghiêng: 46mm<br />\n-       Đường kính lưỡi: 190mm<br />\n-       Tốc độ không tải: 5500/phút<br />\n-       Kích thước: 291mm<br />\n-       Trọng lượng: 3,4kg<br />\n-       Thời gian bảo hành: 6 tháng', 'TÍNH NĂNG VÀ THÔNG SỐ KỸ THUẬT<br />\n-       Tên sản phẩm: Máy cưa gỗ HIKOKI C7SS<br />\n-       Mã sản phẩm: C7SS<br />\n-       Thương hiệu: HIKOKI<br />\n-       Xuất xứ: Trung Quốc<br />\n-       Công suất: 1050W<br />\n-       Khả năng cắt tối đa gốc vuông: 68mm<br />\n-       Khả năng cắt tối đa gốc nghiêng: 46mm<br />\n-       Đường kính lưỡi: 190mm<br />\n-       Tốc độ không tải: 5500/phút<br />\n-       Kích thước: 291mm<br />\n-       Trọng lượng: 3,4kg<br />\n-       Thời gian bảo hành: 6 tháng', '', '', '', '', '', ''),
(149, 2, 'MÁY CẮT SẮT HIKOKI CC14ST', 'MÔ TẢ SẢN PHẨM<br />\nMáy cắt sắt HIKOKI CC14ST là sản phẩm chính hãng, được sản xuất trên dây chuyền hiện đại từ Nhật Bản, được thiết kế chuyên dụng để cắt sắt, máy thiết kế nhỏ gọn dễ dàng di chuyển, tích hợp công suất 2.200W hoạt động mạnh mẽ, có độ chuẩn xác cao, đảm bảo mang đến hiệu quả công việc tối ưu và thời gian sử dụng lâu dài. Thiết kế hệ thống bảo vệ mạnh mẽ giúp bảo vệ máy tối đa và giảm rung hiệu quả cho máy hoạt động êm ái và kéo dài tuổi thọ, đảm bảo an toàn trong suốt quá trình làm việc. Máy còn trang bị hệ thống bảo vệ thiết thực giúp kẹp vật liệu nhanh, chính xác và thuận tiện hơn.<br />\n<br />\nMÁY CẮT SẮT HITACHI CC14ST<br />\nMáy cắt sắt HIKOKI<br />\n<br />\nỨng dụng:<br />\n<br />\nMáy cắt sắt HIKOKI CC14ST được dùng để cắt sắt, kim loại một cách nhanh chóng, cho đường cắt gọn đẹp mà không làm hư hại khu vực xung quanh vùng cắt. Sản phẩm có tính ứng dụng cao trong các ngành công nghiệp, cơ khí, xây dựng, sửa chữa...<br />\n<br />\nĐặc trưng kỹ thuật của máy cắt sắt HIKOKI CC14ST<br />\n- Máy cắt sắt 2200W HIKOKI CC14ST là vật dụng đồng hành tuyệt vời với bạn để thực hiện công việc trên dễ dàng và hiệu quả nhất. Máy cắt sắt HIKOKI CC 14ST là sự lựa chọn thông minh dành cho người sử dụng vì có thể đáp ứng đầy đủ các tiêu chí nhỏ gọn, bền bỉ và tiện dụng mà bạn đang cần ở một chiếc máy cắt sắt chất lượng cao.<br />\n<br />\n- HIKOKI CC14ST 2200W được thiết kế từ chất liệu cao cấp nên sở hữu độ rắn chắc tuyệt đối, chịu nhiệt tốt tối ưu, chống chịu được sự mài mòn trong suốt quá trình sử dụng. <br />\n<br />\n- Vỏ ngoài của máy được làm bằng nhựa tổng hợp chịu lực tốt, chống biến dạng khi bị tác động mạnh giúp bạn yên tâm sử dụng sản phẩm trong một thời gian dài mà không lo các vấn đề hư hỏng thường gặp như các loại máy cắt sắt thông thường khác.<br />\n<br />\n- Máy được gia công tỉ mỉ từ công nghệ tiên tiến, Hitachi đã đem lại một chiếc máy cắt sắt với công suất cực kì mạnh mẽ lên đến 2200W, có thể hoạt động liên tục trong thời gian dài mà không bị giảm chất lượng. <br />\n<br />\n- Máy có trọng lượng nhẹ và độ bền tuyệt đối, được trang bị khả năng chống gỉ sét dù tiếp xúc thường xuyên với điều kiện ẩm ướt hay bất kì thời tiết khắc nghiệt nào, mang đến cho bạn một sản phẩm có tuổi thọ cao, góp phần tạo nên một chiếc máy cắt sắt hoàn hảo về mọi mặt.<br />\n<br />\n- HIKOKI CC14ST 2200W​ có tay cầm bằng cao su được thiết kế vừa tay người dùng, độ nhám cao có tác dụng chống trượt vừa tạo cảm giác chắc chắn, êm tay vừa đảm bảo an toàn cho bạn kể cả khi bị ra mồ hôi tay hay tay bạn đang bị dính dầu nhớt trong lúc làm việc.<br />\n<br />\n- Bên cạnh đó, tốc độ không tải 3800 vòng / phút cùng đĩa cắt sắc bén, rắn chắc đã cung cấp khả năng hoạt động mạnh mẽ, tối ưu nhất trong việc cắt các thanh sắt được nhanh chóng và hiệu quả.<br />\n<br />\nLý do bạn nên chọn máy cắt sắt HIKOKI CC14ST<br />\n- Máy cắt sắt HIKOKI CC14ST là sản phẩm chính hãng, được sản xuất trên dây chuyền hiện đại từ Nhật Bản, được thiết kế chuyên dụng để cắt sắt, máy thiết kế nhỏ gọn dễ dàng di chuyển, tích hợp công suất 2.200W hoạt động mạnh mẽ, có độ chuẩn xác cao, đảm bảo mang đến hiệu quả công việc tối ưu và thời gian sử dụng lâu dài. <br />\n<br />\n- Thiết kế hệ thống bảo vệ mạnh mẽ giúp bảo vệ máy tối đa và giảm rung hiệu quả cho máy hoạt động êm ái và kéo dài tuổi thọ, đảm bảo an toàn trong suốt quá trình làm việc. <br />\n<br />\n- Máy còn trang bị hệ thống bảo vệ thiết thực giúp kẹp vật liệu nhanh, chính xác và thuận tiện hơn.<br />\n<br />\n- Lưỡi cắt sắc bén, cứng cáp giúp cắt vật liệu nhanh gọn nhất.<br />\n<br />\nCông tắc bấm thuận tiện cho người sử dụng, đồng thời cũng có thể tự động tăng giảm tốc độ, nếu bạn muốn tăng chỉ cần ấn mạnh vào công tắc, thì tốc độ sẽ được chuyển đổi.<br />\n<br />\n- Tay cầm chữ D tiêu chuẩn cho máy Cắt Sắt CC14ST giúp người dùng thuận tiện điều khiển đĩa cắt lên xuống.<br />\n<br />\n- Máy có công dụng hoạt động tốt trong các ngành cơ khí, xây dựng.. giúp bạn có thể cắt được các loại sắt với các hình khối và kích thước khác nhau một cách dễ dàng, không còn mất nhiều thời gian nữa.<br />\n<br />\n <br />\n<br />\nMáy cắt sắt HIKOKI CC14ST được phân phối chính hãng tại Dụng cụ cầm tay việt á. Chúng tôi cam kết chất lượng với giá cạnh tranh nhất thị trường cùng dịch vụ chăm sóc khách hàng chu đáo hậu mãi. Đến với chúng tôi Quý khách sẽ được trải nghiệm những sản phẩm tuyệt vời nhất<br />\n<br />\n <br />\n<br />\nNguyên tắc an toàn khi sử dụng máy cắt sắt<br />\n- Trong quá trình vận hành máy cắt sắt thường bắn ra những tia lửa nguy hiểm cho người thợ, do vậy khi sử dụng máy cắt sắt người dùng cần tuân thủ những nguyên tắc sau:<br />\n- Luôn mang theo đồ bảo hộ lao động cá nhân: găng tay, bịt tai, đặc biệt là kính mắt<br />\n- Đảm bảo máy được tắt khi di chuyển vị trí và cắm nguồn điện.<br />\n- Không sử dụng máy trong môi trường dễ cháy nổ.<br />\n- Không để máy gần nơi có nhiệt độ cao, dầu nhớt, vật nhọn hay bộ phận chuyển động<br />\nSử dụng máy cắt sắt để cắt kim loại theo các bước sau:<br />\n- Chỉnh góc muốn cắt.<br />\n- Kẹp chặt vật gia công sao cho phù hợp với kích thước của vật cần gia công.<br />\n- Cầm tay nắm và kéo xuống từ từ.<br />\n- Cắt vật gia công với lực gia tải đồng đều.<br />\n- Tắt máy và đợi đến khi đĩa cắt dừng lại hoàn toàn mới được di chuyển máy<br />\n<br />\n<br />\n<br />\n<br />\n<br />\n<br />\n<br />\n<br />\n<br />\nTÍNH NĂNG VÀ THÔNG SỐ KỸ THUẬT<br />\nHãng sản xuất	HIKOKI<br />\nBảo hành	6 Tháng<br />\nXuất xứ	Trung Quốc<br />\nCông nghệ	Nhật Bản<br />\nCông suất	2,200W<br />\nĐường kính đá	355mm (14\"\")<br />\nKhả năng cắt	65mm<br />\nTrọng lượng	16.5kg<br />\nHình dạng cắt	106 x 106mm (4-11/64\"\")<br />\nTốc độ không tải	3,800 v/p<br />\nChiều dài	603mm<br />\nĐường kính cắt	120mm (4-3/4\"\")', 'TÍNH NĂNG VÀ THÔNG SỐ KỸ THUẬT<br />\nHãng sản xuất	HIKOKI<br />\nBảo hành	6 Tháng<br />\nXuất xứ	Trung Quốc<br />\nCông nghệ	Nhật Bản<br />\nCông suất	2,200W<br />\nĐường kính đá	355mm (14\"\")<br />\nKhả năng cắt	65mm<br />\nTrọng lượng	16.5kg<br />\nHình dạng cắt	106 x 106mm (4-11/64\"\")<br />\nTốc độ không tải	3,800 v/p<br />\nChiều dài	603mm<br />\nĐường kính cắt	120mm (4-3/4\"\")', '', '', '', '', '', ''),
(150, 2, 'MÁY MÀI GÓC HIKOKI 840W - 125MM (CT TRƯỢT) - G13SN2', 'Máy mài góc HIKOKI 840W - 125mm (CT trượt) - G13SN2 được phân phối chính hãng tại Dụng cụ cầm tay việt á. Chúng tôi cam kết chất lượng với giá cạnh tranh nhất thị trường cùng dịch vụ chăm sóc khách hàng chu đáo hậu mãi. Đến với chúng tôi Quý khách sẽ được trải nghiệm những sản phẩm tuyệt vời nhất<br />\n<br />\n<br />\n<br />\nMáy mài góc HIKOKI 840W - 125mm (CT trượt) - G13SN2<br />\n<br />\n<br />\n<br />\n<br />\n<br />\n<br />\n<br />\nTÍNH NĂNG VÀ THÔNG SỐ KỸ THUẬT<br />\nMáy mài góc HIKOKI 840W - 125mm (CT trượt)<br />\nCông suất: 840W. Đá mài: 125mm.<br />\nĐường kính lỗ: 22.23mm.<br />\nTốc độ không tải: 10,000/phút. Tổng chiều dài: 259mm. Trọng lượng tịnh: 1.6Kg.', 'TÍNH NĂNG VÀ THÔNG SỐ KỸ THUẬT<br />\nMáy mài góc HIKOKI 840W - 125mm (CT trượt)<br />\nCông suất: 840W. Đá mài: 125mm.<br />\nĐường kính lỗ: 22.23mm.<br />\nTốc độ không tải: 10,000/phút. Tổng chiều dài: 259mm. Trọng lượng tịnh: 1.6Kg.', '', '', '', '', '', ''),
(151, 2, 'MÁY MÀI HIKOKI 125MM - G13SC2', 'Máy mài HIKOKI G13SC2 (125mm) 1200W một thiết bị không thể thiếu trong mỗi gia đình cung như công việc thi công công trình. Bởi máy tiện lợi nhẹ gọn và công suất hoạt động vô cùng mạnh mẽ giúp người dùng dể dàng sử dụng cũng như di chuyển trong suốt quá trình làm việc.<br />\n<br />\nNgoài ra được trang bị khả năng chống tiếng ồn Máy mài HIKOKI G13SC2 (125mm) 1200W hứa hẹn sẽ là một trợ thủ đất lực giúp bạn hoàn thành công việc một cách nhanh chống, hiệu quả nhất.<br />\n<br />\nMÁY MÀI HITACHI 125MM - G13SC2<br />\n<br />\nMáy mài  HIKOKI 125mm - G13SC2<br />\n<br />\n <br />\n<br />\nƯu điểm của sản phẩm Máy mài HIKOKI G13SC2 (125mm) 1200W<br />\n<br />\nCông suất hoạt động mạnh mẽ<br />\n<br />\nMáy mài HIKOKI G13SC2 (125mm) 1200W được gia công một cách tỉ mỉ theo một quy trình công nghệ tiên tiến và vô cùng hiện đại đạt tiêu chuẩn Nhật Bản với độ bền cao.<br />\n<br />\nNgoài ra, Máy mài HIKOKI G13SC2 (125mm) 1200W có công suất hoạt động vô cùng mạnh mẽ lên đến 1900W, tốc độ không tải đạt đến 10000/phút và có thể hoạt động liên tục trong thời gian dài giúp người sử dụng đánh bóng các vật liệu một cách nhanh chóng tiết kiệm thời gian và mang lại hiệu quả công việc tối đa.<br />\n<br />\nMáy mài Hitachi 125mm - G13SC2<br />\n<br />\nMáy mài  HIKOKI 125mm<br />\n<br />\n <br />\n<br />\nThiết kế nhỏ gọn - tiện lợi<br />\n<br />\nMáy mài HIKOKI G13SC2 (125mm) 1200W được thiết kế một cách nhỏ gọn, trọng lượng máy khá nhẹ so với các loại máy cùng công năng trên thị trường. Với ưu điểm trên máy sẽ luôn là người bạn đồng hành tuyệt vời của người dùng khi dễ dàng di chuyển trong quá trình làm việc. Cũng như Máy mài HIKOKI G13SC2 (125mm) 1200W ít bị rung nên không gây mỏi tay, tê tay khi sử dụng trong thời gian dài.<br />\n<br />\nĐặc biệt giờ đây với máy Máy mài HIKOKI G13SC2 (125mm) 1200W việc cắt giữ, bảo quản trở nên dễ dàng không tốn quá nhiều công suất, thời gian và diện tích.<br />\n<br />\nMột điểm cộng lớn của Máy mài HIKOKI G13SC2 (125mm) 1200W là máy được trang bị khả năng hạn chế tiếng ồn đến mức tối đa khi làm việc không gây cảm giác khó chịu cho người dùng cũng như mọi người xung quanh. <br />\n<br />\nMáy mài  HIKOKI 125mm G13SC2 được phân phối chính hãng tại Dụng cụ cầm tay việt á. Chúng tôi cam kết chất lượng với giá cạnh tranh nhất thị trường cùng dịch vụ chăm sóc khách hàng chu đáo hậu mãi. Đến với chúng tôi Quý khách sẽ được trải nghiệm những sản phẩm tuyệt vời nhất<br />\n<br />\n<br />\n<br />\n<br />\n<br />\n<br />\n<br />\n<br />\n<br />\n<br />\n<br />\nTÍNH NĂNG VÀ THÔNG SỐ KỸ THUẬT<br />\nTên sản phẩm: Máy mài HIKOKI G13SC2 (125mm) 1200W<br />\n<br />\nMã sản phẩm: G13SC2<br />\n<br />\nXuất xứ: Malaysia<br />\n<br />\nCông suất: 1200W<br />\n<br />\nĐá mài: 125mm<br />\n<br />\nTốc độ không tải: 1000/phút<br />\n<br />\nKích thước: 391mm<br />\n<br />\nTrọng lượng: 2.8kg<br />\n<br />\nThương hiệu: Hitachi<br />\n<br />\nThời gian bảo hành: 6 tháng', 'TÍNH NĂNG VÀ THÔNG SỐ KỸ THUẬT<br />\nTên sản phẩm: Máy mài HIKOKI G13SC2 (125mm) 1200W<br />\n<br />\nMã sản phẩm: G13SC2<br />\n<br />\nXuất xứ: Malaysia<br />\n<br />\nCông suất: 1200W<br />\n<br />\nĐá mài: 125mm<br />\n<br />\nTốc độ không tải: 1000/phút<br />\n<br />\nKích thước: 391mm<br />\n<br />\nTrọng lượng: 2.8kg<br />\n<br />\nThương hiệu: Hitachi<br />\n<br />\nThời gian bảo hành: 6 tháng', '', '', '', '', '', ''),
(152, 2, 'MÁY MÀI GÓC HIKOKI 600W - 100MM (CT TRƯỢT) - G10SS2', 'MÔ TẢ SẢN PHẨM<br />\nMáy mài góc HIKOKI 600W - 100mm (CT trượt) - G10SS2 được phân phối chính hãng tại Dụng cụ cầm tay việt á. Chúng tôi cam kết chất lượng với giá cạnh tranh nhất thị trường cùng dịch vụ chăm sóc khách hàng chu đáo hậu mãi. Đến với chúng tôi Quý khách sẽ được trải nghiệm những sản phẩm tuyệt vời nhất<br />\n<br />\n<br />\n<br />\nMáy mài góc HIKOKI 600W - 100mm (CT trượt) - G10SS2<br />\n<br />\n<br />\n<br />\n<br />\n<br />\n<br />\n<br />\nTÍNH NĂNG VÀ THÔNG SỐ KỸ THUẬT<br />\nMáy mài góc HIKOKI 600W - 100mm (CT trượt)<br />\nCông suất: 600W. Đá mài: 100mm.<br />\nĐường kính lỗ: 16mm.<br />\nTốc độ không tải: 11,500/phút. Tổng chiều dài: 254mm. Trọng lượng tịnh: 1.7Kg.<br />\nPhụ kiện kèm theo: khóa', 'TÍNH NĂNG VÀ THÔNG SỐ KỸ THUẬT<br />\nMáy mài góc HIKOKI 600W - 100mm (CT trượt)<br />\nCông suất: 600W. Đá mài: 100mm.<br />\nĐường kính lỗ: 16mm.<br />\nTốc độ không tải: 11,500/phút. Tổng chiều dài: 254mm. Trọng lượng tịnh: 1.7Kg.<br />\nPhụ kiện kèm theo: khóa', '', '', '', '', '', ''),
(153, 2, 'MÁY KHOAN ĐỘNG LỰC HIKOKI DH26PC 830W', 'MÔ TẢ SẢN PHẨM<br />\nMáy khoan động lực HIKOKI DH26PC thiết kế thông minh, không cần khóa khoan mà vẫn tháo lắp mũi khoan dễ dàng. Máy hỗ trợ chức năng đảo chiều giúp quá trình khoan trở nên dễ dàng và an toàn hơn. <br />\nMÁY KHOAN ĐỘNG LỰC HITACHI DH26PC 830W<br />\n<br />\nMáy khoan động lực HIKOKI DH26PC 830W<br />\n<br />\nMáy khoan động lực HIKOKI DH26PC đi kèm tay cầm và thước canh độ sâu.<br />\n<br />\nMáy khoan động lực HIKOKI DH26PC hoạt động với công suất 830W cùng với tốc độ không tải lên đến 1.100 vòng/phút cho khả năng khoan tối đa bê tông: 26mm; Thép: 13mm; Gỗ: 32mm dễ dàng. <br />\n<br />\nMáy khoan động lực HIKOKI DH26PC có chế độ vừa khoan vừa búa vô cùng mạnh mẽ.<br />\n<br />\nMáy khoan động lực HIKOKI tích hợp thước canh độ sâu nên người dùng dễ dàng điều chỉnh độ sâu của mũi khoan, tăng hiệu quả làm việc đến 30%.<br />\n<br />\n Máy khoan động lực HIKOKI DH26PC khoan gỗ và khoan tường dễ dàng.<br />\n<br />\nPhần tay cầm được thiết kế chắc chắn, vừa vặn và có độ ma sát cao, hạn chế trơn trượt, tạo cảm giác thoải mái cũng như đảm bảo an toàn cho người dùng trong lúc làm việc. Vỏ máy khoan bằng nhựa cho độ bền cao. Ngoài ra, máy còn đi kèm tay cầm phụ giúp điều khiển đường khoan chính xác , hạn chế rung máy.<br />\n<br />\nMáy khoan động lực HIKOKI DH26PC được phân phối chính hãng tại Dụng cụ cầm tay việt á. Chúng tôi cam kết chất lượng với giá cạnh tranh nhất thị trường cùng dịch vụ chăm sóc khách hàng chu đáo hậu mãi. Đến với chúng tôi Quý khách sẽ được trải nghiệm những sản phẩm tuyệt vời nhất<br />\n<br />\n<br />\n<br />\n<br />\n<br />\n<br />\n<br />\nTÍNH NĂNG VÀ THÔNG SỐ KỸ THUẬT<br />\nLoại máyMáy khoan động lực chạy điện<br />\nChiều dài 367mm<br />\nNguồn điện áp220V - 240V / 50Hz - 60Hz<br />\nCông suất 830W<br />\nLực đập 0 - 4.300 lần/phút<br />\nTốc độ không tải 0 - 1.100 vòng/phút<br />\nĐường kính khoan gỗ 32mm<br />\nĐường kính khoan bê tông 26mm<br />\nĐường kính khoan thép 13mm<br />\nThông tin chung<br />\nMàu sắc Xanh đen<br />\nTrọng lượng sản phẩm 2,8kg<br />\nThương hiệu Nhật Bản<br />\nSản xuất tại Trung Quốc<br />\nBảo hành 6 tháng', 'TÍNH NĂNG VÀ THÔNG SỐ KỸ THUẬT<br />\nLoại máyMáy khoan động lực chạy điện<br />\nChiều dài 367mm<br />\nNguồn điện áp220V - 240V / 50Hz - 60Hz<br />\nCông suất 830W<br />\nLực đập 0 - 4.300 lần/phút<br />\nTốc độ không tải 0 - 1.100 vòng/phút<br />\nĐường kính khoan gỗ 32mm<br />\nĐường kính khoan bê tông 26mm<br />\nĐường kính khoan thép 13mm<br />\nThông tin chung<br />\nMàu sắc Xanh đen<br />\nTrọng lượng sản phẩm 2,8kg<br />\nThương hiệu Nhật Bản<br />\nSản xuất tại Trung Quốc<br />\nBảo hành 6 tháng', '', '', '', '', '', ''),
(154, 2, 'MÁY KHOAN HIKOKI DV13VSS', 'MÔ TẢ SẢN PHẨM<br />\nMáy khoan HIKOKI DV13VSS đến từ xứ sở Nhật Bản với kích thước nhỏ gọn nhưng công suất lên đến 550W sẽ giúp bạn khoan các loại vật liệu kim loại một cách dễ dàng. Khoan có thiết kế hiện đại kết hợp tay cầm tối ưu giúp người sử dụng thao tác được nhanh chóng, hiệu quả. Máy có thể dùng cho công việc gia đình lẫn cho những thợ điện máy, điện lạnh chuyên nghiệp. Với 13mm  Máy khoan HIKOKI DV13VSS  công việc của bạn sẽ trở nên dễ dàng hơn bao giờ hết.<br />\n<br />\nMÁY KHOAN HITACHI DV13VSS<br />\n<br />\nMáy khoan HIKOKI DV13VSS<br />\n<br />\nƯu điểm nổi trội của sản phẩm<br />\nChất lượng vượt trội<br />\n<br />\nHIKOKI DV13VSS  có mũi khoan được làm từ hợp kim cao cấp, siêu bền, chịu nhiệt tốt và chống ăn mòn nên bạn hoàn toàn có thể yên tâm sử dụng sản phẩm trong một thời gian dài. Ngoài ra, sản phẩm đã qua xử lý nhiệt chống gỉ sét, đảm bảo mũi khoan luôn sáng bóng lâu dài cho dù sản phẩm dù tiếp xúc thường xuyên với điều kiện ẩm ướt hay bất kì thời tiết khắc nghiệt nào.<br />\n<br />\nHoạt động mạnh mẽ<br />\n<br />\nVới công suất 550W và tốc độ không tải 2900vòng/ phút, máy sẽ giúp bạn có thể khoan trên vật liệu kim loại một cách dễ dàng. Khả năng khoan tối đa: bê tông 16mm, gỗ 20mm, thép 13mm<br />\n<br />\n <br />\n<br />\nGọn nhẹ, linh hoạt<br />\n<br />\nMáy khoan HIKOKI DV13VSS có thiết kế rắn chắc và nhỏ gọn giúp bạn dễ dàng mang theo, di chuyển hay cất giữ vì không chiếm nhiều diện tích, không gây cản trở. Sản phẩm có thể sử dụng được cho cả người thuận tay phải và người thuận tay trái rất tiện lợi.<br />\n<br />\nMáy khoan HIKOKI DV13VSS được phân phối chính hãng tại Dụng cụ cầm tay việt á. Chúng tôi cam kết chất lượng với giá cạnh tranh nhất thị trường cùng dịch vụ chăm sóc khách hàng chu đáo hậu mãi. Đến với chúng tôi Quý khách sẽ được trải nghiệm những sản phẩm tuyệt vời nhất<br />\n<br />\n<br />\n<br />\n<br />\n<br />\n<br />\n<br />\n<br />\n<br />\nTÍNH NĂNG VÀ THÔNG SỐ KỸ THUẬT<br />\nThương hiệu:	HIKOKI<br />\nXuất xứ:	Trung Quốc<br />\nBảo hành:	06 Tháng<br />\nCông suất:	550W<br />\nTốc độ cao:	0 - 2.900 vòng/phút<br />\nTốc độ va đập:	0 - 46.400 vòng/phút<br />\nKhả năng khoan bê tông:	16mm<br />\nKhả năng khoan thép	13mm<br />\nKhả năng khoan gỗ	20mm', 'TÍNH NĂNG VÀ THÔNG SỐ KỸ THUẬT<br />\nThương hiệu:	HIKOKI<br />\nXuất xứ:	Trung Quốc<br />\nBảo hành:	06 Tháng<br />\nCông suất:	550W<br />\nTốc độ cao:	0 - 2.900 vòng/phút<br />\nTốc độ va đập:	0 - 46.400 vòng/phút<br />\nKhả năng khoan bê tông:	16mm<br />\nKhả năng khoan thép	13mm<br />\nKhả năng khoan gỗ	20mm', '', '', '', '', '', ''),
(155, 2, 'MÁY KHOAN SẮT HIKOKI D10VST', 'MÔ TẢ SẢN PHẨM<br />\nGiờ đây việc khoan sắt, thép, gỗ,...đã trở nên dễ dàng hơn cùng 10mm Máy Khoan Sắt HIKOKI D10VST - sản phẩm đến từ thương hiệu HIKOKI, một thương hiệu uy tín trong lĩnh vực sản xuất dụng cụ công nghiệp tại Nhật Bản. Máy được thiết kế chuyên dụng và công nghệ cải tiến cho nên khoan mạnh mẽ và hiệu quả. Là dụng cụ hữu ích và cần thiết phục vụ những công việc sửa chữa điện máy gia dụng, cơ khí hay lắp đặt. Máy khoan thích hợp trong gia đình vừa thích hợp cho những thợ sữa chữa điện máy, điện lạnh chuyên nghiệp.<br />\n<br />\nMÁY KHOAN SẮT HITACHI D10VST<br />\n<br />\nMáy Khoan Sắt HIKOKI D10VST<br />\n<br />\nĐiểm tạo nên sự thu hút cho máy khoan sắt HIKOKI D10VST<br />\nThiết kế nhỏ gọn, tiện lợi<br />\n<br />\nMáy khoan sắt HIKOKI D10VST có thiết kế rắn chắc và nhỏ gọn giúp bạn dễ dàng mang theo, di chuyển hay cất giữ vì không chiếm nhiều diện tích, không gây cản trở. Với thiết kế báng cầm mềm, vừa vặn, có độ ma sát cao máy khoan giúp thao tác khoan của bạn được dễ dàng mà không mỏi hay đau tay khi phải làm việc lâu. Máy có thể sử dụng được cho cả người thuận tay phải và người thuận tay trái rất tiện lợi. HIKOKI D10VST đi kèm khóa khoan nên tháo lắp mũi khoan chắc chắn.<br />\n<br />\nCông suất mạnh mẽ<br />\n<br />\nHIKOKI D10VST cho khả năng khoan gỗ 25mm, khoan thép 10mm và tốc độ không tải lên đến 3200 vòng/phút, máy hoạt động rất mạnh mẽ và hiệu quả giúp bạn có thể khoan trên nhiều bề mặt chất liệu cứng như nhôm, gỗ, thép,… một cách dễ dàng. Thiết kế cò súng có độ đàn hồi, bấm nhẹ, không làm đau hay mỏi tay khi phải sử dụng lâu. Thêm vào đó, với tính năng cách nhiệt, cách điện, chiếc máy khoan đảm bảo an toàn tuyệt đối cho người sử dụng khi bị ra mồ hôi tay hay làm việc trong điều kiện bất lợi, khó khăn. Máy khoan sắt HIKOKI D10VST là một sản phẩm chắc chắn sẽ làm bạn hài lòng.<br />\n<br />\nCấu tạo rắn chắc<br />\n<br />\nSản phẩm được làm bằng hợp kim thép cứng với vỏ máy bằng nhựa bền chắc, chịu lực và chịu nhiệt tốt, không bị ăn mòn hay gỉ sét dưới mọi tác động của thời tiết.<br />\n<br />\nPhần tay cầm được thiết kế chắc chắn, vừa vặn và có độ ma sát cao, hạn chế trơn trượt, tạo cảm giác thoải mái cũng như đảm bảo an toàn cho người dùng trong lúc làm việc. HIKOKI D10VST có nút giữ duy trì thao tác khoan nên người dùng không phải bấm cò máy liên tục<br />\n<br />\nMáy Khoan Sắt HIKOKI D10VST được phân phối chính hãng tại Dụng cụ cầm tay việt á. Chúng tôi cam kết chất lượng với giá cạnh tranh nhất thị trường cùng dịch vụ chăm sóc khách hàng chu đáo hậu mãi. Đến với chúng tôi Quý khách sẽ được trải nghiệm những sản phẩm tuyệt vời nhất<br />\n<br />\n<br />\n<br />\n<br />\n<br />\n<br />\n<br />\n<br />\n<br />\nTÍNH NĂNG VÀ THÔNG SỐ KỸ THUẬT<br />\n- Mã sản phẩm: D10VST<br />\n<br />\n- Nhà sản xuất: HIKOKI<br />\n<br />\n- Xuất xứ: Trung Quốc<br />\n<br />\n- Khả năng khoan tối đa: Thép 10mm, Gỗ 25mm<br />\n<br />\n- Tốc độ không tải: 3200 vòng/phút<br />\n<br />\n- Tổng chiều dài: 227mm<br />\n<br />\n- Phụ kiện kèm theo: khóa khoan<br />\n<br />\n- Trọng lượng: 1.2Kg<br />\n<br />\n- Bảo hành: 6 tháng', 'TÍNH NĂNG VÀ THÔNG SỐ KỸ THUẬT<br />\n- Mã sản phẩm: D10VST<br />\n<br />\n- Nhà sản xuất: HIKOKI<br />\n<br />\n- Xuất xứ: Trung Quốc<br />\n<br />\n- Khả năng khoan tối đa: Thép 10mm, Gỗ 25mm<br />\n<br />\n- Tốc độ không tải: 3200 vòng/phút<br />\n<br />\n- Tổng chiều dài: 227mm<br />\n<br />\n- Phụ kiện kèm theo: khóa khoan<br />\n<br />\n- Trọng lượng: 1.2Kg<br />\n<br />\n- Bảo hành: 6 tháng', '', '', '', '', '', ''),
(156, 2, 'MÁY VẶN VÍT HIKOKI DS14DVF3', 'MÔ TẢ SẢN PHẨM<br />\nMáy vặn vít dùng pin trở thành dụng cụ gia dụng không thể thiếu trong cuộc sống hiện nay vì nó giúp giải quyết được nhiều khuyết điểm trong việc vặn tháo vít thủ công bằng tay. Tuy nhiên, trên thị trường cho ra mắt khá nhiều sản phẩm máy vặn vít dùng pin. Điều này sẽ khiến bạn băn khoăn và có thể sẽ bị nhầm trong khi chọn các sản phẩm với chất lượng không ưng ý. giới thiệu cho bạn máy vặn vít HIKOKI DS14DVF3 vừa đảm bảo chất lượng công việc vừa đem lại những chức năng mà khách hàng mong muốn.<br />\n<br />\n<br />\n<br />\nMáy vặn vít HIKOKI DS14DVF3<br />\n<br />\nƯu điểm của máy vặn vít HIKOKI DS14DVF3<br />\n- Máy vặn vít chạy Pin HIKOKI DS14DVF3 thiết kế có kích thước nhỏ gọn với trọng lượng nhẹ, thoải mái giúp bạn dễ thao tác và di chuyển, không chiếm nhiều không gian diện tích.<br />\n<br />\n- Tay cầm phủ lớp cách điện đảm bảo an toàn cho người dùng.<br />\n<br />\n- Bảo quản dễ dàng.<br />\n<br />\n- Ngoài ra, Máy khoan được thiết kế với chất liệu cao cấp, chống biến dạng, làm tăng độ bền cho máy. Tay cầm chắc chắn giúp người khoan thoải mái hơn. Chống rung và ồn ào.<br />\n<br />\n- Báng cầm mềm, vừa vặn, có độ ma sát cao giúp thao tác dễ dàng mà không bị mỏi hay đau tay khi phải làm việc lâu.<br />\n<br />\n- Vỏ ngoài của máy vặn vít dùng pin HIKOKI DS14DVF3 bằng nhựa giúp cách điện tốt nên sử dụng an toàn hơn. Tay cầm có độ ma sát cao nên cầm thao tác không bị trượt tay kể cả khi ra mồ hôi. Gần đầu máy có thiết kế thêm đèn chiếu sáng giúp bạn làm việc ở những nơi không đủ ánh sáng dễ dàng.<br />\n<br />\n <br />\n<br />\nTại sao nên chọn máy vặn vít HIKOKI DS14DVF3<br />\nMáy vặn máy vặn vít HIKOKI DS14DVF3 dùng pin nên có thê làm việc ở mọi khoảng cách. HIKOKI DS14DVF3 có kích thước nhỏ gọn và trọng lượng nhẹ giúp cầm nắm vừa tay và dễ dàng điều khiển thao tác bắt vít hơn.<br />\n<br />\nMáy vặn vít dùng pin HIKOKI DS14DVF3 có lực siết lớn nên có thể vặn bu lông đàn hồi cao dễ dàng. Thân máy được trang bị tính năng chịu lực cao vừa bảo đảm sự thoải mái cho bạn trong lúc làm việc vừa góp phần nâng cao tuổi thọ cho sản phẩm.<br />\n<br />\nMáy vặn vít HIKOKI DS14DVF3 có kiểu dáng nhỏ gọn, trọng lượng nhẹ có thể cầm thao tác dễ dàng, không bị mỏi tay. Đồng thời với kích thước nhỏ gọn giúp người dùng có thể làm việc ở những vị trí trật hẹp dễ dàng.<br />\n<br />\nMáy vặn vít HIKOKI DS14DVF3 không bị giới hạn bởi khoảng cách làm việc. <br />\nỨng dụng:<br />\n<br />\n- Máy vặn vít chạy Pin HIKOKI DS14DVF3 phục vụ tốt nhất cho những công việc bắt dính hoặc tháo rút các loại ốc, vít một cách nhanh chóng.<br />\n<br />\n- Sử dụng rộng rãi trong gia đình hoặc thi công lắp đặt công trình. Máy được thiết kế chuyên dụng và công nghệ cải tiến cho nên khoan mạnh mẽ và hiệu quả.<br />\n<br />\nMáy vặn vít HIKOKI DS14DVF3 được phân phối chính hãng tại Dụng cụ cầm tay việt á. Chúng tôi cam kết chất lượng với giá cạnh tranh nhất thị trường cùng dịch vụ chăm sóc khách hàng chu đáo hậu mãi. Đến với chúng tôi Quý khách sẽ được trải nghiệm những sản phẩm tuyệt vời nhất<br />\n<br />\nBảo quản:<br />\n<br />\n- cất giữ máy nơi khô ráo thoáng mát, tránh nơi ẩm ướt rêu mốc, khi máy bị ẩm cần phải sấy khô trước khi sử dụng.<br />\n<br />\n- nếu gặp trục trặc hay lỗi phần máy móc bạn nên đưa đến trung tâm bảo hành để được tư vấn và sửa chữa.<br />\n<br />\n- Khuyến cáo sử dụng đồ bảo hộ khi đang sử dụng máy<br />\n<br />\n- Nên đưa máy đi kiểm tra định kì thường xuyên để kéo dài tuổi thọ cho máy.<br />\n<br />\n- Sau khi sử dụng, người dùng cần làm sạch máy bằng cọ mềm hoặc dùng máy thổi gió để thổi sạch bụi trên máy thường xuyên và nên lắp đặt thêm thiết bị ngắt mạch tự động.<br />\n<br />\n- Kiểm tra máy trước khi sử dụng để phòng trường hợp máy bị kẹt hay các bộ phận bị rạn nứt để bảo đảm an toàn cho người sử dụng.<br />\n<br />\n<br />\n<br />\n<br />\n<br />\n<br />\n<br />\nTÍNH NĂNG VÀ THÔNG SỐ KỸ THUẬT<br />\nThương hiệu:	HIKOKI<br />\nXuất xứ:	Trung Quốc<br />\nKích thước mâm cặp:	3/8 \"<br />\nMô-men xoắn tối đa:	300 / lbs<br />\nTốc độ không tải:	0-400/0-1, 200<br />\nPin :	1.4Ah<br />\nVolts sạc:	Chấp nhận 9,6-18V<br />\nThời gian sạc :	1.4 Ah = 35 phút<br />\nBảo hành:	6 tháng', 'TÍNH NĂNG VÀ THÔNG SỐ KỸ THUẬT<br />\nThương hiệu:	HIKOKI<br />\nXuất xứ:	Trung Quốc<br />\nKích thước mâm cặp:	3/8 \"<br />\nMô-men xoắn tối đa:	300 / lbs<br />\nTốc độ không tải:	0-400/0-1, 200<br />\nPin :	1.4Ah<br />\nVolts sạc:	Chấp nhận 9,6-18V<br />\nThời gian sạc :	1.4 Ah = 35 phút<br />\nBảo hành:	6 tháng', '', '', '', '', '', ''),
(157, 2, 'MÁY ĐỤC BÊ TÔNG HIKOKI 1010W - 17MM - H41SST', 'MÔ TẢ SẢN PHẨM<br />\nMáy đục bê tông HIKOKI 1010W - 17mm - H41SST được phân phối chính hãng tại Dụng cụ cầm tay việt á. Chúng tôi cam kết chất lượng với giá cạnh tranh nhất thị trường cùng dịch vụ chăm sóc khách hàng chu đáo hậu mãi. Đến với chúng tôi Quý khách sẽ được trải nghiệm những sản phẩm tuyệt vời nhất<br />\n<br />\n<br />\n<br />\nMáy khoan Pin bắt vít Keyang DM14.4L-21<br />\n<br />\n<br />\n<br />\n<br />\n<br />\n<br />\n<br />\nTÍNH NĂNG VÀ THÔNG SỐ KỸ THUẬT<br />\nMáy đục bê tông HIKOKI 1010W - 17mm<br />\nCông suất: 1010W. Lực đập: 2900/phút.<br />\nMũi đục 17mm lục giác. Chiều dài: 458mm.<br />\nTrọng lượng tịnh: 5.7kg. Phụ kiện kèm theo:<br />\ntay cầm, mũi đục, cờ lê, mỡ bò', 'TÍNH NĂNG VÀ THÔNG SỐ KỸ THUẬT<br />\nMáy đục bê tông HIKOKI 1010W - 17mm<br />\nCông suất: 1010W. Lực đập: 2900/phút.<br />\nMũi đục 17mm lục giác. Chiều dài: 458mm.<br />\nTrọng lượng tịnh: 5.7kg. Phụ kiện kèm theo:<br />\ntay cầm, mũi đục, cờ lê, mỡ bò', '', '', '', '', '', ''),
(158, 2, 'MÁY PHUN ÁP LỰC HIKOKI AW100', 'MÔ TẢ SẢN PHẨM<br />\nMáy phun áp lực được sử dụng rộng rãi tại việt nam,hiện nay thị trường đang sôi động với dòng máy phun rửa áp lực HIKOKI được ứng dụng trong việc xịt rửa băng chuyền bụi bần công nghiệp và rửa xe. Dòng máy phun rửa áp lực HIKOKI xuất xứ từ Nhật Bản luôn được bảo hành định kỳ dài hạn, phụ tùng thay thế chính hãng, giá thành rẻ đang được người dùng tin tưởng và sử dụng. <br />\n<br />\nHiện nay trên thị trường có rất nhiều loại máy phun áp lực với những ứng dụng làm sạch khác nhau để người tiêu dùng lựa chọn, được đông đảo khách hàng tin dùng và sử dụng đó là Máy phun áp lực HIKOKI AW100 được dùng trong rất nhiều công việc khác nhau như: rửa xe, xịt rửa băng chuyền, làm sạch sàn gạch, làm sạch sơn tường…Mỗi một công việc sử dụng máy phun áp lực có một quy trình cụ thể khác nhau. Việc sử dụng máy phun áp lực là cách dễ nhất và nhanh nhất để hoàn thành những công việc làm sạch công nghiệp khó khăn, mà bình thường chúng ta sẽ phải mất rất nhiều thời gian cho nó. <br />\n<br />\nMÁY PHUN ÁP LỰC HITACHI AW100<br />\n<br />\nMáy phun áp lực HIKOKI AW100<br />\n<br />\nTính năng nổi trội của Máy phun áp lực HIKOKI AW100<br />\n<br />\n- Với thiết kế nhỏ gọn,trọng lượng nhẹ,máy phun áp lực HIKOKI AW100 dễ dàng sử dụng là sản phẩm lý tưởng cho việc rửa xe hay làm sạch các vật dụng trong sản xuất công nghiệp.<br />\n<br />\n- Máy phun xịt áp lực HIKOKI AW100 được trang bị motor hoạt động mạnh mẽ với công suất 1400W cho khả năng phun tia nước mạnh mẽ, giúp làm sạch các bề mặt như: nền nhà, trần nhà, xe ô tô... một cách nhanh chóng và hiệu quả.<br />\n<br />\n- Với thiết kế đa tính năng tiện ích, bạn còn có thể sử dụng sản phẩm để thực hiện các công việc khác như: tưới cây, phun thuốc cho hoa, tắm cho thú cưng, tẩy rửa rong rêu lâu năm làm ố bề mặt gạch sân, bóc lớp sơn, vôi cũ khi muốn làm đẹp lại bề mặt ngôi nhà, tẩy sắt gỉ trên bề mặt kim loại...<br />\n<br />\nMáy phun áp lực Hitachi AW100<br />\n<br />\nphụ kiên sản phẩm<br />\n<br />\n- Với áp lực nước cao 100bar cùng áp lực phun tối đa 10MPa kết hợp vòi xịt dài và mảnh, máy phun xịt áp lực HIKOKI AW100 1400W (Xanh lá cây) có thể phun nước đến tận ngóc ngách xe hay các vật dụng khác, giúp làm sạch mọi bụi bẩn nhờ áp lực dòng chảy của nước.<br />\n<br />\n- Sản phẩm có phần tay cầm được thiết kế chắc chắn, vừa vặn cùng 2 bánh xe phía sau, thuận tiện cho việc di chuyển và giúp tiết kiệm không gian tối đa.<br />\n<br />\nƯu điểm nổi bật của Máy phun áp lực HIKOKI AW100<br />\n<br />\nThiết kế nhỏ gọn, tiện lợi khi sử dụng<br />\n<br />\nCông suất mạnh, rửa sạch các vết bẩn nhanh chóng <br />\n<br />\nLưu lượng nước tiêu thụ: 5.5 lít/ phút<br />\n<br />\nĐộ dài ống: 10 m, đầu phun mạnh mẽ.<br />\n<br />\n <br />\n<br />\nLý do người tiêu dùng lại chọn máy phun áp lực HIKOKI AW100<br />\n<br />\nThiết kế nhỏ gọn, tiện lợi<br />\n<br />\nMáy phun rửa áp lực HIKOKI AW100 có thiết kế nhỏ gọn dễ dàng di chuyển trong qua trình rửa xe hay tưới vườn... Máy phun xịt có vỏ và vòi phun làm bằng nhựa cao cấp có độ bền cao và an toàn khi sử dụng.<br />\n<br />\nVệ sinh dễ dàng và nhanh chóng<br />\n<br />\nĐộng cơ của máy phun rửa áp lực HIKOKI AW100 có công suất mạnh 1400W tạo lực nước mạnh giúp bạn làm sạch nhanh chóng hơn. Bạn có thể dùng máy để rửa xe, dọn vệ sinh nền nhà, tưới cây, rửa sân...<br />\n<br />\nÁp lực vòi nước mạnh<br />\n<br />\nMáy phun rửa áp lực HIKOKI AW100 có thiết kế vòi phun dài và mảnh phun nước đến tận ngóc ngách xe hay các vật dụng khác giúp loại bỏ các bụi bẩn nhanh chóng nhờ vào áp lực dòng nước của máy tạo ra. Có tay cầm tiện lợi khi di chuyển.<br />\n<br />\nPhụ kiện đi kèm chuyên nghiệp<br />\n<br />\nMáy phun xịt rửa có các phụ kiện kèm theo: ống nước 10 m, báng súng, đầu phun mang đến cho bạn nhiều tiện ích dễ dàng khi sử dụng tiết kiệm rất nhiều thời gian cho công việc rửa xe. Ngoài ra, đầu lọc nước giúp ngăn chặn bụi bẩn rất tốt.​<br />\n<br />\n<br />\n<br />\n<br />\n<br />\n<br />\n<br />\nTÍNH NĂNG VÀ THÔNG SỐ KỸ THUẬT<br />\nThương hiệu:	HIKOKI<br />\nXuất sứ:	Trung Quốc<br />\nCông suất:	1400W<br />\nÁp lực phun nước tối đa:	7.0MPa<br />\nÁp lực tối đa cho phép:	10.0MPa<br />\nLưu lượng tối đa:	5,5L/phút<br />\nNhiệt độ cho phép:	40 độ C<br />\nKích thước:	305x245x465mm<br />\nTrọng lượng:	5,4kg', 'TÍNH NĂNG VÀ THÔNG SỐ KỸ THUẬT<br />\nThương hiệu:	HIKOKI<br />\nXuất sứ:	Trung Quốc<br />\nCông suất:	1400W<br />\nÁp lực phun nước tối đa:	7.0MPa<br />\nÁp lực tối đa cho phép:	10.0MPa<br />\nLưu lượng tối đa:	5,5L/phút<br />\nNhiệt độ cho phép:	40 độ C<br />\nKích thước:	305x245x465mm<br />\nTrọng lượng:	5,4kg', '', '', '', '', '', ''),
(159, 2, 'MÁY KHOAN TỪ VAC TỰ ĐỘNG CÓ ĐẢO CHIỀU 35MM - 1600W - VA1506', 'Máy khoan từ VAC tự động có đảo chiều 35mm - 1600W - VA1506 được phân phối chính hãng tại Dụng cụ cầm tay việt á. Chúng tôi cam kết chất lượng với giá cạnh tranh nhất thị trường cùng dịch vụ chăm sóc khách hàng chu đáo hậu mãi. Đến với chúng tôi Quý khách sẽ được trải nghiệm những sản phẩm tuyệt vời nhất<br />\n<br />\nHƯỚNG DẪN SỬ DỤNG MÁY KHOAN TỪ VAC<br />\n• Bước 1 : – Đặt tấm thép ½ inh trên mặt tấm kim loại không có từ tính. Để tấm<br />\nthép sao cho đường khoan của mũi khoan được dễ dàng không vướng vào tấm<br />\nthép khi vận hành khoan lỗ trên vật liệu không từ tính.<br />\n• Bước 2 : – Gắn tấm thép ½ inh vào vật liệu không có từ tính bằng kìm chết ở 2<br />\ngóc đối diện của tấm thép, bảo đảm giữ tấm kim loại chặt vào vật liệu bên dưới<br />\nbằng hàm của kìm chết<br />\n• Bước 3 : - Xoay máy khoan từ đài loan ở các mặt và dùng giẻ lau sạch để lau đế<br />\ntừ. Các phôi kim loại bị kẹt giữa đế từ và bề mặt của tấm kim loại sẽ làm giảm lực<br />\ngiữ của khoan từ.<br />\n• Bước 4: – Đặt máy lên tấm thép 1/2-inh và chỉnh mũi khoan trên bề mặt tấm kim<br />\nloại không có từ tính cần khoan.<br />\n• Bước 5 : – Bật điện kích hoạt đế từ của máy để nó gắn chắc với tấm thép1/2-inh<br />\n• Bước 6 : – Xoay tay xoay của động cơ khoan từ với lực ấn. Thiết bị phải được<br />\ngiữ chắc chắn bởi đế từ, và không xoay chuyển khi người vận hành đang xoay<br />\ntay xoay với lực ấn. Nếu khoan từ có biểu hiện xoay hay lúc lắc thì tắt máy và tắt<br />\nđế từ. Lặp lại bước 3 để đảm bảo là đế từ sạch sẽ. Sau đó lặp lại bước 4 và 5 để<br />\nđảm bảo là máy khoan từ đã được gắn chắc chắn.<br />\n<br />\n<br />\n<br />\n<br />\n<br />\n<br />\n<br />\n<br />\n<br />\n<br />\n<br />\n<br />\n<br />\n<br />\n<br />\n<br />\n<br />\nTÍNH NĂNG VÀ THÔNG SỐ KỸ THUẬT<br />\nMáy khoan từ tự động có đảo chiều 35mm - 1600W<br />\nĐường kính khoan từ tối đa 35mm<br />\nCông suất 1600W<br />\nLực đế từ 16000N<br />\nTốc độ không tải 810rpm<br />\nMáy có thể khoan cả 2 chế độ: tự động & thủ công', 'Máy khoan từ tự động có đảo chiều 35mm - 1600W<br />\nĐường kính khoan từ tối đa 35mm<br />\nCông suất 1600W<br />\nLực đế từ 16000N<br />\nTốc độ không tải 810rpm<br />\nMáy có thể khoan cả 2 chế độ: tự động & thủ công', '', '', '', '', '', ''),
(160, 2, 'MÁY CẮT SẮT VAC 355MM - VA7102', 'Máy cắt sắt VAC 355mm - VA7102 là sản phẩm được tối ưu hóa sau quá trình nghiên cứu và phát triển của các nhà thiết kế theo công nghệ hiện đại nhất của VAC. Với phương châm mang đến trải nghiệm tuyệt vời nhất cho người sử dụng, máy được trang bị động cơ có công suất mạnh mẽ, kết cấu được gia công nhôm kép cứng cáp, là một trong những sản phẩm tốt nhất của thương hiệu VAC trong lĩnh vực cắt các vật liệu kim loại cứng như sắt, thép,...<br />\n<br />\nMáy cắt sắt VAC 355mm - VA7102<br />\nMáy cắt sắt VAC 355mm<br />\n<br />\nCông dụng:<br />\n- Máy cắt sắt 355mm chuyên dùng để cắt các vật liệu cứng như sắt, thép,... một cách nhanh và an toàn nhất.<br />\n- Ngoài ra, máy còn được dùng để đánh bóng, cắt đa cạnh, mài, cắt được nhiều kim loại có hình dáng khác nhau.<br />\n- Sản phẩm được sử dụng rất rộng rãi ở các công trường xây dựng, các xưởng cơ khí, xưởng đóng tàu thuyền,...<br />\n<br />\n <br />\n<br />\nMáy cắt sắt VAC 355mm - VA7102<br />\n<br />\nMáy cắt sắt VAC<br />\n<br />\n<br />\n<br />\nĐặc trưng nổi bật:<br />\n- Máy cắt sắt VAC được trang bị động cơ mạnh mẽ cho công suất vượt trội lên đến 2400W, thiết kế cần nhôm và hệ thống trục chắc chắn,hệ thống kẹp vật liệu cứng cáp,... tất cả tính năng đều được nhà sản xuất tối ưu hóa để Máy cắt sắt có thể hoàn thành công việc cắt sắt, thép với hiệu suất cao nhất.<br />\n- Lưỡi cắt được làm từ hợp kim cao cấp có độ rắn chắc và độ bền tuyệt đối, chịu nhiệt và chịu lực tốt giúp đường cắt được chính xác và đẹp hơn. Lưỡi cắt có đường kính lớn, lên đến 355mm sẽ đem đến cho bạn bề mặt cắt rộng hơn rất nhiều.<br />\n- Đặc biệt, Máy cắt sắt VAC 355mm - VA7102 hoạt động dễ dàng trên bề mặt không bằng phẳng nhờ vào hệ thống chân đế điều chỉnh độ cao được bọc lớp cao su rất êm ái, giúp máy luôn hoạt động vững chắc trên mọi bề mặt. <br />\n- Tay cầm của máy được thiết kế nhỏ gọn, tiện lợi hơn với nút công tắc được tích hợp ngay trên tay cầm giúp bạn thuận tiện hơn trong khi thao tác và nhanh chóng hoàn thành công việc.<br />\n- Tốc độ không tải lên đến 3900 vòng/phút giúp tăng tốc độ cắt kim loại và tăng sự chính xác lên đến từng milimet.<br />\n- Trọng lượng của máy đạt 19kg, vừa đủ trọng lượng giúp máy hoạt động vừa đầm, vừa chắc. <br />\n<br />\nMáy cắt sắt VAC VA7102 được phân phối chính hãng tại Dụng cụ cầm tay việt á. Chúng tôi cam kết chất lượng với giá cạnh tranh nhất thị trường cùng dịch vụ chăm sóc khách hàng chu đáo hậu mãi. Đến với chúng tôi Quý khách sẽ được trải nghiệm những sản phẩm tuyệt vời nhất<br />\n<br />\nNguyên tắc an toàn khi sử dụng máy cắt sắt VAC<br />\n- Trong quá trình vận hành máy cắt sắt thường bắn ra những tia lửa nguy hiểm cho người thợ, do vậy khi sử dụng máy cắt sắt người dùng cần tuân thủ những nguyên tắc sau:<br />\n- Luôn mang theo đồ bảo hộ lao động cá nhân: găng tay, bịt tai, đặc biệt là kính mắt<br />\n- Đảm bảo máy được tắt khi di chuyển vị trí và cắm nguồn điện.<br />\n- Không sử dụng máy trong môi trường dễ cháy nổ.<br />\n- Không để máy gần nơi có nhiệt độ cao, dầu nhớt, vật nhọn hay bộ phận chuyển động<br />\nSử dụng máy cắt sắt VAC để cắt kim loại theo các bước sau:<br />\n- Chỉnh góc muốn cắt.<br />\n- Kẹp chặt vật gia công sao cho phù hợp với kích thước của vật cần gia công.<br />\n- Cầm tay nắm và kéo xuống từ từ.<br />\n- Cắt vật gia công với lực gia tải đồng đều.<br />\n- Tắt máy và đợi đến khi đĩa cắt dừng lại hoàn toàn mới được di chuyển máy<br />\n<br />\nVAC là thương hiệu nổi tiếng với các Sản phẩm phục vụ cho gia đình hoặc các ngành công nghiệp, cơ khí, xây dựng, sửa chữa,...  như máy khoan, máy cắt, máy cưa, máy đục, máy phay, máy hàn, máy nén khí....Với chất lượng tiêu chuẩn và chế độ bảo hành uy tín. Sản phẩm của VAC là sự lựa chọn hoàn hảo nhất được nhiều người mua tin tưởng và sử dụng. <br />\n<br />\nTHÔNG TIN THƯƠNG HIỆU<br />\nVới nền móng phát triển ban đầu là một xưởng gỗ chuyên nghiệp, được thành lập bởi VAC vào năm 2002. Tính đến nay, nhà sản xuất VAC đã có hơn 18 năm bề dày lịch sử. Các sản phẩm chính của VAC bao gồm: máy cưa đĩa, máy cưa lọng, máy bào, máy khoan, búa khoan, máy mài, máy chà nhám, các loại máy gia công gỗ cố định, dụng cụ khí nén, dụng cụ làm vườn... Với mục tiêu trở thành nhà cung ứng tin cậy trên toàn cầu,... không ngừng nghiên cứu phát triển các chính sách sản xuất gần gũi, thân thiện với người tiêu dùng và cam kết mang đến cho người tiêu dùng những sản phẩm có chất lượng và độ an toàn cao nhất. Bên cạnh đó, tất cả các sản phẩm của VAC đều được bảo hành trong vòng 06 tháng kể từ ngày mua nếu như bị hư hỏng về mặt kỹ thuật do lỗi của nhà sản xuất.<br />\n<br />\n<br />\n<br />\n<br />\n<br />\n<br />\n<br />\n<br />\n<br />\n<br />\n<br />\nTÍNH NĂNG VÀ THÔNG SỐ KỸ THUẬT<br />\nMáy cắt sắt 355mm - 2400W<br />\nĐiện thế : 220V-240V - 50/60 Hz<br />\nCông suất : 2400W<br />\nTốc độ không tải: 3900 vòng/phút<br />\nTrọng lượng : 17 | 19kg', 'TÍNH NĂNG VÀ THÔNG SỐ KỸ THUẬT<br />\nMáy cắt sắt 355mm - 2400W<br />\nĐiện thế : 220V-240V - 50/60 Hz<br />\nCông suất : 2400W<br />\nTốc độ không tải: 3900 vòng/phút<br />\nTrọng lượng : 17 | 19kg<br />\n', '', '', '', '', '', ''),
(161, 2, 'MÁY KHOAN ĐỘNG LỰC KEYANG DMV-13K', 'Ưu điểm nổi bật<br />\n<br />\n• Ngoài việc được trang bị môtơ mạnh mẽ với công suất 650W; có 3 tính năng trong 1: khoan búa, khoan bê tông, bắt vít.<br />\n• Triết áp điều chỉnh tốc độ, phù hợp cho bắt vít hoặc khoan mang đến tính tiện lợi cho người sử dụng.<br />\n<br />\n• Ngoài ra máy khoan Keyang DMV-13K có hệ thống cách điện kép, có đèn LED là đèn báo đảm bảo an toàn tuyệt đối cho người dùng,ổ bi được định mức tải động cao hơn đem lại cho máy tuổi thọ dài hơn, máy còn có tay nắm phụ có chốt chặn độ sâu để người dùng điều khiển tốt hơn, dễ dàng hơn.<br />\n<br />\nMáy khoan động lực Keyang DMV-13K được phân phối chính hãng tại Dụng cụ cầm tay việt á. Chúng tôi cam kết chất lượng với giá cạnh tranh nhất thị trường cùng dịch vụ chăm sóc khách hàng chu đáo hậu mãi. Đến với chúng tôi Quý khách sẽ được trải nghiệm những sản phẩm tuyệt vời nhất<br />\n<br />\n<br />\n<br />\n<br />\n<br />\n<br />\n<br />\n<br />\n<br />\n<br />\n<br />\n<br />\n<br />\nTÍNH NĂNG VÀ THÔNG SỐ KỸ THUẬT<br />\nMáy khoan búa Keyang DMV-13K chính hãng Hàn Quốc<br />\n• Đường kính khoan tối đa:<br />\n– Sắt: 10mm<br />\n– Gỗ: 25mm<br />\n– Bê tông: 13mm<br />\n• Công suất: 650W<br />\n• Tốc độ không tải: 0-2.800 vòng/phút<br />\n• Tốc độ va đập: 0-44.800 vòng/phút<br />\n• Trọng lượng: 1.65kg<br />\n• Thương hiệu: Keyang<br />\n• Nhập khẩu: Hàn Quốc<br />\n• Bảo hành: 06 tháng', '​Máy khoan động lực Keyang DMV-13K chính hãng Hàn Quốc<br />\n• Đường kính khoan tối đa:<br />\n– Sắt: 10mm<br />\n– Gỗ: 25mm<br />\n– Bê tông: 13mm<br />\n• Công suất: 650W<br />\n• Tốc độ không tải: 0-2.800 vòng/phút<br />\n• Tốc độ va đập: 0-44.800 vòng/phút<br />\n• Trọng lượng: 1.65kg<br />\n• Thương hiệu: Keyang<br />\n• Nhập khẩu: Hàn Quốc', '', '', '', '', '', ''),
(162, 2, 'MÁY CẮT SẮT FERM 2.300W - 355MM - COM1007P', 'MÔ TẢ SẢN PHẨM<br />\nMáy cắt sắt FERM – COM1007P là sản phẩm chính hãng của FERM, được thiết kế chuyên dụng dùng để cắt sắt, giúp tiết kiệm thời gian và sức lao động, nhưng vẫn đảm bảo an toàn cao. Sản phẩm được sản xuất theo công nghệ hiện đại của Hà Lan, có độ chuẩn xác cao, đảm bảo mang đến hiệu quả công việc tối ưu, và thời gian sử dụng lâu dài.<br />\n<br />\n <br />\nMáy cắt sắt FERM 2.300W - 355mm - COM1007P<br />\nmáy cắt sắt ferm chính hãng<br />\nMáy cắt sắt FERM 2.300W - 355mm - COM1007P<br />\nmáy cắt sắt hà lan<br />\nMáy cắt sắt FERM 2.300W - 355mm - COM1007P<br />\nmáy cắt sắt chất lượng<br />\nMáy cắt sắt FERM 2.300W - 355mm - COM1007P<br />\nmáy cắt sắt nhập khẩu<br />\nMáy cắt sắt FERM 2.300W - 355mm - COM1007P<br />\nmáy cắt sắt loại tốt<br />\nMáy cắt sắt FERM 2.300W - 355mm - COM1007P<br />\nmáy cắt sắt tại hcm<br />\nMáy cắt sắt FERM 2.300W - 355mm - COM1007P<br />\n<br />\n Video máy cắt sắt ferm<br />\n<br />\nChinh phục khách hàng bằng mức giá hợp lí và chất lượng cực kì bền bỉ dù có làm dưới điều kiện khắc nghiệt đi chăng nữa. Máy cắt sắt FERM 2.300W - 355mm - COM1007P hoạt động dễ dàng ngay cả trên bề mặt không bằng phẳng nhờ thiết kế đế chân rộng và được bọc lớp cao su êm ái, giúp máy luôn hoạt động vững chắc trong mọi bề mặt.<br />\nỨng dụng:<br />\n<br />\n Máy cắt sắt FERM – COM1007P được dùng để cắt sắt, kim loại một cách nhanh chóng, cho đường cắt gọn đẹp mà không làm hư hại khu vực xung quanh vùng cắt.<br />\nSản phẩm có tính ứng dụng cao trong các ngành công nghiệp, cơ khí, xây dựng, sửa chữa...<br />\nƯu điểm nổi bật:<br />\n<br />\nMáy cắt sắt FERM – COM1007P sử dụng mô tơ mạnh mẽ với công suất lớn lên tới 2300W.<br />\nMáy có chế độ đề ba, ngăn không cho máy tự khởi động lại gây nguy hiểm cho người sử dụng sau khi mất điện, hoặc khi người sử dụng rút phích cắm ra mà quên tắt công tắc, giúp đảm bảo an toàn tối đa cho người sử dụng theo tiêu chuẩn sản xuất của Liên Minh Châu Âu, điều mà rất ít máy cắt trên thị trường có được.<br />\nMáy có hệ thống nắp bảo vệ chắc chắn, giúp bảo vệ máy tối đa và giảm rung hiệu quả, giúp máy hoạt động êm và kéo dài tuổi thọ, đảm bảo an toàn trong suốt quá trình làm việc.<br />\nMáy được thiết kế hệ thống lò xo hỗ trợ cho khả năng cắt dễ dàng.<br />\nMáy có thể thao tác tiện lợi hơn ngay cả trên các bề mặt không bằng phẳng nhờ thiết kế đế chân rộng và được bọc lớp cao su êm ái giúp máy luôn hoạt động vững chắc trên mọi bề mặt.<br />\nMáy có tay cầm nhỏ gọn, chống trượt, giảm rung, giúp giảm thiểu tình trạng mỏi tay ngay cả khi vận hành lâu. Nút công tắc được tích hợp ngay trên tay cầm rất tiện lợi. <br />\nMáy được thiết kế dây nguồn dài lên đến 4m, giúp người sử dụng máy tiện lợi ở những nơi cách xa nguồn điện.<br />\nNguyên tắc an toàn khi sử dụng máy cắt sắt <br />\n- Trong quá trình vận hành máy cắt sắt thường bắn ra những tia lửa nguy hiểm cho người thợ, do vậy khi sử dụng máy cắt sắt người dùng cần tuân thủ những nguyên tắc sau:<br />\n- Luôn mang theo đồ bảo hộ lao động cá nhân: găng tay, bịt tai, đặc biệt là kính mắt<br />\n- Đảm bảo máy được tắt khi di chuyển vị trí và cắm nguồn điện.<br />\n- Không sử dụng máy trong môi trường dễ cháy nổ.<br />\n- Không để máy gần nơi có nhiệt độ cao, dầu nhớt, vật nhọn hay bộ phận chuyển động<br />\nSử dụng máy cắt sắt để cắt kim loại theo các bước sau:<br />\n- Chỉnh góc muốn cắt.<br />\n- Kẹp chặt vật gia công sao cho phù hợp với kích thước của vật cần gia công.<br />\n- Cầm tay nắm và kéo xuống từ từ.<br />\n- Cắt vật gia công với lực gia tải đồng đều.<br />\n- Tắt máy và đợi đến khi đĩa cắt dừng lại hoàn toàn mới được di chuyển máy<br />\n<br />\n<br />\n<br />\n<br />\n<br />\n<br />\n<br />\n<br />\nTÍNH NĂNG VÀ THÔNG SỐ KỸ THUẬT<br />\nThương hiệu 	FERM<br />\nXuất xứ thương hiệu	Hà Lan<br />\nCông suất	2,300 W<br />\nNguồn điện	220V-240V~<br />\nTần suất	50Hz<br />\nTốc độ không tải	3,900 / phút<br />\nKích thước đĩa Ø	355mm <br />\nLỗ khoan đĩa Ø	25,4mm<br />\nTrọng lượng	19kg<br />\nCông suất cắt tối đa ở 	90 °<br />\nBảo hành	12 Tháng', 'TÍNH NĂNG VÀ THÔNG SỐ KỸ THUẬT<br />\nThương hiệu 	FERM<br />\nXuất xứ thương hiệu	Hà Lan<br />\nCông suất	2,300 W<br />\nNguồn điện	220V-240V~<br />\nTần suất	50Hz<br />\nTốc độ không tải	3,900 / phút<br />\nKích thước đĩa Ø	355mm <br />\nLỗ khoan đĩa Ø	25,4mm<br />\nTrọng lượng	19kg<br />\nCông suất cắt tối đa ở 	90 °<br />\nBảo hành	12 Tháng', '', '', '', '', '', ''),
(163, 2, 'MÁY MÀI GÓC FERM 2400W - 180MM - AGM1097P', 'Máy mài góc Ferm AGM1097P được người sử dụng tin dùng bởi những tính năng nổi bật như máy hoạt động khỏe khoắn, đem lại sự chính xác cao. Ngoài ra, máy còn có kết cấu nhỏ gọn, đem lại sự nhẹ nhàng, tiện dụng. Đây là sản phẩm có chất lượng tốt với giá thành rẻ.<br />\n<br />\nMáy mài góc FERM 2400W - 180mm - AGM1097P<br />\n<br />\nMáy mài góc FERM 2400W - 180mm<br />\n<br />\nCông dụng: <br />\n- Máy mài góc Ferm AGM1097P có thiết kế nhỏ gọn, cho khả năng mài nhanh và chính xác, gọn đẹp ,không làm hư hỏng vật liệu.<br />\n- Dễ dàng đáp ứng được nhu cầu sửa chữa từ gia dụng đến chuyên nghiệp.<br />\nMáy mài góc FERM 2400W - 180mm - AGM1097P<br />\nMáy mài góc FERM 2400W<br />\n<br />\n<br />\nĐặc trưng nổi bật:<br />\n- Động cơ có công suất cao đến 2400W giúp máy hoạt động mạnh mẽ.<br />\n- Máy mài góc Ferm AGM1097P được cấu tạo từ vật liệu hợp kim nhôm và nhựa cao cấp, cho kết cấu chắc chắn. Chịu được va đập và chịu nhiệt tốt khi sử dụng trong các điều kiện làm việc khắc nghiệt.<br />\n- Máy có độ rung thấp, có hệ thống làm mát trực tiếp , giảm thiểu tối đa tình trạng quá tải khi sử dụng liên tục.<br />\n- Được thiết kế tỉ mỉ, kết cấu chắc chắn, giúp bạn yên tâm sử dụng sản phẩm trong thời gian dài mà không lo hư hỏng.<br />\n- Hoạt động mạnh mẽ, chắc chắn.<br />\n- Thiết kế nhỏ gọn với trọng lượng chỉ 6.6kg, tiện lợi khi di chuyển.<br />\n- Tay cầm được thiết kế vừa tay và có độ nhám cao, đem lại cảm giác vừa chắc chắn, vừa êm tay.<br />\n- Có tác dụng chống trượt dù tay bị dính dầu nhớt, an toàn khi sử dụng.<br />\n <br />\nMáy mài góc FERM 2400W - 180mm - AGM1097P<br />\nMáy mài góc FERM<br />\nMáy mài góc FERM AGM1097P được phân phối chính hãng tại Dụng cụ cầm tay việt á. Chúng tôi cam kết chất lượng với giá cạnh tranh nhất thị trường cùng dịch vụ chăm sóc khách hàng chu đáo hậu mãi. Đến với chúng tôi Quý khách sẽ được trải nghiệm những sản phẩm tuyệt vời nhất<br />\n<br />\nCách bảo quản và sử dụng an toàn:<br />\n- Khuyến cáo sử dụng đồ bảo hộ khi đang sử dụng máy.<br />\n- Kiểm tra máy trước khi sử dụng để phòng trường hợp máy bị kẹt hay các bộ phận bị rạn nứt để bảo đảm an toàn cho người sử dụng.<br />\n- Sau khi sử dụng, người dùng cần làm sạch máy bằng cọ mềm hoặc dùng máy thổi gió để thổi sạch bụi trên máy thường xuyên và nên lắp đặt thêm thiết bị ngắt mạch tự động.<br />\n- Nên đưa máy đi kiểm tra định kì thường xuyên để kéo dài tuổi thọ cho máy.<br />\n<br />\n<br />\n<br />\n<br />\n<br />\n<br />\n<br />\n<br />\n<br />\n<br />\n<br />\n<br />\n<br />\n<br />\n<br />\n<br />\n<br />\n<br />\nTÍNH NĂNG VÀ THÔNG SỐ KỸ THUẬT<br />\nThương hiệu 	FERM<br />\nXuất xứ thương hiệu	Hà Lan<br />\nCông suất	2400W<br />\nNguồn điện	220-240 V~<br />\nTần suất	50 Hz<br />\nTốc độ không tải8	000/phút<br />\nĐường kính	180 mm<br />\nĐường ren trục chính	M14<br />\nTrọng lượng	6.6 Kg<br />\nBảo hành	6 tháng', 'Mã số	:	AGM1097P<br />\nHãng sản xuất	:	Hà Lan<br />\nBảo hành	:	6 tháng', '', '', '', '', '', ''),
(164, 2, 'Máy nén khí', '&lt;p&gt;Máy nén khí&lt;/p&gt;', '&lt;p&gt;Máy nén khí&lt;/p&gt;', '', '', '', '', '', ''),
(165, 2, 'Máy Khoan Vít Vạn Năng 45 Trong 1', '&lt;p&gt;&lt;strong&gt;Thiết kế tối ưu, gọn nhẹ trong bàn tay&lt;/strong&gt;&lt;br /&gt;\r\nĐiểm cuốn hút người sử dụng tin dùng &lt;strong&gt;sản phẩm tiện lợi&lt;/strong&gt; này chính là kiểu thiết kế tiện lợi, cầm chắc tay và không hề khó khăn trong việc sử dụng với nhiều ưu điểm:&lt;/p&gt;\r\n\r\n&lt;p&gt;&lt;a href=&quot;https://muasamthaga.vn/FileUploads/imgfile/bo-may-khoan-cam-tay-joust-max-10.jpg&quot; target=&quot;_blank&quot;&gt;&lt;img alt=&quot;Quá &amp;quot;hời&amp;quot; cho một thiết bị sửa chữa&quot; src=&quot;https://muasamthaga.vn/FileUploads/imgfile/bo-may-khoan-cam-tay-joust-max-10.jpg&quot; title=&quot;Quá &amp;quot;hời&amp;quot; cho một thiết bị sửa chữa&quot; /&gt;&lt;/a&gt;&lt;/p&gt;\r\n\r\n&lt;p&gt;&lt;em&gt;Quá &quot;hời&quot; cho một thiết bị sửa chữa&lt;/em&gt;&lt;/p&gt;\r\n\r\n&lt;p&gt;&lt;a href=&quot;https://muasamthaga.vn/FileUploads/imgfile/bo-may-khoan-mini-cam-tay-joust-max-45-in-1-sieu-tien-dung.jpg&quot; target=&quot;_blank&quot;&gt;&lt;img alt=&quot;Kích thước nhỏ gọn, tiện lợi sử dụng mọi lúc mọi nơi&quot; src=&quot;https://muasamthaga.vn/FileUploads/imgfile/bo-may-khoan-mini-cam-tay-joust-max-45-in-1-sieu-tien-dung.jpg&quot; title=&quot;Kích thước nhỏ gọn, tiện lợi sử dụng mọi lúc mọi nơi&quot; /&gt;&lt;/a&gt;&lt;/p&gt;\r\n\r\n&lt;p&gt;&lt;em&gt;Kích thước nhỏ gọn, tiện lợi sử dụng mọi lúc mọi nơi&lt;/em&gt;&lt;/p&gt;\r\n\r\n&lt;p&gt;&lt;a href=&quot;https://muasamthaga.vn/FileUploads/imgfile/31aac798684dc878dd6ca6fcabb42fb2.jpg&quot; target=&quot;_blank&quot;&gt;&lt;img alt=&quot;Các đầu mũi khoan được thiết kế phù hợp, dễ dàng thay đổi để sử dụng hợp lý&quot; src=&quot;https://muasamthaga.vn/FileUploads/imgfile/31aac798684dc878dd6ca6fcabb42fb2.jpg&quot; title=&quot;Các đầu mũi khoan được thiết kế phù hợp, dễ dàng thay đổi để sử dụng hợp lý&quot; /&gt;&lt;/a&gt;&lt;/p&gt;\r\n\r\n&lt;p&gt;&lt;em&gt;Các đầu mũi khoan được thiết kế phù hợp, dễ dàng thay đổi để sử dụng hợp lý&lt;/em&gt;&lt;/p&gt;\r\n\r\n&lt;p&gt;&lt;a href=&quot;https://muasamthaga.vn/FileUploads/imgfile/bo-may-khoan-bat-vit-sac-pin-joust-max-4-8v-tang-kem-bo-dung-cu-45-chi-tiet-4-510x578(2).jpg&quot; target=&quot;_blank&quot;&gt;&lt;img alt=&quot;Tốc độ xoay lên đến 180 vòng/phút&quot; src=&quot;https://muasamthaga.vn/FileUploads/imgfile/bo-may-khoan-bat-vit-sac-pin-joust-max-4-8v-tang-kem-bo-dung-cu-45-chi-tiet-4-510x578(2).jpg&quot; title=&quot;Tốc độ xoay lên đến 180 vòng/phút&quot; /&gt;&lt;/a&gt;&lt;/p&gt;\r\n\r\n&lt;p&gt;&lt;em&gt;Tốc độ xoay lên đến 180 vòng/phút&lt;/em&gt;&lt;/p&gt;\r\n\r\n&lt;p&gt;&lt;strong&gt; Chất liệu cao cấp, chắc chắn và sử dụng lâu dài&lt;/strong&gt;&lt;br /&gt;\r\n&lt;br /&gt;\r\n- Được làm bằng chất liệu cao cấp, không bị hoen ố, gỉ sét trong suốt quá trình sử dụng, máy khoan vít vạn năng Mỹ luôn &lt;strong&gt;được đánh giá cao&lt;/strong&gt; về cả thẩm mỹ lẫn chất lượng.&lt;/p&gt;\r\n\r\n&lt;p&gt;&lt;a href=&quot;https://muasamthaga.vn/FileUploads/imgfile/bo_may_khoan_cam_tay_sac_pin_45_chi_tiet_joust_max_hotdeal_khuyenmaigiare_9_1463156212(1).jpg&quot; target=&quot;_blank&quot;&gt;&lt;img alt=&quot;Tay cầm được làm từ cao su cách điện, an toàn khi sử dụng&quot; src=&quot;https://muasamthaga.vn/FileUploads/imgfile/bo_may_khoan_cam_tay_sac_pin_45_chi_tiet_joust_max_hotdeal_khuyenmaigiare_9_1463156212(1).jpg&quot; title=&quot;Tay cầm được làm từ cao su cách điện, an toàn khi sử dụng&quot; /&gt;&lt;/a&gt;&lt;/p&gt;\r\n\r\n&lt;p&gt;&lt;em&gt;Tay cầm được làm từ cao su cách điện, an toàn khi sử dụng&lt;/em&gt;&lt;/p&gt;\r\n\r\n&lt;p&gt;&lt;a href=&quot;https://muasamthaga.vn/FileUploads/imgfile/18260_1728010157447518_4273926754953753450_n(2).jpg&quot; target=&quot;_blank&quot;&gt;&lt;img alt=&quot;Chất liệu sáng bóng, đẹp mắt, hạn chế tối đa quá trình oxy hóa với môi trường bên ngoài&quot; src=&quot;https://muasamthaga.vn/FileUploads/imgfile/18260_1728010157447518_4273926754953753450_n(2).jpg&quot; title=&quot;Chất liệu sáng bóng, đẹp mắt, hạn chế tối đa quá trình oxy hóa với môi trường bên ngoài&quot; /&gt;&lt;/a&gt;&lt;/p&gt;\r\n\r\n&lt;p&gt;&lt;em&gt;Chất liệu sáng bóng, đẹp mắt, hạn chế tối đa quá trình oxy hóa với môi trường bên ngoài&lt;/em&gt;&lt;/p&gt;\r\n\r\n&lt;p&gt;&lt;strong&gt;Chi tiết từng bộ phận&lt;/strong&gt;&lt;/p&gt;\r\n\r\n&lt;p&gt;&lt;a href=&quot;https://quadep.vn/FileUploads/imgfile/bo-may-khoan-bat-vit-sac-pin-joust-max-4-8v-tang-kem-bo-dung-cu-45-chi-tiet-3(1).jpg&quot; target=&quot;_blank&quot;&gt;&lt;img alt=&quot;Chi tiết từng bộ phận&quot; src=&quot;https://muasamthaga.vn/FileUploads/imgfile/bo-may-khoan-bat-vit-sac-pin-joust-max-4-8v-tang-kem-bo-dung-cu-45-chi-tiet-3(1).jpg&quot; title=&quot;Chi tiết từng bộ phận&quot; /&gt;&lt;/a&gt;&lt;/p&gt;\r\n\r\n&lt;p&gt;&lt;em&gt;Chi tiết từng bộ phận&lt;/em&gt;&lt;/p&gt;\r\n\r\n&lt;p&gt;&lt;a href=&quot;https://quadep.vn/FileUploads/imgfile/61JtX4ltWKL._AC_SL1000_.jpg&quot; target=&quot;_blank&quot;&gt;&lt;img alt=&quot;Tổng quan về 45 chi tiết của bộ sản phẩm&quot; src=&quot;https://muasamthaga.vn/FileUploads/imgfile/61JtX4ltWKL._AC_SL1000_.jpg&quot; title=&quot;Tổng quan về 45 chi tiết của bộ sản phẩm&quot; /&gt;&lt;/a&gt;&lt;/p&gt;\r\n\r\n&lt;p&gt;&lt;em&gt;Tổng quan về 45 chi tiết của bộ sản phẩm&lt;/em&gt;&lt;/p&gt;\r\n\r\n&lt;p&gt;&lt;em&gt;&lt;a href=&quot;https://quadep.vn/FileUploads/imgfile/bo-may-khoan-bat-vit-sac-pin-joust-max-4-8v-tang-kem-bo-dung-cu-45-chi-tiet-9(1).jpg&quot; target=&quot;_blank&quot;&gt;&lt;img alt=&quot;Mua 1 được 45 chi tiết thay thế&quot; src=&quot;https://muasamthaga.vn/FileUploads/imgfile/bo-may-khoan-bat-vit-sac-pin-joust-max-4-8v-tang-kem-bo-dung-cu-45-chi-tiet-9(1).jpg&quot; title=&quot;Mua 1 được 45 chi tiết thay thế&quot; /&gt;&lt;/a&gt;&lt;/em&gt;&lt;/p&gt;', '&lt;p&gt;- Thiết kế hiện đại với khả năng xoay 180 độ.&lt;br /&gt;\r\n- Trang bị đèn Led hỗ trợ chiếu sáng trong mọi môi trường.&lt;br /&gt;\r\n- Sử dụng được ngay cả ở những không gian chật hẹp.&lt;br /&gt;\r\n- Tiện lợi, dễ sử dụng và tiết kiệm chi phí tối đa hơn 60%.&lt;/p&gt;', '', '', '', '', '', ''),
(166, 2, 'Súng Rút Đinh Rive Hơi Top  PAV-00007', '&lt;p&gt;Xuất xứ: Đài Loan&lt;/p&gt;\r\n\r\n&lt;p&gt;Chất liệu: hợp kim nhôm cứng nguyên khối, đảm bảo kín hơi&lt;/p&gt;\r\n\r\n&lt;p&gt;Các linh kiện bên trong đều được chế tạo từ nguyên liệu cao cấp&lt;/p&gt;\r\n\r\n&lt;p&gt;Thiết kế vừa tay cầm, chuyên dụng&lt;/p&gt;\r\n\r\n&lt;p&gt;Hoạt động bằng hơi: 90psi (6.3kg/cm3)&lt;/p&gt;\r\n\r\n&lt;p&gt;Quy cách đinh rive: 2.4, 3.2, 4.0, 4.8mm&lt;/p&gt;\r\n\r\n&lt;p&gt;Chiều cao tổng thể: 265mm&lt;/p&gt;\r\n\r\n&lt;p&gt;Chiều dài tổng thể: 170mm&lt;/p&gt;\r\n\r\n&lt;p&gt;Trọng lượng: 1.48 kgs&lt;/p&gt;\r\n\r\n&lt;p&gt;Công dụng: rút tán đinh rive nhôm và inox&lt;/p&gt;\r\n\r\n&lt;p&gt;Súng rút tán đinh Rive bằng hơi thương hiệu TOP được sản xuất tại Đài Loan, trên dây truyền công nghệ châu Âu, vì vậy đảm bảo được chất lượng định lâu dài.&lt;/p&gt;\r\n\r\n&lt;p&gt;            Thân súng được chế tạo bằng hợp kim nhôm cứng, nhẹ, đúc nguyên khối, đảm bảo hơi không bị rò gỉ ra ngoài.&lt;/p&gt;\r\n\r\n&lt;p&gt;            Phần quan trọng nhất của sản phẩm là bộ nhíp rút đinh, được chế tạo từ thép CR-V cao cấp, có độ cứng cao.&lt;/p&gt;\r\n\r\n&lt;p&gt;            Sản phẩm hoạt động được nhờ vào sự kết hợp giữa lực nén hơi và dầu máy trong sản phẩm, 2 yếu tố này kết hợp với nhau tạo thành 1 lực nén lớn để phần cốt rút đinh hoạt động 1 cách nhịp nhàng và nhanh chóng, giúp người dùng thao tác nhanh hơn các loại sản phẩm thông thường.&lt;/p&gt;\r\n\r\n&lt;p&gt;            Lưu ý:&lt;/p&gt;\r\n\r\n&lt;ul&gt;\r\n	&lt;li&gt;Để sản phẩm hoạt động nhịp nhàng, có độ bền cao, nên thay hoặc thêm dầu máy chuyên dụng vào bên trong bầu chứa&lt;/li&gt;\r\n&lt;/ul&gt;', '&lt;p&gt;Thương hiệu:TOP&lt;/p&gt;\r\n\r\n&lt;p&gt;Mã sản phẩm: PAV-00007&lt;/p&gt;\r\n\r\n&lt;p&gt;Xuất xứ:Đài Loan&lt;/p&gt;\r\n\r\n&lt;p&gt;Bảo hành:6 Tháng&lt;/p&gt;\r\n\r\n&lt;p&gt;Mô tả:&lt;/p&gt;\r\n\r\n&lt;p&gt;Súng Rút Đinh Rive Hơi Top  PAV-00007&lt;/p&gt;', '', '', '', '', '', ''),
(167, 2, 'Dụng cụ cắt ống đồng 3-32mm WORKPRO W101004', '&lt;p&gt;&lt;strong&gt;Dụng cụ cắt ống đồng 3-32mm WORKPRO W101004&lt;/strong&gt;  là chuyên cắt ống đồng, tuy nhiên vẫn có khả năng cắt các loại ống nhôm, ông inox mỏng.&lt;/p&gt;\r\n\r\n&lt;p&gt;Có lưỡi dao làm bằng chất liệu thép chống gỉ, cứng và bền, cho thời gian sử dụng lâu dài. Vỏ ngoài bằng hợp kim nhôm tạo sự chắc chắn, chống cong vênh và gỉ sét.&lt;/p&gt;\r\n\r\n&lt;p&gt;&lt;a href=&quot;https://www.tatmart.com/dao-keo-cua&quot;&gt;&lt;em&gt;Dụng cụ cắt ống đồng Workpro&lt;/em&gt;&lt;/a&gt; có thiết kế con lăn giúp lưỡi dao luôn vuông góc với ống tạo ra bề mặt nhẵn. Lưỡi dao có độ cứng cao, lâu mòn, dễ dàng thay thế khi cần thiết.&lt;/p&gt;\r\n\r\n&lt;p&gt;Dao được thiết kế gọn nhẹ, vật liệu chống ăn mòn giúp tăng thời gian sử dụng cho sản phẩm. Thao tác dễ dàng, và nhanh chóng, trung bình 1 thao tác cắt chỉ mất 30’s, khả năng cắt: 1/8-1-1/4inches (3-32mm).&lt;/p&gt;\r\n\r\n&lt;p&gt;Kiểu dáng nhỏ gọn, không chiếm nhiều diện tích khi mang theo sử dụng cũng như dễ dàng bảo quản, cất giữ gọn gàng.&lt;/p&gt;\r\n\r\n&lt;p&gt;&lt;img alt=&quot;Dụng cụ cắt ống đồng 3-32mm WORKPRO W101004&quot; data-id=&quot;202012/dung-cu-uon-ong-dong-3-32mm-workpro-w101004-601927.jpg&quot; data-name=&quot;202012/dung-cu-uon-ong-dong-3-32mm-workpro-w101004-601927.jpg&quot; data-response=&quot;true&quot; data-tag=&quot;&quot; data-thumb=&quot;/upload/content/thumb/202012/dung-cu-uon-ong-dong-3-32mm-workpro-w101004-601927.jpg&quot; data-type=&quot;image&quot; src=&quot;https://www.tatmart.com/upload/content/202012/dung-cu-uon-ong-dong-3-32mm-workpro-w101004-601927.jpg&quot; /&gt;&lt;/p&gt;\r\n\r\n&lt;p&gt;&lt;em&gt;Dụng cụ cắt ống đồng Workpro phủ sơn xanh vừa chống trơn, thẩm mỹ cao&lt;/em&gt;&lt;/p&gt;\r\n\r\n&lt;h4&gt;&lt;strong&gt;Thông số kỹ thuật&lt;/strong&gt;&lt;/h4&gt;\r\n\r\n&lt;ul&gt;\r\n	&lt;li&gt;Mã sản phẩm: W101004&lt;/li&gt;\r\n	&lt;li&gt;Thương hiệu: Workpro&lt;/li&gt;\r\n	&lt;li&gt;Xuất xứ: ShangHai&lt;/li&gt;\r\n	&lt;li&gt;Chất liệu: Thép hợp kim&lt;/li&gt;\r\n	&lt;li&gt;Kích thước: 1/8-1-1/4inches (3-32mm)&lt;/li&gt;\r\n	&lt;li&gt;Màu sắc: Xanh-đen&lt;/li&gt;\r\n&lt;/ul&gt;', '&lt;ul&gt;\r\n	&lt;li&gt;Mã sản phẩm: W101004&lt;/li&gt;\r\n	&lt;li&gt;Thương hiệu: Workpro&lt;/li&gt;\r\n	&lt;li&gt;Xuất xứ: ShangHai&lt;/li&gt;\r\n	&lt;li&gt;Chất liệu: Thép hợp kim&lt;/li&gt;\r\n	&lt;li&gt;Kích thước: 1/8-1-1/4inches (3-32mm)&lt;/li&gt;\r\n	&lt;li&gt;Màu sắc: Xanh-đen&lt;/li&gt;\r\n&lt;/ul&gt;', '', '', '', '', '', ''),
(168, 2, 'Kềm bấm rive nhôm Tolsen 43001', '&lt;p&gt;&lt;strong&gt;Đặc điểm của kềm bấm rive nhôm Tolsen 43001&lt;/strong&gt;&lt;/p&gt;\r\n\r\n&lt;p&gt;&lt;strong&gt;Kềm bấm rive nhôm Tolsen 43001 &lt;/strong&gt;được chế tạo từ chất liệu hợp kim thép cứng chắc, đây là một trong những loại hợp kim cao cấp nhất trong các loại hợp kim nên cực kỳ sáng bóng và bền bỉ.&lt;/p&gt;\r\n\r\n&lt;p&gt;Bên cạnh đó, kềm có khả năng chống gỉ sét rất tốt, không phải chịu sự oxi hóa của môi trường bên ngoài cho dù phải bắt buộc thường xuyên tiếp xúc với những điều kiện ẩm ướt, mang lại độ bền lâu cho sản phẩm.&lt;/p&gt;\r\n\r\n&lt;p&gt;Thiết kế đặc biệt với 4 kim bấm có quy cách và các kích thước khác nhau lần lượt từ 2.4 mm (3/32&quot;),  3.2 mm (1/8&quot;) cho đến 4 mm (5/32&quot;) và 4.8 mm (3/16&quot;) giúp bạn có thể thay đổi tùy theo yêu cầu công việc để bấm rive hoặc rút các loại đinh có hệ quy cách tương ứng từ đó hiệu quả công việc càng được tăng cao.&lt;/p&gt;\r\n\r\n&lt;p&gt;Đặc biệt, kềm có thể bấm được cả đinh nhôm và đinh inox, chỉ với một chiếc kìm đa năng giúp bạn tiết kiệm chi phí thay mới, không phải trang bị nhiều loại kìm khác nhau.&lt;/p&gt;\r\n\r\n&lt;p&gt;Tay cầm được thiết kế tương đối vừa vặn, bên ngoài được xử lý Ergonomic với TPR chống trơn trượt, tạo nên sự chắc chắn, an toàn, giúp bạn dễ dàng cầm nắm và thao tác cũng trở nên đơn giản, nhanh chóng hơn.&lt;/p&gt;\r\n\r\n&lt;p&gt;&lt;img alt=&quot;Kềm bấm rive nhôm Tolsen 43001&quot; data-id=&quot;202002/tolsen-43001-388923.jpg&quot; data-name=&quot;202002/tolsen-43001-388923.jpg&quot; data-response=&quot;true&quot; data-tag=&quot;&quot; data-thumb=&quot;/upload/content/thumb/202002/tolsen-43001-388923.jpg&quot; data-type=&quot;image&quot; src=&quot;https://www.tatmart.com/upload/content/202002/tolsen-43001-388923.jpg&quot; /&gt;&lt;/p&gt;\r\n\r\n&lt;p&gt;&lt;em&gt;Kềm bấm rive nhôm Tolsen 43001&lt;/em&gt;&lt;/p&gt;\r\n\r\n&lt;p&gt;&lt;strong&gt;Thông số kỹ thuật:&lt;/strong&gt;&lt;/p&gt;\r\n\r\n&lt;ul&gt;\r\n	&lt;li&gt;Thương hiệu: Tolsen&lt;/li&gt;\r\n	&lt;li&gt;Xuất xứ: Trung Quốc&lt;/li&gt;\r\n	&lt;li&gt;Model: 43001&lt;/li&gt;\r\n	&lt;li&gt;Chất liệu: Hợp kim thép cứng&lt;/li&gt;\r\n	&lt;li&gt;Kích thước: 190mm/8\'\'&lt;/li&gt;\r\n	&lt;li&gt;Trọng lượng: 0.48 kg&lt;/li&gt;\r\n	&lt;li&gt;Thiết kế 4 đầu mũi với 4 kích cỡ khác nhau: 2.4 mm, 3.2 mm, 4 mm, 4.8 mm&lt;/li&gt;\r\n&lt;/ul&gt;\r\n\r\n&lt;p&gt;&lt;strong&gt;Ứng dụng của kềm bấm rive nhôm Tolsen 43001&lt;/strong&gt;&lt;/p&gt;\r\n\r\n&lt;p&gt;&lt;strong&gt;Kềm bấm rive nhôm Tolsen 43001&lt;/strong&gt;&lt;strong&gt; &lt;/strong&gt;có khả năng ứng dụng cao vì có thể sử dụng trong nhiều lĩnh vực, công việc của đời sống từ sữa chữa thiết bị, vật dụng cơ khí cho đến công nghiệp hay xây dựng,…&lt;/p&gt;\r\n\r\n&lt;p&gt;Bên cạnh đó, &lt;em&gt;kềm Tolsen 43001 &lt;/em&gt;cho thao tác sử dụng đơn giản, tiện dụng nên người tiêu dùng không nhất thiết phải có trình độ cao vẫn có thể dễ dàng thực hiện công việc.&lt;/p&gt;\r\n\r\n&lt;p&gt;Được trang bị thêm móc khóa an toàn nên kềm vừa giúp đảm bảo được độ chính xác cho công việc vừa tránh được những sai xót cũng như nguy hiểm trong quá trình thi công.&lt;/p&gt;\r\n\r\n&lt;p&gt;Chiều dài tiêu chuẩn, trọng lượng nhẹ nên thuận lợi cho việc mang kềm theo khi cần thiết cũng như cất giữ bảo quản khi không sử dụng.&lt;/p&gt;\r\n\r\n&lt;p&gt;&lt;img alt=&quot;Kềm bấm rive nhôm Tolsen 43001&quot; data-id=&quot;202002/tolsen-43001-1-265086.jpg&quot; data-name=&quot;202002/tolsen-43001-1-265086.jpg&quot; data-response=&quot;true&quot; data-tag=&quot;&quot; data-thumb=&quot;/upload/content/thumb/202002/tolsen-43001-1-265086.jpg&quot; data-type=&quot;image&quot; src=&quot;https://www.tatmart.com/upload/content/202002/tolsen-43001-1-265086.jpg&quot; /&gt;&lt;/p&gt;\r\n\r\n&lt;p&gt;&lt;em&gt;Kềm bấm rive nhôm, sắt, inox 800mm Tolsen 43100&lt;/em&gt;&lt;em&gt; cầm nắm vừa tay&lt;/em&gt;&lt;/p&gt;\r\n\r\n&lt;p&gt;&lt;strong&gt;Kềm bấm rive nhôm Tolsen 43001&lt;/strong&gt; là một sản phẩm thuộc thương hiệu Tolsen. Thương hiệu TOLSEN vốn nổi tiếng ở Châu Âu trong lĩnh vực sản xuất dụng cụ cầm tay, các sản phẩm của hãng được sử dụng rộng rãi tại nhiều nước trên thế giới bao gồm cả Bắc Mỹ, Châu Mỹ La Tinh, Trung Đông,... Ngoài ra, Tolsen còn rất nổi tiếng trong những lĩnh vực: dụng cụ cơ khí, vật dụng PPE, dụng cụ chuyên dụng cho ngành điện, vật dụng đo lường, túi đựng chuyên dụng...&lt;/p&gt;', '&lt;ul&gt;\r\n	&lt;li&gt;Thiết kế 4 đầu mũi với 4 kích cỡ khác nhau: 2.4 mm, 3.2 mm, 4 mm, 4.8 mm.&lt;/li&gt;\r\n	&lt;li&gt;Được tinh luyện từ hợp kim thép cứng, chắc, cao cấp.&lt;/li&gt;\r\n	&lt;li&gt;Mũi kìm có thể dễ dàng thay đổi.&lt;/li&gt;\r\n	&lt;li&gt;Tay cầm được bọc nhựa chống trơn.&lt;/li&gt;\r\n	&lt;li&gt;Được trang bị thêm móc khóa an toàn.&lt;/li&gt;\r\n	&lt;li&gt;Xử lý Ergonomic với TPR thoải mái cầm nắm.&lt;/li&gt;\r\n	&lt;li&gt;Chiều cao làm việc tối đa: 7 mm (có thể điều chỉnh).&lt;/li&gt;\r\n	&lt;li&gt;Có thể bấm được cả đinh nhôm và đinh inox.&lt;/li&gt;\r\n&lt;/ul&gt;', '', '', '', '', '', ''),
(169, 2, 'Hít kính ba 75kg Tolsen 62663', '&lt;p&gt;&lt;strong&gt;Hít kính ba 75kg Tolsen 62663 &lt;/strong&gt;được sản xuất theo quy trình công nghệ tiên tiến đem đến cho bạn một sản phẩm có chất lượng tuyệt vời, với khả năng hoạt động ổn định và sự bền vững theo thời gian. Sản phẩm chuyên dùng để hút vào các bề mặt kính để leo, vệ sinh mặt kính. Đây là thiết bị thường thấy ở các công trình bằng kính như nhà chọc trời, cao ốc,...&lt;/p&gt;\r\n\r\n&lt;p&gt;&lt;strong&gt;Đặc điểm nổi bật của hít kính ba 75kg Tolsen 62663&lt;/strong&gt;&lt;/p&gt;\r\n\r\n&lt;p&gt;&lt;em&gt;Hít kính ba Tolsen 62663&lt;/em&gt; sẽ giúp bạn thực hiện các thao tác công việc cực kỳ nhanh gọn, hiệu quả cũng như giúp bạn tiết kiệm hàng giờ đồng hồ với độ bền và chất lượng vượt trội.&lt;/p&gt;\r\n\r\n&lt;p&gt;Với phần tay cầm với thiết kế vừa vặn, &lt;em&gt;hít kính Tolsen 62663&lt;/em&gt; có thể tác dụng lực dễ dàng. Bề mặt bên ngoài được phun một lớp sơn kim loại có tác dụng chống oxy hóa và các tác nhân gây ăn mòn.&lt;/p&gt;\r\n\r\n&lt;p&gt;Bề mặt miếng hít của &lt;em&gt;hít kính ba Tolsen 62663&lt;/em&gt; được làm từ cao su tự nhiên giúp cho quá trình hít kính được lâu hơn, bám chắc được với kính hơn.&lt;/p&gt;\r\n\r\n&lt;p&gt;Trọng lượng hút được lên đến 75 Kg đáp ứng được các nhu cầu công việc của người tiêu dùng. Vì là &lt;em&gt;sản phẩm hít kinh ba Tolsen 62663&lt;/em&gt;&lt;strong&gt; &lt;/strong&gt;sử dụng chất liệu nhôm hợp kim nên có được cường độ cao, đúc liền khối mang đến độ bền cao và chắc chắn cho sản phẩm.&lt;/p&gt;\r\n\r\n&lt;p&gt;Được thiết kế theo những tiêu chuẩn của quốc tế nên sẽ tạo được cho người dùng cảm giác thoải mái khi cầm dụng cụ, không bị đau tay, thao tác cũng trở nên nhanh hơn, chính xác hơn cũng như đạt được kết quả công việc như mong muốn mà không cần tiêu tốn quá nhiều công sức và thời gian.&lt;/p&gt;\r\n\r\n&lt;p&gt;Dựa theo lực hút chân không, dễ dàng giúp bạn bám và nhấc các sản phẩm với bề mặt nhẵn, đặc biệt thích hợp với nâng và giữ kính. Chỉ cần gạt tay gạt, mặt cao su sẽ tạo chân không làm cho tấm vật liệu và mặt cao su hút chặt vào nhau&lt;/p&gt;\r\n\r\n&lt;p&gt;&lt;u&gt;&lt;strong&gt;Lưu ý:&lt;/strong&gt;&lt;/u&gt;&lt;/p&gt;\r\n\r\n&lt;ul&gt;\r\n	&lt;li&gt;Làm sạch bề mặt vật dụng trước khi sử dụng&lt;/li&gt;\r\n	&lt;li&gt;Tay hít kính 2 chấu hút mạnh mẽ trên vật thể có bề mặt khô và sạch&lt;/li&gt;\r\n	&lt;li&gt;Tránh để sản phẩm ngoài nắng khi không sử dụng đến&lt;/li&gt;\r\n&lt;/ul&gt;\r\n\r\n&lt;p&gt;&lt;img alt=&quot;hít kính ba 75kg Tolsen 62663&quot; data-id=&quot;202002/hit-kinh-3-chan-tolsen-62663-760556.jpg&quot; data-name=&quot;202002/hit-kinh-3-chan-tolsen-62663-760556.jpg&quot; data-response=&quot;true&quot; data-tag=&quot;&quot; data-thumb=&quot;/upload/content/thumb/202002/hit-kinh-3-chan-tolsen-62663-760556.jpg&quot; data-type=&quot;image&quot; src=&quot;https://www.tatmart.com/upload/content/202002/hit-kinh-3-chan-tolsen-62663-760556.jpg&quot; /&gt;&lt;/p&gt;\r\n\r\n&lt;p&gt;&lt;em&gt;Hít kính ba 75kg Tolsen 62663 thiết kế chắc chắn, ứng dụng rộng rãi&lt;/em&gt;&lt;/p&gt;\r\n\r\n&lt;p&gt;&lt;strong&gt;THÔNG SỐ KỸ THUẬT &lt;/strong&gt;&lt;/p&gt;\r\n\r\n&lt;ul&gt;\r\n	&lt;li&gt;Mã sản phẩm: 62663&lt;/li&gt;\r\n	&lt;li&gt;Thương hiệu: Tolsen &lt;/li&gt;\r\n	&lt;li&gt;Xuất xứ: Trung Quốc &lt;/li&gt;\r\n	&lt;li&gt;Lực bám: 75  Kg&lt;/li&gt;\r\n	&lt;li&gt;Đường kính có kích thước: 123 mm, 4.84 inch&lt;/li&gt;\r\n	&lt;li&gt;Kiểu dáng:  3 chân &lt;/li&gt;\r\n	&lt;li&gt;Màu sắc: Vàng đen&lt;/li&gt;\r\n&lt;/ul&gt;', '&lt;ul&gt;\r\n	&lt;li&gt;Được phủ bên ngoài một lớp sơn kim loại.&lt;/li&gt;\r\n	&lt;li&gt;Sử dụng miếng lót cao su thiên nhiên&lt;/li&gt;\r\n	&lt;li&gt;Có trang bị thêm khóa an toàn.&lt;/li&gt;\r\n	&lt;li&gt;Tay cầm được thiết kế vừa vặn với công việc cầm nắm&lt;/li&gt;\r\n&lt;/ul&gt;', '', '', '', '', '', ''),
(170, 2, 'Súng bắn đinh cuộn Makita AN902', '&lt;table border=&quot;&quot; cellpadding=&quot;0&quot; cellspacing=&quot;0&quot; width=&quot;&quot;&gt;\r\n	&lt;tbody&gt;\r\n		&lt;tr height=&quot;17&quot;&gt;\r\n			&lt;td height=&quot;17&quot;&gt;Đường kính đinh&lt;/td&gt;\r\n			&lt;td&gt;Ø2.5 - Ø3.8mm&lt;/td&gt;\r\n		&lt;/tr&gt;\r\n		&lt;tr height=&quot;17&quot;&gt;\r\n			&lt;td height=&quot;17&quot;&gt;Chiều dài đinh&lt;/td&gt;\r\n			&lt;td&gt;45 - 90 mm&lt;/td&gt;\r\n		&lt;/tr&gt;\r\n		&lt;tr height=&quot;17&quot;&gt;\r\n			&lt;td height=&quot;17&quot;&gt;Khả năng chứa đinh&lt;/td&gt;\r\n			&lt;td&gt;150 - 300 đinh&lt;/td&gt;\r\n		&lt;/tr&gt;\r\n		&lt;tr height=&quot;17&quot;&gt;\r\n			&lt;td height=&quot;17&quot;&gt;Áp suất làm việc&lt;/td&gt;\r\n			&lt;td&gt;0.49 - 0.83 Mpa&lt;/td&gt;\r\n		&lt;/tr&gt;\r\n		&lt;tr height=&quot;17&quot;&gt;\r\n			&lt;td height=&quot;17&quot;&gt;Kích thước&lt;/td&gt;\r\n			&lt;td&gt;318x128x378mm&lt;/td&gt;\r\n		&lt;/tr&gt;\r\n		&lt;tr height=&quot;17&quot;&gt;\r\n			&lt;td height=&quot;17&quot;&gt;Trọng lượng&lt;/td&gt;\r\n			&lt;td&gt;3.5 Kg&lt;/td&gt;\r\n		&lt;/tr&gt;\r\n		&lt;tr height=&quot;17&quot;&gt;\r\n			&lt;td height=&quot;17&quot;&gt;Phụ kiện theo máy: &lt;/td&gt;\r\n			&lt;td&gt;Dầu bôi trơn, khóa lục giác, &lt;/td&gt;\r\n		&lt;/tr&gt;\r\n		&lt;tr height=&quot;17&quot;&gt;\r\n			&lt;td height=&quot;17&quot;&gt; &lt;/td&gt;\r\n			&lt;td&gt;kính bảo hộ&lt;/td&gt;\r\n		&lt;/tr&gt;\r\n		&lt;tr height=&quot;17&quot;&gt;\r\n			&lt;td height=&quot;17&quot;&gt;Hãng Sản Xuất&lt;/td&gt;\r\n			&lt;td&gt;Makita&lt;/td&gt;\r\n		&lt;/tr&gt;\r\n		&lt;tr height=&quot;17&quot;&gt;\r\n			&lt;td height=&quot;17&quot;&gt;Xuất xứ&lt;/td&gt;\r\n			&lt;td&gt;Đài Loan&lt;/td&gt;\r\n		&lt;/tr&gt;\r\n		&lt;tr height=&quot;17&quot;&gt;\r\n			&lt;td height=&quot;17&quot;&gt;Bảo hành&lt;/td&gt;\r\n			&lt;td&gt;6 Tháng&lt;/td&gt;\r\n		&lt;/tr&gt;\r\n	&lt;/tbody&gt;\r\n&lt;/table&gt;', '&lt;p&gt;&lt;label&gt;&lt;b&gt;Bảo hành:&lt;/b&gt;&lt;/label&gt;&lt;label&gt;&lt;em&gt;6 Tháng&lt;/em&gt;&lt;/label&gt;&lt;/p&gt;\r\n\r\n&lt;p&gt;&lt;label&gt;&lt;b&gt;Trạng thái:&lt;/b&gt;&lt;/label&gt;&lt;label&gt;&lt;em&gt;Hàng mới&lt;/em&gt;&lt;/label&gt;&lt;/p&gt;', '', '', '', '', '', ''),
(171, 2, 'Súng bắn đinh thẳng Makita AF201Z', '&lt;table border=&quot;&quot; cellpadding=&quot;0&quot; cellspacing=&quot;0&quot; width=&quot;&quot;&gt;\r\n	&lt;tbody&gt;\r\n		&lt;tr height=&quot;17&quot;&gt;\r\n			&lt;td height=&quot;17&quot;&gt;Chiều dài đinh&lt;/td&gt;\r\n			&lt;td&gt;12-25 mm&lt;/td&gt;\r\n		&lt;/tr&gt;\r\n		&lt;tr height=&quot;17&quot;&gt;\r\n			&lt;td height=&quot;17&quot;&gt;Khả năng chứa đinh&lt;/td&gt;\r\n			&lt;td&gt;100 đinh&lt;/td&gt;\r\n		&lt;/tr&gt;\r\n		&lt;tr height=&quot;17&quot;&gt;\r\n			&lt;td height=&quot;17&quot;&gt;Áp suất làm việc&lt;/td&gt;\r\n			&lt;td&gt;0.44 - 0.86 Mpa&lt;/td&gt;\r\n		&lt;/tr&gt;\r\n		&lt;tr height=&quot;17&quot;&gt;\r\n			&lt;td height=&quot;17&quot;&gt;Kích thước&lt;/td&gt;\r\n			&lt;td&gt;240x45x170mm&lt;/td&gt;\r\n		&lt;/tr&gt;\r\n		&lt;tr height=&quot;17&quot;&gt;\r\n			&lt;td height=&quot;17&quot;&gt;Trọng lượng&lt;/td&gt;\r\n			&lt;td&gt;0.9 Kg&lt;/td&gt;\r\n		&lt;/tr&gt;\r\n		&lt;tr height=&quot;17&quot;&gt;\r\n			&lt;td height=&quot;17&quot;&gt;Phụ kiện theo máy: &lt;/td&gt;\r\n			&lt;td&gt;Dầu bôi trơn, khóa lục giác, &lt;/td&gt;\r\n		&lt;/tr&gt;\r\n		&lt;tr height=&quot;17&quot;&gt;\r\n			&lt;td height=&quot;17&quot;&gt;Hãng Sản Xuất&lt;/td&gt;\r\n			&lt;td&gt;Makita&lt;/td&gt;\r\n		&lt;/tr&gt;\r\n		&lt;tr height=&quot;17&quot;&gt;\r\n			&lt;td height=&quot;17&quot;&gt;Xuất xứ&lt;/td&gt;\r\n			&lt;td&gt;Đài Loan&lt;/td&gt;\r\n		&lt;/tr&gt;\r\n		&lt;tr height=&quot;17&quot;&gt;\r\n			&lt;td height=&quot;17&quot;&gt;Bảo hành&lt;/td&gt;\r\n			&lt;td&gt;6 Tháng&lt;/td&gt;\r\n		&lt;/tr&gt;\r\n	&lt;/tbody&gt;\r\n&lt;/table&gt;\r\n\r\n&lt;p&gt;&lt;img alt=&quot;Súng bắn đinh thẳng MAKITA AF201Z Hàng Chính Hãng Cao Cấp&quot; src=&quot;https://nguyenkhue.com/Uploaded/Members/12471/images/2017/6/AF201Z.jpg&quot; /&gt;&lt;/p&gt;', '&lt;p&gt;&lt;em&gt;&lt;strong&gt;Loại đinh:&lt;/strong&gt; Đinh thẳng 12-25mm&lt;br /&gt;\r\n&lt;strong&gt;Sức chứa đinh:&lt;/strong&gt; 100 Đinh&lt;/em&gt;&lt;/p&gt;', '', '', '', '', '', ''),
(172, 2, 'Súng  rút đinh thẳng Meite F32', '&lt;table border=&quot;&quot; cellpadding=&quot;0&quot; cellspacing=&quot;0&quot; width=&quot;&quot;&gt;\r\n	&lt;tbody&gt;\r\n		&lt;tr height=&quot;20&quot;&gt;\r\n			&lt;td colspan=&quot;2&quot; height=&quot;20&quot;&gt;Súng bắn đinh thẳng Meite F32&lt;/td&gt;\r\n		&lt;/tr&gt;\r\n		&lt;tr height=&quot;20&quot;&gt;\r\n			&lt;td colspan=&quot;2&quot; height=&quot;20&quot;&gt;Súng dùng đinh thẳng chiều dài đinh từ 10 - 32mm&lt;/td&gt;\r\n		&lt;/tr&gt;\r\n		&lt;tr height=&quot;20&quot;&gt;\r\n			&lt;td colspan=&quot;2&quot; height=&quot;20&quot;&gt;Chuyên dùng trong lắp gáp bàn ghế, giường, tủ bằng gỗ…..&lt;/td&gt;\r\n		&lt;/tr&gt;\r\n		&lt;tr height=&quot;20&quot;&gt;\r\n			&lt;td height=&quot;20&quot;&gt;Chiều dài đinh&lt;/td&gt;\r\n			&lt;td&gt;10, 15, 20, 25, 30 và 32mm&lt;/td&gt;\r\n		&lt;/tr&gt;\r\n		&lt;tr height=&quot;20&quot;&gt;\r\n			&lt;td height=&quot;20&quot;&gt;Số lượng kim&lt;/td&gt;\r\n			&lt;td&gt;100 Kim&lt;/td&gt;\r\n		&lt;/tr&gt;\r\n		&lt;tr height=&quot;20&quot;&gt;\r\n			&lt;td height=&quot;20&quot;&gt;Áp suất làm việc&lt;/td&gt;\r\n			&lt;td&gt;4 - 7 Kgf/cm2&lt;/td&gt;\r\n		&lt;/tr&gt;\r\n		&lt;tr height=&quot;20&quot;&gt;\r\n			&lt;td height=&quot;20&quot;&gt;Kích thước&lt;/td&gt;\r\n			&lt;td&gt;240x60x165mm&lt;/td&gt;\r\n		&lt;/tr&gt;\r\n		&lt;tr height=&quot;20&quot;&gt;\r\n			&lt;td height=&quot;20&quot;&gt;Trọng lượng&lt;/td&gt;\r\n			&lt;td&gt;1.17 Kg&lt;/td&gt;\r\n		&lt;/tr&gt;\r\n		&lt;tr height=&quot;20&quot;&gt;\r\n			&lt;td height=&quot;20&quot;&gt;Phụ kiện theo máy: &lt;/td&gt;\r\n			&lt;td&gt;Khóa lục giác&lt;/td&gt;\r\n		&lt;/tr&gt;\r\n		&lt;tr height=&quot;20&quot;&gt;\r\n			&lt;td height=&quot;20&quot;&gt;Hãng Sản Xuất&lt;/td&gt;\r\n			&lt;td&gt;MEITE&lt;/td&gt;\r\n		&lt;/tr&gt;\r\n		&lt;tr height=&quot;20&quot;&gt;\r\n			&lt;td height=&quot;20&quot;&gt;Xuất xứ&lt;/td&gt;\r\n			&lt;td&gt;Trung Quốc&lt;/td&gt;\r\n		&lt;/tr&gt;\r\n		&lt;tr height=&quot;20&quot;&gt;\r\n			&lt;td height=&quot;20&quot;&gt;Bảo hành&lt;/td&gt;\r\n			&lt;td&gt;6 Tháng&lt;/td&gt;\r\n		&lt;/tr&gt;\r\n	&lt;/tbody&gt;\r\n&lt;/table&gt;\r\n\r\n&lt;p&gt;&lt;img alt=&quot;&quot; src=&quot;https://nguyenkhue.com/Uploaded/Members/12471/images/2020/9/F32.gif&quot; /&gt;&lt;/p&gt;', '&lt;p&gt;&lt;em&gt;Súng bắn đinh thẳng Meite F32&lt;br /&gt;\r\nLoại đinh: Đinh thẳng 10-30mm&lt;br /&gt;\r\nSức chứa đinh: 100 Đinh&lt;/em&gt;&lt;/p&gt;', '', '', '', '', '', ''),
(173, 2, 'Kéo cắt ống nhựa PVC 42mm cao cấp đỏ TOP TFL-70002', '&lt;p&gt;&lt;em&gt;Kéo cắt ống nhựa PVC 42mm cao cấp đỏ TOP TFL-70002&lt;/em&gt;&lt;br /&gt;\r\n&lt;em&gt;Lưỡi kéo được chế tạo bằng thép cao cấp, có độ cứng, sắc bén, đường cắt chính xác&lt;/em&gt;&lt;br /&gt;\r\n&lt;em&gt;Lưỡi kéo sẽ mở khi kéo cán ra 2 bên&lt;/em&gt;&lt;br /&gt;\r\n&lt;em&gt;Cán kéo được chế tạo bằng hợp kim cao cấp, có độ cứng cao, nhẹ&lt;/em&gt;&lt;br /&gt;\r\n&lt;em&gt;Thiết kế gọn, đẹp,  dễ sử dụng&lt;/em&gt;&lt;br /&gt;\r\n&lt;em&gt;Khả năng cắt tối đa: ống nhựa PVC 42mm&lt;/em&gt;&lt;br /&gt;\r\n&lt;em&gt;Màu sắc: Đỏ&lt;/em&gt;&lt;br /&gt;\r\n&lt;em&gt;Kéo cắt ống nhựa là dụng cụ rất cần thiết cho người thợ chuyên lắp đặt, sửa chữa đường ống dẫn nước, với thiết kế nhỏ gọn, người thợ có thể mang theo khi đi công trình một cách dễ dàng.&lt;/em&gt;&lt;br /&gt;\r\n&lt;em&gt;Kéo được dùng để cắt ống nhựa PVC, có đường kính tối đa 42mm.&lt;/em&gt;&lt;br /&gt;\r\n&lt;em&gt;Lưỡi kéo được chế tạo bằng thép hợp kim, có độ cứng khá cao, và qua quá trình xử lý nhiệt, nhằm tăng độ cứng và độ sắc bén cho lưỡi kéo.&lt;/em&gt;&lt;br /&gt;\r\n&lt;em&gt;Cán kéo được chế tạo bằng hợp kim cao cấp, có độ cứng cao, nhẹ.&lt;/em&gt;&lt;br /&gt;\r\n&lt;em&gt;Lưỡi kéo sẽ mở khi kéo cán ra 2 bên, giúp người dùng có thể tùy chỉnh độ mở rộng của lưỡi kéo.&lt;/em&gt;&lt;br /&gt;\r\n&lt;em&gt;Kéo được tích hợp 1 lò xo và 1 lưỡi gà, giúp cho lưỡi kéo hoạt động được nhẹ nhàng, và không tốn sức người dùng, tăng năng suất làm việc, tiết kiệm thời gian.&lt;/em&gt;&lt;br /&gt;\r\n&lt;em&gt;Hãng sản xuất: TOP&lt;br /&gt;\r\nXuất xứ: Đài Loan&lt;/em&gt;&lt;/p&gt;\r\n\r\n&lt;p&gt;&lt;em&gt;&lt;img alt=&quot;&quot; src=&quot;https://nguyenkhue.com/Uploaded/Members/12471/images/2020/1/TFL-70002.gif&quot; /&gt;&lt;br /&gt;\r\n&lt;img alt=&quot;&quot; src=&quot;https://nguyenkhue.com/Uploaded/Members/12471/images/2020/1/TFL-70002-1.gif&quot; /&gt;&lt;/em&gt;&lt;/p&gt;', '&lt;p&gt;&lt;em&gt;Kéo cắt ống nhựa PVC 42mm cao cấp đỏ TOP TFL-70002&lt;br /&gt;\r\nHãng sản xuất: TOP&lt;br /&gt;\r\nXuất xứ: Đài Loan&lt;/em&gt;&lt;/p&gt;', '', '', '', '', '', '');

-- oc_product_image PRIMARY KEY (`product_image_id`)
INSERT IGNORE INTO `oc_product_image` (`product_image_id`, `product_id`, `image`, `image_alt`, `sort_order`) VALUES
(143, 165, 'https://cdn.bestme.asia/images/cokhihoanghuy/may-khoan-vit-van-nang-my-45in1-3390.jpg', '', 0);

-- oc_product_to_category PRIMARY KEY (`product_id`,`category_id`)
INSERT IGNORE INTO `oc_product_to_category` (`product_id`, `category_id`) VALUES
(148, 42),
(149, 40),
(150, 44),
(151, 44),
(152, 44),
(153, 43),
(154, 43),
(155, 43),
(156, 32),
(157, 45),
(158, 34),
(159, 43),
(160, 40),
(161, 43),
(162, 40),
(163, 44),
(164, 46),
(165, 35),
(166, 36),
(167, 32),
(168, 32),
(169, 32),
(170, 34),
(171, 34),
(172, 34),
(173, 32);

-- oc_product_to_store PRIMARY KEY (`product_id`,`store_id`)
INSERT IGNORE INTO `oc_product_to_store` (`product_id`, `store_id`, `product_version_id`, `quantity`, `cost_price`) VALUES
(165, 0, 0, 20, '0.0000'),
(164, 0, 0, 0, '0.0000'),
(133, 0, 0, 10000, '0.0000'),
(134, 0, 0, 100000, '0.0000'),
(135, 0, 0, 100000, '0.0000'),
(136, 0, 0, 100000, '0.0000'),
(137, 0, 0, 100000, '0.0000'),
(138, 0, 0, 100000, '0.0000'),
(139, 0, 0, 100000, '0.0000'),
(140, 0, 0, 1000000, '0.0000'),
(141, 0, 0, 1000000, '0.0000'),
(132, 0, 0, 100000, '0.0000'),
(157, 0, 0, 50, '0.0000'),
(150, 0, 0, 50, '0.0000'),
(160, 0, 0, 50, '0.0000'),
(153, 0, 0, 50, '0.0000'),
(163, 0, 0, 50, '0.0000'),
(156, 0, 0, 50, '0.0000'),
(149, 0, 0, 50, '0.0000'),
(159, 0, 0, 50, '0.0000'),
(152, 0, 0, 50, '0.0000'),
(162, 0, 0, 50, '0.0000'),
(155, 0, 0, 50, '0.0000'),
(148, 0, 0, 50, '0.0000'),
(158, 0, 0, 50, '0.0000'),
(151, 0, 0, 50, '0.0000'),
(161, 0, 0, 50, '0.0000'),
(154, 0, 0, 50, '0.0000'),
(166, 0, 0, 20, '0.0000'),
(167, 0, 0, 100, '0.0000'),
(168, 0, 0, 100, '0.0000'),
(169, 0, 0, 100, '0.0000'),
(170, 0, 0, 100, '0.0000'),
(171, 0, 0, 100, '0.0000'),
(172, 0, 0, 100, '0.0000'),
(173, 0, 0, 100, '0.0000');