-- oc_product PRIMARY KEY (`product_id`)
-- delete first
INSERT IGNORE INTO `oc_product` (`product_id`, `model`, `sku`, `common_barcode`, `common_sku`, `common_compare_price`, `common_price`, `common_cost_price`, `barcode`, `upc`, `ean`, `jan`, `isbn`, `mpn`, `location`, `quantity`, `sale_on_out_of_stock`, `stock_status_id`, `image`, `image_alt`, `multi_versions`, `manufacturer_id`, `shipping`, `price`, `price_currency_id`, `compare_price`, `c_price_currency_id`, `points`, `tax_class_id`, `date_available`, `weight`, `weight_class_id`, `length`, `width`, `height`, `length_class_id`, `subtract`, `minimum`, `sort_order`, `status`, `channel`, `viewed`, `demo`, `deleted`, `default_store_id`, `date_added`, `date_modified`) VALUES
(155, '', '', '', '', '0.0000', '0.0000', '0.0000', '', '', '', '', '', '', '', 0, 0, 0, 'https://cdn.bestme.asia/images/haisanhoanghuy/tom-hum-xanh-1kg-3-con.jpg', '', 0, 26, 1, '0.0000', 1, '1355000.0000', 1, 0, 0, '0000-00-00', '1000.00000000', 1, '0.00000000', '0.00000000', '0.00000000', 0, 1, 1, 0, 1, 2, 0, 0, NULL, 0, '2020-12-21 17:29:08', '2020-12-21 17:29:08'),
(154, '', '', '', '', '0.0000', '0.0000', '0.0000', '', '', '', '', '', '', '', 0, 0, 0, 'https://cdn.bestme.asia/images/haisanhoanghuy/tom_hum.jpg', '', 0, 26, 1, '1090000.0000', 1, '1190000.0000', 1, 0, 0, '0000-00-00', '1000.00000000', 1, '0.00000000', '0.00000000', '0.00000000', 0, 1, 1, 0, 1, 2, 0, 0, NULL, 0, '2020-12-21 17:29:08', '2020-12-22 13:34:18'),
(153, '', '', '', '', '0.0000', '0.0000', '0.0000', '', '', '', '', '', '', '', 0, 0, 0, 'https://cdn.bestme.asia/images/haisanhoanghuy/unnamed.jpg', '', 0, 26, 1, '420000.0000', 1, '460000.0000', 1, 0, 0, '0000-00-00', '100.00000000', 1, '0.00000000', '0.00000000', '0.00000000', 0, 1, 1, 0, 1, 2, 0, 0, NULL, 0, '2020-12-21 17:29:08', '2020-12-22 13:33:22'),
(152, '', '', '', '', '0.0000', '0.0000', '0.0000', '', '', '', '', '', '', '', 0, 0, 0, 'https://cdn.bestme.asia/images/haisanhoanghuy/lobster-tom-hum-bong-nha-trang-tom-hum-viet-nam-21-min-1.jpg', '', 0, 26, 1, '1605000.0000', 1, '1775000.0000', 1, 0, 0, '0000-00-00', '1000.00000000', 1, '0.00000000', '0.00000000', '0.00000000', 0, 1, 1, 0, 1, 2, 0, 0, NULL, 0, '2020-12-21 17:29:08', '2020-12-21 17:29:08'),
(151, '', '', '', '', '0.0000', '0.0000', '0.0000', '', '', '', '', '', '', '', 0, 0, 0, 'https://cdn.bestme.asia/images/seafoodstore/z2238854785427_b73a7154ba0ffc45a24f4c05712e00e1_iJF7ZF0.jpg', '', 0, 26, 1, '0.0000', 1, '850000.0000', 1, 0, 0, '0000-00-00', '1000.00000000', 1, '0.00000000', '0.00000000', '0.00000000', 0, 1, 1, 0, 1, 2, 0, 0, NULL, 0, '2020-12-21 17:29:08', '2020-12-23 13:52:05'),
(150, '', '', '', '', '0.0000', '0.0000', '0.0000', '', '', '', '', '', '', '', 0, 0, 0, 'https://cdn.bestme.asia/images/haisanhoanghuy/mudcrab_large.jpg', '', 0, 26, 1, '0.0000', 1, '750000.0000', 1, 0, 0, '0000-00-00', '1000.00000000', 1, '0.00000000', '0.00000000', '0.00000000', 0, 1, 1, 0, 1, 2, 0, 0, NULL, 0, '2020-12-21 17:29:08', '2020-12-21 17:29:08'),
(149, '', '', '', '', '0.0000', '0.0000', '0.0000', '', '', '', '', '', '', '', 0, 0, 0, 'https://cdn.bestme.asia/images/haisanhoanghuy/1680717.jpg', '', 0, 26, 1, '600000.0000', 1, '840000.0000', 1, 0, 0, '0000-00-00', '1000.00000000', 1, '0.00000000', '0.00000000', '0.00000000', 0, 1, 1, 0, 1, 2, 0, 0, NULL, 0, '2020-12-21 17:29:08', '2020-12-22 13:37:06'),
(148, '', '', '', '', '0.0000', '0.0000', '0.0000', '', '', '', '', '', '', '', 0, 0, 0, 'https://cdn.bestme.asia/images/haisanhoanghuy/z2238886769115_7df427cb0a101d6870d0feadf18f9939.jpg', '', 0, 26, 1, '0.0000', 1, '67000.0000', 1, 0, 0, '0000-00-00', '1000.00000000', 1, '0.00000000', '0.00000000', '0.00000000', 0, 1, 1, 0, 1, 2, 0, 0, NULL, 0, '2020-12-21 17:29:08', '2020-12-21 17:29:08'),
(147, '', '', '', '', '0.0000', '0.0000', '0.0000', '', '', '', '', '', '', '', 0, 0, 0, 'https://cdn.bestme.asia/images/seafoodstore/z2238896007666_78455b0980e30b598225bdbdc89f91f7.jpg', '', 0, 26, 1, '0.0000', 1, '410000.0000', 1, 0, 0, '0000-00-00', '1000.00000000', 1, '0.00000000', '0.00000000', '0.00000000', 0, 1, 1, 0, 1, 2, 0, 0, NULL, 0, '2020-12-21 17:29:08', '2020-12-22 11:41:11'),
(146, '', '', '', '', '0.0000', '0.0000', '0.0000', '', '', '', '', '', '', '', 0, 0, 0, 'https://cdn.bestme.asia/images/haisanhoanghuy/z2238899295430_44f7db3091d45c9afb2454a83278b7e5.jpg', '', 0, 26, 1, '999000.0000', 1, '1290000.0000', 1, 0, 0, '0000-00-00', '1000.00000000', 1, '0.00000000', '0.00000000', '0.00000000', 0, 1, 1, 0, 1, 2, 0, 0, NULL, 0, '2020-12-21 17:29:08', '2020-12-21 17:29:08'),
(145, '', '', '', '', '0.0000', '0.0000', '0.0000', '', '', '', '', '', '', '', 0, 0, 0, 'https://cdn.bestme.asia/images/haisanhoanghuy/oc_do_gai-600x600.jpg', '', 0, 26, 1, '0.0000', 1, '419000.0000', 1, 0, 0, '0000-00-00', '1000.00000000', 1, '0.00000000', '0.00000000', '0.00000000', 0, 1, 1, 0, 1, 2, 0, 0, NULL, 0, '2020-12-21 17:29:08', '2020-12-21 17:29:08'),
(144, '', '', '', '', '0.0000', '0.0000', '0.0000', '', '', '', '', '', '', '', 0, 0, 0, 'https://cdn.bestme.asia/images/haisanhoanghuy/z2238910799295_d1b923e6e9dcdd31f0a6afa898905bd1.jpg', '', 0, 26, 1, '65000.0000', 1, '69000.0000', 1, 0, 0, '0000-00-00', '600.00000000', 1, '0.00000000', '0.00000000', '0.00000000', 0, 1, 1, 0, 1, 2, 0, 0, NULL, 0, '2020-12-21 17:29:08', '2020-12-21 17:29:08'),
(143, '', '', '', '', '0.0000', '0.0000', '0.0000', '', '', '', '', '', '', '', 0, 0, 0, 'https://cdn.bestme.asia/images/haisanhoanghuy/1-bao-ngu-uc-abalone-jade-tiger.jpg', '', 0, 26, 1, '0.0000', 1, '260000.0000', 1, 0, 0, '0000-00-00', '200.00000000', 1, '0.00000000', '0.00000000', '0.00000000', 0, 1, 1, 0, 1, 2, 0, 0, NULL, 0, '2020-12-21 17:29:08', '2020-12-21 17:29:08'),
(142, '', '', '', '', '0.0000', '0.0000', '0.0000', '', '', '', '', '', '', '', 0, 0, 0, 'https://cdn.bestme.asia/images/haisanhoanghuy/2-15724118314731199288454-1-458x400.jpg', '', 0, 26, 1, '59000.0000', 1, '65000.0000', 1, 0, 0, '0000-00-00', '300.00000000', 1, '0.00000000', '0.00000000', '0.00000000', 0, 1, 1, 0, 1, 2, 0, 0, NULL, 0, '2020-12-21 17:29:08', '2020-12-22 13:36:32'),
(141, '', '', '', '', '0.0000', '0.0000', '0.0000', '', '', '', '', '', '', '', 0, 0, 0, 'https://cdn.bestme.asia/images/seafoodstore/z2238930691973_bb724868c80416fa4e6bd27d9870440d_VE9aSLl.jpg', '', 0, 26, 1, '360000.0000', 1, '400000.0000', 1, 0, 0, '0000-00-00', '1000.00000000', 1, '0.00000000', '0.00000000', '0.00000000', 0, 1, 1, 0, 1, 2, 0, 0, NULL, 0, '2020-12-21 17:29:08', '2020-12-23 12:02:52'),
(140, '', '', '', '', '0.0000', '0.0000', '0.0000', '', '', '', '', '', '', '', 0, 0, 0, 'https://cdn.bestme.asia/images/haisanhoanghuy/kho-muc-s600-366_thumb_600x0.jpg', '', 0, 26, 1, '950000.0000', 1, '1020000.0000', 1, 0, 0, '0000-00-00', '1000.00000000', 1, '0.00000000', '0.00000000', '0.00000000', 0, 1, 1, 0, 1, 2, 0, 0, NULL, 0, '2020-12-21 17:29:08', '2020-12-21 17:29:08'),
(139, '', '', '', '', '0.0000', '0.0000', '0.0000', '', '', '', '', '', '', '', 0, 0, 0, 'https://cdn.bestme.asia/images/haisanhoanghuy/dac-san-cha-muc-thom-ngon.jpg', '', 0, 26, 1, '199000.0000', 1, '270000.0000', 1, 0, 0, '0000-00-00', '1000.00000000', 1, '0.00000000', '0.00000000', '0.00000000', 0, 1, 1, 0, 1, 2, 0, 0, NULL, 0, '2020-12-21 17:29:08', '2020-12-21 17:29:08'),
(138, '', '', '', '', '0.0000', '0.0000', '0.0000', '', '', '', '', '', '', '', 0, 0, 0, 'https://cdn.bestme.asia/images/haisanhoanghuy/ca-chi-vang.jpg', '', 0, 26, 1, '229000.0000', 1, '250000.0000', 1, 0, 0, '0000-00-00', '1000.00000000', 1, '0.00000000', '0.00000000', '0.00000000', 0, 1, 1, 0, 1, 2, 0, 0, NULL, 0, '2020-12-21 17:29:08', '2020-12-21 17:29:08'),
(135, '', '', '', '', '0.0000', '0.0000', '0.0000', '', '', '', '', '', '', '', 0, 0, 0, 'https://cdn.bestme.asia/images/haisanhoanghuy/sashimi-ca-ngu-dai-duong.jpg', '', 0, 26, 1, '0.0000', 1, '260000.0000', 1, 0, 0, '0000-00-00', '1000.00000000', 1, '0.00000000', '0.00000000', '0.00000000', 0, 1, 1, 0, 1, 2, 0, 0, NULL, 0, '2020-12-21 17:29:08', '2020-12-21 17:29:08'),
(136, '', '', '', '', '0.0000', '0.0000', '0.0000', '', '', '', '', '', '', '', 0, 0, 0, 'https://cdn.bestme.asia/images/haisanhoanghuy/ca-trich-ep-trung-4-.jpg', '', 0, 26, 1, '699000.0000', 1, '850000.0000', 1, 0, 0, '0000-00-00', '1000.00000000', 1, '0.00000000', '0.00000000', '0.00000000', 0, 1, 1, 0, 1, 2, 0, 0, NULL, 0, '2020-12-21 17:29:08', '2020-12-21 17:29:08'),
(137, '', '', '', '', '0.0000', '0.0000', '0.0000', '', '', '', '', '', '', '', 0, 0, 0, 'https://cdn.bestme.asia/images/haisanhoanghuy/ca-hoi-phi-le-tomboi.png', '', 0, 26, 1, '390000.0000', 1, '500000.0000', 1, 0, 0, '0000-00-00', '1000.00000000', 1, '0.00000000', '0.00000000', '0.00000000', 0, 1, 1, 0, 1, 2, 0, 0, NULL, 0, '2020-12-21 17:29:08', '2020-12-21 17:29:08'),
(132, '', '', '', '', '0.0000', '0.0000', '0.0000', '', '', '', '', '', '', '', 0, 0, 0, 'https://cdn.bestme.asia/images/haisanhoanghuy/ca-bo-kho-rim-sa-te-1.jpg', '', 0, 26, 1, '0.0000', 1, '50000.0000', 1, 0, 0, '0000-00-00', '200.00000000', 1, '0.00000000', '0.00000000', '0.00000000', 0, 1, 1, 0, 1, 2, 0, 0, NULL, 0, '2020-12-21 17:29:08', '2020-12-21 17:29:08'),
(133, '', '', '', '', '0.0000', '0.0000', '0.0000', '', '', '', '', '', '', '', 0, 0, 0, 'https://cdn.bestme.asia/images/haisanhoanghuy/cach-nuong-muc-kho.jpg', '', 0, 26, 1, '520000.0000', 1, '650000.0000', 1, 0, 0, '0000-00-00', '1000.00000000', 1, '0.00000000', '0.00000000', '0.00000000', 0, 1, 1, 0, 1, 2, 0, 0, NULL, 0, '2020-12-21 17:29:08', '2020-12-21 17:29:08'),
(134, '', '', '', '', '0.0000', '0.0000', '0.0000', '', '', '', '', '', '', '', 0, 0, 0, 'https://cdn.bestme.asia/images/haisanhoanghuy/cach-lam-mon-ca-hoi-ap-chao-sot-bo-chanh.jpg', '', 0, 26, 1, '390000.0000', 1, '450000.0000', 1, 0, 0, '0000-00-00', '500.00000000', 1, '0.00000000', '0.00000000', '0.00000000', 0, 1, 1, 0, 1, 2, 0, 0, NULL, 0, '2020-12-21 17:29:08', '2020-12-21 17:29:08'),
(156, '', '', '', '', '0.0000', '0.0000', '0.0000', '', '', '', '', '', '', '', 0, 0, 0, 'https://cdn.bestme.asia/images/haisanhoanghuy/bf792ecadf36dafa315a83f38b17e2b4.jpg', '', 0, 26, 1, '560000.0000', 1, '710000.0000', 1, 0, 0, '0000-00-00', '1000.00000000', 1, '0.00000000', '0.00000000', '0.00000000', 0, 1, 1, 0, 1, 2, 0, 0, NULL, 0, '2020-12-21 17:29:08', '2020-12-22 13:20:50'),
(157, '', '', '', '', '0.0000', '0.0000', '0.0000', '', '', '', '', '', '', '', 0, 0, 0, 'https://cdn.bestme.asia/images/haisanhoanghuy/c42aaab0eca697b387be3667492791ae.jpg', '', 0, 26, 1, '1450000.0000', 1, '1600000.0000', 1, 0, 0, '0000-00-00', '2000.00000000', 1, '0.00000000', '0.00000000', '0.00000000', 0, 1, 1, 0, 1, 2, 0, 0, NULL, 0, '2020-12-21 17:29:08', '2020-12-21 17:29:08'),
(158, '', '', '', '', '0.0000', '0.0000', '0.0000', '', '', '', '', '', '', '', 0, 1, 0, 'https://cdn.bestme.asia/images/seafoodstore/1d61c90ea06de8b4b565196365d955c1.png', '', 0, 26, 1, '450000.0000', 1, '470000.0000', 1, 0, 0, '0000-00-00', '1000.00000000', 1, '0.00000000', '0.00000000', '0.00000000', 0, 1, 1, 0, 1, 2, 0, 0, NULL, 0, '2020-12-22 13:22:14', '2020-12-22 13:22:14'),
(159, '', '', '', '', '0.0000', '0.0000', '0.0000', '', '', '', '', '', '', '', 0, 1, 0, 'https://cdn.bestme.asia/images/seafoodstore/squid-pic-1300x971-697d48b_master.png', '', 0, 0, 1, '0.0000', 1, '220000.0000', 1, 0, 0, '0000-00-00', '1000.00000000', 1, '0.00000000', '0.00000000', '0.00000000', 0, 1, 1, 0, 1, 2, 0, 0, NULL, 0, '2020-12-22 13:27:48', '2020-12-22 13:27:48');

-- restore soft-deleted products if demo
UPDATE `oc_product` SET `deleted` = NULL
WHERE `demo` = 1
  AND `product_id` IN (
  155,
  154,
  153,
  152,
  151,
  150,
  149,
  148,
  147,
  146,
  145,
  144,
  143,
  142,
  141,
  140,
  139,
  138,
  135,
  136,
  137,
  132,
  133,
  134,
  156,
  157,
  158,
  159
  );

-- oc_product_collection PRIMARY KEY (`product_collection_id`)
INSERT IGNORE INTO `oc_product_collection` (`product_collection_id`, `product_id`, `collection_id`, `sort_order`) VALUES
(245, 148, 12, 4),
(244, 146, 12, 3),
(228, 142, 15, 0),
(249, 142, 11, 4),
(257, 139, 9, 4),
(256, 138, 9, 3),
(253, 137, 10, 4),
(252, 136, 10, 3),
(251, 135, 10, 2),
(250, 134, 10, 1),
(255, 133, 9, 2),
(254, 132, 9, 1),
(259, 141, 11, 0),
(243, 144, 12, 2),
(247, 147, 11, 2),
(242, 143, 12, 1),
(233, 149, 15, 0),
(241, 149, 13, 4),
(261, 151, 18, 0),
(237, 154, 14, 4),
(236, 153, 14, 3),
(235, 155, 14, 2),
(234, 152, 14, 1),
(260, 151, 13, 0),
(232, 149, 18, 0),
(190, 155, 15, 7),
(189, 157, 15, 6),
(188, 156, 15, 5),
(246, 145, 11, 1),
(222, 154, 15, 0),
(185, 144, 15, 2),
(184, 146, 15, 1),
(193, 146, 18, 0),
(194, 143, 18, 0),
(239, 157, 13, 2),
(238, 150, 13, 1),
(197, 144, 18, 0),
(198, 148, 18, 0),
(221, 154, 18, 0),
(226, 142, 18, 0),
(269, 141, 19, 8),
(268, 153, 19, 7),
(267, 159, 19, 6),
(266, 158, 19, 5),
(265, 152, 19, 4),
(264, 155, 19, 3),
(263, 145, 19, 2),
(262, 147, 19, 1);


-- oc_product_description PRIMARY KEY (`product_id`,`language_id`)
INSERT IGNORE INTO `oc_product_description` (`product_id`, `language_id`, `name`, `description`, `sub_description`, `seo_title`, `seo_description`, `tag`, `meta_title`, `meta_description`, `meta_keyword`) VALUES
(130, 2, 'Váy đầm dự tiệc sang trọng - Độc đáo - Giá cả hợp lý VD27', ' - Váy suông ren là  item chưa bao giờ hết hot, mang đến vẻ quyến rũ cho phái đẹp và đặc biệt giúp bạn che đi khuyết điểm cơ thể mình. \n- Chất liệu ren gợi cảm, sang trọng mang lại cho quý cô phong cách thời trang thời thượng và thanh lịch.', '', '', '', '', '', '', ''),
(131, 2, 'Váy đầm dự tiệc sang trọng - Độc đáo - Giá cả hợp lý VD28', ' - Váy suông ren là  item chưa bao giờ hết hot, mang đến vẻ quyến rũ cho phái đẹp và đặc biệt giúp bạn che đi khuyết điểm cơ thể mình. \n- Chất liệu ren gợi cảm, sang trọng mang lại cho quý cô phong cách thời trang thời thượng và thanh lịch.', '', '', '', '', '', '', ''),
(132, 2, 'Cà bò rim Đà Nẵng', '<ul>\n	<li><strong>Nhãn hiệu:</strong> Khác.</li>\n	<li><strong>Hạn sử dụng:</strong></li>\n	<li><strong>Đặc sản vùng:</strong> Đà Nẵng.</li>\n	<li><strong>Xuất xứ:</strong> Việt Nam.</li>\n	<li><strong>Trọng lượng (trên bao bì):</strong> 200g.</li>\n	<li><strong>Ngày sản xuất:</strong> </li>\n</ul>\n\n<h4>CHI TIẾT SẢN PHẨM</h4>\n\n<p><br />\nNgoài mực rim me, mực cán! em rước thêm món CÁ BÒ RIM hàng đặc sản đà nẵng để là phong phú hơn cho menu nhà các bác đây ah!<br />\nGiá nhà em thì lúc nào cũng vô địch rẻ ah !<br />\nLẻ #50k//hộp 200g</p>', '', '', '', '', '', '', ''),
(133, 2, 'Mực Một Nắng Phú Quốc', '<p align=\"center\" style=\"border:0px; padding:0px; text-indent:0px; -webkit-text-stroke-width:0px; text-align:left; margin-bottom:10px\"><span style=\"font-size:14px\"><span style=\"background:0px 0px\"><span style=\"box-sizing:border-box\"><span style=\"font-weight:400\"><span style=\"outline:0px\"><span style=\"vertical-align:top\"><span style=\"color:#333333\"><span style=\"font-family:arial, sans-serif\"><span style=\"font-style:normal\"><span style=\"font-variant-ligatures:normal\"><span style=\"font-variant-caps:normal\"><span style=\"letter-spacing:normal\"><span style=\"orphans:2\"><span style=\"text-transform:none\"><span style=\"white-space:normal\"><span style=\"widows:2\"><span style=\"word-spacing:0px\"><span style=\"text-decoration-thickness:initial\"><span style=\"text-decoration-style:initial\"><span style=\"text-decoration-color:initial\"><span style=\"border:0px; font-size:14pt; padding:0px\"><span style=\"background:0px 0px\"><span style=\"box-sizing:border-box\"><span style=\"font-weight:inherit\"><span style=\"outline:0px\"><span style=\"vertical-align:top\"> <strong style=\"box-sizing:border-box; padding:0px; border:0px; font-weight:700 !important; background:0px 0px; outline:0px; vertical-align:top\"><em style=\"box-sizing:border-box; padding:0px; border:0px; background:0px 0px; font-weight:inherit; outline:0px; vertical-align:top\"><span style=\"border:0px; background:white; padding:0px\"><span style=\"box-sizing:border-box\"><span style=\"font-weight:inherit\"><span style=\"outline:0px\"><span style=\"vertical-align:top\"><span style=\"line-height:28px\"><span style=\"color:black\"><span style=\"border:0px; background:0px 0px; padding:0px\"><span style=\"box-sizing:border-box\"><span style=\"font-weight:inherit\"><span style=\"outline:0px\"><span style=\"vertical-align:top\"><span style=\"color:#ff6600\">Mực một nắng Phú Quốc</span></span></span></span></span></span> </span></span></span></span></span></span></span></em></strong><em style=\"box-sizing:border-box; padding:0px; border:0px; background:0px 0px; font-weight:inherit; outline:0px; vertical-align:top\"><span style=\"border:0px; background:white; padding:0px\"><span style=\"box-sizing:border-box\"><span style=\"font-weight:inherit\"><span style=\"outline:0px\"><span style=\"vertical-align:top\"><span style=\"line-height:28px\"><span style=\"color:black\">là một trong những đặc sản được yêu thích tại Việt Nam. Để chế biến được mòn ăn ngon, mực một nắng phải được làm sạch, phơi nắng và bảo quản đúng cách. Mực to, giòn, hơi ráo và dẻo đem đến hương vị thơm ngon không đâu có được.</span></span></span></span></span></span></span></em></span></span></span></span></span></span></span></span></span></span></span></span></span></span></span></span></span></span></span></span></span></span></span></span></span></span></p>\n\n<p style=\"border:0px; padding:0px; text-indent:0px; -webkit-text-stroke-width:0px; text-align:center; margin-bottom:10px\"><span style=\"font-size:14px\"><span style=\"background:0px 0px\"><span style=\"box-sizing:border-box\"><span style=\"font-weight:400\"><span style=\"outline:0px\"><span style=\"vertical-align:top\"><span style=\"color:#333333\"><span style=\"font-family:arial, sans-serif\"><span style=\"font-style:normal\"><span style=\"font-variant-ligatures:normal\"><span style=\"font-variant-caps:normal\"><span style=\"letter-spacing:normal\"><span style=\"orphans:2\"><span style=\"text-transform:none\"><span style=\"white-space:normal\"><span style=\"widows:2\"><span style=\"word-spacing:0px\"><span style=\"text-decoration-thickness:initial\"><span style=\"text-decoration-style:initial\"><span style=\"text-decoration-color:initial\"><span style=\"border:0px; font-size:14pt; padding:0px\"><span style=\"background:0px 0px\"><span style=\"box-sizing:border-box\"><span style=\"font-weight:inherit\"><span style=\"outline:0px\"><span style=\"vertical-align:top\"><em style=\"box-sizing:border-box; padding:0px; border:0px; background:0px 0px; font-weight:inherit; outline:0px; vertical-align:top\"><span style=\"border:0px; background:white; padding:0px\"><span style=\"box-sizing:border-box\"><span style=\"font-weight:inherit\"><span style=\"outline:0px\"><span style=\"vertical-align:top\"><span style=\"line-height:28px\"><span style=\"color:black\"><img alt=\"muc-mot-nang-phu-quoc (3)\" src=\"https://haisanphuongnam.com/asset/editor/ResponsiveFilemanager-master/source/muc-mot-nang/muc-mot-nang-phu-quoc%20(3).jpg\" style=\"box-sizing:border-box; padding:0px; border:0px; vertical-align:top; background:0px 0px; font-weight:inherit; outline:0px; max-width:100%\" /></span></span></span></span></span></span></span></em></span></span></span></span></span></span></span></span></span></span></span></span></span></span></span></span></span></span></span></span></span></span></span></span></span></span></p>\n\n<hr style=\"box-sizing:content-box; padding:0px; border-width:1px 0px 0px; border-top-style:solid; border-right-style:initial; border-bottom-style:initial; border-left-style:initial; border-top-color:#eeeeee; border-right-color:initial; border-bottom-color:initial; border-left-color:initial; border-image:initial; height:0px; color:#333333; font-family:arial, sans-serif; font-size:14px; font-style:normal; font-variant-ligatures:normal; font-variant-caps:normal; font-weight:400; letter-spacing:normal; orphans:2; text-align:start; text-indent:0px; text-transform:none; white-space:normal; widows:2; word-spacing:0px; -webkit-text-stroke-width:0px; text-decoration-thickness:initial; text-decoration-style:initial; text-decoration-color:initial; margin-top:20px; margin-bottom:20px\" />\n<p style=\"border:0px; padding:0px; text-indent:0px; -webkit-text-stroke-width:0px; text-align:center; margin-bottom:10px\"><span style=\"font-size:14px\"><span style=\"background:0px 0px\"><span style=\"box-sizing:border-box\"><span style=\"font-weight:400\"><span style=\"outline:0px\"><span style=\"vertical-align:top\"><span style=\"color:#333333\"><span style=\"font-family:arial, sans-serif\"><span style=\"font-style:normal\"><span style=\"font-variant-ligatures:normal\"><span style=\"font-variant-caps:normal\"><span style=\"letter-spacing:normal\"><span style=\"orphans:2\"><span style=\"text-transform:none\"><span style=\"white-space:normal\"><span style=\"widows:2\"><span style=\"word-spacing:0px\"><span style=\"text-decoration-thickness:initial\"><span style=\"text-decoration-style:initial\"><span style=\"text-decoration-color:initial\"><span style=\"border:0px; font-size:18.6667px; padding:0px\"><span style=\"background:0px 0px\"><span style=\"box-sizing:border-box\"><span style=\"font-weight:inherit\"><span style=\"outline:0px\"><span style=\"vertical-align:top\"><span style=\"color:#0000ff\"><strong style=\"box-sizing:border-box; padding:0px; border:0px; font-weight:700 !important; background:0px 0px; outline:0px; vertical-align:top\">QUY TRÌNH SẢN XUẤT MỰC MỘT NẮNG PHÚ QUỐC</strong></span></span></span></span></span></span></span></span></span></span></span></span></span></span></span></span></span></span></span></span></span></span></span></span></span></span></span></p>\n\n<hr style=\"box-sizing:content-box; padding:0px; border-width:1px 0px 0px; border-top-style:solid; border-right-style:initial; border-bottom-style:initial; border-left-style:initial; border-top-color:#eeeeee; border-right-color:initial; border-bottom-color:initial; border-left-color:initial; border-image:initial; height:0px; color:#333333; font-family:arial, sans-serif; font-size:14px; font-style:normal; font-variant-ligatures:normal; font-variant-caps:normal; font-weight:400; letter-spacing:normal; orphans:2; text-align:start; text-indent:0px; text-transform:none; white-space:normal; widows:2; word-spacing:0px; -webkit-text-stroke-width:0px; text-decoration-thickness:initial; text-decoration-style:initial; text-decoration-color:initial; margin-top:20px; margin-bottom:20px\" />\n<p style=\"border:0px; padding:0px; text-align:start; text-indent:0px; -webkit-text-stroke-width:0px; margin-bottom:10px\"><span style=\"font-size:14px\"><span style=\"background:0px 0px\"><span style=\"box-sizing:border-box\"><span style=\"font-weight:400\"><span style=\"outline:0px\"><span style=\"vertical-align:top\"><span style=\"color:#333333\"><span style=\"font-family:arial, sans-serif\"><span style=\"font-style:normal\"><span style=\"font-variant-ligatures:normal\"><span style=\"font-variant-caps:normal\"><span style=\"letter-spacing:normal\"><span style=\"orphans:2\"><span style=\"text-transform:none\"><span style=\"white-space:normal\"><span style=\"widows:2\"><span style=\"word-spacing:0px\"><span style=\"text-decoration-thickness:initial\"><span style=\"text-decoration-style:initial\"><span style=\"text-decoration-color:initial\"><span style=\"border:0px; font-size:14pt; padding:0px\"><span style=\"background:white\"><span style=\"box-sizing:border-box\"><span style=\"font-weight:inherit\"><span style=\"outline:0px\"><span style=\"vertical-align:top\"><span style=\"line-height:28px\"><span style=\"color:black\">✅ Những con <strong style=\"box-sizing:border-box; padding:0px; border:0px; font-weight:700 !important; background:0px 0px; outline:0px; vertical-align:top\"><span style=\"border:0px; background:0px 0px; padding:0px\"><span style=\"box-sizing:border-box\"><span style=\"font-weight:inherit\"><span style=\"outline:0px\"><span style=\"vertical-align:top\"><span style=\"color:#ff6600\">mực một nắng Phú Quốc</span></span></span></span></span></span> </strong>muốn đưa đến tay người tiêu dùng phải đảm bảo chất lượng. Mực chất lượng phải là loại mực ống được đánh bắt tại biển Phú Quốc. Trong đó mực loại 1 sẽ có size khoảng 2-3 con/ kg. Mực được đánh bắt phải đảm bảo còn tươi, không bị trầy xước trên thân.</span></span></span></span></span></span></span></span></span></span></span></span></span></span></span></span></span></span></span></span></span></span></span></span></span></span></span></span></p>\n\n<p style=\"border:0px; padding:0px; text-indent:0px; -webkit-text-stroke-width:0px; text-align:center; margin-bottom:10px\"><span style=\"font-size:14px\"><span style=\"background:0px 0px\"><span style=\"box-sizing:border-box\"><span style=\"font-weight:400\"><span style=\"outline:0px\"><span style=\"vertical-align:top\"><span style=\"color:#333333\"><span style=\"font-family:arial, sans-serif\"><span style=\"font-style:normal\"><span style=\"font-variant-ligatures:normal\"><span style=\"font-variant-caps:normal\"><span style=\"letter-spacing:normal\"><span style=\"orphans:2\"><span style=\"text-transform:none\"><span style=\"white-space:normal\"><span style=\"widows:2\"><span style=\"word-spacing:0px\"><span style=\"text-decoration-thickness:initial\"><span style=\"text-decoration-style:initial\"><span style=\"text-decoration-color:initial\"><span style=\"border:0px; font-size:14pt; padding:0px\"><span style=\"background:white\"><span style=\"box-sizing:border-box\"><span style=\"font-weight:inherit\"><span style=\"outline:0px\"><span style=\"vertical-align:top\"><span style=\"line-height:28px\"><span style=\"color:black\"><img alt=\"muc-mot-nang-phu-quoc (10)\" src=\"https://haisanphuongnam.com/asset/editor/ResponsiveFilemanager-master/source/muc-mot-nang/muc-mot-nang-phu-quoc%20(10).jpg\" style=\"box-sizing:border-box; padding:0px; border:0px; vertical-align:top; background:0px 0px; font-weight:inherit; outline:0px; max-width:100%\" /></span></span></span></span></span></span></span></span> </span></span></span></span></span></span></span></span></span></span></span></span></span></span></span></span></span></span></span></span></p>\n\n<p style=\"border:0px; padding:0px; text-align:start; text-indent:0px; -webkit-text-stroke-width:0px; margin-bottom:10px\"><span style=\"font-size:14px\"><span style=\"background:0px 0px\"><span style=\"box-sizing:border-box\"><span style=\"font-weight:400\"><span style=\"outline:0px\"><span style=\"vertical-align:top\"><span style=\"color:#333333\"><span style=\"font-family:arial, sans-serif\"><span style=\"font-style:normal\"><span style=\"font-variant-ligatures:normal\"><span style=\"font-variant-caps:normal\"><span style=\"letter-spacing:normal\"><span style=\"orphans:2\"><span style=\"text-transform:none\"><span style=\"white-space:normal\"><span style=\"widows:2\"><span style=\"word-spacing:0px\"><span style=\"text-decoration-thickness:initial\"><span style=\"text-decoration-style:initial\"><span style=\"text-decoration-color:initial\"><span style=\"border:0px; font-size:14pt; padding:0px\"><span style=\"background:white\"><span style=\"box-sizing:border-box\"><span style=\"font-weight:inherit\"><span style=\"outline:0px\"><span style=\"vertical-align:top\"><span style=\"line-height:28px\"><span style=\"color:black\">✅ Những con mực như vậy mới được đem ra để làm sạch, bỏ da, cắt đi phần dè phía thân trên. Sau đó, mực đạt tiêu chuẩn sẽ được đem đi phơi duy nhất 1 nắng theo đúng tên gọi. Ánh nắng đạt chuẩn phải đảm bảo nhiệt độ trên 30oC, chói chang. Người sản xuất sẽ phơi mực trong khoảng từ 9 giờ sáng đến 14 giờ chiều, 3 giờ lật mặt một lần.</span></span></span></span></span></span></span></span></span></span></span></span></span></span></span></span></span></span></span></span></span></span></span></span></span></span></span></span></p>\n\n<p style=\"border:0px; padding:0px; text-indent:0px; -webkit-text-stroke-width:0px; text-align:center; margin-bottom:10px\"><span style=\"font-size:14px\"><span style=\"background:0px 0px\"><span style=\"box-sizing:border-box\"><span style=\"font-weight:400\"><span style=\"outline:0px\"><span style=\"vertical-align:top\"><span style=\"color:#333333\"><span style=\"font-family:arial, sans-serif\"><span style=\"font-style:normal\"><span style=\"font-variant-ligatures:normal\"><span style=\"font-variant-caps:normal\"><span style=\"letter-spacing:normal\"><span style=\"orphans:2\"><span style=\"text-transform:none\"><span style=\"white-space:normal\"><span style=\"widows:2\"><span style=\"word-spacing:0px\"><span style=\"text-decoration-thickness:initial\"><span style=\"text-decoration-style:initial\"><span style=\"text-decoration-color:initial\"><span style=\"border:0px; font-size:14pt; padding:0px\"><span style=\"background:white\"><span style=\"box-sizing:border-box\"><span style=\"font-weight:inherit\"><span style=\"outline:0px\"><span style=\"vertical-align:top\"><span style=\"line-height:28px\"><span style=\"color:black\"><img alt=\"muc-mot-nang-phu-quoc (1)\" src=\"https://haisanphuongnam.com/asset/editor/ResponsiveFilemanager-master/source/muc-mot-nang/muc-mot-nang-phu-quoc%20(1).png\" style=\"box-sizing:border-box; padding:0px; border:0px; vertical-align:top; background:0px 0px; font-weight:inherit; outline:0px; max-width:100%\" /></span></span></span></span></span></span></span></span> </span></span></span></span></span></span></span></span></span></span></span></span></span></span></span></span></span></span></span></span></p>\n\n<p style=\"border:0px; padding:0px; text-align:start; text-indent:0px; -webkit-text-stroke-width:0px; margin-bottom:10px\"><span style=\"font-size:14px\"><span style=\"background:0px 0px\"><span style=\"box-sizing:border-box\"><span style=\"font-weight:400\"><span style=\"outline:0px\"><span style=\"vertical-align:top\"><span style=\"color:#333333\"><span style=\"font-family:arial, sans-serif\"><span style=\"font-style:normal\"><span style=\"font-variant-ligatures:normal\"><span style=\"font-variant-caps:normal\"><span style=\"letter-spacing:normal\"><span style=\"orphans:2\"><span style=\"text-transform:none\"><span style=\"white-space:normal\"><span style=\"widows:2\"><span style=\"word-spacing:0px\"><span style=\"text-decoration-thickness:initial\"><span style=\"text-decoration-style:initial\"><span style=\"text-decoration-color:initial\"><span style=\"border:0px; font-size:14pt; padding:0px\"><span style=\"background:white\"><span style=\"box-sizing:border-box\"><span style=\"font-weight:inherit\"><span style=\"outline:0px\"><span style=\"vertical-align:top\"><span style=\"line-height:28px\"><span style=\"color:black\">✅ Công đoạn cầu kỳ như vậy mới làm ra được mực một nắng thơm ngon. Hiện nay, mực một nắng Phú Quốc đã được xuất khẩu đến nhiều quốc gia. Mực khi hoàn thành có thịt dày, thơm ngon. Nếu đánh bắt ở những nơi nước biển càng mặn thì chất lượng thịt càng cao.</span></span></span></span></span></span></span></span></span></span></span></span></span></span></span></span></span></span></span></span></span></span></span></span></span></span></span></span></p>\n\n<p style=\"border:0px; padding:0px; text-indent:0px; -webkit-text-stroke-width:0px; text-align:center; margin-bottom:10px\"><span style=\"font-size:14px\"><span style=\"background:0px 0px\"><span style=\"box-sizing:border-box\"><span style=\"font-weight:400\"><span style=\"outline:0px\"><span style=\"vertical-align:top\"><span style=\"color:#333333\"><span style=\"font-family:arial, sans-serif\"><span style=\"font-style:normal\"><span style=\"font-variant-ligatures:normal\"><span style=\"font-variant-caps:normal\"><span style=\"letter-spacing:normal\"><span style=\"orphans:2\"><span style=\"text-transform:none\"><span style=\"white-space:normal\"><span style=\"widows:2\"><span style=\"word-spacing:0px\"><span style=\"text-decoration-thickness:initial\"><span style=\"text-decoration-style:initial\"><span style=\"text-decoration-color:initial\"><span style=\"border:0px; font-size:14pt; padding:0px\"><span style=\"background:white\"><span style=\"box-sizing:border-box\"><span style=\"font-weight:inherit\"><span style=\"outline:0px\"><span style=\"vertical-align:top\"><span style=\"line-height:28px\"><span style=\"color:black\"><img alt=\"muc-mot-nang-phu-quoc (1)\" src=\"https://haisanphuongnam.com/asset/editor/ResponsiveFilemanager-master/source/muc-mot-nang/muc-mot-nang-phu-quoc%20(1).jpg\" style=\"box-sizing:border-box; padding:0px; border:0px; vertical-align:top; background:0px 0px; font-weight:inherit; outline:0px; max-width:100%\" /></span></span></span></span></span></span></span></span></span></span></span></span></span></span></span></span></span></span></span></span></span></span></span></span></span></span></span></span></p>\n\n<hr style=\"box-sizing:content-box; padding:0px; border-width:1px 0px 0px; border-top-style:solid; border-right-style:initial; border-bottom-style:initial; border-left-style:initial; border-top-color:#eeeeee; border-right-color:initial; border-bottom-color:initial; border-left-color:initial; border-image:initial; height:0px; color:#333333; font-family:arial, sans-serif; font-size:14px; font-style:normal; font-variant-ligatures:normal; font-variant-caps:normal; font-weight:400; letter-spacing:normal; orphans:2; text-align:start; text-indent:0px; text-transform:none; white-space:normal; widows:2; word-spacing:0px; -webkit-text-stroke-width:0px; text-decoration-thickness:initial; text-decoration-style:initial; text-decoration-color:initial; margin-top:20px; margin-bottom:20px\" />\n<p style=\"border:0px; padding:0px; text-indent:0px; -webkit-text-stroke-width:0px; text-align:center; margin-bottom:10px\"><span style=\"font-size:14px\"><span style=\"background:0px 0px\"><span style=\"box-sizing:border-box\"><span style=\"font-weight:400\"><span style=\"outline:0px\"><span style=\"vertical-align:top\"><span style=\"color:#333333\"><span style=\"font-family:arial, sans-serif\"><span style=\"font-style:normal\"><span style=\"font-variant-ligatures:normal\"><span style=\"font-variant-caps:normal\"><span style=\"letter-spacing:normal\"><span style=\"orphans:2\"><span style=\"text-transform:none\"><span style=\"white-space:normal\"><span style=\"widows:2\"><span style=\"word-spacing:0px\"><span style=\"text-decoration-thickness:initial\"><span style=\"text-decoration-style:initial\"><span style=\"text-decoration-color:initial\"><span style=\"border:0px; font-size:14pt; padding:0px\"><span style=\"background:0px 0px\"><span style=\"box-sizing:border-box\"><span style=\"font-weight:inherit\"><span style=\"outline:0px\"><span style=\"vertical-align:top\"><span style=\"color:#0000ff\"><strong style=\"box-sizing:border-box; padding:0px; border:0px; font-weight:700 !important; background:0px 0px; outline:0px; vertical-align:top\"><span style=\"border:0px; background:white; padding:0px\"><span style=\"box-sizing:border-box\"><span style=\"font-weight:inherit\"><span style=\"outline:0px\"><span style=\"vertical-align:top\"><span style=\"line-height:28px\">GIÁ TRỊ DINH DƯỚNG CỦA MỰC MỘT NẮNG PHÚ QUỐC</span></span></span></span></span></span></strong></span></span></span></span></span></span></span></span></span></span></span></span></span></span></span></span></span></span></span></span></span></span></span></span></span></span></span></p>\n\n<hr style=\"box-sizing:content-box; padding:0px; border-width:1px 0px 0px; border-top-style:solid; border-right-style:initial; border-bottom-style:initial; border-left-style:initial; border-top-color:#eeeeee; border-right-color:initial; border-bottom-color:initial; border-left-color:initial; border-image:initial; height:0px; color:#333333; font-family:arial, sans-serif; font-size:14px; font-style:normal; font-variant-ligatures:normal; font-variant-caps:normal; font-weight:400; letter-spacing:normal; orphans:2; text-align:start; text-indent:0px; text-transform:none; white-space:normal; widows:2; word-spacing:0px; -webkit-text-stroke-width:0px; text-decoration-thickness:initial; text-decoration-style:initial; text-decoration-color:initial; margin-top:20px; margin-bottom:20px\" />\n<p style=\"border:0px; padding:0px; text-align:start; text-indent:0px; -webkit-text-stroke-width:0px; margin-bottom:10px\"><span style=\"font-size:14px\"><span style=\"background:0px 0px\"><span style=\"box-sizing:border-box\"><span style=\"font-weight:400\"><span style=\"outline:0px\"><span style=\"vertical-align:top\"><span style=\"color:#333333\"><span style=\"font-family:arial, sans-serif\"><span style=\"font-style:normal\"><span style=\"font-variant-ligatures:normal\"><span style=\"font-variant-caps:normal\"><span style=\"letter-spacing:normal\"><span style=\"orphans:2\"><span style=\"text-transform:none\"><span style=\"white-space:normal\"><span style=\"widows:2\"><span style=\"word-spacing:0px\"><span style=\"text-decoration-thickness:initial\"><span style=\"text-decoration-style:initial\"><span style=\"text-decoration-color:initial\"><span style=\"border:0px; font-size:14pt; padding:0px\"><span style=\"background:white\"><span style=\"box-sizing:border-box\"><span style=\"font-weight:inherit\"><span style=\"outline:0px\"><span style=\"vertical-align:top\"><span style=\"line-height:28px\"><span style=\"color:black\">✅ Không chỉ thơm ngon, <strong style=\"box-sizing:border-box; padding:0px; border:0px; font-weight:700 !important; background:0px 0px; outline:0px; vertical-align:top\"><span style=\"border:0px; background:0px 0px; padding:0px\"><span style=\"box-sizing:border-box\"><span style=\"font-weight:inherit\"><span style=\"outline:0px\"><span style=\"vertical-align:top\"><span style=\"color:#ff6600\">mực một nắng Phú Quốc</span></span></span></span></span></span> </strong>còn sở hữu nhiều giá trị về mặt dinh dưỡng. Thông qua đó, loại đặc sản này sẽ có lợi với sức khỏe người dùng nếu được chế biến đúng cách. Điển hình như:</span></span></span></span></span></span></span></span></span></span></span></span></span></span></span></span></span></span></span></span></span></span></span></span></span></span></span></span></p>\n\n<p style=\"border:0px; padding:0px; text-align:start; text-indent:0px; -webkit-text-stroke-width:0px; margin-bottom:10px\"><span style=\"font-size:14px\"><span style=\"background:0px 0px\"><span style=\"box-sizing:border-box\"><span style=\"font-weight:400\"><span style=\"outline:0px\"><span style=\"vertical-align:top\"><span style=\"color:#333333\"><span style=\"font-family:arial, sans-serif\"><span style=\"font-style:normal\"><span style=\"font-variant-ligatures:normal\"><span style=\"font-variant-caps:normal\"><span style=\"letter-spacing:normal\"><span style=\"orphans:2\"><span style=\"text-transform:none\"><span style=\"white-space:normal\"><span style=\"widows:2\"><span style=\"word-spacing:0px\"><span style=\"text-decoration-thickness:initial\"><span style=\"text-decoration-style:initial\"><span style=\"text-decoration-color:initial\"><span style=\"border:0px; font-size:14pt; padding:0px\"><span style=\"background:0px 0px\"><span style=\"box-sizing:border-box\"><span style=\"font-weight:inherit\"><span style=\"outline:0px\"><span style=\"vertical-align:top\"><span style=\"border:0px; background:white; padding:0px\"><span style=\"box-sizing:border-box\"><span style=\"font-weight:inherit\"><span style=\"outline:0px\"><span style=\"vertical-align:top\"><span style=\"line-height:28px\"><span style=\"color:black\"><span style=\"border:0px; font-size:14pt; padding:0px\"><span style=\"background:white\"><span style=\"box-sizing:border-box\"><span style=\"font-weight:inherit\"><span style=\"outline:0px\"><span style=\"vertical-align:top\"><span style=\"line-height:28px\"><span style=\"color:black\">✅</span></span></span></span></span></span></span></span> Trong mực chứa đến 90% là đồng. Đây là một khoáng chất quan trọng có tác dụng lớn trong việc hấp thu, lưu trữ cũng như trao đổi chất của sắt và hình thành hồng cầu. Ăn mực một nắng sẽ giúp giảm bớt nguy cơ mắc bệnh thiếu máu.</span></span></span></span></span></span></span></span></span></span></span></span></span></span></span></span></span></span></span></span></span></span></span></span></span></span></span></span></span></span></span></span></span></p>\n\n<p style=\"border:0px; padding:0px; text-align:start; text-indent:0px; -webkit-text-stroke-width:0px; margin-bottom:10px\"><span style=\"font-size:14px\"><span style=\"background:0px 0px\"><span style=\"box-sizing:border-box\"><span style=\"font-weight:400\"><span style=\"outline:0px\"><span style=\"vertical-align:top\"><span style=\"color:#333333\"><span style=\"font-family:arial, sans-serif\"><span style=\"font-style:normal\"><span style=\"font-variant-ligatures:normal\"><span style=\"font-variant-caps:normal\"><span style=\"letter-spacing:normal\"><span style=\"orphans:2\"><span style=\"text-transform:none\"><span style=\"white-space:normal\"><span style=\"widows:2\"><span style=\"word-spacing:0px\"><span style=\"text-decoration-thickness:initial\"><span style=\"text-decoration-style:initial\"><span style=\"text-decoration-color:initial\"><span style=\"border:0px; font-size:14pt; padding:0px\"><span style=\"background:0px 0px\"><span style=\"box-sizing:border-box\"><span style=\"font-weight:inherit\"><span style=\"outline:0px\"><span style=\"vertical-align:top\"><span style=\"border:0px; background:white; padding:0px\"><span style=\"box-sizing:border-box\"><span style=\"font-weight:inherit\"><span style=\"outline:0px\"><span style=\"vertical-align:top\"><span style=\"line-height:28px\"><span style=\"color:black\"><span style=\"border:0px; font-size:14pt; padding:0px\"><span style=\"background:white\"><span style=\"box-sizing:border-box\"><span style=\"font-weight:inherit\"><span style=\"outline:0px\"><span style=\"vertical-align:top\"><span style=\"line-height:28px\"><span style=\"color:black\">✅ </span></span></span></span></span></span></span></span>Mực một nắng còn có tác dụng cung cấp selen. Đặc sản này có chứa đến 63% là khoáng chất này. Bổ sung selen sẽ giúp ngăn ngừa oxy hóa, chống các bệnh viêm khớp thông qua kiểm soát các gốc tự do.</span></span></span></span></span></span></span></span></span></span></span></span></span></span></span></span></span></span></span></span></span></span></span></span></span></span></span></span></span></span></span></span></span></p>\n\n<p style=\"border:0px; padding:0px; text-align:start; text-indent:0px; -webkit-text-stroke-width:0px; margin-bottom:10px\"><span style=\"font-size:14px\"><span style=\"background:0px 0px\"><span style=\"box-sizing:border-box\"><span style=\"font-weight:400\"><span style=\"outline:0px\"><span style=\"vertical-align:top\"><span style=\"color:#333333\"><span style=\"font-family:arial, sans-serif\"><span style=\"font-style:normal\"><span style=\"font-variant-ligatures:normal\"><span style=\"font-variant-caps:normal\"><span style=\"letter-spacing:normal\"><span style=\"orphans:2\"><span style=\"text-transform:none\"><span style=\"white-space:normal\"><span style=\"widows:2\"><span style=\"word-spacing:0px\"><span style=\"text-decoration-thickness:initial\"><span style=\"text-decoration-style:initial\"><span style=\"text-decoration-color:initial\"><span style=\"border:0px; font-size:14pt; padding:0px\"><span style=\"background:0px 0px\"><span style=\"box-sizing:border-box\"><span style=\"font-weight:inherit\"><span style=\"outline:0px\"><span style=\"vertical-align:top\"><span style=\"border:0px; background:white; padding:0px\"><span style=\"box-sizing:border-box\"><span style=\"font-weight:inherit\"><span style=\"outline:0px\"><span style=\"vertical-align:top\"><span style=\"line-height:28px\"><span style=\"color:black\"><span style=\"border:0px; font-size:14pt; padding:0px\"><span style=\"background:white\"><span style=\"box-sizing:border-box\"><span style=\"font-weight:inherit\"><span style=\"outline:0px\"><span style=\"vertical-align:top\"><span style=\"line-height:28px\"><span style=\"color:black\">✅ </span></span></span></span></span></span></span></span>Mực một nắng còn chứa nhiều protein giúp cơ bắp, móng tay, tóc và da trở nên khỏe mạnh hơn.</span></span></span></span></span></span></span></span></span></span></span></span></span></span></span></span></span></span></span></span></span></span></span></span></span></span></span></span></span></span></span></span></span></p>\n\n<p style=\"border:0px; padding:0px; text-align:start; text-indent:0px; -webkit-text-stroke-width:0px; margin-bottom:10px\"><span style=\"font-size:14px\"><span style=\"background:0px 0px\"><span style=\"box-sizing:border-box\"><span style=\"font-weight:400\"><span style=\"outline:0px\"><span style=\"vertical-align:top\"><span style=\"color:#333333\"><span style=\"font-family:arial, sans-serif\"><span style=\"font-style:normal\"><span style=\"font-variant-ligatures:normal\"><span style=\"font-variant-caps:normal\"><span style=\"letter-spacing:normal\"><span style=\"orphans:2\"><span style=\"text-transform:none\"><span style=\"white-space:normal\"><span style=\"widows:2\"><span style=\"word-spacing:0px\"><span style=\"text-decoration-thickness:initial\"><span style=\"text-decoration-style:initial\"><span style=\"text-decoration-color:initial\"><span style=\"border:0px; font-size:14pt; padding:0px\"><span style=\"background:0px 0px\"><span style=\"box-sizing:border-box\"><span style=\"font-weight:inherit\"><span style=\"outline:0px\"><span style=\"vertical-align:top\"><span style=\"border:0px; background:white; padding:0px\"><span style=\"box-sizing:border-box\"><span style=\"font-weight:inherit\"><span style=\"outline:0px\"><span style=\"vertical-align:top\"><span style=\"line-height:28px\"><span style=\"color:black\"><span style=\"border:0px; font-size:14pt; padding:0px\"><span style=\"background:white\"><span style=\"box-sizing:border-box\"><span style=\"font-weight:inherit\"><span style=\"outline:0px\"><span style=\"vertical-align:top\"><span style=\"line-height:28px\"><span style=\"color:black\">✅ </span></span></span></span></span></span></span></span>Vitamin B3 có trong mực một nắng sẽ giúp ổn định lượng đường trong máu.</span></span></span></span></span></span></span></span></span></span></span></span></span></span></span></span></span></span></span></span></span></span></span></span></span></span></span></span></span></span></span></span></span></p>\n\n<p style=\"border:0px; padding:0px; text-align:start; text-indent:0px; -webkit-text-stroke-width:0px; margin-bottom:10px\"><span style=\"font-size:14px\"><span style=\"background:0px 0px\"><span style=\"box-sizing:border-box\"><span style=\"font-weight:400\"><span style=\"outline:0px\"><span style=\"vertical-align:top\"><span style=\"color:#333333\"><span style=\"font-family:arial, sans-serif\"><span style=\"font-style:normal\"><span style=\"font-variant-ligatures:normal\"><span style=\"font-variant-caps:normal\"><span style=\"letter-spacing:normal\"><span style=\"orphans:2\"><span style=\"text-transform:none\"><span style=\"white-space:normal\"><span style=\"widows:2\"><span style=\"word-spacing:0px\"><span style=\"text-decoration-thickness:initial\"><span style=\"text-decoration-style:initial\"><span style=\"text-decoration-color:initial\"><span style=\"border:0px; font-size:14pt; padding:0px\"><span style=\"background:0px 0px\"><span style=\"box-sizing:border-box\"><span style=\"font-weight:inherit\"><span style=\"outline:0px\"><span style=\"vertical-align:top\"><span style=\"border:0px; background:white; padding:0px\"><span style=\"box-sizing:border-box\"><span style=\"font-weight:inherit\"><span style=\"outline:0px\"><span style=\"vertical-align:top\"><span style=\"line-height:28px\"><span style=\"color:black\"><span style=\"border:0px; font-size:14pt; padding:0px\"><span style=\"background:white\"><span style=\"box-sizing:border-box\"><span style=\"font-weight:inherit\"><span style=\"outline:0px\"><span style=\"vertical-align:top\"><span style=\"line-height:28px\"><span style=\"color:black\">✅</span></span></span></span></span></span></span></span> Khoáng chất kẽm có trong mực giúp ngăn ngừa các bệnh truyền nhiễm và tăng cường hệ thống miễn dịch.</span></span></span></span></span></span></span></span></span></span></span></span></span></span></span></span></span></span></span></span></span></span></span></span></span></span></span></span></span></span></span></span></span></p>\n\n<p style=\"border:0px; padding:0px; text-a', '<p><strong>Mực một nắng Phú Quốc</strong> được làm từ mực Ống được đánh bắt từ vùng biển Phú Quốc, sau đó được rạch ra làm sạch, lột da và cắt phần dè của 3/4 thân trên rồi đem ra phơi nắng, phải chọn nơi nhiều ánh nắng, nắng to để mực được ngon hơn, đảm bảo bên ngoài mực ráo nước nhưng bên trong vẫn còn tươi rói, mực phơi qua 1 nắng hơi ráo, dẻo và có màu trắng đục.</p>', '', '', '', '', '', ''),
(134, 2, 'Đuôi cá hồi Na-uy 500gr', '<p> Theo các nhà phân tích, trong <strong>100g cá hồi</strong> có khoảng:</p>\n\n<p>- 3,1g – EPA, DPA, DHA</p>\n\n<p>- 8 g – Chất béo lành mạnh Omega 3 (trong mỡ cá hồi)</p>\n\n<p>- 5 g – Protein</p>\n\n<p><img data-mce-src=\"https://imua.com.vn/FileUploads/imgfile/$_0.2.png\" src=\"https://imua.com.vn/FileUploads/imgfile/$_0.2.png\" /> Các loại vitamin quan trọng như: A, D, B12</p>\n\n<p>- Nhiều nguyên tố vi lượng như: magie, sắt, kali… (chủ yếu trong thịt cá hồi)</p>\n\n<p>- Ngoài ra cá hồi còn là nguồn cung cấp selen và acid amin có lợi cho cơ thể con người.</p>\n\n<p> </p>\n\n<p><img data-mce-src=\"https://file.hstatic.net/1000155178/file/ca-hoi-phi-le-vi-500g-4_03af01f070594c8d9173b3a089eba9ac.jpg\" data-mce-style=\"display: block; margin-left: auto; margin-right: auto;\" src=\"https://file.hstatic.net/1000155178/file/ca-hoi-phi-le-vi-500g-4_03af01f070594c8d9173b3a089eba9ac.jpg\" /></p>\n\n<p data-mce-style=\"text-align: center;\"><em> Cá hồi là nguồn dinh dưỡng tuyệt vời cho cả gia đình</em></p>\n\n<p> </p>\n\n<p><img data-mce-src=\"https://imua.com.vn/FileUploads/imgfile/$_0.3.gif\" src=\"https://imua.com.vn/FileUploads/imgfile/$_0.3.gif\" /> <strong>Cụ thể, cá hồi mang lại những lợi ích gì cho cả gia đình?</strong></p>\n\n<p><strong><img data-mce-src=\"https://imua.com.vn/FileUploads/imgfile/$_0.2.png\" src=\"https://imua.com.vn/FileUploads/imgfile/$_0.2.png\" /> Là nguồn cung cấp Omega-3 tuyệt vời</strong></p>\n\n<p>Bên cạnh quả óc chó và các loại hạt, mỡ cá hồi phi lê vỉ 500g chính là một trong những nguồn cung cấp a xít béo Omega-3 tốt nhất. A xít béo Omega-3 có tác dụng làm giảm viêm, điều hòa huyết áp cho những người bị cao huyết áp và giảm nguy cơ mắc các bệnh liên quan đến tim mạch và các bệnh khác. Đây là nguồn dinh dưỡng <em>tuyệt vời dành cho các bà mẹ đang mang thai</em>, dành cho bé và những người lớn tuổi.</p>\n\n<p> </p>\n\n<p><img data-mce-src=\"https://file.hstatic.net/1000155178/file/ca-hoi-phi-le-vi-500g-6_f5628087b57a41f9bf27644dd9993d56_grande.jpg\" data-mce-style=\"display: block; margin-left: auto; margin-right: auto;\" src=\"https://file.hstatic.net/1000155178/file/ca-hoi-phi-le-vi-500g-6_f5628087b57a41f9bf27644dd9993d56_grande.jpg\" /></p>\n\n<p data-mce-style=\"text-align: center;\"><em>Cá hồi là nguồn Omega 3 rất tốt cho mẹ, bé và người lớn tuổi </em></p>\n\n<p data-mce-style=\"text-align: center;\"> </p>\n\n<p> <img data-mce-src=\"https://imua.com.vn/FileUploads/imgfile/$_0.2.png\" src=\"https://imua.com.vn/FileUploads/imgfile/$_0.2.png\" /> <strong>Tốt cho tim mạch và ngăn ngừa ung thư</strong></p>\n\n<p>Omega-3 của cá hồi còn có tác dụng làm giảm cholesterol và nồng độ triglyceride trong máu, nhờ đó mà các động mạch tĩnh mạch duy trì được tính linh hoạt, ngăn ngừa cứng thành, xơ vữa động mạch, <em>giảm nguy cơ mắc các bệnh tim mạch, đột quỵ</em> ở những người trung niên hoặc lớn tuổi.</p>\n\n<p>Cá hồi còn được xem là liều thuốc tốt nhất giúp ngăn ngừa sự phát triển của các bệnh ung thư, hỗ trợ giết chết tế bào ung thư ruột kết, tế bào ung thư tuyến tiền liệt, tế bào ung thư vú, ung thư gan và ung thư da, và một số các bệnh nguy hiểm khác.</p>\n\n<p> </p>\n\n<p><img data-mce-src=\"https://file.hstatic.net/1000155178/file/ca-hoi-phi-le-vi-500g-7_4056efbd89ec4d9eaf60f3d7cc3f7357.jpg\" data-mce-style=\"display: block; margin-left: auto; margin-right: auto;\" src=\"https://file.hstatic.net/1000155178/file/ca-hoi-phi-le-vi-500g-7_4056efbd89ec4d9eaf60f3d7cc3f7357.jpg\" /></p>\n\n<p data-mce-style=\"text-align: center;\"><em>Thực phẩm dinh dưỡng cho sức khỏe tim mạch và phòng ngừa ung thư</em></p>\n\n<p data-mce-style=\"text-align: center;\"> </p>\n\n<p data-mce-style=\"text-align: left;\"><em><img data-mce-src=\"https://imua.com.vn/FileUploads/imgfile/$_0.2.png\" src=\"https://imua.com.vn/FileUploads/imgfile/$_0.2.png\" /> </em><strong>Hỗ trợ giảm cân và đẹp da</strong></p>\n\n<p data-mce-style=\"text-align: left;\">- Có thể bạn không biết nhưng  sự thật là ăn cá hồi thường xuyên có thể giúp bạn trong quá trình giảm cân, kiểm soát sự thèm ăn và làm cho bạn cảm thấy no lâu hơn.</p>\n\n<p>- Nếu muốn sở hữu làn da trắng sáng và mịn màng hơn ngay từ bên trongthì cá hồi chính là sự lựa chọn tốt nhất cho bạn. Các chất chống ô xy hóa carotenoid trong cá hồi có thể làm giảm đáng kể ảnh hưởng của các gốc tự do gây hại, gây lão hóa cho da. Vì vậy, nên ăn cá hồi thường xuyên hơn để có làn da rạng rỡ bạn nhé!</p>\n\n<p><img data-mce-src=\"https://file.hstatic.net/1000155178/file/ca-hoi-phi-le-vi-500g-5_3f5e21555f4c4b72bb762bab4d05ce96.jpg\" data-mce-style=\"display: block; margin-left: auto; margin-right: auto;\" src=\"https://file.hstatic.net/1000155178/file/ca-hoi-phi-le-vi-500g-5_3f5e21555f4c4b72bb762bab4d05ce96.jpg\" /></p>\n\n<p data-mce-style=\"text-align: center;\"><em>Nguồn dinh dưỡng yêu thích của làn da và vóc dáng</em></p>\n\n<p> </p>\n\n<p><strong><img data-mce-src=\"https://imua.com.vn/FileUploads/imgfile/$_0.3.gif\" src=\"https://imua.com.vn/FileUploads/imgfile/$_0.3.gif\" /> Tại sao nên chọn mua cá hồi phi lê vỉ 500g tại Chợ Lạc Xoong?</strong></p>\n\n<p>- Chuẩn cá hồi tươi chất lượng được nhập khẩu từ Na Uy</p>\n\n<p>- Cá hồi được đóng gói với công nghệ hiện đại giúp giữ hương vị thơm ngon, chứa hàm lượng chất dinh dưỡng cao.</p>\n\n<p>- Được làm từ cá hồi tươi để nguyên da, được đóng gói ép chân không.</p>\n\n<p>- Đây là loại cá hồi chuyên chế biến nấu ăn, không thích hợp để ăn sống hoặc làm Sashimi.</p>\n\n<p>- Sản phẩm được đóng gói 500g vỉ. Giá trên bao gồm 2 vỉ 500g.</p>\n\n<p> </p>\n\n<p><img data-mce-src=\"https://file.hstatic.net/1000155178/file/ca-hoi-phi-le-vi-500g-5_3f5e21555f4c4b72bb762bab4d05ce96_grande.jpg\" data-mce-style=\"display: block; margin-left: auto; margin-right: auto;\" src=\"https://file.hstatic.net/1000155178/file/ca-hoi-phi-le-vi-500g-5_3f5e21555f4c4b72bb762bab4d05ce96_grande.jpg\" /></p>\n\n<p data-mce-style=\"text-align: center;\"><em>Cá hồi nguyên da ép chân không</em></p>', '<p><img data-mce-src=\"https://imua.com.vn/FileUploads/imgfile/$_0.2.png\" src=\"https://imua.com.vn/FileUploads/imgfile/$_0.2.png\" /> Theo các nhà phân tích, trong <strong>100g cá hồi</strong> có khoảng:</p>\n\n<p>- 3,1g – EPA, DPA, DHA</p>\n\n<p>- 8 g – Chất béo lành mạnh Omega 3 (trong mỡ cá hồi)</p>\n\n<p>- 5 g – Protein</p>\n\n<p><img data-mce-src=\"https://imua.com.vn/FileUploads/imgfile/$_0.2.png\" src=\"https://imua.com.vn/FileUploads/imgfile/$_0.2.png\" /> Các loại vitamin quan trọng như: A, D, B12</p>', '', '', '', '', '', ''),
(135, 2, 'Cá Ngừ Đại Dương', '<p><strong>Cá ngừ đại dương </strong>hay còn gọi là <em><strong>cá bò gù </strong></em>là sinh sống vùng biển ấm, ở tận ngoài biển xa cách bờ độ 185km. Một con con cá ngừ nặng khoảng 40-50kg, cũng có nhiều con nặng cả tạ. Cá ngừ đại dương được xuất khẩu nhiều nước trên thế giới. Cá ngừ đại dương là loại thực phẩm dinh dưỡng được rất nhiều người ưa chuộng. Những miếng cá ngừ đỏ tươi, ngon mát, thơm ngọt đậm đà khiến ai cũng không khỏi bị hấp dẫn.</p>\n\n<figure id=\"attachment_2432\"><img alt=\"Phile cá ngừ đại dương\" height=\"993\" sizes=\"(max-width: 800px) 100vw, 800px\" src=\"https://haisanhoanglong.com/wp-content/uploads/2019/12/Phile-c%C3%A1-ng%E1%BB%AB-%C4%91%E1%BA%A1i-d%C6%B0%C6%A1ng-1.jpg\" srcset=\"https://haisanhoanglong.com/wp-content/uploads/2019/12/Phile-cá-ngừ-đại-dương-1.jpg 800w, https://haisanhoanglong.com/wp-content/uploads/2019/12/Phile-cá-ngừ-đại-dương-1-322x400.jpg 322w, https://haisanhoanglong.com/wp-content/uploads/2019/12/Phile-cá-ngừ-đại-dương-1-768x953.jpg 768w, https://haisanhoanglong.com/wp-content/uploads/2019/12/Phile-cá-ngừ-đại-dương-1-645x800.jpg 645w, https://haisanhoanglong.com/wp-content/uploads/2019/12/Phile-cá-ngừ-đại-dương-1-600x745.jpg 600w\" width=\"800\" />\n<figcaption>Phile cá ngừ đại dương</figcaption>\n</figure>\n\n<p>Cá ngừ có thân hình thoi, dài, hai bên hơi dẹt. Hai vây lưng gần nhau, sau vây lưng thứ hai có 8 – 10 vây phụ. Vây ngực khá dài đặc biệt là ở cá thể còn nhỏ. Vây lưng thứ hai và vây hậu môn không dài như cá Ngừ Vây vàng. Vảy trên thân rất nhỏ. Mắt to và rất bổ dưỡng. Lưng màu xanh sẫm ánh kim loại. Nửa thân dưới và bụng màu trắng nhạt. Vây lưng thứ nhất màu vàng sẫm, vây lưng thứ hai và vây hậu môn màu vàn nhạt. Vây phụ màu vàng tươi có viền đen. Đây là một trong loài cá được khai thác và xuất khẩu nhiều nhất là ở thị trường Nhật Bản</p>\n\n<p><strong>Cá ngừ Đại dương cắt lát, cắt khúc</strong> là sản phẩm được nhiều khách hàng yêu thích vì dễ dàng khi chế biến món ăn ngon và nhiều chất dinh dưỡng cho gia đình. Cá ngừ đại dương cắt lát với những mô liên kết và mỡ đan xen bên trong thịt cá tạo thành những đường vân đều đặn, đẹp mắt, khi ăn có độ mềm, ngậy béo hơn phần cắt Saku.</p>\n\n<figure id=\"attachment_2426\"><img alt=\"Cá ngừ đại dương Saku\" height=\"532\" sizes=\"(max-width: 800px) 100vw, 800px\" src=\"https://haisanhoanglong.com/wp-content/uploads/2019/12/C%C3%81-NG%E1%BB%AA-SAKU-1.jpg\" srcset=\"https://haisanhoanglong.com/wp-content/uploads/2019/12/CÁ-NGỪ-SAKU-1.jpg 800w, https://haisanhoanglong.com/wp-content/uploads/2019/12/CÁ-NGỪ-SAKU-1-602x400.jpg 602w, https://haisanhoanglong.com/wp-content/uploads/2019/12/CÁ-NGỪ-SAKU-1-768x511.jpg 768w, https://haisanhoanglong.com/wp-content/uploads/2019/12/CÁ-NGỪ-SAKU-1-600x399.jpg 600w\" width=\"800\" />\n<figcaption>Cá ngừ đại dương Saku</figcaption>\n</figure>\n\n<figure id=\"attachment_2427\"><img alt=\"Cá ngừ đại dương Steak\" height=\"532\" sizes=\"(max-width: 800px) 100vw, 800px\" src=\"https://haisanhoanglong.com/wp-content/uploads/2019/12/C%C3%81-NG%E1%BB%AA-STEAK.jpg\" srcset=\"https://haisanhoanglong.com/wp-content/uploads/2019/12/CÁ-NGỪ-STEAK.jpg 800w, https://haisanhoanglong.com/wp-content/uploads/2019/12/CÁ-NGỪ-STEAK-602x400.jpg 602w, https://haisanhoanglong.com/wp-content/uploads/2019/12/CÁ-NGỪ-STEAK-768x511.jpg 768w, https://haisanhoanglong.com/wp-content/uploads/2019/12/CÁ-NGỪ-STEAK-600x399.jpg 600w\" width=\"800\" />\n<figcaption>Cá ngừ đại dương Steak</figcaption>\n</figure>\n\n<p>Đây là phần thịt nằm trên thăn lưng cá ngừ, là phần vận động nhiều nhất khi cá bơi ở đại dương nên có màu đỏ nhất trong các phần thịt của cá. Đặc trưng của cá ngừ đại dương cắt Saku là ngọt thơm, khi ăn thịt chắc, dẻo và độ nạc cao – phù hợp với hầu hết khẩu vị của khách hàng.</p>\n\n<p>Cá cắt theo khúc hình chữ nhật là phần ngon nhất của cá ngừ đại dương sau khi đánh bắt lên vẫn còn tươi và cho vào hệ thống máy xử lý. Từng lát cá được cắt bằng máy cưa cho ra sản phẩm <strong>Cá Ngừ Cắt Saku Sashimi</strong> đẹp và chuẩn .</p>\n\n<figure id=\"attachment_2429\"><img alt=\"Cá ngừ đại dương cắt Saku đẹp mắt.\" height=\"648\" sizes=\"(max-width: 800px) 100vw, 800px\" src=\"https://haisanhoanglong.com/wp-content/uploads/2019/12/C%C3%A1-ng%E1%BB%AB-%C4%91%E1%BA%A1i-d%C6%B0%C6%A1ng-c%E1%BA%AFt-Saku-%C4%91%E1%BA%B9p-m%E1%BA%AFt.-1.jpg\" srcset=\"https://haisanhoanglong.com/wp-content/uploads/2019/12/Cá-ngừ-đại-dương-cắt-Saku-đẹp-mắt.-1.jpg 800w, https://haisanhoanglong.com/wp-content/uploads/2019/12/Cá-ngừ-đại-dương-cắt-Saku-đẹp-mắt.-1-494x400.jpg 494w, https://haisanhoanglong.com/wp-content/uploads/2019/12/Cá-ngừ-đại-dương-cắt-Saku-đẹp-mắt.-1-768x622.jpg 768w, https://haisanhoanglong.com/wp-content/uploads/2019/12/Cá-ngừ-đại-dương-cắt-Saku-đẹp-mắt.-1-600x486.jpg 600w\" width=\"800\" />\n<figcaption>Cá ngừ đại dương cắt Saku đẹp mắt.</figcaption>\n</figure>\n\n<p>Cá ngừ rất giàu Omega 3 có lợi cho sức khỏe tim mạch, Omega 3 trong thịt cá ngừ còn chống lại những bệnh ung thư nhất định như ung thư vú , ung thư ruột kết và ung thư thận… và làm giảm nguy cơ mắc bệnh bạch cầu hiệu quả.  Ngoài những chức năng trên, ăn cá ngừ thường xuyên trong bữa ăn sẽ giúp cơ thể kiểm soát huyết áp ổn định, hỗ trợ giải độc hiệu quả nhờ chức năng sản xuất gluthathione peroxidase của Omega 3 từ đó mang đến một lá gan khỏe mạnh.</p>\n\n<figure id=\"attachment_2421\"><img alt=\"Những miếng thịt cá ngọt thơm ngon, tươi rói được chấm cùng nước tương Nhật đậm đà, ăn cùng chút mù tạt cay nồng khiến ai ăn rồi vẫn sẽ nhớ mãi.\" height=\"897\" sizes=\"(max-width: 800px) 100vw, 800px\" src=\"https://haisanhoanglong.com/wp-content/uploads/2019/12/Nh%E1%BB%AFng-mi%E1%BA%BFng-th%E1%BB%8Bt-c%C3%A1-ng%E1%BB%8Dt-th%C6%A1m-ngon-t%C6%B0%C6%A1i-r%C3%B3i-%C4%91%C6%B0%E1%BB%A3c-ch%E1%BA%A5m-c%C3%B9ng-n%C6%B0%E1%BB%9Bc-t%C6%B0%C6%A1ng-Nh%E1%BA%ADt-%C4%91%E1%BA%ADm-%C4%91%C3%A0-%C4%83n-c%C3%B9ng-ch%C3%BAt-m%C3%B9-t%E1%BA%A1t-cay-n%E1%BB%93ng-khi%E1%BA%BFn-ai-%C4%83n-r%E1%BB%93i-v%E1%BA%ABn-s%E1%BA%BD-nh%E1%BB%9B-m%C3%A3i..jpg\" srcset=\"https://haisanhoanglong.com/wp-content/uploads/2019/12/Những-miếng-thịt-cá-ngọt-thơm-ngon-tươi-rói-được-chấm-cùng-nước-tương-Nhật-đậm-đà-ăn-cùng-chút-mù-tạt-cay-nồng-khiến-ai-ăn-rồi-vẫn-sẽ-nhớ-mãi..jpg 800w, https://haisanhoanglong.com/wp-content/uploads/2019/12/Những-miếng-thịt-cá-ngọt-thơm-ngon-tươi-rói-được-chấm-cùng-nước-tương-Nhật-đậm-đà-ăn-cùng-chút-mù-tạt-cay-nồng-khiến-ai-ăn-rồi-vẫn-sẽ-nhớ-mãi.-357x400.jpg 357w, https://haisanhoanglong.com/wp-content/uploads/2019/12/Những-miếng-thịt-cá-ngọt-thơm-ngon-tươi-rói-được-chấm-cùng-nước-tương-Nhật-đậm-đà-ăn-cùng-chút-mù-tạt-cay-nồng-khiến-ai-ăn-rồi-vẫn-sẽ-nhớ-mãi.-768x861.jpg 768w, https://haisanhoanglong.com/wp-content/uploads/2019/12/Những-miếng-thịt-cá-ngọt-thơm-ngon-tươi-rói-được-chấm-cùng-nước-tương-Nhật-đậm-đà-ăn-cùng-chút-mù-tạt-cay-nồng-khiến-ai-ăn-rồi-vẫn-sẽ-nhớ-mãi.-713x800.jpg 713w, https://haisanhoanglong.com/wp-content/uploads/2019/12/Những-miếng-thịt-cá-ngọt-thơm-ngon-tươi-rói-được-chấm-cùng-nước-tương-Nhật-đậm-đà-ăn-cùng-chút-mù-tạt-cay-nồng-khiến-ai-ăn-rồi-vẫn-sẽ-nhớ-mãi.-600x673.jpg 600w\" width=\"800\" />\n<figcaption>Những miếng thịt cá ngọt thơm ngon, tươi rói được chấm cùng nước tương Nhật đậm đà, ăn cùng chút mù tạt cay nồng khiến ai ăn rồi vẫn sẽ nhớ mãi.</figcaption>\n</figure>\n\n<p><strong>Nguồn dinh dưỡng từ Cá Ngừ Đại Dương</strong><br />\n<strong>– Giảm cân và làm đẹp</strong></p>\n\n<p>Sống trong môi trường đại dương, cá ngừ là loài cá rất sạch, ít chất béo, ít calo, giàu protein và các chất dinh dưỡng như: DHA, Omega-3, EPA, taurin,… Ăn cá ngừ không chỉ giúp duy trì một thân hình eo thon mà còn có thể cân bằng các chất dinh dưỡng cho cơ thể. Vì vậy cá ngừ là một thực phẩm lý tưởng cho những ai muốn giảm cân.<br />\n<strong>– Bổ mắt</strong></p>\n\n<p>Hiện nay trong thời đại công nghệ phát triển, theo khảo sát thì trung bình mỗi người làm việc với máy tính ít nhất 5 giờ trong 1 ngày, vì thế các bệnh về mắt như: mỏi mắt, khô mắt hay cận thị ngày càng gia tăng. Omega 3 có tác dụng bảo vệ, hỗ trợ và giúp cải thiện thị lực. Cá ngừ rất giàu Omega 3, vì vậy đối với những người đang mắc các bệnh về mắt thì ăn cá ngừ rất tốt. Không những làm giảm nguy cơ rối loạn mắt, lượng Omega 3 trong cá ngừ còn ngăn chặn mắt khỏi tình trạng thoái hóa điểm vàng.</p>\n\n<p><strong>– Phòng ngừa thiếu sắt và thiếu máu</strong></p>\n\n<p>Sắt là một yếu tố không thể thiếu trong cơ thể mỗi người. Thịt của cá ngừ rất giàu sắt và vitamin B12. Nếu bạn thường xuyên ăn cá ngừ có thể bổ sung sắt và ngăn ngừa thiếu máu. Một điểm cần lưu ý trong, cá ngừ có chứa hàm lượng thủy ngân khá cao vì vậy khi chế biến bạn cần lọc hết phần da cá sau đó cho vào ngăn đá từ 30 phút cho đến 1 tiếng trước khi chế biến để làm giảm lượng thủy ngân (vì thủy ngân khi gặp lạnh sẽ co lại và thoát ra ngoài).</p>\n\n<p><strong>– Tốt cho phụ nữ có thai</strong></p>\n\n<p>Theo nghiên cứu cá là loại thực phẩm rất tốt cho não bộ. Cá ngừ rất giàu axit béo và hàm lượng omega 3 đây là thành phần hỗ trợ phát triển trí não. Trong thời kỳ mang thai nếu người mẹ ăn cá trong 3 tháng giữa của thai kỳ sẽ giúp não bộ của thai nhi phát triển tốt 1 cách hoàn thiện.</p>\n\n<p><em> Lưu ý:</em> Đối với phụ nữ mang thai việc ăn cá ngừ rất tốt nhưng cần hạn chế sử dụng nhiều các loại cá ngừ đóng hộp, vì trong đó có chứa hàm lượng thủy ngân, chất bảo quản không tốt cho sức khỏe của cả người mẹ và thai nhi, nên sử dụng cá ngừ tươi sống vừa phải 1 tháng dùng 1 lần.</p>\n\n<p><strong>– Giúp bảo vệ gan và tăng cường chức năng gan</strong></p>\n\n<p>Gan là cơ quan nội tạng lớn nhất của cơ thể liên quan tới quá trình trao đổi chất, tiêu hóa, tích trữ các chất dinh dưỡng và loại bỏ độc tố. Vì vậy cần phải duy trì sức khỏe gan để duy trì sức khỏe chung. Cá ngừ rất giàu DHA, EPA và taurine, có thể giảm chất béo trong máu và thúc đẩy sự tái sinh của các tế bào gan. Thường xuyên ăn cá ngừ không những có thể bảo vệ gan mà còn giúp tăng cường chức năng bài tiết làm giảm tỷ lệ mắc các bệnh về gan.</p>\n\n<p><strong>– Ngăn ngừa xơ vữa động mạch</strong></p>\n\n<p>Xơ vữa động mạch đang là 1 căn bệnh phổ biến trong cuộc sống hiện đại ngày nay, là nguyên nhân gây ra các bệnh nguy hiểm như: nhồi máu cơ tim, tăng huyết áp hay đột quỵ,…  nó được tích tụ dần dần theo thời gian mà không xuất hiện ngay lập tức đặc biệt nghiêm trọng đối với người cao tuổi. Ăn cá ngừ đem lại hiệu quả bất ngờ vì làm giảm độ lipid trong máu và giúp ngăn ngừa xơ vữa động mạch.</p>\n\n<figure id=\"attachment_2433\"><img alt=\"Cá ngừ đại dương không những là món ăn ngon mà rất giàu dinh dưỡng.\" height=\"800\" sizes=\"(max-width: 800px) 100vw, 800px\" src=\"https://haisanhoanglong.com/wp-content/uploads/2019/12/C%C3%A1-ng%E1%BB%AB-%C4%91%E1%BA%A1i-d%C6%B0%C6%A1ng-kh%C3%B4ng-nh%E1%BB%AFng-l%C3%A0-m%C3%B3n-%C4%83n-ngon-m%C3%A0-r%E1%BA%A5t-gi%C3%A0u-dinh-d%C6%B0%E1%BB%A1ng..jpg\" srcset=\"https://haisanhoanglong.com/wp-content/uploads/2019/12/Cá-ngừ-đại-dương-không-những-là-món-ăn-ngon-mà-rất-giàu-dinh-dưỡng..jpg 800w, https://haisanhoanglong.com/wp-content/uploads/2019/12/Cá-ngừ-đại-dương-không-những-là-món-ăn-ngon-mà-rất-giàu-dinh-dưỡng.-280x280.jpg 280w, https://haisanhoanglong.com/wp-content/uploads/2019/12/Cá-ngừ-đại-dương-không-những-là-món-ăn-ngon-mà-rất-giàu-dinh-dưỡng.-400x400.jpg 400w, https://haisanhoanglong.com/wp-content/uploads/2019/12/Cá-ngừ-đại-dương-không-những-là-món-ăn-ngon-mà-rất-giàu-dinh-dưỡng.-768x768.jpg 768w, https://haisanhoanglong.com/wp-content/uploads/2019/12/Cá-ngừ-đại-dương-không-những-là-món-ăn-ngon-mà-rất-giàu-dinh-dưỡng.-300x300.jpg 300w, https://haisanhoanglong.com/wp-content/uploads/2019/12/Cá-ngừ-đại-dương-không-những-là-món-ăn-ngon-mà-rất-giàu-dinh-dưỡng.-600x600.jpg 600w, https://haisanhoanglong.com/wp-content/uploads/2019/12/Cá-ngừ-đại-dương-không-những-là-món-ăn-ngon-mà-rất-giàu-dinh-dưỡng.-100x100.jpg 100w\" width=\"800\" />\n<figcaption>Cá ngừ đại dương không những là món ăn ngon mà rất giàu dinh dưỡng.</figcaption>\n</figure>\n\n<p><strong>– Giảm cholesterol xấu</strong></p>\n\n<p>Nồng độ cholesterol trong máu cao làm tăng nguy cơ mắc các bệnh về tim mạch và tiểu đường. Để giảm lượng cholesterol trong máu bạn cần phải lựa chọn cho mình những thực phẩm tốt cho sức khỏe. Những món ăn được chế biến từ cá ngừ không chỉ ngon mà còn rất bổ dưỡng, làm giảm lượng cholesterol xấu trong cơ thể, duy trì sức đề kháng.</p>\n\n<p><strong>– Kích hoạt tế bào não, thúc đẩy hoạt động não bộ</strong></p>\n\n<p>Trong cá ngừ có chứa rất nhiều DHA, 1 loại axit béo chưa bão hòa mà con người không thể tự sản xuất ra được. Đây là 1 trong những chất dinh dưỡng thiết yếu cho hoạt động của não bộ. DHA giúp tăng cường trí nhớ, tái tạo tế bào não và ngăn ngừa bệnh Alzheimer. Ngoài ra, DHA có thể làm mềm võng mạc, tăng cường thị lực, cải thiện chức năng phản xạ võng mạc ngăn ngừa cận thị.</p>\n\n<p>Trên đây là những lợi ích tuyệt vời của cá ngừ đại dương mà <strong>haisansaigon </strong>muốn chia sẻ với bạn. Hy vọng đã mang đến cho bạn nhiều thông tin hữu ích. Còn chần chừ gì nữa hãy lựa chọn ngay thực phẩm tuyệt vời này cho bữa cơm nhà bạn. Chúc bạn một ngày mới tốt lành!</p>\n\n<p>Cá ngừ đại dương được cắt thành các khúc, cắt lát và được đóng gói thành các túi 500g, mỗi túi khoảng 4-5 miếng cá ngừ và các túi đều được hút chân không để đảm bảo chất lượng thịt cá ngừ</p>\n\n<p>Cá ngừ đại dương cắt lát với những mô liên kết và mỡ đan xen bên trong thịt cá tạo thành những đường vân đều đặn, đẹp mắt, khi ăn có độ mềm, ngậy béo hơn phần cắt Saku.</p>\n\n<p>Cá ngừ là thực phẩm giàu dinh dưỡng, có thể chế biến được nhiều món trong bữa ăn hàng ngày. Cùng với các thực phẩm khác, bạn có thể chế biến cá ngừ sốt cà chua, cá ngừ nướng vang đỏ, cá ngừ lúc lắc hoặc có thể làm sashimi cá ngừ, gỏi cá ngừ, lẩu… đều rất ngon miệng mà lại cực kỳ bổ dưỡng.<br />\n<strong>Chế biến món Cá Ngừ Đại Dương áp chảo</strong></p>\n\n<figure id=\"attachment_2424\"><img alt=\"Steak Cá Ngừ Đại Dương\" height=\"545\" sizes=\"(max-width: 800px) 100vw, 800px\" src=\"https://haisanhoanglong.com/wp-content/uploads/2019/12/Steak-C%C3%A1-Ng%E1%BB%AB-%C4%90%E1%BA%A1i-D%C6%B0%C6%A1ng.jpg\" srcset=\"https://haisanhoanglong.com/wp-content/uploads/2019/12/Steak-Cá-Ngừ-Đại-Dương.jpg 800w, https://haisanhoanglong.com/wp-content/uploads/2019/12/Steak-Cá-Ngừ-Đại-Dương-587x400.jpg 587w, https://haisanhoanglong.com/wp-content/uploads/2019/12/Steak-Cá-Ngừ-Đại-Dương-768x523.jpg 768w, https://haisanhoanglong.com/wp-content/uploads/2019/12/Steak-Cá-Ngừ-Đại-Dương-600x409.jpg 600w\" width=\"800\" />\n<figcaption>Cá Ngừ Đại Dương áp chảo</figcaption>\n</figure>\n\n<p><strong>Nguyên liệu cho 1 phần ăn:</strong></p>\n\n<ul>\n	<li>Cá ngừ: 250g</li>\n	<li>Ớt Đà Lạt xanh: 30g</li>\n	<li>Ớt Đà Lạt đỏ: 30g</li>\n	<li>1/2 củ hành tây</li>\n	<li>2 thìa cà-phê hạt nêm</li>\n	<li>1/4 thìa cà-phê tiêu</li>\n	<li>1/4 thìa cà-phê ớt bột</li>\n	<li>1 thìa cà-phê mù tạt</li>\n	<li>1 thìa cà-phê tỏi băm</li>\n	<li>1 thìa cà-phê nước tương</li>\n	<li>Dầu ăn, rau mùi, rượu trắng.</li>\n</ul>\n\n<figure id=\"attachment_2434\"><img alt=\"Cá ngừ đại dương áp chảo.\" height=\"450\" sizes=\"(max-width: 800px) 100vw, 800px\" src=\"https://haisanhoanglong.com/wp-content/uploads/2019/12/C%C3%A1-ng%E1%BB%AB-%C4%91%E1%BA%A1i-d%C6%B0%C6%A1ng-%C3%A1p-ch%E1%BA%A3o..jpg\" srcset=\"https://haisanhoanglong.com/wp-content/uploads/2019/12/Cá-ngừ-đại-dương-áp-chảo..jpg 800w, https://haisanhoanglong.com/wp-content/uploads/2019/12/Cá-ngừ-đại-dương-áp-chảo.-711x400.jpg 711w, https://haisanhoanglong.com/wp-content/uploads/2019/12/Cá-ngừ-đại-dương-áp-chảo.-768x432.jpg 768w, https://haisanhoanglong.com/wp-content/uploads/2019/12/Cá-ngừ-đại-dương-áp-chảo.-600x338.jpg 600w\" width=\"800\" />\n<figcaption>Cá ngừ đại dương áp chảo.</figcaption>\n</figure>\n\n<p><strong>Cách làm:</strong></p>\n\n<p>Cá ngừ rửa qua với rượu trắng sau đó ướp với 1 thìa cà-phê hạt nêm, tiêu và ớt bột.</p>\n\n<p>Ớt Đà Lạt rửa bổ đôi loại bỏ hạt, thái miếng vuông.</p>\n\n<p>Hành tây thái miếng vuông.</p>\n\n<p>Đun nóng dầu ăn, cho cá vào áp chảo tới khi cá ngừ vàng đều các mặt.</p>\n\n<p>Để cá hơi nguội, thái miếng vừa ăn.</p>\n\n<p>Phi thơm tỏi băm với dầu ăn, cho ớt Đà Lạt và hành tây vào xào chín, nêm 1 thìa cà-phê hạt nêm, tắt lửa, cho cá vào trộn đều.</p>\n\n<p>Trộn đều mù tạt với nước tương và dầu ăn để làm nước chấm.</p>\n\n<p>Sắp cá ngừ và rau củ chín ra đĩa. Trang trí với rau mùi, dùng kèm với nước chấm.</p>\n\n<figure id=\"attachment_2430\"><img alt=\"Cá ngừ đại dương áp chảo trộn rau củ món ngon giàu dinh dưỡng.\" height=\"522\" sizes=\"(max-width: 800px) 100vw, 800px\" src=\"https://haisanhoanglong.com/wp-content/uploads/2019/12/C%C3%A1-ng%E1%BB%AB-%C4%91%E1%BA%A1i-d%C6%B0%C6%A1ng-%C3%A1p-ch%E1%BA%A3o-tr%E1%BB%99n-rau-c%E1%BB%A7-m%C3%B3n-ngon-gi%C3%A0u-dinh-d%C6%B0%E1%BB%A1ng..jpg\" srcset=\"https://haisanhoanglong.com/wp-content/uploads/2019/12/Cá-ngừ-đại-dương-áp-chảo-trộn-rau-củ-món-ngon-giàu-dinh-dưỡng..jpg 800w, https://haisanhoanglong.com/wp-content/uploads/2019/12/Cá-ngừ-đại-dương-áp-chảo-trộn-rau-củ-món-ngon-giàu-dinh-dưỡng.-613x400.jpg 613w, https://haisanhoanglong.com/wp-content/uploads/2019/12/Cá-ngừ-đại-dương-áp-chảo-trộn-rau-củ-món-ngon-giàu-dinh-dưỡng.-768x501.jpg 768w, https://haisanhoanglong.com/wp-content/uploads/2019/12/Cá-ngừ-đại-dương-áp-chảo-trộn-rau-củ-món-ngon-giàu-dinh-dưỡng.-600x392.jpg 600w\" width=\"800\" />\n<figcaption>Cá ngừ đại dương áp chảo trộn rau củ món ngon giàu dinh dưỡng.</figcaption>\n</figure>', '<p><strong>Cá ngừ đại dương</strong> là loại hải sản đặc biệt ngon, được chế biến thành nhiều món ăn bổ dưỡng. Cá ngừ đại dương chứa nhiều Omega-3, không nhiều chất béo, giúp hạ huyết áp, giảm đau, viêm khớp, giảm chứng hen suyễn, sáng mắt, là thực phẩm bổ dưỡng trong quá trình tăng trưởng và phát triển của trẻ em.<br />\nNgoài ra cá ngừ đại dương còn là nguyên liệu làm đẹp da, giảm béo, chống lão hóa hiệu quả, có nhiều loại thực phẩm chức năng, dược liệu được chế biến từ cá ngừ đại dương.</p>\n\n<p><strong>Cá ngừ đại dương saku giá 390.000đ/kg</strong><br />\n<strong>Cá ngư steak giá 290.000đ/kg</strong><br />\n<strong>Size 500-700gr/miếng</strong></p>', '', '', '', '', '', ''),
(136, 2, 'Cá Trích Ép Trứng Nhật Bản', '<p>Nếu yêu thích đất nước Nhật Bản, văn hóa ẩm thực của người Nhật Bản chắc chắn bạn sẽ không thể bỏ qua hương vị của cá trích ép trứng. Không theo kiểu thể hiện hoành tráng về số lượng như ẩm thực Trung Hoa, hương vị không quá nồng đậm như món ăn Ấn Độ, ẩm thực Nhật Bản nghiêng về sự bắt mắt và tinh tế. Nhằm mang Nhật Bản đến gần với Việt Nam, tại Cahoinhap đã về món ăn đặc biệt này.</p>\n\n<p><strong>1. Cá trích ép trứng là gì?</strong><br />\nCá trích ép trứng có tên tiếng Nhật là: KANZUNOKO NISHIN, là một món cá sống sashimi. Cá trích ép trứng được làm từ những lát phi-lê cá trích ở lớp trên, lớp dưới là ép trứng cá chuồn tạo thành khối cá liền nhau. Cá trích được chín tái nhờ ngâm giấm, có vị bùi, béo ngậy cộng với vị giòn từ những bóng trứng cá vỡ tan trong miệng, tạo cảm giác thích thú khi thưởng thức.</p>\n\n<p><img alt=\"\" height=\"461\" src=\"https://www.cahoinhap.com/uploads/files/2020/06/06/c-tr-ch-p-tr-ng-nh-t-sashimi-king.jpg\" width=\"461\" /></p>\n\n<p> </p>\n\n<p>Không chỉ đơn thuần là một món ăn bổ dưỡng, sushi cá trích ép trứng còn mang theo câu chuyện, ước mong sung túc, bình an. Món ăn này đặc trưng cho ngày Tết của người Nhật Bản như người Việt Nam không thể thiếu bánh chưng. Không chỉ vậy, nó còn là một trong những món được ưa thích quanh năm của người Nhật. Với người Nhật món ăn luôn mang lại may mắn và hạnh phúc vì vậy nguyên liệu và cách chế biến rất được coi trọng.</p>\n\n<p>Cá trích ép trứng có nhiều vị khác nhau như: cá trích vàng - vị tự nhiên, cá trích đỏ - vị gừng hồng muối, cá trích xanh - vị mù tạt. Tùy theo khẩu vị của mình mà thực khách chọn ra vị cá trích ép trứng mà mình thích. Đảm bảo sẽ cho cảm giác thèm thuồng, muốn ăn nữa trong lần đầu thưởng thức.</p>\n\n<p>Tại Cahoinhap, hương vị món ăn được khẳng định từ bước lựa chọn nguyên liệu. Sau khi thu hoạch, hải sản được nhà hàng thực hiện bảo quản đúng quy cách với các bước làm sạch bằng muối, rửa sạch, loại bỏ các vi khuẩn và bảo quản trong môi trường đông lạnh. Bên cạnh đó, một số cách chế biến cá trích ép trứng cũng được áp dụng theo đúng quy cách của món ăn như ngâm nước tương, sake, mirin.</p>\n\n<p><strong>2. Một số công dụng của món cá trích ép trứng</strong><br />\n- Tăng cường sức khỏe thai nhi: Cá trích ép trứng Nhật Bản có chứa hàm lượng DHA dồi dào và lượng dầu cá rất cao, tốt cho sự phát triển hệ thần kinh và trí não của thai nhi.<br />\n- Giảm nguy cơ mắc ung thư gan: cá trích, cá thu, cá mòi có chưa hàm lượng omega3 rất cao, đây là loại acid béo rất tốt cho sức khỏe, đặc biệt là những người bị bệnh gan. Những người gan yếu, bị bệnh về gan nếu sử dụng sản phẩm cá trích thường xuyên sẽ giảm được gánh nặng cho gan, giúp ngăn ngừa ung thư gan.<br />\ná trích ép trứng Nhật</p>\n\n<p><img alt=\"\" height=\"476\" src=\"https://www.cahoinhap.com/uploads/files/2020/06/06/ca-trich-ep-trung-4-.jpg\" width=\"476\" /></p>\n\n<p>- Giảm nguy cơ mắc bệnh tim mạch, tiểu đường, huyết áp: Một nghiên cứu về tầm ảnh hưởng của cá trích đối với sức khỏe của con người đã chỉ ra rằng những người thường xuyên ăn cá trích thì hàm lượng cholesterol tốt sẽ tăng và hàm lượng cholesterol xấu sẽ dần bị loại bỏ.Ngoài ra, dầu trong cá trích cũng góp phần làm loãng cholesterol trong máu, hạ đường huyết, từ đó góp phần làm giảm nguy cơ mắc bệnh tiểu đường.</p>\n\n<p><br />\n<strong>3. Các món ăn ngon với cá trích ép trứng</strong><br />\nVì đã được sơ chế cho việc ăn sống, nên cá trích ép trứng không thích hợp với những món chế biến chín với lửa. Nó thường được dùng kèm với cơm nắm, cá hồi phi-lê chấm mù tạt đều ngon. Cá trích ép trứng cuộn cơm: cơm dẻo được nắm thành khối chặt, đặt miếng cá trích ép trứng lên trên, dùng rong biển cuộn chặt và thưởng thức. Là món ăn khá phổ biến trong các quán ăn, nhà hàng tại Nhật.<br />\nCá trích ép trứng với rong nho: là món ăn vừa ngon, vừa bổ dưỡng. Cá trích chứa nhiều protein, vitamin và khoáng chất giúp khỏe mạnh, rong nho chứa nhiều sinh tố, canxi, sắt giúp đẹp da, đẹp dáng.</p>\n\n<p><br />\n<img alt=\"\" height=\"398\" src=\"https://www.cahoinhap.com/uploads/files/2020/06/06/nishin.png\" width=\"597\" /><br />\nCá trích ép trứng có vị ngon rất đặc biệt! Bạn có thể cảm nhận độ giòn của trứng cá - khi cắn trứng vỡ ra rất ngon và giòn, nhiều người còn cảm nhận cá trích ép trứng ngon hơn Sashimi cá hồi rất nhiều.</p>', '', '', '', '', '', '', ''),
(137, 2, 'Cá hồi phi lê vỉ 500gr - set 2 vỉ', '<p><img data-mce-src=\"https://imua.com.vn/FileUploads/imgfile/$_0.2.png\" src=\"https://imua.com.vn/FileUploads/imgfile/$_0.2.png\" /> Cá hồi phi lê vỉ 500gr được nhiều người biết đến với hương vị thơm ngon, mà còn là một trong số những thực phẩm chứa hàm lượng chất dinh dưỡng cao nhất như protein, vitamin D và đặc biệt là axit béo omega 3,…</p>\n\n<p><img data-mce-src=\"https://imua.com.vn/FileUploads/imgfile/$_0.2.png\" src=\"https://imua.com.vn/FileUploads/imgfile/$_0.2.png\" /> Theo các nhà phân tích, trong <strong>100g cá hồi</strong> có khoảng:</p>\n\n<p>- 3,1g – EPA, DPA, DHA</p>\n\n<p>- 8 g – Chất béo lành mạnh Omega 3 (trong mỡ cá hồi)</p>\n\n<p>- 5 g – Protein</p>\n\n<p><img data-mce-src=\"https://imua.com.vn/FileUploads/imgfile/$_0.2.png\" src=\"https://imua.com.vn/FileUploads/imgfile/$_0.2.png\" /> Các loại vitamin quan trọng như: A, D, B12</p>\n\n<p>- Nhiều nguyên tố vi lượng như: magie, sắt, kali… (chủ yếu trong thịt cá hồi)</p>\n\n<p>- Ngoài ra cá hồi còn là nguồn cung cấp selen và acid amin có lợi cho cơ thể con người.</p>\n\n<p> </p>\n\n<p><img data-mce-src=\"https://file.hstatic.net/1000155178/file/ca-hoi-phi-le-vi-500g-4_03af01f070594c8d9173b3a089eba9ac.jpg\" data-mce-style=\"display: block; margin-left: auto; margin-right: auto;\" src=\"https://file.hstatic.net/1000155178/file/ca-hoi-phi-le-vi-500g-4_03af01f070594c8d9173b3a089eba9ac.jpg\" /></p>\n\n<p data-mce-style=\"text-align: center;\"><em> Cá hồi là nguồn dinh dưỡng tuyệt vời cho cả gia đình</em></p>\n\n<p> </p>\n\n<p><img data-mce-src=\"https://imua.com.vn/FileUploads/imgfile/$_0.3.gif\" src=\"https://imua.com.vn/FileUploads/imgfile/$_0.3.gif\" /> <strong>Cụ thể, cá hồi mang lại những lợi ích gì cho cả gia đình?</strong></p>\n\n<p><strong><img data-mce-src=\"https://imua.com.vn/FileUploads/imgfile/$_0.2.png\" src=\"https://imua.com.vn/FileUploads/imgfile/$_0.2.png\" /> Là nguồn cung cấp Omega-3 tuyệt vời</strong></p>\n\n<p>Bên cạnh quả óc chó và các loại hạt, mỡ cá hồi phi lê vỉ 500g chính là một trong những nguồn cung cấp a xít béo Omega-3 tốt nhất. A xít béo Omega-3 có tác dụng làm giảm viêm, điều hòa huyết áp cho những người bị cao huyết áp và giảm nguy cơ mắc các bệnh liên quan đến tim mạch và các bệnh khác. Đây là nguồn dinh dưỡng <em>tuyệt vời dành cho các bà mẹ đang mang thai</em>, dành cho bé và những người lớn tuổi.</p>\n\n<p> </p>\n\n<p><img data-mce-src=\"https://file.hstatic.net/1000155178/file/ca-hoi-phi-le-vi-500g-6_f5628087b57a41f9bf27644dd9993d56_grande.jpg\" data-mce-style=\"display: block; margin-left: auto; margin-right: auto;\" src=\"https://file.hstatic.net/1000155178/file/ca-hoi-phi-le-vi-500g-6_f5628087b57a41f9bf27644dd9993d56_grande.jpg\" /></p>\n\n<p data-mce-style=\"text-align: center;\"><em>Cá hồi là nguồn Omega 3 rất tốt cho mẹ, bé và người lớn tuổi </em></p>\n\n<p data-mce-style=\"text-align: center;\"> </p>\n\n<p> <img data-mce-src=\"https://imua.com.vn/FileUploads/imgfile/$_0.2.png\" src=\"https://imua.com.vn/FileUploads/imgfile/$_0.2.png\" /> <strong>Tốt cho tim mạch và ngăn ngừa ung thư</strong></p>\n\n<p>Omega-3 của cá hồi còn có tác dụng làm giảm cholesterol và nồng độ triglyceride trong máu, nhờ đó mà các động mạch tĩnh mạch duy trì được tính linh hoạt, ngăn ngừa cứng thành, xơ vữa động mạch, <em>giảm nguy cơ mắc các bệnh tim mạch, đột quỵ</em> ở những người trung niên hoặc lớn tuổi.</p>\n\n<p>Cá hồi còn được xem là liều thuốc tốt nhất giúp ngăn ngừa sự phát triển của các bệnh ung thư, hỗ trợ giết chết tế bào ung thư ruột kết, tế bào ung thư tuyến tiền liệt, tế bào ung thư vú, ung thư gan và ung thư da, và một số các bệnh nguy hiểm khác.</p>\n\n<p> </p>\n\n<p><img data-mce-src=\"https://file.hstatic.net/1000155178/file/ca-hoi-phi-le-vi-500g-7_4056efbd89ec4d9eaf60f3d7cc3f7357.jpg\" data-mce-style=\"display: block; margin-left: auto; margin-right: auto;\" src=\"https://file.hstatic.net/1000155178/file/ca-hoi-phi-le-vi-500g-7_4056efbd89ec4d9eaf60f3d7cc3f7357.jpg\" /></p>\n\n<p data-mce-style=\"text-align: center;\"><em>Thực phẩm dinh dưỡng cho sức khỏe tim mạch và phòng ngừa ung thư</em></p>\n\n<p data-mce-style=\"text-align: center;\"> </p>\n\n<p data-mce-style=\"text-align: left;\"><em><img data-mce-src=\"https://imua.com.vn/FileUploads/imgfile/$_0.2.png\" src=\"https://imua.com.vn/FileUploads/imgfile/$_0.2.png\" /> </em><strong>Hỗ trợ giảm cân và đẹp da</strong></p>\n\n<p data-mce-style=\"text-align: left;\">- Có thể bạn không biết nhưng  sự thật là ăn cá hồi thường xuyên có thể giúp bạn trong quá trình giảm cân, kiểm soát sự thèm ăn và làm cho bạn cảm thấy no lâu hơn.</p>\n\n<p>- Nếu muốn sở hữu làn da trắng sáng và mịn màng hơn ngay từ bên trongthì cá hồi chính là sự lựa chọn tốt nhất cho bạn. Các chất chống ô xy hóa carotenoid trong cá hồi có thể làm giảm đáng kể ảnh hưởng của các gốc tự do gây hại, gây lão hóa cho da. Vì vậy, nên ăn cá hồi thường xuyên hơn để có làn da rạng rỡ bạn nhé!</p>\n\n<p><img data-mce-src=\"https://file.hstatic.net/1000155178/file/ca-hoi-phi-le-vi-500g-5_3f5e21555f4c4b72bb762bab4d05ce96.jpg\" data-mce-style=\"display: block; margin-left: auto; margin-right: auto;\" src=\"https://file.hstatic.net/1000155178/file/ca-hoi-phi-le-vi-500g-5_3f5e21555f4c4b72bb762bab4d05ce96.jpg\" /></p>\n\n<p data-mce-style=\"text-align: center;\"><em>Nguồn dinh dưỡng yêu thích của làn da và vóc dáng</em></p>\n\n<p> </p>\n\n<p><strong><img data-mce-src=\"https://imua.com.vn/FileUploads/imgfile/$_0.3.gif\" src=\"https://imua.com.vn/FileUploads/imgfile/$_0.3.gif\" /> Tại sao nên chọn mua cá hồi phi lê vỉ 500g tại Chợ Lạc Xoong?</strong></p>\n\n<p>- Chuẩn cá hồi tươi chất lượng được nhập khẩu từ Na Uy</p>\n\n<p>- Cá hồi được đóng gói với công nghệ hiện đại giúp giữ hương vị thơm ngon, chứa hàm lượng chất dinh dưỡng cao.</p>\n\n<p>- Được làm từ cá hồi tươi để nguyên da, được đóng gói ép chân không.</p>\n\n<p>- Đây là loại cá hồi chuyên chế biến nấu ăn, không thích hợp để ăn sống hoặc làm Sashimi.</p>\n\n<p>- Sản phẩm được đóng gói 500g vỉ. Giá trên bao gồm 2 vỉ 500g.</p>\n\n<p> </p>\n\n<p><img data-mce-src=\"https://file.hstatic.net/1000155178/file/ca-hoi-phi-le-vi-500g-5_3f5e21555f4c4b72bb762bab4d05ce96_grande.jpg\" data-mce-style=\"display: block; margin-left: auto; margin-right: auto;\" src=\"https://file.hstatic.net/1000155178/file/ca-hoi-phi-le-vi-500g-5_3f5e21555f4c4b72bb762bab4d05ce96_grande.jpg\" /></p>\n\n<p data-mce-style=\"text-align: center;\"><em>Cá hồi nguyên da ép chân không</em></p>', '<p>Cá hồi phi lê vỉ 500gr được nhiều người biết đến với hương vị thơm ngon, mà còn là một trong số những thực phẩm chứa hàm lượng chất dinh dưỡng cao nhất như protein, vitamin D và đặc biệt là axit béo omega 3,…</p>\n\n<p><img data-mce-src=\"https://imua.com.vn/FileUploads/imgfile/$_0.2.png\" src=\"https://imua.com.vn/FileUploads/imgfile/$_0.2.png\" /> Theo các nhà phân tích, trong <strong>100g cá hồi</strong> có khoảng:</p>\n\n<p>- 3,1g – EPA, DPA, DHA</p>\n\n<p>- 8 g – Chất béo lành mạnh Omega 3 (trong mỡ cá hồi)</p>\n\n<p>- 5 g – Protein</p>\n\n<p><img data-mce-src=\"https://imua.com.vn/FileUploads/imgfile/$_0.2.png\" src=\"https://imua.com.vn/FileUploads/imgfile/$_0.2.png\" /> Các loại vitamin quan trọng như: A, D, B12</p>', '', '', '', '', '', ''),
(138, 2, 'Cá Chỉ Vàng Ngon, Hấp Dẫn Nhất (kg)', '<h2>I. Cá chỉ vàng và một số thông tin thú vị</h2>\n\n<h3>Cá chỉ vàng là gì ?</h3>\n\n<p>Cá chỉ vàng là loại cá nước mặn sống ở ven bờ , thức ăn của nó là các loài sinh vật nổi. Loài cá này được phân bố ở biển Ấn Độ Dương và Tây Nam Thái Bình Dương.</p>\n\n<p>Cá chỉ vàng có thân hình thoi và dẹp hai bên, dọc theo thân cá có một sọc vàng óng ánh chạy thẳng từ sau mắt đến gần đuôi, chính vì vậy người ta gọi nó là cá chỉ vàng. Từ tháng 4 đến tháng 8 là mùa sinh sản của loài cá này . Nó được chế biến thành nhiều món ăn và có giá trị kinh tế rất cao.Cá chỉ vàng được khai thác quanh năm, thường dùng vó, lưới để đánh bắt.</p>\n\n<p>Cá chỉ vàng là món ăn đặc sản của vùng biển Việt Nam và được đánh giá là có nhiều chất dinh dưỡng, tuy cách chế biến không khó nhưng lại yêu cầu người  chế biến phải rất thận và vất vả.</p>\n\n<p>Những con cá chỉ vàng khi được đánh bắt sẽ mang vào bờ rửa sạch và để rao nước, sau đấy, cá được tẩm với muối, đường, bột ngọt…rồi đem ủ hơn một ngày để gia vị được thấm đều qua từng thớ thịt bên trong sau đó mới mang cá ra phơi nắng. Cá chỉ vàng có thể được chế biến thành nhiều món ăn ngon hấp dẫn như cá chỉ vàng kho gừng, xì dầu, cá chỉ vàng hấp quyết…</p>\n\n<p>Khi nướng cá chỉ vàng chỉ cần đặt cá trên thanh chỉ nướng hoặc thả vào chả dầu nóng tới khi hai mặt của cá chỉ vàng đều chín và tỏa hương thơm phưng phức của cá.</p>\n\n<p>Cá chỉ vàng có nhiều kích thước khác nhau, có loại to bằng 3 – 4 ngón tay.Khi nướng cá chỉ vàng, lớp da của cá chỉ vàng chuyển dần sang màu vàng, khi ăn càng nhai càng ngọt, khi ăn thường được chấm với tương ớt. Cá chỉ vàng thường được dùng trong các ngày lễ, tết hoặc trong buổi tiệc bạn bè, là một món ăn khoái khẩu của dân nhậu.</p>\n\n<p><img alt=\"\" data-src=\"https://vifoodshop.com/wp-content/uploads/2019/08/ca-chi-vang.jpg\" data-srcset=\"https://vifoodshop.com/wp-content/uploads/2019/08/ca-chi-vang.jpg 1000w, https://vifoodshop.com/wp-content/uploads/2019/08/ca-chi-vang-300x245.jpg 300w, https://vifoodshop.com/wp-content/uploads/2019/08/ca-chi-vang-768x626.jpg 768w, https://vifoodshop.com/wp-content/uploads/2019/08/ca-chi-vang-510x416.jpg 510w\" height=\"815\" sizes=\"(max-width: 1000px) 100vw, 1000px\" src=\"https://vifoodshop.com/wp-content/uploads/2019/08/ca-chi-vang.jpg\" srcset=\"https://vifoodshop.com/wp-content/uploads/2019/08/ca-chi-vang.jpg 1000w, https://vifoodshop.com/wp-content/uploads/2019/08/ca-chi-vang-300x245.jpg 300w, https://vifoodshop.com/wp-content/uploads/2019/08/ca-chi-vang-768x626.jpg 768w, https://vifoodshop.com/wp-content/uploads/2019/08/ca-chi-vang-510x416.jpg 510w\" width=\"1000\" /></p>\n\n<h3>Cá chỉ vàng sống chủ yếu ở đâu?</h3>\n\n<p>Nguồn sống chủ yếu của loài cá chỉ vàng là các vùng nước mặn, nợ. Theo giới phân tích khoa học, chúng được phân vào họ cá Khế.</p>\n\n<p>Môi trường mà chúng thường tập trung sinh sống là các thủy vực ven bờ. Nơi mà độ sâu mực nước dao động từ bờ mở rộng ra ngoài khu vực vùng nước có độ sâu 50m.</p>\n\n<p>Các vùng biển Ấn Độ Dương và tây nam Thái Bình Dương,Trải dài từ Vịnh Pesian đến Philippin, phía bắc đến Nhật Bản và phía Nam đến biển Arafura.</p>\n\n<p>Tại Việt Nam, cá chỉ vàng được đánh bắt dọc 3 miền Bắc – Trung – Nam, kéo dài từ đầu đến tận cùng đất nước. Tuy nhiên, sản lượng đánh bắt nhiều ít đối với từng vùng miền là khác nhau.</p>\n\n<h3>Đặc điểm nhận biết cá chỉ vàng</h3>\n\n<p>Không khó để phân biệt đâu là một chú cá chỉ vàng, nếu chưa biết bạn có thể dựa trên các đặc điểm nhận dạng sau:</p>\n\n<p>Đặc điểm dễ dàng phân biệt cá chỉ vàng là vệt sáng màu vàng óng ánh kéo dài từ sau mắt đến vây đôi. Có thể nói đây là đặc điểm quyết định tên gọi thông thường của loài cá này.<br />\nCá chỉ có thân hình thoi, và khá dẹp. Chiều dài cá đạt 65mm đến 155mm là chiều dài có thể khai thác của cá đã trưởng thành.<br />\nĐặc điểm từ đường chỉ màu vàng trên thân cá kéo xuống bụng chúng có màu trắng xám. Và phần u phía trên đường chỉ màu vàng thì chúng có màu xanh lục.<br />\nPhía dưới nắp mang kéo dài từ mắt xuống có một vết chấm đen to. Đầu cá chỉ vàng là khá nhọn, miệng chếch, hàm dưới nhô.</p>\n\n<h3>Đặc điểm nguồn thức ăn của cá chỉ vàng</h3>\n\n<p>Đây là một loài sinh vật nổi có tập tục sống theo các bầy đàn. Nguồn thức ăn chủ yếu là các sinh vật phù dung hay các động vật biển nhỏ bé hơn thuộc các lớp: giáp trai, chân bụng, hay các loài giáp xác giống các loài tôm.</p>\n\n<p>Mỗi năm cứ vào đầu hạ cuối thu, tức thời gian từ tháng 4 đến tháng 9 là thời gian sinh sản của loài cá chỉ vàng. Sản lượng đánh bắt cá chỉ vàng trong thời gian này là lớn nhất trong năm. Thịt cá trắng ngon và mỡ màng nhất trong khoảng thời gian này mỗi năm.</p>\n\n<h2>II. Cách chế biến cá chỉ vàng</h2>\n\n<p>Cá chỉ vàng là món ăn rất bổ dưỡng và chế biến được rất nhiều món ăn hấp dẫn. VIFOODSHOP xin giới thiệu với các bạn một số món ăn đơn giản, thơm ngon làm từ cá chỉ vàng khô như sau:</p>\n\n<h3>Cá chỉ vàng nướng</h3>\n\n<p>Cá chỉ vàng nướng là món ăn được làm rất đơn giản và rất được ưa chuộng khi làm món nhậu. Với cách chế biến đơn giản, cá vẫn giữ được mùi vị thơm ngon tự nhiên, chấm với tương ớt càng làm món ăn thơm ngon đậm đà.</p>\n\n<p>Những cách nướng cá chỉ vàng:</p>\n\n<ul>\n	<li>Nướng cá chỉ vàng bằng cồn. Đây là cách làm rất phổ biến giúp cá giữ được hương vị và có hương thơm hấp dẫn.</li>\n	<li>Nướng cá chỉ vàng bằng than hoa. Khi nướng chú ý không nên để lửa quá lớn, cá dễ bị cháy, khi ăn có mùi khét và mất ngon.</li>\n	<li>Nướng cá chỉ vàng bằng lò vi sóng. Đây là cách đơn giản và tiện lợi nhất. Chỉ cần cho cá chỉ vàng vào lò và nướng là 5 phút sau có thể mang ra sử dụng.</li>\n</ul>\n\n<figure>\n<p> </p>\n</figure>\n\n<h3>Cá chỉ vàng chiên</h3>\n\n<p>Đây cũng là món ăn vô cùng thông dụng và cũng không kém phần giòn dai và thơm ngon. Chỉ cần chuẩn bị một lượng cá chỉ vàng đủ cùng với dầu ăn là bạn có thể bắt tay vào làm món ăn này.</p>\n\n<p>Để cá được rã đông và làm giúp cá không khô cứng sau khi chế biến cần tiến hành ngâm cá vào nước ấm khoảng 15 phút. Sau đó vớt ra để ráo nước.</p>\n\n<p>Tiếp theo cho dầu ăn vào đảo đun nóng, cho cá chỉ vàng vào chiên với lửa nhỏ. Trong lúc chiên cần chú ý trở đều để cá được vàng đều và không bị cháy. Khi cá đã hơi ngả sang màu vàng và dậy mùi thơm là hoàn thành.</p>\n\n<figure aria-describedby=\"caption-attachment-3005\" id=\"attachment_3005\"><img alt=\"Cá chỉ vàng Vifoodshop\" data-src=\"https://vifoodshop.com/wp-content/uploads/2019/08/cach-che-bien-ca-chi-vang-kho.jpg\" data-srcset=\"https://vifoodshop.com/wp-content/uploads/2019/08/cach-che-bien-ca-chi-vang-kho.jpg 710w, https://vifoodshop.com/wp-content/uploads/2019/08/cach-che-bien-ca-chi-vang-kho-300x200.jpg 300w, https://vifoodshop.com/wp-content/uploads/2019/08/cach-che-bien-ca-chi-vang-kho-510x340.jpg 510w\" height=\"474\" sizes=\"(max-width: 710px) 100vw, 710px\" src=\"https://vifoodshop.com/wp-content/uploads/2019/08/cach-che-bien-ca-chi-vang-kho.jpg\" srcset=\"https://vifoodshop.com/wp-content/uploads/2019/08/cach-che-bien-ca-chi-vang-kho.jpg 710w, https://vifoodshop.com/wp-content/uploads/2019/08/cach-che-bien-ca-chi-vang-kho-300x200.jpg 300w, https://vifoodshop.com/wp-content/uploads/2019/08/cach-che-bien-ca-chi-vang-kho-510x340.jpg 510w\" width=\"710\" />\n<figcaption id=\"caption-attachment-3005\">Cách chế biến cá chỉ vàng khô thơm ngon</figcaption>\n</figure>\n\n<h3>Cá chỉ vàng rim me</h3>\n\n<p>Sự hòa quyện giữa các hương vị chua, cay, mặn, ngọt trong món cá chỉ vàng rim me tạo nên sức hấp dẫn không thể cưỡng lại đối với người thưởng thức. </p>\n\n<p>Những nguyên liệu cần chuẩn bị để làm món ăn này như sau: cá chỉ vàng, nước cốt me, tỏi, ớt đã được làm sạch và băm nhuyễn, nước mắm, đường.</p>\n\n<p>Sau khi đã có nguyên liệu, tiến hành làm món cá chỉ vàng rim me. Trước tiên cần làm nước sốt bằng cách khuấy đều hỗn hợp me, tỏi, ớt, nước mắm, đường.</p>\n\n<p>Các nguyên liệu có thể nhiều hoặc ít tùy khẩu vị của mỗi người. Tiếp theo cho cá chỉ vàng vào chiên trong dầu nóng đến khi hơi vào và khô lại thì cho nước sốt vào.</p>\n\n<p>Sau đó đun với lửa nhỏ để cá ngấm gia vị. Đến khi món ăn hơi sền sệt, có màu vàng đậm và thơm phức là tắt bếp. Món ăn này rất hợp khi ăn với cơm nóng.</p>\n\n<h3>Gỏi cá chỉ vàng</h3>\n\n<p>Ngoài những món ăn phổ biến, được chế biến đơn giản như cá chỉ vàng nướng, cá chỉ vàng rán thì cá chỉ vàng còn làm được một món ăn vô cùng lạ miệng, cầu kì đó là gỏi cá chỉ vàng.</p>\n\n<p>Nguyên liệu làm gỏi cá chỉ vàng: cá chỉ vàng, xoài, cà rốt, chanh, tỏi, ớt băm nhuyễn, các loại rau thơm, nước mắm, đường.</p>\n\n<p>Trước tiên cần tiến hành nướng cá chỉ vàng, sau đó xé thành những miếng vừa ăn và bỏ xương. Xoài và cà rốt rửa sạch, gọt vỏ và nạo thành các sợi dài.</p>\n\n<p>Tiếp theo pha nước trộn gỏi bằng cách cho tỏi, ớt, chanh, nước mắm, đường và khuấy đều.</p>\n\n<p>Sau đó trộn đều các nguyên liệu xoài, cà rốt, cá chỉ vàng với nước gỏi đến khi gia vị thấm đều. Cuối cùng cho các loại rau thơm vào đảo đều là có thể hoàn thành</p>\n\n<h2>III.Cách chọn cá chỉ vàng ngon, hấp dẫn</h2>\n\n<p>Cá chỉ vàng được cung cấp và chế biến tại nhiều cơ sở với chất lượng khác nhau nên trước khi mua nên tìm hiểu cách nhận biết cá chỉ vàng ngon. Dưới đây là một số đặc điểm nhận biết cá chỉ vàng ngon:</p>\n\n<p>+ Khi chọn cá chỉ vàng <strong>nên chọn cá có hình thoi, dẹp hai bên</strong>, cá ngon thì dọc thân sẽ có một sọc vàng óng ánh chạy từ sau mắt đến vẩy đuổi , phần lưng cá có màu nhạt, sáng trắng sạch và có màu đỏ nâu ở phần bụng.</p>\n\n<p>+ Và nên nếm thử cá, <strong>cá có vị nhạt thì cá không được tẩm gia vị nhiều</strong>, và cá được làm từ cá tươi ngon. Nếu cá chỉ vàng có màu đậm thì đã ướp nhiều loại gia vị khác nhau , nó làm giảm mất vị tươi ngon vốn có của cá.</p>\n\n<p>+ <strong>Không nên chọn cá chỉ vàng có đầu to và không nhọn</strong>, theo kinh nghiệm của người dân vùng biển, những con cá chỉ vàng ngon sẽ có đâu hơi rộng, miệng chếch và phấn hàm dưới của cá được nhô ra.</p>\n\n<p>+ Ngoài ra <strong>không nên chọn những con cá chỉ vàng quá lớn hoặc quá bé</strong>, chỉ nên chọn cá chỉ vàng có độ dài từ 10 – 15 cm bởi thường đấy là những con cá chỉ vàng nhiều thịt và thơm nhất.</p>\n\n<p>Ngoài ra, do cá chỉ vàng được buôn bán và cung cấp tại nhiều đại lý với chất lượng không rõ ràng vì thế khi <strong>mua cá chỉ vàng ở Hà Nội</strong> quý khách nên lựa chọn đại lý cửa hàng uy tín, nếu tại Hà Nội và cá tỉnh lân cận quý khách có thể liên hệ <strong>Vifoodshop</strong> để được mua sản phẩm chất lượng nhất.</p>\n\n<h2>IV. Cách bảo quản cá chỉ vàng</h2>\n\n<p>Quý khách hàng cần tìm hiểu cách bảo quản cá chỉ vàng, để tránh bị hỏng cũng như giữ được độ tươi ngon. Dưới đây là một số cách để bảo quản cá chỉ vàng:</p>\n\n<ul>\n	<li>Nên bảo quản sản phẩm trong tủ đông, như thế sản phẩm sẽ giữ được độ tươi và chất dinh dưỡng.</li>\n	<li>Trước khi chế biến nên rã đông và rửa lại cá bằng nước sạch.</li>\n	<li>Cá chỉ vàng nổi tiếng nhất chính là được chế biến thành món khô cá chỉ vàng rim ngọt, trông rất hấp dẫn trong các bữa cơm ngon.</li>\n	<li>Bên cạnh đó, cá chỉ vàng còn có thể chế biến thành rất nhiều món ăn ngon như: cá chỉ vàng kho với gừng và xì dầu, món cá chỉ vàng nướng, món cá chỉ vàng hấp quýt…</li>\n</ul>\n\n<h2>V. Giá cá chỉ vàng</h2>\n\n<p>Cá chỉ vàng khô giá bao nhiêu 1 kg? Giá cá chỉ biến động theo từng năm. Cụ thể hơn, năm bội thu, sản lượng đánh bắt lớn và thời tiết nắng đẹp thì giá cá khô sẽ giảm. Đồng thời, tùy vào vùng phân bố gần xa biển, nơi đánh bắt cá thì giá bán sẽ chênh lệch cao thấp khác nhau.</p>\n\n<p>Kể từ năm 2016 đến năm 2019 giá cá chỉ vàng khô có sự tăng nhanh so với các năm về trước. Tính đến năm 2019 giá 1kg cá chỉ vàng khô ngon loại 1 được bán lẻ trên thị trường là <strong>250.000 VNĐ/kg – 300.000 VNĐ/1kg</strong>. Quý khách hàng không nên mua cá chỉ vàng có giá thấp hơn, do dễ mua phải hàng kém chất lượng</p>\n\n<h2>VI. 1kg (cân) cá chỉ vàng được bao nhiêu con</h2>\n\n<p>Trung bình 1kg cá chỉ đã phơi khô từ 70 đến 100 con tùy vào kích thước là cá được phơi khô là lớn hay bé. Với số lượng cá nhiều thế này bạn có thể thoải mái chế biến với nhiều món ngon và hấp dẫn: cá chỉ vàng nướng, cá chỉ khô chiên, cá chỉ rim…</p>\n\n<p>Nếu làm một phép so sánh khác. Nếu bạn một đĩa cá chỉ vàng nướng, tính bình quân mỗi con dao động từ 5k đến 10k (đối với quán ăn bình dân). Chi phí sẽ đắt gấp đôi so với giá thực bạn mua về nhà tự chế biến mà còn đảm bảo hơn về vệ sinh an toàn thực phẩm.</p>', '<p>Cá chỉ vàng là món ăn đặc sản của vùng biển Việt Nam và được đánh giá là có nhiều chất dinh dưỡng, tuy cách chế biến không khó nhưng lại yêu cầu người  chế biến phải rất thận và vất vả.</p>', '', '', '', '', '', ''),
(139, 2, 'Chả mực Quảng Ninh (kg)', '<p><strong>1KG CHẢ MỰC GIÃ TAY BẢO NGỌC CHÍNH HIỆU QUẢNG NINH</strong></p>\n\n<p> </p>\n\n<p><strong>Thông tin sản phẩm:</strong></p>\n\n<p>- Áp dụng cho: 1KG CHẢ MỰC GIÃ TAY BẢO NGỌC CHÍNH HIỆU QUẢNG NINH<br />\n- Xuất xứ: Việt Nam<br />\n- Quy cách đóng gói: 500gr/gói<br />\n- NSX: 14/03/2015<br />\n- HSD: 14/09/2015<br />\n- Thành phần: Mực tươi, bột ngọt, tiêu, hành tỏi.... sản phẩm đã được chế biến qua dầu >100 độ C<br />\n- 01 phiếu đổi 02 túi chả mực giã tay Bảo Ngọc trọng lượng 500g / 1 túi</p>\n\n<p> </p>\n\n<p><img alt=\"\" height=\"286\" src=\"https://hd1.hotdeal.vn/images/uploads/2015/04/10/136521/136521_Body_1.jpg\" width=\"709\" /></p>\n\n<p> </p>\n\n<p>Chả mực giã tay Bảo Ngọc chính hiệu Quảng Ninh: Được chế biến từ những con mực tươi ngon. Chả mực không có rau thì là, vừa giữ được trọn vẹn hương vị tự nhiên của mực tươi, lại được giã tay nên miếng chả có độ giòn, ngọt, ngon của mực.</p>\n\n<p> </p>\n\n<p><img alt=\"\" height=\"460\" src=\"https://hd1.hotdeal.vn/images/uploads/2015/04/10/136521/136521_Body_2.jpg\" width=\"710\" /></p>\n\n<p> </p>\n\n<p>Mực tươi có thể chế biến thành nhiều món ăn khác nhau như: luộc, chiên, xào, tẩm bột rán, nhồi thịt... nhưng món ngon và hấp dẫn nhất người ta vẫn thường nhắc đến là chả mực. Chế biến chả mực không khó, nhưng để có được miếng chả mực đủ độ tươi ngon thì lại cần bí quyết và không hề đơn giản.</p>\n\n<p> </p>\n\n<p><img alt=\"\" height=\"460\" src=\"https://hd1.hotdeal.vn/images/uploads/2015/04/10/136521/136521_Body_3.jpg\" width=\"710\" /></p>\n\n<p> </p>\n\n<p>Chả mực khi mới rán xong có màu vàng ruộm, mùi thơm nức, vị đậm đà, cắn vào thấy vị bùi, ngọt, thơm của mực tươi giã, và cả cảm giác giòn sần sật của thịt mực nguyên miếng giã tay.</p>\n\n<p> </p>\n\n<p><img alt=\"\" height=\"460\" src=\"https://hd1.hotdeal.vn/images/uploads/2015/04/10/136521/136521_Body_4.jpg\" width=\"710\" /></p>\n\n<p> </p>\n\n<p>Sản phẩm Chả mực giã tay Bảo Ngọc chính hiệu Quảng Ninh: không có chất phụ gia, đảm bảo vệ sinh an toàn thưc phẩm.</p>\n\n<p> </p>\n\n<p><img alt=\"\" height=\"460\" src=\"https://hd1.hotdeal.vn/images/uploads/2015/04/10/136521/136521_Body_5.jpg\" width=\"710\" /></p>\n\n<p> </p>\n\n<p> </p>\n\n<p><img alt=\"\" height=\"460\" src=\"https://hd1.hotdeal.vn/images/uploads/2015/04/10/136521/136521_Body_6.jpg\" width=\"710\" /></p>\n\n<p> </p>\n\n<p><img alt=\"\" height=\"460\" src=\"https://hd1.hotdeal.vn/images/uploads/2015/04/13/136521/136521_body_them.jpg\" width=\"710\" /></p>\n\n<p> </p>\n\n<p>Mỗi gói chả nặng 500gr  được chế biến sẵn, chỉ việc bỏ ra khỏi tủ lạnh, rã đông tự nhiên từ 5 đến 10 phút rồi rán lại cho nóng là có thể thưởng thức ngay.</p>', '<p>- <strong>1KG GÓI CHẢ MỰC GIÃ TAY BẢO NGỌC CHÍNH HIỆU QUẢNG NINH</strong><br />\n<strong>- Xuất xứ: Việt Nam</strong><br />\n<strong>- Quy cách đóng gói: 500gr/gói<br />\n- NSX: 14/03/2015<br />\n- HSD: 14/09/2015<br />\n- Thành phần: Mực tươi, bột ngọt, tiêu, hành tỏi.... sản phẩm đã được chế biến qua dầu >100 độ C</strong></p>', '', '', '', '', '', ''),
(140, 2, 'Mực khô Sông Đốc Cà Mau con To Dày Thịt ngọt', '<h2>Mực khô Sông Đốc Cà Mau loại thượng hạng SINI Food</h2>\n\n<table cellpadding=\"1\" cellspacing=\"1\">\n	<tbody>\n		<tr>\n			<td>Quy cách đóng gói</td>\n			<td>Gói 1kg hút chân không, bao bì đi nước ngoài hoặc biếu tặng</td>\n		</tr>\n		<tr>\n			<td>Loại khô mực</td>\n			<td>Khô câu nên mực chắc thịt và ngọt hơn loại mực cào</td>\n		</tr>\n		<tr>\n			<td>Xuất xứ</td>\n			<td><strong>Cửa biển Sông Đốc</strong>, Cà Mau</td>\n		</tr>\n		<tr>\n			<td>Chế biến</td>\n			<td>Thủ công bởi ngư dân đánh bắt hải sản sinh sống tại cửa biển Sông Đốc.</td>\n		</tr>\n		<tr>\n			<td>Tiêu chuẩn chất lượng</td>\n			<td>Đạt tiêu chuẩn sạch, <strong>KHÔNG phẩm màu</strong>, <strong>KHÔNG chất bảo quản</strong>, đảm bảo VSATTP.</td>\n		</tr>\n		<tr>\n			<td>Chế biến</td>\n			<td>Chiên, nướng xe sợi ăn cùng tương ớt hoặc làm nguyên liệu chế biến các món ngon khác</td>\n		</tr>\n		<tr>\n			<td>Hình thức kinh doanh</td>\n			<td>Sỉ và lẻ. (sỉ liên hệ giá tốt)</td>\n		</tr>\n		<tr>\n			<td>Vận chuyển</td>\n			<td>\n			<p>+ Nhanh 2h trong TPHCM<br />\n			+ TPHCM: miễn phí vận chuyển nội ô, ngoại ô phí 20k<br />\n			+ Giao hàng thu tiền tận nơi TOÀN QUỐC</p>\n			</td>\n		</tr>\n	</tbody>\n</table>', '<p>Khô mực Sông Đốc Cà Mau loại ngon 8 - 10 con/kg con <strong>To - Dày - Phơi </strong>đủ nắng đúng nguồn gốc cam kết ✓Không hóa chất ✓Đảm bảo vệ sinh an toàn thực phẩm.</p>', '', '', '', '', '', ''),
(142, 2, 'Vẹm xanh New Zealands', '&lt;p&gt;&lt;strong&gt;Vẹm xanh New Zealand&lt;/strong&gt; là loại hải sản được nhập khẩu trực tiếp tại  New Zealand. Sản phẩm được đóng gói kỹ càng và được bảo quản cấp đông theo tiêu chuẩn nghiêm ngặt, đảm bảo độ tươi ngon. Thịt nó béo mềm và có vị ngọt thanh mát, không thể trộn lẫn vào đâu được.&lt;/p&gt;\r\n\r\n&lt;h2&gt;&lt;strong&gt;THÀNH PHẦN DINH DƯỠNG &lt;/strong&gt;&lt;/h2&gt;\r\n\r\n&lt;p&gt;Vẹm xanh New Zealand có tác dụng chống viêm tự nhiên, có lợi cho rối loạn khớp và nhiều bệnh viêm khác.&lt;/p&gt;\r\n\r\n&lt;p&gt;Ngoài hàm lượng vitamin, vẹm xanh cũng rất giàu protein, khoáng chất, các enzyme, vitamin và glycosaminoglycans là các yếu tố quan trọng trong việc hình thành và sửa chữa sụn khớp.&lt;/p&gt;\r\n\r\n&lt;h2&gt;&lt;strong&gt;CÁC MÓN NGON TỪ VẸM XANH NEW ZEALAND&lt;/strong&gt;&lt;/h2&gt;\r\n\r\n&lt;p&gt;Món ăn ngon được chế biến từ loại hải sản độc đáo này nhiều vô kể mà món nào cũng bổ dưỡng.&lt;/p&gt;\r\n\r\n&lt;p data-mce-style=&quot;text-align: center;&quot;&gt;&lt;img alt=&quot;ganh_hai_san_hai_san_tuoi_ngon_sach_giao_hang_tan_noi_mota_vem xanh new zealand 01&quot; data-mce-src=&quot;//file.hstatic.net/1000356288/file/vem-xanh-1.png&quot; src=&quot;https://file.hstatic.net/1000356288/file/vem-xanh-1.png&quot; title=&quot;ganh_hai_san_hai_san_tuoi_ngon_sach_giao_hang_tan_noi_mota_vẹm xanh new zealand 01&quot; /&gt;&lt;/p&gt;\r\n\r\n&lt;p data-mce-style=&quot;text-align: center;&quot;&gt;&lt;em&gt;&lt;strong&gt;Vẹm xanh sốt chua ngọt&lt;/strong&gt;&lt;/em&gt;&lt;/p&gt;\r\n\r\n&lt;p data-mce-style=&quot;text-align: center;&quot;&gt;&lt;img alt=&quot;ganh_hai_san_hai_san_tuoi_ngon_sach_giao_hang_tan_noi_mota_vem xanh new zealand 02&quot; data-mce-src=&quot;//file.hstatic.net/1000356288/file/vem-xanh-2.png&quot; src=&quot;https://file.hstatic.net/1000356288/file/vem-xanh-2.png&quot; title=&quot;ganh_hai_san_hai_san_tuoi_ngon_sach_giao_hang_tan_noi_mota_vẹm xanh new zealand 02&quot; /&gt;&lt;/p&gt;\r\n\r\n&lt;p data-mce-style=&quot;text-align: center;&quot;&gt;&lt;em&gt;&lt;strong&gt;Vẹm xanh nướng phô mai&lt;/strong&gt;&lt;/em&gt;&lt;/p&gt;\r\n\r\n&lt;p data-mce-style=&quot;text-align: center;&quot;&gt;&lt;img alt=&quot;ganh_hai_san_hai_san_tuoi_ngon_sach_giao_hang_tan_noi_mota_vem xanh new zealand 03&quot; data-mce-src=&quot;//file.hstatic.net/1000356288/file/vem-xanh-3.png&quot; src=&quot;https://file.hstatic.net/1000356288/file/vem-xanh-3.png&quot; title=&quot;ganh_hai_san_hai_san_tuoi_ngon_sach_giao_hang_tan_noi_mota_vẹm xanh new zealand 03&quot; /&gt;&lt;/p&gt;\r\n\r\n&lt;p data-mce-style=&quot;text-align: center;&quot;&gt;&lt;em&gt;&lt;strong&gt;Vẹm xanh sốt bơ tỏi&lt;/strong&gt;&lt;/em&gt;&lt;/p&gt;', '&lt;p&gt;&lt;strong&gt;Vẹm xanh thiên nhiên loại I&lt;/strong&gt;&lt;/p&gt;\r\n\r\n&lt;p&gt;Tươi sống từng con&lt;/p&gt;\r\n\r\n&lt;p&gt;Hương vị ngọt ngào, càng ăn càng ghiền&lt;/p&gt;\r\n\r\n&lt;p&gt;&lt;strong&gt;Khối lượng: 30-40 con/kg&lt;/strong&gt;&lt;/p&gt;\r\n\r\n&lt;p&gt;&lt;strong&gt;Tặng&lt;/strong&gt; nước hấp sả thơm ngon, dậy vị&lt;/p&gt;', '', '', '', '', '', ''),
(143, 2, 'Bào Ngư Úc Ngon Nhất Thế Giới – Jade Tiger Abalone', '<p>Bào ngư Úc nhập khẩu tươi ngon được đánh giá là một trong những loại thực phẩm xa xỉ dành cho giới thượng lưu.Chúng có tên gọi khác là Bào ngư viền xanh, Ốc Cửu Khổng, Thạch Quyết Minh. Đông Y và khoa học hiện đại đều đã chứng minh đây là loại hải sản giàu dinh dưỡng, giúp bồi bổ cơ thể nhanh chóng.</p>\n\n<h2>Thông tin về bào ngư Úc</h2>\n\n<p><strong>Bào ngư úc viền xanh Jade Tiger Abalone</strong> là sản phẩm độc quyền của CMG Australia. Sản phẩm được kiểm định chất lượng bởi Hiệp hội Australian Wild Abalone. Và được cấp phép lưu hành tại Việt Nam.</p>\n\n<p>Bào ngư viền xanh được nuôi tại bờ biển Úc, nơi mệnh danh là vùng biển sạch nhất thế giới. Thức ăn chính của chúng là tảo và các vi sinh vật tại các vùng hải đảo. CMG Australia đã đầu tư trang trại tại vùng nước có độ nguyên sơ nhất của Nam Đại Tây Dương để phục vụ nhu cầu xuất khẩu ngày càng tăng.</p>\n\n<p>Với công nghệ nuôi trồng hiện đại, CMG cam kết nói không với chất hóa học, tạo môi trường sinh trưởng tự nhiên nhất. Chính vì vậy mà Jade Tiger Abalone nổi tiếng với phần thịt trắng giòn ngọt tự nhiên như ngọc trai.</p>\n\n<p> </p>\n\n<p>Giá bào ngư Úc nhập khẩu trên thị trường hiện nay rất đa dạng. Tùy theo từng thời điểm giá có thể tăng hoặc giảm nhẹ. BSDeli chính thức phân phối Jade Tiger Abalone tại Việt Nam đang có giá cực hấp dẫn.</p>\n\n<p>Sản phẩm được gói cẩn thận trọng bằng công nghệ skinpack cao cấp hiện nay.  Phù hợp làm quà tặng cao cấp đến người thân và đối tác</p>\n\n<h2>Trãi nghiệm Jade Tiger Abalone để cảm nhận sự khác biệt</h2>\n\n<p>Bào ngư viền xanh vốn thuộc họ nhà ốc, đặc tính là thịt có độ giòn. Đặc biệt chúng có khả năng thấm hút gia vị tốt nên tuỳ theo cách chế biến mà hương vị khác nhau. Bạn có thể dễ dàng chế biến thành các món xào, hấp, nướng, nấu cháo hay cắt lát để làm sashimi đều ngon.</p>\n\n<p>Đây không chỉ là món ăn ngon mà còn là nguồn dinh dưỡng tuyệt vời cho cả gia đình bạn. Theo kết quả nghiên cứu phân tích, loại hải sản này có nhiều vitamin, khoáng chất quý. Do vậy mà loại hải sản này còn được sử dụng như những phương thuốc bổi bổ cơ thể.</p>\n\n<p>Nếu bạn đăng băn khoăn, liệu bào ngư Úc ăn có ngon không, có dễ ăn không,… Đừng ngần ngại, hãy thử ngay kẻo tiếc.</p>', '<ol>\n	<li>Giá cho 200 gram từ 3-4 con/ khay</li>\n	<li>Bào Ngư 1kg có khoảng 16-20 con.</li>\n	<li>Có hàng sau 1-2 giờ.</li>\n	<li>Xả đông cắt sashimi ăn liền hoặc chế biến Cháo Bào Ngư, Bào Ngư Xào Nấm Đông Cô. Hay nấu Soup Bào ngư Yến sào, đặc biệt có thể ăn với mù tạc</li>\n</ol>', '', '', '', '', '', ''),
(144, 2, 'Hàu Canada size XL(con)', '<h1><strong>HÀU CANADA - TRÀN THỊT BÉO NGẬY </strong></h1>\n\n<p><em><strong>Hàu Canada sinh trưởng trong vùng nước cực sạch nên chúng không hề lẫn tạp chất hay cát. Ngoài ra, việc hấp thụ số lượng lớn các vi sinh vật có ích tại đây giúp Hàu Canada có kích thước khá lớn.</strong></em></p>\n\n<p>Hàu tại Hải sản Hoàng Gia 4-5inch (10cm) nhưng thịt Hàu rất đầy, mép hàu bo tròn, bầu bĩnh rất đặc trưng vỏ hàu màu trắng sữa đặc trưng, lớp vỏ gồm 2 phần, một phần vỏ nhô, một phần vỏ dẹp, khoảng 4-5 con/kg.</p>\n\n<p>Loại hàu này có vị mặn tự nhiên của nước biển, rất vừa miệng, không chịu tác động của bất cứ gia vị nào.</p>\n\n<h2><strong>Giá trị dinh dưỡng từ Hàu Canada:</strong></h2>\n\n<p>Các nghiên cứu dinh dưỡng gần đây cho thấy, trong 100g thịt hàu có chứa nhiều vitamin và khoáng chất. Cụ thể như sau: </p>\n\n<ul>\n	<li>      Kali: 375mg</li>\n	<li>      Chất béo: 1.5g</li>\n	<li>      Protein: 10.9g</li>\n	<li>      Canxi:  35mg</li>\n	<li>      Sắt: 5.5mg</li>\n	<li>      Natri: 270mg</li>\n	<li>      Phốt pho: 100mg</li>\n	<li>      Đồng: 11.5mg</li>\n	<li>      Magie: 10mg</li>\n	<li>      Kẽm: 47.8mg</li>\n	<li>      Vitamin: A, B1, B2</li>\n	<li>      Acid taurine</li>\n</ul>\n\n<p>Với thành phần chứa hàm lượng dinh dưỡng cao, thịt hàu mang đến rất nhiều lợi ích cho người sử dụng như: tốt cho sức khỏe nam giới, bổ sung dưỡng chất cho mắt,…</p>', '<p>Xuất xứ: Canada</p>\n\n<p>Quy cách: 300 - 350gr/ con size lớn, 200 - 250gr/ con size trung</p>', '', '', '', '', '', ''),
(145, 2, 'Ốc đỏ (kg)', '<h1><strong>ỐC ĐỎ - ĐẶC SẢN NỔI TIẾNG CỦA VÙNG BIỂN PHÍA NAM</strong></h1>\n\n<p><strong><em>Ốc đỏ có tên khoa học là Melongena Patula. Ốc đỏ thường sinh sống tại những khu vực có nhiều đá sạn, những rạn san hô cách mặt nước biển từ 10 - 20m. Tại Việt Nam, người ta thường đánh bắt Ốc đỏ tại vùng biển như Quảng Nam, Quảng Ngãi, Khánh Hòa, Phan Thiết,.. Tuy nhiên, địa điểm cho ra sản lượng ốc đỏ nhiều nhất vẫn phải kể đến đảo Phú Quý thuộc huyện Tuy Phong, tỉnh Bình Thuận. </em></strong></p>\n\n<p>Ốc đỏ có lớp vỏ dày màu vàng nhạt, được tô điểm bởi nhiều đường xoắn ốc nhọn màu đỏ nâu. Thịt ốc có màu đỏ đậm đặc trưng, khi nhai lại có một sự giòn dai nhất định. Ốc đỏ có hương thơm đậm đà rất đặc biệt, chúng mang lại cho thực khách vị ngon khó tả khi thưởng thức. Để thưởng thức những món ăn ngon từ Ốc đỏ, hãy liên hệ ngay với Hải sản Hoàng Gia - địa điểm chuyên tuyển chọn và nhập Ốc đỏ từ những vựa uy tín trong cả nước. Ốc đỏ sống được nhập về và nuôi trữ trong môi trường đạt tiêu chuẩn, đảm bảo Ốc vẫn sống khỏe khi giao đến khách hàng. </p>\n\n<h2><strong>Giá trị dinh dưỡng:</strong></h2>\n\n<p>Tuy vẻ ngoài không được bắt mắt, nhưng hương vị Ốc đỏ được lòng cả những người kén ăn nhất. Không chỉ vậy, Ốc đỏ còn mang lại giá trị dinh dưỡng bất ngờ:</p>\n\n<p>- Protein là chất tạo năng lượng để cơ thể duy trì hoạt động hằng ngày, chúng rất có ích trong việc hỗ trợ xây dựng cơ bắp. Ngoài ra, Protein rất tốt cho cánh mày râu trong việc tăng cường Testosterone trong việc cải thiện khả năng giường chiếu</p>\n\n<p>- Lượng chất béo khá thấp phù hợp cho hầu hết chế độ ăn uống</p>\n\n<p>- Sắt - dưỡng có tác dụng rất tốt trong việc bổ sung hồng cầu, tăng cường lưu lượng máu trong cơ thể.  </p>\n\n<p>- Canxi có tác dụng trong việc giúp xương rắn chắc</p>\n\n<p>- Vitamin A rất tốt cho mắt, hỗ trợ hệ miễn dịch một cách hiệu quả, tăng cường sức khỏe của xương, và giúp hệ sinh sản phát triển một cách khỏe mạnh.</p>\n\n<p>- Vitamin B giúp giảm nguy cơ đột quỵ, ngăn ngừa bệnh thiếu máu và giảm nguy cơ về các bệnh tim mạch.</p>\n\n<p> </p>\n\n<p><strong>Món ngon gợi ý:</strong> Ốc đỏ hấp, Ốc đỏ nướng than hoa, Ốc đỏ nướng mỡ hành, Ốc đỏ xào sa tế, Ốc đỏ sốt phô mai</p>', '<p>Xuất xứ: Việt Nam</p>\n\n<p>Quy cách: 5-6 con/ kg</p>', '', '', '', '', '', ''),
(146, 2, 'Bào ngư Hàn Quốc (kg)', '<h1><strong>BÀO NGƯ HÀN QUỐC - MÓN ĂN ĐƯỢC VÍ NHƯ THẦN DƯỢC CỦA ĐẠI DƯƠNG</strong></h1>\n\n<p><em><strong>Bào Ngư Hàn Quốc tại Hải sản Hoàng Gia được nhập khẩu trực tiếp từ tỉnh Wando - vùng biển được mệnh danh là \"thiên đường Bào Ngư” của Hàn Quốc và Jeju hòn đảo cung cấp sản lượng Bào Ngư nhiều nhất cho thị trường thế giới</strong></em></p>\n\n<p>Bào Ngư vốn được biết như là một món ăn tuy đắt đỏ nhưng vẫn được săn lùng tìm mua tại thị trường ẩm thực, và Việt Nam cũng không ngoại lệ. Để đạt được kích thước khoảng 90-100gr/ 1 con thì Bào Ngư Hàn Quốc mất đến 3 năm sinh trưởng và phát triển. Kích thước càng lớn, đồng nghĩa thời gian sống của chúng càng lâu, hàm lượng dinh dưỡng sẽ càng cao hơn</p>\n\n<p>So với mặt hàng đông lạnh trên thị trường thì Bào Ngư Hàn Quốc tại Hải sản Hoàng Gia được nhập khẩu bằng đường hàng không trong các hồ chứa đạt chuẩn, đảm bảo con hàng sống khỏe 100% khi đến tay khách hàng.</p>\n\n<h2><strong>Giá trị dinh dưỡng quý báu của Bào Ngư Hàn Quốc:</strong></h2>\n\n<p>Giá trị dinh dưỡng cao từ Protein, Canxi, Sắt, Iot, Vitamin A và Globulin, Baolin </p>\n\n<ul>\n	<li>Protein rất tốt cho cánh mày râu trong việc tăng cường Testosterone trong việc cải thiện khả năng giường chiếu. Ngoài ra, Protein rất có ích trong việc hỗ trợ xây dựng cơ bắp</li>\n	<li>Lượng chất béo khá thấp phù hợp cho hầu hết chế độ ăn uống, đặc biệt là chị em phụ nữ trong quá trình ăn kiêng, muốn bổ sung đủ dưỡng chất nhưng ngại tăng cân</li>\n	<li>Sắt - dưỡng có tác dụng rất tốt trong việc bổ sung hồng cầu, tăng cường lưu lượng máu trong cơ thể. Ngoài việc giúp các sắc tố da của người dùng trở nên hồng hào, tràn đầy sức sống. Thì sắt là dưỡng chất rất cần thiết cho hội chị em mỗi lần “chị dâu” ghé thăm  </li>\n	<li>Canxi có tác dụng trong việc giúp xương rắn chắc. Chất này đặc biệt tốt với mẹ bầu trước và sau sinh vì lúc này người mẹ đang bị thiếu hụt một lượng lớn Canxi</li>\n	<li>Vitamin A rất tốt cho mắt, hỗ trợ hệ miễn dịch một cách hiệu quả, tăng cường sức khỏe của xương, và giúp hệ sinh sản phát triển một cách khỏe mạnh.</li>\n	<li>Iot: chất rất cần thiết cho não bộ</li>\n	<li>Globulin: tăng cường hệ miễn dịch của cơ thể, rất tốt trong việc chống lại những bệnh viêm gan A, viêm gan B, uốn ván</li>\n</ul>\n\n<p>Những dưỡng chất trên chính là chìa khóa khiến Bào Ngư Hàn Quốc trở thành một món ăn \"quý như vàng\". Bên cạnh khả năng cải thiện hệ miễn dịch, thúc đẩy sự tăng trưởng và phát triển của cơ thể, Bào Ngư còn có giá trị dược liệu: giảm chóng mặt, tăng huyết áp,.. Rất tốt cho người lớn tuổi, giảm thiểu được các bệnh như rối loạn tiền đình, huyết áp cao, giảm nguy cơ đột quỵ tuổi già.</p>\n\n<h2><strong>Món ngon từ Bào ngư Hàn Quốc:</strong></h2>\n\n<ol>\n	<li>Sashimi Bào ngư Hàn Quốc: tách vỏ Bào ngư, bỏ ruột, rửa sạch. Ngâm nguyên con Bào ngư đã tách vỏ vào đá bào nhỏ khoảng 1 giờ trước khi ăn để thịt được săn chắc hơn. Sau 1 tiếng xắt lát vừa ăn và thưởng thức cùng với nước tương nhật cùng mù tạt </li>\n	<li>Bào ngư Hàn Quốc hấp hành gừng: Cho hào/ nước tương, nước, đường, dầu và muối vào đun trong nồi nhỏ đến khi nó sôi nhẹ. Trong lúc đó, tách vỏ và rửa sạch bào ngư, sau đó cho vào nồi hấp khoảng 5-10 phút (không quá 20p vì khi đó bào ngư sẽ rất dai, phải nấu hơn 2 tiếng mới mềm trở lại). Xếp bào ngư vào cái dĩa đã làm nóng bằng nước ấm, chan xốt đã đun lên trên, rắc gừng và hành ngò xắt sợi lên trên là có thể thưởng thức.</li>\n	<li>Bào ngư Hàn Quốc sốt dầu hào: Rửa sạch súp lơ (bông cải) và ngâm với nước muối. Làm sạch thịt gà, bào ngư, nấm đông cô và cho vào nồi hấp khoảng khoảng 2 tiếng. Giữ lại phần nước hấp, mang những thành phần khác ra ngoài. Bắt chảo lên bếp đun sôi và cho bào ngư xắt miếng vừa ăn đảo cùng dầu hào, một ít gừng. Sau đó, lấy một cái chảo khác đun sôi 1 bát nước hấp bào ngư lúc nãy, thêm dầu hào, đường, rượu, xì dầu, bột bắp vào khuấy đều. Hỗn hợp sệt thì tắt bếp. Xếp súp lơ, bào ngư ra dĩa rồi chan sốt dầu hào lên là có thể thưởng thức.</li>\n</ol>', '<p>Xuất xứ: Hàn Quốc</p>\n\n<p>Quy cách: 10-12 con/kg</p>\n\n<h4>Ưu đãi:</h4>', '', '', '', '', '', ''),
(147, 2, 'Ốc hương sữa', '&lt;p&gt;Ốc hương sữa có thịt dai, dày, hương vị được mệnh danh là ốc ngon nhất Việt Nam&lt;/p&gt;\r\n\r\n&lt;p&gt;&lt;strong&gt;Size: &lt;/strong&gt;&lt;/p&gt;\r\n\r\n&lt;p&gt;&lt;strong&gt;Quy cách:&lt;/strong&gt;&lt;/p&gt;\r\n\r\n&lt;ul&gt;\r\n	&lt;li&gt;Miễn phí giao hàng tận nơi trong 2h&lt;/li&gt;\r\n&lt;/ul&gt;\r\n\r\n&lt;p&gt;&lt;b&gt;Chế biến: &lt;/b&gt;&lt;/p&gt;\r\n\r\n&lt;ul&gt;\r\n	&lt;li&gt;&lt;b&gt;Nướng mọi&lt;/b&gt;&lt;/li&gt;\r\n	&lt;li&gt;&lt;b&gt;Rang muối&lt;/b&gt;&lt;/li&gt;\r\n	&lt;li&gt;&lt;b&gt;Rang muối Hongkong&lt;/b&gt;&lt;/li&gt;\r\n	&lt;li&gt;&lt;b&gt;Hấp sả&lt;/b&gt;&lt;/li&gt;\r\n	&lt;li&gt;&lt;b&gt;Chấy tỏi &lt;/b&gt;&lt;/li&gt;\r\n	&lt;li&gt;&lt;b&gt;Sốt trứng muối bắp bơ&lt;/b&gt;&lt;/li&gt;\r\n	&lt;li&gt;&lt;b&gt;Sốt bơ cay&lt;/b&gt;&lt;/li&gt;\r\n&lt;/ul&gt;', '&lt;p&gt;Ốc hương sữa có thịt dai, dày, hương vị được mệnh danh là ốc ngon nhất Việt Nam&lt;/p&gt;\r\n\r\n&lt;p&gt;&lt;strong&gt;Size: &lt;/strong&gt;&lt;/p&gt;\r\n\r\n&lt;p&gt;&lt;strong&gt;Quy cách:&lt;/strong&gt;&lt;/p&gt;\r\n\r\n&lt;ul&gt;\r\n	&lt;li&gt;Miễn phí giao hàng tận nơi trong 2h&lt;/li&gt;\r\n&lt;/ul&gt;', '', '', '', '', '', ''),
(148, 2, 'Hàu Ireland (con)', '<p>Hàu Ireland có vị ngọt béo khó cưỡng, thích hợp ăn sống cùng một chút nước tương, mù tạt hoặc sốt tự chọn. Hàu Ireland nhập khẩu đang bán tại Hải sản Hoàng Gia đã được chứng nhận bởi Origin Green - Chương trình bền vững về thực phẩm và đồ uống của Ireland.</p>\n\n<p><strong>Size: </strong></p>\n\n<p><strong>Quy cách:</strong></p>\n\n<p>Miễn phí giao hàng tận nơi trong 2h</p>', '<p><strong>Size: </strong></p>\n\n<p><strong>Quy cách:</strong></p>\n\n<p>Miễn phí giao hàng tận nơi trong 2h</p>', '', '', '', '', '', ''),
(149, 2, 'Cua xanh Maryland', '&lt;p&gt;- Xuất xứ:&lt;/p&gt;\r\n\r\n&lt;p&gt;- Khối lượng:&lt;/p&gt;\r\n\r\n&lt;p&gt;- Cách chế biến&lt;/p&gt;', '&lt;p&gt;- Xuất xứ:&lt;/p&gt;\r\n\r\n&lt;p&gt;- Khối lượng:&lt;/p&gt;\r\n\r\n&lt;p&gt;- Cách chế biến&lt;/p&gt;', '', '', '', '', '', ''),
(150, 2, 'Cua cốm', '<p>Xuất xứ:</p>\n\n<p>Khối lượng: </p>', '<p>Xuất xứ:</p>\n\n<p>Khối lượng: </p>', '', '', '', '', '', ''),
(152, 2, 'Tôm hùm bông (kg)', '<h1><strong>Tôm hùm bông - Giống tôm được mệnh danh ngon nhất thế giới</strong></h1>\n\n<p><em><strong>Tôm hùm bông và tôm hùm xanh tại Bình Ba là một trong 6 loại đặc sản nổi bật nhất khi nhắc đến Thành phố Cam Ranh. Tôm hùm bông ở đây cho ra thịt rất ngọt, thơm vì vùng nước ở đây chính là môi trường tốt nhất để giống Tôm hùm Việt Nam này sinh sống. Tôm hùm bông nuôi thường được thả trong các bể xi măng, công nghệ này giúp người chăn nuôi kiểm soát dịch bệnh hiệu quả, mang lại năng suất cao hơn. </strong></em></p>\n\n<p>Tôm hùm bông chỉ ăn thức ăn hạng “sang” như cua ghẹ sống nên chất lượng thịt của nó cũng thuộc hàng “vua của những loại tôm”, không khó hiểu khi nó chính là loại tôm mắc nhất thế giới. Tôm hùm bông là loại hải sản mang lại lợi nhuận cao tuy nhiên người chăn nuôi phải mất đến 14-15 tháng để thu hồi vốn.   </p>\n\n<p>Tinh túy của Tôm hùm bông nằm ở phần thịt thân trắng, chắc nịch và có độ dai ngang ngửa thịt gà. Không chỉ vậy, gạch son có trong đầu Tôm hùm bông có độ béo ngậy và bùi hơn rất nhiều so với gạch cua. </p>\n\n<h2><strong>Giá trị dinh dưỡng bất ngờ trong Tôm hùm bông:</strong></h2>\n\n<p>Theo các chuyên gia tôm hùm bông Việt Nam lọt top 3 loại tôm hùm giàu giá trị dinh dưỡng. Giá trị dinh dưỡng thực tế mang lại sẽ khiến cho thực khách bất ngờ:</p>\n\n<ul>\n	<li>Hàm lượng Protein, Vitamin, Canxi dồi dào trong thịt tôm có thể giúp người dùng phòng ngừa các bệnh như cao huyết áp, tim mạnh và đặc biệt là tăng cường sinh lực ở nam giới</li>\n	<li>Các axit béo Omega-3 mang lại hiệu quả cao trong việc kiềm hãm và giảm các nguy cơ mắc bệnh tim mạch</li>\n	<li>Vitamin B12 (Cobalamin): Đây là loại vitamin phức tạp có vai trò quan trọng trong việc giúp cơ thể tổng hợp nucleoic và protein. Chất này giúp cơ thể luôn tràn năng lượng, chống lại tổn hại thần kinh, giảm nguy cơ thiếu máu.</li>\n	<li>Có đến ⅓ lượng Selen mà cơ thể cần hằng ngày trong 100gr tôm, Selen giúp ngăn ngừa sự phát triển của tế bào ung thư và giúp cơ thể thải bớt các kim loại nặng</li>\n	<li>Chất béo trong tôm là chất béo không bão hòa, phù hợp với cả người ăn kiêng.</li>\n</ul>\n\n<h2><strong>Những món ngon từ Tôm hùm bông:</strong></h2>\n\n<ol>\n	<li>Tôm hùm bông hấp bia: Chuẩn bị nồi hấp cỡ lớn để vừa được nguyên con Tôm, bỏ vào khoảng 2-3 lon bia, đun sôi. Vệ sinh Tôm hùm sạch sẽ rồi cho vào nồi hấp. Khoảng 15-20p là tôm chín hẳn, có thể vớt ra để thưởng thức </li>\n	<li>Tôm hùm bông nướng phô mai: Vệ sinh tôm sạch sẽ, cắt ra làm đôi và ướp 2 nửa tôm với một chút tiêu và muối. Chuẩn bị bếp than nướng, cho tôm lên ngay khi lửa đang hồng. Chuẩn bị 1 bịch phô mai Mozzarella loại dành cho bánh Pizza. Tôm nướng khoảng 10 phút thì gần chín rắc phô mai lên trên và tiếp tục nướng thêm khoảng 5p, phô mai tan chảy ra cũng là lúc tôm chín. Thưởng thức cùng với muối chấm thần thánh tại Hải sản Hoàng Gia là bạn đã có được một món ăn tuyệt vời. </li>\n</ol>', '<p>Xuất xứ: Việt Nam</p>\n\n<p>Quy cách: 0.9 - 1.2kg/ con; 0.7 - 0.9kg/ con</p>', '', '', '', '', '', ''),
(153, 2, 'Tôm sú (kg)', '&lt;h1&gt;&lt;strong&gt;TÔM SÚ - HÀNG NỘI ĐỊA CHẤT LƯỢNG CAO&lt;/strong&gt;&lt;/h1&gt;\r\n\r\n&lt;p&gt;Tôm sú tại Hải sản Hoàng Gia được nhập từ các vuông tôm ở các khu vực miền Tây Việt Nam. Tôm sú được nuôi trong môi trường hoàn toàn tự nhiên và sinh trưởng nhờ vào nguồn thức ăn sạch nên thịt tôm sú rất ngọt và săn chắc&lt;/p&gt;\r\n\r\n&lt;p&gt;Tôm sú là loại hải sản nuôi có giá trị kinh tế cao, hiện đang có mặt trên hơn 22 quốc gia trên thế giới. &lt;/p&gt;\r\n\r\n&lt;h2&gt;&lt;strong&gt;Giá trị dinh dưỡng của Tôm sú:&lt;/strong&gt;&lt;/h2&gt;\r\n\r\n&lt;p&gt;Tôm vốn dĩ là một loại hải sản giàu chất dinh dưỡng, và Tôm sú cũng không ngoại lệ. Hàm lượng Protein trong Tôm sú rất cao, rất tốt tăng cường cơ bắp và rất hiệu quả trong việc cung cấp năng lượng để con người hoạt động. So với thịt nạc heo, lượng Protein của Tôm sú nhiều hơn 20% và lượng chất béo thì thấp hơn đến 40% nên trong những thực đơn “Tăng cơ - Giảm mỡ” thường xuất hiện loại Tôm này.&lt;/p&gt;\r\n\r\n&lt;p&gt;Thịt Tôm sú chứa rất nhiều nguyên tố vi lượng và Vitamin làm giảm các nguy cơ về bệnh tim mạch và hàm lượng Canxi cao nên xương cốt người dùng sẽ  chắc chắn hơn rất nhiều. Ngoài ra, theo y học cổ truyền, Tôm có tính ấm nên mang lại rất nhiều công dụng như bổ thận, tráng dương, thông sữa,...&lt;/p&gt;\r\n\r\n&lt;h2&gt;&lt;strong&gt;Những món ngon từ Tôm sú:&lt;/strong&gt;&lt;/h2&gt;\r\n\r\n&lt;p&gt;Lưu ý: Không ăn Tôm khi vừa uống Vitamin C (Cam, chanh, viên sủi) và ngược lại&lt;/p&gt;\r\n\r\n&lt;ol&gt;\r\n	&lt;li&gt;Tôm sú hấp bia: Tôm rửa sạch rồi cho vào nồi hấp có sẵn lượng bia vừa đủ. Trở tôm liên tục trong nồi để toàn thân chúng chín đều. Khoảng 15-20p là tôm chín hẳn, có thể vớt ra để thưởng thức &lt;/li&gt;\r\n	&lt;li&gt;Tôm sú nướng mọi/ nướng muối ớt: Tùy vào sở thích bạn có ăn cay hay không mà lựa chọn hình thức nướng. Nếu bạn là Team ăn cay, sau khi rửa sạch tôm, ướp tôm với một chút bột nêm, muối ớt, ớt xay, để khoảng 30p cho tôm thấm là có thể bắt đầu nướng. Nếu bạn không ăn cay thì sau khi rửa sạch tôm, hãy xỏ cây xuyên người tôm. Chuẩn bị bếp than nướng, cho tôm lên ngay khi lửa đang hồng. Tôm nướng khoảng 10 phút thì gần chín trở đều thêm khoảng 5 phút là có thể thưởng thức&lt;/li&gt;\r\n	&lt;li&gt;Tôm sú tẩm bột chiên giòn: Tôm sú mua về sơ chế vệ sinh sạch sẽ. Chuẩn bị 1 bịch bột chiên hải sản. Tôm rửa sạch, bóc vỏ chừa đuôi nhúng qua bột chiên giòn và bỏ vào chiên khi chảo dầu đang nóng. Khi tôm chín tới, lớp bột có màu nâu vàng nhạt là có thể vớt ra và thưởng thức.&lt;/li&gt;\r\n	&lt;li&gt;Tôm sú nhúng lẩu Thái: Sau khi nấu xong hoặc mua 1 nồi lẩu thái bên ngoài là bạn có thể bỏ tôm đã sơ chế vào là có thể thưởng thức.&lt;/li&gt;\r\n&lt;/ol&gt;', '&lt;p&gt;Xuất xứ: Việt Nam&lt;/p&gt;\r\n\r\n&lt;p&gt;Quy cách: 30-35 con/ kg&lt;/p&gt;', '', '', '', '', '', ''),
(155, 2, 'Tôm hùm xanh size đặc biệt (kg)', '<h1><strong>Tôm hùm xanh Việt Nam - Tôm hùm chất lượng giá rẻ bất ngờ</strong></h1>\n\n<p><em><strong>Tôm hùm xanh là một trong 3 loại tôm hùm xuất Việt Nam bán cực chạy trên thị trường cũng như xuất khẩu. Tôm hùm xanh là đối tượng có giá trị xuất khẩu cao nên được rất nhiều địa phương đầu tư, đặc biệt là khu vực từ biển Quảng Bình đến biển Cam Ranh thuộc Ninh Thuận - Bình Thuận. </strong></em></p>\n\n<p>Điểm đặc biệt của Tôm hùm xanh là rất ít khả năng nhiễm dịch bệnh và giá cả luôn ổn định trên thị trường tiêu thụ, thời gian thu hồi vốn ngắn. Riêng Cam Ranh, có khoảng hơn 29,000 lồng nuôi tôm hùm xanh, có thể thấy loại tôm này chiếm rất nhiều cảm tình của người nuôi trồng thủy hải sản địa phương. </p>\n\n<p>Tôm hùm xanh nuôi thường được thả trong 2 loại lồng kín hoặc hở hoặc lồng ương giống (tùy khu vực), công nghệ này giúp người chăn nuôi kiểm soát dịch bệnh hiệu quả, mang lại năng suất cao hơn. </p>\n\n<h2><strong>Giá trị dinh dưỡng bất ngờ trong Tôm hùm xanh:</strong></h2>\n\n<ul>\n	<li>Hàm lượng Protein, Vitamin, Canxi dồi dào trong thịt tôm có thể giúp người dùng phòng ngừa các bệnh như cao huyết áp, tim mạnh và đặc biệt là tăng cường sinh lực ở nam giới</li>\n	<li>Các axit béo Omega-3 mang lại hiệu quả cao trong việc kiềm hãm và giảm các nguy cơ mắc bệnh tim mạch</li>\n	<li>Vitamin B12 (Cobalamin): Đây là loại vitamin phức tạp có vai trò quan trọng trong việc giúp cơ thể tổng hợp nucleoic và protein. Chất này giúp cơ thể luôn tràn năng lượng, chống lại tổn hại thần kinh, giảm nguy cơ thiếu máu.</li>\n	<li>Có đến ⅓ lượng Selen mà cơ thể cần hằng ngày trong 100gr tôm, Selen giúp ngăn ngừa sự phát triển của tế bào ung thư và giúp cơ thể thải bớt các kim loại nặng</li>\n	<li>Chất béo trong tôm là chất béo không bão hòa, phù hợp với cả người ăn kiêng.</li>\n</ul>\n\n<p> </p>\n\n<h2><strong>Những món ngon từ Tôm hùm xanh:</strong></h2>\n\n<p>Bạn hãy xả nước máy vào tôm. Quá trình này giúp tôm bị “ngất”, ít cử động hơn trong quá trình chế biến.</p>\n\n<ol>\n	<li>Tôm hùm xanh hấp bia: Chuẩn bị nồi hấp cỡ lớn để vừa được nguyên con Tôm, bỏ vào khoảng 2-3 lon bia, đun sôi. Vệ sinh Tôm hùm sạch sẽ rồi cho vào nồi hấp. Trở tôm liên tục trong nồi để toàn thân chúng chín đều. Khoảng 15-20p là tôm chín hẳn, có thể vớt ra để thưởng thức </li>\n	<li>Tôm hùm xanh nướng phô mai: Vệ sinh tôm sạch sẽ, cắt ra làm đôi và ướp 2 nửa tôm với một chút tiêu và muối. Chuẩn bị bếp than nướng, cho tôm lên ngay khi lửa đang hồng. Chuẩn bị 1 bịch phô mai Mozzarella loại dành cho bánh Pizza. Tôm nướng khoảng 10 phút thì gần chín rắc phô mai lên trên và tiếp tục nướng thêm khoảng 5p, phô mai tan chảy ra cũng là lúc tôm chín. Thưởng thức cùng với muối chấm thần thánh tại Hải sản Hoàng Gia là bạn đã có được một món ăn tuyệt vời. </li>\n	<li>Tôm hùm xanh nướng mỡ hành: Vệ sinh tôm sạch sẽ, cắt ra làm đôi và ướp 2 nửa tôm với một chút tiêu và muối. Chuẩn bị bếp than nướng, cho tôm lên ngay khi lửa đang hồng. Chuẩn bị 1 chén mỡ hành đã được nêm nếm vừa ăn. Tôm nướng khoảng 10 phút thì gần chín rưới mỡ hành lên trên và tiếp tục nướng thêm khoảng 5p, mỡ hành sôi lên cũng là lúc tôm chín. Thưởng thức cùng với muối chấm thần thánh tại Hải sản Hoàng Gia là bạn đã có được một món ăn tuyệt vời. </li>\n	<li>Tôm hùm xanh nướng mọi/ muối ớt: Tùy vào sở thích bạn có ăn cay hay không mà lựa chọn hình thức nướng. Nếu bạn là Team ăn cay, sau khi rửa sạch tôm, ướp tôm với một chút bột nêm, muối ớt, ớt xay, để khoảng 30p cho tôm thấm là có thể bắt đầu nướng. Nếu bạn không ăn cay thì sau khi rửa sạch tôm, hãy xỏ cây xuyên người tôm. Chuẩn bị bếp than nướng, cho tôm lên ngay khi lửa đang hồng. Tôm nướng khoảng 10 phút thì gần chín trở đều thêm khoảng 5 phút là có thể thưởng thức</li>\n</ol>', '<ul>\n	<li>Xuất xứ: Việt Nam</li>\n	<li>Quy cách: 300-400gr / con</li>\n</ul>', '', '', '', '', '', ''),
(156, 2, 'Ghẹ xanh thiên nhiên loại I(kg)', '<h1><strong>GHẸ XANH - TINH HOA ẨM THỰC BIỂN VIỆT NAM</strong></h1>\n\n<p><em><strong>Có rất nhiều loại ghẹ ở biển, như ghẹ hoa, ghẹ đỏ, ghẹ ba chấm…nhưng ghẹ xanh vẫn được đánh giá cao nhất vì giá trị dinh dưỡng và độ ngon của nó hơn hẳn các loại ghẹ khác. Phần tập trung nhiều thịt nhất chính là đùi ghẹ rồi mới đến thân lớn. Phần gạch ẩn trong mai của ghẹ khi chế biến vừa có vị béo lại vừa có tác dụng làm ngọt, bùi và tăng hương vị cho món ăn.</strong></em></p>\n\n<p>Có người thích ăn ghẹ thịt, cũng có người lại mê món ghẹ trứng. Ghẹ đực thường nhiều thịt hơn ghẹ cái. Vỏ của nó có màu lam sáng với các đốm trắng và các càng dài đặc trưng. Trong khi đó, ghẹ cái có màu nâu hoặc lục xỉn màu hơn và mai thuôn tròn hơn. Mai và càng ghẹ xanh đều có màu xanh lơ và lốm đốm trắng. Bụng trắng tinh, ngoe thon và dài.</p>\n\n<h2><strong>Giá trị dinh dưỡng trong Ghẹ xanh:</strong></h2>\n\n<p>Không chỉ được yêu thích bởi hương vị thơm ngon, ít mùi tanh, thịt ngọt dai mà ghẹ bông còn chứa nguồn dinh dưỡng rất phong phú. Đặc biệt, so với thịt lợn hoặc cá thì hàm lượng protein trong ghẹ cao hơn rất nhiều. Ngoài ra, thịt ghẹ còn chứa nhiều vitamin và khoáng chất khác như: Vitamin A, B1, B2, C, sắt, photpho, canxi, omega 3,… rất dồi dào. </p>\n\n<p>Ghẹ giống như cua biển, nhưng mỏng mảnh hơn, vỏ mềm, mình hơi dẹp. Ghẹ sống có thịt săn chắc, rất ngọt lại mềm nữa. Thịt ghẹ rất bổ dưỡng, trong 100g thịt ghẹ có chứa <em><strong>75,5g nước, 19,9g protein, 2,2g glucid, 134mg canxi, 180mg phốtpho, 93Kcal, 0,04mg vitamin B1, 0,07G vitamin B2</strong></em>,… là loại thực phẩm rất tốt cho con người.</p>\n\n<p>Ghẹ trên thị trường có rất nhiều, tuy nhiên không phải loại ghẹ nào cũng ngon, để có thể chọn được những con ghẹ ngon chắc thịt, ngọt thanh bạn cũng cần phải có những kinh nghiệm chọn ghẹ nhất định. Hải Sản Hoàng Gia sẽ mách nhỏ các bạn một vài phương pháp chọn ghẹ ngon nhé:</p>\n\n<p>Để có được những con ghẹ ngon, điều đầu tiên bạn cần chú ý là thời gian, theo kinh nghiệm của nhiều người sành ăn hải sản, bạn nên chọn nghẹ theo mùa nước nằm trong khoảng đầu tháng hay cuối tháng âm lịch bởi đây là thời điểm thịt ghẹ ngon nhất. Không nên mua ghẹ vào giữa tháng bởi lúc này ghẹ đang lột vỏ, thịt ghẹ sẽ bị nhạt và bị óp (thịt ít, mềm, và nhão)</p>\n\n<p>Ngoài ra, nếu bạn không có quá nhiều kinh nghiệm trong việc chọn lựa ghẹ, bạn hãy chọn mua ghẹ ở những vựa hải sản lớn và có uy tín trên thị trường như Hải Sản Hoàng Gia của chúng tôi. Tại đây, bạn có thể dễ dàng có được những con ghẹ ngon, chắc thịt nhất mà giá cả lại phải chăng.</p>', '<p>Xuất xứ: Việt Nam</p>\n\n<p>Quy cách: 4 - 5 con/ kg</p>\n\n<h4>Ưu đãi:</h4>\n\n<p> </p>\n\n<p>Miễn phí hấp với mọi đơn hàng</p>', '', '', '', '', '', ''),
(157, 2, 'King Crab/Cua Hoàng Đế', '<h2><strong>King crab nhập khẩu tươi sống, chất lượng nhất</strong></h2>\n\n<p>Đến từ xứ Alaska lạnh giá, King crab được vinh danh là vua của các loài cua với những đôi chân có thể sải dài đến 2,0m và cân nặng lên tới 10kg. Cua vua King Crab có thể sống đến 20 năm nhờ vào những chiếc chân dài và to cùng với bộ áo giáp gai vững chãi giúp chúng dễ dàng thích nghi với sự khắc nghiệt nơi đáy đại dương.</p>\n\n<p><img alt=\"King crab tươi sống chất lượng tại Hoàng Gia\" height=\"323\" src=\"https://file.hstatic.net/1000182631/file/king-crab-tuoi-song-chat-luong-nhat_54eb0d1bde9445da852dccfa860234d7.jpg\" title=\"King crab tươi sống chất lượng tại Hoàng Gia\" width=\"600\" /></p>\n\n<p><em>King crab chất lượng tươi sống từng con tại Hải sản Hoàng Gia</em></p>\n\n<p>Khi đánh bắt King Crab, ngư dân gặp phải rất nhiều khó khăn vì bên cạnh việc chúng sinh trưởng trong môi trường lạnh giá thì thời gian lý tưởng để đánh bắt những vị vua này lại rơi vào những tháng biển động và có bão, đó là một trong những lý do khiến chúng có giá trị thương mại lớn.</p>\n\n<p><img alt=\"King crab tươi sống từng con tại hồ\" height=\"400\" src=\"https://file.hstatic.net/1000182631/file/king-crab-tuoi-song-chat-luong_25f9cdaa6829496bb4339770846d61ac.jpg\" title=\"King crab tươi sống từng con tại hồ\" width=\"600\" /></p>\n\n<p><em>King crab size siêu to khổng lo tại Hải Sản Hoàng Gia</em></p>\n\n<p>Tại Alaska có 3 loại cua vua chủ yếu: cua đỏ, cua xanh và cua vàng, nhưng cua đỏ là loại đắt nhất bởi chúng là loại nhiều thịt nhất cũng như ăn ngon nhất. Còn một loại cua thứ tư - cua scarlet, nhưng vì trọng lượng nhỏ và số lượng rất ít nên không đạt được giá trị thương phẩm cao.</p>\n\n<h2><strong>Hoàng Gia tiên phong nhập khẩu king crab tại Việt Nam</strong></h2>\n\n<p>Có rất nhiều thực khách thắc mắc rằng nếu biết việc đánh bắt King Crab quá khó khăn và nguy hiểm. Việc giữ chúng sống đã khó, đừng nói đến việc nuôi. Ấy vậy mà Hoàng Gia vẫn thành công mang các em king crab về, tươi sống 100% di chuyển trong hồ. Thực hư việc đó ra sao?</p>\n\n<p><img alt=\"king crab chất lượng cao tại Hải sản Hoàng Gia\" height=\"500\" src=\"https://file.hstatic.net/1000182631/file/king-crab-cua-hoang-de-chat-luong_74cbf2803d3a4a23b3eb292d5f37a89e.png\" title=\"king crab chất lượng cao tại Hải sản Hoàng Gia\" width=\"500\" /></p>\n\n<p><em>King crab size khủng, to bậc nhất thị trường</em></p>\n\n<p>Như Hải sản Hoàng Gia đã cung cấp thông tin cho mọi người thì King Crab là loài cua sống ở vùng có thời tiết rất khắc nghiệt cùng nhiệt độ trung bình là 3,2 – 5,5°C, độ sâu có khi lên đến 200 – 300m. Thế nên rất khó để có thể nuôi King Crab tại Việt Nam. Dù có thể nuôi thì để đạt được kích thước cần thiết cần mất từ 7 đến 10 năm. Trong thời gian đó, chi phí bỏ ra để nuôi vị hoàng đế này là rất nhiều. Vậy nên việc nuôi King Crab là rất khó, hoặc có thể nói là gần như không có khả năng.</p>\n\n<p><img alt=\"King crab được cân cẩn thận\" height=\"338\" src=\"https://file.hstatic.net/1000182631/file/can-king-crab-song_86058a621b3f4b60aff34af48eb5baaf.jpg\" title=\"King crab được cân cẩn thận\" width=\"600\" /></p>\n\n<p><em>King crab được cân cẩn thận trước khi đóng hộp giữ đông cho khách</em></p>\n\n<p>Theo như ông Trần Văn Trường - CEO của Hải Sản Hoàng Gia đã từng nói :\"Mang được king crab còn sống về đến Việt Nam là cả một câu truyện dài. Nhưng có thể nói, hàng triệu những con king crab khác đã phải chết để có thể thành công mang về các con còn sống như ngày hôm nay. Thế nên, chuyến hành trình của chúng đi đến bàn ăn bữa tiệc của gia đình bạn chính là một nỗ lực không ngừng nghỉ và còn là một phép màu.\"</p>\n\n<h2><strong>Chất lượng từ hương vị đến hàm lượng dinh dưỡng</strong></h2>\n\n<p>Vị hoàng đế King Crab mang trên mình vẻ ngoài gai góc nhưng bên dưới lớp áo giáp gai là từng tảng thịt trắng ngần cùng hương vị ngọt ngào khiến cho thực khách “ăn một lần nhớ đến tận mai sau”. Từng chiếc chân là từng tảng thanh cua chắc nịch, thơm ngon và đầy dinh dưỡng. Thịt cua hoàng đế không chỉ dồi dào protein hay ngập tràn vitamin mà còn cung cấp cho thực khách nhiều khoáng chất có lợi cho sức khỏe như canxi, folate, magnesium, sắt, photpho,... </p>\n\n<p><img alt=\"King crab cực kì dinh dưỡng\" height=\"600\" src=\"https://file.hstatic.net/1000182631/file/king-crab-cua-hoang-de_04df6aacedc04d9c86b7663bb9a9ad4f.png\" title=\"King crab cực kì dinh dưỡng\" width=\"600\" /></p>\n\n<p><em>King crab không chỉ nổi tiếng về độ tươi ngon mà còn cực kỳ bổ dưỡng</em></p>\n\n<p>Ngoài ra, cua hoàng đế King Crab còn phù hợp cho những thực khách đang trong chế độ ăn kiêng vì chúng chứa rất ít lượng chất béo bão hòa. Bật mí cho mọi người thêm một điều nữa, là lượng protein dồi dào trong cua hoàng đế King Crab rất có ích cho việc sản xuất testosterone của cánh mày râu, mang lại hiệu quả trong việc cải thiện khả năng giường chiếu. </p>\n\n<p>Có thể bạn quan tâm: </p>\n\n<ul>\n	<li><a href=\"https://haisanhoanggia.com/blogs/goc-am-thuc/cua-hoang-de-cua-alaska-king-carb-hai-san-hoang-gia\" title=\"King crab sống giá rẻ\">Giá trị dinh dưỡng tuyệt vời từ king crab - Cua Hoàng Đế</a></li>\n	<li><a href=\"https://haisanhoanggia.com/blogs/goc-am-thuc/4-cach-che-bien-mon-an-ngon-voi-chan-cua-hoang-de\" title=\"ăn king crab ở sài gòn\">Bốn món ăn tuyệt vời từ king crab</a></li>\n	<li><a href=\"https://haisanhoanggia.com/blogs/goc-am-thuc/king-crab-hanh-trinh-den-voi-giac-mo-bien\" title=\"king crab alaska\">Hành trình tìm lại giấc mơ biển - king crab</a></li>\n</ul>\n\n<h2><strong>Chế biến king crab đa dạng cùng bếp Hoàng Gia</strong></h2>\n\n<p>King crab hấp: Chế biến đơn giản nhất sẽ giữ lại hương vị tươi ngon tự nhiên của king crab, chỉ với 20\' hấp cách thủy là bạn đã có thể thưởng thức hương vị đỉnh cao của thượng phẩm hải sản thế giới rồi nhé. </p>\n\n<p><img alt=\"King crab hấp cực ngon\" height=\"338\" src=\"https://file.hstatic.net/1000182631/file/king-crab-hap-chat-luong_0a7e6e93506c4a5f9f1c0cf0372d557a.jpg\" title=\"King crab hấp cực ngon\" width=\"600\" /></p>\n\n<p>King crab chấy tỏi: Chế biến được lựa chọn nhiều nhất tại Hoàng Gia bởi hương vị đỉnh cao. Vị thơm ngào ngạt, giòn tan trong miệng hòa lẫn với vị ngọt của thịt king crab đảm bảo sẽ làm xiêu lòng tất cả những ai nếm thử.</p>\n\n<p><img alt=\"King crab chấy tỏi siêu ngon\" height=\"600\" src=\"https://file.hstatic.net/1000182631/file/thit-king-crab-chat-luong-tuoi-song_e14ea69f40684ba1a404a5868949b520.jpg\" title=\"King crab chấy tỏi siêu ngon\" width=\"600\" /></p>\n\n<p>Chân kingcrab hấp: Cảm giác sung sướng khi ăn king crab không nằm ở hương vị mà nằm ở cảm giác rút khối thịt dày cộm, chắc nịch ra khỏi lớp vỏ cứng cáp của king crab. Sau đó bỏ hết thanh thịt cua vào miệng rồi cảm nhận cái ngọt của hương vị loan tỏa khắp khuôn miệng của mình. Đó mới chính là thú vui khi ăn king crab đấy!</p>\n\n<p><img alt=\"Chân king crab cực tươi ngon\" height=\"600\" src=\"https://file.hstatic.net/1000182631/file/chan-king-crab-song-chat-luong-mua-king-crab-tai-sai-gon_2f492539fe9e4caaa7552be999ee4fee.jpg\" title=\"Chân king crab cực tươi ngon\" width=\"600\" /></p>\n\n<p>Khi ăn king crab, cách dễ nhất là dùng kéo cắt theo vỏ càng cua, sau đó rút thịt ra để tránh trường hợp vị gai của mai cua làm đứt tay</p>\n\n<p><img alt=\"cách chế biến king crab\" height=\"600\" src=\"https://file.hstatic.net/1000182631/file/chan-king-crab-hap_e1b0ca02bda741d58c251e51c1cb4bfe.jpg\" title=\"cách chế biến king crab\" width=\"600\" /></p>', '<p><strong>King Crab</strong>/<strong>Cua Hoàng Đế </strong>được<strong> </strong>nhập khẩu sống từ Nauy/Nga. Kingcrab tại Hải sản Hoàng Gia luôn trong trạng thái tươi sống, khỏe mạnh di chuyển trong hồ nên khách hàng hoàn toàn có thể yên tâm về chất lượng thịt của kingcrab. </p>\n\n<p><strong>Size: </strong>2 - 5kg/con</p>\n\n<p><strong>Quy cách:</strong></p>\n\n<ul>\n	<li>Miễn phí giao hàng tận nơi trong 2h</li>\n	<li>Miễn phí chế biến tự chọn (1kg/món)</li>\n	<li>1 ĐỔI 1 TẬN NHÀ TRONG VÒNG 24H NẾU SẢN PHẨM KHÔNG ĐẠT CHẤT LƯỢNG TƯƠI SỐNG, ĐẦY THỊT</li>\n</ul>', '', '', '', '', '', ''),
(158, 2, 'Bạch tuộc (kg)', '&lt;h1&gt;&lt;em&gt;&lt;strong&gt;NGUỒN DINH DƯỠNG BẤT NGỜ TỪ BẠCH TUỘC&lt;/strong&gt;&lt;/em&gt;&lt;/h1&gt;\r\n\r\n&lt;p&gt;&lt;em&gt;&lt;strong&gt;Bạch tuộc là loài nhuyễn thể không có lớp vỏ cứng bảo vệ như các các động vật thân mềm: ốc, sò, nghêu, hàu, vẹm… Thân của loài nhuyễn thể này có hình oval và dính liền với đầu và xung quanh là 8 xúc tu dài.&lt;/strong&gt;&lt;/em&gt;&lt;/p&gt;\r\n\r\n&lt;p&gt;Không giống như mực, bạch tuộc không có xương sống và chúng bắt mồi rất linh hoạt bằng các xúc tu.&lt;/p&gt;\r\n\r\n&lt;p&gt;Trong tất cả các loài động vật thân mềm thì bạch tuộc là loại hải sản thông minh nhất. Không chỉ có khả năng bắt mồi linh hoạt, di chuyển nhanh chóng mà loài động vật biển này còn có rất giỏi ẩn nấp và lẩn trốn kẻ thù. Chính vì vậy, việc đánh bắt loại hải sản này cũng không dễ dàng. &lt;/p&gt;\r\n\r\n&lt;h2&gt;&lt;strong&gt;Giá trị dinh dưỡng Bạch tuộc:&lt;/strong&gt;&lt;/h2&gt;\r\n\r\n&lt;p&gt;Bạch tuộc là động vật thân mềm, thịt dày, có vị ngọt mặn tự nhiên của biển và xúc tu giòn dai nên được rất nhiều người yêu thích. Không chỉ vậy, đây còn là loại hải sản mang nhiều giá trị dinh dưỡng với hàm lượng vitamin và khoáng chất dồi dào. &lt;/p&gt;\r\n\r\n&lt;p&gt;Các cuộc nghiên cứu khoa học gần đây đã chỉ ra rằng trong 85g thịt loại động vật này sẽ cung cấp cho cơ thể nhiều dưỡng chất. Sau đây là một số thành phần chính:&lt;/p&gt;\r\n\r\n&lt;ul&gt;\r\n	&lt;li&gt;      Calo: 139&lt;/li&gt;\r\n	&lt;li&gt;      Vitamin B6: 0.6mg&lt;/li&gt;\r\n	&lt;li&gt;      Đạm: 25g&lt;/li&gt;\r\n	&lt;li&gt;      Đồng: 0.6mg&lt;/li&gt;\r\n	&lt;li&gt;      Vitamin B12: 30.6mcg&lt;/li&gt;\r\n	&lt;li&gt;      Chất béo: 1.8g&lt;/li&gt;\r\n	&lt;li&gt;      Sắt: 8.1mg&lt;/li&gt;\r\n	&lt;li&gt;      Selen: 76.2mcg&lt;/li&gt;\r\n&lt;/ul&gt;\r\n\r\n&lt;p&gt;Với thành phần chứa hàm lượng dinh dưỡng cao, thịt bạch tuộc mang đến rất nhiều lợi ích cho người sử dụng như: bổ máu và tăng cường hệ miễn dịch, ngăn ngừa ung thư, ngăn ngừa lão hóa da,…&lt;/p&gt;', '&lt;p&gt;Xuất xứ: Việt Nam&lt;/p&gt;\r\n\r\n&lt;p&gt;Quy cách: 10 - 15 con/ kg&lt;/p&gt;', '', '', '', '', '', ''),
(159, 2, 'Mực ống tươi', '&lt;p&gt;&lt;strong&gt;Mực ống&lt;/strong&gt; từ lâu đã trở thành một loại hải sản không thể thiếu trong bất kỳ bữa ăn nào của người dân trên khắp cả nước.&lt;/p&gt;\r\n\r\n&lt;p&gt;&lt;img alt=&quot;5805378muc_ong&quot; src=&quot;http://haisanhoanggia.vn/wp-content/uploads/2016/10/5805378muc_ong.png&quot; title=&quot;5805378muc_ong&quot; /&gt;&lt;/p&gt;\r\n\r\n&lt;p&gt;&lt;strong&gt;Mực ống&lt;/strong&gt; có thân cuộn tròn ( hình dạng ống), thân dài và mỏng hơn so với mực nang. Mực ống chứa hàm lượng rất cao, cứ 100gram có khoảng 3g chất đạm, 0,7g chất béo, nhiềucanxi, phospho, sắt… và các vitamin B1, B2, PP. Mực ống được xem là thực phẩm lành tính, dùng tốt cho nhiều đối tượng kể cả trẻ nhỏ và phụ nữ trong thai kỳ. Chính vì điều đó đã khiến giá trị thương mại của chúng tăng cao nhất là EU và thị trường nhật bản ưa chuộng.&lt;/p&gt;\r\n\r\n&lt;p&gt;&lt;img alt=&quot;muc-ong-3&quot; src=&quot;http://haisanhoanggia.vn/wp-content/uploads/2016/10/muc-ong-3-300x180.jpg&quot; title=&quot;muc-ong-3&quot; /&gt;&lt;/p&gt;\r\n\r\n&lt;p&gt;Tuy nhiên, mực ống lại rất dễ bị nhầm lẫn với mực ghim, một loại mực cũng có thân hình dạng ống dài. Giá thành lại rẻ hơn rất nhiều so với mực ống nhưng cũng khiến nhiều người nhẫm lẫn ngay cả đối với những người dân xứ biển nếu chưa gặp qua lần đầu.&lt;/p&gt;\r\n\r\n&lt;p&gt;&lt;img alt=&quot;7&quot; src=&quot;http://haisanhoanggia.vn/wp-content/uploads/2016/10/7.jpg&quot; title=&quot;7&quot; /&gt;&lt;/p&gt;\r\n\r\n&lt;p&gt;&lt;strong&gt;Hải Sản Hoàng Gia&lt;/strong&gt; sẽ gợi ý cho bạn một vài đặc điểm phân biệt 2 loại mực này nhé:&lt;/p&gt;\r\n\r\n&lt;p&gt;&lt;strong&gt;Phần đuôi mực&lt;/strong&gt;: đuôi mực ghim rất dài và nhọn, hình thù rất giống với những chiếc ghim đan lưới mà họ thường sử dụng. Còn với mực ống, phần đuôi của chúng không dài và nhọn như mực ghim.&lt;/p&gt;\r\n\r\n&lt;p&gt;&lt;strong&gt;Tai mực&lt;/strong&gt;: Mực ống có phần tai mực dài và có kích thước to gần bằng 2/3 chiều dài của chúng. Đối với mực ghim, phần tai mực của chúng chỉ chiếm khoảng 1/3 – ½ thân mực.&lt;/p&gt;\r\n\r\n&lt;p&gt;&lt;strong&gt;Phần râu mực và đầu mực:&lt;/strong&gt;&lt;/p&gt;\r\n\r\n&lt;p&gt;Phần đầu mực ống dày thịt, to rõ và phần râu mực dài hơn, dù phơi nắng nhưng vẫn thấy rõ phần râu mực. Đối với mực ghim, phần đầu mực đặc biệt mỏng thịt, râu mực ngắn.&lt;/p&gt;\r\n\r\n&lt;p&gt;&lt;strong&gt;Về chất thịt:&lt;/strong&gt;&lt;/p&gt;\r\n\r\n&lt;p&gt;Mực ống tươi ngoài việc chế biến những món ăn ngon còn được dùng làm món mực một nắng thơm ngon cũng được rất nhiều người yêu thích. Tuy nhiên do phần tai mực của mực ống to nên dù phơi qua 1 nắng phần thân mực vẫn dày cơm và săn chắc không như mực ghim tai mực nhỏ khiến cho khi phơi nắng thân hình chúng ốm và mỏng hơn rất nhiều khi nhìn bằng mắt thường.&lt;/p&gt;\r\n\r\n&lt;p&gt;Giá thành của mực ống và mực ghim chênh lệch rất nhiều khiến cho nhiều vựa hải sản vì doanh thu sẵn sàng dùng mực ghim thay cho mực ống nhằm trục lợi khiến nhiều khách hàng bị thiệt thòi.&lt;/p&gt;\r\n\r\n&lt;p&gt;Để tránh mua nhầm hàng kém chất lượng, khách hàng nên chọn những vựa hải sản lớn như hải sản hoàn gia để có thể có được những sản phẩm hải sản chất lượng nhất.&lt;/p&gt;\r\n\r\n&lt;p&gt;&lt;img alt=&quot;muc-ong&quot; src=&quot;http://haisanhoanggia.vn/wp-content/uploads/2016/10/muc-ong-1.jpg&quot; title=&quot;muc-ong&quot; /&gt;&lt;/p&gt;\r\n\r\n&lt;p&gt; &lt;/p&gt;\r\n\r\n&lt;p&gt;Với chất thịt săn chắc, vị ngọt thanh mang đậm hương vị biển của mình, mực ống được nhiều người yêu thích và lựa chọn chúng là một trong những nguyên liệu chính cho bữa cơm gia đình của mình với những món như:&lt;/p&gt;\r\n\r\n&lt;p&gt;&lt;strong&gt;Mực ống nhồi  thịt&lt;/strong&gt;&lt;/p&gt;\r\n\r\n&lt;p&gt;&lt;img alt=&quot;muc-ong-nhoi-thit&quot; src=&quot;http://haisanhoanggia.vn/wp-content/uploads/2016/10/muc-ong-nhoi-thit.jpg&quot; title=&quot;muc-ong-nhoi-thit&quot; /&gt;&lt;/p&gt;\r\n\r\n&lt;p&gt;&lt;strong&gt;Mực ống xào chua ngọt&lt;/strong&gt;&lt;/p&gt;\r\n\r\n&lt;p&gt;&lt;img alt=&quot;muc-xao-chua-ngot&quot; src=&quot;http://haisanhoanggia.vn/wp-content/uploads/2016/10/muc-xao-chua-ngot.jpg&quot; title=&quot;muc-xao-chua-ngot&quot; /&gt;&lt;/p&gt;\r\n\r\n&lt;p&gt;&lt;strong&gt;Mực ống tẩm bột chiên giòn&lt;/strong&gt;&lt;/p&gt;\r\n\r\n&lt;p&gt;&lt;img alt=&quot;muc-ong-tam-bot-chien-gion&quot; src=&quot;http://haisanhoanggia.vn/wp-content/uploads/2016/10/muc-ong-tam-bot-chien-gion.jpg&quot; title=&quot;muc-ong-tam-bot-chien-gion&quot; /&gt;&lt;/p&gt;\r\n\r\n&lt;p&gt;&lt;strong&gt;Mực xào sa tế&lt;/strong&gt;&lt;/p&gt;', '&lt;p&gt; Quy cách: bán theo kg.&lt;br /&gt;\r\n✪ Hàng tươi sống khi giao.&lt;br /&gt;\r\n &lt;/p&gt;', '', '', '', '', '', ''),
(154, 2, 'Tôm hùm Alaska (kg)', '&lt;h1&gt;&lt;strong&gt;Tôm hùm Alaska - Hải sản cao cấp đến từ đại dương&lt;/strong&gt;&lt;/h1&gt;\r\n\r\n&lt;p&gt;&lt;em&gt;&lt;strong&gt;Tôm hùm Alaska được đánh bắt tại vùng biển Alaska, bán đảo Nova Scotia và một khu vực biển thuộc lãnh thổ Mỹ&lt;/strong&gt;&lt;/em&gt;&lt;/p&gt;\r\n\r\n&lt;p&gt;Loài tôm này thực sự quý hiếm, khó đánh bắt vì chúng thường chọn nơi cư trú là những bãi đá ngầm nằm ở đáy biến. Nước ở khu vực chúng sinh sống có độ trong xanh và nhiệt độ cực lạnh nên thịt của Tôm hùm Alaska có màu trắng muốt cùng vị ngọt đậm rất kích thích vị giác của người dùng. &lt;/p&gt;\r\n\r\n&lt;p&gt;Những con Tôm hùm này thường được đánh bắt theo cách thủ công nhằm đảm bảo chất lượng tốt nhất cho mỗi cá thể. Không chỉ vậy, sau khi mang lên bờ việc giữ cho Tôm hùm tiếp tục sống chính là vấn đề quan trọng với ngư dân. Hầu hết, Tôm hùm được giữ trong những bể chứa nước biển nội địa có độ lạnh và mặn gần với môi trường tự nhiên.&lt;/p&gt;\r\n\r\n&lt;p&gt;Tuy nhiên, có thể đánh giá Tôm hùm Alaska là loài có sức sống cao, chúng có thể sống sót đến 72 giờ dù không sống trong môi trường đủ chuẩn. Vì vậy việc vận chuyển Tôm hùm phân phối khắp thế giới cũng không gặp nhiều trở ngại. &lt;/p&gt;\r\n\r\n&lt;p&gt;Tóm lại, Tôm hùm Alaska (Tôm hùm Canada) đóng vai trò rất quan trọng trong kim ngạch xuất khẩu của Mỹ và Canada.&lt;/p&gt;\r\n\r\n&lt;h2&gt;&lt;strong&gt;Giá trị dinh dưỡng bất ngờ trong Tôm hùm Alaska:&lt;/strong&gt;&lt;/h2&gt;\r\n\r\n&lt;p&gt;Tôm hùm Alaska có trọng lượng khá đa dạng, con nhỏ thường có kích thước 500gr/ con và con lớn nhất có kích thước lên đến khoảng &gt;6kg. &lt;/p&gt;\r\n\r\n&lt;p&gt;Có đến 21 gram Protein trong mỗi 100gr thịt tôm hùm, trong khi thịt bò chứa 26gr Protein trong mỗi 100gr thịt. Tuy nhiên lượng chất béo và axit béo trong Tôm hùm (0,6gr) thấp hơn rất nhiều so với 100gr thịt bò (10gr). Phải nói rằng tôm hùm rất linh hoạt trong mọi chế độ ăn, đặc biệt chúng giúp người dùng bổ sung đầy đủ các chất dinh dưỡng nhưng không sợ tăng cân.&lt;/p&gt;\r\n\r\n&lt;p&gt;Thịt Tôm hùm chứa rất nhiều nguyên tố vi lượng và rất nhiều Vitamin làm giảm các nguy cơ về bệnh tim mạch và giúp xương cốt chắc chắn hơn rất nhiều.&lt;/p&gt;\r\n\r\n&lt;h2&gt;&lt;strong&gt;Những món ngon từ Tôm hùm Alaska:&lt;/strong&gt;&lt;/h2&gt;\r\n\r\n&lt;ol&gt;\r\n	&lt;li&gt;Tôm hùm Alaska hấp bia: Chuẩn bị nồi hấp cỡ lớn để vừa được nguyên con Tôm, bỏ vào khoảng 2-3 lon bia, đun sôi. Vệ sinh Tôm hùm sạch sẽ rồi cho vào nồi hấp. Trở tôm liên tục trong nồi để toàn thân chúng chín đều. Khoảng 15-20p là tôm chín hẳn, có thể vớt ra để thưởng thức &lt;/li&gt;\r\n	&lt;li&gt;Tôm hùm Alaska nướng phô mai: Vệ sinh tôm sạch sẽ, cắt ra làm đôi và ướp 2 nửa tôm với một chút tiêu và muối. Chuẩn bị bếp than nướng, cho tôm lên ngay khi lửa đang hồng. Chuẩn bị 1 bịch phô mai Mozzarella loại dành cho bánh Pizza. Tôm nướng khoảng 10 phút thì gần chín rắc phô mai lên trên và tiếp tục nướng thêm khoảng 5p, phô mai tan chảy ra cũng là lúc tôm chín. Thưởng thức cùng với muối chấm thần thánh tại Hải sản Hoàng Gia là bạn đã có được một món ăn tuyệt vời. &lt;/li&gt;\r\n	&lt;li&gt;Tôm hùm Alaska chấy tỏi: Rửa sạch phần vỏ tôm, chẻ dọc thân tôm thành 2 nửa. 5 củ tỏi lớn bóc vỏ đập dập. Làm nóng nhiều dầu trên 1 cái chảo, cho tỏi vào phi vàng rồi vớt ra để riêng. Tiếp tục cho tôm hùm vào chảo vừa chiên tỏi (lưu ý: dầu ăn phải ngập tôm), chiên đến khi tôm hùm chín vàng rồi vớt ra. Lấy 1 cái chảo khác, cho 60gr bơ mặn vào chảo nóng rồi bỏ tỏi phi vàng vào đảo đều tay. Đến khi hỗn hợp hòa huyện thì tắt bếp. Cho tôm hùm vào xốc đều cho ngấm rồi bày ra dĩa và thưởng thức.&lt;/li&gt;\r\n&lt;/ol&gt;', '&lt;p&gt;Xuất xứ: Alaska&lt;/p&gt;\r\n\r\n&lt;p&gt;Quy cách: 1,2 - 4kg/con&lt;/p&gt;', '', '', '', '', '', ''),
(141, 2, 'Sò huyết (kg)', '&lt;h1&gt;SÒ HUYẾT - MÓN ĂN GIÚP CẢI THIỆN CHỨC NĂNG TUẦN HOÀN MÁU HIỆU QUẢ&lt;/h1&gt;\r\n\r\n&lt;p&gt;&lt;em&gt;&lt;strong&gt;Sò huyết có tên gọi tiếng Anh là Blood Cockler, đây là loại nhuyễn thể hai mảnh thường sinh sống tập trung ở những khu vực ven biển với độ sâu khoảng 20m hoặc vùng đáy bùn, nơi có độ mặn khoảng từ 14 – 300 và mức nhiệt khoảng từ 20 – 30 độ C.&lt;/strong&gt;&lt;/em&gt;&lt;/p&gt;\r\n\r\n&lt;p&gt;Loài vật này có ruột màu đỏ hồng như máu và được bao bọc bằng lớp vỏ cứng. Thịt sò huyết chứa hàm lượng dinh dưỡng cao nên mang đến rất nhiều lợi ích cho sức khỏe con người.&lt;/p&gt;\r\n\r\n&lt;p&gt;Ở nước ta, sò huyết phân bổ rộng khắp vùng biển từ miền Trung đến Nam Trung Bộ và cả miền Tây, rất được lòng thực khách nên thường xuyên thấy trong thực đơn các nhà hàng, quán ăn. Sò huyết đại giá cả cũng không quá cao so với những loại sò khác, nên vào mỗi dịp tiệc tùng, họp mặt hay cuối tuần sò huyết cũng nằm trong danh sách ưu tiên lựa chọn của thực khách.&lt;/p&gt;\r\n\r\n&lt;h2&gt;&lt;strong&gt;Giá trị dinh dưỡng từ Sò huyết:&lt;/strong&gt;&lt;/h2&gt;\r\n\r\n&lt;p&gt;Trong tất cả các loại sò thì loại sò này là loại hải sản ngon được rất nhiều người ưa chuộng. Bởi trong sò huyết chứa rất nhiều kẽm, magie, omega-3, đạm,… mang đến nhiều lợi ích cho sức khỏe. Trong Đông Y, loại hải sản này được biết đến như là một “thần dược”  với vị mặn, ngọt, tính ấm và chữa được rất nhiều bệnh như:&lt;/p&gt;\r\n\r\n&lt;ol&gt;\r\n	&lt;li&gt;Suy nhược cơ thể, lao phổi hiệu quả&lt;/li&gt;\r\n	&lt;li&gt;Điều hòa khí huyết, kinh nguyệt ra nhiều ở phụ nữ&lt;/li&gt;\r\n	&lt;li&gt;Điều trị tăng huyết áp, béo phì&lt;/li&gt;\r\n	&lt;li&gt;Chữa đau dạ dày, ợ chua cực&lt;/li&gt;\r\n	&lt;li&gt;Hỗ trợ điều trị chứng đại tiện ra máu cục&lt;/li&gt;\r\n	&lt;li&gt;Chữa cam răng&lt;/li&gt;\r\n	&lt;li&gt;Giúp làm tan tụ máu, bầm tím&lt;/li&gt;\r\n	&lt;li&gt;Cải thiện chức năng sinh lý, bồi bổ thể lực ở nam giới&lt;/li&gt;\r\n	&lt;li&gt;Kích thích hồng cầu tạo máu, tăng khả năng tuần hoàn máu và đẩy lùi các chứng bệnh về tim mạch&lt;/li&gt;\r\n&lt;/ol&gt;', '&lt;p&gt;Xuất xứ: Việt Nam&lt;/p&gt;\r\n\r\n&lt;p&gt;Quy cách: 35 - 40 con/ kg&lt;/p&gt;', '', '', '', '', '', ''),
(151, 2, 'Cua lông Hongkong', '&lt;ul&gt;\r\n	&lt;li&gt;&lt;strong&gt;Xuất xứ&lt;/strong&gt;&lt;strong&gt;:&lt;/strong&gt; Hongkong&lt;/li&gt;\r\n	&lt;li&gt;&lt;strong&gt;Trọng lượng:&lt;/strong&gt; 7~9 con/kg&lt;/li&gt;\r\n	&lt;li&gt;&lt;strong&gt;Cam kết:&lt;/strong&gt; Con hàng 100% SỐNG khi giao đến tay khách hàng&lt;/li&gt;\r\n	&lt;li&gt;&lt;strong&gt;Đặc điểm:&lt;/strong&gt; Chỉ có vào mùa Thu, kéo dài khoảng 2 tháng sau Trung Thu.&lt;/li&gt;\r\n	&lt;li&gt;&lt;strong&gt;Hương vị:&lt;/strong&gt; Cua lông Hongkong có ít thịt nhưng gạch lại cực kì ngon và bổ dưỡng. Gạch của cua lông rất thơm, hơi chảy, ngọt nhẹ hòa lẫn với vị béo, bùi tan trên đầu lưỡi.&lt;/li&gt;\r\n	&lt;li&gt;&lt;strong&gt;Dinh dưỡng: &lt;/strong&gt;Thịt cua có chứa rất nhiều chất dinh dưỡng tốt cho cơ thể như đạm(protein), các loại khoáng chất và vitamin …&lt;/li&gt;\r\n&lt;/ul&gt;', '&lt;ul&gt;\r\n	&lt;li&gt;&lt;strong&gt;Xuất xứ&lt;/strong&gt;&lt;strong&gt;:&lt;/strong&gt; Hongkong&lt;/li&gt;\r\n	&lt;li&gt;&lt;strong&gt;Trọng lượng:&lt;/strong&gt; 7~9 con/kg&lt;/li&gt;\r\n&lt;/ul&gt;', '', '', '', '', '', '');
-- oc_product_image PRIMARY KEY (`product_image_id`)
INSERT IGNORE INTO `oc_product_image` (`product_image_id`, `product_id`, `image`, `image_alt`, `sort_order`) VALUES
(143, 133, 'https://cdn.bestme.asia/images/haisanhoanghuy/muc-mot-nang-phu-quoc_3.jpg', '', 0),
(144, 135, 'https://cdn.bestme.asia/images/haisanhoanghuy/ca-ngu-ai-duong-mon-an-giau-dinh-duong.jpg', '', 0),
(145, 137, 'https://cdn.bestme.asia/images/haisanhoanghuy/z2239028833497_68fb9834b07a90b6410c6b7320773b0e.jpg', '', 0),
(146, 138, 'https://cdn.bestme.asia/images/haisanhoanghuy/cachivang1.jpg', '', 0),
(147, 138, 'https://cdn.bestme.asia/images/haisanhoanghuy/4be7c48dd361ae129c8171b53552d6e1.jpg', '', 1),
(148, 139, 'https://cdn.bestme.asia/images/haisanhoanghuy/136521-1kg-goi-cha-muc-gia-tay-bao-ngoc-chinh-hieu-quang-ninh.jpg', '', 0),
(149, 139, 'https://cdn.bestme.asia/images/haisanhoanghuy/hon-xieu-phach-lac-cung-10-mon-dac-san-quang-ninh-ivivu-1.jpg', '', 1),
(151, 142, 'https://cdn.bestme.asia/images/haisanhoanghuy/vem-xanh-new-zealand.jpg', '', 0);


-- oc_product_to_category PRIMARY KEY (`product_id`,`category_id`)
INSERT IGNORE INTO `oc_product_to_category` (`product_id`, `category_id`) VALUES
(132, 32),
(132, 40),
(133, 40),
(134, 32),
(135, 32),
(136, 32),
(137, 32),
(138, 32),
(139, 40),
(140, 40),
(141, 33),
(142, 33),
(143, 39),
(144, 39),
(145, 33),
(146, 39),
(147, 33),
(148, 39),
(149, 34),
(149, 35),
(150, 34),
(151, 34),
(151, 35),
(152, 36),
(153, 36),
(154, 36),
(155, 36),
(156, 34),
(157, 34),
(157, 35),
(158, 37),
(159, 37);


-- oc_product_to_store PRIMARY KEY (`product_id`,`store_id`)
INSERT IGNORE INTO `oc_product_to_store` (`product_id`, `store_id`, `product_version_id`, `quantity`, `cost_price`) VALUES
(149, 0, 0, 250, '0.0000'),
(151, 0, 0, 100, '0.0000'),
(142, 0, 0, 192, '0.0000'),
(141, 0, 0, 20, '0.0000'),
(154, 0, 0, 200, '0.0000'),
(153, 0, 0, 20, '0.0000'),
(159, 0, 0, 30, '0.0000'),
(158, 0, 0, 39, '180000.0000'),
(157, 0, 0, 10, '0.0000'),
(156, 0, 0, 10, '0.0000'),
(155, 0, 0, 10, '0.0000'),
(152, 0, 0, 10, '0.0000'),
(150, 0, 0, 1000, '0.0000'),
(148, 0, 0, 10, '0.0000'),
(147, 0, 0, 10, '0.0000'),
(146, 0, 0, 10, '0.0000'),
(145, 0, 0, 10, '0.0000'),
(144, 0, 0, 100, '0.0000'),
(143, 0, 0, 50, '0.0000'),
(140, 0, 0, 20, '0.0000'),
(139, 0, 0, 20, '0.0000'),
(138, 0, 0, 20, '0.0000'),
(137, 0, 0, 20, '0.0000'),
(136, 0, 0, 30, '0.0000'),
(134, 0, 0, 20, '0.0000'),
(135, 0, 0, 20, '0.0000'),
(132, 0, 0, 20, '0.0000'),
(133, 0, 0, 16, '0.0000');