--
-- create new demo data
--
CREATE TABLE IF NOT EXISTS `oc_demo_data` (
  `id` int(11) NOT NULL AUTO_INCREMENT,
  `data_id` int(11) NOT NULL,
  `table_name` varchar(255) DEFAULT '',
  `theme_group` varchar(255) DEFAULT '',
  PRIMARY KEY (`id`)
) ENGINE=MyISAM DEFAULT CHARSET=utf8;

--
-- create new demo data
--

INSERT IGNORE INTO `oc_demo_data` (`data_id`, `table_name`, `theme_group`) VALUES
-- product table
(104, 'product', 'food'),
(105, 'product', 'food'),
(106, 'product', 'food'),
(107, 'product', 'food'),
(108, 'product', 'food'),
(109, 'product', 'food'),
(110, 'product', 'food'),
(111, 'product', 'food'),
(112, 'product', 'food'),
(113, 'product', 'food'),
(114, 'product', 'food'),
-- category table
(22, 'category', 'food'),
(21, 'category', 'food'),
(4, 'category', 'food'),
(3, 'category', 'food'),
(2, 'category', 'food'),
(1, 'category', 'food'),
(23, 'category', 'food'),
-- collection table
(4, 'collection', 'food'),
(6, 'collection', 'food'),
(5, 'collection', 'food'),
(7, 'collection', 'food');
-- seo_url table: auto deleted when deleting product, category, collection

-- oc_category PRIMARY KEY (`category_id`)
INSERT IGNORE INTO `oc_category` (`category_id`, `image`, `parent_id`, `top`, `column`, `sort_order`, `status`, `date_added`, `date_modified`) VALUES
(22, '', 0, 0, 0, 0, 1, '2020-07-22 11:39:57', '2020-07-22 11:39:57'),
(21, '', 0, 0, 0, 0, 1, '2020-07-22 11:39:48', '2020-07-22 11:39:48'),
(4, '', 0, 0, 0, 0, 1, '2019-01-09 15:37:11', '2020-07-22 11:29:13'),
(3, '', 0, 0, 0, 0, 1, '2019-01-09 15:36:50', '2020-07-22 11:39:28'),
(2, '', 0, 0, 0, 0, 1, '2019-01-09 15:36:36', '2020-07-22 11:29:35'),
(1, '', 0, 0, 0, 0, 1, '2019-01-09 11:29:42', '2020-07-22 11:39:38'),
(23, '', 0, 0, 0, 0, 1, '2020-07-22 11:40:06', '2020-07-22 11:40:06');

-- oc_category_description PRIMARY KEY (`category_id`,`language_id`)
INSERT IGNORE INTO `oc_category_description` (`category_id`, `language_id`, `name`, `description`, `meta_title`, `meta_description`, `meta_keyword`) VALUES
(22, 2, 'Đồ uống - Giải khát', 'Đồ uống - Giải khát', '', '', ''),
(2, 2, 'Rau - Củ - Quả', 'Rau - Củ - Quả', '', '', ''),
(2, 1, 'Rau - Củ - Quả', 'Rau - Củ - Quả', '', '', ''),
(21, 1, 'Thực phẩm khô', 'Thực phẩm khô', '', '', ''),
(1, 2, 'Gia vị', 'Gia vị', '', '', ''),
(1, 1, 'Gia vị', 'Gia vị', '', '', ''),
(21, 2, 'Thực phẩm khô', 'Thực phẩm khô', '', '', ''),
(3, 2, 'Thịt - Cá - Trứng', 'Thịt - Cá - Trứng', '', '', ''),
(3, 1, 'Thịt - Cá - Trứng', 'Thịt - Cá - Trứng', '', '', ''),
(4, 2, 'Đồ đông lạnh', 'Đồ đông lạnh', '', '', ''),
(4, 1, 'Đồ đông lạnh', 'Đồ đông lạnh', '', '', ''),
(22, 1, 'Đồ uống - Giải khát', 'Đồ uống - Giải khát', '', '', ''),
(23, 2, 'Sữa', 'Sữa', '', '', ''),
(23, 1, 'Sữa', 'Sữa', '', '', '');

-- oc_category_path PRIMARY KEY (`category_id`,`path_id`)
INSERT IGNORE INTO `oc_category_path` (`category_id`, `path_id`, `level`) VALUES
(23, 23, 0),
(21, 21, 0),
(4, 4, 0),
(3, 3, 0),
(2, 2, 0),
(1, 1, 0),
(22, 22, 0);

-- oc_category_to_store PRIMARY KEY (`category_id`,`store_id`)
INSERT IGNORE INTO `oc_category_to_store` (`category_id`, `store_id`) VALUES
(1, 0),
(2, 0),
(3, 0),
(4, 0),
(21, 0),
(22, 0),
(23, 0);

-- oc_collection PRIMARY KEY (`collection_id`)
INSERT IGNORE INTO `oc_collection` (`collection_id`, `title`, `sort_order`, `status`, `product_type_sort`, `type`) VALUES
(4, 'Sản phẩm khuyến mại', 0, 1, '', '0'),
(6, 'Sản phẩm mới', 0, 1, '', '0'),
(5, 'Sản phẩm hot', 0, 1, '', '0'),
(7, 'Hàng ngày', 0, 1, NULL, '0');

-- oc_collection_description PRIMARY KEY (`collection_id`)
INSERT IGNORE INTO `oc_collection_description` (`collection_id`, `image`, `description`, `meta_title`, `meta_description`, `alias`) VALUES
(7, 'https://res.cloudinary.com/novaon-x2/image/upload/v1558345596/x2-8888.bestme.test/8ts19s033-fw125-l_2.jpg', '&lt;p&gt;Bộ sưu tập h&amp;agrave;ng ng&amp;agrave;y&lt;/p&gt;', '', '', ''),
(6, '', '&lt;p&gt;nhũng sản phẩm mới nhất c&amp;oacute; mặt tại cửa h&amp;agrave;ng&lt;/p&gt;', '', '', ''),
(5, 'https://res.cloudinary.com/novaon-x2/image/upload/v1555900690/x2-8787.bestme.test/dell-vostro-5568-077m52-vangdong-450x300-450x300-600x600.png', '&lt;p&gt;sản phẩm hot&lt;/p&gt;', '', '', ''),
(4, 'https://res.cloudinary.com/novaon-x2/image/upload/v1555900767/x2-8787.bestme.test/Capture28.png', '&lt;p&gt;sản phẩm khuyến mại&lt;/p&gt;', '', '', '');

-- oc_product PRIMARY KEY (`product_id`)
-- delete first
INSERT IGNORE INTO `oc_product` (`product_id`, `model`, `sku`, `common_barcode`, `common_sku`, `common_compare_price`, `common_price`, `common_cost_price`, `barcode`, `upc`, `ean`, `jan`, `isbn`, `mpn`, `location`, `quantity`, `sale_on_out_of_stock`, `stock_status_id`, `image`, `image_alt`, `multi_versions`, `manufacturer_id`, `shipping`, `price`, `price_currency_id`, `compare_price`, `c_price_currency_id`, `points`, `tax_class_id`, `date_available`, `weight`, `weight_class_id`, `length`, `width`, `height`, `length_class_id`, `subtract`, `minimum`, `sort_order`, `status`, `channel`, `viewed`, `demo`, `deleted`, `default_store_id`, `date_added`, `date_modified`) VALUES
(104, '', '', '', '', '0.0000', '0.0000', '0.0000', '', '', '', '', '', '', '', 0, 1, 0, 'https://res.cloudinary.com/novaonx2/image/upload/v1595391042/26419/sup-lo.png', '', 0, 0, 1, '40000.0000', 1, '50000.0000', 1, 0, 0, '0000-00-00', '1.00000000', 1, '0.00000000', '0.00000000', '0.00000000', 0, 1, 1, 0, 1, 0, 0, 1, NULL, 0, '2020-07-22 11:20:19', '2020-07-22 11:41:40'),
(105, '', '', '', '', '0.0000', '0.0000', '0.0000', '', '', '', '', '', '', '', 0, 1, 0, 'https://res.cloudinary.com/novaonx2/image/upload/v1595391040/26419/bi-do.png', '', 0, 0, 1, '40000.0000', 1, '50000.0000', 1, 0, 0, '0000-00-00', '1.00000000', 1, '0.00000000', '0.00000000', '0.00000000', 0, 1, 1, 0, 1, 0, 0, 1, NULL, 0, '2020-07-22 11:20:45', '2020-07-22 11:43:27'),
(106, '', '', '', '', '0.0000', '0.0000', '0.0000', '', '', '', '', '', '', '', 0, 1, 0, 'https://res.cloudinary.com/novaonx2/image/upload/v1595391038/26419/dua-chuot.png', '', 0, 0, 1, '20000.0000', 1, '40000.0000', 1, 0, 0, '0000-00-00', '1.00000000', 1, '0.00000000', '0.00000000', '0.00000000', 0, 1, 1, 0, 1, 0, 0, 1, NULL, 0, '2020-07-22 11:22:17', '2020-07-22 11:41:47'),
(107, '', '', '', '', '0.0000', '0.0000', '0.0000', '', '', '', '', '', '', '', 0, 1, 0, 'https://res.cloudinary.com/novaonx2/image/upload/v1595391036/26419/dao.png', '', 0, 0, 1, '0.0000', 1, '45000.0000', 1, 0, 0, '0000-00-00', '10.00000000', 1, '0.00000000', '0.00000000', '0.00000000', 0, 1, 1, 0, 1, 0, 0, 1, NULL, 0, '2020-07-22 11:22:49', '2020-07-22 11:42:01'),
(108, '', '', '', '', '0.0000', '0.0000', '0.0000', '', '', '', '', '', '', '', 0, 1, 0, 'https://res.cloudinary.com/novaonx2/image/upload/v1595391021/26419/salami.png', '', 0, 0, 1, '0.0000', 1, '0.0000', 1, 0, 0, '0000-00-00', '1.00000000', 1, '0.00000000', '0.00000000', '0.00000000', 0, 1, 1, 0, 1, 0, 0, 1, NULL, 0, '2020-07-22 11:23:38', '2020-07-22 11:43:20'),
(109, '', '', '', '', '0.0000', '0.0000', '0.0000', '', '', '', '', '', '', '', 0, 1, 0, 'https://res.cloudinary.com/novaonx2/image/upload/v1595391019/26419/sua-chua.png', '', 0, 0, 1, '45000.0000', 1, '50000.0000', 1, 0, 0, '0000-00-00', '1.00000000', 1, '0.00000000', '0.00000000', '0.00000000', 0, 1, 1, 0, 1, 0, 0, 1, NULL, 0, '2020-07-22 11:24:10', '2020-07-22 11:43:13'),
(110, '', '', '', '', '0.0000', '0.0000', '0.0000', '', '', '', '', '', '', '', 0, 1, 0, 'https://res.cloudinary.com/novaonx2/image/upload/v1595391017/26419/balcon.png', '', 0, 0, 1, '0.0000', 1, '0.0000', 1, 0, 0, '0000-00-00', '1.00000000', 1, '0.00000000', '0.00000000', '0.00000000', 0, 1, 1, 0, 1, 0, 0, 1, NULL, 0, '2020-07-22 11:24:53', '2020-07-22 11:43:06'),
(111, '', '', '', '', '0.0000', '0.0000', '0.0000', '', '', '', '', '', '', '', 0, 1, 0, 'https://res.cloudinary.com/novaonx2/image/upload/v1595391015/26419/sup-vi-ca.png', '', 0, 0, 1, '750000.0000', 1, '1000000.0000', 1, 0, 0, '0000-00-00', '1.00000000', 1, '0.00000000', '0.00000000', '0.00000000', 0, 1, 1, 0, 1, 0, 0, 1, NULL, 0, '2020-07-22 11:25:38', '2020-07-22 11:42:57'),
(112, '', '', '', '', '0.0000', '0.0000', '0.0000', '', '', '', '', '', '', '', 0, 1, 0, 'https://res.cloudinary.com/novaonx2/image/upload/v1595391013/26419/trung.png', '', 0, 0, 1, '40000.0000', 1, '54000.0000', 1, 0, 0, '0000-00-00', '1.00000000', 1, '0.00000000', '0.00000000', '0.00000000', 0, 1, 1, 0, 1, 0, 0, 1, NULL, 0, '2020-07-22 11:26:40', '2020-07-22 11:42:47'),
(113, '', '', '', '', '0.0000', '0.0000', '0.0000', '', '', '', '', '', '', '', 0, 1, 0, 'https://res.cloudinary.com/novaonx2/image/upload/v1595391012/26419/toi.png', '', 0, 0, 1, '12000.0000', 1, '20000.0000', 1, 0, 0, '0000-00-00', '1.00000000', 1, '0.00000000', '0.00000000', '0.00000000', 0, 1, 1, 0, 1, 0, 0, 1, NULL, 0, '2020-07-22 11:27:10', '2020-07-22 11:42:22'),
(114, '', '', '', '', '0.0000', '0.0000', '0.0000', '', '', '', '', '', '', '', 0, 1, 0, 'https://res.cloudinary.com/novaonx2/image/upload/v1595391010/26419/mi-tom.png', '', 0, 0, 1, '80000.0000', 1, '100000.0000', 1, 0, 0, '0000-00-00', '1.00000000', 1, '0.00000000', '0.00000000', '0.00000000', 0, 1, 1, 0, 1, 0, 0, 1, NULL, 0, '2020-07-22 11:27:53', '2020-07-22 11:42:14');

-- restore soft-deleted products if demo
UPDATE `oc_product` SET `deleted` = NULL
WHERE `demo` = 1
  AND `product_id` IN (
      104,
      105,
      106,
      107,
      108,
      109,
      110,
      111,
      112,
      113,
      114
  );

-- oc_product_collection PRIMARY KEY (`product_collection_id`)
-- nothing

-- oc_product_description PRIMARY KEY (`product_id`,`language_id`)
INSERT IGNORE INTO `oc_product_description` (`product_id`, `language_id`, `name`, `description`, `sub_description`, `seo_title`, `seo_description`, `tag`, `meta_title`, `meta_description`, `meta_keyword`) VALUES
(104, 2, 'Súp lơ', '', '', '', '', '', '', '', ''),
(105, 2, 'Bí đỏ', '', '', '', '', '', '', '', ''),
(106, 2, 'Dưa chuột', '', '', '', '', '', '', '', ''),
(107, 2, 'Đào ngâm', '', '', '', '', '', '', '', ''),
(108, 2, 'Xúc xích hun khói', '', '', '', '', '', '', '', ''),
(109, 2, 'Sữa chua', '', '', '', '', '', '', '', ''),
(110, 2, 'Thịt hun khói', '', '', '', '', '', '', '', ''),
(111, 2, 'Súp vi cá', '', '', '', '', '', '', '', ''),
(112, 2, 'Trứng gà', '', '', '', '', '', '', '', ''),
(113, 2, 'Tỏi', '', '', '', '', '', '', '', ''),
(114, 2, 'Mì tôm', '', '', '', '', '', '', '', '');

-- oc_product_image PRIMARY KEY (`product_image_id`)
-- nothing

-- oc_product_to_category PRIMARY KEY (`product_id`,`category_id`)
INSERT IGNORE INTO `oc_product_to_category` (`product_id`, `category_id`) VALUES
(104, 2),
(105, 2),
(106, 2),
(107, 2),
(108, 4),
(109, 23),
(110, 21),
(111, 21),
(112, 3),
(113, 1),
(114, 21);

-- oc_product_to_store PRIMARY KEY (`product_id`,`store_id`)
INSERT IGNORE INTO `oc_product_to_store` (`product_id`, `store_id`, `product_version_id`, `quantity`, `cost_price`) VALUES
(113, 0, 0, 1000, '0.0000'),
(112, 0, 0, 1000, '0.0000'),
(111, 0, 0, 1000, '0.0000'),
(110, 0, 0, 1000, '0.0000'),
(109, 0, 0, 1000, '0.0000'),
(108, 0, 0, 1000, '0.0000'),
(107, 0, 0, 1000, '0.0000'),
(106, 0, 0, 1000, '0.0000'),
(105, 0, 0, 1000, '0.0000'),
(104, 0, 0, 1000, '0.0000'),
(114, 0, 0, 1000, '0.0000');

-- oc_seo_url PRIMARY KEY (`seo_url_id`)
INSERT IGNORE INTO `oc_seo_url` (`seo_url_id`, `store_id`, `language_id`, `query`, `keyword`, `table_name`) VALUES
(2031, 0, 2, 'collection=5', 'collection-5', 'category'),
(2030, 0, 2, 'collection=4', 'collection-4', 'category'),
(2151, 0, 2, 'category_id=21', 'thuc-pham-kho', 'category'),
(2150, 0, 1, 'category_id=1', 'gia-vi', 'category'),
(2146, 0, 1, 'category_id=2', 'rau-cu-qua', 'category'),
(2148, 0, 1, 'category_id=3', 'thit-ca-trung-1', 'category'),
(2142, 0, 1, 'category_id=4', 'do-dong-lanh', 'category'),
(2141, 0, 2, 'category_id=4', 'do-dong-lanh', 'category'),
(2147, 0, 2, 'category_id=3', 'thit-ca-trung-1', 'category'),
(2145, 0, 2, 'category_id=2', 'rau-cu-qua', 'category'),
(2135, 0, 2, 'product_id=113', 'toi', 'product'),
(2149, 0, 2, 'category_id=1', 'gia-vi', 'category'),
(2137, 0, 2, 'product_id=114', 'mi-tom', 'product'),
(2136, 0, 1, 'product_id=113', 'toi', 'product'),
(2134, 0, 1, 'product_id=112', 'trung-ga', 'product'),
(2133, 0, 2, 'product_id=112', 'trung-ga', 'product'),
(2132, 0, 1, 'product_id=111', 'sup-vi-ca', 'product'),
(2131, 0, 2, 'product_id=111', 'sup-vi-ca', 'product'),
(2130, 0, 1, 'product_id=110', 'thit-hun-khoi', 'product'),
(2129, 0, 2, 'product_id=110', 'thit-hun-khoi', 'product'),
(2128, 0, 1, 'product_id=109', 'sua-chua', 'product'),
(2127, 0, 2, 'product_id=109', 'sua-chua', 'product'),
(2126, 0, 1, 'product_id=108', 'xuc-xich-hun-khoi', 'product'),
(2125, 0, 2, 'product_id=108', 'xuc-xich-hun-khoi', 'product'),
(2124, 0, 1, 'product_id=107', 'dao-ngam', 'product'),
(2123, 0, 2, 'product_id=107', 'dao-ngam', 'product'),
(2122, 0, 1, 'product_id=106', 'dua-chuot', 'product'),
(2121, 0, 2, 'product_id=106', 'dua-chuot', 'product'),
(2120, 0, 1, 'product_id=105', 'bi-do', 'product'),
(2119, 0, 2, 'product_id=105', 'bi-do', 'product'),
(2118, 0, 1, 'product_id=104', 'sup-lo', 'product'),
(2117, 0, 2, 'product_id=104', 'sup-lo', 'product'),
(1000, 0, 1, 'page_id=1000', 'chinh-sach-va-bao-mat', ''),
(1001, 0, 2, 'page_id=1000', 'chinh-sach-va-bao-mat', ''),
(2093, 0, 1, 'common/home', 'home', ''),
(2094, 0, 2, 'common/home', 'trang-chu', ''),
(2095, 0, 1, 'common/shop', 'products', ''),
(2096, 0, 2, 'common/shop', 'san-pham', ''),
(2097, 0, 1, 'contact/contact', 'contact', ''),
(2098, 0, 2, 'contact/contact', 'lien-he', ''),
(2099, 0, 1, 'checkout/profile', 'profile', ''),
(2100, 0, 2, 'checkout/profile', 'tai-khoan', ''),
(2101, 0, 1, 'account/login', 'login', ''),
(2102, 0, 2, 'account/login', 'dang-nhap', ''),
(2103, 0, 1, 'account/register', 'register', ''),
(2104, 0, 2, 'account/register', 'dang-ky', ''),
(2105, 0, 1, 'account/logout', 'logout', ''),
(2106, 0, 2, 'account/logout', 'dang-xuat', ''),
(2107, 0, 1, 'checkout/setting', 'setting', ''),
(2108, 0, 2, 'checkout/setting', 'cai-dat', ''),
(2109, 0, 1, 'checkout/my_orders', 'checkout-cart', ''),
(2110, 0, 2, 'checkout/my_orders', 'gio-hang', ''),
(2111, 0, 1, 'checkout/order_preview', 'payment', ''),
(2112, 0, 2, 'checkout/order_preview', 'thanh-toan', ''),
(2113, 0, 1, 'checkout/order_preview/orderSuccess', 'payment-success', ''),
(2114, 0, 2, 'checkout/order_preview/orderSuccess', 'dat-hang-thanh-cong', ''),
(2115, 0, 1, 'blog/blog', 'blog', ''),
(2116, 0, 2, 'blog/blog', 'bai-viet', ''),
(2032, 0, 2, 'collection=6', 'collection-6', 'category'),
(2033, 0, 2, 'collection=7', 'collection-7', 'category'),
(2138, 0, 1, 'product_id=114', 'mi-tom', 'product'),
(2152, 0, 1, 'category_id=21', 'thuc-pham-kho', 'category'),
(2153, 0, 2, 'category_id=22', 'do-uong-giai-khat', 'category'),
(2154, 0, 1, 'category_id=22', 'do-uong-giai-khat', 'category'),
(2155, 0, 2, 'category_id=23', 'sua', 'category'),
(2156, 0, 1, 'category_id=23', 'sua', 'category'),
(2157, 0, 2, 'blog=1', '5-cach-chon-rau-cu-qua', 'blog'),
(2158, 0, 2, 'blog=2', 'cach-chon-thit-bo-thit-lon-tuoi-ngon', 'blog'),
(2159, 0, 2, 'blog=3', 'meo-bao-quan-thuc-pham-trong-tu-lanh', 'blog');

-- oc_theme_builder_config NO PRIMARY KEY
-- remove first
DELETE FROM `oc_theme_builder_config`
WHERE `store_id` = '0'
  AND `config_theme` = 'food_grocerie'
  AND `code` = 'config';

-- insert
INSERT IGNORE INTO `oc_theme_builder_config` (`store_id`, `config_theme`, `code`, `key`, `config`, `date_added`, `date_modified`) VALUES
(0, 'food_grocerie', 'config', 'config_theme_color', '{\n    \"main\": {\n        \"main\": {\n            \"hex\": \"#B8311B\",\n            \"visible\": 1\n        },\n        \"button\": {\n            \"hex\": \"#B8311B\",\n            \"visible\": 1\n        }\n    }\n}', '2020-07-22 10:26:34', '2020-07-22 10:26:34'),
(0, 'food_grocerie', 'config', 'config_theme_text', '{\n    \"all\": {\n        \"title\": \"Font Roboto\",\n        \"font\": \"Roboto\",\n        \"supported-fonts\": [\n            \"Open Sans\",\n            \"IBM Plex Sans\",\n            \"Courier New\",\n            \"Roboto\",\n            \"Nunito\",\n            \"Arial\",\n            \"DejaVu Sans\",\n            \"Tahoma\",\n            \"Time News Roman\"\n        ]\n    },\n    \"heading\": {\n        \"font\": \"Tahoma\",\n        \"supported-fonts\": [\n            \"Open Sans\",\n            \"IBM Plex Sans\",\n            \"Courier New\",\n            \"Roboto\",\n            \"Nunito\",\n            \"Arial\",\n            \"DejaVu Sans\",\n            \"Tahoma\",\n            \"Time News Roman\"\n        ],\n        \"font-type\": \"regular\",\n        \"supported-font-types\": [\n            \"regular\",\n            \"bold\",\n            \"italic\"\n        ],\n        \"font-size\": 32\n    },\n    \"body\": {\n        \"font\": \"Aria\",\n        \"supported-fonts\": [\n            \"Open Sans\",\n            \"IBM Plex Sans\",\n            \"Courier New\",\n            \"Roboto\",\n            \"Nunito\",\n            \"Arial\",\n            \"DejaVu Sans\",\n            \"Tahoma\",\n            \"Time News Roman\"\n        ],\n        \"font-type\": \"regular\",\n        \"supported-font-types\": [\n            \"regular\",\n            \"bold\",\n            \"italic\"\n        ],\n        \"font-size\": 14\n    }\n}', '2020-07-22 10:26:34', '2020-07-22 10:26:34'),
(0, 'food_grocerie', 'config', 'config_theme_favicon', '{\n    \"image\": {\n        \"url\": \"/catalog/view/theme/default/image/favicon.ico\"\n    }\n}', '2020-07-22 10:26:34', '2020-07-22 10:26:34'),
(0, 'food_grocerie', 'config', 'config_theme_social', '[\n    {\n        \"name\": \"facebook\",\n        \"text\": \"Facebook\",\n        \"url\": \"https://www.facebook.com\"\n    },\n    {\n        \"name\": \"twitter\",\n        \"text\": \"Twitter\",\n        \"url\": \"https://www.twitter.com\"\n    },\n    {\n        \"name\": \"instagram\",\n        \"text\": \"Instagram\",\n        \"url\": \"https://www.instagram.com\"\n    },\n    {\n        \"name\": \"tumblr\",\n        \"text\": \"Tumblr\",\n        \"url\": \"https://www.tumblr.com\"\n    },\n    {\n        \"name\": \"youtube\",\n        \"text\": \"Youtube\",\n        \"url\": \"https://www.youtube.com\"\n    },\n    {\n        \"name\": \"googleplus\",\n        \"text\": \"Google Plus\",\n        \"url\": \"https://www.plus.google.com\"\n    }\n]', '2020-07-22 10:26:34', '2020-07-22 10:26:34'),
(0, 'food_grocerie', 'config', 'config_theme_override_css', '{\n    \"css\": \"/* override css */\"\n}', '2020-07-22 10:26:34', '2020-07-22 10:26:34'),
(0, 'food_grocerie', 'config', 'config_theme_checkout_page', '{\n}', '2020-07-22 10:26:34', '2020-07-22 10:26:34'),
(0, 'food_grocerie', 'config', 'config_section_sections', '{\n    \"name\": \"Theme Config\",\n    \"version\": \"1.0\",\n    \"section\": {\n        \"header\": {\n            \"name\": \"header\",\n            \"text\": \"Header\",\n            \"visible\": 1\n        },\n        \"slide-show\": {\n            \"name\": \"slide-show\",\n            \"text\": \"Slideshow\",\n            \"visible\": 1\n        },\n        \"categories\": {\n            \"name\": \"categories\",\n            \"text\": \"Danh mục sản phẩm\",\n            \"visible\": 1\n        },\n        \"hot-deals\": {\n            \"name\": \"hot-deals\",\n            \"text\": \"Sản phẩm khuyến mại\",\n            \"visible\": 1\n        },\n        \"feature-products\": {\n            \"name\": \"feature-products\",\n            \"text\": \"Sản phẩm bán chạy\",\n            \"visible\": 1\n        },\n        \"related-products\": {\n            \"name\": \"related-products\",\n            \"text\": \"Sản phẩm xem nhiều\",\n            \"visible\": 1\n        },\n        \"new-products\": {\n            \"name\": \"new-products\",\n            \"text\": \"Sản phẩm mới\",\n            \"visible\": 1\n        },\n        \"product-detail\": {\n            \"name\": \"product-details\",\n            \"text\": \"Chi tiết sản phẩm\",\n            \"visible\": 1\n        },\n        \"banner\": {\n            \"name\": \"banner\",\n            \"text\": \"Banner\",\n            \"visible\": 1\n        },\n        \"content_customize\" : {\n            \"name\" : \"content-customize\",\n            \"text\" : \"Nội dung tùy chỉnh\",\n            \"visible\" : 1\n        },\n        \"partners\": {\n            \"name\": \"partners\",\n            \"text\": \"Đối tác\",\n            \"visible\": 1\n        },\n        \"blog\": {\n            \"name\": \"blog\",\n            \"text\": \"Blog\",\n            \"visible\": 1\n        },\n        \"footer\": {\n            \"name\": \"footer\",\n            \"text\": \"Footer\",\n            \"visible\": 1\n        }\n    }\n}', '2020-07-22 10:26:34', '2020-07-22 10:26:34'),
(0, 'food_grocerie', 'config', 'config_section_banner', '{\n    \"name\": \"banner\",\n    \"text\": \"Banner\",\n    \"visible\": \"1\",\n    \"display\": [\n        {\n            \"image-url\": \"https:\\/\\/res.cloudinary.com\\/novaonx2\\/image\\/upload\\/v1595388763\\/26419\\/banner-1.png\",\n            \"url\": \"#\",\n            \"description\": \"Banner 1\",\n            \"visible\": \"1\"\n        },\n        {\n            \"image-url\": \"https:\\/\\/res.cloudinary.com\\/novaonx2\\/image\\/upload\\/v1595388761\\/26419\\/banner-2.png\",\n            \"url\": \"#\",\n            \"description\": \"Banner 2\",\n            \"visible\": \"1\"\n        },\n        {\n            \"image-url\": \"https:\\/\\/res.cloudinary.com\\/novaonx2\\/image\\/upload\\/v1595388759\\/26419\\/banner-3.png\",\n            \"url\": \"#\",\n            \"description\": \"Banner 3\",\n            \"visible\": \"1\"\n        }\n    ]\n}', '2020-07-22 10:26:34', '2020-07-22 10:34:36'),
(0, 'food_grocerie', 'config', 'config_section_best_sales_product', '{\n    \"name\": \"feature-product\",\n    \"text\": \"Sản phẩm bán chạy\",\n    \"visible\": 1,\n    \"setting\": {\n        \"title\": \"Sản phẩm bán chạy\",\n        \"sub_title\" : \"Mô tả tiêu đề\",\n        \"auto_retrieve_data\": 1,\n        \"collection_id\": 1\n    },\n    \"display\": {\n        \"grid\": {\n            \"quantity\": 4\n        },\n        \"grid_mobile\": {\n            \"quantity\": 2\n        }\n    }\n}', '2020-07-22 10:26:34', '2020-07-22 10:26:34'),
(0, 'food_grocerie', 'config', 'config_section_new_product', '{\n    \"name\": \"new-product\",\n    \"text\": \"Sản phẩm mới\",\n    \"visible\": 1,\n    \"setting\": {\n        \"title\": \"Sản phẩm mới\",\n        \"sub_title\" : \"Mô tả tiêu đề\",\n        \"auto_retrieve_data\": 1,\n        \"collection_id\": 1\n    },\n    \"display\": {\n        \"grid\": {\n            \"quantity\": 4\n        },\n        \"grid_mobile\": {\n            \"quantity\": 2\n        }\n    }\n}', '2020-07-22 10:26:34', '2020-07-22 10:26:34'),
(0, 'food_grocerie', 'config', 'config_section_best_views_product', '{\n    \"name\": \"related-product\",\n    \"text\": \"Sản phẩm xem nhiều\",\n    \"visible\": 1,\n    \"setting\": {\n        \"title\": \"Sản phẩm xem nhiều\"\n    },\n    \"display\": {\n        \"grid\": {\n            \"quantity\": 10\n        },\n        \"grid_mobile\": {\n            \"quantity\": 2\n        }\n    }\n}', '2020-07-22 10:26:34', '2020-07-22 10:26:34'),
(0, 'food_grocerie', 'config', 'config_section_blog', '{\n    \"name\": \"blog\",\n    \"text\": \"Blog\",\n    \"visible\": 1,\n    \"setting\": {\n        \"title\": \"Blog\"\n    },\n    \"display\": {\n        \"menu\": [\n            {\n                \"type\": \"existing\",\n                \"menu\": {\n                    \"id\": 12,\n                    \"name\": \"Danh sách bài viết 1\"\n                }\n            },\n            {\n                \"type\": \"manual\",\n                \"entries\": [\n                    {\n                        \"id\": 10,\n                        \"name\": \"Entry 10\"\n                    },\n                    {\n                        \"id\": 11,\n                        \"name\": \"Entry 11\"\n                    }\n                ]\n            }\n        ],\n        \"grid\": {\n            \"quantity\": 10\n        }\n    }\n}', '2020-07-22 10:26:34', '2020-07-22 10:26:34'),
(0, 'food_grocerie', 'config', 'config_section_detail_product', '{\n    \"name\": \"product-detail\",\n    \"text\": \"Chi tiết sản phẩm\",\n    \"visible\": 1,\n    \"display\": {\n        \"name\": true,\n        \"description\": false,\n        \"price\": true,\n        \"price-compare\": false,\n        \"status\": false,\n        \"sale\": false,\n        \"rate\": false\n    }\n}', '2020-07-22 10:26:34', '2020-07-22 10:26:34'),
(0, 'food_grocerie', 'config', 'config_section_footer', '{\n    \"name\": \"footer\",\n    \"text\": \"Footer\",\n    \"visible\": 1,\n    \"contact\": {\n        \"title\": \"Liên hệ chúng tôi\",\n        \"address\": \"Cau Giay - Ha Noi\",\n        \"phone-number\": \"(+84)987654321\",\n        \"email\": \"giangnh1@novaon.vn\",\n        \"visible\": 1\n    },\n    \"collection\": {\n        \"title\": \"Bộ sưu tập\",\n        \"menu_id\": 1,\n        \"visible\": 1\n    },\n    \"quick-links\": {\n        \"title\": \"Liên kết nhanh\",\n        \"menu_id\": 1,\n        \"visible\": 1\n    },\n    \"subscribe\": {\n        \"title\": \"Đăng ký theo dõi\",\n        \"social_network\": 1,\n        \"visible\": 1,\n        \"youtube_visible\": 1,\n        \"facebook_visible\": 1,\n        \"instagram_visible\": 1\n    }\n}', '2020-07-22 10:26:34', '2020-07-22 10:26:34'),
(0, 'food_grocerie', 'config', 'config_section_header', '{\n    \"name\": \"header\",\n    \"text\": \"Header\",\n    \"visible\": \"1\",\n    \"notify-bar\": {\n        \"name\": \"Thanh thông báo\",\n        \"visible\": \"1\",\n        \"content\": \"Mua sắm online thuận tiện và dễ dàng\",\n        \"url\": \"#\"\n    },\n    \"logo\": {\n        \"name\": \"Logo\",\n        \"url\": \"https:\\/\\/res.cloudinary.com\\/novaonx2\\/image\\/upload\\/v1595388767\\/26419\\/logo.png\",\n        \"height\": \"\"\n    },\n    \"menu\": {\n        \"name\": \"Menu\",\n        \"display-list\": {\n            \"name\": \"Menu chính\",\n            \"id\": \"1\"\n        }\n    }\n}', '2020-07-22 10:26:34', '2020-07-22 10:33:00'),
(0, 'food_grocerie', 'config', 'config_section_hot_product', '{\n    \"name\": \"hot-deals\",\n    \"text\": \"Sản phẩm khuyến mại\",\n    \"visible\": 1,\n    \"setting\": {\n        \"title\": \"Sản phẩm khuyến mại\",\n        \"sub_title\" : \"Mô tả tiêu đề\",\n        \"auto_retrieve_data\": 1,\n        \"collection_id\": 1\n    },\n    \"display\": {\n        \"grid\": {\n            \"quantity\": 4\n        },\n        \"grid_mobile\": {\n            \"quantity\": 2\n        }\n    }\n}', '2020-07-22 10:26:34', '2020-07-22 10:26:34'),
(0, 'food_grocerie', 'config', 'config_section_list_product', '{\n    \"name\": \"categories\",\n    \"text\": \"Danh mục sản phẩm\",\n    \"visible\": 0,\n    \"setting\": {\n        \"title\": \"Danh mục sản phẩm\"\n    },\n    \"display\": {\n        \"menu\": {\n            \"id\": 1,\n            \"name\": \"Danh mục sản phẩm 1\"\n        }\n    }\n}', '2020-07-22 10:26:34', '2020-07-22 10:26:34'),
(0, 'food_grocerie', 'config', 'config_section_partner', '{\n    \"name\": \"partners\",\n    \"text\": \"Đối tác\",\n    \"visible\": \"1\",\n    \"limit-per-line\": \"4\",\n    \"display\": [\n        {\n            \"image-url\": \"https:\\/\\/res.cloudinary.com\\/novaonx2\\/image\\/upload\\/v1595393555\\/26419\\/doi-tac-1.png\",\n            \"url\": \"#\",\n            \"description\": \"Partner 1\",\n            \"visible\": \"1\"\n        },\n        {\n            \"image-url\": \"https:\\/\\/res.cloudinary.com\\/novaonx2\\/image\\/upload\\/v1595393967\\/26419\\/doi-tac-3.png\",\n            \"url\": \"#\",\n            \"description\": \"Partner 2\",\n            \"visible\": \"1\"\n        },\n        {\n            \"image-url\": \"https:\\/\\/res.cloudinary.com\\/novaonx2\\/image\\/upload\\/v1595393965\\/26419\\/doi-tac-4.png\",\n            \"url\": \"#\",\n            \"description\": \"Partner 3\",\n            \"visible\": \"1\"\n        },\n        {\n            \"image-url\": \"https:\\/\\/res.cloudinary.com\\/novaonx2\\/image\\/upload\\/v1595393968\\/26419\\/doi-tac-2.png\",\n            \"url\": \"#\",\n            \"description\": \"Partner 4\",\n            \"visible\": \"1\"\n        }\n    ]\n}', '2020-07-22 10:26:34', '2020-07-22 11:59:55'),
(0, 'food_grocerie', 'config', 'config_section_slideshow', '{\n    \"name\": \"slide-show\",\n    \"text\": \"Slideshow\",\n    \"visible\": \"1\",\n    \"setting\": {\n        \"transition-time\": \"5\"\n    },\n    \"display\": [\n        {\n            \"image-url\": \"https:\\/\\/res.cloudinary.com\\/novaonx2\\/image\\/upload\\/v1596184544\\/26419\\/slideshow1.png\",\n            \"url\": \"#\",\n            \"description\": \"\",\n            \"id\": \"23582941\"\n        },\n        {\n            \"image-url\": \"https:\\/\\/res.cloudinary.com\\/novaonx2\\/image\\/upload\\/v1596184541\\/26419\\/slideshow2.png\",\n            \"description\": \"\",\n            \"id\": \"88766511\"\n        },\n        {\n            \"image-url\": \"https:\\/\\/res.cloudinary.com\\/novaonx2\\/image\\/upload\\/v1596184539\\/26419\\/slideshow3.png\",\n            \"description\": \"\",\n            \"id\": \"16040995\"\n        }\n    ]\n}', '2020-07-22 10:26:34', '2020-07-31 15:36:31'),
(0, 'food_grocerie', 'config', 'config_section_product_groups', '{\n    \"name\": \"group products\",\n    \"text\": \"nhóm sản phẩm\",\n    \"visible\": 1,\n    \"list\": [\n        {\n            \"text\": \"Danh sách sản phẩm 1\",\n            \"visible\": \"0\",\n            \"setting\": {\n                \"title\": \"Danh sách sản phẩm 1\",\n                \"collection_id\": \"4\",\n                \"sub_title\": \"Danh sách sản phẩm 1\"\n            },\n            \"display\": {\n                \"grid\": {\n                    \"quantity\": \"6\"\n                },\n                \"grid_mobile\": {\n                    \"quantity\": 2\n                }\n            }\n        }\n    ]\n}', '2020-07-22 10:26:34', '2020-07-22 10:26:34'),
(0, 'food_grocerie', 'config', 'config_section_content_customize', '{\n    \"name\": \"content-customize\",\n    \"title\": \"Nội dung tuỳ chỉnh\",\n    \"display\": [\n        {\n            \"name\": \"content-1\",\n            \"title\": \"Bảo đảm chất lượng\",\n            \"type\": \"fixed\",\n            \"content\": {\n                \"icon\": \"/catalog/view/theme/default/image/favicon.ico\",\n                \"title\": \"Bảo đảm chất lượng\",\n                \"description\": \"Sản phẩm đảm bảo chất lượng\",\n                \"html\": \"\"\n            }\n        },\n        {\n            \"name\": \"content-2\",\n            \"title\": \"Miễn phí giao hàng\",\n            \"type\": \"fixed\",\n            \"content\": {\n                \"icon\": \"/catalog/view/theme/default/image/favicon.ico\",\n                \"title\": \"Miễn phí giao hàng\",\n                \"description\": \"Cho đơn hàng từ 2 triệu\",\n                \"html\": \"\"\n            }\n        },\n        {\n            \"name\": \"content-3\",\n            \"title\": \"Hỗ trợ 24/7\",\n            \"type\": \"fixed\",\n            \"content\": {\n                \"icon\": \"/catalog/view/theme/default/image/favicon.ico\",\n                \"title\": \"Hỗ trợ 24/7\",\n                \"description\": \"Hotline 012.345.678\",\n                \"html\": \"\"\n            }\n        },\n        {\n            \"name\": \"content-4\",\n            \"title\": \"Đổi trả hàng\",\n            \"type\": \"fixed\",\n            \"content\": {\n                \"icon\": \"/catalog/view/theme/default/image/favicon.ico\",\n                \"title\": \"Đổi trả hàng\",\n                \"description\": \"Trong vòng 7 ngày\",\n                \"html\": \"\"\n            }\n        }\n    ]\n}', '2020-07-22 10:26:34', '2020-07-22 10:26:34'),
(0, 'food_grocerie', 'config', 'config_section_category_sections', '{\n    \"name\": \"Theme Config\",\n    \"version\": \"1.0\",\n    \"section\": {\n        \"banner\": {\n            \"name\": \"banner\",\n            \"text\": \"Banner\",\n            \"visible\": 1\n        },\n        \"filter\": {\n            \"name\": \"filter\",\n            \"text\": \"Filter\",\n            \"visible\": 1\n        },\n        \"product_category\": {\n            \"name\": \"product_category\",\n            \"text\": \"Product Category\",\n            \"visible\": 1\n        },\n        \"product_list\": {\n            \"name\": \"product_list\",\n            \"text\": \"Product List\",\n            \"visible\": 1\n        }\n    }\n}', '2020-07-22 10:26:34', '2020-07-22 10:26:34'),
(0, 'food_grocerie', 'config', 'config_section_category_banner', '{\n    \"name\": \"banner\",\n    \"text\": \"Banner\",\n    \"visible\": \"1\",\n    \"display\": [\n        {\n            \"image-url\": \"\\/catalog\\/view\\/theme\\/default\\/image\\/banner\\/img-banner-06.jpg\",\n            \"url\": \"#\",\n            \"description\": \"Banner 1\",\n            \"visible\": \"0\"\n        },\n        {\n            \"image-url\": \"\\/catalog\\/view\\/theme\\/default\\/image\\/banner\\/img-banner-02.png\",\n            \"url\": \"#\",\n            \"description\": \"Banner 2\",\n            \"visible\": \"0\"\n        },\n        {\n            \"image-url\": \"\\/catalog\\/view\\/theme\\/default\\/image\\/banner\\/img-banner-03.png\",\n            \"url\": \"#\",\n            \"description\": \"Banner 3\",\n            \"visible\": \"0\"\n        }\n    ]\n}', '2020-07-22 10:26:34', '2020-07-22 10:35:56'),
(0, 'food_grocerie', 'config', 'config_section_category_filter', '{\n    \"name\": \"filter\",\n    \"text\": \"Bộ lọc\",\n    \"visible\": 1,\n    \"setting\": {\n        \"title\": \"Bộ lọc\"\n    },\n    \"display\": {\n        \"supplier\": {\n            \"title\": \"Nhà cung cấp\",\n            \"visible\": 1\n        },\n        \"product-type\": {\n            \"title\": \"Loại sản phẩm\",\n            \"visible\": 1\n        },\n        \"collection\": {\n            \"title\": \"Bộ sưu tập\",\n            \"visible\": 1\n        },\n        \"property\": {\n            \"title\": \"Lọc theo tt - k dung\",\n            \"visible\": 1,\n            \"prop\": [\n                \"all\",\n                \"color\",\n                \"weight\",\n                \"size\"\n            ]\n        },\n        \"product-price\": {\n            \"title\": \"Giá sản phẩm\",\n            \"visible\": 1,\n            \"range\": {\n                \"from\": 0,\n                \"to\": 100000000\n            }\n        },\n        \"tag\": {\n            \"title\": \"Tag\",\n            \"visible\": 1\n        }\n    }\n}', '2020-07-22 10:26:34', '2020-07-22 10:26:34'),
(0, 'food_grocerie', 'config', 'config_section_category_product_category', '{\n    \"name\": \"product-category\",\n    \"text\": \"Danh mục sản phẩm\",\n    \"visible\": 1,\n    \"setting\": {\n        \"title\": \"Danh mục sản phẩm\"\n    },\n    \"display\": {\n        \"menu\": {\n            \"id\": 1,\n            \"name\": \"Danh mục sản phẩm 1\"\n        }\n    }\n}', '2020-07-22 10:26:34', '2020-07-22 10:26:34'),
(0, 'food_grocerie', 'config', 'config_section_category_product_list', '{\n    \"name\": \"product-list\",\n    \"text\": \"Danh sách sản phẩm\",\n    \"visible\": 1,\n    \"setting\": {\n        \"title\": \"Danh sách sản phẩm\"\n    },\n    \"display\": {\n        \"grid\": {\n            \"quantity\": 10\n        }\n    }\n}', '2020-07-22 10:26:34', '2020-07-22 10:26:34'),
(0, 'food_grocerie', 'config', 'config_section_product_detail_sections', '{\n    \"name\": \"Theme Config\",\n    \"version\": \"1.0\",\n    \"section\": {\n        \"related_product\": {\n            \"name\": \"related_product\",\n            \"text\": \"Related Product\",\n            \"visible\": 1\n        },\n        \"template\": {\n            \"name\": \"template\",\n            \"text\": \"Template\",\n            \"visible\": 1\n        }\n    }\n}', '2020-07-22 10:26:34', '2020-07-22 10:26:34'),
(0, 'food_grocerie', 'config', 'config_section_product_detail_related_product', '{\n    \"name\": \"related-product\",\n    \"text\": \"Sản phẩm liên quan\",\n    \"visible\": 1,\n    \"setting\": {\n        \"title\": \"Sản phẩm liên quan\",\n        \"auto_retrieve_data\": 0,\n        \"collection_id\": 1\n    },\n    \"display\": {\n        \"grid\": {\n            \"quantity\": 4\n        },\n        \"grid_mobile\": {\n            \"quantity\": 2\n        }\n    }\n}', '2020-07-22 10:26:34', '2020-07-22 10:26:34'),
(0, 'food_grocerie', 'config', 'config_section_product_detail_template', '{\n    \"name\": \"template\",\n    \"text\": \"Giao diện\",\n    \"visible\": 1,\n    \"display\": {\n        \"template\": {\n            \"id\": 10\n        }\n    }\n}', '2020-07-22 10:26:34', '2020-07-22 10:26:34'),
(0, 'food_grocerie', 'config', 'config_section_blog_sections', '{\n    \"name\": \"Theme Config\",\n    \"version\": \"1.0\",\n    \"section\": {\n        \"blog_category\": {\n            \"name\": \"blog_category\",\n            \"text\": \"Blog Category\",\n            \"visible\": 1\n        },\n        \"blog_list\": {\n            \"name\": \"blog_list\",\n            \"text\": \"Blog List\",\n            \"visible\": 1\n        },\n        \"latest_blog\": {\n            \"name\": \"latest_blog\",\n            \"text\": \"Latest Blog\",\n            \"visible\": 1\n        }\n    }\n}', '2020-07-22 10:26:34', '2020-07-22 10:26:34'),
(0, 'food_grocerie', 'config', 'config_section_blog_blog_category', '{\n    \"name\": \"blog-category\",\n    \"text\": \"Danh mục bài viết\",\n    \"visible\": 1,\n    \"setting\": {\n        \"title\": \"Danh mục bài viết\"\n    },\n    \"display\": {\n        \"menu\": {\n            \"id\": 1,\n            \"name\": \"Danh mục bài viết 1\"\n        }\n    }\n}', '2020-07-22 10:26:34', '2020-07-22 10:26:34'),
(0, 'food_grocerie', 'config', 'config_section_blog_blog_list', '{\n    \"name\": \"blog-list\",\n    \"text\": \"Danh sách bài viết\",\n    \"visible\": 1,\n    \"display\": {\n        \"grid\": {\n            \"quantity\": 20\n        }\n    }\n}', '2020-07-22 10:26:34', '2020-07-22 10:26:34'),
(0, 'food_grocerie', 'config', 'config_section_blog_latest_blog', '{\n    \"name\": \"latest-blog\",\n    \"text\": \"Bài viết mới nhất\",\n    \"visible\": 1,\n    \"setting\": {\n        \"title\": \"Bài viết mới nhất\"\n    },\n    \"display\": {\n        \"grid\": {\n            \"quantity\": 10\n        }\n    }\n}', '2020-07-22 10:26:34', '2020-07-22 10:26:34'),
(0, 'food_grocerie', 'config', 'config_section_contact_sections', '{\n    \"name\": \"Theme Config\",\n    \"version\": \"1.0\",\n    \"section\": {\n        \"map\": {\n            \"name\": \"map\",\n            \"text\": \"Bản đồ\",\n            \"address\": \"<iframe src=\\\"https://www.google.com/maps/embed?pb=!1m18!1m12!1m3!1d3724.043949938738!2d105.78184861424786!3d21.03092738599717!2m3!1f0!2f0!3f0!3m2!1i1024!2i768!4f13.1!3m3!1m2!1s0x3135ab23dbae9cef%3A0x26c5664dafc0fbd0!2sNovaon+Ads!5e0!3m2!1sen!2s!4v1544096628331\\\" width=\\\"600\\\" height=\\\"450\\\" frameborder=\\\"0\\\" style=\\\"border:0\\\" allowfullscreen></iframe>\",\n            \"visible\": 1\n        },\n        \"info\": {\n            \"name\": \"info\",\n            \"text\": \"Thông tin cửa hàng\",\n            \"email\": \"contact-us@novaon.asia\",\n            \"phone\": \"0000000000\",\n            \"address\": \"address\",\n            \"visible\": 1\n        },\n        \"form\": {\n            \"name\": \"form\",\n            \"title\": \"Form liên hệ\",\n            \"email\": \"email@mail.com\",\n            \"visible\": 1\n        }\n    }\n}', '2020-07-22 10:26:34', '2020-07-22 10:26:34'),
(0, 'food_grocerie', 'config', 'config_section_contact_map', '{   //////// CÁI NÀY KHÔNG DÙNG NỮA\n    \"name\": \"map\",\n    \"text\": \"Bản đồ\",\n    \"visible\": 1,\n    \"setting\": {\n        \"title\": \"Bản đồ\"\n    },\n    \"display\": {\n        \"address\": \"<iframe src=\\\"https://www.google.com/maps/embed?pb=!1m18!1m12!1m3!1d3724.043949938738!2d105.78184861424786!3d21.03092738599717!2m3!1f0!2f0!3f0!3m2!1i1024!2i768!4f13.1!3m3!1m2!1s0x3135ab23dbae9cef%3A0x26c5664dafc0fbd0!2sNovaon+Ads!5e0!3m2!1sen!2s!4v1544096628331\\\" width=\\\"600\\\" height=\\\"450\\\" frameborder=\\\"0\\\" style=\\\"border:0\\\" allowfullscreen></iframe>\"\n    }\n}', '2020-07-22 10:26:34', '2020-07-22 10:26:34'),
(0, 'food_grocerie', 'config', 'config_section_contact_contact', '{  //////// CÁI NÀY KHÔNG DÙNG NỮA\n    \"name\": \"contact\",\n    \"text\": \"Liên hệ\",\n    \"visible\": 1,\n    \"setting\": {\n        \"title\": \"Vị trí của chúng tôi\"\n    },\n    \"display\": {\n        \"store\": {\n            \"title\": \"Gian hàng\",\n            \"content\": \"Số 12 Dịch Vọng Hậu, Cầu Giấy, Hà Nội\",\n            \"visible\": 1\n        },\n        \"telephone\": {\n            \"title\": \"Điện thoại\",\n            \"content\": \"(+84) 987 654 321\",\n            \"visible\": 1\n        },\n        \"social_follow\": {\n            \"socials\": [\n                {\n                    \"name\": \"facebook\",\n                    \"text\": \"Facebook\",\n                    \"visible\": 1\n                },\n                {\n                    \"name\": \"twitter\",\n                    \"text\": \"Twitter\",\n                    \"visible\": 1\n                },\n                {\n                    \"name\": \"instagram\",\n                    \"text\": \"Instagram\",\n                    \"visible\": 1\n                },\n                {\n                    \"name\": \"tumblr\",\n                    \"text\": \"Tumblr\",\n                    \"visible\": 1\n                },\n                {\n                    \"name\": \"youtube\",\n                    \"text\": \"Youtube\",\n                    \"visible\": 1\n                },\n                {\n                    \"name\": \"googleplus\",\n                    \"text\": \"Google Plus\",\n                    \"visible\": 1\n                }\n            ],\n            \"visible\": 1\n        }\n    }\n}', '2020-07-22 10:26:34', '2020-07-22 10:26:34'),
(0, 'food_grocerie', 'config', 'config_section_contact_form', '{  //////// CÁI NÀY KHÔNG DÙNG NỮA\n    \"name\": \"form\",\n    \"text\": \"Biểu mẫu\",\n    \"visible\": 1,\n    \"setting\": {\n        \"title\": \"Liên hệ với chúng tôi\"\n    },\n    \"data\": {\n        \"email\": \"sale.247@xshop.com\"\n    }\n}', '2020-07-22 10:26:34', '2020-07-22 10:26:34');

-- oc_blog PRIMARY KEY (`blog_id`)
INSERT IGNORE INTO `oc_blog` (`blog_id`, `author`, `status`, `demo`, `date_publish`, `date_added`, `date_modified`) VALUES
(1, 1, 1, 1, '2020-07-22 11:46:01', '2020-07-22 11:46:01', '2020-07-22 11:46:56'),
(2, 1, 1, 1, '2020-07-22 11:47:35', '2020-07-22 11:47:35', '2020-07-22 11:47:35'),
(3, 1, 1, 1, '2020-07-22 11:48:10', '2020-07-22 11:48:10', '2020-07-22 11:48:10');

-- oc_blog_category PRIMARY KEY (`blog_category_id`)
INSERT IGNORE INTO `oc_blog_category` (`blog_category_id`, `status`, `date_added`, `date_modified`) VALUES
(1, 1, '2019-11-11 13:37:51', '2019-11-11 19:03:46');

-- oc_blog_category_description PRIMARY KEY (`blog_category_id`,`language_id`)
INSERT IGNORE INTO `oc_blog_category_description` (`blog_category_id`, `language_id`, `title`, `meta_title`, `meta_description`, `alias`) VALUES
(1, 1, 'Mặc định (Uncategorized)', 'Mặc định (Uncategorized)', 'Mặc định (Uncategorized)', 'danh-muc-mac-dinh-uncategorized'),
(1, 2, 'Mặc định (Uncategorized)', 'Mặc định (Uncategorized)', 'Mặc định (Uncategorized)', 'danh-muc-mac-dinh-uncategorized');

-- oc_blog_description PRIMARY KEY (`blog_id`,`language_id`)
INSERT IGNORE INTO `oc_blog_description` (`blog_id`, `language_id`, `title`, `content`, `short_content`, `image`, `meta_title`, `meta_description`, `alias`) VALUES
(1, 2, '5 cách chọn rau củ quả', '&lt;p&gt;&lt;meta charset=&quot;utf-8&quot; /&gt;&lt;!--(figmeta)eyJmaWxlS2V5IjoiY1dXVmdOd3ZwckFCTUx0NmMwZlI3ZCIsInBhc3RlSUQiOjQyMDM2OTc2NiwiZGF0YVR5cGUiOiJzY2VuZSJ9Cg==(/figmeta)--&gt;&lt;!--(figma)ZmlnLWtpd2kCAAAAnR0AALVb+5ckSVWOyKp+Tc/Ozj54ioiIiKg4O7vsLohIdlZWV3ZXVeZmZlXPrEiRXZXdnTvVVWVldc/0ioiI77ciKioivhAV329ExbciKqKIIPLS4/F4PP4Jfl9Evmp64Df3nO24cePmjRs37r1x40bNk504TaPDODybxULcteM63UEQmn4o8F/XbdgDq2V2t+0AXdkLbL/SNxS13W0ArgXOdtdsA6oH4fW2DWBFAYPAJq9VRas4D4Jdxxv4dts1+eVa1w2d5vVB0HJ77cag5237ZoPfr2fgoOF22d/I+77d9O2gBdSFwLK79gBorzV4rGf714HcrCJ922sTedG8laQQ+RpgQYQ0h0MsHSjfNhsDt6vIhOrs+U7IGWV3Ooq9oyiNQWZhKLQpMYg6bl+Bci+ZjJLJoX8yJk3X7T5u+y4GhNtQ4+SgdXsPBm2gRMO1eh27S61Iy+z2zQCQse27PQ9ArembHdLVt1y3bZvdgevZvhk6bhfIlb5tha4PaJW6RLvWdhTbdbvddryA4IYPImyS2oULvr3da5v+wHPb17cVk01M1W3YDSinpLsY2tco0l1B27GIuBRc72y53NG7nS4m6yrs5a1xPBl1sCoh7vPMIBiELbDb5m7AXvyOsgHZMP1dm3MZnV47dPQe1CgqJNnq+RyqW27bLXorbWe7FapvVgPoWkFqcfii4Ta2bfTX9Sd5dwO74LdN8r4QuM1woHigt9ky/UbRu9hwmk3bt/UK7rKvWe1eoPV5qdUj7u7ADHuFki+rWQDc0+51nK4bOCGnuNeLkslCb+Za4LYdbrCAmTUc7CZmo6jAyALFVukDuwuQKKibuwFcrcCBqOMqL6o7HVOtbAUWtuMAWHWO4Z3BMBrHWulwL98OLaXvpsPlyabTVpOEjtrJmn1wEA8zQetOtwunDVpmw93DoGj4rld2ZdOFfWADu43BVrtHuYwt09pdRtXC+NbCUm6w6vrOtqM9XfQ8mCZa2Xb3FAARQi1DAENoDyzTo3HXy96g6fqWcp0VMm3Ew+k8WiTTCb7JHQQzY1uhTsASy3V27dLIjO7J8X48702SRYpvfJPLEJ5zzW4HACQkgvtTL4Y1naSLeWXTsJnAC44rcWXHZDwwMEem0lpgmWoB9SY4Ngb6i5Wso6hXg8V8eiM2x8nhBB8UzAS8xFGBS7q9MAMNTWxFM3DJ14elqN2WwWM90yfKMH3f3VMmxEXUdNd+rOe0EXN8pe26ZrUzTThtBxFKzbpl920Oy5yrsTWdjuNo4s7iXLP1XldbNmTEZwHcHrAMeluhbyrYuKYMXm20WllrOk+enE4W0Rift+0miSqKgxEo1zJ2egGit6N2tPy6H88XCWyWONfDUOXTLTcM3Q4gozM9SWPrZJ5O59icht00ESswICzfDWCijg9Y2tdt2iz2FT0Dh4+ayjOxFMQOC7aBft1T8WIFjeW0Aa324QLTeSeZz8m9sC34n9pfqQC4I8KE3d0OuflGI0qPtJcZFoIpUKI0Dak8UVtS3etuAyV2PJutDPpsDK/RRFOzb82m88Xt1lezXKgAQucmJnLEntNQ88sc0bJz9bajs+nJYnuejDSTujbIijpLAQ1tn7XyGy9aLOL5BEOgcjxlWwhYKnBJtVkni6kfp8mTYF2oSImjNFPIIQsIBn02joM4WxQU7gduFg5C2+S+Sgs2oXcY5zRO5a7F8FkL7Y7n+qY6o2HMmg20tIgLFZ2LqgBlHhMxdTS8ofenELaFePQ41KYkkDgOQgfqBayplTWC/JzatK40kTU9gRDzjPa8inPaQtM19dnOSbpIDs4+0xeeadkDOKhOLvRngdK2oUIKkEgmAudxexC6gyycQyUTGC88V2uliBuweNuHrgfMy9CXPV+tdAsBG23Narvq/K87XE5UYXHR7Q5g0YpMmE2wGYROx0acQl92XCR2A7UGQ8N6oIavWjxiAdf1AE4Nkq3onkpYVkHlYRE0LuRyStT1hm/SIzYwtmtfzz+7gG7f1enFZjiPJmlSyvgMxE9kGeEAMQmRNDuLRcMJYBV9G6BsIvtDayBFQRrY9N0OnFeFploFlcemegWno9BKBVOEoVWvF7Q0LmO2VmJyXuslSrPaKBEFpwvMCjUu47RZYnJOF0uU5nRXiSg4XdKCYhtAlDO7ewmZ87u8hNUs71nCFVzvVTNl2IzpfVVczvP+KlKzfEoVVXB8KlzTsQYcQ+9pOOaR3ptdeKzKn59uRymSY72/68j/rd6WY2FAkFHekUixKl2Dp6DOkPAFbbsYqpNuCbOiv13Crer4U/TXguF8Oh43krn2KvDJzPQzRA8sUXu6+hYuuaBDxSO48CLGuH3NQ4TUHmyBA89R1ZPbPYQwaaS4XGAywGtCjqc4DBWIpGSMA0nW52JDyEP8MfbxpxbhT12fWfj4FnryDH8MHyhQl4ib+FM7wp+64hQspjN8MCQsQiFnU+1TIDA60WKe3BJy9fjKFfTl8ZUH0BjHV66iqR0/QGT9+AEiV44fIHLVi+aIxs5kFOM74/AkGQm/wnQzT78weBqNT2J8I09UKvZ0YTShpW50HAtZO4iOk/EZ6GXKQA/AAJNFOpwnswV6NdL2o3kS4ZOT43ieDJvJ4ckcqkVoz24RApbgqINWuu2Guk0CVtMsfxrMoiHsbOlbDzmDi/3MDicZmltZ4n0HBk1uLhdY5YC0HPclBeOUhYWp/a1+bUWzFPZVfgIHUKm4RDPIO4ZnIy2m6DUgBkWPWZllqoi9AhQWuw1wtcLfy/VeFQtZG/4iecPRC0DJEyglY3MKKgc2raxfIg9UEbYZRwul4H+XHjJxDAnrqqdIMikMywuIr1EatEpAtCvZnXY1cLpMcNZcv9FFu242fY5vNLoqGlzo9joUaRMXLxPtRRw5XNJdDd1eaun2biT3bC+bpsr37rF0e69vqfa+QPfv9/vqavgUOibapwZ76tb/NCvYY/t0bA7xz7CsDuV+ZqCP589qOQHxz+LBivazXb9L+Z5NpaD9HBww3MrnNEJ1Z/jcZtvkOp7b2fZ5Qn5eAFtD+7xdHLdoP7+JlAjt81u6/YKWnvcFoe5/4WO6faGn2y9iUoz2i9vNLfa/xPVU+yI/VO2Xevr7K95ul3p6oI3wgfYqWsr5oB+22X8ILfsvNrf8PtqHza0++4+gpdyP9jWfl/QhENqXbrX3uD9fhpZ0L0NLui83d1tcx8utHZXsf4XVVI7wCstTfdPq+aTbwlnLvoXgxrbR1PztJi58aJtor6LdRvsg2ham5XwOWvLfaen1YLZtytNuuTu0G6RHKrPpOjjJ0bo73iOPovV2vEfJ57Ed7yVX0Po73pWH0AbtnQ6/C9uuRfoejhXuS79jN3gn3kNLOa51djvEX++2VWbzeLe3G6L9SqQjlOuVaAO0X9WHwtG+ygtC4gdoiX+1v+uzH/lei+2+39vivg+Djkf6UajliMOuSmwPsE3cv8M+qgVoj/p6POnrdT/R31X2cqPvhz7aMdqraI+DAJFXiAla9qdoH0Q7Q/sQ2q9G+2K0c7QPo03RPoJ2gZZ6OkH7ErSnQYCYLcRNtOR3Cy35naElvyfRkt/XoCW/16Alv69FS36vRUt+X4eW/F4ng+AqGX69tPpKwtcTIMtvIECebyBApt9IgFy/iQDZfjMB8v0WAmT8rQTI+dsAKFG/nQA5fwcBcv5OAuT8XQTI+bsJkPP3ECDn7yVAzt9HgJy/nwA5vxGAkvkHCJDzmwiQ8w8SIOcfIkDOP0yAnN9MgJx/hAA5/ygBcv4xAuT8FgAPkvOPEyDntxIg558gQM5vI0DOP0mAnH+KADn/NAFy/hkC5PyzBMj57QAeIuefI0DO7yBAzj9PgJx/gQA5/yIBcn4nAXL+JQLk/MsEyPlXCJDzrwJ4MTn/GgFy/nUC5PwbBMj5NwmQ828RIOffJkDOv0OAnH+XADn/HgFyfheAh8n59wmQ87sJkPMfECDnPyRAzn9EgJzfQ4Cc/5gAOf8JAXL+UwLk/GcAHiHnPydAzn9BgJz/kgA5/xUBcv5rAuT8XgLk/DcEyPl9BMj5bwmQ898BeJSc/54AOb+fADn/AwFy/gABcv5HAuT8TwTI+YMEyPmfCZDzhwiQ878AUCHqwwTI+SMEyPlfCZDzRwmQ878RIOePESDnjxMg508QIOdPEiDnT8nbqwVIrRY4rsUVIfMUy2BO2YlmMyY50jiYT4+Zli2m+Gtsjaf7Qsr9s0WciprUZQph1FC2PmJ/wowM+dcoWkSKdg3ZVzLGDdFi0miOnsA9Vsj1BedGOpceRaPpzRSgcZQcHuFSfIT0DgnjKF5EyRhQPYbIKXMJJI6nuDTHKDMAXl3Ex6ropIfWTpN93PGGhNdV7VRPm704COPC/++UQyRG8whr2xAb+3PynGBm9C4oYYRxj9LzJSGHVASyZ2PKRHLBPLt2mqTJPpIqKepospL3RbGSIuFOxeNyFbwn6cF0fixeKdYSpfRbYl0B4RGS5AklR94eTYDDzcHhCBCXNQJpHbJObM2auAf9ao33srgwn+KeARJIsplyAMDFA6U+i8Jmu/akuGvGtTTViHiNuBQfT59ILHDxUCeEEtfk3UwQO1BkAwYgjJUb8ZmAwRwA204mcSumZsDeIKaRHMbgW0MGj55OKyeizs6eJlxBsorKkWa2OTyKmDrH8xQmJoue+tBpcHojJeyexnMUpOIwgjIRFGRtrKpUqhjSh4pRXB5DmhTHi1w5HJ/NjlKcK3J1VBSIU5wqck1/1seEQEF36xStWN3rpNw4iMbjfdRZmhhIxb68cIRdnoP5ja3pLUzwBik3WxWUMOr7KACNUnENd5n5GAvJLz61o5wOed0KXmQyKYWxBmvUqXlfyJvJaMEbmcGx6wBqBArF1tkz0yEuVuitHSTzdGHlmsISVmBd1f7qNpcvjNXh9Pg4gmCZ15bXsL7QWoVUcOYDLFTpEVOdZx6NTjOHWG0UuhSGMcfFEkuWsuRk6Pun0qRRO1Wdbry4OZ3fyEWYwN6jMSYbqRlzQc5vLyMWyo9YhqQyU+FLGZwd70/HGftUdTAvApmGcyYpGRi4VdK5Ahp/E6uBg0KxOds8GBqG2ig5Aw4ZBUpDWDuEUwz9+CDGdRaLNzYOknG8C8uHlaZqUM1sYEoaUitCrMStlKJ6YJWxT5GAyHoeWVfGCYLL/IwyhNPgZJ+32X2QESEWkvs1m06wzXqitZPJwZgV2AloqhzXk7SXD8UjRJgNLbWVf9+JUuxepqhhjtVc5exkf5ykR2DGeSltOA3j6LhdSsdJjNsnyZ6FYLsq7N0rKmHv4CCNF9jN2jwaJSeMkfUy/q2gKeLfajqbx9EIFGshA6AySGdyMMVWKL47Qo5OMiuDS3iIZFMONOLTZJiXz/P6CxN0Vb+XFq5M6hJpKBxKMry6o1/TH/p5QOQlV39sWXsDdSjL2yaBR7ODHA+bnZkppMYSnRH0mBwkcA3sNr7SPN+CIE/rQ3DxMh8LyQDvjZBEXbMFymB5zUwSLkYM9vLKWQ11I6wjp6xn3YJ4JUPk9Ksds9tTl5O1TIAthK7DOQOSU1ZxMUuxahZ58Vyt67msyGVPTfIcA72G4ktcvpzGIH/bPE9uzmYxAofyF2O/QCsuPwNVligrN5xuhLNY6VBRoUxh9nH3V+UNgaJg9jgrgz1VcDBsnOLzRYDDG+abCmM9PTk4QIkKZq3OQMXlRQLlrCIbmotaenpIX+jytMROoYtsiOb4Thgneu7JgiGWxxLG4YZQHGK/O0EFSoo1UDSn82EcqPcz+NaNFOj1TJb+dsZMGE5z0LXtrKhntvfM6wEA2VZHDt9TEEcWlPCqkBF/TmAggBRuUpucHAdwMCgjFTgsMqdCvpJqbEBTRBg+PIFPzrPe2jDT5fqMrorHmofExjbCEDahlk0iC1bFweTB7bFLN5Py1wfrAg69dGDgdQOxOaTELFJpK8gei1HR8t1dYozs4b9m45Fc1QPquP+jdAZoJXssWtUBSvGrRFUd/LO4BHOqhNI8EJMAKsfKuIVYU0pM9gke/soaF74pg3RWd92Kj2Bh0A/44VGwrco1WAKeTgZ7LRtO0HLajYHbxKMah1FCQyVd/35CmvNhMWeE98jJoTk5hKKQcCKeVbpGggeXuZ+Hvpo3PjlMJtm3M9WBFiCvzsch6A0tpKfG/HgcnUyGR3f44BgJJ8waIExa7Q3AGn8TgjN6ggHjU+p4xJaqNowOsW8vnh0h0RCrwlCARj48gz7z0uyrRK3S1QSPLLjRF4SKfRr16CSCy2yKFbYa9ZLSYFczUA+8FDXqG+qgWNOQRn9ZmRKvZ6AeeBm+LE6FjaKjB798iDCxAHBBARr58pQm30dCi1ajvgJOXiTRF4uOHnzFCKYEQ4ft4CiRd1W6msCM1PMlFwexL5U9PbxVBix7wsSEi7v7HFITW8eICxi/zFajGrGKENZyOLnnPFaT2/zSSV0djEB57xJCEzXL6V2tTSj2vnNITbyNdK1qmPdX+5qkVUn+npLDesiBhUSH82h2RCPBbmyIp96G0oQ7BTavo2+Ip92O06S79CSH3qLyMhA+fRmjydrHCXapnaAByTPQZD093ElVJM4uFBvimdW+JukuEMxDnH43MDdIPqva1yTuUfETBWwGWKjj4pniWXfC60889DCRiQvmRDxLfHalqwke0xgrmolni2cXHT3o6776AcZzxOeUPT0cUETFq1UIIJ4nnnMHtP4gLEb6+c8lni8+9xxSE/eItxANxP3iuTmsh/rsVnL7p4rPW8Zosr39238X8lzxvNtxmvTaaTZ3qUAo9vPPYzX5dcTtscd+Kl4rn1/29PDjIIamNAoEX1Dta5KvpIdkF6ZXixeUPT38Slp2F46Ni+sX5rAe+iq1VEbe10vxwryjx14Vq4w3RUFQflEG65EBou8IB5P6dQgsSrxQfPFtKE34au3tQZ6x/IKUX7KM0nQRZzZVAErhgeJh8aJljCbbHxe5RIpynvzSSl9TDPW1i4tAzVRcKbt6fKTOT5wua+KBDNQDcRlErCyluHobShMecH+24+lxvJifoV4oH6wiNM2h3qIcSaqHllGa7gjen/0k42UiKTp68AnVz+IHfPhGta9JxgrlRSMexyA5rvY1yYTnIsK+ut5N844em+mrHLWD4rH46rKrx+cHrLB0EIYbSaqCPcJyeg6piRdzvVHTJqKWFCgoFV1NcKo3fgsSaqXm34P6phLcAhahTrmveIW4pZA7KNTwZyJb4izVOZGSskyj3ijFk0mqsZ6+3JEtuH4NoOKD6g3yNSO8Wp7mI1ww78xfWyXv63QMp/9r6THZi6KFLGQ6aTNp5wIxx9ctjUL8W4uTaFyleJ2qFWUkWPNwHjNU4K5Zpfr6KlULtgAvQqyokry+SuLOsccIeRJvDRV0MMYpH48ej+dTDL2hOtTN3mr1O/EILxLnBzPrEgeoI50fbeIAoejiCI8XlWGE+FQ8gXpTBVfkpWM8a9DssIRflfLbJCJfdu1lHgdP9PHKMcNdUt1AAxyHi2LgO8qB0myUL8I9v1MiACKZicZMIrDa75LTU1UCwdmsN1Ex+e6sYtGIoXo8n2Nm7Or3SFZwkETi0J3O2vEBdq/MDuBL37tE4DOa3kbxfSXF1nSxmB7fgcv3305zJ0ZvLInKkYQ5Bt6esRj60w/cThPi6FkmeRO1RRfDClPYIiJOhJOA/vWDUts27FcXQ+C/0J2y/DdJBHiQZruiihFvlnj8KXEhNgCViTdXUI2ySPEjMo6K36m0UTaAnnH5KH8w0sWb0FAJHRxPpwvWXvDZW2UyOYJZsfo6DnQsxna9JUcHKmCWA2/LB0L4WIn+2Rxtq/BSDry9GFBHVznwc/kAz40S/Y4cXZGnyV+IUAyM/45M0mIIOv0x9PVgjvkJmRJSevhNiUcu1V22uz+QJ3lZCWqoBqWfkmOcidBR5oOvxpsYvoQmXX1/7aOMAAPPwtLPZ1sacI7Kdv6uxClbGSoD5W9LvI4l6XKMfKeMld6oVDPFdZ4A8L8EymB6gDQIUmWsgP5loLvTSW82wpGdsfiVTEyYHOxjqKgxKjw4/LDE4TTAEn5NomABQzxKxiOI1UhOERpYTvr1inF5CHjx/BQ1ffLFFL9BRhPsIgaVeptQcIniD/k2xW/R/nW0yApZb5VYdKqYFFfhd0moSEUOiIVvQ5CLFl7uyunD5DhGWgEbfVeVshOhg/+VR/2+RCcfqTjDu+UoxoE1UX3cXrBhSFLwwR9WCkA6d0Mu90fyjja3VVDC7t4jo+wm/m6Jh0Foa/noaqscqJ8ZxgpOsglWimMDXbW4d0i8Hk5PlSB5WFYDb5N4TcwGeAtfgHFOgK3683ysFMcp14ynW7w8nqMwyyrY2yVeJNWRkMm2iYfJBcyrh81tL0m9hpdKffHniqAr+V48zx0i2I3ciRs29W9vUjGTf1PgDw6WBt5X2cDgaHoyHgXHOEtM9VpEM/1bmTKf0NnFy/HaqbrlrSJLm7CHf6+HIJzK18uB9+uBPfVg0RD/oLs61Ub/A0odCCqqCuPjjXSmfQ27yzrCP+V9FW8+CAPOojHJN/FumqTWVUj6oZwuHvUzBW3iDVUriBtVlEveI+WHwQbiwyznwcmMrpxFKUYmk8clAy/zh49ocbMsC/7IRTXwAlswSDMOn4bBR2XxoAP14aH2RnwWzpPDQzjw+6T4GOQP6PnbsIQZ6D9eOmTFcFIYnfyEPJ3CQ+1TrN47wjMj9fNJWAsKjb1PEyA/VRaqK+xQMtIFoJi8YJLC0AMprE3Wik9sNWysJuWnIdBwfVlBLfk4ClvFQMXFa8vLrt9hJSulLZbBZLWQxVQshaFLNoqsyHkqZhyCFMeuUWKqUiwduvWSppywIsUdPYKl3iyCKjZNllNzjI6p67To8R3Dw8b5MHOhnPBcCN/U8jZhuxxHRepipsSGDtZiZde+vuWaPiumotfd7bp7qFDyx6EoTaryv7y25V5D8d4GbHjBQ2hqwZ4TWq2Bp35iV98tt8ZgmZFPuSgnS2hVYbO53ovNbUFobcuGod8tVZ6KLTD6SXyTfoCXkGE0OY1SnslI4BDf8OYn5AxH2BgrPAUdlmaofiPm0lmQqumPtjW3uvp3GmSl/6nGC4TU44ppezpUKoRCjQo6wLGr9MQX1mu3c7TGyfCGwBvVCJET75qwU36vdV1skTQmWD3osyMQEVOnEUaolYEgqndXyNpUQ9kM8mi6SGfTRdY10pvRLINrt3+sApGxMtW9jOozMZjlbuCU7pWN1bPPtlAonqGMsHBGSOvFCnSdwr9w7DG+YMP24WcBblIxK8WYLps9RZCTWF5uhWUOKoym6+9lxuXbeFsJaEUSuX07PsVu4ut9RkfUMVhYXp3CXdRkH8XbzSS+WXSMczI2KGMNUL4aYLCWJG1pSmfSjW/etgQsalQI9zH44rIAHivXsG7+9M/Bg5AS29xyfQ1Ky+10nFB3jOVPd+OzA17RERhnisunsADo/BAC8LZhLBAg0kV0PEMneyjIwiw+2V9eVa5Y3jRuwdiMVNEXpoQavp5bZ4SwA1xAF7lStUDiE+BzHh1AD7j+/Ac0qplmQqTiPxG3q0LWlYUjZyh9ZaWH6KL5COPepR+LZyFMR/AJFYE3g2F2aawj9h3GOrat0H2Vm78f+j9WXvoB1O/T3Pfw6L4+3cdEpxBLrMmNUczo0dU8L2D3sKHKF1Oc7XJTLyP3vxQHukSEX/aWFAe5vAtTzSHtprik9JLTZPYC47l7Ce/dwWPwuS8uL3KSnH2D3ggnuGeGXrkxqfgvKe8NIDBOZ5SlHzuJUZfiCxROBKyum0UK3CeR2mCfidD6TTvxIgKPSBhyHy9jSC/iMdMvWgD03YHyoVNh3E8JYY+yuh0GRFBAbVJyRI4q69RB3v9vKfFMDt7iVK6mSNCicabltWg4BDtRF+sp8+MgVtVLjGzk/ZDTPiou5H0L6Qw2RqFfKjZn0CSP1hVxUYGZ5H3+9gdd5Dp0GTC8pCf2orPxNBoBcXe6pK8Egv6PlJcrCylU87942TgApz4yJSwd671XcXdSjwqOxuMz92SRJqPYngzHsBCchMpJpbhPEXpQIYKdL+7/PyUbAADtm3mYVdWV9te9VRQyoyAOCF7GACIUUBSFVF1O1E/jRJBENMYYZtAo0IpGY6JbhioxQVAx+UI0KYImxKEbEbURqzyKQ1CigENrIqaIJDEKBmLSOCX9/d51ThXHPH7d/Uf30/o093mO6z3rXWvttdcezj6nMJfLW4m13/zin5aVdLg+F/7hOrPhHaeeffbEmeO+fvncSz57/Bmnz6ucWj5jwqhp1sW6Wq60Vc4sb6W5VifOmXrZxdNnz7Oy3EHXmFkb62yHmOXMY1ovK823Gj955vTCsP0W7SX4ueiUk0MX4eFXb37mmeZLiq8TqNWxCpTrY6UdWk2ZM+3KwlAP1drSYO1sgVn5R0J2sI6exaHzzeJudpgdcS3aI8UdZT1yPe1oK5BZb+tj/ax/Lmf5q69fvLj5klmJ/kPvcvYZG7DIbFl+4IQ5U+bMm2MTps+87KLJl1hye2zz7aDcsIq5VxQ+P3f67MIXJs++tNBMlHp6B7Vpk8u1kNZMWv4aqz+vpOuZo2f8ZtKGyzu/cFWfgb9aubxr1bDFxVJrVV9mNtiG5K6xkLNrczY/ZwtytjBni3JWm7O6nF2Xs8U5W5UruYOC35Wzu3N0hnLZPbncjOmTp1dWTh05cvKIyVNHTZ8+cvJw/jNtCv+dXDlj5LTyiqlTplRMHWb5kcPLjxs2epTZP+bs6Zw9k8v/ImfP5ih+uxMVLdfbStu3Gjf9snmXTL6owABUfmQAVB9dfzcGGoGuH1P6tOTfeuzRR5sv0dmSD7Ybc3ZTzm7O2fKc3ZKz7+asXv38+z5WVU2ZNmXkjGHTh00ZXVkxpXJY1fQZo6umVsyYXlk1YvSwiory8vIR06ZOt3xF5cjjuPc+Wu660jVHK0aO+dmh1QmzdmxYNbhw6QUb77ysMI+bbw8uTN2x4Z7JhVkb62fPLMy7YMdDj8wtzNux4Y6phYt3bPhRyqK4q1BemHnBjg23FWbP3Fh/ZWHYsRWDU69ZczauLEzbseHmCwrTNtbPGVI4+QIUUzaunF2YO2vHQz+dXbhox4YfzC5cuuOhVYnqZxcXvjZr4zp85z2+YPbMIR+pcp3ZSQvNQlLl63M21wvNUl3FfPdF9HHzvbRHXkUvlKTzvfQ/LP5/cr5/YotW2lypViUsGSt8P1930JWnlFjpAgtlrSlRaGVllcZasmWb83WlcAvU+/10ZdlM6IX2uRn5RXZqvxKCZemZZZdY2SVU0aMTGG1MzKstOsNyufx829Iny+Rg7Eg2xPwC+1yHLJOHCX0tVwITLckyJWXfNLuJjRaman2WKRXzAftifsHEU/6UZVoRzQ6yXFl+4Z07h2eZMvnstVxrmMK4LNMan6iT5Q6CWbg4yxwkhqxLYcY/lWXaKBoZtMkvnPjK61mmbdm3LIxTDRbdWUS1n2lHNCNaW5hufbJMe0UjtxKYdeVZpoMYr8GiO9eOyTIdxZBBO8Zn3ylZppPaaW+59jAnz8wynWHiast1gHlncZY5GCZ083bsgtVZ5pC0Hfoz8Z4HskwXfNSfjjCLXswyXWEUrRPMB+9kmUPF4NM5X3vn3DZZphtMdLQyqL1z4BFZ5rA0gzb52pdOK2SZw9Nal8HMG5hljpAPFT0Y5oSPVPRItcNoHwJz1Ngs011MksFLL35khhylaEkG9u5ZWaZHmkEXmF5fzTI9FY2etoNZPjvLHA2j8aEdq/5Wlimk7XTN1w46f2GW6YVPHFvuUJhdt2aZ3jBaP0Qb9NbdWaZPGo0MJnZYl2X64qMM2sPc/1iW6QeTzJDaie1eyDL9YTSmtDPxpNezzGfSdqhOmPVmlhmQVqcbzI0fmQcDiaZ2SvN18aX5LDMojXZYvu6l0rIscww+wcenbuKODllmcOrTOV934SUHZ5lj8YnwKcvXvTnuI7NqiHyYIYfj88BRWWYoPklF6968v2+WKZcP7XTK19nJA7LMMPkw2mQQ7CPzbTiMMuiIz/ZRWWYEjCp6BD7nj80yFarbTs+AfTzLjEwzODLvW3ezulKhaKR7/lor7MsyoxSKxI6iyJO+nmWqUh9tvFeMzjKj1YhvOgts7vQsc5wYms/lF6yoeTDLjCGa0U7H/MLN447IMtUw6mYnmOMmZpkaMfh0hilbnmWKMBG5sfFufnNblhnbksHCFVs/yDIRPka0HvlFm+OjssxnxfS1XE+YNdVZ5ngY5ca2t7n/l7PMCWk7R+cXVayYk2VOxCcuWK4AU7k0y/wfGLVTBtP/n7LMSYrGZKOdiscfzjIni0naWTFqa5b5HNHUDtvriuf3ZJlTYJR1j3zt5ttbZ5lTYZRBL5hbD8syp2kedFAGtZv/1jPLnJ5m0JtFWjUwy5xBtPg89ac2jKvOMuPkQ396wvQ4Ict8Hh/lRjvhnAlZZrx8aKdPvrbipvOyzJn4aLSJVnHaRVlmAoyidYKpvSrLfEEMo007Fe9dn2W+mLbDBv+74bdkmbPwUTs5mLduzzITYYxofWHOXpdlzoZJM/jdTRuzzDli8CmFafV8lvlSmkG/fO2KsduzzLliqFt/mI47s8yXFY2Ro50VHf6cZc4T4+3UnR7nssxXFI12WuXr+m8vyzLn46Nj0GdgDu2YZb4Kk/Sn7idrD80yk8Qk7fS/qEeWmZy2cwjb0eLeWWYKPklF68L0QVlmKowRbQBM9+FZZhqMMuhKtPWjs8x0GD3kyIBtL8vMSDMYmPcjabN6Jg6BN5ictr0ns8wsGDU/KM9J9JUsc4EYL/QCW31RlrkQJuDTGSZ6I8t8DUbdZDuy0hFZ5qI0Mc6BtnlclrlYC45n3zEwcy/NMrOJpgKwIdp5a7LMHDGewUIb8HaWmQujDHpxPqvtlmX+Qe10MH+7Tl5QWt5X9Gptg0u6bu/e496xe/f1qnq04smhVX97d9Qp71xYas2v1hiFf/fV+ns5+yFvwT/lM8QdvGI/nX07Lhu8JW/I7mPNZhZLrP4wwO9rrL4VckJNiYXfF80KD5vd7bLE7GwHvM8h78DCZteYDeVG8o5iPgE/J5hA/D7MIwTsPBZFadGa+oy1cFLRCkNQhIVFC1VjLVrjssSiNx1YfRnKASgKh4/1yzPcR/SmvAN8/61o0cEEwwW2xOIXixb3xY9gSILNd2A2HtkFhR0FkL/kkwQTCKsI5gCzcAZXWymuIepiOqJ+L1Y3X3Bg0R+QW1HEfwN0oEMKOFPBlOLMoq2nyBZ608RuBZoEaENWK12i2OfAYsm1+Anwy1vYlAX34RwBoi3cPIx8DYX9E2AX181cu1CEKx1YOBvZJMVIALl6AnGRYAB+5PcdutMCorEp1QzI1taUkrpVMmyLCSUQ7sXk/2K/VYqXYPag6MOVoy/hy/jRl3CjSxJ+woFFv8dir1zeA7xDOobVv6EIpVSJ0XXZjbYjTblu8gVEr+PPlAkvyRQzW8cNkoRIExAtTJkwGuavRP8zg2FvAy4kzW3IuBrFAwBN05tcoqAuALPfYLVILpX0rhNKyVqiC9CMUYG2xaQdgTCEawR2e3AKXwEsIILCLkARkx8gGTK3eA0wFBdkvIiwDlROAXuQyJhG21BE+Aaqruohae58B2YVqYXal4skCZFauIC7vzUQTWBrAx8YkWulmA+4GcUylyhuc2DhdqRb3AXAxaXHAIRDG90i9G1EgUsY0egxkCgICvBWEguadRckMWwKOVltjdnBjVRwVrXZLwlsl6MZ0mB2dY3ZlmoYgV/VAI7ErwV0rcFW4JyHmVDI0IBiK7a/bWgOSwNv8IywEBc1XqQA0GhGa1GcgiJS+pTOrkVejMKqAd/kOoTSXyfF8yzcm7G4iyFeKcVCFGtQSD6eKsJvUfwZ+SGKMBxfZrItconFfQ4sPIf8AAstO9tJHpKPFFnIDQ6YFALbaP8eTH+Nwuu6GyXBkCjOdmA2BvkbKXoC/oULGT+RKux+Lk3zu6X4Aje309x3uG5Fob0gLOd6HJfFUvwSi6thd6L8Kor4bcBnYZHWLVXYD6jBVmRZDYp1AFYFC0CSGKc7SEZlfDWKLYxCZ67vca3AxYqA3VzI0L/ISLanlf5EDx3x2QMzDLlepl8EaHEouq+WegcWVPp7UPhYvowCyeDao753DkLpG9WtBGsGUWs2C1EtQD9m35IaKxyjAQLE5YzYah43FVI8TuAqFO+7RHE4rUjRv5haVFAcuSCTGIDQDwUWcS8pcLGeKIiBREFQgLeSWNCsuyCJYQ9osvpkUz1DlQN/qNoV9NiOw7wMpeQ1Kh8g8kkK8MKswHSLFBQm/iOKPiRjNBXOBWgKLnHJFHzMgYVfI/fgEn+I+bPcIKMlRBeweQBr54CoHQB96SYTy35LRmEGgEGJb3FJ1H90YNEjyLuk2AJgCdl23NoSLHoPRYMYpqy6l/bXGLwl2GiK21QHZjVcr0hxGHk9zk1HrnqihGczwB/DYTMmT3KzAeaXUtzJDUHSqMQnlMU9mAEC4ShAvDYF0RKoYQAbn2pCSQYwagDWhz/yoh+kQHEIaKs19exptBPpmBaXOhQuc4niaAdmr1OHgiw4DNj9XNdx1dALgWRuFor7QRirbgBkH813Sd0edGDxz7HogrOA+9i+DOAHeKYZJMnZdmUaTuBmAHYC7hAtz4D4zWJCtQArUyICz5Dwmcg7ScT3zetRXOMSRZ0DC7cgv1uDr4AZOS8AqALTXFKB/g6S6fxqNYpnCTSfS7KMdgU8AVs2Zj/wJEW1gJaOAOz5vNG9Qdx4p1n6/BLgDqJagH4MW7L2yADgC3r1/+geQEaLMHmrAUqgsYGJXmP2IykeBoQGsz/VSKLoSngpeiPdohwgF0mPIdC+MbHo3ohCLoMakxiDpFBQKdSKW6hZuUi+1WA7vKhLi1rYDOVqBxY/hHxEil8APqDAz9H3QRqnDxywo7wH866CIG+X6auAAv3diJyrUb8LoGmw1CVTSOmisNdwuxoXq8K8DUpkvFDRAeE7RBewdTDfhfETzxaYvSh6Msg5Shu+yCiwxUVER5LQww4s/iUW78pFGW7nUsr3Et07cS+MehU/g9kGFK+iCD8D7Eax1CW+5zhIHlkvoGB786q4vJ5gAjY/ZQJTwk3foFd6hquIgWCST2jjb+rFLDiENB3sY44dzva8U/6d6MQ2TFFGW4kswA9AivwATwM+ObtP7BXinB69jfYg+vEnFKF90rGoI1JPpUJnGKwk6TqvaOr6IVoF4VoKcCSqCBAfi7EtL9qkIYzerUQoRxHuYNkNJwLSRqWKpjFEWIFFEUV8A74Riitc0rGrMB0HY6scWMRhP5yMImwi2GcJhgyVqaJpCM09ghyIwjBt6ovix1j0UTCApxhIEWCPaRh9JLTp2ZOAUJ3M9mmq3SqARuJil1j0cJA8INtjYecCVnJJ6tQlEC7EajfSZ/0obm6nN7e4pP6PZUC0HhOBsJWbdZj9WgrKonEIi13StckOjCJZvEMKLZkXsUCSLmO4gPY2wgjE/4Ipu0R4U4p/BfwVxWBcSimL3mu0qKLvuMRigwMLBLQP5bIHxU5u9iI3KDrA/qr+Cown4PtI47CfgOb5zI+J8A3QEhnroLAE458gH5LiIQCHI+/wYcQV4FFDmB86wKSLA5echRKF/ZHqliMbFeQMgKJ+I5F7DowhCvtUj2HO4rvw6c7StIXNoDWcbwGXpyC1ST+69OBGu5d2vLCLVnS8UQmilS5pZZ8D/+jCwZEAAH74bMqC/96vL0mSSbZ2g0/WiJ77SxxA27G9iL3miPUjlDKe75K01jngUUk7e2hDTxUCEfHDDPC3Nwf/3GDRdmwPb8S5EcVZjXphlCT8lxyY9Soy8FJso+E+jckL3x8bSHgfIDTAjCJIm0Z/nUMSbLUDn2j2lCyeBVzekMg9Y/AVOKcG07UAVlhEL5BkRrcAST8XYaGOWyeUyEB21KQD3VlYhALYsbQ1HLlXtucA9ABb4pJo6x0k7XUtJg0HvUfH/0wQhii6gUtjpg4DzEZwbZOiQ9HiB7lB0pxt03hoiEmPyFUOfH4feIH7r3iBu4xndLUmaX0K7A9FrWH6+mAKZF0YCrCTUo09SXccJO4K9D5tnSlVN1aHQEyvJg0D8PkwAamN1ev4G5eM1QBTZICqGL1FliqYPQeg9/EPXaL4soNk+U6oIaLA+EYisnxbQLLYjiSSgA5pQYOo7UCjaoRD0iD1AfghOtai9gye5gYZriuSOoDcjJn3ClG0EwhED2LzBNdWKdai2MW1jEtTOZzuIEnuqSKpAEI7GDsdDTMgxhSJAl+A1oTZLhSKbsfgj6Q5e0gVUkqfoAMoP8AzzSBJzpiiJ4L+0kBggZ83METIn6HQ13a7HsVVLlF820HywdYtvg+Qi6RiODi4MbEoNKKQy9DGJMZQKRRUignFxMKbxcXlXxrsZ167HmnmgVL5NNAk8lGvd8mov+zAot34vYFF/D6mHzChOVwzA3DpAsAi7sUll2icA7PP43Z/kSoA+HHKHpUBYS3RHDxHFsPw2Y6ifhBOu2iLBySSo3pHB/7nnfhVFJES+AUX1Q73EV6AH+1syoDoXmwd4Bwt5VI0vbAD/LWUeYUpgB/g2zXIFHhR0urYCwf+wqBFbm0ph9oRCEO4RmDnfz/4CmABERRWKzcmP0ByLHGL1wBDcUHGiwjrQOUUsAeJjGm0DUWEb9jNRfWQNHe+A//G4RZqXy6SJKTU5jMf9YEtvhaVv6It552pnMLcRjvDUdhPmEIVlA4ZRqeKSUUqtgKLCIXPkROwuNIlOX4T0/EwPCYELFb5TkWhZV0vU6R5MMAkpnAUIwejCJhO+gwKXK0/wQzgKaa5WoMWYBNrhtdO1oHAPqL+r371vosoh6OKF6RAh5ZQA7DLU5Da2CaVL8qN1UdRUgRwhrL4d6SqT4JeJFVgmUvyOMZBciaqlcVs5mdnlDNQ3FKkCUC8jWAC4WACalH0I+UwgMarSHupS5qj8gAzmquXRRMLuYk+KA+OJ6xfgR9obvrRWscKgfq2zKKNNHo4TtF9MP3SsIqiIyLAwiimiCz89IILr3N8mSKsg+UEczCcq4rrHbqjY5qWnHdYazBa68Dfa3gDxOJ5olMF5RHfQDABMrPNOjym65zIgAP72ydsf7sbpJOkbh2E1vB6mdRfOROQ2NhKvVVKiwl2D6H1FborBf7XhJ820Mzp2JzbyKsiHTm3EZPv08UvCQxAM6EZtBaoBbRpxGmnA744FJlVRPHPi081+Jy1E9nUFNZivUeVVyctWhObiYOv0yKJn0qGkYZKu1hclwEFfdXiI79Zm2agv4Bog2uqBMirBeg3VKEWUOu6ImbLq/cD/pCJGVQLgLJbVZ2wA62/n7C2WoANBIjaD5SW3ZcFouyF6v2AP1oSfQ2U0nKvZkBkNVbiCGv8W8CkbjK6B3CwQGJjr+RxSGcktQb4SmRcoq1SvEw99mLah0p97ErUzgzQ3y10YsOCNcMx22VQaQSYRQmj1RT/lRb+UoPv24C5NLkN+fNqLFRjLZ6bXNJ+pYPksdK8mqwTSuTfrabQlgy8HYBWk6a3rxXNdy0eD6vVxBlRIHme6VU5fg1QTmpIoiWK6AHibEKhSoR13OzmouNIFOc7sFCBpRaRmtUikiSPA5/XkFhscPCp/bxmq0G+2zU1g9uI4jvinBSkNsn7s//FX1NIIGYh6NsNE4Xa9KPHKsV8l1isdWDxL7B6p0jKAt7Gh1mgEmgM+bHynwPMItdwH0DzhXBIwvV34A2yfaIgA+uMUtIXC4DcjCzbk7sWi0AYjM1wLi0FHQl09tLXBSTtrHfgyYUuRBFgOmMKE+3i5gaXKPAFJMG0JhQ9fpAbJM3ZFl8TlQTzCgEObDeqhED0AHE2oVAlwjpudnPRcSSK8x38/7cb6voWznqcxetTEC2FHwIIp6Qae478BcIVUGMA0Y9TkLorEKPFqwwqvt4kYM/DVjhTgFfVBCQ2+j/3cFhG546nYw5u5Lqb614pNgG2cuXIdiuK0MOB7xiJxRjAjSgkPYbA5urEolCduqzZkMRYswELBZVCrcjCm5WL5PE19roWYuBokvzZlmOyDeJP3ZyQ2YJR/IZADLMqjqT8ix1YGIf8sJom2wBuJthTjLtvvVcApqKch9QGKxA9LkagHVMNF14s8J1IQTmqx2tcEv0PDixiQvqf1+o5gU4iu8BVbxQzlDjA9z3GoC9p3usS3+DAwueR/q8ze9JMHgVFCU+QiED8UxIRsLPQ6mqPIq5FsZh8H3CJxVYHFv8WuRKFvQ9YT2Von7+S5x1EOqkbm8t+cD9AybYA6prudqVoF9KYAK1aYBbZfMV+DkBN7Ucuaf1sB/7lx75BY9YdoC1N04xfCqKxtNEbqhnE+kyktw0tfG3mSHpHfIDFNBjpOaYMbBN+yEhfCx34yohfITFfZwB96w7aMbSK6FGyY93sknZOdZA0/GgxySAcAePPBqoXMEUSbJ0DiwjmC1/R9b7jcnHR1vtnnKdhD5wAGDkC8jhDsQfFTm72Ij/5J4CwizS1ZUbqiEC8jAZ8Wz091eiR6yBcBaXdNF6VgtSdQHqQsGVifVPztvpy87bKBpiAxMbfMsIgUvDO30qCLcCXhagWwO/AGzWTmQq0ZXzVjoAeyp+cN+poNXcasqipGdwG1x1gc1OQ2ti7BzYOFLbBwad244iv5RTbg2ENgKicHkXLk9Vtt9GB4ShUUX0jlgz6rCugb8TRCiwiFLYU3xMowhUu6dA3MR0Po1kASB7v+kYcbyIYppLmwQD6RmwxUt+II0z1jdhw9W/E8Y/TFGNSBNiaViSe1ozGnwQcmHko9qDYyc1e5Kdg5u3C5wiGNVI4AbuRBvTI4YN7qnmJk4uDS3E7DhC0+wik7gSyl3EbJBUFbDpOpXmjaJPGjLXojxjXoIj/lVnHjJWMj08VhdMo3vMu8X0Bi4li/uzA/+8innZ8mW/Hufc0btphLl+BAtH1mDD9O7cmzuxNw3HB1YYTLAA8ozQ1C/4CwgjSfbR9sCs2Ax8GKsIvBdp3nWoG8fcw1j+fDH62bSwmHw7VCQd6DQ63iSITflCbcRdIG7V1H//s/T713SrFy7S7F1NaK3zss/fAS20Flnpsqlk9NiXJQxn9CmftUAL+r9TVsIN4KdQwgJ2VasJBGeDfcbWv+VjHt6VAcQhovzvwjEVhGxx8ane66FXQGDoi0HQMHWHZ1PdGoRfXwCbmk+0IKSY5sFBJz9yiA76DWWmSYzQ1znFAmQARu074GlL/IFd/wpg0AAXBkPiucmDx3alF/ACrGxdJYjBNSQhg9v8A(/figma)--&gt;Chợ, siêu thị, cửa hàng tiếp tục mở cửa từ 0 giờ ngày 1-4, hàng hoá dồi dào. Giá bán phần lớn sản phẩm không tăng.&lt;/p&gt;', '&lt;p&gt;&lt;meta charset=&quot;utf-8&quot; /&gt;&lt;!--(figmeta)eyJmaWxlS2V5IjoiY1dXVmdOd3ZwckFCTUx0NmMwZlI3ZCIsInBhc3RlSUQiOjQyMDM2OTc2NiwiZGF0YVR5cGUiOiJzY2VuZSJ9Cg==(/figmeta)--&gt;&lt;!--(figma)ZmlnLWtpd2kCAAAAnR0AALVb+5ckSVWOyKp+Tc/Ozj54ioiIiKg4O7vsLohIdlZWV3ZXVeZmZlXPrEiRXZXdnTvVVWVldc/0ioiI77ciKioivhAV329ExbciKqKIIPLS4/F4PP4Jfl9Evmp64Df3nO24cePmjRs37r1x40bNk504TaPDODybxULcteM63UEQmn4o8F/XbdgDq2V2t+0AXdkLbL/SNxS13W0ArgXOdtdsA6oH4fW2DWBFAYPAJq9VRas4D4Jdxxv4dts1+eVa1w2d5vVB0HJ77cag5237ZoPfr2fgoOF22d/I+77d9O2gBdSFwLK79gBorzV4rGf714HcrCJ922sTedG8laQQ+RpgQYQ0h0MsHSjfNhsDt6vIhOrs+U7IGWV3Ooq9oyiNQWZhKLQpMYg6bl+Bci+ZjJLJoX8yJk3X7T5u+y4GhNtQ4+SgdXsPBm2gRMO1eh27S61Iy+z2zQCQse27PQ9ArembHdLVt1y3bZvdgevZvhk6bhfIlb5tha4PaJW6RLvWdhTbdbvddryA4IYPImyS2oULvr3da5v+wHPb17cVk01M1W3YDSinpLsY2tco0l1B27GIuBRc72y53NG7nS4m6yrs5a1xPBl1sCoh7vPMIBiELbDb5m7AXvyOsgHZMP1dm3MZnV47dPQe1CgqJNnq+RyqW27bLXorbWe7FapvVgPoWkFqcfii4Ta2bfTX9Sd5dwO74LdN8r4QuM1woHigt9ky/UbRu9hwmk3bt/UK7rKvWe1eoPV5qdUj7u7ADHuFki+rWQDc0+51nK4bOCGnuNeLkslCb+Za4LYdbrCAmTUc7CZmo6jAyALFVukDuwuQKKibuwFcrcCBqOMqL6o7HVOtbAUWtuMAWHWO4Z3BMBrHWulwL98OLaXvpsPlyabTVpOEjtrJmn1wEA8zQetOtwunDVpmw93DoGj4rld2ZdOFfWADu43BVrtHuYwt09pdRtXC+NbCUm6w6vrOtqM9XfQ8mCZa2Xb3FAARQi1DAENoDyzTo3HXy96g6fqWcp0VMm3Ew+k8WiTTCb7JHQQzY1uhTsASy3V27dLIjO7J8X48702SRYpvfJPLEJ5zzW4HACQkgvtTL4Y1naSLeWXTsJnAC44rcWXHZDwwMEem0lpgmWoB9SY4Ngb6i5Wso6hXg8V8eiM2x8nhBB8UzAS8xFGBS7q9MAMNTWxFM3DJ14elqN2WwWM90yfKMH3f3VMmxEXUdNd+rOe0EXN8pe26ZrUzTThtBxFKzbpl920Oy5yrsTWdjuNo4s7iXLP1XldbNmTEZwHcHrAMeluhbyrYuKYMXm20WllrOk+enE4W0Rift+0miSqKgxEo1zJ2egGit6N2tPy6H88XCWyWONfDUOXTLTcM3Q4gozM9SWPrZJ5O59icht00ESswICzfDWCijg9Y2tdt2iz2FT0Dh4+ayjOxFMQOC7aBft1T8WIFjeW0Aa324QLTeSeZz8m9sC34n9pfqQC4I8KE3d0OuflGI0qPtJcZFoIpUKI0Dak8UVtS3etuAyV2PJutDPpsDK/RRFOzb82m88Xt1lezXKgAQucmJnLEntNQ88sc0bJz9bajs+nJYnuejDSTujbIijpLAQ1tn7XyGy9aLOL5BEOgcjxlWwhYKnBJtVkni6kfp8mTYF2oSImjNFPIIQsIBn02joM4WxQU7gduFg5C2+S+Sgs2oXcY5zRO5a7F8FkL7Y7n+qY6o2HMmg20tIgLFZ2LqgBlHhMxdTS8ofenELaFePQ41KYkkDgOQgfqBayplTWC/JzatK40kTU9gRDzjPa8inPaQtM19dnOSbpIDs4+0xeeadkDOKhOLvRngdK2oUIKkEgmAudxexC6gyycQyUTGC88V2uliBuweNuHrgfMy9CXPV+tdAsBG23Narvq/K87XE5UYXHR7Q5g0YpMmE2wGYROx0acQl92XCR2A7UGQ8N6oIavWjxiAdf1AE4Nkq3onkpYVkHlYRE0LuRyStT1hm/SIzYwtmtfzz+7gG7f1enFZjiPJmlSyvgMxE9kGeEAMQmRNDuLRcMJYBV9G6BsIvtDayBFQRrY9N0OnFeFploFlcemegWno9BKBVOEoVWvF7Q0LmO2VmJyXuslSrPaKBEFpwvMCjUu47RZYnJOF0uU5nRXiSg4XdKCYhtAlDO7ewmZ87u8hNUs71nCFVzvVTNl2IzpfVVczvP+KlKzfEoVVXB8KlzTsQYcQ+9pOOaR3ptdeKzKn59uRymSY72/68j/rd6WY2FAkFHekUixKl2Dp6DOkPAFbbsYqpNuCbOiv13Crer4U/TXguF8Oh43krn2KvDJzPQzRA8sUXu6+hYuuaBDxSO48CLGuH3NQ4TUHmyBA89R1ZPbPYQwaaS4XGAywGtCjqc4DBWIpGSMA0nW52JDyEP8MfbxpxbhT12fWfj4FnryDH8MHyhQl4ib+FM7wp+64hQspjN8MCQsQiFnU+1TIDA60WKe3BJy9fjKFfTl8ZUH0BjHV66iqR0/QGT9+AEiV44fIHLVi+aIxs5kFOM74/AkGQm/wnQzT78weBqNT2J8I09UKvZ0YTShpW50HAtZO4iOk/EZ6GXKQA/AAJNFOpwnswV6NdL2o3kS4ZOT43ieDJvJ4ckcqkVoz24RApbgqINWuu2Guk0CVtMsfxrMoiHsbOlbDzmDi/3MDicZmltZ4n0HBk1uLhdY5YC0HPclBeOUhYWp/a1+bUWzFPZVfgIHUKm4RDPIO4ZnIy2m6DUgBkWPWZllqoi9AhQWuw1wtcLfy/VeFQtZG/4iecPRC0DJEyglY3MKKgc2raxfIg9UEbYZRwul4H+XHjJxDAnrqqdIMikMywuIr1EatEpAtCvZnXY1cLpMcNZcv9FFu242fY5vNLoqGlzo9joUaRMXLxPtRRw5XNJdDd1eaun2biT3bC+bpsr37rF0e69vqfa+QPfv9/vqavgUOibapwZ76tb/NCvYY/t0bA7xz7CsDuV+ZqCP589qOQHxz+LBivazXb9L+Z5NpaD9HBww3MrnNEJ1Z/jcZtvkOp7b2fZ5Qn5eAFtD+7xdHLdoP7+JlAjt81u6/YKWnvcFoe5/4WO6faGn2y9iUoz2i9vNLfa/xPVU+yI/VO2Xevr7K95ul3p6oI3wgfYqWsr5oB+22X8ILfsvNrf8PtqHza0++4+gpdyP9jWfl/QhENqXbrX3uD9fhpZ0L0NLui83d1tcx8utHZXsf4XVVI7wCstTfdPq+aTbwlnLvoXgxrbR1PztJi58aJtor6LdRvsg2ham5XwOWvLfaen1YLZtytNuuTu0G6RHKrPpOjjJ0bo73iOPovV2vEfJ57Ed7yVX0Po73pWH0AbtnQ6/C9uuRfoejhXuS79jN3gn3kNLOa51djvEX++2VWbzeLe3G6L9SqQjlOuVaAO0X9WHwtG+ygtC4gdoiX+1v+uzH/lei+2+39vivg+Djkf6UajliMOuSmwPsE3cv8M+qgVoj/p6POnrdT/R31X2cqPvhz7aMdqraI+DAJFXiAla9qdoH0Q7Q/sQ2q9G+2K0c7QPo03RPoJ2gZZ6OkH7ErSnQYCYLcRNtOR3Cy35naElvyfRkt/XoCW/16Alv69FS36vRUt+X4eW/F4ng+AqGX69tPpKwtcTIMtvIECebyBApt9IgFy/iQDZfjMB8v0WAmT8rQTI+dsAKFG/nQA5fwcBcv5OAuT8XQTI+bsJkPP3ECDn7yVAzt9HgJy/nwA5vxGAkvkHCJDzmwiQ8w8SIOcfIkDOP0yAnN9MgJx/hAA5/ygBcv4xAuT8FgAPkvOPEyDntxIg558gQM5vI0DOP0mAnH+KADn/NAFy/hkC5PyzBMj57QAeIuefI0DO7yBAzj9PgJx/gQA5/yIBcn4nAXL+JQLk/MsEyPlXCJDzrwJ4MTn/GgFy/nUC5PwbBMj5NwmQ828RIOffJkDOv0OAnH+XADn/HgFyfheAh8n59wmQ87sJkPMfECDnPyRAzn9EgJzfQ4Cc/5gAOf8JAXL+UwLk/GcAHiHnPydAzn9BgJz/kgA5/xUBcv5rAuT8XgLk/DcEyPl9BMj5bwmQ898BeJSc/54AOb+fADn/AwFy/gABcv5HAuT8TwTI+YMEyPmfCZDzhwiQ878AUCHqwwTI+SMEyPlfCZDzRwmQ878RIOePESDnjxMg508QIOdPEiDnT8nbqwVIrRY4rsUVIfMUy2BO2YlmMyY50jiYT4+Zli2m+Gtsjaf7Qsr9s0WciprUZQph1FC2PmJ/wowM+dcoWkSKdg3ZVzLGDdFi0miOnsA9Vsj1BedGOpceRaPpzRSgcZQcHuFSfIT0DgnjKF5EyRhQPYbIKXMJJI6nuDTHKDMAXl3Ex6ropIfWTpN93PGGhNdV7VRPm704COPC/++UQyRG8whr2xAb+3PynGBm9C4oYYRxj9LzJSGHVASyZ2PKRHLBPLt2mqTJPpIqKepospL3RbGSIuFOxeNyFbwn6cF0fixeKdYSpfRbYl0B4RGS5AklR94eTYDDzcHhCBCXNQJpHbJObM2auAf9ao33srgwn+KeARJIsplyAMDFA6U+i8Jmu/akuGvGtTTViHiNuBQfT59ILHDxUCeEEtfk3UwQO1BkAwYgjJUb8ZmAwRwA204mcSumZsDeIKaRHMbgW0MGj55OKyeizs6eJlxBsorKkWa2OTyKmDrH8xQmJoue+tBpcHojJeyexnMUpOIwgjIRFGRtrKpUqhjSh4pRXB5DmhTHi1w5HJ/NjlKcK3J1VBSIU5wqck1/1seEQEF36xStWN3rpNw4iMbjfdRZmhhIxb68cIRdnoP5ja3pLUzwBik3WxWUMOr7KACNUnENd5n5GAvJLz61o5wOed0KXmQyKYWxBmvUqXlfyJvJaMEbmcGx6wBqBArF1tkz0yEuVuitHSTzdGHlmsISVmBd1f7qNpcvjNXh9Pg4gmCZ15bXsL7QWoVUcOYDLFTpEVOdZx6NTjOHWG0UuhSGMcfFEkuWsuRk6Pun0qRRO1Wdbry4OZ3fyEWYwN6jMSYbqRlzQc5vLyMWyo9YhqQyU+FLGZwd70/HGftUdTAvApmGcyYpGRi4VdK5Ahp/E6uBg0KxOds8GBqG2ig5Aw4ZBUpDWDuEUwz9+CDGdRaLNzYOknG8C8uHlaZqUM1sYEoaUitCrMStlKJ6YJWxT5GAyHoeWVfGCYLL/IwyhNPgZJ+32X2QESEWkvs1m06wzXqitZPJwZgV2AloqhzXk7SXD8UjRJgNLbWVf9+JUuxepqhhjtVc5exkf5ykR2DGeSltOA3j6LhdSsdJjNsnyZ6FYLsq7N0rKmHv4CCNF9jN2jwaJSeMkfUy/q2gKeLfajqbx9EIFGshA6AySGdyMMVWKL47Qo5OMiuDS3iIZFMONOLTZJiXz/P6CxN0Vb+XFq5M6hJpKBxKMry6o1/TH/p5QOQlV39sWXsDdSjL2yaBR7ODHA+bnZkppMYSnRH0mBwkcA3sNr7SPN+CIE/rQ3DxMh8LyQDvjZBEXbMFymB5zUwSLkYM9vLKWQ11I6wjp6xn3YJ4JUPk9Ksds9tTl5O1TIAthK7DOQOSU1ZxMUuxahZ58Vyt67msyGVPTfIcA72G4ktcvpzGIH/bPE9uzmYxAofyF2O/QCsuPwNVligrN5xuhLNY6VBRoUxh9nH3V+UNgaJg9jgrgz1VcDBsnOLzRYDDG+abCmM9PTk4QIkKZq3OQMXlRQLlrCIbmotaenpIX+jytMROoYtsiOb4Thgneu7JgiGWxxLG4YZQHGK/O0EFSoo1UDSn82EcqPcz+NaNFOj1TJb+dsZMGE5z0LXtrKhntvfM6wEA2VZHDt9TEEcWlPCqkBF/TmAggBRuUpucHAdwMCgjFTgsMqdCvpJqbEBTRBg+PIFPzrPe2jDT5fqMrorHmofExjbCEDahlk0iC1bFweTB7bFLN5Py1wfrAg69dGDgdQOxOaTELFJpK8gei1HR8t1dYozs4b9m45Fc1QPquP+jdAZoJXssWtUBSvGrRFUd/LO4BHOqhNI8EJMAKsfKuIVYU0pM9gke/soaF74pg3RWd92Kj2Bh0A/44VGwrco1WAKeTgZ7LRtO0HLajYHbxKMah1FCQyVd/35CmvNhMWeE98jJoTk5hKKQcCKeVbpGggeXuZ+Hvpo3PjlMJtm3M9WBFiCvzsch6A0tpKfG/HgcnUyGR3f44BgJJ8waIExa7Q3AGn8TgjN6ggHjU+p4xJaqNowOsW8vnh0h0RCrwlCARj48gz7z0uyrRK3S1QSPLLjRF4SKfRr16CSCy2yKFbYa9ZLSYFczUA+8FDXqG+qgWNOQRn9ZmRKvZ6AeeBm+LE6FjaKjB798iDCxAHBBARr58pQm30dCi1ajvgJOXiTRF4uOHnzFCKYEQ4ft4CiRd1W6msCM1PMlFwexL5U9PbxVBix7wsSEi7v7HFITW8eICxi/zFajGrGKENZyOLnnPFaT2/zSSV0djEB57xJCEzXL6V2tTSj2vnNITbyNdK1qmPdX+5qkVUn+npLDesiBhUSH82h2RCPBbmyIp96G0oQ7BTavo2+Ip92O06S79CSH3qLyMhA+fRmjydrHCXapnaAByTPQZD093ElVJM4uFBvimdW+JukuEMxDnH43MDdIPqva1yTuUfETBWwGWKjj4pniWXfC60889DCRiQvmRDxLfHalqwke0xgrmolni2cXHT3o6776AcZzxOeUPT0cUETFq1UIIJ4nnnMHtP4gLEb6+c8lni8+9xxSE/eItxANxP3iuTmsh/rsVnL7p4rPW8Zosr39238X8lzxvNtxmvTaaTZ3qUAo9vPPYzX5dcTtscd+Kl4rn1/29PDjIIamNAoEX1Dta5KvpIdkF6ZXixeUPT38Slp2F46Ni+sX5rAe+iq1VEbe10vxwryjx14Vq4w3RUFQflEG65EBou8IB5P6dQgsSrxQfPFtKE34au3tQZ6x/IKUX7KM0nQRZzZVAErhgeJh8aJljCbbHxe5RIpynvzSSl9TDPW1i4tAzVRcKbt6fKTOT5wua+KBDNQDcRlErCyluHobShMecH+24+lxvJifoV4oH6wiNM2h3qIcSaqHllGa7gjen/0k42UiKTp68AnVz+IHfPhGta9JxgrlRSMexyA5rvY1yYTnIsK+ut5N844em+mrHLWD4rH46rKrx+cHrLB0EIYbSaqCPcJyeg6piRdzvVHTJqKWFCgoFV1NcKo3fgsSaqXm34P6phLcAhahTrmveIW4pZA7KNTwZyJb4izVOZGSskyj3ijFk0mqsZ6+3JEtuH4NoOKD6g3yNSO8Wp7mI1ww78xfWyXv63QMp/9r6THZi6KFLGQ6aTNp5wIxx9ctjUL8W4uTaFyleJ2qFWUkWPNwHjNU4K5Zpfr6KlULtgAvQqyokry+SuLOsccIeRJvDRV0MMYpH48ej+dTDL2hOtTN3mr1O/EILxLnBzPrEgeoI50fbeIAoejiCI8XlWGE+FQ8gXpTBVfkpWM8a9DssIRflfLbJCJfdu1lHgdP9PHKMcNdUt1AAxyHi2LgO8qB0myUL8I9v1MiACKZicZMIrDa75LTU1UCwdmsN1Ex+e6sYtGIoXo8n2Nm7Or3SFZwkETi0J3O2vEBdq/MDuBL37tE4DOa3kbxfSXF1nSxmB7fgcv3305zJ0ZvLInKkYQ5Bt6esRj60w/cThPi6FkmeRO1RRfDClPYIiJOhJOA/vWDUts27FcXQ+C/0J2y/DdJBHiQZruiihFvlnj8KXEhNgCViTdXUI2ySPEjMo6K36m0UTaAnnH5KH8w0sWb0FAJHRxPpwvWXvDZW2UyOYJZsfo6DnQsxna9JUcHKmCWA2/LB0L4WIn+2Rxtq/BSDry9GFBHVznwc/kAz40S/Y4cXZGnyV+IUAyM/45M0mIIOv0x9PVgjvkJmRJSevhNiUcu1V22uz+QJ3lZCWqoBqWfkmOcidBR5oOvxpsYvoQmXX1/7aOMAAPPwtLPZ1sacI7Kdv6uxClbGSoD5W9LvI4l6XKMfKeMld6oVDPFdZ4A8L8EymB6gDQIUmWsgP5loLvTSW82wpGdsfiVTEyYHOxjqKgxKjw4/LDE4TTAEn5NomABQzxKxiOI1UhOERpYTvr1inF5CHjx/BQ1ffLFFL9BRhPsIgaVeptQcIniD/k2xW/R/nW0yApZb5VYdKqYFFfhd0moSEUOiIVvQ5CLFl7uyunD5DhGWgEbfVeVshOhg/+VR/2+RCcfqTjDu+UoxoE1UX3cXrBhSFLwwR9WCkA6d0Mu90fyjja3VVDC7t4jo+wm/m6Jh0Foa/noaqscqJ8ZxgpOsglWimMDXbW4d0i8Hk5PlSB5WFYDb5N4TcwGeAtfgHFOgK3683ysFMcp14ynW7w8nqMwyyrY2yVeJNWRkMm2iYfJBcyrh81tL0m9hpdKffHniqAr+V48zx0i2I3ciRs29W9vUjGTf1PgDw6WBt5X2cDgaHoyHgXHOEtM9VpEM/1bmTKf0NnFy/HaqbrlrSJLm7CHf6+HIJzK18uB9+uBPfVg0RD/oLs61Ub/A0odCCqqCuPjjXSmfQ27yzrCP+V9FW8+CAPOojHJN/FumqTWVUj6oZwuHvUzBW3iDVUriBtVlEveI+WHwQbiwyznwcmMrpxFKUYmk8clAy/zh49ocbMsC/7IRTXwAlswSDMOn4bBR2XxoAP14aH2RnwWzpPDQzjw+6T4GOQP6PnbsIQZ6D9eOmTFcFIYnfyEPJ3CQ+1TrN47wjMj9fNJWAsKjb1PEyA/VRaqK+xQMtIFoJi8YJLC0AMprE3Wik9sNWysJuWnIdBwfVlBLfk4ClvFQMXFa8vLrt9hJSulLZbBZLWQxVQshaFLNoqsyHkqZhyCFMeuUWKqUiwduvWSppywIsUdPYKl3iyCKjZNllNzjI6p67To8R3Dw8b5MHOhnPBcCN/U8jZhuxxHRepipsSGDtZiZde+vuWaPiumotfd7bp7qFDyx6EoTaryv7y25V5D8d4GbHjBQ2hqwZ4TWq2Bp35iV98tt8ZgmZFPuSgnS2hVYbO53ovNbUFobcuGod8tVZ6KLTD6SXyTfoCXkGE0OY1SnslI4BDf8OYn5AxH2BgrPAUdlmaofiPm0lmQqumPtjW3uvp3GmSl/6nGC4TU44ppezpUKoRCjQo6wLGr9MQX1mu3c7TGyfCGwBvVCJET75qwU36vdV1skTQmWD3osyMQEVOnEUaolYEgqndXyNpUQ9kM8mi6SGfTRdY10pvRLINrt3+sApGxMtW9jOozMZjlbuCU7pWN1bPPtlAonqGMsHBGSOvFCnSdwr9w7DG+YMP24WcBblIxK8WYLps9RZCTWF5uhWUOKoym6+9lxuXbeFsJaEUSuX07PsVu4ut9RkfUMVhYXp3CXdRkH8XbzSS+WXSMczI2KGMNUL4aYLCWJG1pSmfSjW/etgQsalQI9zH44rIAHivXsG7+9M/Bg5AS29xyfQ1Ky+10nFB3jOVPd+OzA17RERhnisunsADo/BAC8LZhLBAg0kV0PEMneyjIwiw+2V9eVa5Y3jRuwdiMVNEXpoQavp5bZ4SwA1xAF7lStUDiE+BzHh1AD7j+/Ac0qplmQqTiPxG3q0LWlYUjZyh9ZaWH6KL5COPepR+LZyFMR/AJFYE3g2F2aawj9h3GOrat0H2Vm78f+j9WXvoB1O/T3Pfw6L4+3cdEpxBLrMmNUczo0dU8L2D3sKHKF1Oc7XJTLyP3vxQHukSEX/aWFAe5vAtTzSHtprik9JLTZPYC47l7Ce/dwWPwuS8uL3KSnH2D3ggnuGeGXrkxqfgvKe8NIDBOZ5SlHzuJUZfiCxROBKyum0UK3CeR2mCfidD6TTvxIgKPSBhyHy9jSC/iMdMvWgD03YHyoVNh3E8JYY+yuh0GRFBAbVJyRI4q69RB3v9vKfFMDt7iVK6mSNCicabltWg4BDtRF+sp8+MgVtVLjGzk/ZDTPiou5H0L6Qw2RqFfKjZn0CSP1hVxUYGZ5H3+9gdd5Dp0GTC8pCf2orPxNBoBcXe6pK8Egv6PlJcrCylU87942TgApz4yJSwd671XcXdSjwqOxuMz92SRJqPYngzHsBCchMpJpbhPEXpQIYKdL+7/PyUbAADtm3mYVdWV9te9VRQyoyAOCF7GACIUUBSFVF1O1E/jRJBENMYYZtAo0IpGY6JbhioxQVAx+UI0KYImxKEbEbURqzyKQ1CigENrIqaIJDEKBmLSOCX9/d51ThXHPH7d/Uf30/o093mO6z3rXWvttdcezj6nMJfLW4m13/zin5aVdLg+F/7hOrPhHaeeffbEmeO+fvncSz57/Bmnz6ucWj5jwqhp1sW6Wq60Vc4sb6W5VifOmXrZxdNnz7Oy3EHXmFkb62yHmOXMY1ovK823Gj955vTCsP0W7SX4ueiUk0MX4eFXb37mmeZLiq8TqNWxCpTrY6UdWk2ZM+3KwlAP1drSYO1sgVn5R0J2sI6exaHzzeJudpgdcS3aI8UdZT1yPe1oK5BZb+tj/ax/Lmf5q69fvLj5klmJ/kPvcvYZG7DIbFl+4IQ5U+bMm2MTps+87KLJl1hye2zz7aDcsIq5VxQ+P3f67MIXJs++tNBMlHp6B7Vpk8u1kNZMWv4aqz+vpOuZo2f8ZtKGyzu/cFWfgb9aubxr1bDFxVJrVV9mNtiG5K6xkLNrczY/ZwtytjBni3JWm7O6nF2Xs8U5W5UruYOC35Wzu3N0hnLZPbncjOmTp1dWTh05cvKIyVNHTZ8+cvJw/jNtCv+dXDlj5LTyiqlTplRMHWb5kcPLjxs2epTZP+bs6Zw9k8v/ImfP5ih+uxMVLdfbStu3Gjf9snmXTL6owABUfmQAVB9dfzcGGoGuH1P6tOTfeuzRR5sv0dmSD7Ybc3ZTzm7O2fKc3ZKz7+asXv38+z5WVU2ZNmXkjGHTh00ZXVkxpXJY1fQZo6umVsyYXlk1YvSwiory8vIR06ZOt3xF5cjjuPc+Wu660jVHK0aO+dmh1QmzdmxYNbhw6QUb77ysMI+bbw8uTN2x4Z7JhVkb62fPLMy7YMdDj8wtzNux4Y6phYt3bPhRyqK4q1BemHnBjg23FWbP3Fh/ZWHYsRWDU69ZczauLEzbseHmCwrTNtbPGVI4+QIUUzaunF2YO2vHQz+dXbhox4YfzC5cuuOhVYnqZxcXvjZr4zp85z2+YPbMIR+pcp3ZSQvNQlLl63M21wvNUl3FfPdF9HHzvbRHXkUvlKTzvfQ/LP5/cr5/YotW2lypViUsGSt8P1930JWnlFjpAgtlrSlRaGVllcZasmWb83WlcAvU+/10ZdlM6IX2uRn5RXZqvxKCZemZZZdY2SVU0aMTGG1MzKstOsNyufx829Iny+Rg7Eg2xPwC+1yHLJOHCX0tVwITLckyJWXfNLuJjRaman2WKRXzAftifsHEU/6UZVoRzQ6yXFl+4Z07h2eZMvnstVxrmMK4LNMan6iT5Q6CWbg4yxwkhqxLYcY/lWXaKBoZtMkvnPjK61mmbdm3LIxTDRbdWUS1n2lHNCNaW5hufbJMe0UjtxKYdeVZpoMYr8GiO9eOyTIdxZBBO8Zn3ylZppPaaW+59jAnz8wynWHiast1gHlncZY5GCZ083bsgtVZ5pC0Hfoz8Z4HskwXfNSfjjCLXswyXWEUrRPMB+9kmUPF4NM5X3vn3DZZphtMdLQyqL1z4BFZ5rA0gzb52pdOK2SZw9Nal8HMG5hljpAPFT0Y5oSPVPRItcNoHwJz1Ngs011MksFLL35khhylaEkG9u5ZWaZHmkEXmF5fzTI9FY2etoNZPjvLHA2j8aEdq/5Wlimk7XTN1w46f2GW6YVPHFvuUJhdt2aZ3jBaP0Qb9NbdWaZPGo0MJnZYl2X64qMM2sPc/1iW6QeTzJDaie1eyDL9YTSmtDPxpNezzGfSdqhOmPVmlhmQVqcbzI0fmQcDiaZ2SvN18aX5LDMojXZYvu6l0rIscww+wcenbuKODllmcOrTOV934SUHZ5lj8YnwKcvXvTnuI7NqiHyYIYfj88BRWWYoPklF6968v2+WKZcP7XTK19nJA7LMMPkw2mQQ7CPzbTiMMuiIz/ZRWWYEjCp6BD7nj80yFarbTs+AfTzLjEwzODLvW3ezulKhaKR7/lor7MsyoxSKxI6iyJO+nmWqUh9tvFeMzjKj1YhvOgts7vQsc5wYms/lF6yoeTDLjCGa0U7H/MLN447IMtUw6mYnmOMmZpkaMfh0hilbnmWKMBG5sfFufnNblhnbksHCFVs/yDIRPka0HvlFm+OjssxnxfS1XE+YNdVZ5ngY5ca2t7n/l7PMCWk7R+cXVayYk2VOxCcuWK4AU7k0y/wfGLVTBtP/n7LMSYrGZKOdiscfzjIni0naWTFqa5b5HNHUDtvriuf3ZJlTYJR1j3zt5ttbZ5lTYZRBL5hbD8syp2kedFAGtZv/1jPLnJ5m0JtFWjUwy5xBtPg89ac2jKvOMuPkQ396wvQ4Ict8Hh/lRjvhnAlZZrx8aKdPvrbipvOyzJn4aLSJVnHaRVlmAoyidYKpvSrLfEEMo007Fe9dn2W+mLbDBv+74bdkmbPwUTs5mLduzzITYYxofWHOXpdlzoZJM/jdTRuzzDli8CmFafV8lvlSmkG/fO2KsduzzLliqFt/mI47s8yXFY2Ro50VHf6cZc4T4+3UnR7nssxXFI12WuXr+m8vyzLn46Nj0GdgDu2YZb4Kk/Sn7idrD80yk8Qk7fS/qEeWmZy2cwjb0eLeWWYKPklF68L0QVlmKowRbQBM9+FZZhqMMuhKtPWjs8x0GD3kyIBtL8vMSDMYmPcjabN6Jg6BN5ictr0ns8wsGDU/KM9J9JUsc4EYL/QCW31RlrkQJuDTGSZ6I8t8DUbdZDuy0hFZ5qI0Mc6BtnlclrlYC45n3zEwcy/NMrOJpgKwIdp5a7LMHDGewUIb8HaWmQujDHpxPqvtlmX+Qe10MH+7Tl5QWt5X9Gptg0u6bu/e496xe/f1qnq04smhVX97d9Qp71xYas2v1hiFf/fV+ns5+yFvwT/lM8QdvGI/nX07Lhu8JW/I7mPNZhZLrP4wwO9rrL4VckJNiYXfF80KD5vd7bLE7GwHvM8h78DCZteYDeVG8o5iPgE/J5hA/D7MIwTsPBZFadGa+oy1cFLRCkNQhIVFC1VjLVrjssSiNx1YfRnKASgKh4/1yzPcR/SmvAN8/61o0cEEwwW2xOIXixb3xY9gSILNd2A2HtkFhR0FkL/kkwQTCKsI5gCzcAZXWymuIepiOqJ+L1Y3X3Bg0R+QW1HEfwN0oEMKOFPBlOLMoq2nyBZ608RuBZoEaENWK12i2OfAYsm1+Anwy1vYlAX34RwBoi3cPIx8DYX9E2AX181cu1CEKx1YOBvZJMVIALl6AnGRYAB+5PcdutMCorEp1QzI1taUkrpVMmyLCSUQ7sXk/2K/VYqXYPag6MOVoy/hy/jRl3CjSxJ+woFFv8dir1zeA7xDOobVv6EIpVSJ0XXZjbYjTblu8gVEr+PPlAkvyRQzW8cNkoRIExAtTJkwGuavRP8zg2FvAy4kzW3IuBrFAwBN05tcoqAuALPfYLVILpX0rhNKyVqiC9CMUYG2xaQdgTCEawR2e3AKXwEsIILCLkARkx8gGTK3eA0wFBdkvIiwDlROAXuQyJhG21BE+Aaqruohae58B2YVqYXal4skCZFauIC7vzUQTWBrAx8YkWulmA+4GcUylyhuc2DhdqRb3AXAxaXHAIRDG90i9G1EgUsY0egxkCgICvBWEguadRckMWwKOVltjdnBjVRwVrXZLwlsl6MZ0mB2dY3ZlmoYgV/VAI7ErwV0rcFW4JyHmVDI0IBiK7a/bWgOSwNv8IywEBc1XqQA0GhGa1GcgiJS+pTOrkVejMKqAd/kOoTSXyfF8yzcm7G4iyFeKcVCFGtQSD6eKsJvUfwZ+SGKMBxfZrItconFfQ4sPIf8AAstO9tJHpKPFFnIDQ6YFALbaP8eTH+Nwuu6GyXBkCjOdmA2BvkbKXoC/oULGT+RKux+Lk3zu6X4Aje309x3uG5Fob0gLOd6HJfFUvwSi6thd6L8Kor4bcBnYZHWLVXYD6jBVmRZDYp1AFYFC0CSGKc7SEZlfDWKLYxCZ67vca3AxYqA3VzI0L/ISLanlf5EDx3x2QMzDLlepl8EaHEouq+WegcWVPp7UPhYvowCyeDao753DkLpG9WtBGsGUWs2C1EtQD9m35IaKxyjAQLE5YzYah43FVI8TuAqFO+7RHE4rUjRv5haVFAcuSCTGIDQDwUWcS8pcLGeKIiBREFQgLeSWNCsuyCJYQ9osvpkUz1DlQN/qNoV9NiOw7wMpeQ1Kh8g8kkK8MKswHSLFBQm/iOKPiRjNBXOBWgKLnHJFHzMgYVfI/fgEn+I+bPcIKMlRBeweQBr54CoHQB96SYTy35LRmEGgEGJb3FJ1H90YNEjyLuk2AJgCdl23NoSLHoPRYMYpqy6l/bXGLwl2GiK21QHZjVcr0hxGHk9zk1HrnqihGczwB/DYTMmT3KzAeaXUtzJDUHSqMQnlMU9mAEC4ShAvDYF0RKoYQAbn2pCSQYwagDWhz/yoh+kQHEIaKs19exptBPpmBaXOhQuc4niaAdmr1OHgiw4DNj9XNdx1dALgWRuFor7QRirbgBkH813Sd0edGDxz7HogrOA+9i+DOAHeKYZJMnZdmUaTuBmAHYC7hAtz4D4zWJCtQArUyICz5Dwmcg7ScT3zetRXOMSRZ0DC7cgv1uDr4AZOS8AqALTXFKB/g6S6fxqNYpnCTSfS7KMdgU8AVs2Zj/wJEW1gJaOAOz5vNG9Qdx4p1n6/BLgDqJagH4MW7L2yADgC3r1/+geQEaLMHmrAUqgsYGJXmP2IykeBoQGsz/VSKLoSngpeiPdohwgF0mPIdC+MbHo3ohCLoMakxiDpFBQKdSKW6hZuUi+1WA7vKhLi1rYDOVqBxY/hHxEil8APqDAz9H3QRqnDxywo7wH866CIG+X6auAAv3diJyrUb8LoGmw1CVTSOmisNdwuxoXq8K8DUpkvFDRAeE7RBewdTDfhfETzxaYvSh6Msg5Shu+yCiwxUVER5LQww4s/iUW78pFGW7nUsr3Et07cS+MehU/g9kGFK+iCD8D7Eax1CW+5zhIHlkvoGB786q4vJ5gAjY/ZQJTwk3foFd6hquIgWCST2jjb+rFLDiENB3sY44dzva8U/6d6MQ2TFFGW4kswA9AivwATwM+ObtP7BXinB69jfYg+vEnFKF90rGoI1JPpUJnGKwk6TqvaOr6IVoF4VoKcCSqCBAfi7EtL9qkIYzerUQoRxHuYNkNJwLSRqWKpjFEWIFFEUV8A74Riitc0rGrMB0HY6scWMRhP5yMImwi2GcJhgyVqaJpCM09ghyIwjBt6ovix1j0UTCApxhIEWCPaRh9JLTp2ZOAUJ3M9mmq3SqARuJil1j0cJA8INtjYecCVnJJ6tQlEC7EajfSZ/0obm6nN7e4pP6PZUC0HhOBsJWbdZj9WgrKonEIi13StckOjCJZvEMKLZkXsUCSLmO4gPY2wgjE/4Ipu0R4U4p/BfwVxWBcSimL3mu0qKLvuMRigwMLBLQP5bIHxU5u9iI3KDrA/qr+Cown4PtI47CfgOb5zI+J8A3QEhnroLAE458gH5LiIQCHI+/wYcQV4FFDmB86wKSLA5echRKF/ZHqliMbFeQMgKJ+I5F7DowhCvtUj2HO4rvw6c7StIXNoDWcbwGXpyC1ST+69OBGu5d2vLCLVnS8UQmilS5pZZ8D/+jCwZEAAH74bMqC/96vL0mSSbZ2g0/WiJ77SxxA27G9iL3miPUjlDKe75K01jngUUk7e2hDTxUCEfHDDPC3Nwf/3GDRdmwPb8S5EcVZjXphlCT8lxyY9Soy8FJso+E+jckL3x8bSHgfIDTAjCJIm0Z/nUMSbLUDn2j2lCyeBVzekMg9Y/AVOKcG07UAVlhEL5BkRrcAST8XYaGOWyeUyEB21KQD3VlYhALYsbQ1HLlXtucA9ABb4pJo6x0k7XUtJg0HvUfH/0wQhii6gUtjpg4DzEZwbZOiQ9HiB7lB0pxt03hoiEmPyFUOfH4feIH7r3iBu4xndLUmaX0K7A9FrWH6+mAKZF0YCrCTUo09SXccJO4K9D5tnSlVN1aHQEyvJg0D8PkwAamN1ev4G5eM1QBTZICqGL1FliqYPQeg9/EPXaL4soNk+U6oIaLA+EYisnxbQLLYjiSSgA5pQYOo7UCjaoRD0iD1AfghOtai9gye5gYZriuSOoDcjJn3ClG0EwhED2LzBNdWKdai2MW1jEtTOZzuIEnuqSKpAEI7GDsdDTMgxhSJAl+A1oTZLhSKbsfgj6Q5e0gVUkqfoAMoP8AzzSBJzpiiJ4L+0kBggZ83METIn6HQ13a7HsVVLlF820HywdYtvg+Qi6RiODi4MbEoNKKQy9DGJMZQKRRUignFxMKbxcXlXxrsZ167HmnmgVL5NNAk8lGvd8mov+zAot34vYFF/D6mHzChOVwzA3DpAsAi7sUll2icA7PP43Z/kSoA+HHKHpUBYS3RHDxHFsPw2Y6ifhBOu2iLBySSo3pHB/7nnfhVFJES+AUX1Q73EV6AH+1syoDoXmwd4Bwt5VI0vbAD/LWUeYUpgB/g2zXIFHhR0urYCwf+wqBFbm0ph9oRCEO4RmDnfz/4CmABERRWKzcmP0ByLHGL1wBDcUHGiwjrQOUUsAeJjGm0DUWEb9jNRfWQNHe+A//G4RZqXy6SJKTU5jMf9YEtvhaVv6It552pnMLcRjvDUdhPmEIVlA4ZRqeKSUUqtgKLCIXPkROwuNIlOX4T0/EwPCYELFb5TkWhZV0vU6R5MMAkpnAUIwejCJhO+gwKXK0/wQzgKaa5WoMWYBNrhtdO1oHAPqL+r371vosoh6OKF6RAh5ZQA7DLU5Da2CaVL8qN1UdRUgRwhrL4d6SqT4JeJFVgmUvyOMZBciaqlcVs5mdnlDNQ3FKkCUC8jWAC4WACalH0I+UwgMarSHupS5qj8gAzmquXRRMLuYk+KA+OJ6xfgR9obvrRWscKgfq2zKKNNHo4TtF9MP3SsIqiIyLAwiimiCz89IILr3N8mSKsg+UEczCcq4rrHbqjY5qWnHdYazBa68Dfa3gDxOJ5olMF5RHfQDABMrPNOjym65zIgAP72ydsf7sbpJOkbh2E1vB6mdRfOROQ2NhKvVVKiwl2D6H1FborBf7XhJ820Mzp2JzbyKsiHTm3EZPv08UvCQxAM6EZtBaoBbRpxGmnA744FJlVRPHPi081+Jy1E9nUFNZivUeVVyctWhObiYOv0yKJn0qGkYZKu1hclwEFfdXiI79Zm2agv4Bog2uqBMirBeg3VKEWUOu6ImbLq/cD/pCJGVQLgLJbVZ2wA62/n7C2WoANBIjaD5SW3ZcFouyF6v2AP1oSfQ2U0nKvZkBkNVbiCGv8W8CkbjK6B3CwQGJjr+RxSGcktQb4SmRcoq1SvEw99mLah0p97ErUzgzQ3y10YsOCNcMx22VQaQSYRQmj1RT/lRb+UoPv24C5NLkN+fNqLFRjLZ6bXNJ+pYPksdK8mqwTSuTfrabQlgy8HYBWk6a3rxXNdy0eD6vVxBlRIHme6VU5fg1QTmpIoiWK6AHibEKhSoR13OzmouNIFOc7sFCBpRaRmtUikiSPA5/XkFhscPCp/bxmq0G+2zU1g9uI4jvinBSkNsn7s//FX1NIIGYh6NsNE4Xa9KPHKsV8l1isdWDxL7B6p0jKAt7Gh1mgEmgM+bHynwPMItdwH0DzhXBIwvV34A2yfaIgA+uMUtIXC4DcjCzbk7sWi0AYjM1wLi0FHQl09tLXBSTtrHfgyYUuRBFgOmMKE+3i5gaXKPAFJMG0JhQ9fpAbJM3ZFl8TlQTzCgEObDeqhED0AHE2oVAlwjpudnPRcSSK8x38/7cb6voWznqcxetTEC2FHwIIp6Qae478BcIVUGMA0Y9TkLorEKPFqwwqvt4kYM/DVjhTgFfVBCQ2+j/3cFhG546nYw5u5Lqb614pNgG2cuXIdiuK0MOB7xiJxRjAjSgkPYbA5urEolCduqzZkMRYswELBZVCrcjCm5WL5PE19roWYuBokvzZlmOyDeJP3ZyQ2YJR/IZADLMqjqT8ix1YGIf8sJom2wBuJthTjLtvvVcApqKch9QGKxA9LkagHVMNF14s8J1IQTmqx2tcEv0PDixiQvqf1+o5gU4iu8BVbxQzlDjA9z3GoC9p3usS3+DAwueR/q8ze9JMHgVFCU+QiED8UxIRsLPQ6mqPIq5FsZh8H3CJxVYHFv8WuRKFvQ9YT2Von7+S5x1EOqkbm8t+cD9AybYA6prudqVoF9KYAK1aYBbZfMV+DkBN7Ucuaf1sB/7lx75BY9YdoC1N04xfCqKxtNEbqhnE+kyktw0tfG3mSHpHfIDFNBjpOaYMbBN+yEhfCx34yohfITFfZwB96w7aMbSK6FGyY93sknZOdZA0/GgxySAcAePPBqoXMEUSbJ0DiwjmC1/R9b7jcnHR1vtnnKdhD5wAGDkC8jhDsQfFTm72Ij/5J4CwizS1ZUbqiEC8jAZ8Wz091eiR6yBcBaXdNF6VgtSdQHqQsGVifVPztvpy87bKBpiAxMbfMsIgUvDO30qCLcCXhagWwO/AGzWTmQq0ZXzVjoAeyp+cN+poNXcasqipGdwG1x1gc1OQ2ti7BzYOFLbBwad244iv5RTbg2ENgKicHkXLk9Vtt9GB4ShUUX0jlgz6rCugb8TRCiwiFLYU3xMowhUu6dA3MR0Po1kASB7v+kYcbyIYppLmwQD6RmwxUt+II0z1jdhw9W/E8Y/TFGNSBNiaViSe1ozGnwQcmHko9qDYyc1e5Kdg5u3C5wiGNVI4AbuRBvTI4YN7qnmJk4uDS3E7DhC0+wik7gSyl3EbJBUFbDpOpXmjaJPGjLXojxjXoIj/lVnHjJWMj08VhdMo3vMu8X0Bi4li/uzA/+8innZ8mW/Hufc0btphLl+BAtH1mDD9O7cmzuxNw3HB1YYTLAA8ozQ1C/4CwgjSfbR9sCs2Ax8GKsIvBdp3nWoG8fcw1j+fDH62bSwmHw7VCQd6DQ63iSITflCbcRdIG7V1H//s/T713SrFy7S7F1NaK3zss/fAS20Flnpsqlk9NiXJQxn9CmftUAL+r9TVsIN4KdQwgJ2VasJBGeDfcbWv+VjHt6VAcQhovzvwjEVhGxx8ane66FXQGDoi0HQMHWHZ1PdGoRfXwCbmk+0IKSY5sFBJz9yiA76DWWmSYzQ1znFAmQARu074GlL/IFd/wpg0AAXBkPiucmDx3alF/ACrGxdJYjBNSQhg9v8A(/figma)--&gt;Chợ, siêu thị, cửa hàng tiếp tục mở cửa từ 0 giờ ngày 1-4, hàng hoá dồi dào. Giá bán phần lớn sản phẩm không tăng.&lt;/p&gt;', 'https://res.cloudinary.com/novaonx2/image/upload/v1595393205/26419/blog1.png', '', '', '5-cach-chon-rau-cu-qua'),
(2, 2, 'Cách chọn thịt bò, thịt lợn tươi ngon', '&lt;p&gt;&lt;meta charset=&quot;utf-8&quot; /&gt;&lt;!--(figmeta)eyJmaWxlS2V5IjoiY1dXVmdOd3ZwckFCTUx0NmMwZlI3ZCIsInBhc3RlSUQiOjEwNDMzNDU0MTYsImRhdGFUeXBlIjoic2NlbmUifQo=(/figmeta)--&gt;&lt;!--(figma)ZmlnLWtpd2kCAAAAnR0AALVb+5ckSVWOyKp+Tc/Ozj54ioiIiKg4O7vsLohIdlZWV3ZXVeZmZlXPrEiRXZXdnTvVVWVldc/0ioiI77ciKioivhAV329ExbciKqKIIPLS4/F4PP4Jfl9Evmp64Df3nO24cePmjRs37r1x40bNk504TaPDODybxULcteM63UEQmn4o8F/XbdgDq2V2t+0AXdkLbL/SNxS13W0ArgXOdtdsA6oH4fW2DWBFAYPAJq9VRas4D4Jdxxv4dts1+eVa1w2d5vVB0HJ77cag5237ZoPfr2fgoOF22d/I+77d9O2gBdSFwLK79gBorzV4rGf714HcrCJ922sTedG8laQQ+RpgQYQ0h0MsHSjfNhsDt6vIhOrs+U7IGWV3Ooq9oyiNQWZhKLQpMYg6bl+Bci+ZjJLJoX8yJk3X7T5u+y4GhNtQ4+SgdXsPBm2gRMO1eh27S61Iy+z2zQCQse27PQ9ArembHdLVt1y3bZvdgevZvhk6bhfIlb5tha4PaJW6RLvWdhTbdbvddryA4IYPImyS2oULvr3da5v+wHPb17cVk01M1W3YDSinpLsY2tco0l1B27GIuBRc72y53NG7nS4m6yrs5a1xPBl1sCoh7vPMIBiELbDb5m7AXvyOsgHZMP1dm3MZnV47dPQe1CgqJNnq+RyqW27bLXorbWe7FapvVgPoWkFqcfii4Ta2bfTX9Sd5dwO74LdN8r4QuM1woHigt9ky/UbRu9hwmk3bt/UK7rKvWe1eoPV5qdUj7u7ADHuFki+rWQDc0+51nK4bOCGnuNeLkslCb+Za4LYdbrCAmTUc7CZmo6jAyALFVukDuwuQKKibuwFcrcCBqOMqL6o7HVOtbAUWtuMAWHWO4Z3BMBrHWulwL98OLaXvpsPlyabTVpOEjtrJmn1wEA8zQetOtwunDVpmw93DoGj4rld2ZdOFfWADu43BVrtHuYwt09pdRtXC+NbCUm6w6vrOtqM9XfQ8mCZa2Xb3FAARQi1DAENoDyzTo3HXy96g6fqWcp0VMm3Ew+k8WiTTCb7JHQQzY1uhTsASy3V27dLIjO7J8X48702SRYpvfJPLEJ5zzW4HACQkgvtTL4Y1naSLeWXTsJnAC44rcWXHZDwwMEem0lpgmWoB9SY4Ngb6i5Wso6hXg8V8eiM2x8nhBB8UzAS8xFGBS7q9MAMNTWxFM3DJ14elqN2WwWM90yfKMH3f3VMmxEXUdNd+rOe0EXN8pe26ZrUzTThtBxFKzbpl920Oy5yrsTWdjuNo4s7iXLP1XldbNmTEZwHcHrAMeluhbyrYuKYMXm20WllrOk+enE4W0Rift+0miSqKgxEo1zJ2egGit6N2tPy6H88XCWyWONfDUOXTLTcM3Q4gozM9SWPrZJ5O59icht00ESswICzfDWCijg9Y2tdt2iz2FT0Dh4+ayjOxFMQOC7aBft1T8WIFjeW0Aa324QLTeSeZz8m9sC34n9pfqQC4I8KE3d0OuflGI0qPtJcZFoIpUKI0Dak8UVtS3etuAyV2PJutDPpsDK/RRFOzb82m88Xt1lezXKgAQucmJnLEntNQ88sc0bJz9bajs+nJYnuejDSTujbIijpLAQ1tn7XyGy9aLOL5BEOgcjxlWwhYKnBJtVkni6kfp8mTYF2oSImjNFPIIQsIBn02joM4WxQU7gduFg5C2+S+Sgs2oXcY5zRO5a7F8FkL7Y7n+qY6o2HMmg20tIgLFZ2LqgBlHhMxdTS8ofenELaFePQ41KYkkDgOQgfqBayplTWC/JzatK40kTU9gRDzjPa8inPaQtM19dnOSbpIDs4+0xeeadkDOKhOLvRngdK2oUIKkEgmAudxexC6gyycQyUTGC88V2uliBuweNuHrgfMy9CXPV+tdAsBG23Narvq/K87XE5UYXHR7Q5g0YpMmE2wGYROx0acQl92XCR2A7UGQ8N6oIavWjxiAdf1AE4Nkq3onkpYVkHlYRE0LuRyStT1hm/SIzYwtmtfzz+7gG7f1enFZjiPJmlSyvgMxE9kGeEAMQmRNDuLRcMJYBV9G6BsIvtDayBFQRrY9N0OnFeFploFlcemegWno9BKBVOEoVWvF7Q0LmO2VmJyXuslSrPaKBEFpwvMCjUu47RZYnJOF0uU5nRXiSg4XdKCYhtAlDO7ewmZ87u8hNUs71nCFVzvVTNl2IzpfVVczvP+KlKzfEoVVXB8KlzTsQYcQ+9pOOaR3ptdeKzKn59uRymSY72/68j/rd6WY2FAkFHekUixKl2Dp6DOkPAFbbsYqpNuCbOiv13Crer4U/TXguF8Oh43krn2KvDJzPQzRA8sUXu6+hYuuaBDxSO48CLGuH3NQ4TUHmyBA89R1ZPbPYQwaaS4XGAywGtCjqc4DBWIpGSMA0nW52JDyEP8MfbxpxbhT12fWfj4FnryDH8MHyhQl4ib+FM7wp+64hQspjN8MCQsQiFnU+1TIDA60WKe3BJy9fjKFfTl8ZUH0BjHV66iqR0/QGT9+AEiV44fIHLVi+aIxs5kFOM74/AkGQm/wnQzT78weBqNT2J8I09UKvZ0YTShpW50HAtZO4iOk/EZ6GXKQA/AAJNFOpwnswV6NdL2o3kS4ZOT43ieDJvJ4ckcqkVoz24RApbgqINWuu2Guk0CVtMsfxrMoiHsbOlbDzmDi/3MDicZmltZ4n0HBk1uLhdY5YC0HPclBeOUhYWp/a1+bUWzFPZVfgIHUKm4RDPIO4ZnIy2m6DUgBkWPWZllqoi9AhQWuw1wtcLfy/VeFQtZG/4iecPRC0DJEyglY3MKKgc2raxfIg9UEbYZRwul4H+XHjJxDAnrqqdIMikMywuIr1EatEpAtCvZnXY1cLpMcNZcv9FFu242fY5vNLoqGlzo9joUaRMXLxPtRRw5XNJdDd1eaun2biT3bC+bpsr37rF0e69vqfa+QPfv9/vqavgUOibapwZ76tb/NCvYY/t0bA7xz7CsDuV+ZqCP589qOQHxz+LBivazXb9L+Z5NpaD9HBww3MrnNEJ1Z/jcZtvkOp7b2fZ5Qn5eAFtD+7xdHLdoP7+JlAjt81u6/YKWnvcFoe5/4WO6faGn2y9iUoz2i9vNLfa/xPVU+yI/VO2Xevr7K95ul3p6oI3wgfYqWsr5oB+22X8ILfsvNrf8PtqHza0++4+gpdyP9jWfl/QhENqXbrX3uD9fhpZ0L0NLui83d1tcx8utHZXsf4XVVI7wCstTfdPq+aTbwlnLvoXgxrbR1PztJi58aJtor6LdRvsg2ham5XwOWvLfaen1YLZtytNuuTu0G6RHKrPpOjjJ0bo73iOPovV2vEfJ57Ed7yVX0Po73pWH0AbtnQ6/C9uuRfoejhXuS79jN3gn3kNLOa51djvEX++2VWbzeLe3G6L9SqQjlOuVaAO0X9WHwtG+ygtC4gdoiX+1v+uzH/lei+2+39vivg+Djkf6UajliMOuSmwPsE3cv8M+qgVoj/p6POnrdT/R31X2cqPvhz7aMdqraI+DAJFXiAla9qdoH0Q7Q/sQ2q9G+2K0c7QPo03RPoJ2gZZ6OkH7ErSnQYCYLcRNtOR3Cy35naElvyfRkt/XoCW/16Alv69FS36vRUt+X4eW/F4ng+AqGX69tPpKwtcTIMtvIECebyBApt9IgFy/iQDZfjMB8v0WAmT8rQTI+dsAKFG/nQA5fwcBcv5OAuT8XQTI+bsJkPP3ECDn7yVAzt9HgJy/nwA5vxGAkvkHCJDzmwiQ8w8SIOcfIkDOP0yAnN9MgJx/hAA5/ygBcv4xAuT8FgAPkvOPEyDntxIg558gQM5vI0DOP0mAnH+KADn/NAFy/hkC5PyzBMj57QAeIuefI0DO7yBAzj9PgJx/gQA5/yIBcn4nAXL+JQLk/MsEyPlXCJDzrwJ4MTn/GgFy/nUC5PwbBMj5NwmQ828RIOffJkDOv0OAnH+XADn/HgFyfheAh8n59wmQ87sJkPMfECDnPyRAzn9EgJzfQ4Cc/5gAOf8JAXL+UwLk/GcAHiHnPydAzn9BgJz/kgA5/xUBcv5rAuT8XgLk/DcEyPl9BMj5bwmQ898BeJSc/54AOb+fADn/AwFy/gABcv5HAuT8TwTI+YMEyPmfCZDzhwiQ878AUCHqwwTI+SMEyPlfCZDzRwmQ878RIOePESDnjxMg508QIOdPEiDnT8nbqwVIrRY4rsUVIfMUy2BO2YlmMyY50jiYT4+Zli2m+Gtsjaf7Qsr9s0WciprUZQph1FC2PmJ/wowM+dcoWkSKdg3ZVzLGDdFi0miOnsA9Vsj1BedGOpceRaPpzRSgcZQcHuFSfIT0DgnjKF5EyRhQPYbIKXMJJI6nuDTHKDMAXl3Ex6ropIfWTpN93PGGhNdV7VRPm704COPC/++UQyRG8whr2xAb+3PynGBm9C4oYYRxj9LzJSGHVASyZ2PKRHLBPLt2mqTJPpIqKepospL3RbGSIuFOxeNyFbwn6cF0fixeKdYSpfRbYl0B4RGS5AklR94eTYDDzcHhCBCXNQJpHbJObM2auAf9ao33srgwn+KeARJIsplyAMDFA6U+i8Jmu/akuGvGtTTViHiNuBQfT59ILHDxUCeEEtfk3UwQO1BkAwYgjJUb8ZmAwRwA204mcSumZsDeIKaRHMbgW0MGj55OKyeizs6eJlxBsorKkWa2OTyKmDrH8xQmJoue+tBpcHojJeyexnMUpOIwgjIRFGRtrKpUqhjSh4pRXB5DmhTHi1w5HJ/NjlKcK3J1VBSIU5wqck1/1seEQEF36xStWN3rpNw4iMbjfdRZmhhIxb68cIRdnoP5ja3pLUzwBik3WxWUMOr7KACNUnENd5n5GAvJLz61o5wOed0KXmQyKYWxBmvUqXlfyJvJaMEbmcGx6wBqBArF1tkz0yEuVuitHSTzdGHlmsISVmBd1f7qNpcvjNXh9Pg4gmCZ15bXsL7QWoVUcOYDLFTpEVOdZx6NTjOHWG0UuhSGMcfFEkuWsuRk6Pun0qRRO1Wdbry4OZ3fyEWYwN6jMSYbqRlzQc5vLyMWyo9YhqQyU+FLGZwd70/HGftUdTAvApmGcyYpGRi4VdK5Ahp/E6uBg0KxOds8GBqG2ig5Aw4ZBUpDWDuEUwz9+CDGdRaLNzYOknG8C8uHlaZqUM1sYEoaUitCrMStlKJ6YJWxT5GAyHoeWVfGCYLL/IwyhNPgZJ+32X2QESEWkvs1m06wzXqitZPJwZgV2AloqhzXk7SXD8UjRJgNLbWVf9+JUuxepqhhjtVc5exkf5ykR2DGeSltOA3j6LhdSsdJjNsnyZ6FYLsq7N0rKmHv4CCNF9jN2jwaJSeMkfUy/q2gKeLfajqbx9EIFGshA6AySGdyMMVWKL47Qo5OMiuDS3iIZFMONOLTZJiXz/P6CxN0Vb+XFq5M6hJpKBxKMry6o1/TH/p5QOQlV39sWXsDdSjL2yaBR7ODHA+bnZkppMYSnRH0mBwkcA3sNr7SPN+CIE/rQ3DxMh8LyQDvjZBEXbMFymB5zUwSLkYM9vLKWQ11I6wjp6xn3YJ4JUPk9Ksds9tTl5O1TIAthK7DOQOSU1ZxMUuxahZ58Vyt67msyGVPTfIcA72G4ktcvpzGIH/bPE9uzmYxAofyF2O/QCsuPwNVligrN5xuhLNY6VBRoUxh9nH3V+UNgaJg9jgrgz1VcDBsnOLzRYDDG+abCmM9PTk4QIkKZq3OQMXlRQLlrCIbmotaenpIX+jytMROoYtsiOb4Thgneu7JgiGWxxLG4YZQHGK/O0EFSoo1UDSn82EcqPcz+NaNFOj1TJb+dsZMGE5z0LXtrKhntvfM6wEA2VZHDt9TEEcWlPCqkBF/TmAggBRuUpucHAdwMCgjFTgsMqdCvpJqbEBTRBg+PIFPzrPe2jDT5fqMrorHmofExjbCEDahlk0iC1bFweTB7bFLN5Py1wfrAg69dGDgdQOxOaTELFJpK8gei1HR8t1dYozs4b9m45Fc1QPquP+jdAZoJXssWtUBSvGrRFUd/LO4BHOqhNI8EJMAKsfKuIVYU0pM9gke/soaF74pg3RWd92Kj2Bh0A/44VGwrco1WAKeTgZ7LRtO0HLajYHbxKMah1FCQyVd/35CmvNhMWeE98jJoTk5hKKQcCKeVbpGggeXuZ+Hvpo3PjlMJtm3M9WBFiCvzsch6A0tpKfG/HgcnUyGR3f44BgJJ8waIExa7Q3AGn8TgjN6ggHjU+p4xJaqNowOsW8vnh0h0RCrwlCARj48gz7z0uyrRK3S1QSPLLjRF4SKfRr16CSCy2yKFbYa9ZLSYFczUA+8FDXqG+qgWNOQRn9ZmRKvZ6AeeBm+LE6FjaKjB798iDCxAHBBARr58pQm30dCi1ajvgJOXiTRF4uOHnzFCKYEQ4ft4CiRd1W6msCM1PMlFwexL5U9PbxVBix7wsSEi7v7HFITW8eICxi/zFajGrGKENZyOLnnPFaT2/zSSV0djEB57xJCEzXL6V2tTSj2vnNITbyNdK1qmPdX+5qkVUn+npLDesiBhUSH82h2RCPBbmyIp96G0oQ7BTavo2+Ip92O06S79CSH3qLyMhA+fRmjydrHCXapnaAByTPQZD093ElVJM4uFBvimdW+JukuEMxDnH43MDdIPqva1yTuUfETBWwGWKjj4pniWXfC60889DCRiQvmRDxLfHalqwke0xgrmolni2cXHT3o6776AcZzxOeUPT0cUETFq1UIIJ4nnnMHtP4gLEb6+c8lni8+9xxSE/eItxANxP3iuTmsh/rsVnL7p4rPW8Zosr39238X8lzxvNtxmvTaaTZ3qUAo9vPPYzX5dcTtscd+Kl4rn1/29PDjIIamNAoEX1Dta5KvpIdkF6ZXixeUPT38Slp2F46Ni+sX5rAe+iq1VEbe10vxwryjx14Vq4w3RUFQflEG65EBou8IB5P6dQgsSrxQfPFtKE34au3tQZ6x/IKUX7KM0nQRZzZVAErhgeJh8aJljCbbHxe5RIpynvzSSl9TDPW1i4tAzVRcKbt6fKTOT5wua+KBDNQDcRlErCyluHobShMecH+24+lxvJifoV4oH6wiNM2h3qIcSaqHllGa7gjen/0k42UiKTp68AnVz+IHfPhGta9JxgrlRSMexyA5rvY1yYTnIsK+ut5N844em+mrHLWD4rH46rKrx+cHrLB0EIYbSaqCPcJyeg6piRdzvVHTJqKWFCgoFV1NcKo3fgsSaqXm34P6phLcAhahTrmveIW4pZA7KNTwZyJb4izVOZGSskyj3ijFk0mqsZ6+3JEtuH4NoOKD6g3yNSO8Wp7mI1ww78xfWyXv63QMp/9r6THZi6KFLGQ6aTNp5wIxx9ctjUL8W4uTaFyleJ2qFWUkWPNwHjNU4K5Zpfr6KlULtgAvQqyokry+SuLOsccIeRJvDRV0MMYpH48ej+dTDL2hOtTN3mr1O/EILxLnBzPrEgeoI50fbeIAoejiCI8XlWGE+FQ8gXpTBVfkpWM8a9DssIRflfLbJCJfdu1lHgdP9PHKMcNdUt1AAxyHi2LgO8qB0myUL8I9v1MiACKZicZMIrDa75LTU1UCwdmsN1Ex+e6sYtGIoXo8n2Nm7Or3SFZwkETi0J3O2vEBdq/MDuBL37tE4DOa3kbxfSXF1nSxmB7fgcv3305zJ0ZvLInKkYQ5Bt6esRj60w/cThPi6FkmeRO1RRfDClPYIiJOhJOA/vWDUts27FcXQ+C/0J2y/DdJBHiQZruiihFvlnj8KXEhNgCViTdXUI2ySPEjMo6K36m0UTaAnnH5KH8w0sWb0FAJHRxPpwvWXvDZW2UyOYJZsfo6DnQsxna9JUcHKmCWA2/LB0L4WIn+2Rxtq/BSDry9GFBHVznwc/kAz40S/Y4cXZGnyV+IUAyM/45M0mIIOv0x9PVgjvkJmRJSevhNiUcu1V22uz+QJ3lZCWqoBqWfkmOcidBR5oOvxpsYvoQmXX1/7aOMAAPPwtLPZ1sacI7Kdv6uxClbGSoD5W9LvI4l6XKMfKeMld6oVDPFdZ4A8L8EymB6gDQIUmWsgP5loLvTSW82wpGdsfiVTEyYHOxjqKgxKjw4/LDE4TTAEn5NomABQzxKxiOI1UhOERpYTvr1inF5CHjx/BQ1ffLFFL9BRhPsIgaVeptQcIniD/k2xW/R/nW0yApZb5VYdKqYFFfhd0moSEUOiIVvQ5CLFl7uyunD5DhGWgEbfVeVshOhg/+VR/2+RCcfqTjDu+UoxoE1UX3cXrBhSFLwwR9WCkA6d0Mu90fyjja3VVDC7t4jo+wm/m6Jh0Foa/noaqscqJ8ZxgpOsglWimMDXbW4d0i8Hk5PlSB5WFYDb5N4TcwGeAtfgHFOgK3683ysFMcp14ynW7w8nqMwyyrY2yVeJNWRkMm2iYfJBcyrh81tL0m9hpdKffHniqAr+V48zx0i2I3ciRs29W9vUjGTf1PgDw6WBt5X2cDgaHoyHgXHOEtM9VpEM/1bmTKf0NnFy/HaqbrlrSJLm7CHf6+HIJzK18uB9+uBPfVg0RD/oLs61Ub/A0odCCqqCuPjjXSmfQ27yzrCP+V9FW8+CAPOojHJN/FumqTWVUj6oZwuHvUzBW3iDVUriBtVlEveI+WHwQbiwyznwcmMrpxFKUYmk8clAy/zh49ocbMsC/7IRTXwAlswSDMOn4bBR2XxoAP14aH2RnwWzpPDQzjw+6T4GOQP6PnbsIQZ6D9eOmTFcFIYnfyEPJ3CQ+1TrN47wjMj9fNJWAsKjb1PEyA/VRaqK+xQMtIFoJi8YJLC0AMprE3Wik9sNWysJuWnIdBwfVlBLfk4ClvFQMXFa8vLrt9hJSulLZbBZLWQxVQshaFLNoqsyHkqZhyCFMeuUWKqUiwduvWSppywIsUdPYKl3iyCKjZNllNzjI6p67To8R3Dw8b5MHOhnPBcCN/U8jZhuxxHRepipsSGDtZiZde+vuWaPiumotfd7bp7qFDyx6EoTaryv7y25V5D8d4GbHjBQ2hqwZ4TWq2Bp35iV98tt8ZgmZFPuSgnS2hVYbO53ovNbUFobcuGod8tVZ6KLTD6SXyTfoCXkGE0OY1SnslI4BDf8OYn5AxH2BgrPAUdlmaofiPm0lmQqumPtjW3uvp3GmSl/6nGC4TU44ppezpUKoRCjQo6wLGr9MQX1mu3c7TGyfCGwBvVCJET75qwU36vdV1skTQmWD3osyMQEVOnEUaolYEgqndXyNpUQ9kM8mi6SGfTRdY10pvRLINrt3+sApGxMtW9jOozMZjlbuCU7pWN1bPPtlAonqGMsHBGSOvFCnSdwr9w7DG+YMP24WcBblIxK8WYLps9RZCTWF5uhWUOKoym6+9lxuXbeFsJaEUSuX07PsVu4ut9RkfUMVhYXp3CXdRkH8XbzSS+WXSMczI2KGMNUL4aYLCWJG1pSmfSjW/etgQsalQI9zH44rIAHivXsG7+9M/Bg5AS29xyfQ1Ky+10nFB3jOVPd+OzA17RERhnisunsADo/BAC8LZhLBAg0kV0PEMneyjIwiw+2V9eVa5Y3jRuwdiMVNEXpoQavp5bZ4SwA1xAF7lStUDiE+BzHh1AD7j+/Ac0qplmQqTiPxG3q0LWlYUjZyh9ZaWH6KL5COPepR+LZyFMR/AJFYE3g2F2aawj9h3GOrat0H2Vm78f+j9WXvoB1O/T3Pfw6L4+3cdEpxBLrMmNUczo0dU8L2D3sKHKF1Oc7XJTLyP3vxQHukSEX/aWFAe5vAtTzSHtprik9JLTZPYC47l7Ce/dwWPwuS8uL3KSnH2D3ggnuGeGXrkxqfgvKe8NIDBOZ5SlHzuJUZfiCxROBKyum0UK3CeR2mCfidD6TTvxIgKPSBhyHy9jSC/iMdMvWgD03YHyoVNh3E8JYY+yuh0GRFBAbVJyRI4q69RB3v9vKfFMDt7iVK6mSNCicabltWg4BDtRF+sp8+MgVtVLjGzk/ZDTPiou5H0L6Qw2RqFfKjZn0CSP1hVxUYGZ5H3+9gdd5Dp0GTC8pCf2orPxNBoBcXe6pK8Egv6PlJcrCylU87942TgApz4yJSwd671XcXdSjwqOxuMz92SRJqPYngzHsBCchMpJpbhPEXpQIYKdL+7/P8sYAADtnHl0VfW1x/e5GZgHhTIjF3AAipBACAGSy3F4Hazi0DpXShIS0MrwEBDnH5AQQRGQOmGVULR1qgMiDiHxKI6AA1Z9Tlho1fpUEKytFrTvffY+58afXXb4o11L1+Kuddjfu79779/+7d94T9YiCFKSI22XRnN/36LdokAOv1TcsPaVJ5980qRx586ePuOww485emZxZUH1CSMnSifpLEFuXiCSktwg78hplbOmVE2dKflBy0tEpJV0lP1FArGY0ldyU3nHlU+qShd+YdFWBR8THQJ16KR42MWbN23KPqo4l0B5h2qgoL/ktsurmDbxvPRQC9VCkmBtZL5IwZdCtpP2lsW35olEXaSrdJ+LtodyvaR3cID0kTSZ9ZP+cpAcHASSunjRwoXZR81y9B96F8ghMqBWZGlq4AnTKqbNnCYnVE2adXb5DIm/Hpr9OigoLJo+J33s9Kqp6R+WTz0nnSVyLb2WrVoFQTMpWVJSl0j9j3M6Hz+q+ncTGmZ3fPGC/gNfX/WzziWFCzO5klefLzJYhgSXiAtkbiDzApkfSE0gtYEsCKQukEsDWRjI6iDnZgp+eyB3BHSGcsmvg6C6qryquLhyxIjy4eWVI6uqRpQP45+JFfxbXlw9YmJBUWVFRVFloaRGDCsYXThqpMidgWwMZFOQeiaQZwOK3+ZIjRb0k9y2eeOqZs2cUX52mgEo/tIAaH30+Zsx0BHo/BWlT0p+0aOPPJJ9lPZLPliWBXJlIMsD+VkgVwVydSD12s+/7WNJScXEihHVhVWFFaOKiyqKC0uqqkeVVBZVVxWXDB9VWFRUUFAwfGJllaSKikeM5rv1UYKn8u5sozEC5me7vHGTtzfcNXVS+uxp2x9adWZ6Jl8vm5mu2LAmPenMDavSM7Y/1IDyibu3N9yAVeWGe9NTJ5+5vWHurPSU7Q2r0rM31Kd/OnnDWripk6ZNHZyuIMzU9NQNt01Nz9xwxxSs/178qSgq0zOfuPsJ9OpMsDvSlZM3PIQ57d48U1Oon5WePmPazKoziT37zJnlUxT8dPtDjVOGDPnSSNSJfKdGxMUjsShwoQ0Gy3k1a8IW2letidzeKR2YdE6yJnL/6QD9i2tiHD396o7Tq697YXOz1czLYelJ+rpU3Wdzvp8jufPF5begjC5P8guENSlLN6fqPoWbrxX6gi7InwhdI9+rTtW5CZ1zCObTE/OZ4jzU2uITGn1E1ItFpkgQpObJhLE+EyjTg601NV869vSZFExUKkEOTHSzz+TAOHxyUzVyR0efyYUJ+7DDwiw91mfy8i8U2StBfqqmqK7GZ/KV2S1BC5gNK32mBdHkQAlawqz+rc+0hHFdJGiVql3x3fY+0yqJlgfz9pf601oZMmidqi0qL/aZNvkXiRun1aktuvd7PtOWdoSetoG5bJLPtNNotKPRBs7ymfZJNDIouqDOZzqoDxm0TdVu/vMqn+lIO1q3djCTH/GZ/WC0BkTbfMp2n9k/iZabqq1+ca/PdMJHo7VKLSha3c5nOqsPWbeHmdHZZ76Fj1Y0D+bX/X2mi/rQTofUAnm/wGe6ak9Pk6AjTL/RPtONaGEHiyZ7v1TR7km01qkFm0tO8pkeGo26BTDlP/GZnkTTUdgP5pmpPtMLRufo/jD9nc/0hnHULQem31KfOUAZouXCXLXSZ/rAaN3IevO4u3wmnWTdKbVgxeXrfaYvPtJWgs4wRZt8pp8yZEC0FYNf95n+STRyqz7rXZ85EB/NjRpUb/3EZw6CEZhWqbq1N+X4zMEajTH9VqquqG0LnzkEHx2FLvjMae8zA5QhWh4+w7r4zECNRm5dU3U9tvTymUH4RJEE3WC6DfSZb8M462ndiq6FPjM4idad3WrdSJ85lNGWXRL0gKnI+MwQjWYzUXdLnxmaROuZsg0yqy5QBw7eIDVX0k/4TCGM0M1ebHvPv+ozw5QhZd3cbjnbZ4bDOHxyYcJ3faYIJp4eNZI73GdGJInlpGqqT/qRzxTjE0erqe53pc+MhNFobHvV+Vt8pgQmzq226JyWPjMKRqP1hjn1EJ8ZrRlcqbnVFp08zGfGKENubDrVcoTPlBJNM2gJM6PCZ8pgdAjIoPpd5zMZZciAdqqfXekzY5N28Flx7t0+EyY+B8Cc8ZzPHAajE1R9OuzwmcNh1IfFs3lPns8ckbTDBlJ9bHufOZIppRtIH5g5XX3mv9Rnj07qBdWVB/jMd2hHJzXtVO8u9pnvqg/tsEjlO2N95nv4aG4sUnlwnM98H0ZgUjAHjfeZo2B0o9JoF0zzmR/AOHzYjmTnxT5zNIyOD7nJr67wmWOS3PLZWvZe7TPjlGEzaAGz8QafOZZoOqtawjz6a585DkZHm+Nixefrfeb4JBoZrNi8wWdOUIYMGIWivpt95ofJKFCdoqNe8pkf0Y7Q0zYw697ymRM1Gu1otNr3feakJBoZFN35sc+crD5k0JYZkvrcZ06hHa1bu1TdO2fk+8ypMFoDtpZ3Tm3vM6cl0XLYEGv295nT8XFk3ZJNtKyHz/xYGerWCZ/X+/rMGTB6KNBO0dCBPjM+aad1qs6deqjP/CTp6X5sezsLfWYC0XTupGGuG+0z5TCO/nAouGsP95kKbYeKkgGbqM9UKkMGOSm7RmbVEzUU3cxlE52w02eqYLScLdhEo498phpGaF430fR5PjMJRqPlwTzwsc9MTprvziZ6YBefOZMC6InQB2bi0T5zlvrs0Wg10nGyz/xUGaJ1gnllvs+cTQY6BAHMnCafmaJMD36nwQz4zGemwoQwbEeyp5fPTINxMNy1ZNsYn5kOo9VhQ5QTTveZ/05y6wBTfKbPzKCnem/qB9PtAp85h2g6pbhVyhXX+cxM9WF6aDvbbveZWUk7mttjD/rMbKJpbtySpfhVnzlXfZgePWBefMdn5uCjGXRh07mZCn3BnAcT9tAMFki3/X3mfI1GBv1hWnf3mQvUhwz07rhhgM9cqP05TWfVAtlT6DMX4aOzis1APjrMZy5WH2pwIEzPH/jMJfjoQcIWJh+f6jMu0OToag7Uhgk+NTfAy/XQ43SBFE/3qXnmZefpArlvlk/NN4redof61YU+VROQoE5hTWPkIp+qNS/S0F7lL/OpBeql3ToIaugKn6qzDBkNDi4561afulQpPbm0rU8f8amF2ba0y08+5VOL1Cvb5dGv+NRl5pV0+cGtPnW5UXS5J9Ttb/nUYgvI5etgqKs/8qkrlNJB4Srp7hefWqKUJn8I1F/b+tRSq0a7mLqro08tSyh78xW/GGh+T6CvvWRwTuetPXvfM3b3J31LHil6YmjJXz8d+f0/npUr2ddeGLl/+NrrmkBu5A3Vr3hFeDOvv7705ip/QJUg+o7lJ7ekZFvLBMiIjIRtx8aAD+DWMmQWFGcpBelWY9mxMzEwjQVsBnwepGFx/TIS7cjkiEwAYBuuMoniEwMSqVxDJAV8UuKe9sG9OIeA8Hm+rEe+iULuAnzAs5znAxTuPAPiTkZuUwWZhi+i0ASiDMEAfMjvcjrTDEIyNioLyFYackl9m/ZjfzI18ElG6rvR57c0dgf68QI+KMMtxFbAB7ApCzYCTiqLM5X0enGzTKLoY0Dk97SeVouFgPt4LuUp02iAsIWmkyZ+Frix2jJA7cN5JqnM/QYkegqLTjgrMB/NqRnQKRrKHSvhTrSMuPsIhWsbdyxsjxR6mu4Ig5VKus7k0K7vP1YCif6XBkZho0AGE+k1KtIfhfY57IndWpNY3GpAwl/g0ksVK8igN6GvwKUvCjcP5iBczsfyYFVMy0j6ECzKTRL0GAPiMkhrpQDTPrgg091JTd6iXD2UAUzAVDrCFKBwQzKyrQTFGSZRTDUg7kLaH4kirM3IhGIyXEZiw1RxA75DsVhN54agkNtwoZfRPSaJsd6AuA1YFqKINhJjBBZIGUNCWhgqlMz73qSr1dcRczZDx9MW8/1rtgDiJONs5Qo2QJGwTNxCIijQ6SQvYb9TFQcRSjOeZ5K01hoQITW3izZ0VRCIiJ95QI4rJR8FDzRKuBXbbk04N6E4sUmihSYJf6oBNpCMSKkqXqDh/k0i1yA/bCThTwCuEWYkQVo1iVuQUUmwWwyINGREnlSLZwGzG2O5awy+Ck4pw3QNgAUY0gskmdEtQNzPWiy049IBJdKRHTVpR3dqMlAAOZS2hiF3q+0pAF2Ai00S7UEDcXudM3HD7nF8owcIwhCFV/DomGmHASLDeV5QRbuMRPfzBUlzNDyUxw1CY+P1c8I2A9uwlGoGfF5N4SDF5GMjCHDMYLmuTDcqFK/guJt8+jOLA0bQnU6LjKBbZpIknzIg0XukoLuGy2d8n8QF6eoyNAUguZhxozD/nBb+RNejnYDpNPkC8qlSLNYBtLJXmqT9YgPx5melJkMrNZLBpGsAche63ZoMrB2Armkp4tmlTuMB83HUsPNRhPcZiHddHZXoTUABqSGJFivCdcR5GoVWwq3lyw4eOo5EMd6AuCIsdTC0WWEwVJKHvKiHgrUgQg5PAFyp7QcykSbD1QDt2hSTWPQ2IPIbEmuLhZwGWMWjsgstKHBnYbUDebkqRvLlJjK8yiRbwqMeCB/ERIHbwpe1mP1WFTfzZSfKhSbJu9wA8wKL7ao4AMVLWCBJlxpTKgDtAaL/wXQ9ivdU8WfA5ygG45LLdHBnEITpEF5uEosGA+IIKJ+pyy4Ub/FlN7JBowPkc+2vguMIuAcppcwcA4LJRgPCIJ8PWqzGyw2I+yXyIVU8BPgD+WmHuxJXQTgf4G40gEknAyalf6KQD6luAbJJgxwD0Kjnx5IBPAz0p0YoBU81cmNF3orC/RiwCMW5JhlRKgqQcClSLcJrALiY1BgG9muKLdJNKNRlaFMcYygKC6oKbUUtrFlcTP6pUR6x02IQX6wwPyf5LIj3T6hmoB+6QEfS39axAEQFLM9byqS+SBWPlYnjoJM9JlF0yygQOZiTzyyKGCV1QcYxAHYUYxH1VQUucgAKYiBREBRgrcQWNGsuSGLIVuvCEbgN0DwBlnD4Mw9E72ViqhlIfobyKNhE/OORt5WhGA9YhOISkyjqDIi7Cnl1Gb4KdAXayOv6mmiSvOgCgH0J+UYpimcJNI9HZT7tKrAEZOmYL4AlqVQzaO4IQH6jW2pSfWgGhk8MzEGpZqCfr98IkVEtJu83QiloahSpLxNZqYr1ANco8lGZShSdCa+KfkizKACoi0qLoaBtU2zRswmFugxqimMMUoUGVYW2YhbarLqofL9R6rWowlWTnRUW4NrSzfczOmAongMwlLLSJNPgZAPi+iDPZxpIT4CNA5cYPgmws1DTyoJoF/HdaQDdtG40yaZJfIBENMheSYNkIE/jhwwv1YmhoEbPoehVErMzBKBnuHuSR08IPXbs/F5uknaOMhA3/EgmzsB1h7GNiFuBwxRJsLUGJCSYHWoa3X0bP5ULM1Jnd7FiRlTbVrDvJNdKKAjXEedpFFoJt5YvO3joOBLFeAN//yQPJLwN1HMsJZiXAMnFxibNOQlIbGSXDcRGtLrr7Dv3sfomnvu3gHRYZVsW3EAUHXr98WkgsdGXKSx76itvEzy8ng6+w5clJgl+hAFb3PJPfllJmtgKXF/Ah+p9LN4UMlxmkoGkW4C4wZaYGng7I8v0whku54tOK1diwGojc7SPo+lfPkqVl5CGAvauhLkbZgWmz6uCzSL6EEV/mtIf+s0b4mKTdPJRA+J+i9yFS/QZ5s/yBRkuJroCmQmQNgaI2g5wIHVg55C3ychVA3RqXWWSqHcakPBh5O2qeB6g62Irbq0JFv4FRaMyOh3pXtJfYYosxkbXs1Qa0Jcj/MBRRVfyeowv7XnqieKe9YBbjYnbjMkTfGmAeU0Vt/GFIElUjX8BO2dv6i2AUF8c6DVumx691+GsrwWiVXYom+SnfayYkGHwrsYiRCGX4XsEdZtukmAzMT0OJlxpQNwaMjgKRfQ4wTBVKRYMMKGQ5tYj9R1DiKm9ycBVDiaYTg1L0ZEiQJbosbktfimz78UUL6b4cxBru5h29GxQYKfktWSsZ4O8DLMLRX+erzwlQwYBIOEfsNitLn8B/JGkBav/Q6Htih6QKrvQdtjVAL6A8Pf478H8ZTXFTNbyBUlC1AfAiRMzuk5sk/2Y+gj9lbNIU4crKkWxDqDlv9IkihEGRH6HVa26FNO7DihVfvmEldYUS9tRoCesG46dnrC6kesStLC6JiPyA9j5GVu8CRiKCzKqJawBLacCuZ/ImIYvoAjxdSwerR6S5sYbsAPdLLR9dVFJQpraHSDdXfWrAdcC3nbgc7MgtpHtOr3dErSaaXiLAYkeQj6simcAe5lkz9HqoAx+ew3Qqb/AfEov30fepKZvANL0cgNyeimJ3Q6gmhZdy+sKDIi8idvFuEgJ5q1QIqMajQ5wdjwDZC3M1TDWy+dhdqM4gLxtWv2IkuksIjqShNYbkOg1LD5VF81wK4+mfA/RrRP3wGivok2YNaB4A4W7FbADxRKT+J5iQKSQ50UUjupqVUwuIpgCmZcw7mC+qOm79MouzhTREUzlvmvlf/BaaZcYndDuzSy4Hs4m/dlZENvICzoQyWlHrBID+053FF3J6zG+tOfJHurN4F8+3d/FpAf1Du9PQHQ53BCAOzLRyOP0RoHe+d0YQLQyAYk7gaSFXQqwnleWgLaNkj5ewdyyBMQ2coteHG2OfX1OWD6ATVkQJye36k6rv1TMzpGY03khp9NtJgrlVslEecWArnT2EyzsrNvL5sBZHeVgIZ0AWEScyEjyGmeAiy5u92VoE8CHQ3ukB9waohl4jiy4BkVbUdQPwukD2uI0QHLytzcg9XlY6O4YagLP8NA3dy/hFfChHZYunxiE92BrAOdwCY9Gc0cYsDcX7vEMpgA+gMsYgiywoiTVkY15WqpiCq37hAJ3D07XYr9FFS/D7ELRn+crd8xw3xVDt8OhuCD/A1eM8D2+lWq1ACxxO3XT9ndF5n3EvdmtNYnFbQYk+gUufVRxPVHS1HQJLgeikPkwA1BcgOUAFHq1rx9IjAqTWIwzoMtS6g9SRSGmTH+V9T0ZPnmHzvdSBrANU9kPZhgKNzQjE8agoFdIFNMMiLuI9kejoD72x8poGYmNUMUN+LI+eB/ApQWFow8ThjLqa0zSSqMB3gNiORxFSLd1aal0ZSSkhaFCchTVcnPAe8tQPkwLOtPdzixYDKWLQO8zfOhJTWlM6TXJQOK+77UIEosGA9/Y1yLR7fjYlK3JghZwdnWZnYDERpydblQAd+z6Q2eywLpBRD4JUE+jsiC6BmOdWE4PBdeUiedT9OcE6ORzNygVMJU1TrQZdwVJo7LW5lwxVdC9Q4Ftxfsur4BwHXGeRqGVcGv5soOHjiNRjDfwDy+vr+PcWwcCwO7FBkHDBqIlUIUAOTHRuJYe4G8P2MwF6FhHNyRA4xBQKgguC8h/vyYiTC7lytZIN2ejGdKov724xrIcDLzOviQ9CNAMOpdhq+CU9awQpGtEsQXbtxuzYWWdToxwOayOw77LNJfJf+dlmlA6knQIYMMerUlAuBjKpsZxicbleMCmhrsYoDNCD1sDGoeAcgbB+QHPIheU19PbLIi3BKhmoB+sh7O2bZ96isu3gXfXy7axCm7msFWQ2MiNOiuSJUcpALZdXEszukj23dzcGQAmnYXVWRiRH8A2ktjiTcBQXJDcTEhagZZTgW4gIaah7ighvjpdtHpImhtvwHY2s9D21UUlCcnLdqBsRPF1/7nEvLsJpFPXvZEF1+GmE9BNzoLYRh7UF/fmuu9qxMwmoHwDr0ZyEbtIaTKsBmQHUXSgyT4GOtfTQwH6m8A0uqnEIHbXQH+lv8erqhsrX0H0eUbf/OP/WgISm/jv4vyu1vXBiAH06AjfJyldn/IcgJkS3WgSxekG4j9BnVBGRAXHNRGRP0E1A5vergeRFOjCcnpy6ctBHSIhHJIGnzVg71EjnSKWAWOg0unfxRWQm3DcvkoU3QkU6OqKHufZooo1KD7gWcrzAQp3tIE4uSczpAJwbWDkaDQ6tzBFosAXoL/ORT5AodHl2/gjaU5e1wqFy1Fq//cd9WyEepyi6Epej/GlPU/2hG8GbjUm//Sof9ROzI2w+3Yuhp2A8o3buer0fVW4nC86QvsWyL91gbA63oEqpe8K9GUTl7v4ZVP4JM5casO7TWLxSwM2mPaySa7J2Msm/mYTv2xyF8HwssnNwFJfNgl3ifqB7LlUGonFfxmwZWMvm9wATPvigqy3g+Ylhq0XjIJtmOpPMnvZJIdk4ndLJ5pEMcmAyCza15dNbi4vikqwWExi+rJJLzX1hWS4ks7py6aQPkzQd0t3mmSEHzAg0cNY6ssmeZIYI7FA2ssmLQwV0v+ihHItZdgOZ6QMLOO5g+ceVTwN2MITYL4FhettwBZmbDEGsAyFSouhYHNpbJEuTVzubohj3N2AhQZVhbaiFtasuqg8nOf/AQ==(/figma)--&gt;Những loại thịt bò giá rẻ thường có nhiều mỡ và không ngon, bạn nên tìm những loại thịt bò nạc tươi ngon vì chúng rất giàu protein, vitamin, kẽm..&lt;/p&gt;', '&lt;p&gt;&lt;meta charset=&quot;utf-8&quot; /&gt;&lt;!--(figmeta)eyJmaWxlS2V5IjoiY1dXVmdOd3ZwckFCTUx0NmMwZlI3ZCIsInBhc3RlSUQiOjEwNDMzNDU0MTYsImRhdGFUeXBlIjoic2NlbmUifQo=(/figmeta)--&gt;&lt;!--(figma)ZmlnLWtpd2kCAAAAnR0AALVb+5ckSVWOyKp+Tc/Ozj54ioiIiKg4O7vsLohIdlZWV3ZXVeZmZlXPrEiRXZXdnTvVVWVldc/0ioiI77ciKioivhAV329ExbciKqKIIPLS4/F4PP4Jfl9Evmp64Df3nO24cePmjRs37r1x40bNk504TaPDODybxULcteM63UEQmn4o8F/XbdgDq2V2t+0AXdkLbL/SNxS13W0ArgXOdtdsA6oH4fW2DWBFAYPAJq9VRas4D4Jdxxv4dts1+eVa1w2d5vVB0HJ77cag5237ZoPfr2fgoOF22d/I+77d9O2gBdSFwLK79gBorzV4rGf714HcrCJ922sTedG8laQQ+RpgQYQ0h0MsHSjfNhsDt6vIhOrs+U7IGWV3Ooq9oyiNQWZhKLQpMYg6bl+Bci+ZjJLJoX8yJk3X7T5u+y4GhNtQ4+SgdXsPBm2gRMO1eh27S61Iy+z2zQCQse27PQ9ArembHdLVt1y3bZvdgevZvhk6bhfIlb5tha4PaJW6RLvWdhTbdbvddryA4IYPImyS2oULvr3da5v+wHPb17cVk01M1W3YDSinpLsY2tco0l1B27GIuBRc72y53NG7nS4m6yrs5a1xPBl1sCoh7vPMIBiELbDb5m7AXvyOsgHZMP1dm3MZnV47dPQe1CgqJNnq+RyqW27bLXorbWe7FapvVgPoWkFqcfii4Ta2bfTX9Sd5dwO74LdN8r4QuM1woHigt9ky/UbRu9hwmk3bt/UK7rKvWe1eoPV5qdUj7u7ADHuFki+rWQDc0+51nK4bOCGnuNeLkslCb+Za4LYdbrCAmTUc7CZmo6jAyALFVukDuwuQKKibuwFcrcCBqOMqL6o7HVOtbAUWtuMAWHWO4Z3BMBrHWulwL98OLaXvpsPlyabTVpOEjtrJmn1wEA8zQetOtwunDVpmw93DoGj4rld2ZdOFfWADu43BVrtHuYwt09pdRtXC+NbCUm6w6vrOtqM9XfQ8mCZa2Xb3FAARQi1DAENoDyzTo3HXy96g6fqWcp0VMm3Ew+k8WiTTCb7JHQQzY1uhTsASy3V27dLIjO7J8X48702SRYpvfJPLEJ5zzW4HACQkgvtTL4Y1naSLeWXTsJnAC44rcWXHZDwwMEem0lpgmWoB9SY4Ngb6i5Wso6hXg8V8eiM2x8nhBB8UzAS8xFGBS7q9MAMNTWxFM3DJ14elqN2WwWM90yfKMH3f3VMmxEXUdNd+rOe0EXN8pe26ZrUzTThtBxFKzbpl920Oy5yrsTWdjuNo4s7iXLP1XldbNmTEZwHcHrAMeluhbyrYuKYMXm20WllrOk+enE4W0Rift+0miSqKgxEo1zJ2egGit6N2tPy6H88XCWyWONfDUOXTLTcM3Q4gozM9SWPrZJ5O59icht00ESswICzfDWCijg9Y2tdt2iz2FT0Dh4+ayjOxFMQOC7aBft1T8WIFjeW0Aa324QLTeSeZz8m9sC34n9pfqQC4I8KE3d0OuflGI0qPtJcZFoIpUKI0Dak8UVtS3etuAyV2PJutDPpsDK/RRFOzb82m88Xt1lezXKgAQucmJnLEntNQ88sc0bJz9bajs+nJYnuejDSTujbIijpLAQ1tn7XyGy9aLOL5BEOgcjxlWwhYKnBJtVkni6kfp8mTYF2oSImjNFPIIQsIBn02joM4WxQU7gduFg5C2+S+Sgs2oXcY5zRO5a7F8FkL7Y7n+qY6o2HMmg20tIgLFZ2LqgBlHhMxdTS8ofenELaFePQ41KYkkDgOQgfqBayplTWC/JzatK40kTU9gRDzjPa8inPaQtM19dnOSbpIDs4+0xeeadkDOKhOLvRngdK2oUIKkEgmAudxexC6gyycQyUTGC88V2uliBuweNuHrgfMy9CXPV+tdAsBG23Narvq/K87XE5UYXHR7Q5g0YpMmE2wGYROx0acQl92XCR2A7UGQ8N6oIavWjxiAdf1AE4Nkq3onkpYVkHlYRE0LuRyStT1hm/SIzYwtmtfzz+7gG7f1enFZjiPJmlSyvgMxE9kGeEAMQmRNDuLRcMJYBV9G6BsIvtDayBFQRrY9N0OnFeFploFlcemegWno9BKBVOEoVWvF7Q0LmO2VmJyXuslSrPaKBEFpwvMCjUu47RZYnJOF0uU5nRXiSg4XdKCYhtAlDO7ewmZ87u8hNUs71nCFVzvVTNl2IzpfVVczvP+KlKzfEoVVXB8KlzTsQYcQ+9pOOaR3ptdeKzKn59uRymSY72/68j/rd6WY2FAkFHekUixKl2Dp6DOkPAFbbsYqpNuCbOiv13Crer4U/TXguF8Oh43krn2KvDJzPQzRA8sUXu6+hYuuaBDxSO48CLGuH3NQ4TUHmyBA89R1ZPbPYQwaaS4XGAywGtCjqc4DBWIpGSMA0nW52JDyEP8MfbxpxbhT12fWfj4FnryDH8MHyhQl4ib+FM7wp+64hQspjN8MCQsQiFnU+1TIDA60WKe3BJy9fjKFfTl8ZUH0BjHV66iqR0/QGT9+AEiV44fIHLVi+aIxs5kFOM74/AkGQm/wnQzT78weBqNT2J8I09UKvZ0YTShpW50HAtZO4iOk/EZ6GXKQA/AAJNFOpwnswV6NdL2o3kS4ZOT43ieDJvJ4ckcqkVoz24RApbgqINWuu2Guk0CVtMsfxrMoiHsbOlbDzmDi/3MDicZmltZ4n0HBk1uLhdY5YC0HPclBeOUhYWp/a1+bUWzFPZVfgIHUKm4RDPIO4ZnIy2m6DUgBkWPWZllqoi9AhQWuw1wtcLfy/VeFQtZG/4iecPRC0DJEyglY3MKKgc2raxfIg9UEbYZRwul4H+XHjJxDAnrqqdIMikMywuIr1EatEpAtCvZnXY1cLpMcNZcv9FFu242fY5vNLoqGlzo9joUaRMXLxPtRRw5XNJdDd1eaun2biT3bC+bpsr37rF0e69vqfa+QPfv9/vqavgUOibapwZ76tb/NCvYY/t0bA7xz7CsDuV+ZqCP589qOQHxz+LBivazXb9L+Z5NpaD9HBww3MrnNEJ1Z/jcZtvkOp7b2fZ5Qn5eAFtD+7xdHLdoP7+JlAjt81u6/YKWnvcFoe5/4WO6faGn2y9iUoz2i9vNLfa/xPVU+yI/VO2Xevr7K95ul3p6oI3wgfYqWsr5oB+22X8ILfsvNrf8PtqHza0++4+gpdyP9jWfl/QhENqXbrX3uD9fhpZ0L0NLui83d1tcx8utHZXsf4XVVI7wCstTfdPq+aTbwlnLvoXgxrbR1PztJi58aJtor6LdRvsg2ham5XwOWvLfaen1YLZtytNuuTu0G6RHKrPpOjjJ0bo73iOPovV2vEfJ57Ed7yVX0Po73pWH0AbtnQ6/C9uuRfoejhXuS79jN3gn3kNLOa51djvEX++2VWbzeLe3G6L9SqQjlOuVaAO0X9WHwtG+ygtC4gdoiX+1v+uzH/lei+2+39vivg+Djkf6UajliMOuSmwPsE3cv8M+qgVoj/p6POnrdT/R31X2cqPvhz7aMdqraI+DAJFXiAla9qdoH0Q7Q/sQ2q9G+2K0c7QPo03RPoJ2gZZ6OkH7ErSnQYCYLcRNtOR3Cy35naElvyfRkt/XoCW/16Alv69FS36vRUt+X4eW/F4ng+AqGX69tPpKwtcTIMtvIECebyBApt9IgFy/iQDZfjMB8v0WAmT8rQTI+dsAKFG/nQA5fwcBcv5OAuT8XQTI+bsJkPP3ECDn7yVAzt9HgJy/nwA5vxGAkvkHCJDzmwiQ8w8SIOcfIkDOP0yAnN9MgJx/hAA5/ygBcv4xAuT8FgAPkvOPEyDntxIg558gQM5vI0DOP0mAnH+KADn/NAFy/hkC5PyzBMj57QAeIuefI0DO7yBAzj9PgJx/gQA5/yIBcn4nAXL+JQLk/MsEyPlXCJDzrwJ4MTn/GgFy/nUC5PwbBMj5NwmQ828RIOffJkDOv0OAnH+XADn/HgFyfheAh8n59wmQ87sJkPMfECDnPyRAzn9EgJzfQ4Cc/5gAOf8JAXL+UwLk/GcAHiHnPydAzn9BgJz/kgA5/xUBcv5rAuT8XgLk/DcEyPl9BMj5bwmQ898BeJSc/54AOb+fADn/AwFy/gABcv5HAuT8TwTI+YMEyPmfCZDzhwiQ878AUCHqwwTI+SMEyPlfCZDzRwmQ878RIOePESDnjxMg508QIOdPEiDnT8nbqwVIrRY4rsUVIfMUy2BO2YlmMyY50jiYT4+Zli2m+Gtsjaf7Qsr9s0WciprUZQph1FC2PmJ/wowM+dcoWkSKdg3ZVzLGDdFi0miOnsA9Vsj1BedGOpceRaPpzRSgcZQcHuFSfIT0DgnjKF5EyRhQPYbIKXMJJI6nuDTHKDMAXl3Ex6ropIfWTpN93PGGhNdV7VRPm704COPC/++UQyRG8whr2xAb+3PynGBm9C4oYYRxj9LzJSGHVASyZ2PKRHLBPLt2mqTJPpIqKepospL3RbGSIuFOxeNyFbwn6cF0fixeKdYSpfRbYl0B4RGS5AklR94eTYDDzcHhCBCXNQJpHbJObM2auAf9ao33srgwn+KeARJIsplyAMDFA6U+i8Jmu/akuGvGtTTViHiNuBQfT59ILHDxUCeEEtfk3UwQO1BkAwYgjJUb8ZmAwRwA204mcSumZsDeIKaRHMbgW0MGj55OKyeizs6eJlxBsorKkWa2OTyKmDrH8xQmJoue+tBpcHojJeyexnMUpOIwgjIRFGRtrKpUqhjSh4pRXB5DmhTHi1w5HJ/NjlKcK3J1VBSIU5wqck1/1seEQEF36xStWN3rpNw4iMbjfdRZmhhIxb68cIRdnoP5ja3pLUzwBik3WxWUMOr7KACNUnENd5n5GAvJLz61o5wOed0KXmQyKYWxBmvUqXlfyJvJaMEbmcGx6wBqBArF1tkz0yEuVuitHSTzdGHlmsISVmBd1f7qNpcvjNXh9Pg4gmCZ15bXsL7QWoVUcOYDLFTpEVOdZx6NTjOHWG0UuhSGMcfFEkuWsuRk6Pun0qRRO1Wdbry4OZ3fyEWYwN6jMSYbqRlzQc5vLyMWyo9YhqQyU+FLGZwd70/HGftUdTAvApmGcyYpGRi4VdK5Ahp/E6uBg0KxOds8GBqG2ig5Aw4ZBUpDWDuEUwz9+CDGdRaLNzYOknG8C8uHlaZqUM1sYEoaUitCrMStlKJ6YJWxT5GAyHoeWVfGCYLL/IwyhNPgZJ+32X2QESEWkvs1m06wzXqitZPJwZgV2AloqhzXk7SXD8UjRJgNLbWVf9+JUuxepqhhjtVc5exkf5ykR2DGeSltOA3j6LhdSsdJjNsnyZ6FYLsq7N0rKmHv4CCNF9jN2jwaJSeMkfUy/q2gKeLfajqbx9EIFGshA6AySGdyMMVWKL47Qo5OMiuDS3iIZFMONOLTZJiXz/P6CxN0Vb+XFq5M6hJpKBxKMry6o1/TH/p5QOQlV39sWXsDdSjL2yaBR7ODHA+bnZkppMYSnRH0mBwkcA3sNr7SPN+CIE/rQ3DxMh8LyQDvjZBEXbMFymB5zUwSLkYM9vLKWQ11I6wjp6xn3YJ4JUPk9Ksds9tTl5O1TIAthK7DOQOSU1ZxMUuxahZ58Vyt67msyGVPTfIcA72G4ktcvpzGIH/bPE9uzmYxAofyF2O/QCsuPwNVligrN5xuhLNY6VBRoUxh9nH3V+UNgaJg9jgrgz1VcDBsnOLzRYDDG+abCmM9PTk4QIkKZq3OQMXlRQLlrCIbmotaenpIX+jytMROoYtsiOb4Thgneu7JgiGWxxLG4YZQHGK/O0EFSoo1UDSn82EcqPcz+NaNFOj1TJb+dsZMGE5z0LXtrKhntvfM6wEA2VZHDt9TEEcWlPCqkBF/TmAggBRuUpucHAdwMCgjFTgsMqdCvpJqbEBTRBg+PIFPzrPe2jDT5fqMrorHmofExjbCEDahlk0iC1bFweTB7bFLN5Py1wfrAg69dGDgdQOxOaTELFJpK8gei1HR8t1dYozs4b9m45Fc1QPquP+jdAZoJXssWtUBSvGrRFUd/LO4BHOqhNI8EJMAKsfKuIVYU0pM9gke/soaF74pg3RWd92Kj2Bh0A/44VGwrco1WAKeTgZ7LRtO0HLajYHbxKMah1FCQyVd/35CmvNhMWeE98jJoTk5hKKQcCKeVbpGggeXuZ+Hvpo3PjlMJtm3M9WBFiCvzsch6A0tpKfG/HgcnUyGR3f44BgJJ8waIExa7Q3AGn8TgjN6ggHjU+p4xJaqNowOsW8vnh0h0RCrwlCARj48gz7z0uyrRK3S1QSPLLjRF4SKfRr16CSCy2yKFbYa9ZLSYFczUA+8FDXqG+qgWNOQRn9ZmRKvZ6AeeBm+LE6FjaKjB798iDCxAHBBARr58pQm30dCi1ajvgJOXiTRF4uOHnzFCKYEQ4ft4CiRd1W6msCM1PMlFwexL5U9PbxVBix7wsSEi7v7HFITW8eICxi/zFajGrGKENZyOLnnPFaT2/zSSV0djEB57xJCEzXL6V2tTSj2vnNITbyNdK1qmPdX+5qkVUn+npLDesiBhUSH82h2RCPBbmyIp96G0oQ7BTavo2+Ip92O06S79CSH3qLyMhA+fRmjydrHCXapnaAByTPQZD093ElVJM4uFBvimdW+JukuEMxDnH43MDdIPqva1yTuUfETBWwGWKjj4pniWXfC60889DCRiQvmRDxLfHalqwke0xgrmolni2cXHT3o6776AcZzxOeUPT0cUETFq1UIIJ4nnnMHtP4gLEb6+c8lni8+9xxSE/eItxANxP3iuTmsh/rsVnL7p4rPW8Zosr39238X8lzxvNtxmvTaaTZ3qUAo9vPPYzX5dcTtscd+Kl4rn1/29PDjIIamNAoEX1Dta5KvpIdkF6ZXixeUPT38Slp2F46Ni+sX5rAe+iq1VEbe10vxwryjx14Vq4w3RUFQflEG65EBou8IB5P6dQgsSrxQfPFtKE34au3tQZ6x/IKUX7KM0nQRZzZVAErhgeJh8aJljCbbHxe5RIpynvzSSl9TDPW1i4tAzVRcKbt6fKTOT5wua+KBDNQDcRlErCyluHobShMecH+24+lxvJifoV4oH6wiNM2h3qIcSaqHllGa7gjen/0k42UiKTp68AnVz+IHfPhGta9JxgrlRSMexyA5rvY1yYTnIsK+ut5N844em+mrHLWD4rH46rKrx+cHrLB0EIYbSaqCPcJyeg6piRdzvVHTJqKWFCgoFV1NcKo3fgsSaqXm34P6phLcAhahTrmveIW4pZA7KNTwZyJb4izVOZGSskyj3ijFk0mqsZ6+3JEtuH4NoOKD6g3yNSO8Wp7mI1ww78xfWyXv63QMp/9r6THZi6KFLGQ6aTNp5wIxx9ctjUL8W4uTaFyleJ2qFWUkWPNwHjNU4K5Zpfr6KlULtgAvQqyokry+SuLOsccIeRJvDRV0MMYpH48ej+dTDL2hOtTN3mr1O/EILxLnBzPrEgeoI50fbeIAoejiCI8XlWGE+FQ8gXpTBVfkpWM8a9DssIRflfLbJCJfdu1lHgdP9PHKMcNdUt1AAxyHi2LgO8qB0myUL8I9v1MiACKZicZMIrDa75LTU1UCwdmsN1Ex+e6sYtGIoXo8n2Nm7Or3SFZwkETi0J3O2vEBdq/MDuBL37tE4DOa3kbxfSXF1nSxmB7fgcv3305zJ0ZvLInKkYQ5Bt6esRj60w/cThPi6FkmeRO1RRfDClPYIiJOhJOA/vWDUts27FcXQ+C/0J2y/DdJBHiQZruiihFvlnj8KXEhNgCViTdXUI2ySPEjMo6K36m0UTaAnnH5KH8w0sWb0FAJHRxPpwvWXvDZW2UyOYJZsfo6DnQsxna9JUcHKmCWA2/LB0L4WIn+2Rxtq/BSDry9GFBHVznwc/kAz40S/Y4cXZGnyV+IUAyM/45M0mIIOv0x9PVgjvkJmRJSevhNiUcu1V22uz+QJ3lZCWqoBqWfkmOcidBR5oOvxpsYvoQmXX1/7aOMAAPPwtLPZ1sacI7Kdv6uxClbGSoD5W9LvI4l6XKMfKeMld6oVDPFdZ4A8L8EymB6gDQIUmWsgP5loLvTSW82wpGdsfiVTEyYHOxjqKgxKjw4/LDE4TTAEn5NomABQzxKxiOI1UhOERpYTvr1inF5CHjx/BQ1ffLFFL9BRhPsIgaVeptQcIniD/k2xW/R/nW0yApZb5VYdKqYFFfhd0moSEUOiIVvQ5CLFl7uyunD5DhGWgEbfVeVshOhg/+VR/2+RCcfqTjDu+UoxoE1UX3cXrBhSFLwwR9WCkA6d0Mu90fyjja3VVDC7t4jo+wm/m6Jh0Foa/noaqscqJ8ZxgpOsglWimMDXbW4d0i8Hk5PlSB5WFYDb5N4TcwGeAtfgHFOgK3683ysFMcp14ynW7w8nqMwyyrY2yVeJNWRkMm2iYfJBcyrh81tL0m9hpdKffHniqAr+V48zx0i2I3ciRs29W9vUjGTf1PgDw6WBt5X2cDgaHoyHgXHOEtM9VpEM/1bmTKf0NnFy/HaqbrlrSJLm7CHf6+HIJzK18uB9+uBPfVg0RD/oLs61Ub/A0odCCqqCuPjjXSmfQ27yzrCP+V9FW8+CAPOojHJN/FumqTWVUj6oZwuHvUzBW3iDVUriBtVlEveI+WHwQbiwyznwcmMrpxFKUYmk8clAy/zh49ocbMsC/7IRTXwAlswSDMOn4bBR2XxoAP14aH2RnwWzpPDQzjw+6T4GOQP6PnbsIQZ6D9eOmTFcFIYnfyEPJ3CQ+1TrN47wjMj9fNJWAsKjb1PEyA/VRaqK+xQMtIFoJi8YJLC0AMprE3Wik9sNWysJuWnIdBwfVlBLfk4ClvFQMXFa8vLrt9hJSulLZbBZLWQxVQshaFLNoqsyHkqZhyCFMeuUWKqUiwduvWSppywIsUdPYKl3iyCKjZNllNzjI6p67To8R3Dw8b5MHOhnPBcCN/U8jZhuxxHRepipsSGDtZiZde+vuWaPiumotfd7bp7qFDyx6EoTaryv7y25V5D8d4GbHjBQ2hqwZ4TWq2Bp35iV98tt8ZgmZFPuSgnS2hVYbO53ovNbUFobcuGod8tVZ6KLTD6SXyTfoCXkGE0OY1SnslI4BDf8OYn5AxH2BgrPAUdlmaofiPm0lmQqumPtjW3uvp3GmSl/6nGC4TU44ppezpUKoRCjQo6wLGr9MQX1mu3c7TGyfCGwBvVCJET75qwU36vdV1skTQmWD3osyMQEVOnEUaolYEgqndXyNpUQ9kM8mi6SGfTRdY10pvRLINrt3+sApGxMtW9jOozMZjlbuCU7pWN1bPPtlAonqGMsHBGSOvFCnSdwr9w7DG+YMP24WcBblIxK8WYLps9RZCTWF5uhWUOKoym6+9lxuXbeFsJaEUSuX07PsVu4ut9RkfUMVhYXp3CXdRkH8XbzSS+WXSMczI2KGMNUL4aYLCWJG1pSmfSjW/etgQsalQI9zH44rIAHivXsG7+9M/Bg5AS29xyfQ1Ky+10nFB3jOVPd+OzA17RERhnisunsADo/BAC8LZhLBAg0kV0PEMneyjIwiw+2V9eVa5Y3jRuwdiMVNEXpoQavp5bZ4SwA1xAF7lStUDiE+BzHh1AD7j+/Ac0qplmQqTiPxG3q0LWlYUjZyh9ZaWH6KL5COPepR+LZyFMR/AJFYE3g2F2aawj9h3GOrat0H2Vm78f+j9WXvoB1O/T3Pfw6L4+3cdEpxBLrMmNUczo0dU8L2D3sKHKF1Oc7XJTLyP3vxQHukSEX/aWFAe5vAtTzSHtprik9JLTZPYC47l7Ce/dwWPwuS8uL3KSnH2D3ggnuGeGXrkxqfgvKe8NIDBOZ5SlHzuJUZfiCxROBKyum0UK3CeR2mCfidD6TTvxIgKPSBhyHy9jSC/iMdMvWgD03YHyoVNh3E8JYY+yuh0GRFBAbVJyRI4q69RB3v9vKfFMDt7iVK6mSNCicabltWg4BDtRF+sp8+MgVtVLjGzk/ZDTPiou5H0L6Qw2RqFfKjZn0CSP1hVxUYGZ5H3+9gdd5Dp0GTC8pCf2orPxNBoBcXe6pK8Egv6PlJcrCylU87942TgApz4yJSwd671XcXdSjwqOxuMz92SRJqPYngzHsBCchMpJpbhPEXpQIYKdL+7/P8sYAADtnHl0VfW1x/e5GZgHhTIjF3AAipBACAGSy3F4Hazi0DpXShIS0MrwEBDnH5AQQRGQOmGVULR1qgMiDiHxKI6AA1Z9Tlho1fpUEKytFrTvffY+58afXXb4o11L1+Kuddjfu79779/+7d94T9YiCFKSI22XRnN/36LdokAOv1TcsPaVJ5980qRx586ePuOww485emZxZUH1CSMnSifpLEFuXiCSktwg78hplbOmVE2dKflBy0tEpJV0lP1FArGY0ldyU3nHlU+qShd+YdFWBR8THQJ16KR42MWbN23KPqo4l0B5h2qgoL/ktsurmDbxvPRQC9VCkmBtZL5IwZdCtpP2lsW35olEXaSrdJ+LtodyvaR3cID0kTSZ9ZP+cpAcHASSunjRwoXZR81y9B96F8ghMqBWZGlq4AnTKqbNnCYnVE2adXb5DIm/Hpr9OigoLJo+J33s9Kqp6R+WTz0nnSVyLb2WrVoFQTMpWVJSl0j9j3M6Hz+q+ncTGmZ3fPGC/gNfX/WzziWFCzO5klefLzJYhgSXiAtkbiDzApkfSE0gtYEsCKQukEsDWRjI6iDnZgp+eyB3BHSGcsmvg6C6qryquLhyxIjy4eWVI6uqRpQP45+JFfxbXlw9YmJBUWVFRVFloaRGDCsYXThqpMidgWwMZFOQeiaQZwOK3+ZIjRb0k9y2eeOqZs2cUX52mgEo/tIAaH30+Zsx0BHo/BWlT0p+0aOPPJJ9lPZLPliWBXJlIMsD+VkgVwVydSD12s+/7WNJScXEihHVhVWFFaOKiyqKC0uqqkeVVBZVVxWXDB9VWFRUUFAwfGJllaSKikeM5rv1UYKn8u5sozEC5me7vHGTtzfcNXVS+uxp2x9adWZ6Jl8vm5mu2LAmPenMDavSM7Y/1IDyibu3N9yAVeWGe9NTJ5+5vWHurPSU7Q2r0rM31Kd/OnnDWripk6ZNHZyuIMzU9NQNt01Nz9xwxxSs/178qSgq0zOfuPsJ9OpMsDvSlZM3PIQ57d48U1Oon5WePmPazKoziT37zJnlUxT8dPtDjVOGDPnSSNSJfKdGxMUjsShwoQ0Gy3k1a8IW2letidzeKR2YdE6yJnL/6QD9i2tiHD396o7Tq697YXOz1czLYelJ+rpU3Wdzvp8jufPF5begjC5P8guENSlLN6fqPoWbrxX6gi7InwhdI9+rTtW5CZ1zCObTE/OZ4jzU2uITGn1E1ItFpkgQpObJhLE+EyjTg601NV869vSZFExUKkEOTHSzz+TAOHxyUzVyR0efyYUJ+7DDwiw91mfy8i8U2StBfqqmqK7GZ/KV2S1BC5gNK32mBdHkQAlawqz+rc+0hHFdJGiVql3x3fY+0yqJlgfz9pf601oZMmidqi0qL/aZNvkXiRun1aktuvd7PtOWdoSetoG5bJLPtNNotKPRBs7ymfZJNDIouqDOZzqoDxm0TdVu/vMqn+lIO1q3djCTH/GZ/WC0BkTbfMp2n9k/iZabqq1+ca/PdMJHo7VKLSha3c5nOqsPWbeHmdHZZ76Fj1Y0D+bX/X2mi/rQTofUAnm/wGe6ak9Pk6AjTL/RPtONaGEHiyZ7v1TR7km01qkFm0tO8pkeGo26BTDlP/GZnkTTUdgP5pmpPtMLRufo/jD9nc/0hnHULQem31KfOUAZouXCXLXSZ/rAaN3IevO4u3wmnWTdKbVgxeXrfaYvPtJWgs4wRZt8pp8yZEC0FYNf95n+STRyqz7rXZ85EB/NjRpUb/3EZw6CEZhWqbq1N+X4zMEajTH9VqquqG0LnzkEHx2FLvjMae8zA5QhWh4+w7r4zECNRm5dU3U9tvTymUH4RJEE3WC6DfSZb8M462ndiq6FPjM4idad3WrdSJ85lNGWXRL0gKnI+MwQjWYzUXdLnxmaROuZsg0yqy5QBw7eIDVX0k/4TCGM0M1ebHvPv+ozw5QhZd3cbjnbZ4bDOHxyYcJ3faYIJp4eNZI73GdGJInlpGqqT/qRzxTjE0erqe53pc+MhNFobHvV+Vt8pgQmzq226JyWPjMKRqP1hjn1EJ8ZrRlcqbnVFp08zGfGKENubDrVcoTPlBJNM2gJM6PCZ8pgdAjIoPpd5zMZZciAdqqfXekzY5N28Flx7t0+EyY+B8Cc8ZzPHAajE1R9OuzwmcNh1IfFs3lPns8ckbTDBlJ9bHufOZIppRtIH5g5XX3mv9Rnj07qBdWVB/jMd2hHJzXtVO8u9pnvqg/tsEjlO2N95nv4aG4sUnlwnM98H0ZgUjAHjfeZo2B0o9JoF0zzmR/AOHzYjmTnxT5zNIyOD7nJr67wmWOS3PLZWvZe7TPjlGEzaAGz8QafOZZoOqtawjz6a585DkZHm+Nixefrfeb4JBoZrNi8wWdOUIYMGIWivpt95ofJKFCdoqNe8pkf0Y7Q0zYw697ymRM1Gu1otNr3feakJBoZFN35sc+crD5k0JYZkvrcZ06hHa1bu1TdO2fk+8ypMFoDtpZ3Tm3vM6cl0XLYEGv295nT8XFk3ZJNtKyHz/xYGerWCZ/X+/rMGTB6KNBO0dCBPjM+aad1qs6deqjP/CTp6X5sezsLfWYC0XTupGGuG+0z5TCO/nAouGsP95kKbYeKkgGbqM9UKkMGOSm7RmbVEzUU3cxlE52w02eqYLScLdhEo498phpGaF430fR5PjMJRqPlwTzwsc9MTprvziZ6YBefOZMC6InQB2bi0T5zlvrs0Wg10nGyz/xUGaJ1gnllvs+cTQY6BAHMnCafmaJMD36nwQz4zGemwoQwbEeyp5fPTINxMNy1ZNsYn5kOo9VhQ5QTTveZ/05y6wBTfKbPzKCnem/qB9PtAp85h2g6pbhVyhXX+cxM9WF6aDvbbveZWUk7mttjD/rMbKJpbtySpfhVnzlXfZgePWBefMdn5uCjGXRh07mZCn3BnAcT9tAMFki3/X3mfI1GBv1hWnf3mQvUhwz07rhhgM9cqP05TWfVAtlT6DMX4aOzis1APjrMZy5WH2pwIEzPH/jMJfjoQcIWJh+f6jMu0OToag7Uhgk+NTfAy/XQ43SBFE/3qXnmZefpArlvlk/NN4redof61YU+VROQoE5hTWPkIp+qNS/S0F7lL/OpBeql3ToIaugKn6qzDBkNDi4561afulQpPbm0rU8f8amF2ba0y08+5VOL1Cvb5dGv+NRl5pV0+cGtPnW5UXS5J9Ttb/nUYgvI5etgqKs/8qkrlNJB4Srp7hefWqKUJn8I1F/b+tRSq0a7mLqro08tSyh78xW/GGh+T6CvvWRwTuetPXvfM3b3J31LHil6YmjJXz8d+f0/npUr2ddeGLl/+NrrmkBu5A3Vr3hFeDOvv7705ip/QJUg+o7lJ7ekZFvLBMiIjIRtx8aAD+DWMmQWFGcpBelWY9mxMzEwjQVsBnwepGFx/TIS7cjkiEwAYBuuMoniEwMSqVxDJAV8UuKe9sG9OIeA8Hm+rEe+iULuAnzAs5znAxTuPAPiTkZuUwWZhi+i0ASiDMEAfMjvcjrTDEIyNioLyFYackl9m/ZjfzI18ElG6rvR57c0dgf68QI+KMMtxFbAB7ApCzYCTiqLM5X0enGzTKLoY0Dk97SeVouFgPt4LuUp02iAsIWmkyZ+Frix2jJA7cN5JqnM/QYkegqLTjgrMB/NqRnQKRrKHSvhTrSMuPsIhWsbdyxsjxR6mu4Ig5VKus7k0K7vP1YCif6XBkZho0AGE+k1KtIfhfY57IndWpNY3GpAwl/g0ksVK8igN6GvwKUvCjcP5iBczsfyYFVMy0j6ECzKTRL0GAPiMkhrpQDTPrgg091JTd6iXD2UAUzAVDrCFKBwQzKyrQTFGSZRTDUg7kLaH4kirM3IhGIyXEZiw1RxA75DsVhN54agkNtwoZfRPSaJsd6AuA1YFqKINhJjBBZIGUNCWhgqlMz73qSr1dcRczZDx9MW8/1rtgDiJONs5Qo2QJGwTNxCIijQ6SQvYb9TFQcRSjOeZ5K01hoQITW3izZ0VRCIiJ95QI4rJR8FDzRKuBXbbk04N6E4sUmihSYJf6oBNpCMSKkqXqDh/k0i1yA/bCThTwCuEWYkQVo1iVuQUUmwWwyINGREnlSLZwGzG2O5awy+Ck4pw3QNgAUY0gskmdEtQNzPWiy049IBJdKRHTVpR3dqMlAAOZS2hiF3q+0pAF2Ai00S7UEDcXudM3HD7nF8owcIwhCFV/DomGmHASLDeV5QRbuMRPfzBUlzNDyUxw1CY+P1c8I2A9uwlGoGfF5N4SDF5GMjCHDMYLmuTDcqFK/guJt8+jOLA0bQnU6LjKBbZpIknzIg0XukoLuGy2d8n8QF6eoyNAUguZhxozD/nBb+RNejnYDpNPkC8qlSLNYBtLJXmqT9YgPx5melJkMrNZLBpGsAche63ZoMrB2Armkp4tmlTuMB83HUsPNRhPcZiHddHZXoTUABqSGJFivCdcR5GoVWwq3lyw4eOo5EMd6AuCIsdTC0WWEwVJKHvKiHgrUgQg5PAFyp7QcykSbD1QDt2hSTWPQ2IPIbEmuLhZwGWMWjsgstKHBnYbUDebkqRvLlJjK8yiRbwqMeCB/ERIHbwpe1mP1WFTfzZSfKhSbJu9wA8wKL7ao4AMVLWCBJlxpTKgDtAaL/wXQ9ivdU8WfA5ygG45LLdHBnEITpEF5uEosGA+IIKJ+pyy4Ub/FlN7JBowPkc+2vguMIuAcppcwcA4LJRgPCIJ8PWqzGyw2I+yXyIVU8BPgD+WmHuxJXQTgf4G40gEknAyalf6KQD6luAbJJgxwD0Kjnx5IBPAz0p0YoBU81cmNF3orC/RiwCMW5JhlRKgqQcClSLcJrALiY1BgG9muKLdJNKNRlaFMcYygKC6oKbUUtrFlcTP6pUR6x02IQX6wwPyf5LIj3T6hmoB+6QEfS39axAEQFLM9byqS+SBWPlYnjoJM9JlF0yygQOZiTzyyKGCV1QcYxAHYUYxH1VQUucgAKYiBREBRgrcQWNGsuSGLIVuvCEbgN0DwBlnD4Mw9E72ViqhlIfobyKNhE/OORt5WhGA9YhOISkyjqDIi7Cnl1Gb4KdAXayOv6mmiSvOgCgH0J+UYpimcJNI9HZT7tKrAEZOmYL4AlqVQzaO4IQH6jW2pSfWgGhk8MzEGpZqCfr98IkVEtJu83QiloahSpLxNZqYr1ANco8lGZShSdCa+KfkizKACoi0qLoaBtU2zRswmFugxqimMMUoUGVYW2YhbarLqofL9R6rWowlWTnRUW4NrSzfczOmAongMwlLLSJNPgZAPi+iDPZxpIT4CNA5cYPgmws1DTyoJoF/HdaQDdtG40yaZJfIBENMheSYNkIE/jhwwv1YmhoEbPoehVErMzBKBnuHuSR08IPXbs/F5uknaOMhA3/EgmzsB1h7GNiFuBwxRJsLUGJCSYHWoa3X0bP5ULM1Jnd7FiRlTbVrDvJNdKKAjXEedpFFoJt5YvO3joOBLFeAN//yQPJLwN1HMsJZiXAMnFxibNOQlIbGSXDcRGtLrr7Dv3sfomnvu3gHRYZVsW3EAUHXr98WkgsdGXKSx76itvEzy8ng6+w5clJgl+hAFb3PJPfllJmtgKXF/Ah+p9LN4UMlxmkoGkW4C4wZaYGng7I8v0whku54tOK1diwGojc7SPo+lfPkqVl5CGAvauhLkbZgWmz6uCzSL6EEV/mtIf+s0b4mKTdPJRA+J+i9yFS/QZ5s/yBRkuJroCmQmQNgaI2g5wIHVg55C3ychVA3RqXWWSqHcakPBh5O2qeB6g62Irbq0JFv4FRaMyOh3pXtJfYYosxkbXs1Qa0Jcj/MBRRVfyeowv7XnqieKe9YBbjYnbjMkTfGmAeU0Vt/GFIElUjX8BO2dv6i2AUF8c6DVumx691+GsrwWiVXYom+SnfayYkGHwrsYiRCGX4XsEdZtukmAzMT0OJlxpQNwaMjgKRfQ4wTBVKRYMMKGQ5tYj9R1DiKm9ycBVDiaYTg1L0ZEiQJbosbktfimz78UUL6b4cxBru5h29GxQYKfktWSsZ4O8DLMLRX+erzwlQwYBIOEfsNitLn8B/JGkBav/Q6Htih6QKrvQdtjVAL6A8Pf478H8ZTXFTNbyBUlC1AfAiRMzuk5sk/2Y+gj9lbNIU4crKkWxDqDlv9IkihEGRH6HVa26FNO7DihVfvmEldYUS9tRoCesG46dnrC6kesStLC6JiPyA9j5GVu8CRiKCzKqJawBLacCuZ/ImIYvoAjxdSwerR6S5sYbsAPdLLR9dVFJQpraHSDdXfWrAdcC3nbgc7MgtpHtOr3dErSaaXiLAYkeQj6simcAe5lkz9HqoAx+ew3Qqb/AfEov30fepKZvANL0cgNyeimJ3Q6gmhZdy+sKDIi8idvFuEgJ5q1QIqMajQ5wdjwDZC3M1TDWy+dhdqM4gLxtWv2IkuksIjqShNYbkOg1LD5VF81wK4+mfA/RrRP3wGivok2YNaB4A4W7FbADxRKT+J5iQKSQ50UUjupqVUwuIpgCmZcw7mC+qOm79MouzhTREUzlvmvlf/BaaZcYndDuzSy4Hs4m/dlZENvICzoQyWlHrBID+053FF3J6zG+tOfJHurN4F8+3d/FpAf1Du9PQHQ53BCAOzLRyOP0RoHe+d0YQLQyAYk7gaSFXQqwnleWgLaNkj5ewdyyBMQ2coteHG2OfX1OWD6ATVkQJye36k6rv1TMzpGY03khp9NtJgrlVslEecWArnT2EyzsrNvL5sBZHeVgIZ0AWEScyEjyGmeAiy5u92VoE8CHQ3ukB9waohl4jiy4BkVbUdQPwukD2uI0QHLytzcg9XlY6O4YagLP8NA3dy/hFfChHZYunxiE92BrAOdwCY9Gc0cYsDcX7vEMpgA+gMsYgiywoiTVkY15WqpiCq37hAJ3D07XYr9FFS/D7ELRn+crd8xw3xVDt8OhuCD/A1eM8D2+lWq1ACxxO3XT9ndF5n3EvdmtNYnFbQYk+gUufVRxPVHS1HQJLgeikPkwA1BcgOUAFHq1rx9IjAqTWIwzoMtS6g9SRSGmTH+V9T0ZPnmHzvdSBrANU9kPZhgKNzQjE8agoFdIFNMMiLuI9kejoD72x8poGYmNUMUN+LI+eB/ApQWFow8ThjLqa0zSSqMB3gNiORxFSLd1aal0ZSSkhaFCchTVcnPAe8tQPkwLOtPdzixYDKWLQO8zfOhJTWlM6TXJQOK+77UIEosGA9/Y1yLR7fjYlK3JghZwdnWZnYDERpydblQAd+z6Q2eywLpBRD4JUE+jsiC6BmOdWE4PBdeUiedT9OcE6ORzNygVMJU1TrQZdwVJo7LW5lwxVdC9Q4Ftxfsur4BwHXGeRqGVcGv5soOHjiNRjDfwDy+vr+PcWwcCwO7FBkHDBqIlUIUAOTHRuJYe4G8P2MwF6FhHNyRA4xBQKgguC8h/vyYiTC7lytZIN2ejGdKov724xrIcDLzOviQ9CNAMOpdhq+CU9awQpGtEsQXbtxuzYWWdToxwOayOw77LNJfJf+dlmlA6knQIYMMerUlAuBjKpsZxicbleMCmhrsYoDNCD1sDGoeAcgbB+QHPIheU19PbLIi3BKhmoB+sh7O2bZ96isu3gXfXy7axCm7msFWQ2MiNOiuSJUcpALZdXEszukj23dzcGQAmnYXVWRiRH8A2ktjiTcBQXJDcTEhagZZTgW4gIaah7ighvjpdtHpImhtvwHY2s9D21UUlCcnLdqBsRPF1/7nEvLsJpFPXvZEF1+GmE9BNzoLYRh7UF/fmuu9qxMwmoHwDr0ZyEbtIaTKsBmQHUXSgyT4GOtfTQwH6m8A0uqnEIHbXQH+lv8erqhsrX0H0eUbf/OP/WgISm/jv4vyu1vXBiAH06AjfJyldn/IcgJkS3WgSxekG4j9BnVBGRAXHNRGRP0E1A5vergeRFOjCcnpy6ctBHSIhHJIGnzVg71EjnSKWAWOg0unfxRWQm3DcvkoU3QkU6OqKHufZooo1KD7gWcrzAQp3tIE4uSczpAJwbWDkaDQ6tzBFosAXoL/ORT5AodHl2/gjaU5e1wqFy1Fq//cd9WyEepyi6Epej/GlPU/2hG8GbjUm//Sof9ROzI2w+3Yuhp2A8o3buer0fVW4nC86QvsWyL91gbA63oEqpe8K9GUTl7v4ZVP4JM5casO7TWLxSwM2mPaySa7J2Msm/mYTv2xyF8HwssnNwFJfNgl3ifqB7LlUGonFfxmwZWMvm9wATPvigqy3g+Ylhq0XjIJtmOpPMnvZJIdk4ndLJ5pEMcmAyCza15dNbi4vikqwWExi+rJJLzX1hWS4ks7py6aQPkzQd0t3mmSEHzAg0cNY6ssmeZIYI7FA2ssmLQwV0v+ihHItZdgOZ6QMLOO5g+ceVTwN2MITYL4FhettwBZmbDEGsAyFSouhYHNpbJEuTVzubohj3N2AhQZVhbaiFtasuqg8nOf/AQ==(/figma)--&gt;Những loại thịt bò giá rẻ thường có nhiều mỡ và không ngon, bạn nên tìm những loại thịt bò nạc tươi ngon vì chúng rất giàu protein, vitamin, kẽm..&lt;/p&gt;', 'https://res.cloudinary.com/novaonx2/image/upload/v1595393203/26419/blog-2.png', '', '', 'cach-chon-thit-bo-thit-lon-tuoi-ngon'),
(3, 2, 'Mẹo bảo quản thực phẩm trong tủ lạnh', '&lt;p&gt;&lt;meta charset=&quot;utf-8&quot; /&gt;&lt;!--(figmeta)eyJmaWxlS2V5IjoiY1dXVmdOd3ZwckFCTUx0NmMwZlI3ZCIsInBhc3RlSUQiOjQzMTE4MDgzNSwiZGF0YVR5cGUiOiJzY2VuZSJ9Cg==(/figmeta)--&gt;&lt;!--(figma)ZmlnLWtpd2kCAAAAnR0AALVb+5ckSVWOyKp+Tc/Ozj54ioiIiKg4O7vsLohIdlZWV3ZXVeZmZlXPrEiRXZXdnTvVVWVldc/0ioiI77ciKioivhAV329ExbciKqKIIPLS4/F4PP4Jfl9Evmp64Df3nO24cePmjRs37r1x40bNk504TaPDODybxULcteM63UEQmn4o8F/XbdgDq2V2t+0AXdkLbL/SNxS13W0ArgXOdtdsA6oH4fW2DWBFAYPAJq9VRas4D4Jdxxv4dts1+eVa1w2d5vVB0HJ77cag5237ZoPfr2fgoOF22d/I+77d9O2gBdSFwLK79gBorzV4rGf714HcrCJ922sTedG8laQQ+RpgQYQ0h0MsHSjfNhsDt6vIhOrs+U7IGWV3Ooq9oyiNQWZhKLQpMYg6bl+Bci+ZjJLJoX8yJk3X7T5u+y4GhNtQ4+SgdXsPBm2gRMO1eh27S61Iy+z2zQCQse27PQ9ArembHdLVt1y3bZvdgevZvhk6bhfIlb5tha4PaJW6RLvWdhTbdbvddryA4IYPImyS2oULvr3da5v+wHPb17cVk01M1W3YDSinpLsY2tco0l1B27GIuBRc72y53NG7nS4m6yrs5a1xPBl1sCoh7vPMIBiELbDb5m7AXvyOsgHZMP1dm3MZnV47dPQe1CgqJNnq+RyqW27bLXorbWe7FapvVgPoWkFqcfii4Ta2bfTX9Sd5dwO74LdN8r4QuM1woHigt9ky/UbRu9hwmk3bt/UK7rKvWe1eoPV5qdUj7u7ADHuFki+rWQDc0+51nK4bOCGnuNeLkslCb+Za4LYdbrCAmTUc7CZmo6jAyALFVukDuwuQKKibuwFcrcCBqOMqL6o7HVOtbAUWtuMAWHWO4Z3BMBrHWulwL98OLaXvpsPlyabTVpOEjtrJmn1wEA8zQetOtwunDVpmw93DoGj4rld2ZdOFfWADu43BVrtHuYwt09pdRtXC+NbCUm6w6vrOtqM9XfQ8mCZa2Xb3FAARQi1DAENoDyzTo3HXy96g6fqWcp0VMm3Ew+k8WiTTCb7JHQQzY1uhTsASy3V27dLIjO7J8X48702SRYpvfJPLEJ5zzW4HACQkgvtTL4Y1naSLeWXTsJnAC44rcWXHZDwwMEem0lpgmWoB9SY4Ngb6i5Wso6hXg8V8eiM2x8nhBB8UzAS8xFGBS7q9MAMNTWxFM3DJ14elqN2WwWM90yfKMH3f3VMmxEXUdNd+rOe0EXN8pe26ZrUzTThtBxFKzbpl920Oy5yrsTWdjuNo4s7iXLP1XldbNmTEZwHcHrAMeluhbyrYuKYMXm20WllrOk+enE4W0Rift+0miSqKgxEo1zJ2egGit6N2tPy6H88XCWyWONfDUOXTLTcM3Q4gozM9SWPrZJ5O59icht00ESswICzfDWCijg9Y2tdt2iz2FT0Dh4+ayjOxFMQOC7aBft1T8WIFjeW0Aa324QLTeSeZz8m9sC34n9pfqQC4I8KE3d0OuflGI0qPtJcZFoIpUKI0Dak8UVtS3etuAyV2PJutDPpsDK/RRFOzb82m88Xt1lezXKgAQucmJnLEntNQ88sc0bJz9bajs+nJYnuejDSTujbIijpLAQ1tn7XyGy9aLOL5BEOgcjxlWwhYKnBJtVkni6kfp8mTYF2oSImjNFPIIQsIBn02joM4WxQU7gduFg5C2+S+Sgs2oXcY5zRO5a7F8FkL7Y7n+qY6o2HMmg20tIgLFZ2LqgBlHhMxdTS8ofenELaFePQ41KYkkDgOQgfqBayplTWC/JzatK40kTU9gRDzjPa8inPaQtM19dnOSbpIDs4+0xeeadkDOKhOLvRngdK2oUIKkEgmAudxexC6gyycQyUTGC88V2uliBuweNuHrgfMy9CXPV+tdAsBG23Narvq/K87XE5UYXHR7Q5g0YpMmE2wGYROx0acQl92XCR2A7UGQ8N6oIavWjxiAdf1AE4Nkq3onkpYVkHlYRE0LuRyStT1hm/SIzYwtmtfzz+7gG7f1enFZjiPJmlSyvgMxE9kGeEAMQmRNDuLRcMJYBV9G6BsIvtDayBFQRrY9N0OnFeFploFlcemegWno9BKBVOEoVWvF7Q0LmO2VmJyXuslSrPaKBEFpwvMCjUu47RZYnJOF0uU5nRXiSg4XdKCYhtAlDO7ewmZ87u8hNUs71nCFVzvVTNl2IzpfVVczvP+KlKzfEoVVXB8KlzTsQYcQ+9pOOaR3ptdeKzKn59uRymSY72/68j/rd6WY2FAkFHekUixKl2Dp6DOkPAFbbsYqpNuCbOiv13Crer4U/TXguF8Oh43krn2KvDJzPQzRA8sUXu6+hYuuaBDxSO48CLGuH3NQ4TUHmyBA89R1ZPbPYQwaaS4XGAywGtCjqc4DBWIpGSMA0nW52JDyEP8MfbxpxbhT12fWfj4FnryDH8MHyhQl4ib+FM7wp+64hQspjN8MCQsQiFnU+1TIDA60WKe3BJy9fjKFfTl8ZUH0BjHV66iqR0/QGT9+AEiV44fIHLVi+aIxs5kFOM74/AkGQm/wnQzT78weBqNT2J8I09UKvZ0YTShpW50HAtZO4iOk/EZ6GXKQA/AAJNFOpwnswV6NdL2o3kS4ZOT43ieDJvJ4ckcqkVoz24RApbgqINWuu2Guk0CVtMsfxrMoiHsbOlbDzmDi/3MDicZmltZ4n0HBk1uLhdY5YC0HPclBeOUhYWp/a1+bUWzFPZVfgIHUKm4RDPIO4ZnIy2m6DUgBkWPWZllqoi9AhQWuw1wtcLfy/VeFQtZG/4iecPRC0DJEyglY3MKKgc2raxfIg9UEbYZRwul4H+XHjJxDAnrqqdIMikMywuIr1EatEpAtCvZnXY1cLpMcNZcv9FFu242fY5vNLoqGlzo9joUaRMXLxPtRRw5XNJdDd1eaun2biT3bC+bpsr37rF0e69vqfa+QPfv9/vqavgUOibapwZ76tb/NCvYY/t0bA7xz7CsDuV+ZqCP589qOQHxz+LBivazXb9L+Z5NpaD9HBww3MrnNEJ1Z/jcZtvkOp7b2fZ5Qn5eAFtD+7xdHLdoP7+JlAjt81u6/YKWnvcFoe5/4WO6faGn2y9iUoz2i9vNLfa/xPVU+yI/VO2Xevr7K95ul3p6oI3wgfYqWsr5oB+22X8ILfsvNrf8PtqHza0++4+gpdyP9jWfl/QhENqXbrX3uD9fhpZ0L0NLui83d1tcx8utHZXsf4XVVI7wCstTfdPq+aTbwlnLvoXgxrbR1PztJi58aJtor6LdRvsg2ham5XwOWvLfaen1YLZtytNuuTu0G6RHKrPpOjjJ0bo73iOPovV2vEfJ57Ed7yVX0Po73pWH0AbtnQ6/C9uuRfoejhXuS79jN3gn3kNLOa51djvEX++2VWbzeLe3G6L9SqQjlOuVaAO0X9WHwtG+ygtC4gdoiX+1v+uzH/lei+2+39vivg+Djkf6UajliMOuSmwPsE3cv8M+qgVoj/p6POnrdT/R31X2cqPvhz7aMdqraI+DAJFXiAla9qdoH0Q7Q/sQ2q9G+2K0c7QPo03RPoJ2gZZ6OkH7ErSnQYCYLcRNtOR3Cy35naElvyfRkt/XoCW/16Alv69FS36vRUt+X4eW/F4ng+AqGX69tPpKwtcTIMtvIECebyBApt9IgFy/iQDZfjMB8v0WAmT8rQTI+dsAKFG/nQA5fwcBcv5OAuT8XQTI+bsJkPP3ECDn7yVAzt9HgJy/nwA5vxGAkvkHCJDzmwiQ8w8SIOcfIkDOP0yAnN9MgJx/hAA5/ygBcv4xAuT8FgAPkvOPEyDntxIg558gQM5vI0DOP0mAnH+KADn/NAFy/hkC5PyzBMj57QAeIuefI0DO7yBAzj9PgJx/gQA5/yIBcn4nAXL+JQLk/MsEyPlXCJDzrwJ4MTn/GgFy/nUC5PwbBMj5NwmQ828RIOffJkDOv0OAnH+XADn/HgFyfheAh8n59wmQ87sJkPMfECDnPyRAzn9EgJzfQ4Cc/5gAOf8JAXL+UwLk/GcAHiHnPydAzn9BgJz/kgA5/xUBcv5rAuT8XgLk/DcEyPl9BMj5bwmQ898BeJSc/54AOb+fADn/AwFy/gABcv5HAuT8TwTI+YMEyPmfCZDzhwiQ878AUCHqwwTI+SMEyPlfCZDzRwmQ878RIOePESDnjxMg508QIOdPEiDnT8nbqwVIrRY4rsUVIfMUy2BO2YlmMyY50jiYT4+Zli2m+Gtsjaf7Qsr9s0WciprUZQph1FC2PmJ/wowM+dcoWkSKdg3ZVzLGDdFi0miOnsA9Vsj1BedGOpceRaPpzRSgcZQcHuFSfIT0DgnjKF5EyRhQPYbIKXMJJI6nuDTHKDMAXl3Ex6ropIfWTpN93PGGhNdV7VRPm704COPC/++UQyRG8whr2xAb+3PynGBm9C4oYYRxj9LzJSGHVASyZ2PKRHLBPLt2mqTJPpIqKepospL3RbGSIuFOxeNyFbwn6cF0fixeKdYSpfRbYl0B4RGS5AklR94eTYDDzcHhCBCXNQJpHbJObM2auAf9ao33srgwn+KeARJIsplyAMDFA6U+i8Jmu/akuGvGtTTViHiNuBQfT59ILHDxUCeEEtfk3UwQO1BkAwYgjJUb8ZmAwRwA204mcSumZsDeIKaRHMbgW0MGj55OKyeizs6eJlxBsorKkWa2OTyKmDrH8xQmJoue+tBpcHojJeyexnMUpOIwgjIRFGRtrKpUqhjSh4pRXB5DmhTHi1w5HJ/NjlKcK3J1VBSIU5wqck1/1seEQEF36xStWN3rpNw4iMbjfdRZmhhIxb68cIRdnoP5ja3pLUzwBik3WxWUMOr7KACNUnENd5n5GAvJLz61o5wOed0KXmQyKYWxBmvUqXlfyJvJaMEbmcGx6wBqBArF1tkz0yEuVuitHSTzdGHlmsISVmBd1f7qNpcvjNXh9Pg4gmCZ15bXsL7QWoVUcOYDLFTpEVOdZx6NTjOHWG0UuhSGMcfFEkuWsuRk6Pun0qRRO1Wdbry4OZ3fyEWYwN6jMSYbqRlzQc5vLyMWyo9YhqQyU+FLGZwd70/HGftUdTAvApmGcyYpGRi4VdK5Ahp/E6uBg0KxOds8GBqG2ig5Aw4ZBUpDWDuEUwz9+CDGdRaLNzYOknG8C8uHlaZqUM1sYEoaUitCrMStlKJ6YJWxT5GAyHoeWVfGCYLL/IwyhNPgZJ+32X2QESEWkvs1m06wzXqitZPJwZgV2AloqhzXk7SXD8UjRJgNLbWVf9+JUuxepqhhjtVc5exkf5ykR2DGeSltOA3j6LhdSsdJjNsnyZ6FYLsq7N0rKmHv4CCNF9jN2jwaJSeMkfUy/q2gKeLfajqbx9EIFGshA6AySGdyMMVWKL47Qo5OMiuDS3iIZFMONOLTZJiXz/P6CxN0Vb+XFq5M6hJpKBxKMry6o1/TH/p5QOQlV39sWXsDdSjL2yaBR7ODHA+bnZkppMYSnRH0mBwkcA3sNr7SPN+CIE/rQ3DxMh8LyQDvjZBEXbMFymB5zUwSLkYM9vLKWQ11I6wjp6xn3YJ4JUPk9Ksds9tTl5O1TIAthK7DOQOSU1ZxMUuxahZ58Vyt67msyGVPTfIcA72G4ktcvpzGIH/bPE9uzmYxAofyF2O/QCsuPwNVligrN5xuhLNY6VBRoUxh9nH3V+UNgaJg9jgrgz1VcDBsnOLzRYDDG+abCmM9PTk4QIkKZq3OQMXlRQLlrCIbmotaenpIX+jytMROoYtsiOb4Thgneu7JgiGWxxLG4YZQHGK/O0EFSoo1UDSn82EcqPcz+NaNFOj1TJb+dsZMGE5z0LXtrKhntvfM6wEA2VZHDt9TEEcWlPCqkBF/TmAggBRuUpucHAdwMCgjFTgsMqdCvpJqbEBTRBg+PIFPzrPe2jDT5fqMrorHmofExjbCEDahlk0iC1bFweTB7bFLN5Py1wfrAg69dGDgdQOxOaTELFJpK8gei1HR8t1dYozs4b9m45Fc1QPquP+jdAZoJXssWtUBSvGrRFUd/LO4BHOqhNI8EJMAKsfKuIVYU0pM9gke/soaF74pg3RWd92Kj2Bh0A/44VGwrco1WAKeTgZ7LRtO0HLajYHbxKMah1FCQyVd/35CmvNhMWeE98jJoTk5hKKQcCKeVbpGggeXuZ+Hvpo3PjlMJtm3M9WBFiCvzsch6A0tpKfG/HgcnUyGR3f44BgJJ8waIExa7Q3AGn8TgjN6ggHjU+p4xJaqNowOsW8vnh0h0RCrwlCARj48gz7z0uyrRK3S1QSPLLjRF4SKfRr16CSCy2yKFbYa9ZLSYFczUA+8FDXqG+qgWNOQRn9ZmRKvZ6AeeBm+LE6FjaKjB798iDCxAHBBARr58pQm30dCi1ajvgJOXiTRF4uOHnzFCKYEQ4ft4CiRd1W6msCM1PMlFwexL5U9PbxVBix7wsSEi7v7HFITW8eICxi/zFajGrGKENZyOLnnPFaT2/zSSV0djEB57xJCEzXL6V2tTSj2vnNITbyNdK1qmPdX+5qkVUn+npLDesiBhUSH82h2RCPBbmyIp96G0oQ7BTavo2+Ip92O06S79CSH3qLyMhA+fRmjydrHCXapnaAByTPQZD093ElVJM4uFBvimdW+JukuEMxDnH43MDdIPqva1yTuUfETBWwGWKjj4pniWXfC60889DCRiQvmRDxLfHalqwke0xgrmolni2cXHT3o6776AcZzxOeUPT0cUETFq1UIIJ4nnnMHtP4gLEb6+c8lni8+9xxSE/eItxANxP3iuTmsh/rsVnL7p4rPW8Zosr39238X8lzxvNtxmvTaaTZ3qUAo9vPPYzX5dcTtscd+Kl4rn1/29PDjIIamNAoEX1Dta5KvpIdkF6ZXixeUPT38Slp2F46Ni+sX5rAe+iq1VEbe10vxwryjx14Vq4w3RUFQflEG65EBou8IB5P6dQgsSrxQfPFtKE34au3tQZ6x/IKUX7KM0nQRZzZVAErhgeJh8aJljCbbHxe5RIpynvzSSl9TDPW1i4tAzVRcKbt6fKTOT5wua+KBDNQDcRlErCyluHobShMecH+24+lxvJifoV4oH6wiNM2h3qIcSaqHllGa7gjen/0k42UiKTp68AnVz+IHfPhGta9JxgrlRSMexyA5rvY1yYTnIsK+ut5N844em+mrHLWD4rH46rKrx+cHrLB0EIYbSaqCPcJyeg6piRdzvVHTJqKWFCgoFV1NcKo3fgsSaqXm34P6phLcAhahTrmveIW4pZA7KNTwZyJb4izVOZGSskyj3ijFk0mqsZ6+3JEtuH4NoOKD6g3yNSO8Wp7mI1ww78xfWyXv63QMp/9r6THZi6KFLGQ6aTNp5wIxx9ctjUL8W4uTaFyleJ2qFWUkWPNwHjNU4K5Zpfr6KlULtgAvQqyokry+SuLOsccIeRJvDRV0MMYpH48ej+dTDL2hOtTN3mr1O/EILxLnBzPrEgeoI50fbeIAoejiCI8XlWGE+FQ8gXpTBVfkpWM8a9DssIRflfLbJCJfdu1lHgdP9PHKMcNdUt1AAxyHi2LgO8qB0myUL8I9v1MiACKZicZMIrDa75LTU1UCwdmsN1Ex+e6sYtGIoXo8n2Nm7Or3SFZwkETi0J3O2vEBdq/MDuBL37tE4DOa3kbxfSXF1nSxmB7fgcv3305zJ0ZvLInKkYQ5Bt6esRj60w/cThPi6FkmeRO1RRfDClPYIiJOhJOA/vWDUts27FcXQ+C/0J2y/DdJBHiQZruiihFvlnj8KXEhNgCViTdXUI2ySPEjMo6K36m0UTaAnnH5KH8w0sWb0FAJHRxPpwvWXvDZW2UyOYJZsfo6DnQsxna9JUcHKmCWA2/LB0L4WIn+2Rxtq/BSDry9GFBHVznwc/kAz40S/Y4cXZGnyV+IUAyM/45M0mIIOv0x9PVgjvkJmRJSevhNiUcu1V22uz+QJ3lZCWqoBqWfkmOcidBR5oOvxpsYvoQmXX1/7aOMAAPPwtLPZ1sacI7Kdv6uxClbGSoD5W9LvI4l6XKMfKeMld6oVDPFdZ4A8L8EymB6gDQIUmWsgP5loLvTSW82wpGdsfiVTEyYHOxjqKgxKjw4/LDE4TTAEn5NomABQzxKxiOI1UhOERpYTvr1inF5CHjx/BQ1ffLFFL9BRhPsIgaVeptQcIniD/k2xW/R/nW0yApZb5VYdKqYFFfhd0moSEUOiIVvQ5CLFl7uyunD5DhGWgEbfVeVshOhg/+VR/2+RCcfqTjDu+UoxoE1UX3cXrBhSFLwwR9WCkA6d0Mu90fyjja3VVDC7t4jo+wm/m6Jh0Foa/noaqscqJ8ZxgpOsglWimMDXbW4d0i8Hk5PlSB5WFYDb5N4TcwGeAtfgHFOgK3683ysFMcp14ynW7w8nqMwyyrY2yVeJNWRkMm2iYfJBcyrh81tL0m9hpdKffHniqAr+V48zx0i2I3ciRs29W9vUjGTf1PgDw6WBt5X2cDgaHoyHgXHOEtM9VpEM/1bmTKf0NnFy/HaqbrlrSJLm7CHf6+HIJzK18uB9+uBPfVg0RD/oLs61Ub/A0odCCqqCuPjjXSmfQ27yzrCP+V9FW8+CAPOojHJN/FumqTWVUj6oZwuHvUzBW3iDVUriBtVlEveI+WHwQbiwyznwcmMrpxFKUYmk8clAy/zh49ocbMsC/7IRTXwAlswSDMOn4bBR2XxoAP14aH2RnwWzpPDQzjw+6T4GOQP6PnbsIQZ6D9eOmTFcFIYnfyEPJ3CQ+1TrN47wjMj9fNJWAsKjb1PEyA/VRaqK+xQMtIFoJi8YJLC0AMprE3Wik9sNWysJuWnIdBwfVlBLfk4ClvFQMXFa8vLrt9hJSulLZbBZLWQxVQshaFLNoqsyHkqZhyCFMeuUWKqUiwduvWSppywIsUdPYKl3iyCKjZNllNzjI6p67To8R3Dw8b5MHOhnPBcCN/U8jZhuxxHRepipsSGDtZiZde+vuWaPiumotfd7bp7qFDyx6EoTaryv7y25V5D8d4GbHjBQ2hqwZ4TWq2Bp35iV98tt8ZgmZFPuSgnS2hVYbO53ovNbUFobcuGod8tVZ6KLTD6SXyTfoCXkGE0OY1SnslI4BDf8OYn5AxH2BgrPAUdlmaofiPm0lmQqumPtjW3uvp3GmSl/6nGC4TU44ppezpUKoRCjQo6wLGr9MQX1mu3c7TGyfCGwBvVCJET75qwU36vdV1skTQmWD3osyMQEVOnEUaolYEgqndXyNpUQ9kM8mi6SGfTRdY10pvRLINrt3+sApGxMtW9jOozMZjlbuCU7pWN1bPPtlAonqGMsHBGSOvFCnSdwr9w7DG+YMP24WcBblIxK8WYLps9RZCTWF5uhWUOKoym6+9lxuXbeFsJaEUSuX07PsVu4ut9RkfUMVhYXp3CXdRkH8XbzSS+WXSMczI2KGMNUL4aYLCWJG1pSmfSjW/etgQsalQI9zH44rIAHivXsG7+9M/Bg5AS29xyfQ1Ky+10nFB3jOVPd+OzA17RERhnisunsADo/BAC8LZhLBAg0kV0PEMneyjIwiw+2V9eVa5Y3jRuwdiMVNEXpoQavp5bZ4SwA1xAF7lStUDiE+BzHh1AD7j+/Ac0qplmQqTiPxG3q0LWlYUjZyh9ZaWH6KL5COPepR+LZyFMR/AJFYE3g2F2aawj9h3GOrat0H2Vm78f+j9WXvoB1O/T3Pfw6L4+3cdEpxBLrMmNUczo0dU8L2D3sKHKF1Oc7XJTLyP3vxQHukSEX/aWFAe5vAtTzSHtprik9JLTZPYC47l7Ce/dwWPwuS8uL3KSnH2D3ggnuGeGXrkxqfgvKe8NIDBOZ5SlHzuJUZfiCxROBKyum0UK3CeR2mCfidD6TTvxIgKPSBhyHy9jSC/iMdMvWgD03YHyoVNh3E8JYY+yuh0GRFBAbVJyRI4q69RB3v9vKfFMDt7iVK6mSNCicabltWg4BDtRF+sp8+MgVtVLjGzk/ZDTPiou5H0L6Qw2RqFfKjZn0CSP1hVxUYGZ5H3+9gdd5Dp0GTC8pCf2orPxNBoBcXe6pK8Egv6PlJcrCylU87942TgApz4yJSwd671XcXdSjwqOxuMz92SRJqPYngzHsBCchMpJpbhPEXpQIYKdL+7/P3McAADtmwmUVeWRx+u+bvZVcEWQxyoo0t3QNI3Sj2t0HDUuaNyiUYEGxA0IivvySTfdgoLgHhRtRBNAxwiihqXbqyiyiYLEBZE0EaNR0EZjVFAzv6p7X/uZYzIz52TOwRneOZf6v/pX1Vdffd+tu7wmCFKSI82XPzHjvpwWkwPX5mZxfVqWnnnmGRecdOUVY8cd+ZMTT7i8qDR/5Kn9h0tb2VuC3AaBSEpygwZHjykdf+mI0ZdLw6DxjSLSRFpLG5FALKZ0ktxUg8FDLxiRLvjOorkKPiZaBerQVnGfG9asXp09VHElgRocpoGCLpLbosGwMcOvTudZqEaSBGsmZSL53wvZQlpaFvtMEIn2lf3kgJvQtlOuvXQIDpKOkiazztJFukn3IJDUDZMnTcoeapaj/zC7QA6WHhNFpqV6njpm2JjLx8ipIy4Yf8nQcRJ/PSz79ZCgoHDsVemTx44Ynf7Z0NGXpbNErqXXuEmTIKgnJUtK6kap+kXO3qcMGPnHIUuuaL3h2i493551597FBZMyudKgqqFIL+kd3CgukJsCmRBIWSDlgUwMpCKQykBuDmRSILODnEco+KOBPBYwGcol/xEEI0cMHVFUVNqv39C+Q0v7jxjRb2gf/hk+jH+HFo3sNzy/sHTYsMLSAkn165N/eMGA/iKPB7IqkNVB6uVA1gYUv9nRGi3oLLnNG5w0Yvzl44ZekmYBir63AFofPf5uDXQF9v6B0iclv/75557LHkr7Je8l0wO5PZA7ArkzkLsCuTuQKp3n38+xuHjY8GH9RhaMKBg2oKhwWFFB8YiRA4pLC0eOKCruO6CgsDA/P7/v8NIRkios6nc4322OEqxosCBXYwTszxYNTtqy+Nnx6WFbFs8anS59ce7oC9IvTB/Kv5eO37Jk+uj05cseuzQ96sItS8rGp6/YsuSm9OhRW5b8Fr502azSUdjCqPfsMelfjkfggcH80vTYUVsWz70Ug+VPbFkyuzR9ybKHxqvz4kcuT1+xrCp98ahlCwlzqSlemH5hujTmhl84elR6uDrNgi7dsuQ3Q6GWLebLqGWPccy+mrEX8dVSI6Km8701qRQ5plzExWsyOZC9bFk4sWdzdtgp90NnR26HlC5ROic5O3L/y6X6b54d/zdKnJbcbGEb5HA+SvpXqcrcq4/LkdwycQ0bUVHXQBr2Fk5UmbYmVdkYrkyL9R3du+H50OVy7MhUpaw4NodgPn1+Q/Y9B2W3+IRGHxH1BpFLJQhSE2TIIJ8JYMJW9NtUmVy1r8+klGknQQ5M69t9JqfhdSK76OOpsuLNf/aZXPXpSNtNlbd/ra/PNIBx+0rQEObZsT7TUBkbp7z9LY/7TKNknEap8uJxG32mMT7SXILGqYntJzX1mSYwIdEawozp6TNNYRxME5jTj/WZZjCadQ7MSxf4TPMkg6apifMWX+8zLfCJCuhxMH0e9JmWMPFMJ86bU+0zrZSJM5g3dZPPtIZJMpgnX/vMXkkGzVMV7Xc29pk2+ESRrlxF+5s7+UxbmJBxWsDsyveZvWGkq+ZW0f6z0Gf2gXH45MCMHOwz+yYZtExVbD3/HJ/Zr+H14k6SoBXMzcN9Zn/12WlZb73sYp85gHE0a8bZGpT7TDv1YZzWqYp5u6b6zIH4SDsJ9oK54AGfaa8+OyRoA1P0iM90wCfe1xXzWi30mYOUIRoZzJuwzGc6ajQyaJuqGHfdWp9JM1Opk2BvmLff9plOGo1xiDZu4Yc+0zmJRq2LH//cZ7rg48igdary/mmckd8xXWEEZh+YY5r6TDeYaKBGq7x/Rxuf6Q7j8GmSqmz/aDufORgm3lWV91d29pkeSW6NUpUut4fP9MRHz6x9Yc7K85lDYHRf4yN/LfKZQ2HUh/nI8Rmf6aUMuZEBnc9nDksyaJqyZpdV98ZBT6s2qQkSNfOZPJi40BNk8Fc+k5+Eoh0VXlzkMwXqQwH2g+m70Gf6wOhk9k+Vz2iwn8/0hdFThHY0470zfKYwGeeAVHnhS5f5TD/16aKbrbxwzJM+UwQTUoD9YI7Y4TP9YTQD2sSMtt/LoFgZfGgGM77q5zMDkgxapiaOvOhonzmcDaqnYmuYpd/L+giiCdHawdw53mcGwuiWagQT3uszJTC6oGQwctpTPpNJMjgwNbEweMFnBuGjtSaDwsve9ZkQRjNon6qY0S3wmSNhtAa0iRlDWvvMT2CSNjHj4x4+c1SSQdNUhRyc7zNHqw97pwPMu6HP/JsyzPQgmAGn+swxMI7VbgRTPMxn/h0mrkGF1I71mWOTDDqmKkbuf5XPHKfMDgnSMO/f4DPHE01nSjsa2Xmqz/wUJqQ6jDPyrpk+c4JGY5yGqYo1Lz/sMyfi4/ChVa4Jv7evT4IRmE4wjy3zmZNhNAPa+Jr31/vM4GTvkMGa1pt85pQkAxpi4XHv+syp+GhD7Awzq85nfpaMQ7TCTX/zmdOSaF1SlSdMzvGZ09UnR+dTueahpj5zBozOpyvMWW185kxlWDka4prT2vnMWTAOHxriCS07+8zPYXSP5uDzYU+fOTvJrTmNqvIwnzkHH92JnWDWDvCZX8DoTFvSKi8+0mfOpTpxRbXt+cx5yTi0Pb2Jy6rPJ5Ru3b1oblEznxmiDjs01AR54iqfGaoMoRrBvPq+zwwjmm7d1qky6XGhz5QqQ2k6wdy81WeGw8STKZf8PJ8ZUT+ZctnwM58ZmWTQDeb+MT5zAdGitM4Hn8d9ZpT6MB/uA6X1Kp+5EB9HbjQQ+Zgb2++Yi2AEhnYkyzv7zMUazTKYKPPyfeYSfDSDDjDHDPaZS5WhGXSH+XScz4yGcbalJkrd7T4zRhky4M5NXp/vM2Nh4i01UY5d5zO/THKjvUqvP/jMOHx0fQ6Gue5rn7kMJmScZjSd+S185nIYXR9OK9nW3mfG149TIZu7+MwV+Og4tAmp6OMzVyrDOD1gPj3SZ66CCWFoOjLiFJ+5GsbBNIF5c4jPXAMT16BCpo/1mWuT3DSDsit95jp8hGjcO8onFT5zvfrsjKNtnOIzNyiTRFtzp8/cmETrCVP8sM+4AEoLdwjUEU/61E2B7uyt8Ug3RD41IUiG0qKOfcmnyjSgVvVQqP1f96lypULS0OLd8p5PTVTKQTWB+vYvPlWhVFy+SndOyqcqs2loi9nQwKdutuQ5LVvRYy5s6lOTzGunNTO3uYVPTdaxtJvpWN3a+dQt5sVYNFT3QAefulW9NHn6s5zVzaemKCVQ3LFKy8N8aqpSeqIRUBb186nblHJ40aLduBKfmqZUUg05+d98anqSob0Oi98R1L8y0Hdh0itn73cO7DB/0I4vOhU/V7g8r/jbL/sf99lFuZJ9F4aR+6fvwu4J5AFeW/2G94aP8E5slf86q2GvEYLoNIhHbklJbeMESL+MhM0HxYAPYG4JMguKspSCdJNBtJhMDExjAesBn/VcCCW8A4f00hxxxQZE3ifUVSU5IoeX8LiPUuWNRFIQ3pxJmCdgZmD6qireLJHoExRdMhLJIIKdDWBgN8VkjoTPGxD3B2QdLtHXmK/lCzKcQnQFcjlAmhkgagtA14y4Acj3yMiNBJQx1F0mifq4AQmfRT6qilcBr5HVO7g1JVj4FYpqZd4AML1kvhJYbm67jlNqQKSE4y1V7EdeL/ClJUcVUdxaD7jZmLg1mCznyxKYjaqYxxeCJFGJL+Mzkh5IvV1VAuTPGQkPBETPJECt03kAOSbRyHKmYyB210A7GesUVe07KAYRsxpSAHCvJyCxkTlsJpFVJHUGk5bfApisIxYSRUcDIu9So7RaTAI8xXEzR0mGQICwERFdmoyywA3SKQLUPpxgkpoyDYBEK7Boi7MC85EvPMAHsDoL4uSEV6Up/pHcQRKWE12Ba06gj+AnEF1eAWiuD5pk/DMNiOuIvKaEUAcCLOatZF8PQsZ1naGywDZc/ZZ8wCQ7kPgAiRgw/BgLzUBW4odknxNNQbmuZfQWiU3CRkH0O768xLEeRfgU3ttwYl8hGed4A/HAz2XiDNwBMHIiZpTLYYok2EIDEhJM6lRBdHcofionZWRDLmNbwUTwXw5wA8UtQw7HPJwNoCByqUksOhiIT4HmWMjZgFkcKvfVHADuIqy2I29VRX++PMyQd5lkDZ/3QLgIEwVuHV9IN/qDKh7hy8coSRHJnIcaoOJYbFHFQSh+jwWSdCllGeMtg1EQvYHpUhQfquKvgG9Q9MIll3Vx5xKEdQlvNYnFEgPiCChfq0sdiq182YFcotEB8o3OV8FgAu5EykCKb0AwWWVAOO+vAU1RY12HKRj/GrlYFYsBtD+b8H7EVRCWAXTTADBpa8Ak3S5WyCdUNx9Zo0FOBGjUa2LJAh4J+rwaSsGKaq6myLko3C8Ak1FcaZIVpaIACach1SK8B4CLSY1hYK+a2CJdg0Jd8mriGHkoLKgqdBS1sGFxMfl5tSzSHuE6ZOIzVM9qty2D33lUkzKHs0zi94UBiVQuyFAOAB98VvrgSZxDgDXfpcjNKLT1hNs47uCw8FcbsLM4rFVFP8AGFJ0JH2UIBuDDWulZnAVxknG2skVbhrsNO2v/cwxItBj5rCpeBuzC5xXCHkJI2WWALfsVzJeE/Qj5sJpuAqRLdFOKjB1Iwo8COHcsup5MLt+AyGbcbsBFijFvghIZlWt0gLuV6ApkIczdMNoV5FUY3YsHkXdALd1pTJJahkRHktBSAxJtxOJLddEM3+HQlOcT3SYxH0ZnFa3GbAmKTSjcXMB2FLeZxPcsAyIFHBtQcO2zqpicTDAFMiFhXHe+qOkHzErXQ4voCKZyg94V2Nmy+19B3J9AA6mmAteb9v0GF83uKCJaatSB8j5hEotfG4ivJh1VcQ8DpAdJeAsuXVVxA0wP2sxlWPZAIRdmpKonLueYxOIYAyw3spsqemLK3ZTKKrtov0Eh28MoqMVU90tVH1X0yMiQI1CcYRLFKAMiVzD+4aqgKLXFKKaSWD9VzMC3gAyrmFw+iujXuOQR43GTlG+RAQkjLPuicEy7tj8WSFdCQloYKiRTbVVDstOrmAKttPyeNdMGLt2YSBPKRQ5IIi80wEYmUF2G3bierHQ93NcekMEDGVTB76olZPe6/WtwrkFxeo1Ek0wS/ucGuPPMkI0q1jNwlxqRe5CfVFO4LwCuGqY/QZrUiKvIqCTYHAN2FZCX1GIt4IrqWNYdga+Cs0owXQBgb4bMAklmTAsQz3MiFjpxaYUS6ciOmrRgOnb/AZDDGKsPcofangXQvTnFJNEWGYjH2zsTD+xexFfvCLS3hVM5tqHQCQNE+nJYQ2iRsbs+lQwnH1gj22eQpNtRSqGC9YAPxV2XAO0CMkpHfxKgc8lOTrobiCdXgYVkAK1RqqzIEA3ALGMmYkuoKX2CYBRGl9cRDInFAgMSvYzVZ/gqsJQiPT+yQA5TAPUd0JssS7seKKVTqwe4C5VublNnLIDrhWEfDr/SbopJ0ltkwAaI2wKA2x9MYayw9ZXGFxAHs0o3ZyZaaSTDyfO287Vl7LmHYsEJyCKhqEOxlS87kLv7PdRcPVt0YeLG05HQekuvjVknJVUmKeqbBiTcjt8HWEQ7Md3FBm7M1s7BQtoCsNCujWT9TzIgcjJuT2WYJIAPz930UT4xcAuIZoDzMaQpR++gqDoEp22MdaDJHEm3NCBVDbDYhCLUBF7m+ILjScIr4MM4Kz0Q6nXeAM7hbRwazR1lQKQzzi9mMAXwAdxCtbLAipJUR1617V7EAtiJD3DzcfoVZutU8SaOOwjXhaLYjck5ccncdJOUbIUBiT4koPWKhtSB5qHSVZKFAs6smNGH8+gbRvicdYt0/45lyPXIFQOxeBqgJ9PtJhm/yEB8+2AdmQytIyOdNS0AuQubrCkZ2DgA1xubQg59TpLzAGU4ali7E3zKQLxDtaVEmwFsJ5VEixXh08RZiUIr4RbyZTsHE0eiOM+AuEIs16uiKTGeQYEkDzKSa6iaPcnPToD7CE6v/OHiBMg0KHuk/2lW8yrFN3ANFBdjpkaf5HEdt/2otAE0QwoA8lYCHBooecdu148ilx6qBbDOONzpARYrpuqBNNQZKFhNWU5BzqMsOkeZjOJGkygqDYi7C3l3Cb4KtFPaGaorNdwkRe9ugFVHbhqIYi2BJnCobMi4CiwBmXbEd8CSVKoe1E8EIOcKszsEbNv5PtgsMHul6oF+sO5LGa2eK0oS8MFSqR2k4BFuuxQkNsmzDqdNpEssQwDs7d3sEccunUZlAdnKc5Z6PGvs7scuC+oLUg/0w/6kV6YP1XkBonzO2zklUlWoihdYY7253GkSxf6kpYrudCuzKGRYdUHGMQCuGwosaJcocJGDUBADiYKgABsltmBYc0ESQ1bq+wstD/uGahQbsMvDnjeM/4I3jNEHGQkPYAfoDbcBmQKXD3D9sxp9n2jgYuIcDnAPJyBxJ5BswO0QVb3G84M9jGzN2NNJ+BHGJSiiT9knGc4UZPSTRJH+KfV+xSS+VKbqDGXqDOg6SfoUFGmWpQpTlU59FaSJ7njBJv1RRH9j3D644Cp9COYAllGSmhxPmu4q2F0lzPdZMret/3EWMHE+gNMSIOUDY0qf3w0k7nvee2Pzv7grHdsqake9w2cSEN0K1xvgjk408iKzUaAP2+4IQPRgAhJ3AkkjNoVuZr3IxKB5te4owE0lCYhtZIl2mlpu6qQNVTfwBbtwfyq/VbNsNUiv6aYM1zEhBXwAq7NgFWD3eeUR2QpxfoQfo23MPD5F4ZrHEwu5zxTdcOnWMFipZOrcrOrU22j5oj8zwABsFEgvIm2kIl1Q6JzDA7FbaBKLuQYkfAgXfX0RzSAD3pa4qbhoZ3cTYLSzX4OlvmBxYzjtD8ZiqEmCnmhAXAZpo+Rj2hEXZNo60FbK1U4ZwBBM9WE1rS829OauthjFuSZRjDYg7jrG1wYRTszIkCIynE5ifVQxE988LGYzud4oZB4uzDKab5IYSw3oI5OkC1BEq4jRDwuk6FbTwlAhqdOGIKrVGx9he+95RFSXOhRb+bIDubs/IrKAc0B6AyW1WTCTKAcCdLMaSGzkS20XSa7EWg7Ys+Io6lBs5csO5O6/4tFNnNkdWFYHCLWR6LNQbT6NZCYT0DahFeX21iSneqwYwn1MOAOLEIXchu9RFOEqk0zoOkwHw+guAMQPscejiFYSDFOVYsEAQwoYLkJqzwkxtc6Gq3QnWPRQkmJEigB5y15lFFELfSpV4OZju+f5HBA+TZyVKLQSbiFftnMwcSSK8wz84+fzKitthjw1oIKQYLIBaedSVyJTOFdmEsWTBuwVa/hZhhuWdQC9AEe7PCCDa6jpyz44lhnYsmmlCIdkQOID4h5RjoVm4FqiRIZWOgC5CVk2z2jK2ADcodj05diOk95BaqX0youkMMwQYAMz0ziDaCW+DkYLojsYSbBzDNjDb6QV0ujh77BQWZ6RWXqhq43vEPbcJdldkjufgT6vxknBiuq4589FIdcCJqO4xSQW9xoQ9yBSLay/4WLSYijYqya2SNegUJe8mjiG/jhrQVWho5jF+QB1UcmPs1W6iXlVqevF4gP0ccAew3Q3yCsAqhw9YBLFOQbsrYGcWkJNFehOtTcLWWAVc+2IpEDXyunTiL6p0FNACIdkwLUG7HfSSM8ay4BFV+n0jyIUkJvwCPUWUSZho0AXLHqRQ8/dcAGKbRzTOLahcCcYiJN7KUMqANcMRk5AU8ZCY4pEgS9AX3iKbEOh0eVQ/JEMJ080YGxNiQ/mywF7rt0o6lBs5csO5I/g2r0NH30qCDWcApnOAPqUR0dINK+zcQ1chtvhADcnAYk7geRN3PRNgRaw9nAtzQeZ+N3FJxjbu4u/0uS45quM9P2DgjQvJNxrJvHdgIW9u/iLAYlSdItTUKSbJe8ummGuvgrSRNeLq+ijSW0wKH53gav0IZgDWEZJanKbntNJy8FewRcM8/+37T5ht99FjKPtQ4FdTe8lY20fuu5RHYouHD94ExS+aEDC97HYoS5fAT4jacHqbyh0XGGJTO7L2PqmHYAvIHwX/52Yv66mmMlCviBJiPoAaHExozdQdir+hfoI85WLSFOXKxqI4mmAlv92kyj6GRD5I1bZGyjXCqVKuwsAMIxQgaYUS8dRoDdQeuG2Gyg93bUpWFjtihH5Aez2KLbYDMjDBRlNJKwBLacCeYbImIbrUYT4uu0cVA/JcOcZsPs1s9Dx1UUlCZGau5Bv31YTTcG6apErkQtUoXvlDhTTTKKYaSB+r2gWjwJwMWkxAG6fGrNwXWtQ4OL61lgMJAqCAmyU2IJhzQVJDMnTnA4B29lwfwkyC/RJz6h6wGem7bBV9oX5LQfsuUigqEOxlS87kLv/RUJfZ0b69KSAF1PE5XwzEE6HKgDoHwCYhtuJ7wA/S2Cjw+muCB9MgMYhoCzasz1QyI99e1zP5Xsgy+oeToBsJ4q+6CH7GLjpUPZz7EmJRq8uMYjdNdC3zPcUVXFNNhB9k9Ene/w3JiCx2fOyEIkF9QX8aLdO9Cg+tgnKs6ARnPYId0UCEhtx+kOsUAHcsesCnckCmwYR+SRAPY3KgugejN1puOufl7iaTHwfpfegBuyXk5lKBdyHaJxoDe4KkkFloe25IqqgF3gFdr+056URIHyaOCtRaCXcQr5s52DiSBTnGfjHL43I6G2c9SKjwC4gOrCB6DYoO/lPTzSusQfsIhPdBNC1jmYmQOMQMH6UT975MD1ARMX/h3+DZxE5wzygO8OtS0D4CmAUxdG3WbYIhEMSrrsBG1D+2d8HClk2t2pgA3C9sOnDoTXXy6s+EeguRTLOIgOWnGtLFAW0QUxhwm18mWoSBb6AOJgWX6NHFF8lw8kqe5SP9wYswPb1veSnq6mdOqpDwb6WH9zXe54D3GZAHi7I6F//HBB+yLeBWi2A601hNtJj7AfA1YzDLncLTWIxz4C98hb9C+vwPqKkqeltuHRFIWUwPVBci6X+hbUby2NwT2IMM4nFSQb06TT+C2v9M/WoEy7IKmvTf2Ly7ZUB1GIqe8H0QeHyMvbYr7NCohhjQNz1jK8vBqiP/aoYTScx/QtrPWWrCnB5mMnlo3DMYUgeq77AJKNUGxB5AUv9C+uQadf2xwLpSkhIC0OFZLOd7av4svs8p/MBkCkfQJyc0PKuoyId1AgQ6sSjaUwrn1r9inprNcOHmDA/nKh0+luHgiH6EuVuLEIU7hZ8j8LllyYJxlz5vYRgDxrQP5uKfzgJlxMMU5ViwQBDKLz+Rms/nERacH44cbiK/nASAixFd50Bed2uwvEUqN7uXd+HQdqv3aYsoK6h7l83KgtiG/nYeqC67rmfZP0JyEUORR2KrXzZgdz97yflQ9BAnQhA+6TbyLbVPhmyPSL2r1VW+6TMMyDuIVy0T8p9jJfmzJqKS1cU0QQY+qSGj7RPyljOn56cUMNMUj8SAIgMQmqfdPmY0idVVun2kvdIrz2MglpMXWsYPbMlLxO3RdYAiWKMgfh5SPukm0gzoE+66SSmfdLNxJfTNZrN5PJRhMzB2qKettono6UGJFqGpfZJYdraJ1Van9TCUCGZZefxlWgbZSj6Yoaw02lbAuy/4fymmggnYHN2TbyLzq7BhPtd+bmCHmhOzYJGCioATWpw2mqAMyPD/ieK6w54qdr+IE6Orsb0BECk/20kf2A8otRy5hu4khEbZX5UrSacg5EuuHMJ4LZOaCxoxiQgsRH5Tw==(/figma)--&gt;Nếu bạn cũng đang muốn tìm hiểu về những cách để bảo quản thực phẩm được lâu nhất và không mất đi chất dinh dưỡng của chúng hì hãy cùng tìm những&lt;/p&gt;', '&lt;p&gt;&lt;meta charset=&quot;utf-8&quot; /&gt;&lt;!--(figmeta)eyJmaWxlS2V5IjoiY1dXVmdOd3ZwckFCTUx0NmMwZlI3ZCIsInBhc3RlSUQiOjQzMTE4MDgzNSwiZGF0YVR5cGUiOiJzY2VuZSJ9Cg==(/figmeta)--&gt;&lt;!--(figma)ZmlnLWtpd2kCAAAAnR0AALVb+5ckSVWOyKp+Tc/Ozj54ioiIiKg4O7vsLohIdlZWV3ZXVeZmZlXPrEiRXZXdnTvVVWVldc/0ioiI77ciKioivhAV329ExbciKqKIIPLS4/F4PP4Jfl9Evmp64Df3nO24cePmjRs37r1x40bNk504TaPDODybxULcteM63UEQmn4o8F/XbdgDq2V2t+0AXdkLbL/SNxS13W0ArgXOdtdsA6oH4fW2DWBFAYPAJq9VRas4D4Jdxxv4dts1+eVa1w2d5vVB0HJ77cag5237ZoPfr2fgoOF22d/I+77d9O2gBdSFwLK79gBorzV4rGf714HcrCJ922sTedG8laQQ+RpgQYQ0h0MsHSjfNhsDt6vIhOrs+U7IGWV3Ooq9oyiNQWZhKLQpMYg6bl+Bci+ZjJLJoX8yJk3X7T5u+y4GhNtQ4+SgdXsPBm2gRMO1eh27S61Iy+z2zQCQse27PQ9ArembHdLVt1y3bZvdgevZvhk6bhfIlb5tha4PaJW6RLvWdhTbdbvddryA4IYPImyS2oULvr3da5v+wHPb17cVk01M1W3YDSinpLsY2tco0l1B27GIuBRc72y53NG7nS4m6yrs5a1xPBl1sCoh7vPMIBiELbDb5m7AXvyOsgHZMP1dm3MZnV47dPQe1CgqJNnq+RyqW27bLXorbWe7FapvVgPoWkFqcfii4Ta2bfTX9Sd5dwO74LdN8r4QuM1woHigt9ky/UbRu9hwmk3bt/UK7rKvWe1eoPV5qdUj7u7ADHuFki+rWQDc0+51nK4bOCGnuNeLkslCb+Za4LYdbrCAmTUc7CZmo6jAyALFVukDuwuQKKibuwFcrcCBqOMqL6o7HVOtbAUWtuMAWHWO4Z3BMBrHWulwL98OLaXvpsPlyabTVpOEjtrJmn1wEA8zQetOtwunDVpmw93DoGj4rld2ZdOFfWADu43BVrtHuYwt09pdRtXC+NbCUm6w6vrOtqM9XfQ8mCZa2Xb3FAARQi1DAENoDyzTo3HXy96g6fqWcp0VMm3Ew+k8WiTTCb7JHQQzY1uhTsASy3V27dLIjO7J8X48702SRYpvfJPLEJ5zzW4HACQkgvtTL4Y1naSLeWXTsJnAC44rcWXHZDwwMEem0lpgmWoB9SY4Ngb6i5Wso6hXg8V8eiM2x8nhBB8UzAS8xFGBS7q9MAMNTWxFM3DJ14elqN2WwWM90yfKMH3f3VMmxEXUdNd+rOe0EXN8pe26ZrUzTThtBxFKzbpl920Oy5yrsTWdjuNo4s7iXLP1XldbNmTEZwHcHrAMeluhbyrYuKYMXm20WllrOk+enE4W0Rift+0miSqKgxEo1zJ2egGit6N2tPy6H88XCWyWONfDUOXTLTcM3Q4gozM9SWPrZJ5O59icht00ESswICzfDWCijg9Y2tdt2iz2FT0Dh4+ayjOxFMQOC7aBft1T8WIFjeW0Aa324QLTeSeZz8m9sC34n9pfqQC4I8KE3d0OuflGI0qPtJcZFoIpUKI0Dak8UVtS3etuAyV2PJutDPpsDK/RRFOzb82m88Xt1lezXKgAQucmJnLEntNQ88sc0bJz9bajs+nJYnuejDSTujbIijpLAQ1tn7XyGy9aLOL5BEOgcjxlWwhYKnBJtVkni6kfp8mTYF2oSImjNFPIIQsIBn02joM4WxQU7gduFg5C2+S+Sgs2oXcY5zRO5a7F8FkL7Y7n+qY6o2HMmg20tIgLFZ2LqgBlHhMxdTS8ofenELaFePQ41KYkkDgOQgfqBayplTWC/JzatK40kTU9gRDzjPa8inPaQtM19dnOSbpIDs4+0xeeadkDOKhOLvRngdK2oUIKkEgmAudxexC6gyycQyUTGC88V2uliBuweNuHrgfMy9CXPV+tdAsBG23Narvq/K87XE5UYXHR7Q5g0YpMmE2wGYROx0acQl92XCR2A7UGQ8N6oIavWjxiAdf1AE4Nkq3onkpYVkHlYRE0LuRyStT1hm/SIzYwtmtfzz+7gG7f1enFZjiPJmlSyvgMxE9kGeEAMQmRNDuLRcMJYBV9G6BsIvtDayBFQRrY9N0OnFeFploFlcemegWno9BKBVOEoVWvF7Q0LmO2VmJyXuslSrPaKBEFpwvMCjUu47RZYnJOF0uU5nRXiSg4XdKCYhtAlDO7ewmZ87u8hNUs71nCFVzvVTNl2IzpfVVczvP+KlKzfEoVVXB8KlzTsQYcQ+9pOOaR3ptdeKzKn59uRymSY72/68j/rd6WY2FAkFHekUixKl2Dp6DOkPAFbbsYqpNuCbOiv13Crer4U/TXguF8Oh43krn2KvDJzPQzRA8sUXu6+hYuuaBDxSO48CLGuH3NQ4TUHmyBA89R1ZPbPYQwaaS4XGAywGtCjqc4DBWIpGSMA0nW52JDyEP8MfbxpxbhT12fWfj4FnryDH8MHyhQl4ib+FM7wp+64hQspjN8MCQsQiFnU+1TIDA60WKe3BJy9fjKFfTl8ZUH0BjHV66iqR0/QGT9+AEiV44fIHLVi+aIxs5kFOM74/AkGQm/wnQzT78weBqNT2J8I09UKvZ0YTShpW50HAtZO4iOk/EZ6GXKQA/AAJNFOpwnswV6NdL2o3kS4ZOT43ieDJvJ4ckcqkVoz24RApbgqINWuu2Guk0CVtMsfxrMoiHsbOlbDzmDi/3MDicZmltZ4n0HBk1uLhdY5YC0HPclBeOUhYWp/a1+bUWzFPZVfgIHUKm4RDPIO4ZnIy2m6DUgBkWPWZllqoi9AhQWuw1wtcLfy/VeFQtZG/4iecPRC0DJEyglY3MKKgc2raxfIg9UEbYZRwul4H+XHjJxDAnrqqdIMikMywuIr1EatEpAtCvZnXY1cLpMcNZcv9FFu242fY5vNLoqGlzo9joUaRMXLxPtRRw5XNJdDd1eaun2biT3bC+bpsr37rF0e69vqfa+QPfv9/vqavgUOibapwZ76tb/NCvYY/t0bA7xz7CsDuV+ZqCP589qOQHxz+LBivazXb9L+Z5NpaD9HBww3MrnNEJ1Z/jcZtvkOp7b2fZ5Qn5eAFtD+7xdHLdoP7+JlAjt81u6/YKWnvcFoe5/4WO6faGn2y9iUoz2i9vNLfa/xPVU+yI/VO2Xevr7K95ul3p6oI3wgfYqWsr5oB+22X8ILfsvNrf8PtqHza0++4+gpdyP9jWfl/QhENqXbrX3uD9fhpZ0L0NLui83d1tcx8utHZXsf4XVVI7wCstTfdPq+aTbwlnLvoXgxrbR1PztJi58aJtor6LdRvsg2ham5XwOWvLfaen1YLZtytNuuTu0G6RHKrPpOjjJ0bo73iOPovV2vEfJ57Ed7yVX0Po73pWH0AbtnQ6/C9uuRfoejhXuS79jN3gn3kNLOa51djvEX++2VWbzeLe3G6L9SqQjlOuVaAO0X9WHwtG+ygtC4gdoiX+1v+uzH/lei+2+39vivg+Djkf6UajliMOuSmwPsE3cv8M+qgVoj/p6POnrdT/R31X2cqPvhz7aMdqraI+DAJFXiAla9qdoH0Q7Q/sQ2q9G+2K0c7QPo03RPoJ2gZZ6OkH7ErSnQYCYLcRNtOR3Cy35naElvyfRkt/XoCW/16Alv69FS36vRUt+X4eW/F4ng+AqGX69tPpKwtcTIMtvIECebyBApt9IgFy/iQDZfjMB8v0WAmT8rQTI+dsAKFG/nQA5fwcBcv5OAuT8XQTI+bsJkPP3ECDn7yVAzt9HgJy/nwA5vxGAkvkHCJDzmwiQ8w8SIOcfIkDOP0yAnN9MgJx/hAA5/ygBcv4xAuT8FgAPkvOPEyDntxIg558gQM5vI0DOP0mAnH+KADn/NAFy/hkC5PyzBMj57QAeIuefI0DO7yBAzj9PgJx/gQA5/yIBcn4nAXL+JQLk/MsEyPlXCJDzrwJ4MTn/GgFy/nUC5PwbBMj5NwmQ828RIOffJkDOv0OAnH+XADn/HgFyfheAh8n59wmQ87sJkPMfECDnPyRAzn9EgJzfQ4Cc/5gAOf8JAXL+UwLk/GcAHiHnPydAzn9BgJz/kgA5/xUBcv5rAuT8XgLk/DcEyPl9BMj5bwmQ898BeJSc/54AOb+fADn/AwFy/gABcv5HAuT8TwTI+YMEyPmfCZDzhwiQ878AUCHqwwTI+SMEyPlfCZDzRwmQ878RIOePESDnjxMg508QIOdPEiDnT8nbqwVIrRY4rsUVIfMUy2BO2YlmMyY50jiYT4+Zli2m+Gtsjaf7Qsr9s0WciprUZQph1FC2PmJ/wowM+dcoWkSKdg3ZVzLGDdFi0miOnsA9Vsj1BedGOpceRaPpzRSgcZQcHuFSfIT0DgnjKF5EyRhQPYbIKXMJJI6nuDTHKDMAXl3Ex6ropIfWTpN93PGGhNdV7VRPm704COPC/++UQyRG8whr2xAb+3PynGBm9C4oYYRxj9LzJSGHVASyZ2PKRHLBPLt2mqTJPpIqKepospL3RbGSIuFOxeNyFbwn6cF0fixeKdYSpfRbYl0B4RGS5AklR94eTYDDzcHhCBCXNQJpHbJObM2auAf9ao33srgwn+KeARJIsplyAMDFA6U+i8Jmu/akuGvGtTTViHiNuBQfT59ILHDxUCeEEtfk3UwQO1BkAwYgjJUb8ZmAwRwA204mcSumZsDeIKaRHMbgW0MGj55OKyeizs6eJlxBsorKkWa2OTyKmDrH8xQmJoue+tBpcHojJeyexnMUpOIwgjIRFGRtrKpUqhjSh4pRXB5DmhTHi1w5HJ/NjlKcK3J1VBSIU5wqck1/1seEQEF36xStWN3rpNw4iMbjfdRZmhhIxb68cIRdnoP5ja3pLUzwBik3WxWUMOr7KACNUnENd5n5GAvJLz61o5wOed0KXmQyKYWxBmvUqXlfyJvJaMEbmcGx6wBqBArF1tkz0yEuVuitHSTzdGHlmsISVmBd1f7qNpcvjNXh9Pg4gmCZ15bXsL7QWoVUcOYDLFTpEVOdZx6NTjOHWG0UuhSGMcfFEkuWsuRk6Pun0qRRO1Wdbry4OZ3fyEWYwN6jMSYbqRlzQc5vLyMWyo9YhqQyU+FLGZwd70/HGftUdTAvApmGcyYpGRi4VdK5Ahp/E6uBg0KxOds8GBqG2ig5Aw4ZBUpDWDuEUwz9+CDGdRaLNzYOknG8C8uHlaZqUM1sYEoaUitCrMStlKJ6YJWxT5GAyHoeWVfGCYLL/IwyhNPgZJ+32X2QESEWkvs1m06wzXqitZPJwZgV2AloqhzXk7SXD8UjRJgNLbWVf9+JUuxepqhhjtVc5exkf5ykR2DGeSltOA3j6LhdSsdJjNsnyZ6FYLsq7N0rKmHv4CCNF9jN2jwaJSeMkfUy/q2gKeLfajqbx9EIFGshA6AySGdyMMVWKL47Qo5OMiuDS3iIZFMONOLTZJiXz/P6CxN0Vb+XFq5M6hJpKBxKMry6o1/TH/p5QOQlV39sWXsDdSjL2yaBR7ODHA+bnZkppMYSnRH0mBwkcA3sNr7SPN+CIE/rQ3DxMh8LyQDvjZBEXbMFymB5zUwSLkYM9vLKWQ11I6wjp6xn3YJ4JUPk9Ksds9tTl5O1TIAthK7DOQOSU1ZxMUuxahZ58Vyt67msyGVPTfIcA72G4ktcvpzGIH/bPE9uzmYxAofyF2O/QCsuPwNVligrN5xuhLNY6VBRoUxh9nH3V+UNgaJg9jgrgz1VcDBsnOLzRYDDG+abCmM9PTk4QIkKZq3OQMXlRQLlrCIbmotaenpIX+jytMROoYtsiOb4Thgneu7JgiGWxxLG4YZQHGK/O0EFSoo1UDSn82EcqPcz+NaNFOj1TJb+dsZMGE5z0LXtrKhntvfM6wEA2VZHDt9TEEcWlPCqkBF/TmAggBRuUpucHAdwMCgjFTgsMqdCvpJqbEBTRBg+PIFPzrPe2jDT5fqMrorHmofExjbCEDahlk0iC1bFweTB7bFLN5Py1wfrAg69dGDgdQOxOaTELFJpK8gei1HR8t1dYozs4b9m45Fc1QPquP+jdAZoJXssWtUBSvGrRFUd/LO4BHOqhNI8EJMAKsfKuIVYU0pM9gke/soaF74pg3RWd92Kj2Bh0A/44VGwrco1WAKeTgZ7LRtO0HLajYHbxKMah1FCQyVd/35CmvNhMWeE98jJoTk5hKKQcCKeVbpGggeXuZ+Hvpo3PjlMJtm3M9WBFiCvzsch6A0tpKfG/HgcnUyGR3f44BgJJ8waIExa7Q3AGn8TgjN6ggHjU+p4xJaqNowOsW8vnh0h0RCrwlCARj48gz7z0uyrRK3S1QSPLLjRF4SKfRr16CSCy2yKFbYa9ZLSYFczUA+8FDXqG+qgWNOQRn9ZmRKvZ6AeeBm+LE6FjaKjB798iDCxAHBBARr58pQm30dCi1ajvgJOXiTRF4uOHnzFCKYEQ4ft4CiRd1W6msCM1PMlFwexL5U9PbxVBix7wsSEi7v7HFITW8eICxi/zFajGrGKENZyOLnnPFaT2/zSSV0djEB57xJCEzXL6V2tTSj2vnNITbyNdK1qmPdX+5qkVUn+npLDesiBhUSH82h2RCPBbmyIp96G0oQ7BTavo2+Ip92O06S79CSH3qLyMhA+fRmjydrHCXapnaAByTPQZD093ElVJM4uFBvimdW+JukuEMxDnH43MDdIPqva1yTuUfETBWwGWKjj4pniWXfC60889DCRiQvmRDxLfHalqwke0xgrmolni2cXHT3o6776AcZzxOeUPT0cUETFq1UIIJ4nnnMHtP4gLEb6+c8lni8+9xxSE/eItxANxP3iuTmsh/rsVnL7p4rPW8Zosr39238X8lzxvNtxmvTaaTZ3qUAo9vPPYzX5dcTtscd+Kl4rn1/29PDjIIamNAoEX1Dta5KvpIdkF6ZXixeUPT38Slp2F46Ni+sX5rAe+iq1VEbe10vxwryjx14Vq4w3RUFQflEG65EBou8IB5P6dQgsSrxQfPFtKE34au3tQZ6x/IKUX7KM0nQRZzZVAErhgeJh8aJljCbbHxe5RIpynvzSSl9TDPW1i4tAzVRcKbt6fKTOT5wua+KBDNQDcRlErCyluHobShMecH+24+lxvJifoV4oH6wiNM2h3qIcSaqHllGa7gjen/0k42UiKTp68AnVz+IHfPhGta9JxgrlRSMexyA5rvY1yYTnIsK+ut5N844em+mrHLWD4rH46rKrx+cHrLB0EIYbSaqCPcJyeg6piRdzvVHTJqKWFCgoFV1NcKo3fgsSaqXm34P6phLcAhahTrmveIW4pZA7KNTwZyJb4izVOZGSskyj3ijFk0mqsZ6+3JEtuH4NoOKD6g3yNSO8Wp7mI1ww78xfWyXv63QMp/9r6THZi6KFLGQ6aTNp5wIxx9ctjUL8W4uTaFyleJ2qFWUkWPNwHjNU4K5Zpfr6KlULtgAvQqyokry+SuLOsccIeRJvDRV0MMYpH48ej+dTDL2hOtTN3mr1O/EILxLnBzPrEgeoI50fbeIAoejiCI8XlWGE+FQ8gXpTBVfkpWM8a9DssIRflfLbJCJfdu1lHgdP9PHKMcNdUt1AAxyHi2LgO8qB0myUL8I9v1MiACKZicZMIrDa75LTU1UCwdmsN1Ex+e6sYtGIoXo8n2Nm7Or3SFZwkETi0J3O2vEBdq/MDuBL37tE4DOa3kbxfSXF1nSxmB7fgcv3305zJ0ZvLInKkYQ5Bt6esRj60w/cThPi6FkmeRO1RRfDClPYIiJOhJOA/vWDUts27FcXQ+C/0J2y/DdJBHiQZruiihFvlnj8KXEhNgCViTdXUI2ySPEjMo6K36m0UTaAnnH5KH8w0sWb0FAJHRxPpwvWXvDZW2UyOYJZsfo6DnQsxna9JUcHKmCWA2/LB0L4WIn+2Rxtq/BSDry9GFBHVznwc/kAz40S/Y4cXZGnyV+IUAyM/45M0mIIOv0x9PVgjvkJmRJSevhNiUcu1V22uz+QJ3lZCWqoBqWfkmOcidBR5oOvxpsYvoQmXX1/7aOMAAPPwtLPZ1sacI7Kdv6uxClbGSoD5W9LvI4l6XKMfKeMld6oVDPFdZ4A8L8EymB6gDQIUmWsgP5loLvTSW82wpGdsfiVTEyYHOxjqKgxKjw4/LDE4TTAEn5NomABQzxKxiOI1UhOERpYTvr1inF5CHjx/BQ1ffLFFL9BRhPsIgaVeptQcIniD/k2xW/R/nW0yApZb5VYdKqYFFfhd0moSEUOiIVvQ5CLFl7uyunD5DhGWgEbfVeVshOhg/+VR/2+RCcfqTjDu+UoxoE1UX3cXrBhSFLwwR9WCkA6d0Mu90fyjja3VVDC7t4jo+wm/m6Jh0Foa/noaqscqJ8ZxgpOsglWimMDXbW4d0i8Hk5PlSB5WFYDb5N4TcwGeAtfgHFOgK3683ysFMcp14ynW7w8nqMwyyrY2yVeJNWRkMm2iYfJBcyrh81tL0m9hpdKffHniqAr+V48zx0i2I3ciRs29W9vUjGTf1PgDw6WBt5X2cDgaHoyHgXHOEtM9VpEM/1bmTKf0NnFy/HaqbrlrSJLm7CHf6+HIJzK18uB9+uBPfVg0RD/oLs61Ub/A0odCCqqCuPjjXSmfQ27yzrCP+V9FW8+CAPOojHJN/FumqTWVUj6oZwuHvUzBW3iDVUriBtVlEveI+WHwQbiwyznwcmMrpxFKUYmk8clAy/zh49ocbMsC/7IRTXwAlswSDMOn4bBR2XxoAP14aH2RnwWzpPDQzjw+6T4GOQP6PnbsIQZ6D9eOmTFcFIYnfyEPJ3CQ+1TrN47wjMj9fNJWAsKjb1PEyA/VRaqK+xQMtIFoJi8YJLC0AMprE3Wik9sNWysJuWnIdBwfVlBLfk4ClvFQMXFa8vLrt9hJSulLZbBZLWQxVQshaFLNoqsyHkqZhyCFMeuUWKqUiwduvWSppywIsUdPYKl3iyCKjZNllNzjI6p67To8R3Dw8b5MHOhnPBcCN/U8jZhuxxHRepipsSGDtZiZde+vuWaPiumotfd7bp7qFDyx6EoTaryv7y25V5D8d4GbHjBQ2hqwZ4TWq2Bp35iV98tt8ZgmZFPuSgnS2hVYbO53ovNbUFobcuGod8tVZ6KLTD6SXyTfoCXkGE0OY1SnslI4BDf8OYn5AxH2BgrPAUdlmaofiPm0lmQqumPtjW3uvp3GmSl/6nGC4TU44ppezpUKoRCjQo6wLGr9MQX1mu3c7TGyfCGwBvVCJET75qwU36vdV1skTQmWD3osyMQEVOnEUaolYEgqndXyNpUQ9kM8mi6SGfTRdY10pvRLINrt3+sApGxMtW9jOozMZjlbuCU7pWN1bPPtlAonqGMsHBGSOvFCnSdwr9w7DG+YMP24WcBblIxK8WYLps9RZCTWF5uhWUOKoym6+9lxuXbeFsJaEUSuX07PsVu4ut9RkfUMVhYXp3CXdRkH8XbzSS+WXSMczI2KGMNUL4aYLCWJG1pSmfSjW/etgQsalQI9zH44rIAHivXsG7+9M/Bg5AS29xyfQ1Ky+10nFB3jOVPd+OzA17RERhnisunsADo/BAC8LZhLBAg0kV0PEMneyjIwiw+2V9eVa5Y3jRuwdiMVNEXpoQavp5bZ4SwA1xAF7lStUDiE+BzHh1AD7j+/Ac0qplmQqTiPxG3q0LWlYUjZyh9ZaWH6KL5COPepR+LZyFMR/AJFYE3g2F2aawj9h3GOrat0H2Vm78f+j9WXvoB1O/T3Pfw6L4+3cdEpxBLrMmNUczo0dU8L2D3sKHKF1Oc7XJTLyP3vxQHukSEX/aWFAe5vAtTzSHtprik9JLTZPYC47l7Ce/dwWPwuS8uL3KSnH2D3ggnuGeGXrkxqfgvKe8NIDBOZ5SlHzuJUZfiCxROBKyum0UK3CeR2mCfidD6TTvxIgKPSBhyHy9jSC/iMdMvWgD03YHyoVNh3E8JYY+yuh0GRFBAbVJyRI4q69RB3v9vKfFMDt7iVK6mSNCicabltWg4BDtRF+sp8+MgVtVLjGzk/ZDTPiou5H0L6Qw2RqFfKjZn0CSP1hVxUYGZ5H3+9gdd5Dp0GTC8pCf2orPxNBoBcXe6pK8Egv6PlJcrCylU87942TgApz4yJSwd671XcXdSjwqOxuMz92SRJqPYngzHsBCchMpJpbhPEXpQIYKdL+7/P3McAADtmwmUVeWRx+u+bvZVcEWQxyoo0t3QNI3Sj2t0HDUuaNyiUYEGxA0IivvySTfdgoLgHhRtRBNAxwiihqXbqyiyiYLEBZE0EaNR0EZjVFAzv6p7X/uZYzIz52TOwRneOZf6v/pX1Vdffd+tu7wmCFKSI82XPzHjvpwWkwPX5mZxfVqWnnnmGRecdOUVY8cd+ZMTT7i8qDR/5Kn9h0tb2VuC3AaBSEpygwZHjykdf+mI0ZdLw6DxjSLSRFpLG5FALKZ0ktxUg8FDLxiRLvjOorkKPiZaBerQVnGfG9asXp09VHElgRocpoGCLpLbosGwMcOvTudZqEaSBGsmZSL53wvZQlpaFvtMEIn2lf3kgJvQtlOuvXQIDpKOkiazztJFukn3IJDUDZMnTcoeapaj/zC7QA6WHhNFpqV6njpm2JjLx8ipIy4Yf8nQcRJ/PSz79ZCgoHDsVemTx44Ynf7Z0NGXpbNErqXXuEmTIKgnJUtK6kap+kXO3qcMGPnHIUuuaL3h2i493551597FBZMyudKgqqFIL+kd3CgukJsCmRBIWSDlgUwMpCKQykBuDmRSILODnEco+KOBPBYwGcol/xEEI0cMHVFUVNqv39C+Q0v7jxjRb2gf/hk+jH+HFo3sNzy/sHTYsMLSAkn165N/eMGA/iKPB7IqkNVB6uVA1gYUv9nRGi3oLLnNG5w0Yvzl44ZekmYBir63AFofPf5uDXQF9v6B0iclv/75557LHkr7Je8l0wO5PZA7ArkzkLsCuTuQKp3n38+xuHjY8GH9RhaMKBg2oKhwWFFB8YiRA4pLC0eOKCruO6CgsDA/P7/v8NIRkios6nc4322OEqxosCBXYwTszxYNTtqy+Nnx6WFbFs8anS59ce7oC9IvTB/Kv5eO37Jk+uj05cseuzQ96sItS8rGp6/YsuSm9OhRW5b8Fr502azSUdjCqPfsMelfjkfggcH80vTYUVsWz70Ug+VPbFkyuzR9ybKHxqvz4kcuT1+xrCp98ahlCwlzqSlemH5hujTmhl84elR6uDrNgi7dsuQ3Q6GWLebLqGWPccy+mrEX8dVSI6Km8701qRQ5plzExWsyOZC9bFk4sWdzdtgp90NnR26HlC5ROic5O3L/y6X6b54d/zdKnJbcbGEb5HA+SvpXqcrcq4/LkdwycQ0bUVHXQBr2Fk5UmbYmVdkYrkyL9R3du+H50OVy7MhUpaw4NodgPn1+Q/Y9B2W3+IRGHxH1BpFLJQhSE2TIIJ8JYMJW9NtUmVy1r8+klGknQQ5M69t9JqfhdSK76OOpsuLNf/aZXPXpSNtNlbd/ra/PNIBx+0rQEObZsT7TUBkbp7z9LY/7TKNknEap8uJxG32mMT7SXILGqYntJzX1mSYwIdEawozp6TNNYRxME5jTj/WZZjCadQ7MSxf4TPMkg6apifMWX+8zLfCJCuhxMH0e9JmWMPFMJ86bU+0zrZSJM5g3dZPPtIZJMpgnX/vMXkkGzVMV7Xc29pk2+ESRrlxF+5s7+UxbmJBxWsDsyveZvWGkq+ZW0f6z0Gf2gXH45MCMHOwz+yYZtExVbD3/HJ/Zr+H14k6SoBXMzcN9Zn/12WlZb73sYp85gHE0a8bZGpT7TDv1YZzWqYp5u6b6zIH4SDsJ9oK54AGfaa8+OyRoA1P0iM90wCfe1xXzWi30mYOUIRoZzJuwzGc6ajQyaJuqGHfdWp9JM1Opk2BvmLff9plOGo1xiDZu4Yc+0zmJRq2LH//cZ7rg48igdary/mmckd8xXWEEZh+YY5r6TDeYaKBGq7x/Rxuf6Q7j8GmSqmz/aDufORgm3lWV91d29pkeSW6NUpUut4fP9MRHz6x9Yc7K85lDYHRf4yN/LfKZQ2HUh/nI8Rmf6aUMuZEBnc9nDksyaJqyZpdV98ZBT6s2qQkSNfOZPJi40BNk8Fc+k5+Eoh0VXlzkMwXqQwH2g+m70Gf6wOhk9k+Vz2iwn8/0hdFThHY0470zfKYwGeeAVHnhS5f5TD/16aKbrbxwzJM+UwQTUoD9YI7Y4TP9YTQD2sSMtt/LoFgZfGgGM77q5zMDkgxapiaOvOhonzmcDaqnYmuYpd/L+giiCdHawdw53mcGwuiWagQT3uszJTC6oGQwctpTPpNJMjgwNbEweMFnBuGjtSaDwsve9ZkQRjNon6qY0S3wmSNhtAa0iRlDWvvMT2CSNjHj4x4+c1SSQdNUhRyc7zNHqw97pwPMu6HP/JsyzPQgmAGn+swxMI7VbgRTPMxn/h0mrkGF1I71mWOTDDqmKkbuf5XPHKfMDgnSMO/f4DPHE01nSjsa2Xmqz/wUJqQ6jDPyrpk+c4JGY5yGqYo1Lz/sMyfi4/ChVa4Jv7evT4IRmE4wjy3zmZNhNAPa+Jr31/vM4GTvkMGa1pt85pQkAxpi4XHv+syp+GhD7Awzq85nfpaMQ7TCTX/zmdOSaF1SlSdMzvGZ09UnR+dTueahpj5zBozOpyvMWW185kxlWDka4prT2vnMWTAOHxriCS07+8zPYXSP5uDzYU+fOTvJrTmNqvIwnzkHH92JnWDWDvCZX8DoTFvSKi8+0mfOpTpxRbXt+cx5yTi0Pb2Jy6rPJ5Ru3b1oblEznxmiDjs01AR54iqfGaoMoRrBvPq+zwwjmm7d1qky6XGhz5QqQ2k6wdy81WeGw8STKZf8PJ8ZUT+ZctnwM58ZmWTQDeb+MT5zAdGitM4Hn8d9ZpT6MB/uA6X1Kp+5EB9HbjQQ+Zgb2++Yi2AEhnYkyzv7zMUazTKYKPPyfeYSfDSDDjDHDPaZS5WhGXSH+XScz4yGcbalJkrd7T4zRhky4M5NXp/vM2Nh4i01UY5d5zO/THKjvUqvP/jMOHx0fQ6Gue5rn7kMJmScZjSd+S185nIYXR9OK9nW3mfG149TIZu7+MwV+Og4tAmp6OMzVyrDOD1gPj3SZ66CCWFoOjLiFJ+5GsbBNIF5c4jPXAMT16BCpo/1mWuT3DSDsit95jp8hGjcO8onFT5zvfrsjKNtnOIzNyiTRFtzp8/cmETrCVP8sM+4AEoLdwjUEU/61E2B7uyt8Ug3RD41IUiG0qKOfcmnyjSgVvVQqP1f96lypULS0OLd8p5PTVTKQTWB+vYvPlWhVFy+SndOyqcqs2loi9nQwKdutuQ5LVvRYy5s6lOTzGunNTO3uYVPTdaxtJvpWN3a+dQt5sVYNFT3QAefulW9NHn6s5zVzaemKCVQ3LFKy8N8aqpSeqIRUBb186nblHJ40aLduBKfmqZUUg05+d98anqSob0Oi98R1L8y0Hdh0itn73cO7DB/0I4vOhU/V7g8r/jbL/sf99lFuZJ9F4aR+6fvwu4J5AFeW/2G94aP8E5slf86q2GvEYLoNIhHbklJbeMESL+MhM0HxYAPYG4JMguKspSCdJNBtJhMDExjAesBn/VcCCW8A4f00hxxxQZE3ifUVSU5IoeX8LiPUuWNRFIQ3pxJmCdgZmD6qireLJHoExRdMhLJIIKdDWBgN8VkjoTPGxD3B2QdLtHXmK/lCzKcQnQFcjlAmhkgagtA14y4Acj3yMiNBJQx1F0mifq4AQmfRT6qilcBr5HVO7g1JVj4FYpqZd4AML1kvhJYbm67jlNqQKSE4y1V7EdeL/ClJUcVUdxaD7jZmLg1mCznyxKYjaqYxxeCJFGJL+Mzkh5IvV1VAuTPGQkPBETPJECt03kAOSbRyHKmYyB210A7GesUVe07KAYRsxpSAHCvJyCxkTlsJpFVJHUGk5bfApisIxYSRUcDIu9So7RaTAI8xXEzR0mGQICwERFdmoyywA3SKQLUPpxgkpoyDYBEK7Boi7MC85EvPMAHsDoL4uSEV6Up/pHcQRKWE12Ba06gj+AnEF1eAWiuD5pk/DMNiOuIvKaEUAcCLOatZF8PQsZ1naGywDZc/ZZ8wCQ7kPgAiRgw/BgLzUBW4odknxNNQbmuZfQWiU3CRkH0O768xLEeRfgU3ttwYl8hGed4A/HAz2XiDNwBMHIiZpTLYYok2EIDEhJM6lRBdHcofionZWRDLmNbwUTwXw5wA8UtQw7HPJwNoCByqUksOhiIT4HmWMjZgFkcKvfVHADuIqy2I29VRX++PMyQd5lkDZ/3QLgIEwVuHV9IN/qDKh7hy8coSRHJnIcaoOJYbFHFQSh+jwWSdCllGeMtg1EQvYHpUhQfquKvgG9Q9MIll3Vx5xKEdQlvNYnFEgPiCChfq0sdiq182YFcotEB8o3OV8FgAu5EykCKb0AwWWVAOO+vAU1RY12HKRj/GrlYFYsBtD+b8H7EVRCWAXTTADBpa8Ak3S5WyCdUNx9Zo0FOBGjUa2LJAh4J+rwaSsGKaq6myLko3C8Ak1FcaZIVpaIACach1SK8B4CLSY1hYK+a2CJdg0Jd8mriGHkoLKgqdBS1sGFxMfl5tSzSHuE6ZOIzVM9qty2D33lUkzKHs0zi94UBiVQuyFAOAB98VvrgSZxDgDXfpcjNKLT1hNs47uCw8FcbsLM4rFVFP8AGFJ0JH2UIBuDDWulZnAVxknG2skVbhrsNO2v/cwxItBj5rCpeBuzC5xXCHkJI2WWALfsVzJeE/Qj5sJpuAqRLdFOKjB1Iwo8COHcsup5MLt+AyGbcbsBFijFvghIZlWt0gLuV6ApkIczdMNoV5FUY3YsHkXdALd1pTJJahkRHktBSAxJtxOJLddEM3+HQlOcT3SYxH0ZnFa3GbAmKTSjcXMB2FLeZxPcsAyIFHBtQcO2zqpicTDAFMiFhXHe+qOkHzErXQ4voCKZyg94V2Nmy+19B3J9AA6mmAteb9v0GF83uKCJaatSB8j5hEotfG4ivJh1VcQ8DpAdJeAsuXVVxA0wP2sxlWPZAIRdmpKonLueYxOIYAyw3spsqemLK3ZTKKrtov0Eh28MoqMVU90tVH1X0yMiQI1CcYRLFKAMiVzD+4aqgKLXFKKaSWD9VzMC3gAyrmFw+iujXuOQR43GTlG+RAQkjLPuicEy7tj8WSFdCQloYKiRTbVVDstOrmAKttPyeNdMGLt2YSBPKRQ5IIi80wEYmUF2G3bierHQ93NcekMEDGVTB76olZPe6/WtwrkFxeo1Ek0wS/ucGuPPMkI0q1jNwlxqRe5CfVFO4LwCuGqY/QZrUiKvIqCTYHAN2FZCX1GIt4IrqWNYdga+Cs0owXQBgb4bMAklmTAsQz3MiFjpxaYUS6ciOmrRgOnb/AZDDGKsPcofangXQvTnFJNEWGYjH2zsTD+xexFfvCLS3hVM5tqHQCQNE+nJYQ2iRsbs+lQwnH1gj22eQpNtRSqGC9YAPxV2XAO0CMkpHfxKgc8lOTrobiCdXgYVkAK1RqqzIEA3ALGMmYkuoKX2CYBRGl9cRDInFAgMSvYzVZ/gqsJQiPT+yQA5TAPUd0JssS7seKKVTqwe4C5VublNnLIDrhWEfDr/SbopJ0ltkwAaI2wKA2x9MYayw9ZXGFxAHs0o3ZyZaaSTDyfO287Vl7LmHYsEJyCKhqEOxlS87kLv7PdRcPVt0YeLG05HQekuvjVknJVUmKeqbBiTcjt8HWEQ7Md3FBm7M1s7BQtoCsNCujWT9TzIgcjJuT2WYJIAPz930UT4xcAuIZoDzMaQpR++gqDoEp22MdaDJHEm3NCBVDbDYhCLUBF7m+ILjScIr4MM4Kz0Q6nXeAM7hbRwazR1lQKQzzi9mMAXwAdxCtbLAipJUR1617V7EAtiJD3DzcfoVZutU8SaOOwjXhaLYjck5ccncdJOUbIUBiT4koPWKhtSB5qHSVZKFAs6smNGH8+gbRvicdYt0/45lyPXIFQOxeBqgJ9PtJhm/yEB8+2AdmQytIyOdNS0AuQubrCkZ2DgA1xubQg59TpLzAGU4ali7E3zKQLxDtaVEmwFsJ5VEixXh08RZiUIr4RbyZTsHE0eiOM+AuEIs16uiKTGeQYEkDzKSa6iaPcnPToD7CE6v/OHiBMg0KHuk/2lW8yrFN3ANFBdjpkaf5HEdt/2otAE0QwoA8lYCHBooecdu148ilx6qBbDOONzpARYrpuqBNNQZKFhNWU5BzqMsOkeZjOJGkygqDYi7C3l3Cb4KtFPaGaorNdwkRe9ugFVHbhqIYi2BJnCobMi4CiwBmXbEd8CSVKoe1E8EIOcKszsEbNv5PtgsMHul6oF+sO5LGa2eK0oS8MFSqR2k4BFuuxQkNsmzDqdNpEssQwDs7d3sEccunUZlAdnKc5Z6PGvs7scuC+oLUg/0w/6kV6YP1XkBonzO2zklUlWoihdYY7253GkSxf6kpYrudCuzKGRYdUHGMQCuGwosaJcocJGDUBADiYKgABsltmBYc0ESQ1bq+wstD/uGahQbsMvDnjeM/4I3jNEHGQkPYAfoDbcBmQKXD3D9sxp9n2jgYuIcDnAPJyBxJ5BswO0QVb3G84M9jGzN2NNJ+BHGJSiiT9knGc4UZPSTRJH+KfV+xSS+VKbqDGXqDOg6SfoUFGmWpQpTlU59FaSJ7njBJv1RRH9j3D644Cp9COYAllGSmhxPmu4q2F0lzPdZMret/3EWMHE+gNMSIOUDY0qf3w0k7nvee2Pzv7grHdsqake9w2cSEN0K1xvgjk408iKzUaAP2+4IQPRgAhJ3AkkjNoVuZr3IxKB5te4owE0lCYhtZIl2mlpu6qQNVTfwBbtwfyq/VbNsNUiv6aYM1zEhBXwAq7NgFWD3eeUR2QpxfoQfo23MPD5F4ZrHEwu5zxTdcOnWMFipZOrcrOrU22j5oj8zwABsFEgvIm2kIl1Q6JzDA7FbaBKLuQYkfAgXfX0RzSAD3pa4qbhoZ3cTYLSzX4OlvmBxYzjtD8ZiqEmCnmhAXAZpo+Rj2hEXZNo60FbK1U4ZwBBM9WE1rS829OauthjFuSZRjDYg7jrG1wYRTszIkCIynE5ifVQxE988LGYzud4oZB4uzDKab5IYSw3oI5OkC1BEq4jRDwuk6FbTwlAhqdOGIKrVGx9he+95RFSXOhRb+bIDubs/IrKAc0B6AyW1WTCTKAcCdLMaSGzkS20XSa7EWg7Ys+Io6lBs5csO5O6/4tFNnNkdWFYHCLWR6LNQbT6NZCYT0DahFeX21iSneqwYwn1MOAOLEIXchu9RFOEqk0zoOkwHw+guAMQPscejiFYSDFOVYsEAQwoYLkJqzwkxtc6Gq3QnWPRQkmJEigB5y15lFFELfSpV4OZju+f5HBA+TZyVKLQSbiFftnMwcSSK8wz84+fzKitthjw1oIKQYLIBaedSVyJTOFdmEsWTBuwVa/hZhhuWdQC9AEe7PCCDa6jpyz44lhnYsmmlCIdkQOID4h5RjoVm4FqiRIZWOgC5CVk2z2jK2ADcodj05diOk95BaqX0youkMMwQYAMz0ziDaCW+DkYLojsYSbBzDNjDb6QV0ujh77BQWZ6RWXqhq43vEPbcJdldkjufgT6vxknBiuq4589FIdcCJqO4xSQW9xoQ9yBSLay/4WLSYijYqya2SNegUJe8mjiG/jhrQVWho5jF+QB1UcmPs1W6iXlVqevF4gP0ccAew3Q3yCsAqhw9YBLFOQbsrYGcWkJNFehOtTcLWWAVc+2IpEDXyunTiL6p0FNACIdkwLUG7HfSSM8ay4BFV+n0jyIUkJvwCPUWUSZho0AXLHqRQ8/dcAGKbRzTOLahcCcYiJN7KUMqANcMRk5AU8ZCY4pEgS9AX3iKbEOh0eVQ/JEMJ080YGxNiQ/mywF7rt0o6lBs5csO5I/g2r0NH30qCDWcApnOAPqUR0dINK+zcQ1chtvhADcnAYk7geRN3PRNgRaw9nAtzQeZ+N3FJxjbu4u/0uS45quM9P2DgjQvJNxrJvHdgIW9u/iLAYlSdItTUKSbJe8ummGuvgrSRNeLq+ijSW0wKH53gav0IZgDWEZJanKbntNJy8FewRcM8/+37T5ht99FjKPtQ4FdTe8lY20fuu5RHYouHD94ExS+aEDC97HYoS5fAT4jacHqbyh0XGGJTO7L2PqmHYAvIHwX/52Yv66mmMlCviBJiPoAaHExozdQdir+hfoI85WLSFOXKxqI4mmAlv92kyj6GRD5I1bZGyjXCqVKuwsAMIxQgaYUS8dRoDdQeuG2Gyg93bUpWFjtihH5Aez2KLbYDMjDBRlNJKwBLacCeYbImIbrUYT4uu0cVA/JcOcZsPs1s9Dx1UUlCZGau5Bv31YTTcG6apErkQtUoXvlDhTTTKKYaSB+r2gWjwJwMWkxAG6fGrNwXWtQ4OL61lgMJAqCAmyU2IJhzQVJDMnTnA4B29lwfwkyC/RJz6h6wGem7bBV9oX5LQfsuUigqEOxlS87kLv/RUJfZ0b69KSAF1PE5XwzEE6HKgDoHwCYhtuJ7wA/S2Cjw+muCB9MgMYhoCzasz1QyI99e1zP5Xsgy+oeToBsJ4q+6CH7GLjpUPZz7EmJRq8uMYjdNdC3zPcUVXFNNhB9k9Ene/w3JiCx2fOyEIkF9QX8aLdO9Cg+tgnKs6ARnPYId0UCEhtx+kOsUAHcsesCnckCmwYR+SRAPY3KgugejN1puOufl7iaTHwfpfegBuyXk5lKBdyHaJxoDe4KkkFloe25IqqgF3gFdr+056URIHyaOCtRaCXcQr5s52DiSBTnGfjHL43I6G2c9SKjwC4gOrCB6DYoO/lPTzSusQfsIhPdBNC1jmYmQOMQMH6UT975MD1ARMX/h3+DZxE5wzygO8OtS0D4CmAUxdG3WbYIhEMSrrsBG1D+2d8HClk2t2pgA3C9sOnDoTXXy6s+EeguRTLOIgOWnGtLFAW0QUxhwm18mWoSBb6AOJgWX6NHFF8lw8kqe5SP9wYswPb1veSnq6mdOqpDwb6WH9zXe54D3GZAHi7I6F//HBB+yLeBWi2A601hNtJj7AfA1YzDLncLTWIxz4C98hb9C+vwPqKkqeltuHRFIWUwPVBci6X+hbUby2NwT2IMM4nFSQb06TT+C2v9M/WoEy7IKmvTf2Ly7ZUB1GIqe8H0QeHyMvbYr7NCohhjQNz1jK8vBqiP/aoYTScx/QtrPWWrCnB5mMnlo3DMYUgeq77AJKNUGxB5AUv9C+uQadf2xwLpSkhIC0OFZLOd7av4svs8p/MBkCkfQJyc0PKuoyId1AgQ6sSjaUwrn1r9inprNcOHmDA/nKh0+luHgiH6EuVuLEIU7hZ8j8LllyYJxlz5vYRgDxrQP5uKfzgJlxMMU5ViwQBDKLz+Rms/nERacH44cbiK/nASAixFd50Bed2uwvEUqN7uXd+HQdqv3aYsoK6h7l83KgtiG/nYeqC67rmfZP0JyEUORR2KrXzZgdz97yflQ9BAnQhA+6TbyLbVPhmyPSL2r1VW+6TMMyDuIVy0T8p9jJfmzJqKS1cU0QQY+qSGj7RPyljOn56cUMNMUj8SAIgMQmqfdPmY0idVVun2kvdIrz2MglpMXWsYPbMlLxO3RdYAiWKMgfh5SPukm0gzoE+66SSmfdLNxJfTNZrN5PJRhMzB2qKettono6UGJFqGpfZJYdraJ1Van9TCUCGZZefxlWgbZSj6Yoaw02lbAuy/4fymmggnYHN2TbyLzq7BhPtd+bmCHmhOzYJGCioATWpw2mqAMyPD/ieK6w54qdr+IE6Orsb0BECk/20kf2A8otRy5hu4khEbZX5UrSacg5EuuHMJ4LZOaCxoxiQgsRH5Tw==(/figma)--&gt;Nếu bạn cũng đang muốn tìm hiểu về những cách để bảo quản thực phẩm được lâu nhất và không mất đi chất dinh dưỡng của chúng hì hãy cùng tìm những&lt;/p&gt;', 'https://res.cloudinary.com/novaonx2/image/upload/v1595393201/26419/blog-3.png', '', '', 'meo-bao-quan-thuc-pham-trong-tu-lanh');

-- oc_blog_to_blog_category NO PRIMARY KEY
-- remove first
DELETE FROM `oc_blog_to_blog_category`
WHERE `blog_id` IN (1, 2, 3) AND `blog_category_id` = 1;

-- insert
INSERT IGNORE INTO `oc_blog_to_blog_category` (`blog_id`, `blog_category_id`) VALUES
(1, 1),
(2, 1),
(3, 1);
