--
-- create new demo data
--
CREATE TABLE IF NOT EXISTS `oc_demo_data` (
  `id` int(11) NOT NULL AUTO_INCREMENT,
  `data_id` int(11) NOT NULL,
  `table_name` varchar(255) DEFAULT '',
  `theme_group` varchar(255) DEFAULT '',
  PRIMARY KEY (`id`)
) ENGINE=MyISAM DEFAULT CHARSET=utf8;

--
-- create new demo data
--

INSERT IGNORE INTO `oc_demo_data` (`data_id`, `table_name`, `theme_group`) VALUES
-- product table
(104, 'product', 'houseware'),
(105, 'product', 'houseware'),
(106, 'product', 'houseware'),
(107, 'product', 'houseware'),
(108, 'product', 'houseware'),
(109, 'product', 'houseware'),
(110, 'product', 'houseware'),
(111, 'product', 'houseware'),
(112, 'product', 'houseware'),
(113, 'product', 'houseware'),
(114, 'product', 'houseware'),
(115, 'product', 'houseware'),
(116, 'product', 'houseware'),
(117, 'product', 'houseware'),
(118, 'product', 'houseware'),
(119, 'product', 'houseware'),
(120, 'product', 'houseware'),
(121, 'product', 'houseware'),
(122, 'product', 'houseware'),
(123, 'product', 'houseware'),
(124, 'product', 'houseware'),
(125, 'product', 'houseware'),
(126, 'product', 'houseware'),
(127, 'product', 'houseware'),
-- category table
(21, 'category', 'houseware'),
(22, 'category', 'houseware'),
-- collection table
(5, 'collection', 'houseware'),
(6, 'collection', 'houseware'),
(7, 'collection', 'houseware'),
(4, 'collection', 'houseware');
-- seo_url table: auto deleted when deleting product, category, collection

-- oc_category PRIMARY KEY (`category_id`)
INSERT IGNORE INTO `oc_category` (`category_id`, `image`, `parent_id`, `top`, `column`, `sort_order`, `status`, `date_added`, `date_modified`) VALUES
(21, NULL, 0, 0, 0, 0, 1, '2020-04-21 17:45:12', '2020-04-21 17:45:12'),
(22, NULL, 0, 0, 0, 0, 1, '2020-04-21 17:45:12', '2020-04-21 17:45:12');

-- oc_category_description PRIMARY KEY (`category_id`,`language_id`)
INSERT IGNORE INTO `oc_category_description` (`category_id`, `language_id`, `name`, `description`, `meta_title`, `meta_description`, `meta_keyword`) VALUES
(21, 2, 'Máy lọc nước SUNHOUSE', 'máy lọc nước', '', '', ''),
(21, 1, 'Máy lọc nước SUNHOUSE', 'máy lọc nước', '', '', ''),
(22, 2, 'Tủ đông SUNHOUSE', 'tủ đông', '', '', ''),
(22, 1, 'Tủ đông SUNHOUSE', 'tủ đông', '', '', '');

-- oc_category_path PRIMARY KEY (`category_id`,`path_id`)
INSERT IGNORE INTO `oc_category_path` (`category_id`, `path_id`, `level`) VALUES
(21, 21, 0),
(22, 22, 0);

-- oc_category_to_store PRIMARY KEY (`category_id`,`store_id`)
INSERT IGNORE INTO `oc_category_to_store` (`category_id`, `store_id`) VALUES
(21, 0),
(22, 0);

-- oc_collection PRIMARY KEY (`collection_id`)
INSERT IGNORE INTO `oc_collection` (`collection_id`, `title`, `sort_order`, `status`, `product_type_sort`, `type`) VALUES
(5, 'Sản phẩm hot', 0, 1, '', '0'),
(6, 'Sản phẩm mới', 0, 1, '', '0'),
(7, 'Hàng ngày', 0, 1, NULL, '0'),
(4, 'Sản phẩm khuyến mại', 0, 1, '', '0');

-- oc_collection_description PRIMARY KEY (`collection_id`)
INSERT IGNORE INTO `oc_collection_description` (`collection_id`, `image`, `description`, `meta_title`, `meta_description`, `alias`) VALUES
(7, 'https://res.cloudinary.com/novaon-x2/image/upload/v1558345596/x2-8888.bestme.test/8ts19s033-fw125-l_2.jpg', '&lt;p&gt;Bộ sưu tập h&amp;agrave;ng ng&amp;agrave;y&lt;/p&gt;', '', '', ''),
(6, '', '&lt;p&gt;nhũng sản phẩm mới nhất c&amp;oacute; mặt tại cửa h&amp;agrave;ng&lt;/p&gt;', '', '', ''),
(5, 'https://res.cloudinary.com/novaon-x2/image/upload/v1555900690/x2-8787.bestme.test/dell-vostro-5568-077m52-vangdong-450x300-450x300-600x600.png', '&lt;p&gt;sản phẩm hot&lt;/p&gt;', '', '', ''),
(4, 'https://res.cloudinary.com/novaon-x2/image/upload/v1555900767/x2-8787.bestme.test/Capture28.png', '&lt;p&gt;sản phẩm khuyến mại&lt;/p&gt;', '', '', '');

-- oc_product PRIMARY KEY (`product_id`)
-- delete first
INSERT IGNORE INTO `oc_product` (`product_id`, `model`, `sku`, `common_barcode`, `common_sku`, `common_compare_price`, `common_price`, `barcode`, `upc`, `ean`, `jan`, `isbn`, `mpn`, `location`, `quantity`, `sale_on_out_of_stock`, `stock_status_id`, `image`, `image_alt`, `multi_versions`, `manufacturer_id`, `shipping`, `price`, `price_currency_id`, `compare_price`, `c_price_currency_id`, `points`, `tax_class_id`, `date_available`, `weight`, `weight_class_id`, `length`, `width`, `height`, `length_class_id`, `subtract`, `minimum`, `sort_order`, `status`, `channel`, `viewed`, `demo`, `deleted`, `default_store_id`, `date_added`, `date_modified`) VALUES
(104, '', 'MMB9100VN', '', '', '0.0000', '0.0000', '', '', '', '', '', '', '', 0, 1, 0, 'https://res.cloudinary.com/novaonx2/image/upload/v1587465739/19444/mmb9100vn01.jpg', '', 0, 0, 1, '986000.0000', 1, '1100000.0000', 1, 0, 0, '0000-00-00', '1000.00000000', 1, '0.00000000', '0.00000000', '0.00000000', 0, 1, 1, 0, 0, 0, 0, 1, NULL, 0, '2020-04-21 17:44:25', '2020-04-21 17:44:25'),
(105, '', 'SHA88119K', '', '', '0.0000', '0.0000', 'SHA88119K', '', '', '', '', '', '', 0, 0, 0, 'https://sunhouse.com.vn/pic/thumb/compact/product/sunhouse-sha88119k.jpg', '', 0, 26, 1, '0.0000', 1, '0.0000', 1, 0, 0, '0000-00-00', '1000.00000000', 1, '0.00000000', '0.00000000', '0.00000000', 0, 1, 1, 0, 1, 2, 0, 1, NULL, 0, '2020-04-21 17:45:12', '2020-04-23 14:50:03'),
(106, '', 'SHA88117KV', '', '', '0.0000', '0.0000', 'SHA88117KV', '', '', '', '', '', '', 0, 0, 0, 'https://sunhouse.com.vn/pic/thumb/compact/product/SHA88117KV_01.jpg', '', 0, 26, 1, '0.0000', 1, '0.0000', 1, 0, 0, '0000-00-00', '1000.00000000', 1, '0.00000000', '0.00000000', '0.00000000', 0, 1, 1, 0, 1, 2, 0, 1, NULL, 0, '2020-04-21 17:45:12', '2020-04-23 14:50:36'),
(107, '', 'SHA8878KV', '', '', '0.0000', '0.0000', 'SHA8878KV', '', '', '', '', '', '', 0, 0, 0, 'https://sunhouse.com.vn/pic/thumb/compact/product/SHA8878KV_01.jpg', '', 0, 26, 1, '0.0000', 1, '5000000.0000', 1, 0, 0, '0000-00-00', '1000.00000000', 1, '0.00000000', '0.00000000', '0.00000000', 0, 1, 1, 0, 1, 2, 0, 1, NULL, 0, '2020-04-21 17:45:12', '2020-04-21 17:45:12'),
(108, '', 'SHA8889K', '', '', '0.0000', '0.0000', 'SHA8889K', '', '', '', '', '', '', 0, 0, 0, 'https://sunhouse.com.vn/pic/thumb/compact/product/SHA8889K_01.jpg', '', 0, 26, 1, '0.0000', 1, '5000000.0000', 1, 0, 0, '0000-00-00', '1000.00000000', 1, '0.00000000', '0.00000000', '0.00000000', 0, 1, 1, 0, 1, 2, 0, 1, NULL, 0, '2020-04-21 17:45:12', '2020-04-21 17:45:12'),
(109, '', 'SHA8879K', '', '', '0.0000', '0.0000', 'SHA8879K', '', '', '', '', '', '', 0, 0, 0, 'https://sunhouse.com.vn/pic/thumb/compact/product/may-loc-nuoc-sunhouse-sha8879k.jpg', '', 0, 26, 1, '0.0000', 1, '5000000.0000', 1, 0, 0, '0000-00-00', '1000.00000000', 1, '0.00000000', '0.00000000', '0.00000000', 0, 1, 1, 0, 1, 2, 0, 1, NULL, 0, '2020-04-21 17:45:12', '2020-04-21 17:45:12'),
(110, '', 'SHA76211CK', '', '', '0.0000', '0.0000', 'SHA76211CK', '', '', '', '', '', '', 0, 0, 0, 'https://sunhouse.com.vn/pic/thumb/compact/product/may-loc-nuoc-gia-dinh-sunhouse-shr76211ck_005.jpg', '', 0, 26, 1, '0.0000', 1, '5000000.0000', 1, 0, 0, '0000-00-00', '1000.00000000', 1, '0.00000000', '0.00000000', '0.00000000', 0, 1, 1, 0, 1, 2, 0, 1, NULL, 0, '2020-04-21 17:45:12', '2020-04-21 17:45:12'),
(111, '', 'SHA8858K', '', '', '0.0000', '0.0000', 'SHA8858K', '', '', '', '', '', '', 0, 0, 0, 'https://sunhouse.com.vn/pic/thumb/compact/product/sunhouse-sha8858k_1.jpg', '', 0, 26, 1, '0.0000', 1, '5000000.0000', 1, 0, 0, '0000-00-00', '1000.00000000', 1, '0.00000000', '0.00000000', '0.00000000', 0, 1, 1, 0, 1, 2, 0, 1, NULL, 0, '2020-04-21 17:45:12', '2020-04-21 17:45:12'),
(112, '', 'SHA88116K', '', '', '0.0000', '0.0000', 'SHA88116K', '', '', '', '', '', '', 0, 0, 0, 'https://sunhouse.com.vn/pic/thumb/compact/product/sunhouse-sha88116k.jpg', '', 0, 26, 1, '0.0000', 1, '0.0000', 1, 0, 0, '0000-00-00', '1000.00000000', 1, '0.00000000', '0.00000000', '0.00000000', 0, 1, 1, 0, 1, 2, 0, 1, NULL, 0, '2020-04-21 17:45:12', '2020-04-23 17:02:18'),
(113, '', 'SHA8869K', '', '', '0.0000', '0.0000', 'SHA8869K', '', '', '', '', '', '', 0, 0, 0, 'https://sunhouse.com.vn/pic/thumb/compact/product/sunhouse-sha8869k.jpg', '', 0, 26, 1, '0.0000', 1, '5000000.0000', 1, 0, 0, '0000-00-00', '1000.00000000', 1, '0.00000000', '0.00000000', '0.00000000', 0, 1, 1, 0, 1, 2, 0, 1, NULL, 0, '2020-04-21 17:45:12', '2020-04-21 17:45:12'),
(114, '', 'SHA8859K', '', '', '0.0000', '0.0000', 'SHA8859K', '', '', '', '', '', '', 0, 0, 0, 'https://sunhouse.com.vn/pic/thumb/compact/product/sunhouse-sha8859k.jpg', '', 0, 26, 1, '0.0000', 1, '5000000.0000', 1, 0, 0, '0000-00-00', '1000.00000000', 1, '0.00000000', '0.00000000', '0.00000000', 0, 1, 1, 0, 1, 2, 0, 1, NULL, 0, '2020-04-21 17:45:12', '2020-04-21 17:45:12'),
(115, '', 'SHA88118K', '', '', '0.0000', '0.0000', 'SHA88118K', '', '', '', '', '', '', 0, 0, 0, 'https://sunhouse.com.vn/pic/thumb/compact/product/sunhouse-sha88118k.jpg', '', 0, 26, 1, '0.0000', 1, '5000000.0000', 1, 0, 0, '0000-00-00', '1000.00000000', 1, '0.00000000', '0.00000000', '0.00000000', 0, 1, 1, 0, 1, 2, 0, 1, NULL, 0, '2020-04-21 17:45:12', '2020-04-21 17:45:12'),
(116, '', 'SHA88115K', '', '', '0.0000', '0.0000', 'SHA88115K', '', '', '', '', '', '', 0, 0, 0, 'https://sunhouse.com.vn/pic/thumb/compact/product/sunhouse-sha88115k.jpg', '', 0, 26, 1, '0.0000', 1, '0.0000', 1, 0, 0, '0000-00-00', '1000.00000000', 1, '0.00000000', '0.00000000', '0.00000000', 0, 1, 1, 0, 1, 2, 0, 1, NULL, 0, '2020-04-21 17:45:12', '2020-04-23 17:02:34'),
(117, '', 'SHA8819K', '', '', '0.0000', '0.0000', 'SHA8819K', '', '', '', '', '', '', 0, 0, 0, 'https://sunhouse.com.vn/pic/thumb/compact/product/sunhouse-sha8819k.jpg', '', 0, 26, 1, '0.0000', 1, '5000000.0000', 1, 0, 0, '0000-00-00', '1000.00000000', 1, '0.00000000', '0.00000000', '0.00000000', 0, 1, 1, 0, 1, 2, 0, 1, NULL, 0, '2020-04-21 17:45:12', '2020-04-21 17:45:12'),
(118, '', 'SHA8818K', '', '', '0.0000', '0.0000', 'SHA8818K', '', '', '', '', '', '', 0, 0, 0, 'https://sunhouse.com.vn/pic/thumb/compact/product/sunhouse-sha8818k.jpg', '', 0, 26, 1, '0.0000', 1, '5000000.0000', 1, 0, 0, '0000-00-00', '1000.00000000', 1, '0.00000000', '0.00000000', '0.00000000', 0, 1, 1, 0, 1, 2, 0, 1, NULL, 0, '2020-04-21 17:45:12', '2020-04-21 17:45:12'),
(119, '', 'SHR-F2572W2', '', '', '0.0000', '0.0000', 'SHR-F2572W2', '', '', '', '', '', '', 0, 0, 0, 'https://sunhouse.com.vn/pic/thumb/compact/product/tu-dong-tu-mat-sunhouse-shr-f2572w2_001.jpg', '', 0, 26, 1, '0.0000', 1, '5000000.0000', 1, 0, 0, '0000-00-00', '1000.00000000', 1, '0.00000000', '0.00000000', '0.00000000', 0, 1, 1, 0, 1, 2, 0, 1, NULL, 0, '2020-04-21 17:45:12', '2020-04-21 17:45:12'),
(120, '', 'SHR-F2472W2', '', '', '0.0000', '0.0000', 'SHR-F2472W2', '', '', '', '', '', '', 0, 0, 0, 'https://sunhouse.com.vn/pic/thumb/compact/product/tu-dong-tu-mat-sunhouse-shr-fw2_001.jpg', '', 0, 26, 1, '0.0000', 1, '5000000.0000', 1, 0, 0, '0000-00-00', '1000.00000000', 1, '0.00000000', '0.00000000', '0.00000000', 0, 1, 1, 0, 1, 2, 0, 1, NULL, 0, '2020-04-21 17:45:12', '2020-04-21 17:45:12'),
(121, '', 'SHR-F2412W2', '', '', '0.0000', '0.0000', 'SHR-F2412W2', '', '', '', '', '', '', 0, 0, 0, 'https://sunhouse.com.vn/pic/thumb/compact/product/tu-dong-tu-mat-sunhouse-shr-fw2_001(1).jpg', '', 0, 26, 1, '0.0000', 1, '5000000.0000', 1, 0, 0, '0000-00-00', '1000.00000000', 1, '0.00000000', '0.00000000', '0.00000000', 0, 1, 1, 0, 1, 2, 0, 1, NULL, 0, '2020-04-21 17:45:12', '2020-04-21 17:45:12'),
(122, '', 'SHR-F2362W2', '', '', '0.0000', '0.0000', 'SHR-F2362W2', '', '', '', '', '', '', 0, 0, 0, 'https://sunhouse.com.vn/pic/thumb/compact/product/tu-dong-tu-mat-sunhouse-shr-fw2_001(2).jpg', '', 0, 26, 1, '0.0000', 1, '5000000.0000', 1, 0, 0, '0000-00-00', '1000.00000000', 1, '0.00000000', '0.00000000', '0.00000000', 0, 1, 1, 0, 1, 2, 0, 1, NULL, 0, '2020-04-21 17:45:12', '2020-04-21 17:45:12'),
(123, '', 'SHR-F2272W2', '', '', '0.0000', '0.0000', 'SHR-F2272W2', '', '', '', '', '', '', 0, 0, 0, 'https://sunhouse.com.vn/pic/thumb/compact/product/tu-dong-tu-mat-sunhouse-shr-f2272w2_001.jpg', '', 0, 26, 1, '0.0000', 1, '5000000.0000', 1, 0, 0, '0000-00-00', '1000.00000000', 1, '0.00000000', '0.00000000', '0.00000000', 0, 1, 1, 0, 1, 2, 0, 1, NULL, 0, '2020-04-21 17:45:12', '2020-04-21 17:45:12'),
(124, '', 'SHR-F1433W1', '', '', '0.0000', '0.0000', 'SHR-F1433W1', '', '', '', '', '', '', 0, 0, 0, 'https://sunhouse.com.vn/pic/thumb/compact/product/tu-dong-tu-mat-sunhouse-shr_001(2).jpg', '', 0, 26, 1, '0.0000', 1, '5000000.0000', 1, 0, 0, '0000-00-00', '1000.00000000', 1, '0.00000000', '0.00000000', '0.00000000', 0, 1, 1, 0, 1, 2, 0, 1, NULL, 0, '2020-04-21 17:45:12', '2020-04-21 17:45:12'),
(125, '', 'SHR-F1353W1', '', '', '0.0000', '0.0000', 'SHRF1353W1', '', '', '', '', '', '', 0, 0, 0, 'https://sunhouse.com.vn/pic/thumb/compact/product/tu-dong-tu-mat-sunhouse-shr_001(1).jpg', '', 0, 26, 1, '0.0000', 1, '0.0000', 1, 0, 0, '0000-00-00', '1000.00000000', 1, '0.00000000', '0.00000000', '0.00000000', 0, 1, 1, 0, 1, 2, 0, 1, NULL, 0, '2020-04-21 17:45:12', '2020-04-23 17:03:29'),
(126, '', 'SHR-F1283W1', '', '', '0.0000', '0.0000', 'SHRF1283W1', '', '', '', '', '', '', 0, 0, 0, 'https://sunhouse.com.vn/pic/thumb/compact/product/tu-dong-tu-mat-sunhouse-shr_001(1).jpg', '', 0, 26, 1, '0.0000', 1, '0.0000', 1, 0, 0, '0000-00-00', '1000.00000000', 1, '0.00000000', '0.00000000', '0.00000000', 0, 1, 1, 0, 1, 2, 0, 1, NULL, 0, '2020-04-21 17:45:12', '2020-04-23 17:03:02'),
(127, '', 'SHR-F1233W1', '', '', '0.0000', '0.0000', 'SHRF1233W1', '', '', '', '', '', '', 0, 0, 0, 'https://sunhouse.com.vn/pic/thumb/compact/product/tu-dong-tu-mat-sunhouse-shr-f1233w1_001.jpg', '', 0, 26, 1, '0.0000', 1, '0.0000', 1, 0, 0, '0000-00-00', '1000.00000000', 1, '0.00000000', '0.00000000', '0.00000000', 0, 1, 1, 0, 1, 2, 0, 1, NULL, 0, '2020-04-21 17:45:12', '2020-04-23 17:02:01');

-- restore soft-deleted products if demo
UPDATE `oc_product` SET `deleted` = NULL
WHERE `demo` = 1
  AND `product_id` IN (
      104,
      105,
      106,
      107,
      108,
      109,
      110,
      111,
      112,
      113,
      114,
      115,
      116,
      117,
      118,
      119,
      120,
      121,
      122,
      123,
      124,
      125,
      126,
      127
  );

-- oc_product_collection PRIMARY KEY (`product_collection_id`)
INSERT IGNORE INTO `oc_product_collection` (`product_collection_id`, `product_id`, `collection_id`, `sort_order`) VALUES
(166, 106, 6, 0),
(164, 106, 5, 0),
(165, 106, 4, 0),
(163, 106, 7, 0),
(162, 105, 6, 0);

-- oc_product_description PRIMARY KEY (`product_id`,`language_id`)
INSERT IGNORE INTO `oc_product_description` (`product_id`, `language_id`, `name`, `description`, `sub_description`, `seo_title`, `seo_description`, `tag`, `meta_title`, `meta_description`, `meta_keyword`) VALUES
(83, 2, 'Giày cổ điển sang trọng màu hồng', 'Giày cổ điển sang trọng màu hồng sang trọng, dễ phối đồ', '', '', '', '', '', '', ''),
(84, 2, 'Giày cao gót gót kim sa xù độc lạ', '- Cao 8cm - Màu đen và nâu cafe sang trọng - Là kiểu giày mang phong cách cổ điển sang trọng, dễ phối đồ. Đi tiệc hay đi làm đều rất sang. - Size 35-39', '', '', '', '', '', '', ''),
(85, 2, 'Giày cao gót quai trong phối đinh', 'Giày cao gót quai trong phối đinh sang trọng, dễ phối đồ', '', '', '', '', '', '', ''),
(86, 2, 'Giày cao gót dép đen nơ', 'Giày cao gót dép đen nơ sang trọng, dễ phối đồ', '', '', '', '', '', '', ''),
(87, 2, 'Giày valen viền đinh size 36 37 38', 'Giày valen viền đinh size 36 37 38 sang trọng, dễ phối đồ', '', '', '', '', '', '', ''),
(88, 2, 'Giày sandal cao gót quai trong gót kim sa size 34 đến 40', 'Giày sandal cao gót quai trong gót kim sa size 34 đến 40 sang trọng, dễ phối đồ', '', '', '', '', '', '', ''),
(97, 2, 'Giày sandal quai ngang ánh 7 màu', 'Giày sandal quai ngang ánh 7 màu sang trọng, dễ phối đồ', '', '', '', '', '', '', ''),
(98, 2, 'Dép sandal xoắn cổ chân', 'Dép sandal xoắn cổ chân sang trọng, dễ phối đồ', '', '', '', '', '', '', ''),
(99, 2, 'Giày sandal chiến binh dây kéo 1 bên', 'Giày sandal chiến binh dây kéo 1 bên sang trọng, dễ phối đồ', '', '', '', '', '', '', ''),
(103, 2, 'Giày đúp cao 11cm', 'Giày đúp cao 11cm sang trọng, dễ phối đồ', '', '', '', '', '', '', ''),
(104, 2, 'BẾP ĐÔI ĐIỆN TỪ HỒNG NGOẠI SUNHOUSE MAMA MMB9100VN', '&lt;p&gt;ĐẶC ĐIỂM NỔI BẬT&lt;/p&gt;\r\n\r\n&lt;ul&gt;\r\n	&lt;li&gt;Làm nóng nhanh gấp 2 lần bếp thường&lt;/li&gt;\r\n	&lt;li&gt;Bảng điều khiển cảm ứng thông minh&lt;/li&gt;\r\n	&lt;li&gt;Mặt kính cao cấp chịu nhiệt lên tới 600oC&lt;/li&gt;\r\n	&lt;li&gt;Chức năng khóa an toàn trẻ em&lt;/li&gt;\r\n	&lt;li&gt;Chức năng hẹn giờ linh hoạt&lt;/li&gt;\r\n&lt;/ul&gt;', '&lt;p&gt;&lt;strong&gt;Bếp đôi điện từ hồng ngoại SUNHOUSE MAMA MMB9100VN&lt;/strong&gt; có thiết kế nguyên khối sang trọng cùng chất lượng hoạt động ổn định chắc chắn sẽ phù hợp với không gian bếp hiện đại nhà bạn. Không những thế, MMB9100VN với công suất lớn và đa dạng các tính năng tiện ích sẽ giúp bạn nấu nướng thuận tiện và nhanh chóng hơn, lại còn tiết kiệm tối đa thời gian và điện năng tiêu thụ. &lt;/p&gt;', 'Sunhouse Cầu Giấy', 'Sunhouse Cầu Giấy', '', '', '', ''),
(106, 2, 'Máy lọc nước R.O không vỏ SUNHOUSE 10 lõi SHA88117KV', '&lt;p&gt;Thiết kế nhỏ gọn, tối ưu diện tích Dễ dàng tích hợp dưới tủ, thuận tiện sử dụng Màng lọc R.O DOW (USA) loại bỏ 99.99% tác nhân gây hại Bộ 10 lõi, lọc sạch nước, bổ sung khoáng chất Bảo hành 2 năm trên toàn quốc&lt;/p&gt;', '', '', '', '', '', '', ''),
(107, 2, 'Máy lọc nước R.O không vỏ SUNHOUSE 8 lõi SHA8878KV', 'Thiết kế nhỏ gọn, tối ưu diện tích\nDễ dàng tích hợp dưới tủ, thuận tiện sử dụng\nMàng lọc R.O Hàn Quốc loại bỏ 99.99% tác nhân gây hại\nBộ 8 lõi, lọc sạch nước, bổ sung khoáng chất\nBảo hành 2 năm trên toàn quốc', '', '', '', '', '', '', ''),
(108, 2, 'Máy lọc nước R.O 9 lõi SUNHOUSE SHA8889K', 'Thiết kế slim thon gọn, diện mạo đẹp mắt, hiện đại\nVỏ tủ kính cường lực tràn viền bền đẹp, dễ vệ sinh\nBộ 9 lõi lọc sạch nước, bổ sung khoáng chất\nMàng lọc R.O nhập khẩu Hàn Quốc loại bỏ 99.99% tác nhân gây hại\nBảo hành 2 năm trên toàn quốc.', '', '', '', '', '', '', ''),
(109, 2, 'Máy lọc nước R.O 9 lõi SUNHOUSE SHA8879K', 'Màng lọc R.O nhập khẩu Hàn Quốc loại bỏ 99,9% vi khuẩn gây hại\nĐạt chuẩn kĩ thuật quốc gia về nước uống trực tiếp QCVN 6-1:2010/BYT do Bộ Y Tế cấp.\nKhả năng hấp thụ cao mùi vị, chất hữu cơ, thuốc trừ sâu, chất diệt côn trùng, kim loại nặng, Clo dư trong nước\nLoại bỏ tạp chất, đất, rỉ sét có kích thước ≥ 5 µm\nBền, đẹp với mặt kính cường lực full viền và thiết kế cánh tủ độc đáo, chắc chắn\nBảo hành 2 năm tại các điểm bảo hành trên toàn quốc.', '', '', '', '', '', '', ''),
(110, 2, 'Máy lọc nước R.O nóng lạnh 9 lõi SUNHOUSE SHA76211CK', 'Màng lọc R.O DOW Filmtec – USA loại bỏ 99,9% vi khuẩn gây hại\nLoại bỏ hoàn toàn tạp chất, rỉ sét, kim loại nặng, chất hữu cơ, thuốc trừ sâu, chất diệt côn trùng, hấp thụ cao mùi vị nhờ 9 cấp lọc\nTích hợp vòi Nóng – Lạnh tiện dụng với thiết kế vòi mới, hạn chế rò rỉ\nThiết kế mặt kính cường lực tràn viền trang nhã, hiện đại\nTích hợp nhiều tính năng cải tiến, đảm bảo an toàn, thuận tiện khi sử dụng\nBảo hành 2 năm (cho phần điện)', '', '', '', '', '', '', ''),
(111, 2, 'Máy lọc nước R.O 8 lõi SUNHOUSE SHA8858K', 'Màng lọc R.O nhập khẩu Hàn Quốc loại bỏ 99,9% vi khuẩn gây hại\nĐạt chuẩn kĩ thuật quốc gia về nước uống trực tiếp QCVN 6-1:2010/BYT do Bộ Y Tế cấp.\nKhả năng hấp thụ cao mùi vị, chất hữu cơ, thuốc trừ sâu, chất diệt côn trùng, kim loại nặng, Clo dư trong nước\nLoại bỏ hoàn toàn tạp chất, ion kim loại nặng, vi khuẩn, các chất hữu cơ, amip, asen, ...\nBền, đẹp với mặt kính cường lực full viền và thiết kế cánh tủ độc đáo, chắc chắn\nBảo hành 2 năm tại các điểm bảo hành trên toàn quốc.', '', '', '', '', '', '', ''),
(112, 2, 'Máy lọc nước R.O 10 lõi SUNHOUSE SHA88116K', '&lt;p&gt;Màng lọc R.O DOW - USA loại bỏ 99,9% vi khuẩn gây hại Khả năng hấp thụ cao mùi vị, chất hữu cơ, thuốc trừ sâu, chất diệt côn trùng, kim loại nặng, Clo dư trong nước Loại bỏ hoàn toàn tạp chất, ion kim loại nặng, vi khuẩn, các chất hữu cơ, ... Bền, đẹp với mặt kính cường lực full viền và thiết kế cánh tủ độc đáo, chắc chắn Bảo hành 2 năm tại các điểm bảo hành trên toàn quốc.&lt;/p&gt;', '', '', '', '', '', '', ''),
(113, 2, 'Máy lọc nước R.O 9 lõi SUNHOUSE SHA8869K', 'Màng lọc R.O nhập khẩu Hàn Quốc loại bỏ 99,9% vi khuẩn gây hại\nKhả năng hấp thụ cao mùi vị, chất hữu cơ, thuốc trừ sâu, chất diệt côn trùng, kim loại nặng, Clo dư trong nước\nLoại bỏ hoàn toàn tạp chất, ion kim loại nặng, vi khuẩn, các chất hữu cơ, ...\nBền, đẹp với mặt kính cường lực full viền và thiết kế cánh tủ độc đáo, chắc chắn\nBảo hành 2 năm tại các điểm bảo hành trên toàn quốc.', '', '', '', '', '', '', ''),
(114, 2, 'Máy lọc nước R.O 9 lõi SUNHOUSE SHA8859K', 'Màng lọc R.O nhập khẩu Hàn Quốc loại bỏ 99,9% vi khuẩn gây hại\nKhả năng hấp thụ cao mùi vị, chất hữu cơ, thuốc trừ sâu, chất diệt côn trùng, kim loại nặng, Clo dư trong nước\nLoại bỏ hoàn toàn tạp chất, ion kim loại nặng, vi khuẩn, các chất hữu cơ, ...\nBền, đẹp với mặt kính cường lực full viền và thiết kế cánh tủ độc đáo, chắc chắn\nBảo hành 2 năm tại các điểm bảo hành trên toàn quốc.', '', '', '', '', '', '', ''),
(115, 2, 'Máy lọc nước R.O 10 lõi SUNHOUSE SHA88118K', 'Màng lọc R.O DOW Filmtech - USA loại bỏ 99,9% vi khuẩn gây hại\nKhả năng hấp thụ cao mùi vị, chất hữu cơ, thuốc trừ sâu, chất diệt côn trùng, kim loại nặng, Clo dư trong nước\nLoại bỏ tạp chất, đất rỉ sét có kích thước ≥ 1 µm\nThiết kế sang trọng, mặt kính full viền hiện đại\nBảo hành 2 năm tại các điểm bảo hành trên toàn quốc', '', '', '', '', '', '', ''),
(116, 2, 'Máy lọc nước R.O 10 lõi SUNHOUSE SHA88115K', '&lt;p&gt;Màng lọc R.O DOW Filmtech - USA loại bỏ 99,9% vi khuẩn gây hại Khả năng hấp thụ cao mùi vị, chất hữu cơ, thuốc trừ sâu, chất diệt côn trùng, kim loại nặng, Clo dư trong nước Loại bỏ tạp chất, đất rỉ sét có kích thước ≥ 1 µm Thiết kế sang trọng, mặt kính full viền hiện đại Bảo hành 2 năm tại các điểm bảo hành trên toàn quốc&lt;/p&gt;', '', '', '', '', '', '', ''),
(117, 2, 'Máy lọc nước R.O 9 lõi SUNHOUSE SHA8819K', 'Màng lọc R.O DOW Filmtech - USA loại bỏ 99,9% vi khuẩn gây hại\nKhả năng hấp thụ cao mùi vị, chất hữu cơ, thuốc trừ sâu, chất diệt côn trùng, kim loại nặng, Clo dư trong nước\nLoại bỏ tạp chất, đất rỉ sét có kích thước ≥ 1 µm\nThiết kế sang trọng, mặt kính full viền hiện đại\nBảo hành 2 năm tại các điểm bảo hành trên toàn quốc', '', '', '', '', '', '', ''),
(118, 2, 'Máy lọc nước R.O 8 lõi SUNHOUSE SHA8818K', 'Màng lọc R.O DOW Filmtech - USA loại bỏ 99,9% vi khuẩn gây hại\nKhả năng hấp thụ cao mùi vị, chất hữu cơ, thuốc trừ sâu, chất diệt côn trùng, kim loại nặng, Clo dư trong nước\nLoại bỏ tạp chất, đất rỉ sét có kích thước ≥ 1 µm\nThiết kế sang trọng, mặt kính full viền hiện đại\nBảo hành 2 năm tại các điểm bảo hành trên toàn quốc', '', '', '', '', '', '', ''),
(119, 2, 'Tủ đông 2 ngăn 2 cánh SUNHOUSE SHR-F2572W2', '2 ngăn bảo quản thực phẩm DÀI NGÀY – NGẮN NGÀY tiện lợi\nCông nghệ lạnh sâu đa chiều 360 độ giúp hơi lạnh sâu - 18 độ C tỏa đều khắp bên trong tủ\nDàn lạnh đồng nguyên chất, làm lạnh nhanh, giảm thất thoát nhiệt\nLớp bảo ôn Cool Pack sử dụng Cyclopentane Foam, giữ lạnh tới 12H\nMặt trong sơn tĩnh điện, giảm bám tuyết, dễ vệ sinh\nVỏ tôn sơn tĩnh điện bền bỉ, hạn chế rỉ sét, chống ăn mòn\nTiết kiệm điện năng, vận hành êm ái', '', '', '', '', '', '', ''),
(120, 2, 'Tủ đông 2 ngăn 2 cánh SUNHOUSE SHR-F2472W2', '2 ngăn bảo quản thực phẩm DÀI NGÀY – NGẮN NGÀY tiện lợi\nCông nghệ lạnh sâu đa chiều 360 độ giúp hơi lạnh sâu - 18 độ C tỏa đều khắp bên trong tủ\nDàn lạnh đồng nguyên chất, làm lạnh nhanh, giảm thất thoát nhiệt\nMôi chất lạnh gas R600A an toàn sức khỏe, bảo vệ môi trường\nLớp bảo ôn Cool Pack sử dụng Cyclopentane Foam, giữ lạnh tới 12H\nMặt trong sơn tĩnh điện, giảm bám tuyết, dễ vệ sinh\nVỏ tôn sơn tĩnh điện bền bỉ, hạn chế rỉ sét, chống ăn mòn\nTiết kiệm điện năng, vận hành êm ái', '', '', '', '', '', '', ''),
(121, 2, 'Tủ đông 2 ngăn 2 cánh SUNHOUSE SHR-F2412W2', '2 ngăn bảo quản thực phẩm DÀI NGÀY – NGẮN NGÀY tiện lợi\nCông nghệ lạnh sâu đa chiều 360 độ giúp hơi lạnh sâu - 18 độ C tỏa đều khắp bên trong tủ\nDàn lạnh đồng nguyên chất, làm lạnh nhanh, giảm thất thoát nhiệt\nMôi chất lạnh gas R600A an toàn sức khỏe, bảo vệ môi trường\nLớp bảo ôn Cool Pack sử dụng Cyclopentane Foam, giữ lạnh tới 12H\nMặt trong sơn tĩnh điện, giảm bám tuyết, dễ vệ sinh\nVỏ tôn sơn tĩnh điện bền bỉ, hạn chế rỉ sét, chống ăn mòn\nTiết kiệm điện năng, vận hành êm ái', '', '', '', '', '', '', ''),
(122, 2, 'Tủ đông 2 ngăn 2 cánh SUNHOUSE SHR-F2362W2', '2 ngăn bảo quản thực phẩm DÀI NGÀY – NGẮN NGÀY tiện lợi\nCông nghệ lạnh sâu đa chiều 360 độ giúp hơi lạnh sâu - 18 độ C tỏa đều khắp bên trong tủ\nDàn lạnh đồng nguyên chất, làm lạnh nhanh, giảm thất thoát nhiệt\nMôi chất lạnh gas R600A an toàn sức khỏe, bảo vệ môi trường\nLớp bảo ôn Cool Pack sử dụng Cyclopentane Foam, giữ lạnh tới 12H\nMặt trong sơn tĩnh điện, giảm bám tuyết, dễ vệ sinh\nVỏ tôn sơn tĩnh điện bền bỉ, hạn chế rỉ sét, chống ăn mòn\nTiết kiệm điện năng, vận hành êm ái', '', '', '', '', '', '', ''),
(123, 2, 'Tủ đông 2 ngăn 2 cánh SUNHOUSE SHR-F2272W2', '2 ngăn bảo quản thực phẩm DÀI NGÀY – NGẮN NGÀY tiện lợi\nCông nghệ lạnh sâu đa chiều 360 độ giúp hơi lạnh sâu -18 độ C tỏa đều khắp bên trong tủ\nDàn lạnh đồng nguyên chất, làm lạnh nhanh, giảm thất thoát nhiệt\nMôi chất lạnh gas R600A an toàn sức khỏe, bảo vệ môi trường\nLớp bảo ôn Cool Pack sử dụng Cyclopentane Foam, giữ lạnh tới 12H\nMặt trong sơn tĩnh điện, giảm bám tuyết, dễ vệ sinh\nVỏ tôn sơn tĩnh điện bền bỉ, hạn chế rỉ sét, chống ăn mòn\nTiết kiệm điện năng, vận hành êm ái', '', '', '', '', '', '', ''),
(124, 2, 'Tủ đông 1 ngăn 1 cánh SUNHOUSE SHR-F1433W1', 'Thiết kế 1 ngăn đông chuyên dụng, cấp đông tối ưu, phù hợp bảo quản thực phẩm dài ngày\nCông nghệ lạnh sâu đa chiều 360 độ giúp hơi lạnh sâu -18 độ C tỏa đều khắp bên trong tủ\nDàn lạnh đồng nguyên chất, làm lạnh nhanh, giảm thất thoát nhiệt\nMôi chất lạnh gas R600A an toàn sức khỏe, bảo vệ môi trường\nLớp bảo ôn Cool Pack sử dụng Cyclopentane Foam, giữ lạnh tới 12H\nMặt trong sơn tĩnh điện, giảm bám tuyết, dễ vệ sinh\nVỏ tôn sơn tĩnh điện bền bỉ, hạn chế rỉ sét, chống ăn mòn\nTiết kiệm điện năng, vận hành êm ái', '', '', '', '', '', '', ''),
(125, 2, 'Tủ đông 1 ngăn 1 cánh SUNHOUSE SHR-F1353W1', '&lt;p&gt;Thiết kế 1 ngăn đông chuyên dụng, cấp đông tối ưu, phù hợp bảo quản thực phẩm dài ngày Công nghệ lạnh sâu đa chiều 360 độ giúp hơi lạnh sâu -18 độ C tỏa đều khắp bên trong tủ Dàn lạnh đồng nguyên chất, làm lạnh nhanh, giảm thất thoát nhiệt Môi chất lạnh gas R600A an toàn sức khỏe, bảo vệ môi trường Lớp bảo ôn Cool Pack sử dụng Cyclopentane Foam, giữ lạnh tới 12H Mặt trong sơn tĩnh điện, giảm bám tuyết, dễ vệ sinh Vỏ tôn sơn tĩnh điện bền bỉ, hạn chế rỉ sét, chống ăn mòn Tiết kiệm điện năng, vận hành êm ái&lt;/p&gt;', '', '', '', '', '', '', ''),
(126, 2, 'Tủ đông 1 ngăn 1 cánh SUNHOUSE SHR-F1283W1', '&lt;p&gt;Thiết kế 1 ngăn đông chuyên dụng, cấp đông tối ưu, phù hợp bảo quản thực phẩm dài ngày Công nghệ lạnh sâu đa chiều 360 độ giúp hơi lạnh sâu -18 độ C tỏa đều khắp bên trong tủ Dàn lạnh đồng nguyên chất, làm lạnh nhanh, giảm thất thoát nhiệt Môi chất lạnh gas R600A an toàn sức khỏe, bảo vệ môi trường Lớp bảo ôn Cool Pack sử dụng Cyclopentane Foam, giữ lạnh tới 12H Mặt trong sơn tĩnh điện, giảm bám tuyết, dễ vệ sinh Vỏ tôn sơn tĩnh điện bền bỉ, hạn chế rỉ sét, chống ăn mòn Tiết kiệm điện năng, vận hành êm ái&lt;/p&gt;', '', '', '', '', '', '', ''),
(127, 2, 'Tủ đông 1 ngăn 1 cánh SUNHOUSE SHR-F1233W1', '&lt;p&gt;Thiết kế 1 ngăn đông chuyên dụng, cấp đông tối ưu, phù hợp bảo quản thực phẩm dài ngày Công nghệ lạnh sâu đa chiều 360 độ giúp hơi lạnh sâu -18 độ C tỏa đều khắp bên trong tủ Dàn lạnh đồng nguyên chất, làm lạnh nhanh, giảm thất thoát nhiệt Môi chất lạnh gas R600A an toàn sức khỏe, bảo vệ môi trường Lớp bảo ôn Cool Pack sử dụng Cyclopentane Foam, giữ lạnh tới 12H Mặt trong sơn tĩnh điện, giảm bám tuyết, dễ vệ sinh Vỏ tôn sơn tĩnh điện bền bỉ, hạn chế rỉ sét, chống ăn mòn Tiết kiệm điện năng, vận hành êm ái&lt;/p&gt;', '', '', '', '', '', '', ''),
(73, 2, 'Điện thoại iPhone Xs Max 64GB', '&lt;h3&gt;Ho&amp;agrave;n to&amp;agrave;n xứng đ&amp;aacute;ng với những g&amp;igrave; được mong chờ, phi&amp;ecirc;n bản cao cấp nhất IPhone Xs Max&amp;nbsp;của Apple năm nay nổi bật với chip A12 Bionic mạnh mẽ, m&amp;agrave;n h&amp;igrave;nh rộng đến 6.5 inch, c&amp;ugrave;ng camera k&amp;eacute;p tr&amp;iacute; tuệ nh&amp;acirc;n tạo v&amp;agrave; Face ID được n&amp;acirc;ng cấp.&lt;/h3&gt;', '', '', '', '', '', '', ''),
(74, 2, 'Điện thoại Samsung Galaxy Note 8', '&lt;h2&gt;Galaxy Note 8 l&amp;agrave; niềm hy vọng vực lại d&amp;ograve;ng Note danh tiếng của điện thoại SamSung&amp;nbsp;với diện mạo nam t&amp;iacute;nh, sang trọng. M&amp;aacute;y trang bị camera k&amp;eacute;p x&amp;oacute;a ph&amp;ocirc;ng thời thượng, m&amp;agrave;n h&amp;igrave;nh c&amp;ocirc; cực&amp;nbsp;như tr&amp;ecirc;n S8 Plus, b&amp;uacute;t S Pen c&amp;ugrave;ng nhiều t&amp;iacute;nh năng mới v&amp;agrave; nhiều c&amp;ocirc;ng nghệ được ưu &amp;aacute;i.&lt;/h2&gt;', '', '', '', '', '', '', ''),
(76, 2, 'Máy tính bảng iPad Wifi 128 GB (2018)', '&lt;h2&gt;&amp;nbsp;IPad Wifi 128 GB l&amp;agrave; chiếc iPad mới được Apple ra mắt với mức gi&amp;aacute; phải chăng hơn hứa hẹn sẽ mang c&amp;aacute;c thiết bị iPad đến được với đ&amp;ocirc;ng đảo người d&amp;ugrave;ng hơn.&lt;/h2&gt;', '', 'Máy tính bảng iPad Wifi 128 GB (2018)', 'Máy tính bảng iPad Wifi 128 GB (2018)', '', '', '', ''),
(78, 2, 'Máy tính bảng iPad Mini Wifi Cellular 64GB (2019)', '&lt;h2&gt;M&amp;aacute;y t&amp;iacute;nh bảng iPad Mini Wifi Cellular 64GB (2019) đ&amp;aacute;nh dấu sự trở lại mạnh mẽ của Apple trong ph&amp;acirc;n kh&amp;uacute;c m&amp;aacute;y t&amp;iacute;nh bảng nhỏ gọn, c&amp;oacute; thể dễ d&amp;agrave;ng mang theo b&amp;ecirc;n m&amp;igrave;nh.&lt;/h2&gt;', '', 'Máy tính bảng iPad Mini Wifi Cellular 64GB (2019)', 'Máy tính bảng iPad Mini Wifi Cellular 64GB (2019)', '', '', '', ''),
(79, 2, 'Laptop Apple Macbook Air 2018 128GB (MREE2SA)', '&lt;h1&gt;Laptop Apple Macbook Air 2018 i5/8GB/128GB (MREE2SA/A)&lt;/h1&gt;', '', 'Laptop Apple Macbook Air 2018 128GB (MREE2SA)', 'Laptop Apple Macbook Air 2018 128GB (MREE2SA)', '', '', '', ''),
(80, 2, 'Laptop Asus VivoBook S510UN i5 8250U', '&lt;h1&gt;Laptop Asus VivoBook S510UN i5 8250U&lt;/h1&gt;', '', 'Laptop Asus VivoBook S510UN i5 8250U', 'Laptop Asus VivoBook S510UN i5 8250U', '', '', '', ''),
(82, 2, 'Laptop Lenovo Ideapad 530S 14IKB i7 8550U', '&lt;h1&gt;Laptop Lenovo Ideapad 530S 14IKB i7 8550U&lt;/h1&gt;', '', 'Laptop Lenovo Ideapad 530S 14IKB i7 8550U', 'Laptop Lenovo Ideapad 530S 14IKB i7 8550U', '', '', '', ''),
(100, 2, 'ĐIỆN THOẠI SAMSUNG A9 XÁCH TAY', '&lt;p&gt;Th&amp;ocirc;ng số kỹ thuật&lt;/p&gt;\r\n\r\n&lt;p&gt;M&amp;agrave;n h&amp;igrave;nh: Super AMOLED, 6.3&amp;quot;, Full HD+&lt;/p&gt;\r\n\r\n&lt;p&gt;Hệ điều h&amp;agrave;nh: Android 8.0 (Oreo)&lt;/p&gt;\r\n\r\n&lt;p&gt;Camera sau: 24 MP, 10 MP, 8 MP v&amp;agrave; 5 MP (4 camera)&lt;/p&gt;\r\n\r\n&lt;p&gt;Camera trước: 24 MP&lt;/p&gt;\r\n\r\n&lt;p&gt;CPU: Qualcomm Snapdragon 660 8 nh&amp;acirc;n&lt;/p&gt;\r\n\r\n&lt;p&gt;RAM: 6 GB&lt;/p&gt;\r\n\r\n&lt;p&gt;Bộ nhớ trong: 64 GB&lt;/p&gt;\r\n\r\n&lt;p&gt;Thẻ nhớ: MicroSD, hỗ trợ tối đa 512 GB&lt;/p&gt;', '', '', '', '', '', '', ''),
(101, 2, 'ĐIỆN THOẠI OPPO F9 XÁCH TAY CAO CẤP GIÁ RẺ 64GB', '&lt;p&gt;1. Thiết kế gọn g&amp;agrave;ng v&amp;agrave; &amp;ocirc;m tay, viền m&amp;agrave;n h&amp;igrave;nh tr&amp;agrave;n cạnh&lt;/p&gt;\r\n\r\n&lt;p&gt;2. M&amp;agrave;n h&amp;igrave;nh tr&amp;agrave;n viền, 6.3&amp;#39; inch, độ ph&amp;acirc;n giải Full HD&lt;/p&gt;\r\n\r\n&lt;p&gt;3. Cấu h&amp;igrave;nh OPPO F9 vừa đủ d&amp;ugrave;ng zalo,Facebook,youtobe&lt;/p&gt;\r\n\r\n&lt;p&gt;4. Camera selfie ấn tượng : Ch&amp;iacute;nh: 16.0MP; Phụ: 25.0MP 5. Android 8.1 c&amp;ugrave;ng ColorOS 2.5D mới mẻ, nhận diện khu&amp;ocirc;n mặt ....&lt;/p&gt;\r\n\r\n&lt;p&gt;Th&amp;ocirc;ng số cơ bản..&lt;/p&gt;', '', '', '', '', '', '', ''),
(102, 2, 'Tai nghe Gaming G-Net H7S Có Rung, Led 7 màu', '&lt;p&gt;-Tai nghe G-Net H7S l&amp;agrave; phi&amp;ecirc;n bản n&amp;acirc;ng cấp từ d&amp;ograve;ng tai nghe G-Net H7 l&amp;agrave; sản phẩm tai nghe nhận được nhiều sự y&amp;ecirc;u th&amp;iacute;ch từ c&amp;aacute;c game thủ.&lt;/p&gt;\r\n\r\n&lt;p&gt;Đặc điểm nổi bật của Tai nghe G-Net H7S -T&amp;iacute;nh năng ưu việt Tai nghe Gnet H7S Rung Led với thiết kế &amp;acirc;m thanh đỉnh cao c&amp;ugrave;ng chế độ rung theo bass cho bạn kh&amp;ocirc;ng gian nghe nhạc sống động v&amp;agrave; ch&amp;acirc;n thực hơn bao giờ hết&lt;/p&gt;\r\n\r\n&lt;p&gt;Đối với c&amp;aacute;c bản nhạc lớn tai nghe cho ra &amp;acirc;m thanh bass c&amp;ugrave;ng chế độ rung nghe cực đ&amp;atilde; tai. C&amp;aacute;c bạn cần cắm cổng usb v&amp;agrave; chạm v&amp;agrave;o n&amp;uacute;t cảm ứng b&amp;ecirc;n dưới micro để bật chế độ rung mạnh.&lt;/p&gt;\r\n\r\n&lt;p&gt;-Thiết kế độc đ&amp;aacute;o Tai nghe G-Net H7S được thiết kế c&amp;ugrave;ng kiều d&amp;aacute;ng v&amp;agrave; m&amp;agrave;u sắc c&amp;aacute; t&amp;iacute;nh đem lại sự hiện đại, mạnh mẽ rất được c&amp;aacute;c game thủ ưa chuộng Thiết kế hiện đại nhưng sử dụng v&amp;ocirc; c&amp;ugrave;ng thoải m&amp;aacute;i v&amp;agrave; đơn giản.&lt;/p&gt;\r\n\r\n&lt;p&gt;Phần ốp v&amp;agrave; gọng tai nghe đều được ốp kim loại c&amp;oacute; khả năng chống va đập rơi vỡ Thiết kế ho&amp;agrave;n hảo n&amp;agrave;y gi&amp;uacute;p bạn thoải m&amp;aacute;i sử dụng m&amp;agrave; kh&amp;ocirc;ng cần qu&amp;aacute; lo lắng khi bị va chạm.&lt;/p&gt;\r\n\r\n&lt;p&gt;Phần ốp được thiết kế bản to, &amp;ocirc;m trọn tai tạo sự thoải m&amp;aacute;i cho người đeo Chất liệu ốp tai bằng da chất lượng cao rất &amp;ecirc;m kh&amp;ocirc;ng g&amp;acirc;y đau nhức hay b&amp;iacute; tai.&lt;/p&gt;\r\n\r\n&lt;p&gt;Tai nghe G-net H7S c&amp;oacute; Micro được thiết kế nhỏ gọn chắc chắn thuận tiện cho người sử dụng.&lt;/p&gt;\r\n\r\n&lt;p&gt;Tai nghe được thiết kế n&amp;uacute;t điều chỉnh &amp;acirc;m lượng ngay ph&amp;iacute;a sau tai cho người sử dụng c&amp;oacute; thể dễ d&amp;agrave;ng kiểm so&amp;aacute;t &amp;acirc;m thanh theo &amp;yacute; muốn.&lt;/p&gt;\r\n\r\n&lt;p&gt;-Kết nối đơn giản Tai nghe G-Net H7S c&amp;oacute; thể sử dụng đa dạng tr&amp;ecirc;n c&amp;aacute;c thiết bị như M&amp;aacute;y t&amp;iacute;nh, Laptop, Điện thoại..&lt;/p&gt;', '', '', '', '', '', '', ''),
(75, 2, 'Sữa dưỡng thể trắng da chống nắng Hatomugi SPF Nhật Bản', '&lt;p&gt;*** C&amp;ocirc;ng dụng: &amp;bull; Đ&amp;acirc;y l&amp;agrave; si&amp;ecirc;u phẩm cho m&amp;ugrave;a h&amp;egrave; m&amp;aacute;t lạnh với t&amp;aacute;c dụng vừa chống nắng vừa l&amp;agrave;m trắng da &amp;bull; Gi&amp;uacute;p tr&amp;aacute;nh được t&amp;igrave;nh trạng ch&amp;aacute;y nắng đỏ r&amp;aacute;t khi ra ngo&amp;agrave;i trời m&amp;ugrave;a h&amp;egrave;. &amp;bull; Dễ thẩm thấu ngay v&amp;agrave;o da khi b&amp;ocirc;i kh&amp;ocirc;ng h&amp;acirc;y t&amp;igrave;nh trạng bết d&amp;iacute;nh kh&amp;oacute; chịu. &amp;bull; Gi&amp;uacute;p dưỡng ẩm s&amp;acirc;u, l&amp;agrave;m mềm da. &amp;bull; Gi&amp;uacute;p dưỡng da s&amp;aacute;ng hơn, trắng hơn, x&amp;oacute;a mờ th&amp;acirc;m từng ng&amp;agrave;y. &amp;bull; Gi&amp;uacute;p l&amp;agrave;m dịu da, chống vi&amp;ecirc;m, cải thiện t&amp;igrave;nh trạng mụn, trứng c&amp;aacute;. &amp;bull; L&amp;agrave;m mịn da, giảm sự th&amp;ocirc; r&amp;aacute;p tr&amp;ecirc;n bề mặt da. &amp;bull; C&amp;oacute; t&amp;aacute;c dụng se kh&amp;iacute;t lỗ ch&amp;acirc;n l&amp;ocirc;ng. &amp;bull; L&amp;agrave;m săn chắc da, chống l&amp;atilde;o h&amp;oacute;a, cải thiện dấu hiệu của tuổi t&amp;aacute;c. &amp;bull; B&amp;igrave;nh thường h&amp;oacute;a chu kỳ sừng h&amp;oacute;a của tế b&amp;agrave;o da. &amp;bull; Sữa dưỡng thể l&amp;agrave;m trắng, chống nắng Hatomugi SPF31 PA+++ kh&amp;ocirc;ng g&amp;acirc;y hại cho da v&amp;igrave; th&amp;agrave;nh phần từ hạt &amp;yacute; dĩ &amp;ndash; một dược liệu qu&amp;yacute; v&amp;agrave; c&amp;oacute; &amp;iacute;ch với sức khỏe v&amp;agrave; c&amp;ocirc;ng dụng thần kỳ trong việc l&amp;agrave;m đẹp l&amp;agrave;m trắng da phi thường của người Nhật *** C&amp;aacute;ch d&amp;ugrave;ng: &amp;bull; Thoa đều l&amp;ecirc;n da body v&amp;agrave;o mỗi buổi s&amp;aacute;ng l&amp;agrave; đủ cho cả ng&amp;agrave;y d&amp;agrave;i nắng n&amp;oacute;ng &amp;bull; Chất lotion lỏng nhẹ được thoa l&amp;ecirc;n da, tan v&amp;agrave; thấm ngay v&amp;agrave;o da chỉ sau 2-3s.&lt;/p&gt;', '', '', '', '', '', '', ''),
(81, 2, 'Sữa Rửa Mặt Kose Softymo 190g Chính Hãng Nhật Bản', '&lt;p&gt;✅Sữa rửa mặt Kose Softymo Hyaluronic Acid (tu&amp;yacute;p m&amp;agrave;u hồng): dưỡng ẩm d&amp;agrave;nh cho da kh&amp;ocirc; Tu&amp;yacute;p m&amp;agrave;u hồng: cung cấp th&amp;ecirc;m độ ẩm cho da kh&amp;ocirc;. Sữa rửa mặt Kose Softymo Hyaluronic Acid Cleansing Wash nhẹ nh&amp;agrave;ng đ&amp;aacute;nh bật v&amp;agrave; loại bỏ c&amp;aacute;c vết bẩn v&amp;agrave; tẩy trang. C&amp;aacute;c hạt liti trong Sữa rửa mặt thấm s&amp;acirc;u v&amp;agrave;o trong c&amp;aacute;c khe hở mang đi c&amp;aacute;c chất dầu tr&amp;ecirc;n mặt.&lt;/p&gt;\r\n\r\n&lt;p&gt;✅Sữa rửa mặt Kose Softymo Collagen (tu&amp;yacute;p m&amp;agrave;u xanh): d&amp;agrave;nh cho da thường Tu&amp;yacute;p m&amp;agrave;u xanh: sữa mặt Collagen gi&amp;uacute;p l&amp;agrave;m trẻ h&amp;oacute;a, căng mịn l&amp;agrave;n da, chứa c&amp;aacute;c th&amp;agrave;nh phần tự nhi&amp;ecirc;n v&amp;agrave; tinh chất dược th&amp;acirc;m nhập s&amp;acirc;u v&amp;agrave;o c&amp;aacute;c khe hở lấy đi c&amp;aacute;c chất bẩn v&amp;agrave; dầu tr&amp;ecirc;n da mặt, mang lại l&amp;agrave;n da khỏe khoắn v&amp;agrave; sạch đẹp.&lt;/p&gt;\r\n\r\n&lt;p&gt;✅Sữa rửa mặt Kose Softymo White (tu&amp;yacute;p m&amp;agrave;u trắng): th&amp;iacute;ch hợp cho da mụn. Tu&amp;yacute;p m&amp;agrave;u trắng: Sữa rửa mặt Kose Softymo White gi&amp;uacute;p l&amp;agrave;m sạch s&amp;acirc;u, đồng thời chứa tinh chất l&amp;agrave;m trắng, l&amp;agrave;m mờ c&amp;aacute;c vết th&amp;acirc;m, đốm, cho da bạn s&amp;aacute;ng bừng l&amp;ecirc;n mỗi ng&amp;agrave;y Shop HAT - &amp;quot;C&amp;ugrave;ng bạn Xinh Đẹp - Hạnh Ph&amp;uacute;c&amp;quot;&lt;/p&gt;', '', '', '', '', '', '', ''),
(89, 2, 'Kem chống nắng Laroche-Posay Gel Cream Dry Touch SPF 50', '&lt;p&gt;✴️✴️✴️Kem chống nắng Laroche-Posay Gel Cream Dry Touch SPF 50+ &amp;ndash; ', '', '', '', '', '', '', ''),
(90, 2, 'Kem Chống Nắng Ziajka SPF50 Bảo Vệ Làn Da Cho Bé - Balan', '&lt;p&gt;T&amp;ecirc;n sản phẩm : Kem Chống Nắng Ziajka SPF 50+&lt;/p&gt;\r\n\r\n&lt;p&gt;Xuất xứ : Ba lan&lt;/p&gt;\r\n\r\n&lt;p&gt;Thương Hiệu : Ziajka&lt;/p&gt;\r\n\r\n&lt;p&gt;Dung t&amp;iacute;ch : 125ml Hạn sử dụng : 2/2022&lt;/p&gt;\r\n\r\n&lt;p&gt;- Kem Chống Nắng Ziajka SPF 50+ Dạng sữa kh&amp;ocirc;ng thấm nước c&amp;oacute; t&amp;aacute;c dụng chống nắng gi&amp;uacute;p bảo vệ l&amp;agrave;n da của b&amp;eacute; khi vui chơi, giữ ẩm da b&amp;eacute; m&amp;agrave; kh&amp;ocirc;ng g&amp;acirc;y nhờn d&amp;iacute;nh.&lt;/p&gt;\r\n\r\n&lt;p&gt;- Kem Chống Nắng Ziajka SPF 50+ Hấp thụ tia s&amp;aacute;ng tốt, tr&amp;aacute;nh hao hụt vitamin D.&lt;/p&gt;\r\n\r\n&lt;p&gt;- Kem Chống Nắng Ziajka SPF 50+ L&amp;agrave;m &amp;ecirc;m dịu da, chống lại tia cực t&amp;iacute;m v&amp;agrave; sự g&amp;acirc;y hại từ c&amp;aacute;c t&amp;aacute;c nh&amp;acirc;n b&amp;ecirc;n ngo&amp;agrave;i.&lt;/p&gt;\r\n\r\n&lt;p&gt;- Kem Chống Nắng Ziajka SPF 50+ Gi&amp;uacute;p chăm s&amp;oacute;c da b&amp;eacute; lu&amp;ocirc;n mềm mại, mượt m&amp;agrave;.&lt;/p&gt;\r\n\r\n&lt;p&gt;- Kem Chống Nắng Ziajka SPF 50+ Sản phẩm kh&amp;ocirc;ng m&amp;agrave;u, kh&amp;ocirc;ng m&amp;ugrave;i, kh&amp;ocirc;ng g&amp;acirc;y dị ứng rất an to&amp;agrave;n cho b&amp;eacute;.&lt;/p&gt;\r\n\r\n&lt;p&gt;- Kem Chống Nắng Ziajka SPF 50+ Dạng sữa n&amp;ecirc;n kh&amp;ocirc;ng hề b&amp;oacute;ng nhờn, kh&amp;ocirc; ngay tại chỗ (dạng sữa thường kh&amp;ocirc; nhanh v&amp;agrave; &amp;iacute;t b&amp;oacute;ng nhờn hơn dạng kem)&lt;/p&gt;\r\n\r\n&lt;p&gt;C&amp;aacute;ch d&amp;ugrave;ng - Lắc đều, b&amp;ocirc;i một lượt kem mỏng l&amp;ecirc;n v&amp;ugrave;ng da.&lt;/p&gt;\r\n\r\n&lt;p&gt;- Tr&amp;aacute;nh v&amp;agrave;o mắt. Kh&amp;ocirc;ng b&amp;ocirc;i l&amp;ecirc;n vết thương hở.&lt;/p&gt;', '', '', '', '', '', '', ''),
(91, 2, 'Kem dưỡng da trắng mượt đều màu ban đêm LOreal Paris White Perfect 50ml', '&lt;p&gt;C&amp;ocirc;ng dụng&lt;/p&gt;\r\n\r\n&lt;p&gt;- Dưỡng trắng đều m&amp;agrave;u: với vitamin Cg, gi&amp;uacute;p giảm v&amp;agrave; c&amp;acirc;n bằng hắc sắc tố ở mức thấp nhất.&lt;/p&gt;\r\n\r\n&lt;p&gt;- Dưỡng da mịn mượt: với Glycerin, tạo v&amp;agrave; lưu giữ độ ẩm tr&amp;ecirc;n da.&lt;/p&gt;\r\n\r\n&lt;p&gt;- Rạng rỡ l&amp;agrave;n da: với tinh thể đ&amp;aacute; qu&amp;yacute; Tourmaline, gi&amp;uacute;p th&amp;uacute;c đẩy qu&amp;aacute; tr&amp;igrave;nh tuần ho&amp;agrave;n dưới da.&lt;/p&gt;\r\n\r\n&lt;p&gt;Hiệu quả&lt;/p&gt;\r\n\r\n&lt;p&gt;- Ngay lập tức, l&amp;agrave;n da được dưỡng ẩm mềm mịn v&amp;agrave; tươi s&amp;aacute;ng r&amp;otilde; rệt.&lt;/p&gt;\r\n\r\n&lt;p&gt;- Sau 1 tuần, l&amp;agrave;n da dần đều m&amp;agrave;u &amp;amp; được cải thiện r&amp;otilde; rệt.&lt;/p&gt;\r\n\r\n&lt;p&gt;- Sau 1 th&amp;aacute;ng, l&amp;agrave;n da trở n&amp;ecirc;n trắng mượt, đều m&amp;agrave;u thấy r&amp;otilde;. Hướng dẫn sử dụng - Sử dụng v&amp;agrave;o mỗi tối, trước khi ngủ.&lt;/p&gt;\r\n\r\n&lt;p&gt;- Sau bước l&amp;agrave;m sạch da, sử dụng một lượng kem vừa đủ (khoảng 1 hạt bắp) v&amp;agrave; chia đều tr&amp;ecirc;n năm điểm: tr&amp;aacute;n, mũi, cằm, hai b&amp;ecirc;n m&amp;aacute;.&lt;/p&gt;\r\n\r\n&lt;p&gt;- Sau đ&amp;oacute;, thoa đều nhẹ nh&amp;agrave;ng hướng từ dưới l&amp;ecirc;n tr&amp;ecirc;n v&amp;agrave; vỗ nhẹ.&lt;/p&gt;\r\n\r\n&lt;p&gt;- N&amp;ecirc;n d&amp;ugrave;ng th&amp;ecirc;m cho v&amp;ugrave;ng da ở cổ. Tr&amp;aacute;nh v&amp;ugrave;ng da quanh mắt. Hướng dẫn bảo quản - Bảo quản nơi kh&amp;ocirc; r&amp;aacute;o, tho&amp;aacute;ng m&amp;aacute;t.&lt;/p&gt;', '', '', '', '', '', '', ''),
(92, 2, 'KEM DƯỠNG DA V7 TONING LIGHT DR JART 50ML', '&lt;p&gt;&amp;nbsp;&lt;/p&gt;\r\n\r\n&lt;p&gt;- Thương hiệu: Dr.Jart+&lt;/p&gt;\r\n\r\n&lt;p&gt;- Trọng lượng: 50ml&lt;/p&gt;\r\n\r\n&lt;p&gt;1. D&amp;ugrave;ng cho mọi loại da, đặc biệt l&amp;agrave; da tối m&amp;agrave;u hoặc th&amp;acirc;m do mụn.&lt;/p&gt;\r\n\r\n&lt;p&gt;2. L&amp;agrave; sản phẩm trị th&amp;acirc;m v&amp;agrave; l&amp;agrave;m đều m&amp;agrave;u da nhanh nhất, được nghi&amp;ecirc;n cứu v&amp;agrave; sản xuất dưới sự hợp t&amp;aacute;c giữa Mỹ v&amp;agrave; H&amp;agrave;n Quốc; l&amp;agrave; sản phẩm nổi tiếng v&amp;agrave; được b&amp;aacute;n tại Sephora c&amp;ugrave;ng c&amp;aacute;c cửa h&amp;agrave;ng lớn tr&amp;ecirc;n thế giới.&lt;/p&gt;\r\n\r\n&lt;p&gt;3. L&amp;agrave; kem dưỡng trắng, l&amp;agrave;m s&amp;aacute;ng tone da ngay lập tức; l&amp;agrave;m mờ t&amp;agrave;n nhang, th&amp;acirc;m, n&amp;aacute;m v&amp;agrave; đốm n&amp;acirc;u, gi&amp;uacute;p da s&amp;aacute;ng đều m&amp;agrave;u hơn; gi&amp;uacute;p t&amp;aacute;i tạo, phục hồi da; giảm nhờn b&amp;oacute;ng, se kh&amp;iacute;t lỗ ch&amp;acirc;n l&amp;ocirc;ng; ngăn ngừa sự h&amp;igrave;nh th&amp;agrave;nh, ph&amp;aacute;t triển của mụn.&lt;/p&gt;\r\n\r\n&lt;p&gt;4. Chứa Niacinamide, 7 loại vitamin c&amp;ugrave;ng c&amp;aacute;c th&amp;agrave;nh phần Korean Jade Water, White Jade v&amp;agrave; Licorice extract c&amp;oacute; t&amp;aacute;c dụng l&amp;agrave;m da trắng s&amp;aacute;ng, n&amp;acirc;ng tone da. Dr.Jart+ V7 Toning Light l&amp;agrave; Sản phẩm dưỡng trắng mới đang cực hot b&amp;ecirc;n H&amp;agrave;n, đặc biệt được feedback l&amp;agrave; sản phẩm trị th&amp;acirc;m v&amp;agrave; l&amp;agrave;m đều m&amp;agrave;u da nhanh hơn tất cả c&amp;aacute;c loại kem kh&amp;aacute;c.&lt;/p&gt;\r\n\r\n&lt;p&gt;Đ&amp;acirc;y ch&amp;iacute;nh l&amp;agrave; cứu c&amp;aacute;nh cho những bạn c&amp;oacute; l&amp;agrave;n da tối m&amp;agrave;u v&amp;agrave; l&amp;agrave;n da th&amp;acirc;m do mụn. Dr.Jart+ V7 Toning Light được nghi&amp;ecirc;n cứu v&amp;agrave; sản xuất dưới sự hợp t&amp;aacute;c giữa Mỹ v&amp;agrave; H&amp;agrave;n Quốc, l&amp;agrave; sản phẩm nổi tiếng v&amp;agrave; được b&amp;aacute;n tại Sephora c&amp;ugrave;ng c&amp;aacute;c cửa h&amp;agrave;ng lớn tr&amp;ecirc;n thế giới.&lt;/p&gt;', '', '', '', '', '', '', ''),
(93, 2, 'Dầu gội suôn mượt mềm mại Tsubaki Botanical 450ml', '&lt;p&gt;&amp;bull; Dầu gội ngăn ngừa xơ rối gi&amp;uacute;p duy tr&amp;igrave; m&amp;aacute;i t&amp;oacute;c su&amp;ocirc;n mượt, m&amp;ecirc;̀m mại.&lt;/p&gt;\r\n\r\n&lt;p&gt;Với phức hợp giàu dưỡng ch&amp;acirc;́t thiết yếu bổ sung dưỡng chất từ ch&amp;acirc;n t&amp;oacute;c, gi&amp;uacute;p thẳng mượt, &amp;oacute;ng ả.&lt;/p&gt;\r\n\r\n&lt;p&gt;&amp;bull; M&amp;ugrave;i hương tinh t&amp;ecirc;́ và gợi cảm được chiết xuất từ t&amp;ocirc;̉ hợp c&amp;aacute;c loại hoa v&amp;agrave; quả mọng.&lt;/p&gt;\r\n\r\n&lt;p&gt;3 bước chăm s&amp;oacute;c t&amp;oacute;c cơ bản:&lt;/p&gt;\r\n\r\n&lt;p&gt;1. Dầu gội: Dầu gội su&amp;ocirc;n mượt mềm mại (Tsubaki smooth shampoo)&lt;/p&gt;\r\n\r\n&lt;p&gt;2. Dầu xả: Dầu xả su&amp;ocirc;n mượt mềm mại (Tsubaki smooth conditioner)&lt;/p&gt;\r\n\r\n&lt;p&gt;3. Xịt dưỡng t&amp;oacute;c: Xịt dưỡng t&amp;oacute;c su&amp;ocirc;n mượt mềm mại (Tsubaki smooth hair water)&lt;/p&gt;\r\n\r\n&lt;p&gt;3 bước chăm s&amp;oacute;c t&amp;oacute;c phục hồi:&lt;/p&gt;\r\n\r\n&lt;p&gt;1. Dầu gội: Dầu gội su&amp;ocirc;n mượt mềm mại (Tsubaki smooth shampoo)&lt;/p&gt;\r\n\r\n&lt;p&gt;2. Kem xả phục hồi: Kem xả phục hồi chuy&amp;ecirc;n s&amp;acirc;u su&amp;ocirc;n mượt mềm mại (Tsubaki smooth treatment)&lt;/p&gt;\r\n\r\n&lt;p&gt;3. Xịt dưỡng t&amp;oacute;c: Xịt dưỡng t&amp;oacute;c su&amp;ocirc;n mượt mềm mại (Tsubaki smooth hair water)&lt;/p&gt;\r\n\r\n&lt;p&gt;HDSD: Giữ nắp chai v&amp;agrave; xoay v&amp;ograve;i ngược chiều kim đồng hồ, lấy một lượng vừa đủ dầu gội l&amp;ecirc;n tay, d&amp;ugrave;ng đầu ng&amp;oacute;n tay xoa đều dầu gội l&amp;ecirc;n t&amp;oacute;c từ gốc đến ngọn v&amp;agrave; m&amp;aacute;t-xa nhẹ nh&amp;agrave;ng da đầu. Sau đ&amp;oacute; xả sạch t&amp;oacute;c với nước.&lt;/p&gt;\r\n\r\n&lt;p&gt;Lưu &amp;yacute;: Để xa tầm tay trẻ em. Tr&amp;aacute;nh tiếp x&amp;uacute;c với mắt, trong trường hợp tiếp x&amp;uacute;c với mắt, kh&amp;ocirc;ng được ch&amp;agrave; x&amp;aacute;t, phải rửa ngay với nước.&lt;/p&gt;\r\n\r\n&lt;p&gt;Sau 2-3 lần bổ sung dầu gội cần thay vỏ chai mới để tr&amp;aacute;nh vỏ chai bị nhiễm khuẩn. Ngưng sử dụng ngay khi c&amp;oacute; c&amp;aacute;c biểu hiện k&amp;iacute;ch ứng.&lt;/p&gt;\r\n\r\n&lt;p&gt;Xuất xứ: Nhật Bản&lt;/p&gt;', '', '', '', '', '', '', ''),
(94, 2, 'Dầu Gội Pantene chai 900G', '&lt;p&gt;Gi&amp;uacute;p ngăn ngừa 10 dấu hiệu t&amp;oacute;c hư tổn*** ***10 dấu hiệu hư tổn bao gồm:&lt;/p&gt;\r\n\r\n&lt;p&gt;t&amp;oacute;c rối, t&amp;oacute;c xỉn m&amp;agrave;u, dễ g&amp;atilde;y, t&amp;oacute;c chẻ ngọn, t&amp;oacute;c g&amp;atilde;y rụng, t&amp;oacute;c kh&amp;ocirc;, nh&amp;aacute;m, yếu, x&amp;ugrave;,kh&amp;ocirc;ng v&amp;agrave;o nếp.&lt;/p&gt;\r\n\r\n&lt;p&gt;C&amp;ocirc;ng thức Pro-V tăng cường th&amp;ecirc;m dưỡng chất gi&amp;uacute;p ngăn ngừa hư tổn lớp Keratin&lt;/p&gt;\r\n\r\n&lt;p&gt;** &amp;bull; Gi&amp;uacute;p cải thiện sự duy tr&amp;igrave; li&amp;ecirc;n kết protein tự nhi&amp;ecirc;n để ngăn chặn qu&amp;aacute; tr&amp;igrave;nh hư tổn &amp;bull; Gi&amp;uacute;p ngừa t&amp;oacute;c chẻ ngọn mới ph&amp;aacute;t sinh ngay cả sau 3 th&amp;aacute;ng****&lt;/p&gt;\r\n\r\n&lt;p&gt;&amp;bull; Kh&amp;ocirc;ng chất m&amp;agrave;u, kh&amp;ocirc;ng Paraben Tr&amp;aacute;nh để d&amp;iacute;nh v&amp;agrave;o mắt. Nếu dầu gội d&amp;iacute;nh v&amp;agrave;o mắt, rửa sạch với nước.&lt;/p&gt;\r\n\r\n&lt;p&gt;Bảo quản sản phẩm nơi tho&amp;aacute;ng m&amp;aacute;t, tr&amp;aacute;nh &amp;aacute;nh nắng trực tiếp. Hướng dẫn sử dụng: Thoa dầu gội, m&amp;aacute;t xa nhẹ nh&amp;agrave;ng tr&amp;ecirc;n t&amp;oacute;c ướt/ da đầu.&lt;/p&gt;\r\n\r\n&lt;p&gt;Sau đ&amp;oacute;, gội sạch bằng nước.&lt;/p&gt;', '', '', '', '', '', '', ''),
(95, 2, 'Kem Dưỡng Da Trắng Hồng Vichy Ideal Lumiere Day Cream 50ml', '&lt;p&gt;&amp;nbsp;&lt;/p&gt;\r\n\r\n&lt;p&gt;Loại sản phẩm - Kem dưỡng da trắng hồng căng mọng ban ng&amp;agrave;y.&lt;/p&gt;\r\n\r\n&lt;p&gt;Loại da ph&amp;ugrave; hợp - Ph&amp;ugrave; hợp với mọi loại da.&lt;/p&gt;\r\n\r\n&lt;p&gt;- Kh&amp;aacute;ch h&amp;agrave;ng muốn c&amp;oacute; l&amp;agrave;n da trắng hồng căng mọng.&lt;/p&gt;\r\n\r\n&lt;p&gt;Độ an to&amp;agrave;n - Kh&amp;ocirc;ng Paraben.&lt;/p&gt;\r\n\r\n&lt;p&gt;- Kh&amp;ocirc;ng dị ứng. - Kiểm nghiệm tr&amp;ecirc;n l&amp;agrave;n da Ch&amp;acirc;u &amp;Aacute; dưới sự gi&amp;aacute;m s&amp;aacute;t của B&amp;aacute;c sĩ da liễu.&lt;/p&gt;\r\n\r\n&lt;p&gt;Th&amp;agrave;nh phần&lt;/p&gt;\r\n\r\n&lt;p&gt;C&amp;ocirc;ng nghệ dưỡng da trắng hồng ti&amp;ecirc;n tiến:&lt;/p&gt;\r\n\r\n&lt;p&gt;1. CHIẾT XUẤT RỄ HOA MẪU ĐƠN V&amp;Agrave; VITAMIN C: Hỗ trợ tăng cường tuần ho&amp;agrave;n m&amp;aacute;u, ngăn ngừa qu&amp;aacute; tr&amp;igrave;nh oxi h&amp;oacute;a, dưỡng trắng tăng cường, cải thiện độ xỉn m&amp;agrave;u v&amp;agrave; tăng sắc hồng cho l&amp;agrave;n da, gi&amp;uacute;p da trắng hồng rạng rỡ.&lt;/p&gt;\r\n\r\n&lt;p&gt;2. HYALURONIC ACID: Với khả năng cấp nước v&amp;agrave; giữ nước gấp ng&amp;agrave;n lần khối lượng, gi&amp;uacute;p dưỡng ẩm tăng cường cho l&amp;agrave;n da.&lt;/p&gt;\r\n\r\n&lt;p&gt;3. NƯỚC KHO&amp;Aacute;NG VICHY CHỨA 15 LOẠI KHO&amp;Aacute;NG CHẤT: L&amp;agrave;m dịu, tăng cường sức đề kh&amp;aacute;ng cho l&amp;agrave;n da, gi&amp;uacute;p da chống lại c&amp;aacute;c t&amp;aacute;c nh&amp;acirc;n từ m&amp;ocirc;i trường.&lt;/p&gt;', '', '', '', '', '', '', ''),
(96, 2, 'Mặt Nạ Ngủ Dưỡng Ẩm Giúp Làm Sáng Da Vichy 15ml', '&lt;p&gt;TH&amp;Ocirc;NG TIN SẢN PHẨM&lt;/p&gt;\r\n\r\n&lt;p&gt;Loại sản phẩm&lt;/p&gt;\r\n\r\n&lt;p&gt;- Kem dưỡng kết hợp mặt nạ ngủ cung cấp nước tức th&amp;igrave; v&amp;agrave; phục hồi chuy&amp;ecirc;n s&amp;acirc;u.&lt;/p&gt;\r\n\r\n&lt;p&gt;Loại da ph&amp;ugrave; hợp&lt;/p&gt;\r\n\r\n&lt;p&gt;- Mọi loại da, kể cả da nhạy cảm.&lt;/p&gt;\r\n\r\n&lt;p&gt;Độ an to&amp;agrave;n&lt;/p&gt;\r\n\r\n&lt;p&gt;- An to&amp;agrave;n với da nhạy cảm.&lt;/p&gt;\r\n\r\n&lt;p&gt;- Kh&amp;ocirc;ng Paraben.&lt;/p&gt;\r\n\r\n&lt;p&gt;&amp;nbsp;&lt;/p&gt;\r\n\r\n&lt;p&gt;- Kiểm nghiệm 100% tr&amp;ecirc;n l&amp;agrave;n da Ch&amp;acirc;u &amp;Aacute; nhạy cảm.&lt;/p&gt;\r\n\r\n&lt;p&gt;Th&amp;agrave;nh phần - 50% nước kho&amp;aacute;ng Vichy Mineralizing Water: gi&amp;uacute;p phục hồi v&amp;agrave; củng cố h&amp;agrave;ng r&amp;agrave;o bảo vệ da.&lt;/p&gt;\r\n\r\n&lt;p&gt;- Chiết xuất bạch quả Ginkgo Extract: cung cấp oxy cho từng tế b&amp;agrave;o, gi&amp;uacute;p da trở n&amp;ecirc;n s&amp;aacute;ng mịn hơn.&lt;/p&gt;\r\n\r\n&lt;p&gt;- Hoạt chất Hyaluronic Acid v&amp;agrave; Aquabioryl: lưu giữ độ ẩm tr&amp;ecirc;n bề mặt da, cho da căng mịn.&lt;/p&gt;', '', '', '', '', '', '', ''),
(105, 2, 'Máy lọc nước R.O 10 lõi SUNHOUSE SHA88119K', '&lt;p&gt;Màng lọc R.O DOW Filmtech USA loại bỏ 99,9% vi khuẩn gây hại Khả năng hấp thụ cao mùi vị, chất hữu cơ, thuốc trừ sâu, chất diệt côn trùng, kim loại nặng, Clo dư trong nước Loại bỏ tạp chất, đất rỉ sét có kích thước ≥ 1 µm Thiết kế sang trọng, mặt kính full viền hiện đại Bảo hành 2 năm tại các điểm bảo hành trên toàn quốc&lt;/p&gt;', '', '', '', '', '', '', '');

-- oc_product_image PRIMARY KEY (`product_image_id`)
INSERT IGNORE INTO `oc_product_image` (`product_image_id`, `product_id`, `image`, `image_alt`, `sort_order`) VALUES
(139, 83, '/catalog/view/theme/default/image/fashion_shoeszone/products/83/image1.jpg', '', 1),
(138, 84, '/catalog/view/theme/default/image/fashion_shoeszone/products/84/thumb.jpg', '', 0),
(133, 85, '/catalog/view/theme/default/image/fashion_shoeszone/products/85/image1.jpg', '', 0),
(132, 86, '/catalog/view/theme/default/image/fashion_shoeszone/products/86/thumb.jpg', '', 1),
(131, 87, '/catalog/view/theme/default/image/fashion_shoeszone/products/87/image1.jpg', '', 0),
(117, 88, '/catalog/view/theme/default/image/fashion_shoeszone/products/88/image1.jpg', '', 0),
(118, 97, '/catalog/view/theme/default/image/fashion_shoeszone/products/97/thumb.jpg', '', 0),
(119, 98, '/catalog/view/theme/default/image/fashion_shoeszone/products/98/image2.jpg', '', 1),
(126, 99, '/catalog/view/theme/default/image/fashion_shoeszone/products/99/image1.jpg', '', 0),
(127, 103, '/catalog/view/theme/default/image/fashion_shoeszone/products/103/image1.jpg', '', 1),
(167, 105, 'https://sunhouse.com.vn/pic/thumb/large/product/sunhouse-sha88119k_0013.jpg', '', 0),
(168, 106, 'https://sunhouse.com.vn/pic/thumb/large/product/SHA88117KV_012.jpg', '', 0),
(145, 107, 'https://sunhouse.com.vn/pic/thumb/large/product/SHA8878KV_012.jpg', '', 0),
(146, 108, 'https://sunhouse.com.vn/pic/thumb/large/product/SHA8889K_012.jpg', '', 0),
(147, 109, 'https://sunhouse.com.vn/pic/thumb/large/product/may-loc-nuoc-sunhouse-sha8879k_010.jpg', '', 0),
(148, 110, 'https://sunhouse.com.vn/pic/thumb/large/product/may-loc-nuoc-gia-dinh-sunhouse-sha76211ck_02.jpg', '', 0),
(149, 111, 'https://sunhouse.com.vn/pic/thumb/large/product/sunhouse-sha8858k_0114.jpg', '', 0),
(170, 112, 'https://sunhouse.com.vn/pic/thumb/large/product/sunhouse-sha88116k_011.jpg', '', 0),
(151, 113, 'https://sunhouse.com.vn/pic/thumb/large/product/sunhouse-sha8869k_0113.jpg', '', 0),
(152, 114, 'https://sunhouse.com.vn/pic/thumb/large/product/sunhouse-sha8859k_0112.jpg', '', 0),
(153, 115, 'https://sunhouse.com.vn/pic/thumb/large/product/sunhouse-sha88118k_0116.jpg', '', 0),
(171, 116, 'https://sunhouse.com.vn/pic/thumb/large/product/sunhouse-sha88115k_011.jpg', '', 0),
(155, 117, 'https://sunhouse.com.vn/pic/thumb/large/product/sunhouse-sha8819k_0112.jpg', '', 0),
(156, 118, 'https://sunhouse.com.vn/pic/thumb/large/product/sunhouse-sha8818k_011.jpg', '', 0),
(157, 119, 'https://sunhouse.com.vn/pic/thumb/large/product/tu-dong-tu-mat-sunhouse-shr-f2572w2_002.jpg', '', 0),
(158, 120, 'https://sunhouse.com.vn/pic/thumb/large/product/tu-dong-tu-mat-sunhouse-shr-fw2_002.jpg', '', 0),
(159, 121, 'https://sunhouse.com.vn/pic/thumb/large/product/tu-dong-tu-mat-sunhouse-shr-fw2_002(1).jpg', '', 0),
(160, 122, 'https://sunhouse.com.vn/pic/thumb/large/product/tu-dong-tu-mat-sunhouse-shr-fw2_002(2).jpg', '', 0),
(161, 123, 'https://sunhouse.com.vn/pic/thumb/large/product/tu-dong-tu-mat-sunhouse-shr-f2272w2_003.jpg', '', 0),
(162, 124, 'https://sunhouse.com.vn/pic/thumb/large/product/tu-dong-tu-mat-sunhouse-shr_002(2).jpg', '', 0),
(173, 125, 'https://sunhouse.com.vn/pic/thumb/large/product/tu-dong-tu-mat-sunhouse-shr_002(1).jpg', '', 0),
(172, 126, 'https://sunhouse.com.vn/pic/thumb/large/product/tu-dong-tu-mat-sunhouse-shr_002.jpg', '', 0),
(169, 127, 'https://sunhouse.com.vn/pic/thumb/large/product/tu-dong-tu-mat-sunhouse-shr-f1233w1_002.jpg', '', 0),
(140, 82, 'https://res.cloudinary.com/novaonx2/image/upload/v1558666481/x2-8888.bestme.test/lenovo-ideapad-330s-14ikbr-i5-8250u-4gb-1tb-win10-33397-thumb-400x400.jpg', '', 0),
(142, 82, 'https://res.cloudinary.com/novaonx2/image/upload/v1558666473/x2-8888.bestme.test/asus-x407ua-i5-8250u-4gb-16gb-1tb-win10-bv485t-thumb33397-400x400.jpg', '', 2),
(141, 82, 'https://res.cloudinary.com/novaonx2/image/upload/v1558666477/x2-8888.bestme.test/asus-x507uf-i5-8250u-4gb-1tb-2gb-mx130-ej121t-thumb-1-400x400.jpg', '', 1),
(120, 100, 'https://res.cloudinary.com/novaonx2/image/upload/v1558665195/x2-8888.bestme.test/31.png', '', 0),
(121, 100, 'https://res.cloudinary.com/novaonx2/image/upload/v1558665189/x2-8888.bestme.test/30.png', '', 1),
(122, 101, 'https://res.cloudinary.com/novaonx2/image/upload/v1558665272/x2-8888.bestme.test/33.png', '', 0),
(130, 102, 'https://res.cloudinary.com/novaonx2/image/upload/v1558665494/x2-8888.bestme.test/35.png', '', 2),
(129, 102, 'https://res.cloudinary.com/novaonx2/image/upload/v1558665497/x2-8888.bestme.test/36.png', '', 1),
(128, 102, 'https://res.cloudinary.com/novaonx2/image/upload/v1558665502/x2-8888.bestme.test/37.png', '', 0),
(94, 75, 'https://res.cloudinary.com/novaonx2/image/upload/v1558663981/x2-8888.bestme.test/1.png', '', 0),
(95, 81, 'https://res.cloudinary.com/novaonx2/image/upload/v1558664067/x2-8888.bestme.test/3.png', '', 0),
(106, 89, 'https://res.cloudinary.com/novaonx2/image/upload/v1558664146/x2-8888.bestme.test/5.png', '', 0),
(107, 90, 'https://res.cloudinary.com/novaonx2/image/upload/v1558664238/x2-8888.bestme.test/7.png', '', 0),
(108, 90, 'https://res.cloudinary.com/novaonx2/image/upload/v1558664243/x2-8888.bestme.test/8.png', '', 1),
(109, 91, 'https://res.cloudinary.com/novaonx2/image/upload/v1558664343/x2-8888.bestme.test/10.png', '', 0),
(110, 92, 'https://res.cloudinary.com/novaonx2/image/upload/v1558664461/x2-8888.bestme.test/12.png', '', 0),
(111, 92, 'https://res.cloudinary.com/novaonx2/image/upload/v1558664467/x2-8888.bestme.test/13.png', '', 1),
(112, 92, 'https://res.cloudinary.com/novaonx2/image/upload/v1558664473/x2-8888.bestme.test/14.png', '', 2),
(113, 93, 'https://res.cloudinary.com/novaonx2/image/upload/v1558664574/x2-8888.bestme.test/16.png', '', 0),
(114, 93, 'https://res.cloudinary.com/novaonx2/image/upload/v1558664579/x2-8888.bestme.test/17.png', '', 1),
(115, 94, 'https://res.cloudinary.com/novaonx2/image/upload/v1558664661/x2-8888.bestme.test/19.png', '', 0),
(116, 95, 'https://res.cloudinary.com/novaonx2/image/upload/v1558664809/x2-8888.bestme.test/21.png', '', 0);

-- oc_product_to_category PRIMARY KEY (`product_id`,`category_id`)
INSERT IGNORE INTO `oc_product_to_category` (`product_id`, `category_id`) VALUES
(105, 21),
(106, 21),
(107, 21),
(108, 21),
(109, 21),
(110, 21),
(111, 21),
(112, 21),
(113, 21),
(114, 21),
(115, 21),
(116, 21),
(117, 21),
(118, 21),
(119, 22),
(120, 22),
(121, 22),
(122, 22),
(123, 22),
(124, 22),
(125, 22),
(126, 22),
(127, 22);

-- oc_product_to_store PRIMARY KEY (`product_id`,`store_id`)
INSERT IGNORE INTO `oc_product_to_store` (`product_id`, `store_id`, `product_version_id`, `quantity`, `cost_price`) VALUES
(104, 0, 0, 9, '0.0000'),
(105, 0, 0, 10, '0.0000'),
(106, 0, 0, 10, '0.0000'),
(107, 0, 0, 10, '0.0000'),
(108, 0, 0, 10, '0.0000'),
(109, 0, 0, 10, '0.0000'),
(110, 0, 0, 10, '0.0000'),
(111, 0, 0, 10, '0.0000'),
(112, 0, 0, 10, '0.0000'),
(113, 0, 0, 10, '0.0000'),
(114, 0, 0, 10, '0.0000'),
(115, 0, 0, 10, '0.0000'),
(116, 0, 0, 10, '0.0000'),
(117, 0, 0, 10, '0.0000'),
(118, 0, 0, 10, '0.0000'),
(119, 0, 0, 10, '0.0000'),
(120, 0, 0, 10, '0.0000'),
(121, 0, 0, 10, '0.0000'),
(122, 0, 0, 10, '0.0000'),
(123, 0, 0, 10, '0.0000'),
(124, 0, 0, 10, '0.0000'),
(125, 0, 0, 10, '0.0000'),
(126, 0, 0, 10, '0.0000'),
(127, 0, 0, 10, '0.0000');

-- oc_seo_url PRIMARY KEY (`seo_url_id`)
INSERT IGNORE INTO `oc_seo_url` (`seo_url_id`, `store_id`, `language_id`, `query`, `keyword`, `table_name`) VALUES
(2062, 0, 2, 'collection=7', 'collection-7', 'category'),
(2061, 0, 2, 'collection=6', 'collection-6', 'category'),
(2060, 0, 2, 'collection=5', 'collection-5', 'category'),
(2059, 0, 2, 'collection=4', 'collection-4', 'category'),
(2180, 0, 2, 'blog=2', 'sunhouse-tung-khuyen-mai-khung-cung-doi-tuyen-viet-nam-chinh-phuc', 'blog'),
(2181, 0, 2, 'blog=3', '10-ngay-uu-dai-cung-thu-do-quotcuu-nuocquot', 'blog'),
(2193, 0, 1, 'menu_id=5', 'chinh-sach-dai-ly', ''),
(2202, 0, 1, 'page_id=1001', 'gioi-thieu-lan-chi', ''),
(2201, 0, 2, 'page_id=1001', 'gioi-thieu-lan-chi', ''),
(2198, 0, 2, 'blog=1', 'gioi-thieu', 'blog'),
(2197, 0, 1, 'page_id=1000', 'chinh-sach-va-bao-mat', ''),
(2196, 0, 2, 'page_id=1000', 'chinh-sach-va-bao-mat', ''),
(2093, 0, 1, 'common/home', 'home', ''),
(2094, 0, 2, 'common/home', 'trang-chu', ''),
(2095, 0, 1, 'common/shop', 'products', ''),
(2096, 0, 2, 'common/shop', 'san-pham', ''),
(2097, 0, 1, 'contact/contact', 'contact', ''),
(2098, 0, 2, 'contact/contact', 'lien-he', ''),
(2099, 0, 1, 'checkout/profile', 'profile', ''),
(2100, 0, 2, 'checkout/profile', 'tai-khoan', ''),
(2101, 0, 1, 'account/login', 'login', ''),
(2102, 0, 2, 'account/login', 'dang-nhap', ''),
(2103, 0, 1, 'account/register', 'register', ''),
(2104, 0, 2, 'account/register', 'dang-ky', ''),
(2105, 0, 1, 'account/logout', 'logout', ''),
(2106, 0, 2, 'account/logout', 'dang-xuat', ''),
(2107, 0, 1, 'checkout/setting', 'setting', ''),
(2108, 0, 2, 'checkout/setting', 'cai-dat', ''),
(2109, 0, 1, 'checkout/my_orders', 'checkout-cart', ''),
(2110, 0, 2, 'checkout/my_orders', 'gio-hang', ''),
(2111, 0, 1, 'checkout/order_preview', 'payment', ''),
(2112, 0, 2, 'checkout/order_preview', 'thanh-toan', ''),
(2113, 0, 1, 'checkout/order_preview/orderSuccess', 'payment-success', ''),
(2114, 0, 2, 'checkout/order_preview/orderSuccess', 'dat-hang-thanh-cong', ''),
(2115, 0, 1, 'blog/blog', 'blog', ''),
(2116, 0, 2, 'blog/blog', 'bai-viet', ''),
(2117, 0, 2, 'product_id=104', 'bep-doi-dien-tu-hong-ngoai-sunhouse-mama-mmb9100vn', 'product'),
(2118, 0, 1, 'product_id=104', 'bep-doi-dien-tu-hong-ngoai-sunhouse-mama-mmb9100vn', 'product'),
(2119, 0, 2, 'manufacturer_id=26', 'sunhouse', 'manufacturer'),
(2120, 0, 1, 'manufacturer_id=26', 'sunhouse', 'manufacturer'),
(2121, 0, 2, 'category_id=21', 'may-loc-nuoc', 'category'),
(2122, 0, 1, 'category_id=21', 'may-loc-nuoc', 'category'),
(2177, 0, 1, 'product_id=105', 'may-loc-nuoc-ro-10-loi-sunhouse-sha88119k', 'product'),
(2176, 0, 2, 'product_id=105', 'may-loc-nuoc-ro-10-loi-sunhouse-sha88119k', 'product'),
(2179, 0, 1, 'product_id=106', 'may-loc-nuoc-ro-khong-vo-sunhouse-10-loi-sha88117kv', 'product'),
(2178, 0, 2, 'product_id=106', 'may-loc-nuoc-ro-khong-vo-sunhouse-10-loi-sha88117kv', 'product'),
(2127, 0, 2, 'product_id=107', 'may-loc-nuoc-ro-khong-vo-sunhouse-8-loi-sha8878kv', 'product'),
(2128, 0, 1, 'product_id=107', 'may-loc-nuoc-ro-khong-vo-sunhouse-8-loi-sha8878kv', 'product'),
(2129, 0, 2, 'product_id=108', 'may-loc-nuoc-ro-9-loi-sunhouse-sha8889k', 'product'),
(2130, 0, 1, 'product_id=108', 'may-loc-nuoc-ro-9-loi-sunhouse-sha8889k', 'product'),
(2131, 0, 2, 'product_id=109', 'may-loc-nuoc-ro-9-loi-sunhouse-sha8879k', 'product'),
(2132, 0, 1, 'product_id=109', 'may-loc-nuoc-ro-9-loi-sunhouse-sha8879k', 'product'),
(2133, 0, 2, 'product_id=110', 'may-loc-nuoc-ro-nong-lanh-9-loi-sunhouse-sha76211ck', 'product'),
(2134, 0, 1, 'product_id=110', 'may-loc-nuoc-ro-nong-lanh-9-loi-sunhouse-sha76211ck', 'product'),
(2135, 0, 2, 'product_id=111', 'may-loc-nuoc-ro-8-loi-sunhouse-sha8858k', 'product'),
(2136, 0, 1, 'product_id=111', 'may-loc-nuoc-ro-8-loi-sunhouse-sha8858k', 'product'),
(2185, 0, 1, 'product_id=112', 'may-loc-nuoc-ro-10-loi-sunhouse-sha88116k', 'product'),
(2184, 0, 2, 'product_id=112', 'may-loc-nuoc-ro-10-loi-sunhouse-sha88116k', 'product'),
(2139, 0, 2, 'product_id=113', 'may-loc-nuoc-ro-9-loi-sunhouse-sha8869k', 'product'),
(2140, 0, 1, 'product_id=113', 'may-loc-nuoc-ro-9-loi-sunhouse-sha8869k', 'product'),
(2141, 0, 2, 'product_id=114', 'may-loc-nuoc-ro-9-loi-sunhouse-sha8859k', 'product'),
(2142, 0, 1, 'product_id=114', 'may-loc-nuoc-ro-9-loi-sunhouse-sha8859k', 'product'),
(2143, 0, 2, 'product_id=115', 'may-loc-nuoc-ro-10-loi-sunhouse-sha88118k', 'product'),
(2144, 0, 1, 'product_id=115', 'may-loc-nuoc-ro-10-loi-sunhouse-sha88118k', 'product'),
(2187, 0, 1, 'product_id=116', 'may-loc-nuoc-ro-10-loi-sunhouse-sha88115k', 'product'),
(2186, 0, 2, 'product_id=116', 'may-loc-nuoc-ro-10-loi-sunhouse-sha88115k', 'product'),
(2147, 0, 2, 'product_id=117', 'may-loc-nuoc-ro-9-loi-sunhouse-sha8819k', 'product'),
(2148, 0, 1, 'product_id=117', 'may-loc-nuoc-ro-9-loi-sunhouse-sha8819k', 'product'),
(2149, 0, 2, 'product_id=118', 'may-loc-nuoc-ro-8-loi-sunhouse-sha8818k', 'product'),
(2150, 0, 1, 'product_id=118', 'may-loc-nuoc-ro-8-loi-sunhouse-sha8818k', 'product'),
(2151, 0, 2, 'category_id=22', 'tu-dong', 'category'),
(2152, 0, 1, 'category_id=22', 'tu-dong', 'category'),
(2153, 0, 2, 'product_id=119', 'tu-dong-2-ngan-2-canh-sunhouse-shr-f2572w2', 'product'),
(2154, 0, 1, 'product_id=119', 'tu-dong-2-ngan-2-canh-sunhouse-shr-f2572w2', 'product'),
(2155, 0, 2, 'product_id=120', 'tu-dong-2-ngan-2-canh-sunhouse-shr-f2472w2', 'product'),
(2156, 0, 1, 'product_id=120', 'tu-dong-2-ngan-2-canh-sunhouse-shr-f2472w2', 'product'),
(2157, 0, 2, 'product_id=121', 'tu-dong-2-ngan-2-canh-sunhouse-shr-f2412w2', 'product'),
(2158, 0, 1, 'product_id=121', 'tu-dong-2-ngan-2-canh-sunhouse-shr-f2412w2', 'product'),
(2159, 0, 2, 'product_id=122', 'tu-dong-2-ngan-2-canh-sunhouse-shr-f2362w2', 'product'),
(2160, 0, 1, 'product_id=122', 'tu-dong-2-ngan-2-canh-sunhouse-shr-f2362w2', 'product'),
(2161, 0, 2, 'product_id=123', 'tu-dong-2-ngan-2-canh-sunhouse-shr-f2272w2', 'product'),
(2162, 0, 1, 'product_id=123', 'tu-dong-2-ngan-2-canh-sunhouse-shr-f2272w2', 'product'),
(2163, 0, 2, 'product_id=124', 'tu-dong-1-ngan-1-canh-sunhouse-shr-f1433w1', 'product'),
(2164, 0, 1, 'product_id=124', 'tu-dong-1-ngan-1-canh-sunhouse-shr-f1433w1', 'product'),
(2191, 0, 1, 'product_id=125', 'tu-dong-1-ngan-1-canh-sunhouse-shr-f1353w1', 'product'),
(2190, 0, 2, 'product_id=125', 'tu-dong-1-ngan-1-canh-sunhouse-shr-f1353w1', 'product'),
(2192, 0, 2, 'menu_id=5', 'chinh-sach-dai-ly', ''),
(2188, 0, 2, 'product_id=126', 'tu-dong-1-ngan-1-canh-sunhouse-shr-f1283w1', 'product'),
(2189, 0, 1, 'product_id=126', 'tu-dong-1-ngan-1-canh-sunhouse-shr-f1283w1', 'product'),
(2182, 0, 2, 'product_id=127', 'tu-dong-1-ngan-1-canh-sunhouse-shr-f1233w1', 'product'),
(2183, 0, 1, 'product_id=127', 'tu-dong-1-ngan-1-canh-sunhouse-shr-f1233w1', 'product');

-- oc_theme_builder_config NO PRIMARY KEY
-- remove first
DELETE FROM `oc_theme_builder_config`
WHERE `store_id` = '0'
  AND `config_theme` = 'houseware_suncagi'
  AND `code` = 'config';

-- insert
INSERT IGNORE INTO `oc_theme_builder_config` (`store_id`, `config_theme`, `code`, `key`, `config`, `date_added`, `date_modified`) VALUES
(0, 'houseware_suncagi', 'config', 'config_theme_color', '{\n    \"main\": {\n        \"main\": {\n            \"hex\": \"DA041A\",\n            \"visible\": \"1\"\n        },\n        \"button\": {\n            \"hex\": \"48A0DA\",\n            \"visible\": \"1\"\n        }\n    }\n}', '2020-04-22 23:08:10', '2020-04-23 13:41:31'),
(0, 'houseware_suncagi', 'config', 'config_theme_text', '{\n    \"all\": {\n        \"title\": \"Font Tahoma\",\n        \"font\": \"Tahoma\",\n        \"supported-fonts\": [\n            \"Open Sans\",\n            \"IBM Plex Sans\",\n            \"Courier New\",\n            \"Roboto\",\n            \"Nunito\",\n            \"Arial\",\n            \"DejaVu Sans\",\n            \"Tahoma\",\n            \"Time News Roman\"\n        ]\n    },\n    \"heading\": {\n        \"font\": \"Tahoma\",\n        \"supported-fonts\": [\n            \"Open Sans\",\n            \"IBM Plex Sans\",\n            \"Courier New\",\n            \"Roboto\",\n            \"Nunito\",\n            \"Arial\",\n            \"DejaVu Sans\",\n            \"Tahoma\",\n            \"Time News Roman\"\n        ],\n        \"font-type\": \"regular\",\n        \"supported-font-types\": [\n            \"regular\",\n            \"bold\",\n            \"italic\"\n        ],\n        \"font-size\": 32\n    },\n    \"body\": {\n        \"font\": \"Aria\",\n        \"supported-fonts\": [\n            \"Open Sans\",\n            \"IBM Plex Sans\",\n            \"Courier New\",\n            \"Roboto\",\n            \"Nunito\",\n            \"Arial\",\n            \"DejaVu Sans\",\n            \"Tahoma\",\n            \"Time News Roman\"\n        ],\n        \"font-type\": \"regular\",\n        \"supported-font-types\": [\n            \"regular\",\n            \"bold\",\n            \"italic\"\n        ],\n        \"font-size\": 14\n    }\n}', '2020-04-22 23:08:10', '2020-04-23 13:41:31'),
(0, 'houseware_suncagi', 'config', 'config_theme_favicon', '{\n    \"image\": {\n        \"url\": \"https:\\/\\/res.cloudinary.com\\/novaonx2\\/image\\/upload\\/v1587532464\\/19444\\/logo.png\"\n    }\n}', '2020-04-22 23:08:10', '2020-04-23 13:41:31'),
(0, 'houseware_suncagi', 'config', 'config_theme_social', '[\n    {\n        \"name\": \"facebook\",\n        \"text\": \"Facebook\",\n        \"url\": \"https:\\/\\/www.facebook.com\"\n    },\n    {\n        \"name\": \"twitter\",\n        \"text\": \"Twitter\",\n        \"url\": \"https:\\/\\/www.twitter.com\"\n    },\n    {\n        \"name\": \"instagram\",\n        \"text\": \"Instagram\",\n        \"url\": \"https:\\/\\/www.instagram.com\"\n    },\n    {\n        \"name\": \"tumblr\",\n        \"text\": \"Tumblr\",\n        \"url\": \"https:\\/\\/www.tumblr.com\"\n    },\n    {\n        \"name\": \"youtube\",\n        \"text\": \"Youtube\",\n        \"url\": \"https:\\/\\/www.youtube.com\"\n    },\n    {\n        \"name\": \"googleplus\",\n        \"text\": \"Google Plus\",\n        \"url\": \"https:\\/\\/www.plus.google.com\"\n    }\n]', '2020-04-22 23:08:10', '2020-04-23 13:41:31'),
(0, 'houseware_suncagi', 'config', 'config_theme_override_css', '{\n    \"css\": \"\\/* override css *\\/\"\n}', '2020-04-22 23:08:10', '2020-04-23 13:41:31'),
(0, 'houseware_suncagi', 'config', 'config_theme_checkout_page', '{\n}', '2020-04-22 23:08:10', '2020-04-22 23:08:10'),
(0, 'houseware_suncagi', 'config', 'config_section_sections', '{\n    \"name\": \"Theme Config\",\n    \"version\": \"1.0\",\n    \"section\": {\n        \"header\": {\n            \"name\": \"header\",\n            \"text\": \"Header\",\n            \"visible\": 1\n        },\n        \"slide-show\": {\n            \"name\": \"slide-show\",\n            \"text\": \"Slideshow\",\n            \"visible\": 1\n        },\n        \"categories\": {\n            \"name\": \"categories\",\n            \"text\": \"Danh mục sản phẩm\",\n            \"visible\": 1\n        },\n        \"hot-deals\": {\n            \"name\": \"hot-deals\",\n            \"text\": \"Sản phẩm khuyến mại\",\n            \"visible\": 1\n        },\n        \"feature-products\": {\n            \"name\": \"feature-products\",\n            \"text\": \"Sản phẩm bán chạy\",\n            \"visible\": 1\n        },\n        \"related-products\": {\n            \"name\": \"related-products\",\n            \"text\": \"Sản phẩm xem nhiều\",\n            \"visible\": 1\n        },\n        \"new-products\": {\n            \"name\": \"new-products\",\n            \"text\": \"Sản phẩm mới\",\n            \"visible\": 1\n        },\n        \"product-detail\": {\n            \"name\": \"product-details\",\n            \"text\": \"Chi tiết sản phẩm\",\n            \"visible\": 1\n        },\n        \"banner\": {\n            \"name\": \"banner\",\n            \"text\": \"Banner\",\n            \"visible\": 1\n        },\n        \"content_customize\": {\n            \"name\": \"content-customize\",\n            \"text\": \"Nội dung tùy chỉnh\",\n            \"visible\": 1\n        },\n        \"partners\": {\n            \"name\": \"partners\",\n            \"text\": \"Đối tác\",\n            \"visible\": 1\n        },\n        \"blog\": {\n            \"name\": \"blog\",\n            \"text\": \"Blog\",\n            \"visible\": 1\n        },\n        \"footer\": {\n            \"name\": \"footer\",\n            \"text\": \"Footer\",\n            \"visible\": 1\n        }\n    }\n}', '2020-04-22 23:08:10', '2020-04-23 14:44:47'),
(0, 'houseware_suncagi', 'config', 'config_section_banner', '{\n    \"name\": \"banner\",\n    \"text\": \"Banner\",\n    \"visible\": \"1\",\n    \"display\": [\n        {\n            \"image-url\": \"https:\\/\\/res.cloudinary.com\\/novaonx2\\/image\\/upload\\/v1587627709\\/19444\\/chinh-sach-hau-mai-hang-dau.jpg\",\n            \"url\": \"#\",\n            \"description\": \"Banner 1\",\n            \"visible\": \"1\"\n        },\n        {\n            \"image-url\": \"https:\\/\\/res.cloudinary.com\\/novaonx2\\/image\\/upload\\/v1587640832\\/19444\\/dai-ly-sunhouse%281587640831%29.png\",\n            \"url\": \"#\",\n            \"description\": \"Banner 2\",\n            \"visible\": \"1\"\n        },\n        {\n            \"image-url\": \"https:\\/\\/res.cloudinary.com\\/novaonx2\\/image\\/upload\\/v1587627709\\/19444\\/chinh-sach-hau-mai-hang-dau.jpg\",\n            \"url\": \"#\",\n            \"description\": \"Banner 3\",\n            \"visible\": \"1\"\n        }\n    ]\n}', '2020-04-22 23:08:10', '2020-04-24 10:20:57'),
(0, 'houseware_suncagi', 'config', 'config_section_best_sales_product', '{\n    \"name\": \"feature-product\",\n    \"text\": \"Sản phẩm bán chạy\",\n    \"visible\": 1,\n    \"setting\": {\n        \"title\": \"Sản phẩm bán chạy\",\n        \"sub_title\" : \"Mô tả tiêu đề\",\n        \"auto_retrieve_data\": 1,\n        \"collection_id\": 1\n    },\n    \"display\": {\n        \"grid\": {\n            \"quantity\": 4\n        },\n        \"grid_mobile\": {\n            \"quantity\": 2\n        }\n    }\n}', '2020-04-22 23:08:10', '2020-04-22 23:08:10'),
(0, 'houseware_suncagi', 'config', 'config_section_new_product', '{\n    \"name\": \"new-product\",\n    \"text\": \"Sản phẩm mới\",\n    \"visible\": 1,\n    \"setting\": {\n        \"title\": \"Sản phẩm mới\",\n        \"sub_title\" : \"Mô tả tiêu đề\",\n        \"auto_retrieve_data\": 1,\n        \"collection_id\": 1\n    },\n    \"display\": {\n        \"grid\": {\n            \"quantity\": 4\n        },\n        \"grid_mobile\": {\n            \"quantity\": 2\n        }\n    }\n}', '2020-04-22 23:08:10', '2020-04-22 23:08:10'),
(0, 'houseware_suncagi', 'config', 'config_section_best_views_product', '{\n    \"name\": \"related-product\",\n    \"text\": \"Sản phẩm xem nhiều\",\n    \"visible\": 1,\n    \"setting\": {\n        \"title\": \"Sản phẩm xem nhiều\"\n    },\n    \"display\": {\n        \"grid\": {\n            \"quantity\": 10\n        },\n        \"grid_mobile\": {\n            \"quantity\": 2\n        }\n    }\n}', '2020-04-22 23:08:10', '2020-04-22 23:08:10'),
(0, 'houseware_suncagi', 'config', 'config_section_blog', '{\n    \"name\": \"blog\",\n    \"text\": \"Blog\",\n    \"visible\": 1,\n    \"setting\": {\n        \"title\": \"Blog\"\n    },\n    \"display\": {\n        \"menu\": [\n            {\n                \"type\": \"existing\",\n                \"menu\": {\n                    \"id\": 12,\n                    \"name\": \"Danh sách bài viết 1\"\n                }\n            },\n            {\n                \"type\": \"manual\",\n                \"entries\": [\n                    {\n                        \"id\": 10,\n                        \"name\": \"Entry 10\"\n                    },\n                    {\n                        \"id\": 11,\n                        \"name\": \"Entry 11\"\n                    }\n                ]\n            }\n        ],\n        \"grid\": {\n            \"quantity\": 10\n        }\n    }\n}', '2020-04-22 23:08:10', '2020-04-22 23:08:10'),
(0, 'houseware_suncagi', 'config', 'config_section_detail_product', '{\n    \"name\": \"product-detail\",\n    \"text\": \"Chi tiết sản phẩm\",\n    \"visible\": 1,\n    \"display\": {\n        \"name\": true,\n        \"description\": false,\n        \"price\": true,\n        \"price-compare\": false,\n        \"status\": false,\n        \"sale\": false,\n        \"rate\": false\n    }\n}', '2020-04-22 23:08:10', '2020-04-22 23:08:10'),
(0, 'houseware_suncagi', 'config', 'config_section_footer', '{\n    \"name\": \"footer\",\n    \"text\": \"Footer\",\n    \"visible\": 1,\n    \"contact\": {\n        \"title\": \"Liên hệ chúng tôi\",\n        \"address\": \"Cau Giay - Ha Noi\",\n        \"phone-number\": \"(+84)987654321\",\n        \"email\": \"huongtt@novaon.vn\",\n        \"visible\": 1\n    },\n    \"collection\": {\n        \"title\": \"Bộ sưu tập\",\n        \"menu_id\": 1,\n        \"visible\": 1\n    },\n    \"quick-links\": {\n        \"title\": \"Liên kết nhanh\",\n        \"menu_id\": 1,\n        \"visible\": 1\n    },\n    \"subscribe\": {\n        \"title\": \"Đăng ký theo dõi\",\n        \"social_network\": 1,\n        \"visible\": 1,\n        \"youtube_visible\": 1,\n        \"facebook_visible\": 1,\n        \"instagram_visible\": 1\n    }\n}', '2020-04-22 23:08:10', '2020-04-22 23:08:10'),
(0, 'houseware_suncagi', 'config', 'config_section_header', '{\n    \"name\": \"header\",\n    \"text\": \"Header\",\n    \"visible\": \"1\",\n    \"notify-bar\": {\n        \"name\": \"Thanh thông báo\",\n        \"visible\": \"1\",\n        \"content\": \"LAN CHI - NHÀ PHÂN PHỐI ĐỘC QUYỀN CỦA SUNHOUSE\",\n        \"url\": \"#\"\n    },\n    \"logo\": {\n        \"name\": \"Logo\",\n        \"url\": \"https:\\/\\/res.cloudinary.com\\/novaonx2\\/image\\/upload\\/v1587532464\\/19444\\/logo.png\",\n        \"height\": \"50\"\n    },\n    \"menu\": {\n        \"name\": \"Menu\",\n        \"display-list\": {\n            \"name\": \"Menu chính\",\n            \"id\": \"1\"\n        }\n    }\n}', '2020-04-22 23:08:10', '2020-04-23 18:35:55'),
(0, 'houseware_suncagi', 'config', 'config_section_hot_product', '{\n    \"name\": \"hot-deals\",\n    \"text\": \"Sản phẩm khuyến mại\",\n    \"visible\": \"1\",\n    \"setting\": {\n        \"title\": \"Sản phẩm khuyến mại đặc biệt\",\n        \"sub_title\": \"khuyến mại đặc biệt\",\n        \"auto_retrieve_data\": \"1\",\n        \"collection_id\": \"1\"\n    },\n    \"display\": {\n        \"grid\": {\n            \"quantity\": \"4\"\n        },\n        \"grid_mobile\": {\n            \"quantity\": \"2\"\n        }\n    }\n}', '2020-04-22 23:08:10', '2020-04-23 16:05:55'),
(0, 'houseware_suncagi', 'config', 'config_section_list_product', '{\n    \"name\": \"categories\",\n    \"text\": \"Danh mục sản phẩm\",\n    \"visible\": 0,\n    \"setting\": {\n        \"title\": \"Danh mục sản phẩm\"\n    },\n    \"display\": {\n        \"menu\": {\n            \"id\": 1,\n            \"name\": \"Danh mục sản phẩm 1\"\n        }\n    }\n}', '2020-04-22 23:08:10', '2020-04-22 23:08:10'),
(0, 'houseware_suncagi', 'config', 'config_section_partner', '{\n    \"name\": \"partners\",\n    \"text\": \"Đối tác\",\n    \"visible\": \"1\",\n    \"limit-per-line\": \"4\",\n    \"display\": [\n        {\n            \"image-url\": \"https:\\/\\/res.cloudinary.com\\/novaonx2\\/image\\/upload\\/v1587532464\\/19444\\/logo.png\",\n            \"url\": \"#\",\n            \"description\": \"Partner 1\",\n            \"visible\": \"1\"\n        },\n        {\n            \"image-url\": \"https:\\/\\/res.cloudinary.com\\/novaonx2\\/image\\/upload\\/v1587532464\\/19444\\/logo.png\",\n            \"url\": \"#\",\n            \"description\": \"Partner 2\",\n            \"visible\": \"1\"\n        },\n        {\n            \"image-url\": \"https:\\/\\/res.cloudinary.com\\/novaonx2\\/image\\/upload\\/v1587532464\\/19444\\/logo.png\",\n            \"url\": \"#\",\n            \"description\": \"Partner 3\",\n            \"visible\": \"1\"\n        },\n        {\n            \"image-url\": \"https:\\/\\/res.cloudinary.com\\/novaonx2\\/image\\/upload\\/v1587532464\\/19444\\/logo.png\",\n            \"url\": \"#\",\n            \"description\": \"Partner 4\",\n            \"visible\": \"1\"\n        }\n    ]\n}', '2020-04-22 23:08:10', '2020-04-23 15:25:28'),
(0, 'houseware_suncagi', 'config', 'config_section_slideshow', '{\n    \"name\": \"slide-show\",\n    \"text\": \"Slideshow\",\n    \"visible\": \"1\",\n    \"setting\": {\n        \"transition-time\": \"5\"\n    },\n    \"display\": [\n        {\n            \"image-url\": \"https:\\/\\/res.cloudinary.com\\/novaonx2\\/image\\/upload\\/v1587698217\\/19444\\/1%281587698215%29.png\",\n            \"url\": \"#\",\n            \"description\": \"slide_1\",\n            \"id\": \"28013376\"\n        },\n        {\n            \"image-url\": \"https:\\/\\/res.cloudinary.com\\/novaonx2\\/image\\/upload\\/v1587698220\\/19444\\/2.png\",\n            \"description\": \"\",\n            \"id\": \"72272417\"\n        },\n        {\n            \"image-url\": \"https:\\/\\/res.cloudinary.com\\/novaonx2\\/image\\/upload\\/v1587698222\\/19444\\/3.png\",\n            \"description\": \"\",\n            \"id\": \"61423408\"\n        }\n    ]\n}', '2020-04-22 23:08:10', '2020-04-24 10:17:48'),
(0, 'houseware_suncagi', 'config', 'config_section_product_groups', '{\n    \"name\": \"group products\",\n    \"text\": \"nhóm sản phẩm\",\n    \"visible\": \"1\",\n    \"list\": [\n        {\n            \"text\": \"Danh sách sản phẩm\",\n            \"visible\": \"0\",\n            \"setting\": {\n                \"title\": \"Danh sách sản phẩm\",\n                \"collection_id\": \"7\"\n            },\n            \"display\": {\n                \"grid\": {\n                    \"quantity\": \"4\"\n                },\n                \"grid_mobile\": {\n                    \"quantity\": \"1\"\n                }\n            }\n        }\n    ]\n}', '2020-04-22 23:08:10', '2020-04-23 14:53:38'),
(0, 'houseware_suncagi', 'config', 'config_section_content_customize', '{\n    \"name\": \"content-customize\",\n    \"title\": \"Nội dung tuỳ chỉnh\",\n    \"display\": [\n        {\n            \"name\": \"content-1\",\n            \"title\": \"Bảo đảm chất lượng\",\n            \"type\": \"fixed\",\n            \"content\": {\n                \"icon\": \"/catalog/view/theme/default/image/favicon.ico\",\n                \"title\": \"Bảo đảm chất lượng\",\n                \"description\": \"Sản phẩm đảm bảo chất lượng\",\n                \"html\": \"\"\n            }\n        },\n        {\n            \"name\": \"content-2\",\n            \"title\": \"Miễn phí giao hàng\",\n            \"type\": \"fixed\",\n            \"content\": {\n                \"icon\": \"/catalog/view/theme/default/image/favicon.ico\",\n                \"title\": \"Miễn phí giao hàng\",\n                \"description\": \"Cho đơn hàng từ 2 triệu\",\n                \"html\": \"\"\n            }\n        },\n        {\n            \"name\": \"content-3\",\n            \"title\": \"Hỗ trợ 24/7\",\n            \"type\": \"fixed\",\n            \"content\": {\n                \"icon\": \"/catalog/view/theme/default/image/favicon.ico\",\n                \"title\": \"Hỗ trợ 24/7\",\n                \"description\": \"Hotline 012.345.678\",\n                \"html\": \"\"\n            }\n        },\n        {\n            \"name\": \"content-4\",\n            \"title\": \"Đổi trả hàng\",\n            \"type\": \"fixed\",\n            \"content\": {\n                \"icon\": \"/catalog/view/theme/default/image/favicon.ico\",\n                \"title\": \"Đổi trả hàng\",\n                \"description\": \"Trong vòng 7 ngày\",\n                \"html\": \"\"\n            }\n        }\n    ]\n}', '2020-04-22 23:08:10', '2020-04-22 23:08:10'),
(0, 'houseware_suncagi', 'config', 'config_section_category_sections', '{\n    \"name\": \"Theme Config\",\n    \"version\": \"1.0\",\n    \"section\": {\n        \"banner\": {\n            \"name\": \"banner\",\n            \"text\": \"Banner\",\n            \"visible\": 1\n        },\n        \"filter\": {\n            \"name\": \"filter\",\n            \"text\": \"Filter\",\n            \"visible\": 1\n        },\n        \"product_category\": {\n            \"name\": \"product_category\",\n            \"text\": \"Product Category\",\n            \"visible\": 1\n        },\n        \"product_list\": {\n            \"name\": \"product_list\",\n            \"text\": \"Product List\",\n            \"visible\": 1\n        }\n    }\n}', '2020-04-22 23:08:10', '2020-04-22 23:08:10'),
(0, 'houseware_suncagi', 'config', 'config_section_category_banner', '{\n    \"name\": \"banner\",\n    \"text\": \"Banner\",\n    \"visible\": 1,\n    \"display\": [\n        {\n            \"image-url\": \"/catalog/view/theme/default/image/banner/img-banner-06.jpg\",\n            \"url\": \"#\",\n            \"description\": \"Banner 1\",\n            \"visible\": 1\n        },\n        {\n            \"image-url\": \"/catalog/view/theme/default/image/banner/img-banner-02.png\",\n            \"url\": \"#\",\n            \"description\": \"Banner 2\",\n            \"visible\": 1\n        },\n        {\n            \"image-url\": \"/catalog/view/theme/default/image/banner/img-banner-03.png\",\n            \"url\": \"#\",\n            \"description\": \"Banner 3\",\n            \"visible\": 1\n        }\n    ]\n}', '2020-04-22 23:08:10', '2020-04-22 23:08:10'),
(0, 'houseware_suncagi', 'config', 'config_section_category_filter', '{\n    \"name\": \"filter\",\n    \"text\": \"Bộ lọc\",\n    \"visible\": 1,\n    \"setting\": {\n        \"title\": \"Bộ lọc\"\n    },\n    \"display\": {\n        \"supplier\": {\n            \"title\": \"Nhà cung cấp\",\n            \"visible\": 1\n        },\n        \"product-type\": {\n            \"title\": \"Loại sản phẩm\",\n            \"visible\": 1\n        },\n        \"collection\": {\n            \"title\": \"Bộ sưu tập\",\n            \"visible\": 1\n        },\n        \"property\": {\n            \"title\": \"Lọc theo tt - k dung\",\n            \"visible\": 1,\n            \"prop\": [\n                \"all\",\n                \"color\",\n                \"weight\",\n                \"size\"\n            ]\n        },\n        \"product-price\": {\n            \"title\": \"Giá sản phẩm\",\n            \"visible\": 1,\n            \"range\": {\n                \"from\": 0,\n                \"to\": 100000000\n            }\n        }\n    }\n}', '2020-04-22 23:08:10', '2020-04-22 23:08:10'),
(0, 'houseware_suncagi', 'config', 'config_section_category_product_category', '{\n    \"name\": \"product-category\",\n    \"text\": \"Danh mục sản phẩm\",\n    \"visible\": 1,\n    \"setting\": {\n        \"title\": \"Danh mục sản phẩm\"\n    },\n    \"display\": {\n        \"menu\": {\n            \"id\": 1,\n            \"name\": \"Danh mục sản phẩm 1\"\n        }\n    }\n}', '2020-04-22 23:08:10', '2020-04-22 23:08:10'),
(0, 'houseware_suncagi', 'config', 'config_section_category_product_list', '{\n    \"name\": \"product-list\",\n    \"text\": \"Danh sách sản phẩm\",\n    \"visible\": 1,\n    \"setting\": {\n        \"title\": \"Danh sách sản phẩm\"\n    },\n    \"display\": {\n        \"grid\": {\n            \"quantity\": 10\n        }\n    }\n}', '2020-04-22 23:08:10', '2020-04-22 23:08:10'),
(0, 'houseware_suncagi', 'config', 'config_section_product_detail_sections', '{\n    \"name\": \"Theme Config\",\n    \"version\": \"1.0\",\n    \"section\": {\n        \"related_product\": {\n            \"name\": \"related_product\",\n            \"text\": \"Related Product\",\n            \"visible\": 1\n        },\n        \"template\": {\n            \"name\": \"template\",\n            \"text\": \"Template\",\n            \"visible\": 1\n        }\n    }\n}', '2020-04-22 23:08:10', '2020-04-22 23:08:10'),
(0, 'houseware_suncagi', 'config', 'config_section_product_detail_related_product', '{\n    \"name\": \"related-product\",\n    \"text\": \"Sản phẩm liên quan\",\n    \"visible\": 1,\n    \"setting\": {\n        \"title\": \"Sản phẩm liên quan\",\n        \"auto_retrieve_data\": 0,\n        \"collection_id\": 1\n    },\n    \"display\": {\n        \"grid\": {\n            \"quantity\": 4\n        }\n    }\n}', '2020-04-22 23:08:10', '2020-04-22 23:08:10'),
(0, 'houseware_suncagi', 'config', 'config_section_product_detail_template', '{\n    \"name\": \"template\",\n    \"text\": \"Giao diện\",\n    \"visible\": 1,\n    \"display\": {\n        \"template\": {\n            \"id\": 10\n        }\n    }\n}', '2020-04-22 23:08:10', '2020-04-22 23:08:10'),
(0, 'houseware_suncagi', 'config', 'config_section_blog_sections', '{\n    \"name\": \"Theme Config\",\n    \"version\": \"1.0\",\n    \"section\": {\n        \"blog_category\": {\n            \"name\": \"blog_category\",\n            \"text\": \"Blog Category\",\n            \"visible\": 1\n        },\n        \"blog_list\": {\n            \"name\": \"blog_list\",\n            \"text\": \"Blog List\",\n            \"visible\": 1\n        },\n        \"latest_blog\": {\n            \"name\": \"latest_blog\",\n            \"text\": \"Latest Blog\",\n            \"visible\": 1\n        }\n    }\n}', '2020-04-22 23:08:10', '2020-04-22 23:08:10'),
(0, 'houseware_suncagi', 'config', 'config_section_blog_blog_category', '{\n    \"name\": \"blog-category\",\n    \"text\": \"Danh mục bài viết\",\n    \"visible\": 1,\n    \"setting\": {\n        \"title\": \"Danh mục bài viết\"\n    },\n    \"display\": {\n        \"menu\": {\n            \"id\": 1,\n            \"name\": \"Danh mục bài viết 1\"\n        }\n    }\n}', '2020-04-22 23:08:10', '2020-04-22 23:08:10'),
(0, 'houseware_suncagi', 'config', 'config_section_blog_blog_list', '{\n    \"name\": \"blog-list\",\n    \"text\": \"Danh sách bài viết\",\n    \"visible\": 1,\n    \"display\": {\n        \"grid\": {\n            \"quantity\": 20\n        }\n    }\n}', '2020-04-22 23:08:10', '2020-04-22 23:08:10'),
(0, 'houseware_suncagi', 'config', 'config_section_blog_latest_blog', '{\n    \"name\": \"latest-blog\",\n    \"text\": \"Bài viết mới nhất\",\n    \"visible\": 1,\n    \"setting\": {\n        \"title\": \"Bài viết mới nhất\"\n    },\n    \"display\": {\n        \"grid\": {\n            \"quantity\": 10\n        }\n    }\n}', '2020-04-22 23:08:10', '2020-04-22 23:08:10'),
(0, 'houseware_suncagi', 'config', 'config_section_contact_sections', '{\n    \"name\": \"Theme Config\",\n    \"version\": \"1.0\",\n    \"section\": {\n        \"map\": {\n            \"name\": \"map\",\n            \"text\": \"Bản đồ\",\n            \"address\": \"<iframe src=\\\"https://www.google.com/maps/embed?pb=!1m18!1m12!1m3!1d3724.043949938738!2d105.78184861424786!3d21.03092738599717!2m3!1f0!2f0!3f0!3m2!1i1024!2i768!4f13.1!3m3!1m2!1s0x3135ab23dbae9cef%3A0x26c5664dafc0fbd0!2sNovaon+Ads!5e0!3m2!1sen!2s!4v1544096628331\\\" width=\\\"600\\\" height=\\\"450\\\" frameborder=\\\"0\\\" style=\\\"border:0\\\" allowfullscreen></iframe>\",\n            \"visible\": 1\n        },\n        \"info\": {\n            \"name\": \"info\",\n            \"text\": \"Thông tin cửa hàng\",\n            \"email\": \"contact-us@novaon.asia\",\n            \"phone\": \"0000000000\",\n            \"address\": \"address\",\n            \"visible\": 1\n        },\n        \"form\": {\n            \"name\": \"form\",\n            \"title\": \"Form liên hệ\",\n            \"email\": \"email@mail.com\",\n            \"visible\": 1\n        }\n    }\n}', '2020-04-22 23:08:10', '2020-04-22 23:08:10'),
(0, 'houseware_suncagi', 'config', 'config_section_contact_map', '{   //////// CÁI NÀY KHÔNG DÙNG NỮA\n    \"name\": \"map\",\n    \"text\": \"Bản đồ\",\n    \"visible\": 1,\n    \"setting\": {\n        \"title\": \"Bản đồ\"\n    },\n    \"display\": {\n        \"address\": \"<iframe src=\\\"https://www.google.com/maps/embed?pb=!1m18!1m12!1m3!1d3724.043949938738!2d105.78184861424786!3d21.03092738599717!2m3!1f0!2f0!3f0!3m2!1i1024!2i768!4f13.1!3m3!1m2!1s0x3135ab23dbae9cef%3A0x26c5664dafc0fbd0!2sNovaon+Ads!5e0!3m2!1sen!2s!4v1544096628331\\\" width=\\\"600\\\" height=\\\"450\\\" frameborder=\\\"0\\\" style=\\\"border:0\\\" allowfullscreen></iframe>\"\n    }\n}', '2020-04-22 23:08:10', '2020-04-22 23:08:10'),
(0, 'houseware_suncagi', 'config', 'config_section_contact_contact', '{  //////// CÁI NÀY KHÔNG DÙNG NỮA\n    \"name\": \"contact\",\n    \"text\": \"Liên hệ\",\n    \"visible\": 1,\n    \"setting\": {\n        \"title\": \"Vị trí của chúng tôi\"\n    },\n    \"display\": {\n        \"store\": {\n            \"title\": \"Gian hàng\",\n            \"content\": \"Số 12 Dịch Vọng Hậu, Cầu Giấy, Hà Nội\",\n            \"visible\": 1\n        },\n        \"telephone\": {\n            \"title\": \"Điện thoại\",\n            \"content\": \"(+84) 987 654 321\",\n            \"visible\": 1\n        },\n        \"social_follow\": {\n            \"socials\": [\n                {\n                    \"name\": \"facebook\",\n                    \"text\": \"Facebook\",\n                    \"visible\": 1\n                },\n                {\n                    \"name\": \"twitter\",\n                    \"text\": \"Twitter\",\n                    \"visible\": 1\n                },\n                {\n                    \"name\": \"instagram\",\n                    \"text\": \"Instagram\",\n                    \"visible\": 1\n                },\n                {\n                    \"name\": \"tumblr\",\n                    \"text\": \"Tumblr\",\n                    \"visible\": 1\n                },\n                {\n                    \"name\": \"youtube\",\n                    \"text\": \"Youtube\",\n                    \"visible\": 1\n                },\n                {\n                    \"name\": \"googleplus\",\n                    \"text\": \"Google Plus\",\n                    \"visible\": 1\n                }\n            ],\n            \"visible\": 1\n        }\n    }\n}', '2020-04-22 23:08:10', '2020-04-22 23:08:10'),
(0, 'houseware_suncagi', 'config', 'config_section_contact_form', '{  //////// CÁI NÀY KHÔNG DÙNG NỮA\n    \"name\": \"form\",\n    \"text\": \"Biểu mẫu\",\n    \"visible\": 1,\n    \"setting\": {\n        \"title\": \"Liên hệ với chúng tôi\"\n    },\n    \"data\": {\n        \"email\": \"sale.247@xshop.com\"\n    }\n}', '2020-04-22 23:08:10', '2020-04-22 23:08:10');

-- oc_blog PRIMARY KEY (`blog_id`)
INSERT IGNORE INTO `oc_blog` (`blog_id`, `author`, `status`, `demo`, `date_publish`, `date_added`, `date_modified`) VALUES
(1, 2, 1, 1, '2020-04-22 21:51:14', '2020-04-22 21:51:14', '2020-04-24 10:09:56'),
(2, 2, 1, 1, '2020-04-23 15:29:21', '2020-04-23 15:29:21', '2020-04-23 15:29:21'),
(3, 2, 1, 1, '2020-04-23 15:59:44', '2020-04-23 15:59:44', '2020-04-23 16:00:00');

-- oc_blog_category PRIMARY KEY (`blog_category_id`)
INSERT IGNORE INTO `oc_blog_category` (`blog_category_id`, `status`, `date_added`, `date_modified`) VALUES
(1, 1, '2019-11-11 13:37:51', '2019-11-11 19:03:46');

-- oc_blog_category_description PRIMARY KEY (`blog_category_id`,`language_id`)
INSERT IGNORE INTO `oc_blog_category_description` (`blog_category_id`, `language_id`, `title`, `meta_title`, `meta_description`, `alias`) VALUES
(1, 1, 'Mặc định (Uncategorized)', 'Mặc định (Uncategorized)', 'Mặc định (Uncategorized)', 'danh-muc-mac-dinh-uncategorized'),
(1, 2, 'Mặc định (Uncategorized)', 'Mặc định (Uncategorized)', 'Mặc định (Uncategorized)', 'danh-muc-mac-dinh-uncategorized');

-- oc_blog_description PRIMARY KEY (`blog_id`,`language_id`)
INSERT IGNORE INTO `oc_blog_description` (`blog_id`, `language_id`, `title`, `content`, `short_content`, `image`, `meta_title`, `meta_description`, `alias`) VALUES
(1, 2, 'Về Siêu thị Lan Chi', '&lt;p style=&quot;margin-left:24px; text-indent:.25in; margin-bottom:11px&quot;&gt;&lt;span style=&quot;font-size:11pt&quot;&gt;&lt;span style=&quot;line-height:107%&quot;&gt;&lt;span style=&quot;font-family:Calibri,sans-serif&quot;&gt;&lt;span style=&quot;background:white&quot;&gt;&lt;span style=&quot;font-family:&amp;quot;Arial&amp;quot;,&amp;quot;sans-serif&amp;quot;&quot;&gt;&lt;span style=&quot;color:#1c1e21&quot;&gt;Là một trong những nhà phân phối chính thức của SUNHOUSE, Công ty Lan Chi là đơn vị tiêu biểu trong việc phân phối các mặt hàng tiêu dùng thiết yếu với giá cả tốt nhất trên toàn địa bàn địa phương. Khởi đầu là một doanh nghiệp nhỏ từ năm 2007, Lan Chi là công ty phân phối các mặt hàng tiêu dung thiết yếu phục vụ nhu cầu của người tiêu dùng chủ yếu ở ngoại thành Hà Nội.&lt;/span&gt;&lt;/span&gt;&lt;/span&gt;&lt;/span&gt;&lt;/span&gt;&lt;/span&gt;&lt;/p&gt;\r\n\r\n&lt;p style=&quot;margin-left:24px; text-indent:.25in; margin-bottom:11px&quot;&gt;&lt;span style=&quot;font-size:11pt&quot;&gt;&lt;span style=&quot;line-height:107%&quot;&gt;&lt;span style=&quot;font-family:Calibri,sans-serif&quot;&gt;&lt;span style=&quot;background:white&quot;&gt;&lt;span style=&quot;font-family:&amp;quot;Arial&amp;quot;,&amp;quot;sans-serif&amp;quot;&quot;&gt;&lt;span style=&quot;color:#1c1e21&quot;&gt;Trải qua 13 năm xây dựng và phát triển, Công ty Lan Chi đã luôn nỗ lực mở rộng mạng lưới thị trường , xây dựng hệ thống phân phối và hệ thống Siêu Thị bán lẻ LanChi Mart trên nhiều tỉnh, thành phố , với mục đích mang đến cho người dân 1 địa điểm mua sắm GIÁ RẺ NHẤT, và chất lượng dịch vụ đảm bảo nhất. Không những thế, Công ty Lan Chi đã tạo công ăn việc làm ổn định cho hơn 1000 lao động, góp phần &lt;/span&gt;&lt;/span&gt;&lt;/span&gt;&lt;/span&gt;&lt;/span&gt;&lt;/span&gt;&lt;/p&gt;\r\n\r\n&lt;p style=&quot;margin-left:24px; text-indent:.25in; margin-bottom:11px&quot;&gt;&lt;span style=&quot;font-size:11pt&quot;&gt;&lt;span style=&quot;line-height:107%&quot;&gt;&lt;span style=&quot;font-family:Calibri,sans-serif&quot;&gt;&lt;span style=&quot;background:white&quot;&gt;&lt;span style=&quot;font-family:&amp;quot;Arial&amp;quot;,&amp;quot;sans-serif&amp;quot;&quot;&gt;&lt;span style=&quot;color:#1c1e21&quot;&gt;Được đánh giá là một đơn vị đi đầu trong việc thực hiện bình ổn giá các mặt hàng tiêu dùng thiết yếu, Công ty Lan Chi đã không ngừng phát triển và từng bước trưởng thành. Trên nền tảng những thành tích đã đạt được trong 13 năm, Lan Chi đặt mục tiêu vươn xa hơn, mở rộng thị trường và khẳng định tên tuổi của mình trên thị trường nội địa và quốc tế trong tương lai.&lt;/span&gt;&lt;/span&gt;&lt;/span&gt;&lt;/span&gt;&lt;/span&gt;&lt;/span&gt;&lt;/p&gt;\r\n\r\n&lt;p&gt; &lt;/p&gt;', '&lt;p&gt;&lt;span style=&quot;font-size:11pt&quot;&gt;&lt;span style=&quot;line-height:107%&quot;&gt;&lt;span style=&quot;font-family:Calibri,sans-serif&quot;&gt;&lt;span style=&quot;background:white&quot;&gt;&lt;span style=&quot;font-family:&amp;quot;Arial&amp;quot;,&amp;quot;sans-serif&amp;quot;&quot;&gt;&lt;span style=&quot;color:#1c1e21&quot;&gt;Là một trong những nhà phân phối chính thức của SUNHOUSE, Công ty Lan Chi là đơn vị tiêu biểu trong việc phân phối các mặt hàng tiêu dùng thiết yếu với giá cả tốt nhất trên toàn địa bàn địa phương. Khởi đầu là một doanh nghiệp nhỏ từ năm 2007, Lan Chi là công ty phân phối các mặt hàng tiêu dung thiết yếu phục vụ nhu cầu của người tiêu dùng chủ yếu ở ngoại thành Hà Nội.&lt;/span&gt;&lt;/span&gt;&lt;/span&gt;&lt;/span&gt;&lt;/span&gt;&lt;/span&gt;&lt;/p&gt;', 'https://res.cloudinary.com/novaonx2/image/upload/v1587697789/19444/1.png', 'Giới thiệu Về Siêu thị Lan Chi', 'Là một trong những nhà phân phối chính thức của SUNHOUSE, Công ty Lan Chi là đơn vị tiêu biểu trong việc phân phối các mặt hàng tiêu dùng thiết yếu với giá cả tốt nhất trên toàn địa bàn địa phương. Khởi đầu là một doanh nghiệp nhỏ từ năm 2007, Lan Chi là công ty phân phối các mặt hàng tiêu dung thiết yếu phục vụ nhu cầ', 'gioi-thieu'),
(2, 2, 'SUNHOUSE TUNG KHUYẾN MẠI KHỦNG, CÙNG ĐỘI TUYỂN VIỆT NAM CHINH PHỤC', '&lt;p&gt;&lt;em&gt;&lt;a href=&quot;https://vietnamnet.vn/vn/the-thao/sea-games/bong-da-nam/lich-thi-dau-bong-da-nam-sea-games-30-moi-nhat-571034.html&quot; rel=&quot;nofollow&quot; target=&quot;_blank&quot;&gt;SEA GAMES 30&lt;/a&gt; đang “nóng” hơn bao giờ hết cùng tinh thần quyết thắng của các “chiến binh sao vàng”. Đồng hành cùng đội tuyển Việt Nam, SUNHOUSE triển khai chương trình khuyến mại lớn.&lt;/em&gt;&lt;br /&gt;\r\n&lt;br /&gt;\r\nLà thương hiệu luôn gắn bó chặt chẽ với người tiêu dùng Việt, không chỉ trong đời sống hàng ngày, SUNHOUSE còn đồng hành cùng các sự kiện văn hóa, thể thao lớn của dân tộc. Mùa SEA GAMES 30 này, SUNHOUSE tung khuyến mại khủng với 2 nhóm hàng &lt;a href=&quot;https://sunhouse.com.vn/may-loc-nuoc-gia-dinh&quot; target=&quot;_blank&quot;&gt;&lt;strong&gt;Máy lọc nước R.O&lt;/strong&gt;&lt;/a&gt; và &lt;a href=&quot;https://sunhouse.com.vn/tu-dong-tu-mat&quot; target=&quot;_blank&quot;&gt;&lt;strong&gt;Tủ đông&lt;/strong&gt;&lt;/a&gt;, cùng người tiêu dùng &lt;em&gt;“chinh phục đỉnh cao”&lt;/em&gt; sức khỏe.&lt;br /&gt;\r\nChương trình khuyến mại&lt;strong&gt;&lt;em&gt; “SUNHOUSE ĐỒNG HÀNH CÙNG SEA GAMES 30”&lt;/em&gt;&lt;/strong&gt; được áp dụng từ ngày &lt;strong&gt;01/12/2019 đến hết ngày 31/12/2019&lt;/strong&gt;. Theo đó, người tiêu dùng sẽ nhận được quà tặng giá trị lên tới&lt;strong&gt; 500.000VND&lt;/strong&gt; khi mua mỗi sản phẩm thuộc chương trình khuyến mại.&lt;br /&gt;\r\nChi tiết chương trình gồm có:&lt;/p&gt;\r\n\r\n&lt;h3&gt;&lt;strong&gt;* Chương trình khuyến mãi tại Hệ thống siêu thị điện máy toàn quốc&lt;/strong&gt;&lt;/h3&gt;\r\n\r\n&lt;p&gt;&lt;img alt=&quot;SUNHOUSE TUNG KHUYẾN MẠI KHỦNG, CÙNG ĐỘI TUYỂN VIỆT NAM CHINH PHỤC ĐỈNH CAO SEA GAMES 30&quot; src=&quot;https://sunhouse.com.vn/pic/news/images/image-20191202193913-1.jpeg&quot; /&gt;&lt;br /&gt;\r\n &lt;/p&gt;\r\n\r\n&lt;table border=&quot;1&quot; cellspacing=&quot;0&quot;&gt;\r\n	&lt;tbody&gt;\r\n		&lt;tr&gt;\r\n			&lt;td&gt;&lt;strong&gt;STT&lt;/strong&gt;&lt;/td&gt;\r\n			&lt;td&gt;&lt;strong&gt;Kênh áp dụng&lt;/strong&gt;&lt;/td&gt;\r\n			&lt;td&gt;&lt;em&gt;&lt;strong&gt;Sản phẩm&lt;/strong&gt;&lt;/em&gt;&lt;/td&gt;\r\n			&lt;td&gt;&lt;strong&gt;Khuyến mãi&lt;/strong&gt;&lt;/td&gt;\r\n		&lt;/tr&gt;\r\n		&lt;tr&gt;\r\n			&lt;td&gt;1&lt;/td&gt;\r\n			&lt;td&gt;&lt;em&gt;VHC&lt;/em&gt;&lt;/td&gt;\r\n			&lt;td rowspan=&quot;7&quot;&gt;&lt;br /&gt;\r\n			&lt;br /&gt;\r\n			&lt;br /&gt;\r\n			&lt;br /&gt;\r\n			&lt;br /&gt;\r\n			&lt;br /&gt;\r\n			&lt;br /&gt;\r\n			&lt;em&gt;Máy lọc nước R.O nóng lạnh 10 lõi &lt;a href=&quot;https://sunhouse.com.vn/may-loc-nuoc-gia-dinh/may-loc-nuoc-ro-shr76210ck-key&quot; target=&quot;_blank&quot;&gt;SUNHOUSE SHR76210CK&lt;/a&gt;&lt;/em&gt;&lt;/td&gt;\r\n			&lt;td&gt;&lt;em&gt;Tặng bộ lõi lọc LL1+LL2+LL3 và Sưởi điện hồng ngoại SHD7013&lt;/em&gt;&lt;/td&gt;\r\n		&lt;/tr&gt;\r\n		&lt;tr&gt;\r\n			&lt;td&gt;2&lt;/td&gt;\r\n			&lt;td&gt;&lt;em&gt;Pico&lt;/em&gt;&lt;/td&gt;\r\n			&lt;td&gt;&lt;em&gt;Tặng bộ lõi lọc LL1+LL2+LL3 và Sưởi điện hồng ngoại SHD7013&lt;/em&gt;&lt;/td&gt;\r\n		&lt;/tr&gt;\r\n		&lt;tr&gt;\r\n			&lt;td&gt;3&lt;/td&gt;\r\n			&lt;td&gt;&lt;em&gt;Media Mart&lt;/em&gt;&lt;/td&gt;\r\n			&lt;td&gt;&lt;em&gt;Tặng bộ lõi lọc LL1+LL2+LL3 và Sưởi điện hồng ngoại SHD7013&lt;/em&gt;&lt;/td&gt;\r\n		&lt;/tr&gt;\r\n		&lt;tr&gt;\r\n			&lt;td&gt;4&lt;/td&gt;\r\n			&lt;td&gt;&lt;em&gt;Điện máy xanh&lt;/em&gt;&lt;/td&gt;\r\n			&lt;td&gt;&lt;em&gt;Tặng 2 bộ lõi lọc LL1+LL2+LL3&lt;/em&gt;&lt;/td&gt;\r\n		&lt;/tr&gt;\r\n		&lt;tr&gt;\r\n			&lt;td&gt;5&lt;/td&gt;\r\n			&lt;td&gt;&lt;em&gt;Nguyễn Kim&lt;/em&gt;&lt;/td&gt;\r\n			&lt;td&gt;&lt;em&gt;Tặng 1 bộ lõi lọc lLL1+LL2+LL3 và bếp nướng SHD4607&lt;/em&gt;&lt;/td&gt;\r\n		&lt;/tr&gt;\r\n		&lt;tr&gt;\r\n			&lt;td&gt;6&lt;/td&gt;\r\n			&lt;td&gt;&lt;em&gt;Điện máy Chợ Lớn&lt;/em&gt;&lt;/td&gt;\r\n			&lt;td&gt;&lt;em&gt;Tặng bộ lõi lọc LL1+LL2+LL3 và 1 phiếu mua hàng 300.000VND&lt;/em&gt;&lt;/td&gt;\r\n		&lt;/tr&gt;\r\n		&lt;tr&gt;\r\n			&lt;td&gt;7&lt;/td&gt;\r\n			&lt;td&gt;&lt;em&gt;Vinpro&lt;/em&gt;&lt;/td&gt;\r\n			&lt;td&gt;&lt;em&gt;Tặng Bếp điện từ cơ SHD6149&lt;/em&gt;&lt;/td&gt;\r\n		&lt;/tr&gt;\r\n	&lt;/tbody&gt;\r\n&lt;/table&gt;\r\n\r\n&lt;p&gt;&lt;br /&gt;\r\n&lt;strong&gt;* Chương trình khuyến mãi tại Hệ thống Đại lý miền Bắc (không bao gồm hệ thống siêu thị điện máy)&lt;/strong&gt;&lt;br /&gt;\r\n&lt;img alt=&quot;SUNHOUSE TUNG KHUYẾN MẠI KHỦNG, CÙNG ĐỘI TUYỂN VIỆT NAM CHINH PHỤC ĐỈNH CAO SEA GAMES 30 02&quot; src=&quot;https://sunhouse.com.vn/pic/general/images/km-dai-ly.jpg&quot; /&gt;&lt;br /&gt;\r\n &lt;/p&gt;\r\n\r\n&lt;table border=&quot;1&quot; cellspacing=&quot;0&quot;&gt;\r\n	&lt;tbody&gt;\r\n		&lt;tr&gt;\r\n			&lt;td&gt;&lt;strong&gt;STT&lt;/strong&gt;&lt;/td&gt;\r\n			&lt;td&gt;&lt;strong&gt;Tên sản phẩm&lt;/strong&gt;&lt;/td&gt;\r\n			&lt;td&gt;&lt;strong&gt;Model&lt;/strong&gt;&lt;/td&gt;\r\n			&lt;td&gt;&lt;strong&gt;KM cho người tiêu dùng&lt;/strong&gt;&lt;/td&gt;\r\n		&lt;/tr&gt;\r\n		&lt;tr&gt;\r\n			&lt;td&gt;1&lt;/td&gt;\r\n			&lt;td&gt;&lt;em&gt;Máy lọc nước R.O 9 lõi full viền SUNHOUSE SHA8859K/8869K&lt;/em&gt;&lt;/td&gt;\r\n			&lt;td&gt;&lt;em&gt;SHA8859K&lt;br /&gt;\r\n			SHA8869K&lt;/em&gt;&lt;/td&gt;\r\n			&lt;td rowspan=&quot;4&quot;&gt;&lt;br /&gt;\r\n			&lt;br /&gt;\r\n			&lt;br /&gt;\r\n			&lt;br /&gt;\r\n			&lt;br /&gt;\r\n			&lt;br /&gt;\r\n			&lt;em&gt;Tặng 1 bộ nồi anod SUNHOUSE SH6634/ sản phẩm&lt;/em&gt;&lt;/td&gt;\r\n		&lt;/tr&gt;\r\n		&lt;tr&gt;\r\n			&lt;td&gt;2&lt;/td&gt;\r\n			&lt;td&gt;&lt;em&gt;Máy lọc nước R.O 9 lõi full viền slim SUNHOUSE SHA8879K&lt;/em&gt;&lt;/td&gt;\r\n			&lt;td&gt;&lt;em&gt;SHA8879K&lt;/em&gt;&lt;/td&gt;\r\n		&lt;/tr&gt;\r\n		&lt;tr&gt;\r\n			&lt;td&gt;3&lt;/td&gt;\r\n			&lt;td&gt;&lt;em&gt;Máy lọc nước R.O 9 lõi full viền SUNHOUSE SHA8819K&lt;/em&gt;&lt;/td&gt;\r\n			&lt;td&gt;&lt;em&gt;SHA8819K&lt;/em&gt;&lt;/td&gt;\r\n		&lt;/tr&gt;\r\n		&lt;tr&gt;\r\n			&lt;td&gt;4&lt;/td&gt;\r\n			&lt;td&gt;&lt;em&gt;Máy lọc nước R.O 10 lõi full viền SUNHOUSE SHA88115K&lt;/em&gt;&lt;/td&gt;\r\n			&lt;td&gt;&lt;em&gt;SHA88115K&lt;/em&gt;&lt;/td&gt;\r\n		&lt;/tr&gt;\r\n		&lt;tr&gt;\r\n			&lt;td&gt;5&lt;/td&gt;\r\n			&lt;td&gt;&lt;em&gt;Máy lọc nước R.O nóng lạnh 10 lõi full viền SUNHOUSE SHA76211CK&lt;/em&gt;&lt;/td&gt;\r\n			&lt;td&gt;&lt;em&gt;SHA76211CK&lt;/em&gt;&lt;/td&gt;\r\n			&lt;td&gt;&lt;br /&gt;\r\n			&lt;em&gt;Tặng 1 bộ nồi anod SUNHOUSE SH8834/ sản phẩm&lt;/em&gt;&lt;/td&gt;\r\n		&lt;/tr&gt;\r\n		&lt;tr&gt;\r\n			&lt;td&gt;6&lt;/td&gt;\r\n			&lt;td rowspan=&quot;3&quot;&gt;\r\n			&lt;p&gt; &lt;/p&gt;\r\n\r\n			&lt;p&gt;&lt;em&gt;Tủ đông 1 ngăn, 1 cánh&lt;/em&gt;&lt;/p&gt;\r\n			&lt;/td&gt;\r\n			&lt;td&gt;&lt;em&gt;SHR-F1233W1&lt;/em&gt;&lt;/td&gt;\r\n			&lt;td rowspan=&quot;2&quot;&gt;&lt;br /&gt;\r\n			&lt;br /&gt;\r\n			&lt;em&gt;Tặng 01 bộ nồi anod SUNHOUSE SH8834/ sản phẩm&lt;/em&gt;&lt;/td&gt;\r\n		&lt;/tr&gt;\r\n		&lt;tr&gt;\r\n			&lt;td&gt;7&lt;/td&gt;\r\n			&lt;td&gt;&lt;em&gt;SHR-F1283W1&lt;/em&gt;&lt;/td&gt;\r\n		&lt;/tr&gt;\r\n		&lt;tr&gt;\r\n			&lt;td&gt;8&lt;/td&gt;\r\n			&lt;td&gt;&lt;em&gt;SHR-F1353W1&lt;/em&gt;&lt;/td&gt;\r\n			&lt;td&gt; &lt;/td&gt;\r\n		&lt;/tr&gt;\r\n		&lt;tr&gt;\r\n			&lt;td&gt;9&lt;/td&gt;\r\n			&lt;td rowspan=&quot;3&quot;&gt;&lt;br /&gt;\r\n			&lt;br /&gt;\r\n			&lt;br /&gt;\r\n			&lt;br /&gt;\r\n			&lt;em&gt;Tủ đông 2 ngăn, 2 cánh&lt;/em&gt;&lt;/td&gt;\r\n			&lt;td&gt;&lt;em&gt;SHR-F2272W2&lt;/em&gt;&lt;/td&gt;\r\n			&lt;td rowspan=&quot;3&quot;&gt;&lt;br /&gt;\r\n			&lt;br /&gt;\r\n			&lt;br /&gt;\r\n			&lt;em&gt;Tặng 01 bộ nồi anod SUNHOUSE SH8834/ sản phẩm&lt;/em&gt;&lt;/td&gt;\r\n		&lt;/tr&gt;\r\n		&lt;tr&gt;\r\n			&lt;td&gt;10&lt;/td&gt;\r\n			&lt;td&gt;&lt;em&gt;SHR-F2362W2&lt;/em&gt;&lt;/td&gt;\r\n		&lt;/tr&gt;\r\n		&lt;tr&gt;\r\n			&lt;td&gt;11&lt;/td&gt;\r\n			&lt;td&gt;&lt;em&gt;SHR-F2412W2&lt;/em&gt;&lt;/td&gt;\r\n		&lt;/tr&gt;\r\n		&lt;tr&gt;\r\n			&lt;td&gt;12&lt;/td&gt;\r\n			&lt;td&gt;&lt;br /&gt;\r\n			&lt;em&gt;Tủ đông 1 ngăn, 1 cánh&lt;/em&gt;&lt;/td&gt;\r\n			&lt;td&gt;&lt;em&gt;SHR-F1433W1&lt;/em&gt;&lt;/td&gt;\r\n			&lt;td rowspan=&quot;3&quot;&gt;&lt;br /&gt;\r\n			&lt;br /&gt;\r\n			&lt;br /&gt;\r\n			&lt;em&gt;Tặng 01 bộ nồi anod SUNHOUSE SH8834/ sản phẩm&lt;/em&gt;&lt;/td&gt;\r\n		&lt;/tr&gt;\r\n		&lt;tr&gt;\r\n			&lt;td&gt;13&lt;/td&gt;\r\n			&lt;td rowspan=&quot;2&quot;&gt;&lt;br /&gt;\r\n			&lt;br /&gt;\r\n			&lt;em&gt;Tủ đông 2 ngăn, 2 cánh&lt;/em&gt;&lt;/td&gt;\r\n			&lt;td&gt;&lt;em&gt;SHR-F2472W2&lt;/em&gt;&lt;/td&gt;\r\n		&lt;/tr&gt;\r\n		&lt;tr&gt;\r\n			&lt;td&gt;14&lt;/td&gt;\r\n			&lt;td&gt;&lt;em&gt;SHR-F2572W2&lt;/em&gt;&lt;/td&gt;\r\n		&lt;/tr&gt;\r\n	&lt;/tbody&gt;\r\n&lt;/table&gt;\r\n\r\n&lt;p&gt;&lt;strong&gt; &lt;/strong&gt;&lt;br /&gt;\r\nThông tin chi tiết vui lòng liên hệ&lt;strong&gt;&lt;em&gt; Tổng đài CSKH (miễn phí): 1800 6680&lt;/em&gt;&lt;/strong&gt;&lt;/p&gt;', '&lt;p&gt;&lt;em&gt;&lt;a href=&quot;https://vietnamnet.vn/vn/the-thao/sea-games/bong-da-nam/lich-thi-dau-bong-da-nam-sea-games-30-moi-nhat-571034.html&quot; rel=&quot;nofollow&quot; target=&quot;_blank&quot;&gt;SEA GAMES 30&lt;/a&gt; đang “nóng” hơn bao giờ hết cùng tinh thần quyết thắng của các “chiến binh sao vàng”. Đồng hành cùng đội tuyển Việt Nam, SUNHOUSE triển khai chương trình khuyến mại lớn.&lt;/em&gt;&lt;/p&gt;', 'https://res.cloudinary.com/novaonx2/image/upload/v1587630537/19444/image-20191202193913-1.jpg', '', '', 'sunhouse-tung-khuyen-mai-khung-cung-doi-tuyen-viet-nam-chinh-phuc'),
(3, 2, '10 NGÀY ƯU ĐÃI CÙNG THỦ ĐÔ &quot;CỨU NƯỚC&quot;', '&lt;p&gt;Nguồn nước từ sông Đà đã được cấp trở lại, thế nhưng, chất lượng vẫn chưa được khẳng định chắc chắn.&lt;/p&gt;\r\n\r\n&lt;p&gt;Đồng hành cùng người dân thủ đô giải cứu nguồn nước sinh hoạt, &lt;strong&gt;SUNHOUSE tung ra ƯU_ĐÃI_LỚN&lt;/strong&gt;, dành riêng cho người dân Hà Nội. Đó là:&lt;/p&gt;\r\n\r\n&lt;ul&gt;\r\n	&lt;li&gt;\r\n	&lt;p&gt; Tặng ngay bộ &lt;strong&gt; 3 lõi lọc thô 1, 2, 3&lt;/strong&gt;  (trong đó bao gồm lõi &lt;strong&gt;GAC từ than hoạt tính, hấp thu hiệu quả Styren&lt;/strong&gt;  có trong nước nhiễm dầu thải).&lt;/p&gt;\r\n	&lt;/li&gt;\r\n	&lt;li&gt; Dịch vụ&lt;/li&gt;\r\n&lt;/ul&gt;', '&lt;p&gt;Đồng hành cùng người dân thủ đô giải cứu nguồn nước sinh hoạt, &lt;strong&gt;SUNHOUSE tung ra ƯU_ĐÃI_LỚN&lt;/strong&gt;, dành riêng cho người dân Hà Nội. Đó là:&lt;/p&gt;\r\n\r\n&lt;ul&gt;\r\n	&lt;li&gt;\r\n	&lt;p&gt; Tặng ngay bộ &lt;strong&gt; 3 lõi lọc thô 1, 2, 3&lt;/strong&gt;  (trong đó bao gồm lõi &lt;strong&gt;GAC từ than hoạt tính, hấp thu hiệu quả Styren&lt;/strong&gt;  có trong nước nhiễm dầu thải).&lt;/p&gt;\r\n	&lt;/li&gt;\r\n&lt;/ul&gt;', 'https://res.cloudinary.com/novaonx2/image/upload/v1587632368/19444/10-ngay-dong-hanh-sunhouse.jpg', '', '', '10-ngay-uu-dai-cung-thu-do-quotcuu-nuocquot');

-- oc_blog_to_blog_category NO PRIMARY KEY
-- remove first
DELETE FROM `oc_blog_to_blog_category`
WHERE `blog_id` IN (1, 2, 3) AND `blog_category_id` = 1;

-- insert
INSERT IGNORE INTO `oc_blog_to_blog_category` (`blog_id`, `blog_category_id`) VALUES
(1, 1),
(2, 1),
(3, 1);
