--
-- create new demo data
--
CREATE TABLE IF NOT EXISTS `oc_demo_data` (
  `id` int(11) NOT NULL AUTO_INCREMENT,
  `data_id` int(11) NOT NULL,
  `table_name` varchar(255) DEFAULT '',
  `theme_group` varchar(255) DEFAULT '',
  PRIMARY KEY (`id`)
) ENGINE=MyISAM DEFAULT CHARSET=utf8;

--
-- create new demo data
--

INSERT IGNORE INTO `oc_demo_data` (`data_id`, `table_name`, `theme_group`) VALUES
-- product table
(104, 'product', 'houseware'),
(105, 'product', 'houseware'),
(106, 'product', 'houseware'),
(107, 'product', 'houseware'),
(108, 'product', 'houseware'),
(109, 'product', 'houseware'),
(110, 'product', 'houseware'),
(111, 'product', 'houseware'),
(112, 'product', 'houseware'),
(113, 'product', 'houseware'),
(114, 'product', 'houseware'),
(115, 'product', 'houseware'),
(116, 'product', 'houseware'),
(117, 'product', 'houseware'),
(118, 'product', 'houseware'),
(119, 'product', 'houseware'),
(120, 'product', 'houseware'),
(121, 'product', 'houseware'),
(122, 'product', 'houseware'),
(123, 'product', 'houseware'),
(124, 'product', 'houseware'),
(125, 'product', 'houseware'),
(126, 'product', 'houseware'),
(127, 'product', 'houseware'),
-- category table
(21, 'category', 'houseware'),
(22, 'category', 'houseware'),
-- collection table
(5, 'collection', 'houseware'),
(6, 'collection', 'houseware'),
(4, 'collection', 'houseware'),
(7, 'collection', 'houseware');
-- seo_url table: auto deleted when deleting product, category, collection

-- oc_category PRIMARY KEY (`category_id`)
INSERT IGNORE INTO `oc_category` (`category_id`, `image`, `parent_id`, `top`, `column`, `sort_order`, `status`, `date_added`, `date_modified`) VALUES
(21, NULL, 0, 0, 0, 0, 1, '2020-04-21 23:53:39', '2020-04-21 23:53:39'),
(22, NULL, 0, 0, 0, 0, 1, '2020-04-21 23:53:39', '2020-04-21 23:53:39');

-- oc_category_description PRIMARY KEY (`category_id`,`language_id`)
INSERT IGNORE INTO `oc_category_description` (`category_id`, `language_id`, `name`, `description`, `meta_title`, `meta_description`, `meta_keyword`) VALUES
(21, 2, 'Máy lọc nước SUNHOUSE', 'máy lọc nước', '', '', ''),
(21, 1, 'Máy lọc nước SUNHOUSE', 'máy lọc nước', '', '', ''),
(22, 2, 'Tủ đông SUNHOUSE', 'tủ đông', '', '', ''),
(22, 1, 'Tủ đông SUNHOUSE', 'tủ đông', '', '', '');

-- oc_category_path PRIMARY KEY (`category_id`,`path_id`)
INSERT IGNORE INTO `oc_category_path` (`category_id`, `path_id`, `level`) VALUES
(21, 21, 0),
(22, 22, 0);

-- oc_category_to_store PRIMARY KEY (`category_id`,`store_id`)
INSERT IGNORE INTO `oc_category_to_store` (`category_id`, `store_id`) VALUES
(21, 0),
(22, 0);

-- oc_collection PRIMARY KEY (`collection_id`)
INSERT IGNORE INTO `oc_collection` (`collection_id`, `title`, `sort_order`, `status`, `product_type_sort`, `type`) VALUES
(5, 'Sản phẩm hot', 0, 1, '', '0'),
(6, 'Sản phẩm mới', 0, 1, '', '0'),
(4, 'Sản phẩm khuyến mại', 0, 1, '', '0'),
(7, 'Hàng ngày', 0, 1, '', '0');

-- oc_collection_description PRIMARY KEY (`collection_id`)
INSERT IGNORE INTO `oc_collection_description` (`collection_id`, `image`, `description`, `meta_title`, `meta_description`, `alias`) VALUES
(7, 'https://res.cloudinary.com/novaonx2/image/upload/v1587526511/19470/cs882.png', '&lt;p&gt;Bộ sưu tập hàng ngày&lt;/p&gt;', '', '', ''),
(6, '', '&lt;p&gt;nhũng sản phẩm mới nhất có mặt tại cửa hàng&lt;/p&gt;', '', '', ''),
(4, '', '&lt;p&gt;sản phẩm khuyến mại&lt;/p&gt;', '', '', ''),
(5, 'https://res.cloudinary.com/novaonx2/image/upload/v1587635530/19470/sliderindex61.jpg', '&lt;p&gt;sản phẩm hot&lt;/p&gt;', '', '', '');

-- oc_product PRIMARY KEY (`product_id`)
INSERT IGNORE INTO `oc_product` (`product_id`, `model`, `sku`, `common_barcode`, `common_sku`, `common_compare_price`, `common_price`, `barcode`, `upc`, `ean`, `jan`, `isbn`, `mpn`, `location`, `quantity`, `sale_on_out_of_stock`, `stock_status_id`, `image`, `image_alt`, `multi_versions`, `manufacturer_id`, `shipping`, `price`, `price_currency_id`, `compare_price`, `c_price_currency_id`, `points`, `tax_class_id`, `date_available`, `weight`, `weight_class_id`, `length`, `width`, `height`, `length_class_id`, `subtract`, `minimum`, `sort_order`, `status`, `channel`, `viewed`, `demo`, `deleted`, `default_store_id`, `date_added`, `date_modified`) VALUES
(104, '', 'SHB9102MT', '', '', '0.0000', '0.0000', '', '', '', '', '', '', '', 0, 1, 0, 'https://res.cloudinary.com/novaonx2/image/upload/v1587487856/19470/mmb9100vn01.jpg', '', 0, 0, 1, '990000.0000', 1, '1350000.0000', 1, 0, 0, '0000-00-00', '10000.00000000', 1, '0.00000000', '0.00000000', '0.00000000', 0, 1, 1, 0, 1, 0, 0, 1, NULL, 0, '2020-04-21 23:52:52', '2020-04-21 23:52:52'),
(105, '', 'SHA88119K', '', '', '0.0000', '0.0000', 'SHA88119K', '', '', '', '', '', '', 0, 0, 0, 'https://sunhouse.com.vn/pic/thumb/compact/product/sunhouse-sha88119k.jpg', '', 0, 26, 1, '0.0000', 1, '5000000.0000', 1, 0, 0, '0000-00-00', '1000.00000000', 1, '0.00000000', '0.00000000', '0.00000000', 0, 1, 1, 0, 1, 2, 0, 1, NULL, 0, '2020-04-21 23:53:39', '2020-04-21 23:53:39'),
(106, '', 'SHA88117KV', '', '', '0.0000', '0.0000', 'SHA88117KV', '', '', '', '', '', '', 0, 0, 0, 'https://sunhouse.com.vn/pic/thumb/compact/product/SHA88117KV_01.jpg', '', 0, 26, 1, '0.0000', 1, '5000000.0000', 1, 0, 0, '0000-00-00', '1000.00000000', 1, '0.00000000', '0.00000000', '0.00000000', 0, 1, 1, 0, 1, 2, 0, 1, NULL, 0, '2020-04-21 23:53:39', '2020-04-21 23:53:39'),
(107, '', 'SHA8878KV', '', '', '0.0000', '0.0000', 'SHA8878KV', '', '', '', '', '', '', 0, 0, 0, 'https://sunhouse.com.vn/pic/thumb/compact/product/SHA8878KV_01.jpg', '', 0, 26, 1, '0.0000', 1, '5000000.0000', 1, 0, 0, '0000-00-00', '1000.00000000', 1, '0.00000000', '0.00000000', '0.00000000', 0, 1, 1, 0, 1, 2, 0, 1, NULL, 0, '2020-04-21 23:53:39', '2020-04-21 23:53:39'),
(108, '', 'SHA8889K', '', '', '0.0000', '0.0000', 'SHA8889K', '', '', '', '', '', '', 0, 0, 0, 'https://sunhouse.com.vn/pic/thumb/compact/product/SHA8889K_01.jpg', '', 0, 26, 1, '0.0000', 1, '5000000.0000', 1, 0, 0, '0000-00-00', '1000.00000000', 1, '0.00000000', '0.00000000', '0.00000000', 0, 1, 1, 0, 1, 2, 0, 1, NULL, 0, '2020-04-21 23:53:39', '2020-04-21 23:53:39'),
(109, '', 'SHA8879K', '', '', '0.0000', '0.0000', 'SHA8879K', '', '', '', '', '', '', 0, 0, 0, 'https://sunhouse.com.vn/pic/thumb/compact/product/may-loc-nuoc-sunhouse-sha8879k.jpg', '', 0, 26, 1, '0.0000', 1, '5000000.0000', 1, 0, 0, '0000-00-00', '1000.00000000', 1, '0.00000000', '0.00000000', '0.00000000', 0, 1, 1, 0, 1, 2, 0, 1, NULL, 0, '2020-04-21 23:53:39', '2020-04-21 23:53:39'),
(110, '', 'SHA76211CK', '', '', '0.0000', '0.0000', 'SHA76211CK', '', '', '', '', '', '', 0, 0, 0, 'https://sunhouse.com.vn/pic/thumb/compact/product/may-loc-nuoc-gia-dinh-sunhouse-shr76211ck_005.jpg', '', 0, 26, 1, '0.0000', 1, '5000000.0000', 1, 0, 0, '0000-00-00', '1000.00000000', 1, '0.00000000', '0.00000000', '0.00000000', 0, 1, 1, 0, 1, 2, 0, 1, NULL, 0, '2020-04-21 23:53:39', '2020-04-21 23:53:39'),
(111, '', 'SHA8858K', '', '', '0.0000', '0.0000', 'SHA8858K', '', '', '', '', '', '', 0, 0, 0, 'https://sunhouse.com.vn/pic/thumb/compact/product/sunhouse-sha8858k_1.jpg', '', 0, 26, 1, '0.0000', 1, '5000000.0000', 1, 0, 0, '0000-00-00', '1000.00000000', 1, '0.00000000', '0.00000000', '0.00000000', 0, 1, 1, 0, 1, 2, 0, 1, NULL, 0, '2020-04-21 23:53:39', '2020-04-21 23:53:39'),
(112, '', 'SHA88116K', '', '', '0.0000', '0.0000', 'SHA88116K', '', '', '', '', '', '', 0, 0, 0, 'https://sunhouse.com.vn/pic/thumb/compact/product/sunhouse-sha88116k.jpg', '', 0, 26, 1, '0.0000', 1, '5000000.0000', 1, 0, 0, '0000-00-00', '1000.00000000', 1, '0.00000000', '0.00000000', '0.00000000', 0, 1, 1, 0, 1, 2, 0, 1, NULL, 0, '2020-04-21 23:53:39', '2020-04-21 23:53:39'),
(113, '', 'SHA8869K', '', '', '0.0000', '0.0000', 'SHA8869K', '', '', '', '', '', '', 0, 0, 0, 'https://sunhouse.com.vn/pic/thumb/compact/product/sunhouse-sha8869k.jpg', '', 0, 26, 1, '0.0000', 1, '5000000.0000', 1, 0, 0, '0000-00-00', '1000.00000000', 1, '0.00000000', '0.00000000', '0.00000000', 0, 1, 1, 0, 1, 2, 0, 1, NULL, 0, '2020-04-21 23:53:39', '2020-04-21 23:53:39'),
(114, '', 'SHA8859K', '', '', '0.0000', '0.0000', 'SHA8859K', '', '', '', '', '', '', 0, 0, 0, 'https://sunhouse.com.vn/pic/thumb/compact/product/sunhouse-sha8859k.jpg', '', 0, 26, 1, '0.0000', 1, '5000000.0000', 1, 0, 0, '0000-00-00', '1000.00000000', 1, '0.00000000', '0.00000000', '0.00000000', 0, 1, 1, 0, 1, 2, 0, 1, NULL, 0, '2020-04-21 23:53:39', '2020-04-21 23:53:39'),
(115, '', 'SHA88118K', '', '', '0.0000', '0.0000', 'SHA88118K', '', '', '', '', '', '', 0, 0, 0, 'https://sunhouse.com.vn/pic/thumb/compact/product/sunhouse-sha88118k.jpg', '', 0, 26, 1, '0.0000', 1, '5000000.0000', 1, 0, 0, '0000-00-00', '1000.00000000', 1, '0.00000000', '0.00000000', '0.00000000', 0, 1, 1, 0, 1, 2, 0, 1, NULL, 0, '2020-04-21 23:53:39', '2020-04-21 23:53:39'),
(116, '', 'SHA88115K', '', '', '0.0000', '0.0000', 'SHA88115K', '', '', '', '', '', '', 0, 0, 0, 'https://sunhouse.com.vn/pic/thumb/compact/product/sunhouse-sha88115k.jpg', '', 0, 26, 1, '0.0000', 1, '5000000.0000', 1, 0, 0, '0000-00-00', '1000.00000000', 1, '0.00000000', '0.00000000', '0.00000000', 0, 1, 1, 0, 1, 2, 0, 1, NULL, 0, '2020-04-21 23:53:39', '2020-04-21 23:53:39'),
(117, '', 'SHA8819K', '', '', '0.0000', '0.0000', 'SHA8819K', '', '', '', '', '', '', 0, 0, 0, 'https://sunhouse.com.vn/pic/thumb/compact/product/sunhouse-sha8819k.jpg', '', 0, 26, 1, '0.0000', 1, '5000000.0000', 1, 0, 0, '0000-00-00', '1000.00000000', 1, '0.00000000', '0.00000000', '0.00000000', 0, 1, 1, 0, 1, 2, 0, 1, NULL, 0, '2020-04-21 23:53:39', '2020-04-21 23:53:39'),
(118, '', 'SHA8818K', '', '', '0.0000', '0.0000', 'SHA8818K', '', '', '', '', '', '', 0, 0, 0, 'https://sunhouse.com.vn/pic/thumb/compact/product/sunhouse-sha8818k.jpg', '', 0, 26, 1, '0.0000', 1, '5000000.0000', 1, 0, 0, '0000-00-00', '1000.00000000', 1, '0.00000000', '0.00000000', '0.00000000', 0, 1, 1, 0, 1, 2, 0, 1, NULL, 0, '2020-04-21 23:53:39', '2020-04-21 23:53:39'),
(119, '', 'SHR-F2572W2', '', '', '0.0000', '0.0000', 'SHR-F2572W2', '', '', '', '', '', '', 0, 0, 0, 'https://sunhouse.com.vn/pic/thumb/compact/product/tu-dong-tu-mat-sunhouse-shr-f2572w2_001.jpg', '', 0, 26, 1, '0.0000', 1, '5000000.0000', 1, 0, 0, '0000-00-00', '1000.00000000', 1, '0.00000000', '0.00000000', '0.00000000', 0, 1, 1, 0, 1, 2, 0, 1, NULL, 0, '2020-04-21 23:53:39', '2020-04-21 23:53:39'),
(120, '', 'SHR-F2472W2', '', '', '0.0000', '0.0000', 'SHR-F2472W2', '', '', '', '', '', '', 0, 0, 0, 'https://sunhouse.com.vn/pic/thumb/compact/product/tu-dong-tu-mat-sunhouse-shr-fw2_001.jpg', '', 0, 26, 1, '0.0000', 1, '5000000.0000', 1, 0, 0, '0000-00-00', '1000.00000000', 1, '0.00000000', '0.00000000', '0.00000000', 0, 1, 1, 0, 1, 2, 0, 1, NULL, 0, '2020-04-21 23:53:39', '2020-04-21 23:53:39'),
(121, '', 'SHR-F2412W2', '', '', '0.0000', '0.0000', 'SHR-F2412W2', '', '', '', '', '', '', 0, 0, 0, 'https://sunhouse.com.vn/pic/thumb/compact/product/tu-dong-tu-mat-sunhouse-shr-fw2_001(1).jpg', '', 0, 26, 1, '0.0000', 1, '5000000.0000', 1, 0, 0, '0000-00-00', '1000.00000000', 1, '0.00000000', '0.00000000', '0.00000000', 0, 1, 1, 0, 1, 2, 0, 1, NULL, 0, '2020-04-21 23:53:39', '2020-04-21 23:53:39'),
(122, '', 'SHR-F2362W2', '', '', '0.0000', '0.0000', 'SHR-F2362W2', '', '', '', '', '', '', 0, 0, 0, 'https://sunhouse.com.vn/pic/thumb/compact/product/tu-dong-tu-mat-sunhouse-shr-fw2_001(2).jpg', '', 0, 26, 1, '0.0000', 1, '5000000.0000', 1, 0, 0, '0000-00-00', '1000.00000000', 1, '0.00000000', '0.00000000', '0.00000000', 0, 1, 1, 0, 1, 2, 0, 1, NULL, 0, '2020-04-21 23:53:39', '2020-04-21 23:53:39'),
(123, '', 'SHR-F2272W2', '', '', '0.0000', '0.0000', 'SHR-F2272W2', '', '', '', '', '', '', 0, 0, 0, 'https://sunhouse.com.vn/pic/thumb/compact/product/tu-dong-tu-mat-sunhouse-shr-f2272w2_001.jpg', '', 0, 26, 1, '0.0000', 1, '5000000.0000', 1, 0, 0, '0000-00-00', '1000.00000000', 1, '0.00000000', '0.00000000', '0.00000000', 0, 1, 1, 0, 1, 2, 0, 1, NULL, 0, '2020-04-21 23:53:39', '2020-04-21 23:53:39'),
(124, '', 'SHR-F1433W1', '', '', '0.0000', '0.0000', 'SHR-F1433W1', '', '', '', '', '', '', 0, 0, 0, 'https://sunhouse.com.vn/pic/thumb/compact/product/tu-dong-tu-mat-sunhouse-shr_001(2).jpg', '', 0, 26, 1, '0.0000', 1, '5000000.0000', 1, 0, 0, '0000-00-00', '1000.00000000', 1, '0.00000000', '0.00000000', '0.00000000', 0, 1, 1, 0, 1, 2, 0, 1, NULL, 0, '2020-04-21 23:53:39', '2020-04-21 23:53:39'),
(125, '', 'SHR-F1353W1', '', '', '0.0000', '0.0000', 'SHR-F1353W1', '', '', '', '', '', '', 0, 0, 0, 'https://sunhouse.com.vn/pic/thumb/compact/product/tu-dong-tu-mat-sunhouse-shr_001(1).jpg', '', 0, 26, 1, '0.0000', 1, '5000000.0000', 1, 0, 0, '0000-00-00', '1000.00000000', 1, '0.00000000', '0.00000000', '0.00000000', 0, 1, 1, 0, 1, 2, 0, 1, NULL, 0, '2020-04-21 23:53:39', '2020-04-21 23:53:39'),
(126, '', 'SHR-F1283W1', '', '', '0.0000', '0.0000', 'SHR-F1283W1', '', '', '', '', '', '', 0, 0, 0, 'https://sunhouse.com.vn/pic/thumb/compact/product/tu-dong-tu-mat-sunhouse-shr_001(1).jpg', '', 0, 26, 1, '0.0000', 1, '5000000.0000', 1, 0, 0, '0000-00-00', '1000.00000000', 1, '0.00000000', '0.00000000', '0.00000000', 0, 1, 1, 0, 1, 2, 0, 1, NULL, 0, '2020-04-21 23:53:39', '2020-04-21 23:53:39'),
(127, '', 'SHR-F1233W1', '', '', '0.0000', '0.0000', 'SHR-F1233W1', '', '', '', '', '', '', 0, 0, 0, 'https://sunhouse.com.vn/pic/thumb/compact/product/tu-dong-tu-mat-sunhouse-shr-f1233w1_001.jpg', '', 0, 26, 1, '0.0000', 1, '5000000.0000', 1, 0, 0, '0000-00-00', '1000.00000000', 1, '0.00000000', '0.00000000', '0.00000000', 0, 1, 1, 0, 1, 2, 0, 1, NULL, 0, '2020-04-21 23:53:39', '2020-04-21 23:53:39');

-- restore soft-deleted products if demo
UPDATE `oc_product` SET `deleted` = NULL
WHERE `demo` = 1
  AND `product_id` IN (
      104,
      105,
      106,
      107,
      108,
      109,
      110,
      111,
      112,
      113,
      114,
      115,
      116,
      117,
      118,
      119,
      120,
      121,
      122,
      123,
      124,
      125,
      126,
      127
  );

-- oc_product_collection PRIMARY KEY (`product_collection_id`)
INSERT IGNORE INTO `oc_product_collection` (`product_collection_id`, `product_id`, `collection_id`, `sort_order`) VALUES
(161, 112, 6, 1),
(164, 114, 6, 4),
(174, 114, 4, 5),
(155, 105, 5, 4),
(160, 111, 7, 5),
(154, 107, 5, 3),
(173, 113, 4, 4),
(172, 109, 4, 3),
(163, 113, 6, 3),
(171, 117, 4, 2),
(159, 118, 7, 4),
(162, 115, 6, 2),
(153, 106, 5, 2),
(158, 115, 7, 3),
(157, 112, 7, 2),
(156, 104, 7, 1),
(152, 104, 5, 1),
(170, 111, 4, 1);

-- oc_product_description PRIMARY KEY (`product_id`,`language_id`)
INSERT IGNORE INTO `oc_product_description` (`product_id`, `language_id`, `name`, `description`, `sub_description`, `seo_title`, `seo_description`, `tag`, `meta_title`, `meta_description`, `meta_keyword`) VALUES
(83, 2, 'Giày cổ điển sang trọng màu hồng', 'Giày cổ điển sang trọng màu hồng sang trọng, dễ phối đồ', '', '', '', '', '', '', ''),
(84, 2, 'Giày cao gót gót kim sa xù độc lạ', '- Cao 8cm - Màu đen và nâu cafe sang trọng - Là kiểu giày mang phong cách cổ điển sang trọng, dễ phối đồ. Đi tiệc hay đi làm đều rất sang. - Size 35-39', '', '', '', '', '', '', ''),
(85, 2, 'Giày cao gót quai trong phối đinh', 'Giày cao gót quai trong phối đinh sang trọng, dễ phối đồ', '', '', '', '', '', '', ''),
(86, 2, 'Giày cao gót dép đen nơ', 'Giày cao gót dép đen nơ sang trọng, dễ phối đồ', '', '', '', '', '', '', ''),
(87, 2, 'Giày valen viền đinh size 36 37 38', 'Giày valen viền đinh size 36 37 38 sang trọng, dễ phối đồ', '', '', '', '', '', '', ''),
(88, 2, 'Giày sandal cao gót quai trong gót kim sa size 34 đến 40', 'Giày sandal cao gót quai trong gót kim sa size 34 đến 40 sang trọng, dễ phối đồ', '', '', '', '', '', '', ''),
(97, 2, 'Giày sandal quai ngang ánh 7 màu', 'Giày sandal quai ngang ánh 7 màu sang trọng, dễ phối đồ', '', '', '', '', '', '', ''),
(98, 2, 'Dép sandal xoắn cổ chân', 'Dép sandal xoắn cổ chân sang trọng, dễ phối đồ', '', '', '', '', '', '', ''),
(99, 2, 'Giày sandal chiến binh dây kéo 1 bên', 'Giày sandal chiến binh dây kéo 1 bên sang trọng, dễ phối đồ', '', '', '', '', '', '', ''),
(103, 2, 'Giày đúp cao 11cm', 'Giày đúp cao 11cm sang trọng, dễ phối đồ', '', '', '', '', '', '', ''),
(104, 2, 'Bếp đôi hồng ngoại SUNHOUSE SHB9102MT', '&lt;p&gt;ĐẶC ĐIỂM NỔI BẬT&lt;/p&gt;\r\n\r\n&lt;ul&gt;\r\n	&lt;li&gt;Mặt kính cao cấp, chịu lực, chịu nhiệt tốt&lt;/li&gt;\r\n	&lt;li&gt;Làm nóng nhanh gấp 2 lần bếp thường&lt;/li&gt;\r\n	&lt;li&gt;Bảng điều khiển cảm ứng&lt;/li&gt;\r\n	&lt;li&gt;Tự động ngắt khi quá tải&lt;/li&gt;\r\n	&lt;li&gt;Cảm ứng nhiệt an toàn khi sử dụng&lt;/li&gt;\r\n	&lt;li&gt;Khóa trẻ em, hẹn giờ tiện lợi&lt;/li&gt;\r\n&lt;/ul&gt;\r\n\r\n&lt;h2&gt;Thông số kỹ thuật&lt;/h2&gt;\r\n\r\n&lt;ul&gt;\r\n	&lt;li&gt;\r\n	&lt;p&gt;Tên sản phẩm/Model&lt;/p&gt;\r\n\r\n	&lt;p&gt;Bếp đôi hồng ngoại SUNHOUSE SHB9102MT&lt;/p&gt;\r\n	&lt;/li&gt;\r\n	&lt;li&gt;\r\n	&lt;p&gt;Chất liệu mặt bếp&lt;/p&gt;\r\n\r\n	&lt;p&gt;Kính tôi chịu nhiệt&lt;/p&gt;\r\n	&lt;/li&gt;\r\n	&lt;li&gt;\r\n	&lt;p&gt;Độ dày mặt bếp&lt;/p&gt;\r\n\r\n	&lt;p&gt;5.5 mm&lt;/p&gt;\r\n	&lt;/li&gt;\r\n	&lt;li&gt;\r\n	&lt;p&gt;Số bếp nấu&lt;/p&gt;\r\n\r\n	&lt;p&gt;2&lt;/p&gt;\r\n	&lt;/li&gt;\r\n	&lt;li&gt;\r\n	&lt;p&gt;Điện áp&lt;/p&gt;\r\n\r\n	&lt;p&gt;220-240V / 50Hz&lt;/p&gt;\r\n	&lt;/li&gt;\r\n	&lt;li&gt;\r\n	&lt;p&gt;Mâm hồng ngoại&lt;/p&gt;\r\n\r\n	&lt;p&gt;Hợp kim&lt;/p&gt;\r\n	&lt;/li&gt;\r\n	&lt;li&gt;\r\n	&lt;p&gt;Tổng công suất&lt;/p&gt;\r\n\r\n	&lt;p&gt;3600 W (bếp trái: 2000 W, bếp phải: 2000 W)&lt;/p&gt;\r\n	&lt;/li&gt;\r\n	&lt;li&gt;\r\n	&lt;p&gt;Kích thước mặt bếp&lt;/p&gt;\r\n\r\n	&lt;p&gt;700 x 400 mm&lt;/p&gt;\r\n	&lt;/li&gt;\r\n	&lt;li&gt;\r\n	&lt;p&gt;Kích thước sản phẩm&lt;/p&gt;\r\n\r\n	&lt;p&gt;700 x 400 x 90 mm&lt;/p&gt;\r\n	&lt;/li&gt;\r\n	&lt;li&gt;\r\n	&lt;p&gt;Bảng điều khiển&lt;/p&gt;\r\n\r\n	&lt;p&gt;Cảm ứng&lt;/p&gt;\r\n	&lt;/li&gt;\r\n	&lt;li&gt;\r\n	&lt;p&gt;Loại nồi thích hợp&lt;/p&gt;\r\n\r\n	&lt;p&gt;Mọi loại nồi chảo có đáy phẳng&lt;/p&gt;\r\n	&lt;/li&gt;\r\n	&lt;li&gt;\r\n	&lt;p&gt;Hẹn giờ&lt;/p&gt;\r\n\r\n	&lt;p&gt;Có&lt;/p&gt;\r\n	&lt;/li&gt;\r\n	&lt;li&gt;\r\n	&lt;p&gt;Khóa an toàn&lt;/p&gt;\r\n\r\n	&lt;p&gt;Có&lt;/p&gt;\r\n	&lt;/li&gt;\r\n	&lt;li&gt;\r\n	&lt;p&gt;Bảo hành&lt;/p&gt;\r\n\r\n	&lt;p&gt;36 tháng&lt;/p&gt;\r\n	&lt;/li&gt;\r\n	&lt;li&gt;\r\n	&lt;p&gt;Đặc điểm khác&lt;/p&gt;\r\n\r\n	&lt;p&gt;- Làm nóng nhanh gấp 2 lần bếp thường&lt;br /&gt;\r\n	- Tự động ngắt khi quá tải&lt;br /&gt;\r\n	- Báo hiệu khi có vật nhỏ hơn 80mm trên bề mặt bếp&lt;/p&gt;\r\n	&lt;/li&gt;\r\n	&lt;li&gt;\r\n	&lt;p&gt;Thương hiệu&lt;/p&gt;\r\n\r\n	&lt;p&gt;SUNHOUSE&lt;/p&gt;\r\n	&lt;/li&gt;\r\n	&lt;li&gt;\r\n	&lt;p&gt;Xuất xứ&lt;/p&gt;\r\n\r\n	&lt;p&gt;Trung Quốc&lt;/p&gt;\r\n	&lt;/li&gt;\r\n	&lt;li&gt;\r\n	&lt;p&gt;Kích thước đóng hộp&lt;/p&gt;\r\n\r\n	&lt;p&gt;760 x 450 x 125 mm&lt;/p&gt;\r\n	&lt;/li&gt;\r\n&lt;/ul&gt;', '&lt;p&gt;&lt;strong&gt;Bếp đôi hồng ngoại SUNHOUSE SHB9102MT&lt;/strong&gt; có thiết kế sang trọng cùng những tính năng hiện đại và chất lượng vượt trội, góp phần tạo nên sự tiện nghi cho căn bếp của bạn. Không chỉ vậy, &lt;strong&gt;SHB9102MT&lt;/strong&gt; còn giúp bạn nấu nướng thuận tiện và nhanh chóng, tiết kiệm tối đa điện năng và thời gian.&lt;/p&gt;', 'Bếp đôi hồng ngoại SUNHOUSE', 'Bếp đôi hồng ngoại SUNHOUSE', '', '', '', ''),
(105, 2, 'Máy lọc nước R.O 10 lõi SUNHOUSE SHA88119K', 'Màng lọc R.O DOW Filmtech\nUSA loại bỏ 99,9% vi khuẩn gây hại\nKhả năng hấp thụ cao mùi vị, chất hữu cơ, thuốc trừ sâu, chất diệt côn trùng, kim loại nặng, Clo dư trong nước\nLoại bỏ tạp chất, đất rỉ sét có kích thước ≥ 1 µm\nThiết kế sang trọng, mặt kính full viền hiện đại\nBảo hành 2 năm tại các điểm bảo hành trên toàn quốc', '', '', '', '', '', '', ''),
(106, 2, 'Máy lọc nước R.O không vỏ SUNHOUSE 10 lõi SHA88117KV', 'Thiết kế nhỏ gọn, tối ưu diện tích\nDễ dàng tích hợp dưới tủ, thuận tiện sử dụng\nMàng lọc R.O DOW (USA) loại bỏ 99.99% tác nhân gây hại\nBộ 10 lõi, lọc sạch nước, bổ sung khoáng chất\nBảo hành 2 năm trên toàn quốc', '', '', '', '', '', '', ''),
(107, 2, 'Máy lọc nước R.O không vỏ SUNHOUSE 8 lõi SHA8878KV', 'Thiết kế nhỏ gọn, tối ưu diện tích\nDễ dàng tích hợp dưới tủ, thuận tiện sử dụng\nMàng lọc R.O Hàn Quốc loại bỏ 99.99% tác nhân gây hại\nBộ 8 lõi, lọc sạch nước, bổ sung khoáng chất\nBảo hành 2 năm trên toàn quốc', '', '', '', '', '', '', ''),
(108, 2, 'Máy lọc nước R.O 9 lõi SUNHOUSE SHA8889K', 'Thiết kế slim thon gọn, diện mạo đẹp mắt, hiện đại\nVỏ tủ kính cường lực tràn viền bền đẹp, dễ vệ sinh\nBộ 9 lõi lọc sạch nước, bổ sung khoáng chất\nMàng lọc R.O nhập khẩu Hàn Quốc loại bỏ 99.99% tác nhân gây hại\nBảo hành 2 năm trên toàn quốc.', '', '', '', '', '', '', ''),
(109, 2, 'Máy lọc nước R.O 9 lõi SUNHOUSE SHA8879K', 'Màng lọc R.O nhập khẩu Hàn Quốc loại bỏ 99,9% vi khuẩn gây hại\nĐạt chuẩn kĩ thuật quốc gia về nước uống trực tiếp QCVN 6-1:2010/BYT do Bộ Y Tế cấp.\nKhả năng hấp thụ cao mùi vị, chất hữu cơ, thuốc trừ sâu, chất diệt côn trùng, kim loại nặng, Clo dư trong nước\nLoại bỏ tạp chất, đất, rỉ sét có kích thước ≥ 5 µm\nBền, đẹp với mặt kính cường lực full viền và thiết kế cánh tủ độc đáo, chắc chắn\nBảo hành 2 năm tại các điểm bảo hành trên toàn quốc.', '', '', '', '', '', '', ''),
(110, 2, 'Máy lọc nước R.O nóng lạnh 9 lõi SUNHOUSE SHA76211CK', 'Màng lọc R.O DOW Filmtec – USA loại bỏ 99,9% vi khuẩn gây hại\nLoại bỏ hoàn toàn tạp chất, rỉ sét, kim loại nặng, chất hữu cơ, thuốc trừ sâu, chất diệt côn trùng, hấp thụ cao mùi vị nhờ 9 cấp lọc\nTích hợp vòi Nóng – Lạnh tiện dụng với thiết kế vòi mới, hạn chế rò rỉ\nThiết kế mặt kính cường lực tràn viền trang nhã, hiện đại\nTích hợp nhiều tính năng cải tiến, đảm bảo an toàn, thuận tiện khi sử dụng\nBảo hành 2 năm (cho phần điện)', '', '', '', '', '', '', ''),
(111, 2, 'Máy lọc nước R.O 8 lõi SUNHOUSE SHA8858K', 'Màng lọc R.O nhập khẩu Hàn Quốc loại bỏ 99,9% vi khuẩn gây hại\nĐạt chuẩn kĩ thuật quốc gia về nước uống trực tiếp QCVN 6-1:2010/BYT do Bộ Y Tế cấp.\nKhả năng hấp thụ cao mùi vị, chất hữu cơ, thuốc trừ sâu, chất diệt côn trùng, kim loại nặng, Clo dư trong nước\nLoại bỏ hoàn toàn tạp chất, ion kim loại nặng, vi khuẩn, các chất hữu cơ, amip, asen, ...\nBền, đẹp với mặt kính cường lực full viền và thiết kế cánh tủ độc đáo, chắc chắn\nBảo hành 2 năm tại các điểm bảo hành trên toàn quốc.', '', '', '', '', '', '', ''),
(112, 2, 'Máy lọc nước R.O 10 lõi SUNHOUSE SHA88116K', 'Màng lọc R.O DOW - USA loại bỏ 99,9% vi khuẩn gây hại\nKhả năng hấp thụ cao mùi vị, chất hữu cơ, thuốc trừ sâu, chất diệt côn trùng, kim loại nặng, Clo dư trong nước\nLoại bỏ hoàn toàn tạp chất, ion kim loại nặng, vi khuẩn, các chất hữu cơ, ...\nBền, đẹp với mặt kính cường lực full viền và thiết kế cánh tủ độc đáo, chắc chắn\nBảo hành 2 năm tại các điểm bảo hành trên toàn quốc.', '', '', '', '', '', '', ''),
(113, 2, 'Máy lọc nước R.O 9 lõi SUNHOUSE SHA8869K', 'Màng lọc R.O nhập khẩu Hàn Quốc loại bỏ 99,9% vi khuẩn gây hại\nKhả năng hấp thụ cao mùi vị, chất hữu cơ, thuốc trừ sâu, chất diệt côn trùng, kim loại nặng, Clo dư trong nước\nLoại bỏ hoàn toàn tạp chất, ion kim loại nặng, vi khuẩn, các chất hữu cơ, ...\nBền, đẹp với mặt kính cường lực full viền và thiết kế cánh tủ độc đáo, chắc chắn\nBảo hành 2 năm tại các điểm bảo hành trên toàn quốc.', '', '', '', '', '', '', ''),
(114, 2, 'Máy lọc nước R.O 9 lõi SUNHOUSE SHA8859K', 'Màng lọc R.O nhập khẩu Hàn Quốc loại bỏ 99,9% vi khuẩn gây hại\nKhả năng hấp thụ cao mùi vị, chất hữu cơ, thuốc trừ sâu, chất diệt côn trùng, kim loại nặng, Clo dư trong nước\nLoại bỏ hoàn toàn tạp chất, ion kim loại nặng, vi khuẩn, các chất hữu cơ, ...\nBền, đẹp với mặt kính cường lực full viền và thiết kế cánh tủ độc đáo, chắc chắn\nBảo hành 2 năm tại các điểm bảo hành trên toàn quốc.', '', '', '', '', '', '', ''),
(115, 2, 'Máy lọc nước R.O 10 lõi SUNHOUSE SHA88118K', 'Màng lọc R.O DOW Filmtech - USA loại bỏ 99,9% vi khuẩn gây hại\nKhả năng hấp thụ cao mùi vị, chất hữu cơ, thuốc trừ sâu, chất diệt côn trùng, kim loại nặng, Clo dư trong nước\nLoại bỏ tạp chất, đất rỉ sét có kích thước ≥ 1 µm\nThiết kế sang trọng, mặt kính full viền hiện đại\nBảo hành 2 năm tại các điểm bảo hành trên toàn quốc', '', '', '', '', '', '', ''),
(116, 2, 'Máy lọc nước R.O 10 lõi SUNHOUSE SHA88115K', 'Màng lọc R.O DOW Filmtech - USA loại bỏ 99,9% vi khuẩn gây hại\nKhả năng hấp thụ cao mùi vị, chất hữu cơ, thuốc trừ sâu, chất diệt côn trùng, kim loại nặng, Clo dư trong nước\nLoại bỏ tạp chất, đất rỉ sét có kích thước ≥ 1 µm\nThiết kế sang trọng, mặt kính full viền hiện đại\nBảo hành 2 năm tại các điểm bảo hành trên toàn quốc', '', '', '', '', '', '', ''),
(117, 2, 'Máy lọc nước R.O 9 lõi SUNHOUSE SHA8819K', 'Màng lọc R.O DOW Filmtech - USA loại bỏ 99,9% vi khuẩn gây hại\nKhả năng hấp thụ cao mùi vị, chất hữu cơ, thuốc trừ sâu, chất diệt côn trùng, kim loại nặng, Clo dư trong nước\nLoại bỏ tạp chất, đất rỉ sét có kích thước ≥ 1 µm\nThiết kế sang trọng, mặt kính full viền hiện đại\nBảo hành 2 năm tại các điểm bảo hành trên toàn quốc', '', '', '', '', '', '', ''),
(118, 2, 'Máy lọc nước R.O 8 lõi SUNHOUSE SHA8818K', 'Màng lọc R.O DOW Filmtech - USA loại bỏ 99,9% vi khuẩn gây hại\nKhả năng hấp thụ cao mùi vị, chất hữu cơ, thuốc trừ sâu, chất diệt côn trùng, kim loại nặng, Clo dư trong nước\nLoại bỏ tạp chất, đất rỉ sét có kích thước ≥ 1 µm\nThiết kế sang trọng, mặt kính full viền hiện đại\nBảo hành 2 năm tại các điểm bảo hành trên toàn quốc', '', '', '', '', '', '', ''),
(119, 2, 'Tủ đông 2 ngăn 2 cánh SUNHOUSE SHR-F2572W2', '2 ngăn bảo quản thực phẩm DÀI NGÀY – NGẮN NGÀY tiện lợi\nCông nghệ lạnh sâu đa chiều 360 độ giúp hơi lạnh sâu - 18 độ C tỏa đều khắp bên trong tủ\nDàn lạnh đồng nguyên chất, làm lạnh nhanh, giảm thất thoát nhiệt\nLớp bảo ôn Cool Pack sử dụng Cyclopentane Foam, giữ lạnh tới 12H\nMặt trong sơn tĩnh điện, giảm bám tuyết, dễ vệ sinh\nVỏ tôn sơn tĩnh điện bền bỉ, hạn chế rỉ sét, chống ăn mòn\nTiết kiệm điện năng, vận hành êm ái', '', '', '', '', '', '', ''),
(120, 2, 'Tủ đông 2 ngăn 2 cánh SUNHOUSE SHR-F2472W2', '2 ngăn bảo quản thực phẩm DÀI NGÀY – NGẮN NGÀY tiện lợi\nCông nghệ lạnh sâu đa chiều 360 độ giúp hơi lạnh sâu - 18 độ C tỏa đều khắp bên trong tủ\nDàn lạnh đồng nguyên chất, làm lạnh nhanh, giảm thất thoát nhiệt\nMôi chất lạnh gas R600A an toàn sức khỏe, bảo vệ môi trường\nLớp bảo ôn Cool Pack sử dụng Cyclopentane Foam, giữ lạnh tới 12H\nMặt trong sơn tĩnh điện, giảm bám tuyết, dễ vệ sinh\nVỏ tôn sơn tĩnh điện bền bỉ, hạn chế rỉ sét, chống ăn mòn\nTiết kiệm điện năng, vận hành êm ái', '', '', '', '', '', '', ''),
(121, 2, 'Tủ đông 2 ngăn 2 cánh SUNHOUSE SHR-F2412W2', '2 ngăn bảo quản thực phẩm DÀI NGÀY – NGẮN NGÀY tiện lợi\nCông nghệ lạnh sâu đa chiều 360 độ giúp hơi lạnh sâu - 18 độ C tỏa đều khắp bên trong tủ\nDàn lạnh đồng nguyên chất, làm lạnh nhanh, giảm thất thoát nhiệt\nMôi chất lạnh gas R600A an toàn sức khỏe, bảo vệ môi trường\nLớp bảo ôn Cool Pack sử dụng Cyclopentane Foam, giữ lạnh tới 12H\nMặt trong sơn tĩnh điện, giảm bám tuyết, dễ vệ sinh\nVỏ tôn sơn tĩnh điện bền bỉ, hạn chế rỉ sét, chống ăn mòn\nTiết kiệm điện năng, vận hành êm ái', '', '', '', '', '', '', ''),
(122, 2, 'Tủ đông 2 ngăn 2 cánh SUNHOUSE SHR-F2362W2', '2 ngăn bảo quản thực phẩm DÀI NGÀY – NGẮN NGÀY tiện lợi\nCông nghệ lạnh sâu đa chiều 360 độ giúp hơi lạnh sâu - 18 độ C tỏa đều khắp bên trong tủ\nDàn lạnh đồng nguyên chất, làm lạnh nhanh, giảm thất thoát nhiệt\nMôi chất lạnh gas R600A an toàn sức khỏe, bảo vệ môi trường\nLớp bảo ôn Cool Pack sử dụng Cyclopentane Foam, giữ lạnh tới 12H\nMặt trong sơn tĩnh điện, giảm bám tuyết, dễ vệ sinh\nVỏ tôn sơn tĩnh điện bền bỉ, hạn chế rỉ sét, chống ăn mòn\nTiết kiệm điện năng, vận hành êm ái', '', '', '', '', '', '', ''),
(123, 2, 'Tủ đông 2 ngăn 2 cánh SUNHOUSE SHR-F2272W2', '2 ngăn bảo quản thực phẩm DÀI NGÀY – NGẮN NGÀY tiện lợi\nCông nghệ lạnh sâu đa chiều 360 độ giúp hơi lạnh sâu -18 độ C tỏa đều khắp bên trong tủ\nDàn lạnh đồng nguyên chất, làm lạnh nhanh, giảm thất thoát nhiệt\nMôi chất lạnh gas R600A an toàn sức khỏe, bảo vệ môi trường\nLớp bảo ôn Cool Pack sử dụng Cyclopentane Foam, giữ lạnh tới 12H\nMặt trong sơn tĩnh điện, giảm bám tuyết, dễ vệ sinh\nVỏ tôn sơn tĩnh điện bền bỉ, hạn chế rỉ sét, chống ăn mòn\nTiết kiệm điện năng, vận hành êm ái', '', '', '', '', '', '', ''),
(124, 2, 'Tủ đông 1 ngăn 1 cánh SUNHOUSE SHR-F1433W1', 'Thiết kế 1 ngăn đông chuyên dụng, cấp đông tối ưu, phù hợp bảo quản thực phẩm dài ngày\nCông nghệ lạnh sâu đa chiều 360 độ giúp hơi lạnh sâu -18 độ C tỏa đều khắp bên trong tủ\nDàn lạnh đồng nguyên chất, làm lạnh nhanh, giảm thất thoát nhiệt\nMôi chất lạnh gas R600A an toàn sức khỏe, bảo vệ môi trường\nLớp bảo ôn Cool Pack sử dụng Cyclopentane Foam, giữ lạnh tới 12H\nMặt trong sơn tĩnh điện, giảm bám tuyết, dễ vệ sinh\nVỏ tôn sơn tĩnh điện bền bỉ, hạn chế rỉ sét, chống ăn mòn\nTiết kiệm điện năng, vận hành êm ái', '', '', '', '', '', '', ''),
(125, 2, 'Tủ đông 1 ngăn 1 cánh SUNHOUSE SHR-F1353W1', 'Thiết kế 1 ngăn đông chuyên dụng, cấp đông tối ưu, phù hợp bảo quản thực phẩm dài ngày\nCông nghệ lạnh sâu đa chiều 360 độ giúp hơi lạnh sâu -18 độ C tỏa đều khắp bên trong tủ\nDàn lạnh đồng nguyên chất, làm lạnh nhanh, giảm thất thoát nhiệt\nMôi chất lạnh gas R600A an toàn sức khỏe, bảo vệ môi trường\nLớp bảo ôn Cool Pack sử dụng Cyclopentane Foam, giữ lạnh tới 12H\nMặt trong sơn tĩnh điện, giảm bám tuyết, dễ vệ sinh\nVỏ tôn sơn tĩnh điện bền bỉ, hạn chế rỉ sét, chống ăn mòn\nTiết kiệm điện năng, vận hành êm ái', '', '', '', '', '', '', ''),
(126, 2, 'Tủ đông 1 ngăn 1 cánh SUNHOUSE SHR-F1283W1', 'Thiết kế 1 ngăn đông chuyên dụng, cấp đông tối ưu, phù hợp bảo quản thực phẩm dài ngày\nCông nghệ lạnh sâu đa chiều 360 độ giúp hơi lạnh sâu -18 độ C tỏa đều khắp bên trong tủ\nDàn lạnh đồng nguyên chất, làm lạnh nhanh, giảm thất thoát nhiệt\nMôi chất lạnh gas R600A an toàn sức khỏe, bảo vệ môi trường\nLớp bảo ôn Cool Pack sử dụng Cyclopentane Foam, giữ lạnh tới 12H\nMặt trong sơn tĩnh điện, giảm bám tuyết, dễ vệ sinh\nVỏ tôn sơn tĩnh điện bền bỉ, hạn chế rỉ sét, chống ăn mòn\nTiết kiệm điện năng, vận hành êm ái', '', '', '', '', '', '', ''),
(127, 2, 'Tủ đông 1 ngăn 1 cánh SUNHOUSE SHR-F1233W1', 'Thiết kế 1 ngăn đông chuyên dụng, cấp đông tối ưu, phù hợp bảo quản thực phẩm dài ngày\nCông nghệ lạnh sâu đa chiều 360 độ giúp hơi lạnh sâu -18 độ C tỏa đều khắp bên trong tủ\nDàn lạnh đồng nguyên chất, làm lạnh nhanh, giảm thất thoát nhiệt\nMôi chất lạnh gas R600A an toàn sức khỏe, bảo vệ môi trường\nLớp bảo ôn Cool Pack sử dụng Cyclopentane Foam, giữ lạnh tới 12H\nMặt trong sơn tĩnh điện, giảm bám tuyết, dễ vệ sinh\nVỏ tôn sơn tĩnh điện bền bỉ, hạn chế rỉ sét, chống ăn mòn\nTiết kiệm điện năng, vận hành êm ái', '', '', '', '', '', '', ''),
(73, 2, 'Điện thoại iPhone Xs Max 64GB', '&lt;h3&gt;Ho&amp;agrave;n to&amp;agrave;n xứng đ&amp;aacute;ng với những g&amp;igrave; được mong chờ, phi&amp;ecirc;n bản cao cấp nhất IPhone Xs Max&amp;nbsp;của Apple năm nay nổi bật với chip A12 Bionic mạnh mẽ, m&amp;agrave;n h&amp;igrave;nh rộng đến 6.5 inch, c&amp;ugrave;ng camera k&amp;eacute;p tr&amp;iacute; tuệ nh&amp;acirc;n tạo v&amp;agrave; Face ID được n&amp;acirc;ng cấp.&lt;/h3&gt;', '', '', '', '', '', '', ''),
(74, 2, 'Điện thoại Samsung Galaxy Note 8', '&lt;h2&gt;Galaxy Note 8 l&amp;agrave; niềm hy vọng vực lại d&amp;ograve;ng Note danh tiếng của điện thoại SamSung&amp;nbsp;với diện mạo nam t&amp;iacute;nh, sang trọng. M&amp;aacute;y trang bị camera k&amp;eacute;p x&amp;oacute;a ph&amp;ocirc;ng thời thượng, m&amp;agrave;n h&amp;igrave;nh c&amp;ocirc; cực&amp;nbsp;như tr&amp;ecirc;n S8 Plus, b&amp;uacute;t S Pen c&amp;ugrave;ng nhiều t&amp;iacute;nh năng mới v&amp;agrave; nhiều c&amp;ocirc;ng nghệ được ưu &amp;aacute;i.&lt;/h2&gt;', '', '', '', '', '', '', ''),
(76, 2, 'Máy tính bảng iPad Wifi 128 GB (2018)', '&lt;h2&gt;&amp;nbsp;IPad Wifi 128 GB l&amp;agrave; chiếc iPad mới được Apple ra mắt với mức gi&amp;aacute; phải chăng hơn hứa hẹn sẽ mang c&amp;aacute;c thiết bị iPad đến được với đ&amp;ocirc;ng đảo người d&amp;ugrave;ng hơn.&lt;/h2&gt;', '', 'Máy tính bảng iPad Wifi 128 GB (2018)', 'Máy tính bảng iPad Wifi 128 GB (2018)', '', '', '', ''),
(78, 2, 'Máy tính bảng iPad Mini Wifi Cellular 64GB (2019)', '&lt;h2&gt;M&amp;aacute;y t&amp;iacute;nh bảng iPad Mini Wifi Cellular 64GB (2019) đ&amp;aacute;nh dấu sự trở lại mạnh mẽ của Apple trong ph&amp;acirc;n kh&amp;uacute;c m&amp;aacute;y t&amp;iacute;nh bảng nhỏ gọn, c&amp;oacute; thể dễ d&amp;agrave;ng mang theo b&amp;ecirc;n m&amp;igrave;nh.&lt;/h2&gt;', '', 'Máy tính bảng iPad Mini Wifi Cellular 64GB (2019)', 'Máy tính bảng iPad Mini Wifi Cellular 64GB (2019)', '', '', '', ''),
(79, 2, 'Laptop Apple Macbook Air 2018 128GB (MREE2SA)', '&lt;h1&gt;Laptop Apple Macbook Air 2018 i5/8GB/128GB (MREE2SA/A)&lt;/h1&gt;', '', 'Laptop Apple Macbook Air 2018 128GB (MREE2SA)', 'Laptop Apple Macbook Air 2018 128GB (MREE2SA)', '', '', '', ''),
(80, 2, 'Laptop Asus VivoBook S510UN i5 8250U', '&lt;h1&gt;Laptop Asus VivoBook S510UN i5 8250U&lt;/h1&gt;', '', 'Laptop Asus VivoBook S510UN i5 8250U', 'Laptop Asus VivoBook S510UN i5 8250U', '', '', '', ''),
(82, 2, 'Laptop Lenovo Ideapad 530S 14IKB i7 8550U', '&lt;h1&gt;Laptop Lenovo Ideapad 530S 14IKB i7 8550U&lt;/h1&gt;', '', 'Laptop Lenovo Ideapad 530S 14IKB i7 8550U', 'Laptop Lenovo Ideapad 530S 14IKB i7 8550U', '', '', '', ''),
(100, 2, 'ĐIỆN THOẠI SAMSUNG A9 XÁCH TAY', '&lt;p&gt;Th&amp;ocirc;ng số kỹ thuật&lt;/p&gt;\r\n\r\n&lt;p&gt;M&amp;agrave;n h&amp;igrave;nh: Super AMOLED, 6.3&amp;quot;, Full HD+&lt;/p&gt;\r\n\r\n&lt;p&gt;Hệ điều h&amp;agrave;nh: Android 8.0 (Oreo)&lt;/p&gt;\r\n\r\n&lt;p&gt;Camera sau: 24 MP, 10 MP, 8 MP v&amp;agrave; 5 MP (4 camera)&lt;/p&gt;\r\n\r\n&lt;p&gt;Camera trước: 24 MP&lt;/p&gt;\r\n\r\n&lt;p&gt;CPU: Qualcomm Snapdragon 660 8 nh&amp;acirc;n&lt;/p&gt;\r\n\r\n&lt;p&gt;RAM: 6 GB&lt;/p&gt;\r\n\r\n&lt;p&gt;Bộ nhớ trong: 64 GB&lt;/p&gt;\r\n\r\n&lt;p&gt;Thẻ nhớ: MicroSD, hỗ trợ tối đa 512 GB&lt;/p&gt;', '', '', '', '', '', '', ''),
(101, 2, 'ĐIỆN THOẠI OPPO F9 XÁCH TAY CAO CẤP GIÁ RẺ 64GB', '&lt;p&gt;1. Thiết kế gọn g&amp;agrave;ng v&amp;agrave; &amp;ocirc;m tay, viền m&amp;agrave;n h&amp;igrave;nh tr&amp;agrave;n cạnh&lt;/p&gt;\r\n\r\n&lt;p&gt;2. M&amp;agrave;n h&amp;igrave;nh tr&amp;agrave;n viền, 6.3&amp;#39; inch, độ ph&amp;acirc;n giải Full HD&lt;/p&gt;\r\n\r\n&lt;p&gt;3. Cấu h&amp;igrave;nh OPPO F9 vừa đủ d&amp;ugrave;ng zalo,Facebook,youtobe&lt;/p&gt;\r\n\r\n&lt;p&gt;4. Camera selfie ấn tượng : Ch&amp;iacute;nh: 16.0MP; Phụ: 25.0MP 5. Android 8.1 c&amp;ugrave;ng ColorOS 2.5D mới mẻ, nhận diện khu&amp;ocirc;n mặt ....&lt;/p&gt;\r\n\r\n&lt;p&gt;Th&amp;ocirc;ng số cơ bản..&lt;/p&gt;', '', '', '', '', '', '', ''),
(102, 2, 'Tai nghe Gaming G-Net H7S Có Rung, Led 7 màu', '&lt;p&gt;-Tai nghe G-Net H7S l&amp;agrave; phi&amp;ecirc;n bản n&amp;acirc;ng cấp từ d&amp;ograve;ng tai nghe G-Net H7 l&amp;agrave; sản phẩm tai nghe nhận được nhiều sự y&amp;ecirc;u th&amp;iacute;ch từ c&amp;aacute;c game thủ.&lt;/p&gt;\r\n\r\n&lt;p&gt;Đặc điểm nổi bật của Tai nghe G-Net H7S -T&amp;iacute;nh năng ưu việt Tai nghe Gnet H7S Rung Led với thiết kế &amp;acirc;m thanh đỉnh cao c&amp;ugrave;ng chế độ rung theo bass cho bạn kh&amp;ocirc;ng gian nghe nhạc sống động v&amp;agrave; ch&amp;acirc;n thực hơn bao giờ hết&lt;/p&gt;\r\n\r\n&lt;p&gt;Đối với c&amp;aacute;c bản nhạc lớn tai nghe cho ra &amp;acirc;m thanh bass c&amp;ugrave;ng chế độ rung nghe cực đ&amp;atilde; tai. C&amp;aacute;c bạn cần cắm cổng usb v&amp;agrave; chạm v&amp;agrave;o n&amp;uacute;t cảm ứng b&amp;ecirc;n dưới micro để bật chế độ rung mạnh.&lt;/p&gt;\r\n\r\n&lt;p&gt;-Thiết kế độc đ&amp;aacute;o Tai nghe G-Net H7S được thiết kế c&amp;ugrave;ng kiều d&amp;aacute;ng v&amp;agrave; m&amp;agrave;u sắc c&amp;aacute; t&amp;iacute;nh đem lại sự hiện đại, mạnh mẽ rất được c&amp;aacute;c game thủ ưa chuộng Thiết kế hiện đại nhưng sử dụng v&amp;ocirc; c&amp;ugrave;ng thoải m&amp;aacute;i v&amp;agrave; đơn giản.&lt;/p&gt;\r\n\r\n&lt;p&gt;Phần ốp v&amp;agrave; gọng tai nghe đều được ốp kim loại c&amp;oacute; khả năng chống va đập rơi vỡ Thiết kế ho&amp;agrave;n hảo n&amp;agrave;y gi&amp;uacute;p bạn thoải m&amp;aacute;i sử dụng m&amp;agrave; kh&amp;ocirc;ng cần qu&amp;aacute; lo lắng khi bị va chạm.&lt;/p&gt;\r\n\r\n&lt;p&gt;Phần ốp được thiết kế bản to, &amp;ocirc;m trọn tai tạo sự thoải m&amp;aacute;i cho người đeo Chất liệu ốp tai bằng da chất lượng cao rất &amp;ecirc;m kh&amp;ocirc;ng g&amp;acirc;y đau nhức hay b&amp;iacute; tai.&lt;/p&gt;\r\n\r\n&lt;p&gt;Tai nghe G-net H7S c&amp;oacute; Micro được thiết kế nhỏ gọn chắc chắn thuận tiện cho người sử dụng.&lt;/p&gt;\r\n\r\n&lt;p&gt;Tai nghe được thiết kế n&amp;uacute;t điều chỉnh &amp;acirc;m lượng ngay ph&amp;iacute;a sau tai cho người sử dụng c&amp;oacute; thể dễ d&amp;agrave;ng kiểm so&amp;aacute;t &amp;acirc;m thanh theo &amp;yacute; muốn.&lt;/p&gt;\r\n\r\n&lt;p&gt;-Kết nối đơn giản Tai nghe G-Net H7S c&amp;oacute; thể sử dụng đa dạng tr&amp;ecirc;n c&amp;aacute;c thiết bị như M&amp;aacute;y t&amp;iacute;nh, Laptop, Điện thoại..&lt;/p&gt;', '', '', '', '', '', '', '');

-- oc_product_image PRIMARY KEY (`product_image_id`)
INSERT IGNORE INTO `oc_product_image` (`product_image_id`, `product_id`, `image`, `image_alt`, `sort_order`) VALUES
(139, 83, '/catalog/view/theme/default/image/fashion_shoeszone/products/83/image1.jpg', '', 1),
(138, 84, '/catalog/view/theme/default/image/fashion_shoeszone/products/84/thumb.jpg', '', 0),
(133, 85, '/catalog/view/theme/default/image/fashion_shoeszone/products/85/image1.jpg', '', 0),
(132, 86, '/catalog/view/theme/default/image/fashion_shoeszone/products/86/thumb.jpg', '', 1),
(131, 87, '/catalog/view/theme/default/image/fashion_shoeszone/products/87/image1.jpg', '', 0),
(117, 88, '/catalog/view/theme/default/image/fashion_shoeszone/products/88/image1.jpg', '', 0),
(118, 97, '/catalog/view/theme/default/image/fashion_shoeszone/products/97/thumb.jpg', '', 0),
(119, 98, '/catalog/view/theme/default/image/fashion_shoeszone/products/98/image2.jpg', '', 1),
(126, 99, '/catalog/view/theme/default/image/fashion_shoeszone/products/99/image1.jpg', '', 0),
(127, 103, '/catalog/view/theme/default/image/fashion_shoeszone/products/103/image1.jpg', '', 1),
(143, 105, 'https://sunhouse.com.vn/pic/thumb/large/product/sunhouse-sha88119k_0013.jpg', '', 0),
(144, 106, 'https://sunhouse.com.vn/pic/thumb/large/product/SHA88117KV_012.jpg', '', 0),
(145, 107, 'https://sunhouse.com.vn/pic/thumb/large/product/SHA8878KV_012.jpg', '', 0),
(146, 108, 'https://sunhouse.com.vn/pic/thumb/large/product/SHA8889K_012.jpg', '', 0),
(147, 109, 'https://sunhouse.com.vn/pic/thumb/large/product/may-loc-nuoc-sunhouse-sha8879k_010.jpg', '', 0),
(148, 110, 'https://sunhouse.com.vn/pic/thumb/large/product/may-loc-nuoc-gia-dinh-sunhouse-sha76211ck_02.jpg', '', 0),
(149, 111, 'https://sunhouse.com.vn/pic/thumb/large/product/sunhouse-sha8858k_0114.jpg', '', 0),
(150, 112, 'https://sunhouse.com.vn/pic/thumb/large/product/sunhouse-sha88116k_011.jpg', '', 0),
(151, 113, 'https://sunhouse.com.vn/pic/thumb/large/product/sunhouse-sha8869k_0113.jpg', '', 0),
(152, 114, 'https://sunhouse.com.vn/pic/thumb/large/product/sunhouse-sha8859k_0112.jpg', '', 0),
(153, 115, 'https://sunhouse.com.vn/pic/thumb/large/product/sunhouse-sha88118k_0116.jpg', '', 0),
(154, 116, 'https://sunhouse.com.vn/pic/thumb/large/product/sunhouse-sha88115k_011.jpg', '', 0),
(155, 117, 'https://sunhouse.com.vn/pic/thumb/large/product/sunhouse-sha8819k_0112.jpg', '', 0),
(156, 118, 'https://sunhouse.com.vn/pic/thumb/large/product/sunhouse-sha8818k_011.jpg', '', 0),
(157, 119, 'https://sunhouse.com.vn/pic/thumb/large/product/tu-dong-tu-mat-sunhouse-shr-f2572w2_002.jpg', '', 0),
(158, 120, 'https://sunhouse.com.vn/pic/thumb/large/product/tu-dong-tu-mat-sunhouse-shr-fw2_002.jpg', '', 0),
(159, 121, 'https://sunhouse.com.vn/pic/thumb/large/product/tu-dong-tu-mat-sunhouse-shr-fw2_002(1).jpg', '', 0),
(160, 122, 'https://sunhouse.com.vn/pic/thumb/large/product/tu-dong-tu-mat-sunhouse-shr-fw2_002(2).jpg', '', 0),
(161, 123, 'https://sunhouse.com.vn/pic/thumb/large/product/tu-dong-tu-mat-sunhouse-shr-f2272w2_003.jpg', '', 0),
(162, 124, 'https://sunhouse.com.vn/pic/thumb/large/product/tu-dong-tu-mat-sunhouse-shr_002(2).jpg', '', 0),
(163, 125, 'https://sunhouse.com.vn/pic/thumb/large/product/tu-dong-tu-mat-sunhouse-shr_002(1).jpg', '', 0),
(164, 126, 'https://sunhouse.com.vn/pic/thumb/large/product/tu-dong-tu-mat-sunhouse-shr_002.jpg', '', 0),
(165, 127, 'https://sunhouse.com.vn/pic/thumb/large/product/tu-dong-tu-mat-sunhouse-shr-f1233w1_002.jpg', '', 0),
(140, 82, 'https://res.cloudinary.com/novaonx2/image/upload/v1558666481/x2-8888.bestme.test/lenovo-ideapad-330s-14ikbr-i5-8250u-4gb-1tb-win10-33397-thumb-400x400.jpg', '', 0),
(142, 82, 'https://res.cloudinary.com/novaonx2/image/upload/v1558666473/x2-8888.bestme.test/asus-x407ua-i5-8250u-4gb-16gb-1tb-win10-bv485t-thumb33397-400x400.jpg', '', 2),
(141, 82, 'https://res.cloudinary.com/novaonx2/image/upload/v1558666477/x2-8888.bestme.test/asus-x507uf-i5-8250u-4gb-1tb-2gb-mx130-ej121t-thumb-1-400x400.jpg', '', 1),
(120, 100, 'https://res.cloudinary.com/novaonx2/image/upload/v1558665195/x2-8888.bestme.test/31.png', '', 0),
(121, 100, 'https://res.cloudinary.com/novaonx2/image/upload/v1558665189/x2-8888.bestme.test/30.png', '', 1),
(122, 101, 'https://res.cloudinary.com/novaonx2/image/upload/v1558665272/x2-8888.bestme.test/33.png', '', 0),
(130, 102, 'https://res.cloudinary.com/novaonx2/image/upload/v1558665494/x2-8888.bestme.test/35.png', '', 2),
(129, 102, 'https://res.cloudinary.com/novaonx2/image/upload/v1558665497/x2-8888.bestme.test/36.png', '', 1),
(128, 102, 'https://res.cloudinary.com/novaonx2/image/upload/v1558665502/x2-8888.bestme.test/37.png', '', 0);

-- oc_product_to_category PRIMARY KEY (`product_id`,`category_id`)
INSERT IGNORE INTO `oc_product_to_category` (`product_id`, `category_id`) VALUES
(105, 21),
(106, 21),
(107, 21),
(108, 21),
(109, 21),
(110, 21),
(111, 21),
(112, 21),
(113, 21),
(114, 21),
(115, 21),
(116, 21),
(117, 21),
(118, 21),
(119, 22),
(120, 22),
(121, 22),
(122, 22),
(123, 22),
(124, 22),
(125, 22),
(126, 22),
(127, 22);

-- oc_product_to_store PRIMARY KEY (`product_id`,`store_id`)
INSERT IGNORE INTO `oc_product_to_store` (`product_id`, `store_id`, `product_version_id`, `quantity`, `cost_price`) VALUES
(105, 0, 0, 8, '0.0000'),
(106, 0, 0, 10, '0.0000'),
(107, 0, 0, 10, '0.0000'),
(108, 0, 0, 10, '0.0000'),
(109, 0, 0, 10, '0.0000'),
(110, 0, 0, 10, '0.0000'),
(111, 0, 0, 10, '0.0000'),
(112, 0, 0, 10, '0.0000'),
(113, 0, 0, 10, '0.0000'),
(114, 0, 0, 10, '0.0000'),
(104, 0, 0, 10, '650000.0000'),
(115, 0, 0, 10, '0.0000'),
(116, 0, 0, 10, '0.0000'),
(117, 0, 0, 10, '0.0000'),
(118, 0, 0, 10, '0.0000'),
(119, 0, 0, 10, '0.0000'),
(120, 0, 0, 10, '0.0000'),
(121, 0, 0, 10, '0.0000'),
(122, 0, 0, 10, '0.0000'),
(123, 0, 0, 10, '0.0000'),
(124, 0, 0, 10, '0.0000'),
(125, 0, 0, 10, '0.0000'),
(126, 0, 0, 10, '0.0000'),
(127, 0, 0, 10, '0.0000');

-- oc_seo_url PRIMARY KEY (`seo_url_id`)
INSERT IGNORE INTO `oc_seo_url` (`seo_url_id`, `store_id`, `language_id`, `query`, `keyword`, `table_name`) VALUES
(2135, 0, 2, 'product_id=111', 'may-loc-nuoc-ro-8-loi-sunhouse-sha8858k', 'product'),
(2119, 0, 2, 'manufacturer_id=26', 'sunhouse', 'manufacturer'),
(2120, 0, 1, 'manufacturer_id=26', 'sunhouse', 'manufacturer'),
(2121, 0, 2, 'category_id=21', 'may-loc-nuoc', 'category'),
(2122, 0, 1, 'category_id=21', 'may-loc-nuoc', 'category'),
(2123, 0, 2, 'product_id=105', 'may-loc-nuoc-ro-10-loi-sunhouse-sha88119k', 'product'),
(2124, 0, 1, 'product_id=105', 'may-loc-nuoc-ro-10-loi-sunhouse-sha88119k', 'product'),
(2125, 0, 2, 'product_id=106', 'may-loc-nuoc-ro-khong-vo-sunhouse-10-loi-sha88117kv', 'product'),
(2126, 0, 1, 'product_id=106', 'may-loc-nuoc-ro-khong-vo-sunhouse-10-loi-sha88117kv', 'product'),
(2127, 0, 2, 'product_id=107', 'may-loc-nuoc-ro-khong-vo-sunhouse-8-loi-sha8878kv', 'product'),
(2128, 0, 1, 'product_id=107', 'may-loc-nuoc-ro-khong-vo-sunhouse-8-loi-sha8878kv', 'product'),
(2129, 0, 2, 'product_id=108', 'may-loc-nuoc-ro-9-loi-sunhouse-sha8889k', 'product'),
(2130, 0, 1, 'product_id=108', 'may-loc-nuoc-ro-9-loi-sunhouse-sha8889k', 'product'),
(2131, 0, 2, 'product_id=109', 'may-loc-nuoc-ro-9-loi-sunhouse-sha8879k', 'product'),
(2132, 0, 1, 'product_id=109', 'may-loc-nuoc-ro-9-loi-sunhouse-sha8879k', 'product'),
(2133, 0, 2, 'product_id=110', 'may-loc-nuoc-ro-nong-lanh-9-loi-sunhouse-sha76211ck', 'product'),
(2134, 0, 1, 'product_id=110', 'may-loc-nuoc-ro-nong-lanh-9-loi-sunhouse-sha76211ck', 'product'),
(2033, 0, 2, 'collection=7', 'collection-7', 'category'),
(2031, 0, 2, 'collection=5', 'collection-5', 'category'),
(2030, 0, 2, 'collection=4', 'collection-4', 'category'),
(2176, 0, 1, 'page_id=1000', 'chinh-sach-va-bao-mat', ''),
(2175, 0, 2, 'page_id=1000', 'chinh-sach-va-bao-mat', ''),
(2093, 0, 1, 'common/home', 'home', ''),
(2094, 0, 2, 'common/home', 'trang-chu', ''),
(2095, 0, 1, 'common/shop', 'products', ''),
(2096, 0, 2, 'common/shop', 'san-pham', ''),
(2097, 0, 1, 'contact/contact', 'contact', ''),
(2098, 0, 2, 'contact/contact', 'lien-he', ''),
(2099, 0, 1, 'checkout/profile', 'profile', ''),
(2100, 0, 2, 'checkout/profile', 'tai-khoan', ''),
(2101, 0, 1, 'account/login', 'login', ''),
(2102, 0, 2, 'account/login', 'dang-nhap', ''),
(2103, 0, 1, 'account/register', 'register', ''),
(2104, 0, 2, 'account/register', 'dang-ky', ''),
(2105, 0, 1, 'account/logout', 'logout', ''),
(2106, 0, 2, 'account/logout', 'dang-xuat', ''),
(2107, 0, 1, 'checkout/setting', 'setting', ''),
(2108, 0, 2, 'checkout/setting', 'cai-dat', ''),
(2109, 0, 1, 'checkout/my_orders', 'checkout-cart', ''),
(2110, 0, 2, 'checkout/my_orders', 'gio-hang', ''),
(2111, 0, 1, 'checkout/order_preview', 'payment', ''),
(2112, 0, 2, 'checkout/order_preview', 'thanh-toan', ''),
(2113, 0, 1, 'checkout/order_preview/orderSuccess', 'payment-success', ''),
(2114, 0, 2, 'checkout/order_preview/orderSuccess', 'dat-hang-thanh-cong', ''),
(2115, 0, 1, 'blog/blog', 'blog', ''),
(2116, 0, 2, 'blog/blog', 'bai-viet', ''),
(2117, 0, 2, 'product_id=104', 'bep-doi-hong-ngoai', 'product'),
(2118, 0, 1, 'product_id=104', 'bep-doi-hong-ngoai', 'product'),
(2136, 0, 1, 'product_id=111', 'may-loc-nuoc-ro-8-loi-sunhouse-sha8858k', 'product'),
(2137, 0, 2, 'product_id=112', 'may-loc-nuoc-ro-10-loi-sunhouse-sha88116k', 'product'),
(2138, 0, 1, 'product_id=112', 'may-loc-nuoc-ro-10-loi-sunhouse-sha88116k', 'product'),
(2139, 0, 2, 'product_id=113', 'may-loc-nuoc-ro-9-loi-sunhouse-sha8869k', 'product'),
(2140, 0, 1, 'product_id=113', 'may-loc-nuoc-ro-9-loi-sunhouse-sha8869k', 'product'),
(2141, 0, 2, 'product_id=114', 'may-loc-nuoc-ro-9-loi-sunhouse-sha8859k', 'product'),
(2142, 0, 1, 'product_id=114', 'may-loc-nuoc-ro-9-loi-sunhouse-sha8859k', 'product'),
(2143, 0, 2, 'product_id=115', 'may-loc-nuoc-ro-10-loi-sunhouse-sha88118k', 'product'),
(2144, 0, 1, 'product_id=115', 'may-loc-nuoc-ro-10-loi-sunhouse-sha88118k', 'product'),
(2145, 0, 2, 'product_id=116', 'may-loc-nuoc-ro-10-loi-sunhouse-sha88115k', 'product'),
(2146, 0, 1, 'product_id=116', 'may-loc-nuoc-ro-10-loi-sunhouse-sha88115k', 'product'),
(2147, 0, 2, 'product_id=117', 'may-loc-nuoc-ro-9-loi-sunhouse-sha8819k', 'product'),
(2148, 0, 1, 'product_id=117', 'may-loc-nuoc-ro-9-loi-sunhouse-sha8819k', 'product'),
(2149, 0, 2, 'product_id=118', 'may-loc-nuoc-ro-8-loi-sunhouse-sha8818k', 'product'),
(2150, 0, 1, 'product_id=118', 'may-loc-nuoc-ro-8-loi-sunhouse-sha8818k', 'product'),
(2151, 0, 2, 'category_id=22', 'tu-dong', 'category'),
(2152, 0, 1, 'category_id=22', 'tu-dong', 'category'),
(2153, 0, 2, 'product_id=119', 'tu-dong-2-ngan-2-canh-sunhouse-shr-f2572w2', 'product'),
(2154, 0, 1, 'product_id=119', 'tu-dong-2-ngan-2-canh-sunhouse-shr-f2572w2', 'product'),
(2155, 0, 2, 'product_id=120', 'tu-dong-2-ngan-2-canh-sunhouse-shr-f2472w2', 'product'),
(2156, 0, 1, 'product_id=120', 'tu-dong-2-ngan-2-canh-sunhouse-shr-f2472w2', 'product'),
(2157, 0, 2, 'product_id=121', 'tu-dong-2-ngan-2-canh-sunhouse-shr-f2412w2', 'product'),
(2158, 0, 1, 'product_id=121', 'tu-dong-2-ngan-2-canh-sunhouse-shr-f2412w2', 'product'),
(2159, 0, 2, 'product_id=122', 'tu-dong-2-ngan-2-canh-sunhouse-shr-f2362w2', 'product'),
(2160, 0, 1, 'product_id=122', 'tu-dong-2-ngan-2-canh-sunhouse-shr-f2362w2', 'product'),
(2161, 0, 2, 'product_id=123', 'tu-dong-2-ngan-2-canh-sunhouse-shr-f2272w2', 'product'),
(2162, 0, 1, 'product_id=123', 'tu-dong-2-ngan-2-canh-sunhouse-shr-f2272w2', 'product'),
(2163, 0, 2, 'product_id=124', 'tu-dong-1-ngan-1-canh-sunhouse-shr-f1433w1', 'product'),
(2164, 0, 1, 'product_id=124', 'tu-dong-1-ngan-1-canh-sunhouse-shr-f1433w1', 'product'),
(2165, 0, 2, 'product_id=125', 'tu-dong-1-ngan-1-canh-sunhouse-shr-f1353w1', 'product'),
(2166, 0, 1, 'product_id=125', 'tu-dong-1-ngan-1-canh-sunhouse-shr-f1353w1', 'product'),
(2167, 0, 2, 'product_id=126', 'tu-dong-1-ngan-1-canh-sunhouse-shr-f1283w1', 'product'),
(2168, 0, 1, 'product_id=126', 'tu-dong-1-ngan-1-canh-sunhouse-shr-f1283w1', 'product'),
(2169, 0, 2, 'product_id=127', 'tu-dong-1-ngan-1-canh-sunhouse-shr-f1233w1', 'product'),
(2170, 0, 1, 'product_id=127', 'tu-dong-1-ngan-1-canh-sunhouse-shr-f1233w1', 'product'),
(2179, 0, 1, 'menu_id=10', 'menu-san-pham', ''),
(2180, 0, 2, 'menu_id=12', 'menu-bo-suu-tap', ''),
(2181, 0, 1, 'menu_id=12', 'menu-bo-suu-tap', ''),
(2182, 0, 2, 'blog=4', 'chong-covid', 'blog'),
(2178, 0, 2, 'menu_id=10', 'menu-san-pham', ''),
(2177, 0, 2, 'blog=3', '10-ngay-uu-dai-cung-thu-do-quotcuu-nuocquot', 'blog'),
(2171, 0, 2, 'blog=1', 'chong-covid19', 'blog'),
(2172, 0, 2, 'blog=2', 'khuyen-mai-hot', 'blog'),
(2032, 0, 2, 'collection=6', 'collection-6', 'category');

-- oc_theme_builder_config NO PRIMARY KEY
-- remove first
DELETE FROM `oc_theme_builder_config`
WHERE `store_id` = '0'
  AND `config_theme` = 'houseware_sunhano'
  AND `code` = 'config';

-- insert
INSERT IGNORE INTO `oc_theme_builder_config` (`store_id`, `config_theme`, `code`, `key`, `config`, `date_added`, `date_modified`) VALUES
(0, 'houseware_sunhano', 'config', 'config_theme_color', '{\n    \"main\": {\n        \"main\": {\n            \"hex\": \"#2FA29A\",\n            \"visible\": 1\n        },\n        \"button\": {\n            \"hex\": \"#2FA29A\",\n            \"visible\": 1\n        }\n    }\n}', '2020-04-22 00:00:11', '2020-04-22 10:12:44'),
(0, 'houseware_sunhano', 'config', 'config_theme_text', '{\n    \"all\": {\n        \"title\": \"Font Tahoma\",\n        \"font\": \"Tahoma\",\n        \"supported-fonts\": [\n            \"Open Sans\",\n            \"IBM Plex Sans\",\n            \"Courier New\",\n            \"Roboto\",\n            \"Nunito\",\n            \"Arial\",\n            \"DejaVu Sans\",\n            \"Tahoma\",\n            \"Time News Roman\"\n        ]\n    },\n    \"heading\": {\n        \"font\": \"Tahoma\",\n        \"supported-fonts\": [\n            \"Open Sans\",\n            \"IBM Plex Sans\",\n            \"Courier New\",\n            \"Roboto\",\n            \"Nunito\",\n            \"Arial\",\n            \"DejaVu Sans\",\n            \"Tahoma\",\n            \"Time News Roman\"\n        ],\n        \"font-type\": \"regular\",\n        \"supported-font-types\": [\n            \"regular\",\n            \"bold\",\n            \"italic\"\n        ],\n        \"font-size\": 32\n    },\n    \"body\": {\n        \"font\": \"Aria\",\n        \"supported-fonts\": [\n            \"Open Sans\",\n            \"IBM Plex Sans\",\n            \"Courier New\",\n            \"Roboto\",\n            \"Nunito\",\n            \"Arial\",\n            \"DejaVu Sans\",\n            \"Tahoma\",\n            \"Time News Roman\"\n        ],\n        \"font-type\": \"regular\",\n        \"supported-font-types\": [\n            \"regular\",\n            \"bold\",\n            \"italic\"\n        ],\n        \"font-size\": 14\n    }\n}', '2020-04-22 00:00:11', '2020-04-22 10:12:44'),
(0, 'houseware_sunhano', 'config', 'config_theme_favicon', '{\n    \"image\": {\n        \"url\": \"https:\\/\\/res.cloudinary.com\\/novaonx2\\/image\\/upload\\/v1587488479\\/19470\\/logo.png\"\n    }\n}', '2020-04-22 00:00:11', '2020-04-22 10:12:44'),
(0, 'houseware_sunhano', 'config', 'config_theme_social', '{\n    \"facebook\": {\n        \"name\": \"facebook\",\n        \"text\": \"Facebook\",\n        \"url\": \"https:\\/\\/www.facebook.com\\/sunhouse.com.vn\\/\"\n    },\n    \"twitter\": {\n        \"name\": \"twitter\",\n        \"text\": \"Twitter\",\n        \"url\": \"https:\\/\\/www.twitter.com\"\n    },\n    \"instagram\": {\n        \"name\": \"instagram\",\n        \"text\": \"Instagram\",\n        \"url\": \"https:\\/\\/www.instagram.com\"\n    },\n    \"tumblr\": {\n        \"name\": \"tumblr\",\n        \"text\": \"Tumblr\",\n        \"url\": \"https:\\/\\/www.tumblr.com\"\n    },\n    \"youtube\": {\n        \"name\": \"youtube\",\n        \"text\": \"Youtube\",\n        \"url\": \"https:\\/\\/www.youtube.com\\/user\\/sunhousechanel\"\n    },\n    \"googleplus\": {\n        \"name\": \"googleplus\",\n        \"text\": \"Google Plus\",\n        \"url\": \"https:\\/\\/www.plus.google.com\"\n    }\n}', '2020-04-22 00:00:11', '2020-04-22 10:12:44'),
(0, 'houseware_sunhano', 'config', 'config_theme_override_css', '{\n    \"css\": \"\\/* override css *\\/\"\n}', '2020-04-22 00:00:11', '2020-04-22 10:12:44'),
(0, 'houseware_sunhano', 'config', 'config_theme_checkout_page', '{\n}', '2020-04-22 00:00:11', '2020-04-22 00:00:11'),
(0, 'houseware_sunhano', 'config', 'config_section_sections', '{\n    \"name\": \"Theme Config\",\n    \"version\": \"1.0\",\n    \"section\": {\n        \"header\": {\n            \"name\": \"header\",\n            \"text\": \"Header\",\n            \"visible\": 1\n        },\n        \"slide-show\": {\n            \"name\": \"slide-show\",\n            \"text\": \"Slideshow\",\n            \"visible\": 1\n        },\n        \"categories\": {\n            \"name\": \"categories\",\n            \"text\": \"Danh mục sản phẩm\",\n            \"visible\": 1\n        },\n        \"hot-deals\": {\n            \"name\": \"hot-deals\",\n            \"text\": \"Sản phẩm khuyến mại\",\n            \"visible\": 1\n        },\n        \"feature-products\": {\n            \"name\": \"feature-products\",\n            \"text\": \"Sản phẩm bán chạy\",\n            \"visible\": 1\n        },\n        \"related-products\": {\n            \"name\": \"related-products\",\n            \"text\": \"Sản phẩm xem nhiều\",\n            \"visible\": 1\n        },\n        \"new-products\": {\n            \"name\": \"new-products\",\n            \"text\": \"Sản phẩm mới\",\n            \"visible\": 1\n        },\n        \"product-detail\": {\n            \"name\": \"product-details\",\n            \"text\": \"Chi tiết sản phẩm\",\n            \"visible\": 1\n        },\n        \"banner\": {\n            \"name\": \"banner\",\n            \"text\": \"Banner\",\n            \"visible\": 1\n        },\n        \"content_customize\": {\n            \"name\": \"content-customize\",\n            \"text\": \"Nội dung tùy chỉnh\",\n            \"visible\": 1\n        },\n        \"partners\": {\n            \"name\": \"partners\",\n            \"text\": \"Đối tác\",\n            \"visible\": 1\n        },\n        \"blog\": {\n            \"name\": \"blog\",\n            \"text\": \"Blog\",\n            \"visible\": 1\n        },\n        \"footer\": {\n            \"name\": \"footer\",\n            \"text\": \"Footer\",\n            \"visible\": 1\n        }\n    }\n}', '2020-04-22 00:00:11', '2020-04-22 10:47:22'),
(0, 'houseware_sunhano', 'config', 'config_section_banner', '{\n    \"name\": \"banner\",\n    \"text\": \"Banner\",\n    \"visible\": \"1\",\n    \"display\": [\n        {\n            \"image-url\": \"https:\\/\\/res.cloudinary.com\\/novaonx2\\/image\\/upload\\/v1587635530\\/19470\\/sliderindex61.jpg\",\n            \"url\": \"#\",\n            \"description\": \"Banner 1\",\n            \"visible\": \"0\"\n        },\n        {\n            \"image-url\": \"https:\\/\\/res.cloudinary.com\\/novaonx2\\/image\\/upload\\/v1587635555\\/19470\\/sliderindex11.png\",\n            \"url\": \"#\",\n            \"description\": \"Banner 2\",\n            \"visible\": \"1\"\n        },\n        {\n            \"image-url\": \"https:\\/\\/res.cloudinary.com\\/novaonx2\\/image\\/upload\\/v1587635530\\/19470\\/sliderindex61.jpg\",\n            \"url\": \"#\",\n            \"description\": \"Banner 3\",\n            \"visible\": \"1\"\n        }\n    ]\n}', '2020-04-22 00:00:11', '2020-04-23 16:53:56'),
(0, 'houseware_sunhano', 'config', 'config_section_best_sales_product', '{\n    \"name\": \"feature-product\",\n    \"text\": \"Sản phẩm bán chạy\",\n    \"visible\": \"1\",\n    \"setting\": {\n        \"title\": \"Sản phẩm bán chạy\",\n        \"sub_title\": \"Mô tả tiêu đề\",\n        \"auto_retrieve_data\": \"0\",\n        \"collection_id\": \"6\"\n    },\n    \"display\": {\n        \"grid\": {\n            \"quantity\": \"4\"\n        },\n        \"grid_mobile\": {\n            \"quantity\": \"2\"\n        }\n    }\n}', '2020-04-22 00:00:11', '2020-04-23 18:07:16'),
(0, 'houseware_sunhano', 'config', 'config_section_new_product', '{\n    \"name\": \"new-product\",\n    \"text\": \"Sản phẩm mới\",\n    \"visible\": 1,\n    \"setting\": {\n        \"title\": \"Sản phẩm mới\",\n        \"sub_title\" : \"Mô tả tiêu đề\",\n        \"auto_retrieve_data\": 1,\n        \"collection_id\": 1\n    },\n    \"display\": {\n        \"grid\": {\n            \"quantity\": 4\n        },\n        \"grid_mobile\": {\n            \"quantity\": 2\n        }\n    }\n}', '2020-04-22 00:00:11', '2020-04-22 00:00:11'),
(0, 'houseware_sunhano', 'config', 'config_section_best_views_product', '{\n    \"name\": \"related-product\",\n    \"text\": \"Sản phẩm xem nhiều\",\n    \"visible\": 1,\n    \"setting\": {\n        \"title\": \"Sản phẩm xem nhiều\"\n    },\n    \"display\": {\n        \"grid\": {\n            \"quantity\": 10\n        },\n        \"grid_mobile\": {\n            \"quantity\": 2\n        }\n    }\n}', '2020-04-22 00:00:11', '2020-04-22 00:00:11'),
(0, 'houseware_sunhano', 'config', 'config_section_blog', '{\n    \"name\": \"blog\",\n    \"text\": \"Blog\",\n    \"visible\": 1,\n    \"setting\": {\n        \"title\": \"Blog\"\n    },\n    \"display\": {\n        \"menu\": [\n            {\n                \"type\": \"existing\",\n                \"menu\": {\n                    \"id\": 12,\n                    \"name\": \"Danh sách bài viết 1\"\n                }\n            },\n            {\n                \"type\": \"manual\",\n                \"entries\": [\n                    {\n                        \"id\": 10,\n                        \"name\": \"Entry 10\"\n                    },\n                    {\n                        \"id\": 11,\n                        \"name\": \"Entry 11\"\n                    }\n                ]\n            }\n        ],\n        \"grid\": {\n            \"quantity\": 10\n        }\n    }\n}', '2020-04-22 00:00:11', '2020-04-22 00:00:11'),
(0, 'houseware_sunhano', 'config', 'config_section_detail_product', '{\n    \"name\": \"product-detail\",\n    \"text\": \"Chi tiết sản phẩm\",\n    \"visible\": 1,\n    \"display\": {\n        \"name\": true,\n        \"description\": false,\n        \"price\": true,\n        \"price-compare\": false,\n        \"status\": false,\n        \"sale\": false,\n        \"rate\": false\n    }\n}', '2020-04-22 00:00:11', '2020-04-22 00:00:11'),
(0, 'houseware_sunhano', 'config', 'config_section_footer', '{\n    \"name\": \"footer\",\n    \"text\": \"Footer\",\n    \"visible\": \"1\",\n    \"contact\": {\n        \"title\": \"Liên hệ chúng tôi\",\n        \"address\": \"Tầng 12, tòa nhà Richy Tower, Số 35 Mạc Thái Tổ, Yên Hòa, Cầu Giấy, Hà Nội\",\n        \"phone-number\": \"1800 6680\",\n        \"email\": \"info@sunhouse.com.vn\",\n        \"visible\": \"1\"\n    },\n    \"collection\": {\n        \"title\": \"Bộ sưu tập\",\n        \"menu_id\": 12,\n        \"visible\": \"1\"\n    },\n    \"quick-links\": {\n        \"title\": \"Liên kết nhanh\",\n        \"menu_id\": 10,\n        \"visible\": \"1\"\n    },\n    \"subscribe\": {\n        \"title\": \"Đăng ký theo dõi\",\n        \"social_network\": \"1\",\n        \"visible\": \"1\",\n        \"youtube_visible\": \"1\",\n        \"facebook_visible\": \"1\",\n        \"instagram_visible\": \"1\"\n    }\n}', '2020-04-22 00:00:11', '2020-04-23 18:49:32'),
(0, 'houseware_sunhano', 'config', 'config_section_header', '{\n    \"name\": \"header\",\n    \"text\": \"Header\",\n    \"visible\": \"1\",\n    \"notify-bar\": {\n        \"name\": \"Thanh thông báo\",\n        \"visible\": \"1\",\n        \"content\": \"Mua sắm online thuận tiện và dễ dàng\",\n        \"url\": \"#\"\n    },\n    \"logo\": {\n        \"name\": \"Logo\",\n        \"url\": \"https:\\/\\/res.cloudinary.com\\/novaonx2\\/image\\/upload\\/v1587488479\\/19470\\/logo.png\",\n        \"height\": \"\"\n    },\n    \"menu\": {\n        \"name\": \"Menu\",\n        \"display-list\": {\n            \"name\": \"Menu chính\",\n            \"id\": \"1\"\n        }\n    }\n}', '2020-04-22 00:00:11', '2020-04-22 00:02:48'),
(0, 'houseware_sunhano', 'config', 'config_section_hot_product', '{\n    \"name\": \"hot-deals\",\n    \"text\": \"Sản phẩm khuyến mại\",\n    \"visible\": \"1\",\n    \"setting\": {\n        \"title\": \"Sản phẩm khuyến mại\",\n        \"sub_title\": \"Mô tả tiêu đề\",\n        \"auto_retrieve_data\": \"0\",\n        \"collection_id\": \"6\"\n    },\n    \"display\": {\n        \"grid\": {\n            \"quantity\": \"4\"\n        },\n        \"grid_mobile\": {\n            \"quantity\": \"2\"\n        }\n    }\n}', '2020-04-22 00:00:11', '2020-04-22 10:39:35'),
(0, 'houseware_sunhano', 'config', 'config_section_list_product', '{\n    \"name\": \"categories\",\n    \"text\": \"Danh mục sản phẩm\",\n    \"visible\": 0,\n    \"setting\": {\n        \"title\": \"Danh mục sản phẩm\"\n    },\n    \"display\": {\n        \"menu\": {\n            \"id\": 1,\n            \"name\": \"Danh mục sản phẩm 1\"\n        }\n    }\n}', '2020-04-22 00:00:11', '2020-04-22 00:00:11'),
(0, 'houseware_sunhano', 'config', 'config_section_partner', '{\n    \"name\": \"partners\",\n    \"text\": \"Đối tác\",\n    \"visible\": \"1\",\n    \"limit-per-line\": \"4\",\n    \"display\": [\n        {\n            \"image-url\": \"https:\\/\\/res.cloudinary.com\\/novaonx2\\/image\\/upload\\/v1587488479\\/19470\\/logo.png\",\n            \"url\": \"#\",\n            \"description\": \"Partner 1\",\n            \"visible\": \"1\"\n        },\n        {\n            \"image-url\": \"https:\\/\\/res.cloudinary.com\\/novaonx2\\/image\\/upload\\/v1587488479\\/19470\\/logo.png\",\n            \"url\": \"#\",\n            \"description\": \"Partner 2\",\n            \"visible\": \"1\"\n        },\n        {\n            \"image-url\": \"https:\\/\\/res.cloudinary.com\\/novaonx2\\/image\\/upload\\/v1587488479\\/19470\\/logo.png\",\n            \"url\": \"#\",\n            \"description\": \"Partner 3\",\n            \"visible\": \"1\"\n        },\n        {\n            \"image-url\": \"https:\\/\\/res.cloudinary.com\\/novaonx2\\/image\\/upload\\/v1587488479\\/19470\\/logo.png\",\n            \"url\": \"#\",\n            \"description\": \"Partner 4\",\n            \"visible\": \"1\"\n        }\n    ]\n}', '2020-04-22 00:00:11', '2020-04-23 18:03:41'),
(0, 'houseware_sunhano', 'config', 'config_section_slideshow', '{\n    \"name\": \"slide-show\",\n    \"text\": \"Slideshow\",\n    \"visible\": \"1\",\n    \"setting\": {\n        \"transition-time\": \"5\"\n    },\n    \"display\": [\n        {\n            \"image-url\": \"https:\\/\\/res.cloudinary.com\\/novaonx2\\/image\\/upload\\/v1587488621\\/19470\\/sunhouse-uu-dai-1236x500.png\",\n            \"url\": \"#\",\n            \"description\": \"slide_1\",\n            \"id\": \"34537234\"\n        },\n        {\n            \"image-url\": \"https:\\/\\/res.cloudinary.com\\/novaonx2\\/image\\/upload\\/v1587488621\\/19470\\/sunhouse-uu-dai-1236x500.png\",\n            \"url\": \"#\",\n            \"description\": \"slide_2\",\n            \"id\": \"85549348\"\n        }\n    ]\n}', '2020-04-22 00:00:11', '2020-04-23 16:46:39'),
(0, 'houseware_sunhano', 'config', 'config_section_product_groups', '{\n    \"name\": \"group products\",\n    \"text\": \"nhóm sản phẩm\",\n    \"visible\": 1,\n    \"list\": [\n        {\n            \"text\": \"Danh sách sản phẩm 1\",\n            \"visible\": \"0\",\n            \"setting\": {\n                \"title\": \"Danh sách sản phẩm 1\",\n                \"collection_id\": \"4\",\n                \"sub_title\": \"Danh sách sản phẩm 1\"\n            },\n            \"display\": {\n                \"grid\": {\n                    \"quantity\": \"6\"\n                },\n                \"grid_mobile\": {\n                    \"quantity\": 2\n                }\n            }\n        }\n    ]\n}', '2020-04-22 00:00:11', '2020-04-22 10:47:22'),
(0, 'houseware_sunhano', 'config', 'config_section_content_customize', '{\n    \"name\": \"content-customize\",\n    \"title\": \"Nội dung tuỳ chỉnh\",\n    \"display\": [\n        {\n            \"name\": \"content-1\",\n            \"title\": \"Bảo đảm chất lượng\",\n            \"type\": \"fixed\",\n            \"content\": {\n                \"icon\": \"\\/catalog\\/view\\/theme\\/default\\/image\\/favicon.ico\",\n                \"title\": \"Bảo đảm chất lượng\",\n                \"description\": \"Sản phẩm đảm bảo chất lượng\",\n                \"html\": \"\"\n            }\n        },\n        {\n            \"name\": \"content-2\",\n            \"title\": \"Miễn phí giao hàng\",\n            \"type\": \"fixed\",\n            \"content\": {\n                \"icon\": \"\\/catalog\\/view\\/theme\\/default\\/image\\/favicon.ico\",\n                \"title\": \"Miễn phí giao hàng\",\n                \"description\": \"Cho đơn hàng từ 2 triệu\",\n                \"html\": \"\"\n            }\n        },\n        {\n            \"name\": \"content-3\",\n            \"title\": \"Hỗ trợ 24\\/7\",\n            \"type\": \"fixed\",\n            \"content\": {\n                \"icon\": \"https:\\/\\/res.cloudinary.com\\/novaonx2\\/image\\/upload\\/v1587488479\\/19470\\/logo.png\",\n                \"title\": \"Hỗ trợ 24\\/7\",\n                \"description\": \"Hotline 012.345.678\",\n                \"html\": \"\"\n            }\n        },\n        {\n            \"name\": \"content-4\",\n            \"title\": \"Đổi trả hàng\",\n            \"type\": \"fixed\",\n            \"content\": {\n                \"icon\": \"\\/catalog\\/view\\/theme\\/default\\/image\\/favicon.ico\",\n                \"title\": \"Đổi trả hàng\",\n                \"description\": \"Trong vòng 7 ngày\",\n                \"html\": \"\"\n            }\n        }\n    ]\n}', '2020-04-22 00:00:11', '2020-04-22 10:19:01'),
(0, 'houseware_sunhano', 'config', 'config_section_category_sections', '{\n    \"name\": \"Theme Config\",\n    \"version\": \"1.0\",\n    \"section\": {\n        \"banner\": {\n            \"name\": \"banner\",\n            \"text\": \"Banner\",\n            \"visible\": 1\n        },\n        \"filter\": {\n            \"name\": \"filter\",\n            \"text\": \"Filter\",\n            \"visible\": 1\n        },\n        \"product_category\": {\n            \"name\": \"product_category\",\n            \"text\": \"Product Category\",\n            \"visible\": 1\n        },\n        \"product_list\": {\n            \"name\": \"product_list\",\n            \"text\": \"Product List\",\n            \"visible\": 1\n        }\n    }\n}', '2020-04-22 00:00:11', '2020-04-22 00:00:11'),
(0, 'houseware_sunhano', 'config', 'config_section_category_banner', '{\n    \"name\": \"banner\",\n    \"text\": \"Banner\",\n    \"visible\": \"1\",\n    \"display\": [\n        {\n            \"image-url\": \"https:\\/\\/res.cloudinary.com\\/novaonx2\\/image\\/upload\\/v1587488621\\/19470\\/sunhouse-uu-dai-1236x500.png\",\n            \"url\": \"#\",\n            \"description\": \"Banner 1\",\n            \"visible\": \"1\"\n        },\n        {\n            \"image-url\": \"https:\\/\\/res.cloudinary.com\\/novaonx2\\/image\\/upload\\/v1587488616\\/19470\\/anh-dai-dien-video-gioi-thieu-nganh-hang3.jpg\",\n            \"url\": \"#\",\n            \"description\": \"Banner 2\",\n            \"visible\": \"1\"\n        },\n        {\n            \"image-url\": \"https:\\/\\/res.cloudinary.com\\/novaonx2\\/image\\/upload\\/v1587488595\\/19470\\/1920x1000.jpg\",\n            \"url\": \"#\",\n            \"description\": \"Banner 3\",\n            \"visible\": \"1\"\n        }\n    ]\n}', '2020-04-22 00:00:11', '2020-04-22 00:08:41'),
(0, 'houseware_sunhano', 'config', 'config_section_category_filter', '{\n    \"name\": \"filter\",\n    \"text\": \"Bộ lọc\",\n    \"visible\": 1,\n    \"setting\": {\n        \"title\": \"Bộ lọc\"\n    },\n    \"display\": {\n        \"supplier\": {\n            \"title\": \"Nhà cung cấp\",\n            \"visible\": 1\n        },\n        \"product-type\": {\n            \"title\": \"Loại sản phẩm\",\n            \"visible\": 1\n        },\n        \"collection\": {\n            \"title\": \"Bộ sưu tập\",\n            \"visible\": 1\n        },\n        \"property\": {\n            \"title\": \"Lọc theo tt - k dung\",\n            \"visible\": 1,\n            \"prop\": [\n                \"all\",\n                \"color\",\n                \"weight\",\n                \"size\"\n            ]\n        },\n        \"product-price\": {\n            \"title\": \"Giá sản phẩm\",\n            \"visible\": 1,\n            \"range\": {\n                \"from\": 0,\n                \"to\": 100000000\n            }\n        }\n    }\n}', '2020-04-22 00:00:11', '2020-04-22 00:00:11'),
(0, 'houseware_sunhano', 'config', 'config_section_category_product_category', '{\n    \"name\": \"product-category\",\n    \"text\": \"Danh mục sản phẩm\",\n    \"visible\": 1,\n    \"setting\": {\n        \"title\": \"Danh mục sản phẩm\"\n    },\n    \"display\": {\n        \"menu\": {\n            \"id\": 1,\n            \"name\": \"Danh mục sản phẩm 1\"\n        }\n    }\n}', '2020-04-22 00:00:11', '2020-04-22 00:00:11'),
(0, 'houseware_sunhano', 'config', 'config_section_category_product_list', '{\n    \"name\": \"product-list\",\n    \"text\": \"Danh sách sản phẩm\",\n    \"visible\": 1,\n    \"setting\": {\n        \"title\": \"Danh sách sản phẩm\"\n    },\n    \"display\": {\n        \"grid\": {\n            \"quantity\": 10\n        }\n    }\n}', '2020-04-22 00:00:11', '2020-04-22 00:00:11'),
(0, 'houseware_sunhano', 'config', 'config_section_product_detail_sections', '{\n    \"name\": \"Theme Config\",\n    \"version\": \"1.0\",\n    \"section\": {\n        \"related_product\": {\n            \"name\": \"related_product\",\n            \"text\": \"Related Product\",\n            \"visible\": 1\n        },\n        \"template\": {\n            \"name\": \"template\",\n            \"text\": \"Template\",\n            \"visible\": 1\n        }\n    }\n}', '2020-04-22 00:00:11', '2020-04-22 00:00:11'),
(0, 'houseware_sunhano', 'config', 'config_section_product_detail_related_product', '{\n    \"name\": \"related-product\",\n    \"text\": \"Sản phẩm liên quan\",\n    \"visible\": \"1\",\n    \"setting\": {\n        \"title\": \"Sản phẩm liên quan\",\n        \"auto_retrieve_data\": \"1\",\n        \"collection_id\": \"1\"\n    },\n    \"display\": {\n        \"grid\": {\n            \"quantity\": \"4\"\n        }\n    }\n}', '2020-04-22 00:00:11', '2020-04-22 00:09:35'),
(0, 'houseware_sunhano', 'config', 'config_section_product_detail_template', '{\n    \"name\": \"template\",\n    \"text\": \"Giao diện\",\n    \"visible\": 1,\n    \"display\": {\n        \"template\": {\n            \"id\": 10\n        }\n    }\n}', '2020-04-22 00:00:12', '2020-04-22 00:00:12'),
(0, 'houseware_sunhano', 'config', 'config_section_blog_sections', '{\n    \"name\": \"Theme Config\",\n    \"version\": \"1.0\",\n    \"section\": {\n        \"blog_category\": {\n            \"name\": \"blog_category\",\n            \"text\": \"Blog Category\",\n            \"visible\": 1\n        },\n        \"blog_list\": {\n            \"name\": \"blog_list\",\n            \"text\": \"Blog List\",\n            \"visible\": 1\n        },\n        \"latest_blog\": {\n            \"name\": \"latest_blog\",\n            \"text\": \"Latest Blog\",\n            \"visible\": 1\n        }\n    }\n}', '2020-04-22 00:00:12', '2020-04-22 00:00:12'),
(0, 'houseware_sunhano', 'config', 'config_section_blog_blog_category', '{\n    \"name\": \"blog-category\",\n    \"text\": \"Danh mục bài viết\",\n    \"visible\": 1,\n    \"setting\": {\n        \"title\": \"Danh mục bài viết\"\n    },\n    \"display\": {\n        \"menu\": {\n            \"id\": 1,\n            \"name\": \"Danh mục bài viết 1\"\n        }\n    }\n}', '2020-04-22 00:00:12', '2020-04-22 00:00:12'),
(0, 'houseware_sunhano', 'config', 'config_section_blog_blog_list', '{\n    \"name\": \"blog-list\",\n    \"text\": \"Danh sách bài viết\",\n    \"visible\": 1,\n    \"display\": {\n        \"grid\": {\n            \"quantity\": 20\n        }\n    }\n}', '2020-04-22 00:00:12', '2020-04-22 00:00:12'),
(0, 'houseware_sunhano', 'config', 'config_section_blog_latest_blog', '{\n    \"name\": \"latest-blog\",\n    \"text\": \"Bài viết mới nhất\",\n    \"visible\": 1,\n    \"setting\": {\n        \"title\": \"Bài viết mới nhất\"\n    },\n    \"display\": {\n        \"grid\": {\n            \"quantity\": 10\n        }\n    }\n}', '2020-04-22 00:00:12', '2020-04-22 00:00:12'),
(0, 'houseware_sunhano', 'config', 'config_section_contact_sections', '{\n    \"name\": \"Theme Config\",\n    \"version\": \"1.0\",\n    \"section\": {\n        \"map\": {\n            \"name\": \"map\",\n            \"text\": \"Bản đồ\",\n            \"address\": \"&lt;iframe src=&quot;https:\\/\\/www.google.com\\/maps\\/embed?pb=!1m18!1m12!1m3!1d3724.388222081007!2d105.78838121424508!3d21.017146793552097!2m3!1f0!2f0!3f0!3m2!1i1024!2i768!4f13.1!3m3!1m2!1s0x3135ab56e01f9205%3A0xdce1e76cb2f72d93!2sRICHY%20TOWER!5e0!3m2!1svi!2s!4v1587489051936!5m2!1svi!2s&quot; width=&quot;600&quot; height=&quot;450&quot; frameborder=&quot;0&quot; style=&quot;border:0;&quot; allowfullscreen=&quot;&quot; aria-hidden=&quot;false&quot; tabindex=&quot;0&quot;&gt;&lt;\\/iframe&gt;\",\n            \"visible\": \"1\"\n        },\n        \"info\": {\n            \"name\": \"info\",\n            \"text\": \"Thông tin cửa hàng\",\n            \"email\": \"contact-us@novaon.asia\",\n            \"phone\": \"0000000000\",\n            \"address\": \"address\",\n            \"visible\": \"1\"\n        },\n        \"form\": {\n            \"name\": \"form\",\n            \"title\": \"Form liên hệ\",\n            \"email\": \"email@mail.com\",\n            \"visible\": \"1\"\n        }\n    }\n}', '2020-04-22 00:00:12', '2020-04-22 00:11:20'),
(0, 'houseware_sunhano', 'config', 'config_section_contact_map', '{   //////// CÁI NÀY KHÔNG DÙNG NỮA\n    \"name\": \"map\",\n    \"text\": \"Bản đồ\",\n    \"visible\": 1,\n    \"setting\": {\n        \"title\": \"Bản đồ\"\n    },\n    \"display\": {\n        \"address\": \"<iframe src=\\\"https://www.google.com/maps/embed?pb=!1m18!1m12!1m3!1d3724.043949938738!2d105.78184861424786!3d21.03092738599717!2m3!1f0!2f0!3f0!3m2!1i1024!2i768!4f13.1!3m3!1m2!1s0x3135ab23dbae9cef%3A0x26c5664dafc0fbd0!2sNovaon+Ads!5e0!3m2!1sen!2s!4v1544096628331\\\" width=\\\"600\\\" height=\\\"450\\\" frameborder=\\\"0\\\" style=\\\"border:0\\\" allowfullscreen></iframe>\"\n    }\n}', '2020-04-22 00:00:12', '2020-04-22 00:00:12'),
(0, 'houseware_sunhano', 'config', 'config_section_contact_contact', '{  //////// CÁI NÀY KHÔNG DÙNG NỮA\n    \"name\": \"contact\",\n    \"text\": \"Liên hệ\",\n    \"visible\": 1,\n    \"setting\": {\n        \"title\": \"Vị trí của chúng tôi\"\n    },\n    \"display\": {\n        \"store\": {\n            \"title\": \"Gian hàng\",\n            \"content\": \"Số 12 Dịch Vọng Hậu, Cầu Giấy, Hà Nội\",\n            \"visible\": 1\n        },\n        \"telephone\": {\n            \"title\": \"Điện thoại\",\n            \"content\": \"(+84) 987 654 321\",\n            \"visible\": 1\n        },\n        \"social_follow\": {\n            \"socials\": [\n                {\n                    \"name\": \"facebook\",\n                    \"text\": \"Facebook\",\n                    \"visible\": 1\n                },\n                {\n                    \"name\": \"twitter\",\n                    \"text\": \"Twitter\",\n                    \"visible\": 1\n                },\n                {\n                    \"name\": \"instagram\",\n                    \"text\": \"Instagram\",\n                    \"visible\": 1\n                },\n                {\n                    \"name\": \"tumblr\",\n                    \"text\": \"Tumblr\",\n                    \"visible\": 1\n                },\n                {\n                    \"name\": \"youtube\",\n                    \"text\": \"Youtube\",\n                    \"visible\": 1\n                },\n                {\n                    \"name\": \"googleplus\",\n                    \"text\": \"Google Plus\",\n                    \"visible\": 1\n                }\n            ],\n            \"visible\": 1\n        }\n    }\n}', '2020-04-22 00:00:12', '2020-04-22 00:00:12'),
(0, 'houseware_sunhano', 'config', 'config_section_contact_form', '{  //////// CÁI NÀY KHÔNG DÙNG NỮA\n    \"name\": \"form\",\n    \"text\": \"Biểu mẫu\",\n    \"visible\": 1,\n    \"setting\": {\n        \"title\": \"Liên hệ với chúng tôi\"\n    },\n    \"data\": {\n        \"email\": \"sale.247@xshop.com\"\n    }\n}', '2020-04-22 00:00:12', '2020-04-22 00:00:12');

-- oc_blog
INSERT IGNORE INTO `oc_blog` (`blog_id`, `author`, `status`, `demo`, `date_publish`, `date_added`, `date_modified`) VALUES
(1, 1, 1, 1, '2020-04-22 00:15:47', '2020-04-22 00:15:47', '2020-04-23 18:29:29'),
(2, 1, 1, 1, '2020-04-22 00:19:46', '2020-04-22 00:19:46', '2020-04-24 00:09:20'),
(3, 1, 1, 1, '2020-04-23 18:14:57', '2020-04-23 18:14:57', '2020-04-23 18:46:06'),
(4, 1, 1, 1, '2020-04-24 00:34:42', '2020-04-24 00:34:42', '2020-04-24 00:34:42');

-- oc_blog_category
INSERT IGNORE INTO `oc_blog_category` (`blog_category_id`, `status`, `date_added`, `date_modified`) VALUES
(1, 1, '2019-11-11 13:37:51', '2019-11-11 19:03:46');

-- oc_blog_category_description
INSERT IGNORE INTO `oc_blog_category_description` (`blog_category_id`, `language_id`, `title`, `meta_title`, `meta_description`, `alias`) VALUES
(1, 1, 'Mặc định (Uncategorized)', 'Mặc định (Uncategorized)', 'Mặc định (Uncategorized)', 'danh-muc-mac-dinh-uncategorized'),
(1, 2, 'Mặc định (Uncategorized)', 'Mặc định (Uncategorized)', 'Mặc định (Uncategorized)', 'danh-muc-mac-dinh-uncategorized');

-- oc_blog_description
INSERT IGNORE INTO `oc_blog_description` (`blog_id`, `language_id`, `title`, `content`, `short_content`, `image`, `meta_title`, `meta_description`, `alias`) VALUES
(1, 2, 'SUNHOUSE ỦNG HỘ 5 TỶ ĐỒNG HIỆN VẬT CHO &quot;CUỘC CHIẾN&quot; TOÀN DÂN CHỐNG LẠI COVID-19', '&lt;p&gt;&lt;strong&gt;&lt;em&gt;Ngày 30/03, nhằm chung tay cùng Chính phủ phòng chống dịch COVID-19, &lt;a href=&quot;https://sunhouse.com.vn/&quot; target=&quot;_blank&quot;&gt;Công ty cổ phần Tập đoàn SUNHOUSE&lt;/a&gt; phối hợp cùng Hiệp hội doanh nghiệp nhỏ và vừa thành phố Hà Nội đã trao ủng hộ các vật phẩm sinh hoạt tổng trị giá 5 tỷ đồng cho công tác phòng chống dịch COVID-19 thông qua Ủy ban Trung ương Mặt trận Tổ quốc Việt Nam.&lt;/em&gt;&lt;/strong&gt;&lt;br /&gt;\r\n&lt;br /&gt;\r\nCụ thể, Công ty cổ phần Tập đoàn SUNHOUSE ủng hộ &lt;strong&gt;1.000 &lt;a href=&quot;https://sunhouse.com.vn/may-lam-mat-khong-khi/sunhouse-shd7717&quot; target=&quot;_blank&quot;&gt;Máy làm mát không khí SUNHOUSE SHD7717&lt;/a&gt; và &lt;a href=&quot;https://sunhouse.com.vn/may-lam-mat-khong-khi/sunhouse-shd7718-key&quot; target=&quot;_blank&quot;&gt;SHD7718&lt;/a&gt;&lt;/strong&gt;&lt;a href=&quot;https://sunhouse.com.vn/may-lam-mat-khong-khi/sunhouse-shd7718-key&quot; target=&quot;_blank&quot;&gt; &lt;/a&gt;(trị giá trung bình &lt;em&gt;4.660.000 đồng/chiếc&lt;/em&gt;) và &lt;strong&gt;200 &lt;a href=&quot;https://sunhouse.com.vn/sunhouse-ung-ho-5-ty-dong-hien-vat-cho-cuoc-chien-toan-dan-chong-lai-covid-19&quot; target=&quot;_blank&quot;&gt;Nồi cơm điện 5.6L SUNHOUSE SH866&lt;/a&gt;&lt;/strong&gt;&lt;a href=&quot;https://sunhouse.com.vn/sunhouse-ung-ho-5-ty-dong-hien-vat-cho-cuoc-chien-toan-dan-chong-lai-covid-19&quot; target=&quot;_blank&quot;&gt; &lt;/a&gt;(trị giá &lt;em&gt;2.350.000 đồng/chiếc&lt;/em&gt;) - tổng giá trị &lt;em&gt;5,130 tỷ đồng&lt;/em&gt; cho các khu cách ly tập trung trên toàn quốc. Toàn bộ vật phẩm đã được trao cho UBTW MTTQ Việt Nam vào ngày 30/03/2020 để phân chia đến các khu cách ly cần thiết. Sau đó, đại diện UBTW MTTQ Việt Nam, HANOISME và đại diện SUNHOUSE sẽ trực tiếp trao tặng từng địa điểm.&lt;br /&gt;\r\n&lt;br /&gt;\r\nĐón nhận sự ủng hộ từ SUNHOUSE, Phó Chủ tịch, Tổng thư ký UBTW MTTQ Việt Nam Hầu A Lềnh đã ghi nhận sự hưởng ứng, chia sẻ, hỗ trợ kịp thời của Tập đoàn với công tác phòng chống dịch Covid-19. “&lt;em&gt;Thay mặt cho UBTW MTTQ Việt Nam, tôi hết sức cảm ơn sự ủng hộ của SUNHOUSE. Chúng tôi  đề cao sự đồng hành của doanh nghiệp cùng với Đảng, Chính phủ và Nhà nước trong công tác chống dịch và cam kết thực hiện đúng mục đích các vật phẩm ủng hộ, chuyển đến các đơn vị phù hợp và có nhu cầu cấp thiết”.&lt;/em&gt;&lt;br /&gt;\r\n&lt;br /&gt;\r\n&lt;img alt=&quot;SUNHOUSE ỦNG HỘ 5 TỶ ĐỒNG HIỆN VẬT CHO &amp;quot;CUỘC CHIẾN&amp;quot; TOÀN DÂN CHỐNG LẠI COVID-19 &quot; src=&quot;https://sunhouse.com.vn/pic/news/images/Anh%201(1).jpg&quot; /&gt;&lt;br /&gt;\r\n&lt;br /&gt;\r\n&lt;img alt=&quot;SUNHOUSE ỦNG HỘ 5 TỶ ĐỒNG HIỆN VẬT CHO &amp;quot;CUỘC CHIẾN&amp;quot; TOÀN DÂN CHỐNG LẠI COVID-19 2&quot; src=&quot;https://sunhouse.com.vn/pic/news/images/ung-ho-covid-19.jpg&quot; /&gt;&lt;br /&gt;\r\n&lt;br /&gt;\r\nTại buổi lễ trao tặng, Tổng Giám đốc Tập đoàn SUNHOUSE – ông &lt;strong&gt;Nguyễn Đại Thắng&lt;/strong&gt; cũng chia sẻ những khó khăn mà doanh nghiệp đang gặp phải trong bối cảnh kinh tế đất nước bị ảnh hưởng bởi &lt;a href=&quot;https://sunhouse.com.vn/covid-19-va-cau-chuyen-trong-nguy-co-co-cua-shark-phu&quot; target=&quot;_blank&quot;&gt;&lt;strong&gt;Covid-19&lt;/strong&gt;&lt;/a&gt;. Nguồn cung linh kiện, vật tư bị gián đoạn trong khi nguồn ra các điểm bán trong nước, hay rộng hơn là các thị trường quốc tế bị chững lại. SUNHOUSE cũng như rất nhiều doanh nghiệp khác trên cả nước lúc này, đều phải xoay xở cùng những biến động khó lường.&lt;br /&gt;\r\n&lt;br /&gt;\r\nTuy nhiên, doanh nghiệp cũng hiểu rằng, đất nước của chúng ta còn đang phải gồng mình trước một thử thách còn khó khăn hơn rất nhiều, chính là dịch viêm phổi Covid-19 gây ra. “&lt;em&gt;SUNHOUSE rất may mắn khi được hỗ trợ và đồng hành của HANOISME để có thể triển khai hoạt động ủng hộ, hỗ trợ cộng đồng lần này. Các sản phẩm được ủng hộ sẽ giúp các &lt;/em&gt;&lt;em&gt;chiến sĩ, y bác sĩ và tình nguyện viên đang công tác cũng như những người cách ly có môi trường sinh hoạt thoáng đãng, hạn chế nguy cơ lây nhiễm và giảm bớt vất vả cho công tác hậu cần”.&lt;/em&gt;&lt;br /&gt;\r\n&lt;br /&gt;\r\n&lt;img alt=&quot;SUNHOUSE ỦNG HỘ 5 TỶ ĐỒNG HIỆN VẬT CHO &amp;quot;CUỘC CHIẾN&amp;quot; TOÀN DÂN CHỐNG LẠI COVID-19 3&quot; src=&quot;https://sunhouse.com.vn/pic/news/images/Anh%203(2).jpg&quot; /&gt;&lt;/p&gt;\r\n\r\n&lt;p&gt;&lt;em&gt;Ông &lt;strong&gt;Nguyễn Đại Thắng&lt;/strong&gt; – Tổng Giám đốc Tập đoàn SUNHOUSE trả lời phỏng vấn của các cơ quan báo chí tại buổi lễ trao tặng&lt;/em&gt;&lt;/p&gt;\r\n\r\n&lt;p&gt;Về phía đơn vị đồng hành cùng SUNHOUSE, ông Mạc Quốc Anh – Phó Chủ tịch Hiệp hội Doanh nghiệp nhỏ và vừa thành phố Hà Nội cũng bày tỏ sự cảm ơn những đóng góp nhiệt tình của SUNHOUSE vào hoạt động của Hiệp hội, cũng là đóng góp chung cho đất nước. HANOISME là cầu nối tin cậy, kết nối các hoạt động của các doanh nghiệp trên địa bàn thành phố với các cơ quan quản lý nhà nước, tạo sức mạnh bền vững để phát triển và cùng nhau chung tay vì cộng đồng.&lt;br /&gt;\r\n&lt;br /&gt;\r\nTin rằng với sự đồng lòng quyết tâm của cả dân tộc, dưới sự chỉ đạo quyết liệt và tâm huyết của Ban chỉ đạo quốc gia về phòng chống dịch Covid-19, Việt Nam sẽ nhanh chóng khống chế được dịch bệnh và sớm ổn định lại cuộc sống, xã hội.&lt;br /&gt;\r\n&lt;strong&gt;Việt Nam ơi! Tự tin chiến thắng Covid-19!&lt;/strong&gt;&lt;/p&gt;', '&lt;p&gt;&lt;strong&gt;&lt;em&gt;Ngày 30/03, nhằm chung tay cùng Chính phủ phòng chống dịch COVID-19, &lt;a href=&quot;https://sunhouse.com.vn/&quot; target=&quot;_blank&quot;&gt;Công ty cổ phần Tập đoàn SUNHOUSE&lt;/a&gt; phối hợp cùng Hiệp hội doanh nghiệp nhỏ và vừa thành phố Hà Nội đã trao ủng hộ các vật phẩm sinh hoạt tổng trị giá 5 tỷ đồng cho công tác phòng chống dịch COVID-19 thông qua Ủy ban Trung ương Mặt trận Tổ quốc Việt Nam.&lt;/em&gt;&lt;/strong&gt;&lt;/p&gt;', 'https://res.cloudinary.com/novaonx2/image/upload/v1587640964/19470/untitled-2.jpg', 'TOÀN DÂN CHỐNG LẠI COVID19', 'SUNHOUSE ỦNG HỘ 5 TỶ ĐỒNG HIỆN VẬT CHO &quot;CUỘC CHIẾN&quot; TOÀN DÂN CHỐNG LẠI COVID-19', 'chong-covid19'),
(2, 2, 'CHÍNH SÁCH HẬU MÃI HÀNG ĐẦU', '&lt;p&gt;&lt;em&gt;*Áp dụng cho tất cả sản phẩm điều hòa SUNHOUSE&lt;/em&gt;&lt;br /&gt;\r\n                 &lt;br /&gt;\r\nĐằng sau mỗi hành trình hướng tới đỉnh cao không chỉ có nỗ lực bền bỉ mà luôn cần những người đồng hành thầm lặng.&lt;br /&gt;\r\nĐỉnh cao mà SUNHOUSE hướng đến là chăm sóc tốt nhất cho mỗi khách hàng, để đồng hành cùng bạn chinh phục hành trình của riêng mình.&lt;/p&gt;\r\n\r\n&lt;p&gt;&lt;strong&gt;QUYỀN LỢI&lt;/strong&gt;&lt;/p&gt;\r\n\r\n&lt;p&gt;Khi mua điều hòa SUNHOUSE bất kỳ, bạn sẽ được hưởng chính sách Hậu Mãi Hàng Đầu bao gồm &lt;strong&gt;Miễn phí 1 đổi 1 và bảo dưỡng&lt;/strong&gt; trong vòng 2 năm.&lt;br /&gt;\r\nThời gian áp dụng &lt;strong&gt;Miễn phí bảo dưỡng: 1/4/2020&lt;/strong&gt; đến hết ngày &lt;strong&gt;31/12/2020&lt;/strong&gt;&lt;br /&gt;\r\nĐiều kiện áp dụng &lt;strong&gt;Miễn phí bảo dưỡng&lt;/strong&gt;: Chương trình áp dụng cho &lt;strong&gt;20.000&lt;/strong&gt; khách hàng đầu tiên kích hoạt bảo hành trên sản phẩm điều hòa SUNHOUSE.&lt;br /&gt;\r\n&lt;img alt=&quot;CHÍNH SÁCH HẬU MÃI HÀNG ĐẦU 1&quot; src=&quot;https://sunhouse.com.vn/pic/news/images/image-20200408134335-1.jpeg&quot; /&gt;&lt;/p&gt;\r\n\r\n&lt;p&gt;&lt;br /&gt;\r\n&lt;strong&gt;THỜI HẠN HẬU MÃI HÀNG ĐẦU&lt;/strong&gt;&lt;/p&gt;\r\n\r\n&lt;p&gt;Chương trình có hiệu lực sau 01 ngày, kể từ ngày sản phẩm được kích hoạt bảo hành hãng.&lt;br /&gt;\r\nChương trình có thời hạn trong vòng 02 năm, kể từ ngày mua sản phẩm&lt;br /&gt;\r\n&lt;br /&gt;\r\n&lt;img alt=&quot;CHÍNH SÁCH HẬU MÃI HÀNG ĐẦU &quot; src=&quot;https://sunhouse.com.vn/pic/news/images/image-20200408134335-2.png&quot; /&gt;&lt;br /&gt;\r\n&lt;strong&gt;BẢO HÀNH 1 ĐỔI 1&lt;/strong&gt;&lt;br /&gt;\r\n&lt;em&gt;Bảo hành 1 đổi 1 trong vòng 2 năm tính từ ngày mua sản phẩm và không giới hạn và đối tượng áp dụng&lt;/em&gt;&lt;br /&gt;\r\n&lt;em&gt;Sản phẩm được áp dụng đổi mới khi gặp một  trong các danh mục lỗi kỹ thuật sau:&lt;/em&gt;&lt;/p&gt;\r\n\r\n&lt;table border=&quot;1&quot; cellspacing=&quot;0&quot;&gt;\r\n	&lt;tbody&gt;\r\n		&lt;tr&gt;\r\n			&lt;td&gt;&lt;strong&gt;STT&lt;/strong&gt;&lt;/td&gt;\r\n			&lt;td&gt;&lt;strong&gt;Danh mục lỗi được đổi mới&lt;/strong&gt;&lt;/td&gt;\r\n		&lt;/tr&gt;\r\n		&lt;tr&gt;\r\n			&lt;td&gt;1&lt;/td&gt;\r\n			&lt;td&gt;Sản phẩm lỗi kỹ thuật quá 03 lần/tháng&lt;br /&gt;\r\n			Sản phẩm bị lỗi kỹ thuật phải thu hồi theo quyết định của Nhà xản xuất/Công ty&lt;/td&gt;\r\n		&lt;/tr&gt;\r\n		&lt;tr&gt;\r\n			&lt;td&gt;2&lt;/td&gt;\r\n			&lt;td&gt;\r\n			&lt;p&gt;Lỗi kỹ thuật, lỗi chức năng phải sửa chữa phức tạp:&lt;/p&gt;\r\n\r\n			&lt;ul&gt;\r\n				&lt;li&gt;Máy chết Block mà không xác định được nguyên nhân (Cháy, kẹt…)&lt;/li&gt;\r\n				&lt;li&gt;Hỏng/chết/ cháy bo mạch chủ/ Main board&lt;/li&gt;\r\n				&lt;li&gt;Thay dàn nóng, lạnh&lt;/li&gt;\r\n				&lt;li&gt;Máy chết động cơ, dàn nóng, lạnh (Do cháy, chập)&lt;/li&gt;\r\n				&lt;li&gt;Lỗi (Chập chờn, loạn…) bo mạch chính&lt;/li&gt;\r\n			&lt;/ul&gt;\r\n			&lt;/td&gt;\r\n		&lt;/tr&gt;\r\n	&lt;/tbody&gt;\r\n&lt;/table&gt;\r\n\r\n&lt;p&gt;&lt;br /&gt;\r\n&lt;strong&gt;BẢO DƯỠNG MIỄN PHÍ&lt;/strong&gt;&lt;/p&gt;\r\n\r\n&lt;p&gt;Số lần bảo dưỡng: 1 lần&lt;br /&gt;\r\nPhạm vi bảo dưỡng:&lt;/p&gt;\r\n\r\n&lt;ul&gt;\r\n	&lt;li&gt;Kiểm tra máy&lt;/li&gt;\r\n	&lt;li&gt;Vệ sinh lưới lọc&lt;/li&gt;\r\n	&lt;li&gt;Vệ sinh dàn lạnh&lt;/li&gt;\r\n	&lt;li&gt;Rửa lưới tản nhiệt dàn nóng&lt;/li&gt;\r\n	&lt;li&gt;Kiểm tra các đầu nối&lt;/li&gt;\r\n	&lt;li&gt;Kiểm tra đường ống gas&lt;/li&gt;\r\n	&lt;li&gt;Kiểm tra gas&lt;/li&gt;\r\n&lt;/ul&gt;\r\n\r\n&lt;p&gt;Lưu ý: Khách hàng sẽ tự trả chi phí cho các hạng mục ngoài phạm vi bảo dưỡng trên.&lt;/p&gt;\r\n\r\n&lt;p&gt;&lt;br /&gt;\r\n&lt;strong&gt;KÍCH HOẠT BẢO HÀNH ONLINE&lt;/strong&gt;&lt;br /&gt;\r\n &lt;/p&gt;\r\n\r\n&lt;p&gt;&lt;em&gt;Lưu ý: Hệ thống bảo hành điện tử SUNHOUSE được kích hoạt qua ứng dụng SUNHOUSE Partner.&lt;/em&gt;&lt;br /&gt;\r\n&lt;em&gt;Để cài đặt ứng dụng, khách hàng cần sử dụng smartphone hệ điều hành Android/ iOS có kết nối Internet.&lt;/em&gt;&lt;br /&gt;\r\n&lt;em&gt;Người tiêu dùng có thể kích hoạt trực tiếp, không cần đăng kí/ đăng nhập tài khoản vào ứng dụng.&lt;/em&gt;&lt;br /&gt;\r\n&lt;br /&gt;\r\n&lt;strong&gt;Bước 1: Tải ứng dụng&lt;/strong&gt;&lt;br /&gt;\r\nTruy cập kho ứng dụng App Store hoặc Google Play, gõ tìm kiếm “SUNHOUSE Partner” và cài đặt ứng dụng SUNHOUSE Partner về máy.&lt;br /&gt;\r\n&lt;strong&gt;Bước 2: Kích hoạt bảo hành&lt;/strong&gt;&lt;br /&gt;\r\nTrên màn hình chính, bỏ qua mục “Đăng nhập”, chọn “Kích hoạt bảo hành” ở cuối màn hình.&lt;br /&gt;\r\n- Trên thanh tìm kiếm: Nhập số Serial sản phẩm hoặc sử dụng chế độ quét Barcode bằng cách nhấn vào biểu tượng Barcode  . Sau khi nhập đúng số Serial hoặc Quét thành công Barcode, ứng dụng hiển thị Pop-up thông tin sản phẩm. Chọn “Xác nhận” để tiếp tục.&lt;br /&gt;\r\n- Nhập thông tin khách hàng theo hướng dẫn.&lt;br /&gt;\r\n- Chọn “Kích hoạt” để hoàn thành. Sau đó, màn hình hiện ra thông báo “Kích hoạt bảo hành thành công”.&lt;br /&gt;\r\nGhi chú: Khách hàng có thể lập tài khoản, đăng nhập và kích hoạt bảo hành. Tuy nhiên, với tài khoản người tiêu dùng, khách hàng chỉ có thể truy cập 2 mục là “Kích hoạt” và “Lịch sử kích hoạt”, không thể truy cập các mục còn lại.&lt;/p&gt;\r\n\r\n&lt;p&gt;&lt;br /&gt;\r\n&lt;strong&gt;HOTLINE LIÊN HỆ &lt;a href=&quot;tel:18006680&quot;&gt;1800 6680&lt;/a&gt;&lt;/strong&gt;&lt;/p&gt;\r\n\r\n&lt;p&gt;&lt;br /&gt;\r\nTổng đài Happy Call 24/7 không chỉ sẵn sàng lắng nghe và hỗ trợ giải quyết vấn đề của quý khách, mà đây còn là cầu nối để SUNHOUSE phục vụ khách hàng tốt hơn, xứng đáng với chính sách Hậu Mãi Hàng Đầu.&lt;br /&gt;\r\n&lt;img alt=&quot;CHÍNH SÁCH HẬU MÃI HÀNG ĐẦU 3&quot; src=&quot;https://sunhouse.com.vn/pic/news/images/image-20200408134335-3.png&quot; /&gt;&lt;/p&gt;', '&lt;p&gt;Đằng sau mỗi hành trình hướng tới đỉnh cao không chỉ có nỗ lực bền bỉ mà luôn cần những người đồng hành thầm lặng.&lt;br /&gt;\r\nĐỉnh cao mà SUNHOUSE hướng đến là chăm sóc tốt nhất cho mỗi khách hàng, để đồng hành cùng bạn chinh phục hành trình của riêng mình.&lt;/p&gt;', 'https://res.cloudinary.com/novaonx2/image/upload/v1587489558/19470/image-20200408134335-1.jpg', 'CHÍNH SÁCH HẬU MÃI HÀNG ĐẦU', 'CHÍNH SÁCH HẬU MÃI HÀNG ĐẦU', 'khuyen-mai-hot'),
(4, 2, 'CÙNG SUNHOUSE CHỦ ĐỘNG PHÒNG CHỐNG COVID19', '&lt;p style=&quot;text-align:justify; margin-bottom:11px&quot;&gt;&lt;span style=&quot;font-size:14pt&quot;&gt;&lt;span style=&quot;background:#f6f6f6&quot;&gt;&lt;span style=&quot;line-height:normal&quot;&gt;&lt;span style=&quot;font-family:&amp;quot;Times New Roman&amp;quot;,serif&quot;&gt;&lt;b&gt;&lt;span style=&quot;font-size:18.0pt&quot;&gt;&lt;span style=&quot;color:black&quot;&gt;Để bảo vệ sức khỏe bản thân và những người xung quanh, hãy cùng &lt;a href=&quot;https://sunhouse.com.vn/&quot; target=&quot;_blank&quot;&gt;&lt;span style=&quot;color:#0d7182&quot;&gt;&lt;span style=&quot;text-decoration:none&quot;&gt;&lt;span style=&quot;text-underline:none&quot;&gt;SUNHOUSE &lt;/span&gt;&lt;/span&gt;&lt;/span&gt;&lt;/a&gt;chủ động phòng tránh bằng cách:&lt;/span&gt;&lt;/span&gt;&lt;/b&gt;&lt;/span&gt;&lt;/span&gt;&lt;/span&gt;&lt;/span&gt;&lt;/p&gt;\r\n\r\n&lt;p style=&quot;text-align:justify; margin-bottom:11px&quot;&gt;&lt;span style=&quot;font-size:14pt&quot;&gt;&lt;span style=&quot;background:#f6f6f6&quot;&gt;&lt;span style=&quot;line-height:normal&quot;&gt;&lt;span style=&quot;font-family:&amp;quot;Times New Roman&amp;quot;,serif&quot;&gt;&lt;i&gt;&lt;span style=&quot;font-size:11.5pt&quot;&gt;&lt;span style=&quot;color:black&quot;&gt; - Đeo khẩu trang khi tới chỗ đông người hoặc khi tiếp xúc với người có triệu chứng bệnh. Có thể sử dụng khẩu trang y tế dùng 1 lần rồi bỏ vào thùng rác. Khẩu trang cần che kín cả mũi và miêng, tuyệt đối không sờ vào khẩu trang khi đang sử dụng (nhất là mặt ngoài). Rửa tay ngay sau khi vứt bỏ khẩu trang.&lt;/span&gt;&lt;/span&gt;&lt;/i&gt;&lt;/span&gt;&lt;/span&gt;&lt;/span&gt;&lt;/span&gt;&lt;/p&gt;\r\n\r\n&lt;p style=&quot;text-align:justify; margin-bottom:11px&quot;&gt;&lt;span style=&quot;font-size:14pt&quot;&gt;&lt;span style=&quot;background:#f6f6f6&quot;&gt;&lt;span style=&quot;line-height:normal&quot;&gt;&lt;span style=&quot;font-family:&amp;quot;Times New Roman&amp;quot;,serif&quot;&gt;&lt;i&gt;&lt;span style=&quot;font-size:11.5pt&quot;&gt;&lt;span style=&quot;color:black&quot;&gt;- Tránh đi lại, du lịch nếu đang có sốt, ho hoặc khó thơ. Đến ngay cơ sở y tế khi có triệu chứng nghi ngờ. Đồng thời chia sẻ lịch trình di chuyển của bạn với nhân viên y tế.&lt;/span&gt;&lt;/span&gt;&lt;/i&gt;&lt;/span&gt;&lt;/span&gt;&lt;/span&gt;&lt;/span&gt;&lt;/p&gt;\r\n\r\n&lt;p style=&quot;text-align:justify; margin-bottom:11px&quot;&gt;&lt;span style=&quot;font-size:14pt&quot;&gt;&lt;span style=&quot;background:#f6f6f6&quot;&gt;&lt;span style=&quot;line-height:normal&quot;&gt;&lt;span style=&quot;font-family:&amp;quot;Times New Roman&amp;quot;,serif&quot;&gt;&lt;i&gt;&lt;span style=&quot;font-size:11.5pt&quot;&gt;&lt;span style=&quot;color:black&quot;&gt;- Tránh tiếp xúc với người bị sốt, ho. Thường xuyên rửa tay bằng xà phòng; tránh chạm tay vào mắt, mũi, miệng; súc họng bằng nước sát khuẩn miệng.&lt;/span&gt;&lt;/span&gt;&lt;/i&gt;&lt;/span&gt;&lt;/span&gt;&lt;/span&gt;&lt;/span&gt;&lt;/p&gt;\r\n\r\n&lt;p style=&quot;text-align:justify; margin-bottom:11px&quot;&gt;&lt;span style=&quot;font-size:14pt&quot;&gt;&lt;span style=&quot;background:#f6f6f6&quot;&gt;&lt;span style=&quot;line-height:normal&quot;&gt;&lt;span style=&quot;font-family:&amp;quot;Times New Roman&amp;quot;,serif&quot;&gt;&lt;i&gt;&lt;span style=&quot;font-size:11.5pt&quot;&gt;&lt;span style=&quot;color:black&quot;&gt;- Khi ho, hắt hơi hãy che kín miệng và mũi bằng khăn giấy hoặc tay áo. Sau khi sử dụng khăn giấy bỏ vào thùng rác rồi rửa tay.&lt;/span&gt;&lt;/span&gt;&lt;/i&gt;&lt;/span&gt;&lt;/span&gt;&lt;/span&gt;&lt;/span&gt;&lt;/p&gt;\r\n\r\n&lt;p style=&quot;text-align:justify; margin-bottom:11px&quot;&gt;&lt;span style=&quot;font-size:14pt&quot;&gt;&lt;span style=&quot;background:#f6f6f6&quot;&gt;&lt;span style=&quot;line-height:normal&quot;&gt;&lt;span style=&quot;font-family:&amp;quot;Times New Roman&amp;quot;,serif&quot;&gt;&lt;i&gt;&lt;span style=&quot;font-size:11.5pt&quot;&gt;&lt;span style=&quot;color:black&quot;&gt;- Chỉ sử dụng các loại thực phẩm đã được nấu chín.&lt;/span&gt;&lt;/span&gt;&lt;/i&gt;&lt;/span&gt;&lt;/span&gt;&lt;/span&gt;&lt;/span&gt;&lt;/p&gt;\r\n\r\n&lt;p style=&quot;text-align:justify; margin-bottom:11px&quot;&gt;&lt;span style=&quot;font-size:14pt&quot;&gt;&lt;span style=&quot;background:#f6f6f6&quot;&gt;&lt;span style=&quot;line-height:normal&quot;&gt;&lt;span style=&quot;font-family:&amp;quot;Times New Roman&amp;quot;,serif&quot;&gt;&lt;i&gt;&lt;span style=&quot;font-size:11.5pt&quot;&gt;&lt;span style=&quot;color:black&quot;&gt;- Không khạc nhổ bừa bãi nơi công cộng. Tránh tiếp xúc gần với các loại động vật nuôi hoặc hoang dã.&lt;/span&gt;&lt;/span&gt;&lt;/i&gt;&lt;/span&gt;&lt;/span&gt;&lt;/span&gt;&lt;/span&gt;&lt;/p&gt;\r\n\r\n&lt;p style=&quot;text-align:justify; margin-bottom:11px&quot;&gt;&lt;span style=&quot;font-size:14pt&quot;&gt;&lt;span style=&quot;background:#f6f6f6&quot;&gt;&lt;span style=&quot;line-height:normal&quot;&gt;&lt;span style=&quot;font-family:&amp;quot;Times New Roman&amp;quot;,serif&quot;&gt;&lt;i&gt;&lt;span style=&quot;font-size:11.5pt&quot;&gt;&lt;span style=&quot;color:black&quot;&gt;- Liên hệ số điện thoại đường dây nóng &lt;/span&gt;&lt;/span&gt;&lt;/i&gt;&lt;i&gt;&lt;span style=&quot;font-size:11.5pt&quot;&gt;&lt;span style=&quot;font-family:&amp;quot;Cambria Math&amp;quot;,&amp;quot;serif&amp;quot;&quot;&gt;&lt;span style=&quot;color:black&quot;&gt;', '&lt;p style=&quot;margin-bottom:11px&quot;&gt;&lt;span style=&quot;font-size:14pt&quot;&gt;&lt;span style=&quot;line-height:107%&quot;&gt;&lt;span style=&quot;font-family:&amp;quot;Times New Roman&amp;quot;,serif&quot;&gt;Để bảo vệ sức khỏe bản thân và những người xung quanh khỏi nguy cơ lây nhiễm Virus Corona mới (2019 – nCoV), hãy cùng Sunhouse thực hiện các biện pháp sau:&lt;/span&gt;&lt;/span&gt;&lt;/span&gt;&lt;/p&gt;', 'https://res.cloudinary.com/novaonx2/image/upload/v1587662557/19470/cung-sunhouse-chu-dong-phong-chong-nguy-co-lay-nhiem-virus-corona-moi-2019-ncov.jpg', '', '', 'chong-covid'),
(3, 2, '10 NGÀY ƯU ĐÃI CÙNG THỦ ĐÔ &quot;CỨU NƯỚC&quot;', '&lt;p&gt;&lt;img src=&quot;https://res.cloudinary.com/novaonx2/image/upload/v1587640196/19470/10-ngay-dong-hanh-sunhouse.jpg&quot; style=&quot;max-width: 100%;&quot; /&gt;&lt;/p&gt;\r\n\r\n&lt;p&gt;Nguồn nước từ sông Đà đã được cấp trở lại, thế nhưng, chất lượng vẫn chưa được khẳng định chắc chắn.&lt;/p&gt;\r\n\r\n&lt;p&gt;Đồng hành cùng người dân thủ đô giải cứu nguồn nước sinh hoạt, &lt;strong&gt;SUNHOUSE tung ra ƯU_ĐÃI_LỚN&lt;/strong&gt;, dành riêng cho người dân Hà Nội. Đó là:&lt;/p&gt;\r\n\r\n&lt;ul&gt;\r\n	&lt;li&gt;\r\n	&lt;p&gt; Tặng ngay bộ &lt;strong&gt; 3 lõi lọc thô 1, 2, 3&lt;/strong&gt;  (trong đó bao gồm lõi &lt;strong&gt;GAC từ than hoạt tính, hấp thu hiệu quả Styren&lt;/strong&gt;  có trong nước nhiễm dầu thải).&lt;/p&gt;\r\n	&lt;/li&gt;\r\n	&lt;li&gt; Dịch vụ&lt;/li&gt;\r\n&lt;/ul&gt;', '&lt;p&gt;&lt;span style=&quot;font-family:Trebuchet MS,Helvetica,sans-serif;&quot;&gt;Đồng hành cùng người dân thủ đô giải cứu nguồn nước sinh hoạt, &lt;strong&gt;SUNHOUSE&lt;/strong&gt; tung ra &lt;strong&gt;ƯU_ĐÃI_LỚN&lt;/strong&gt;, dành riêng cho...&lt;/span&gt;&lt;/p&gt;', 'https://res.cloudinary.com/novaonx2/image/upload/v1587641614/19470/untitled-1.jpg', '10 NGÀY ƯU ĐÃI CÙNG THỦ ĐÔ CỨU NƯỚC', '10 NGÀY ƯU ĐÃI CÙNG THỦ ĐÔ &quot;CỨU NƯỚC&quot;', '10-ngay-uu-dai-cung-thu-do-quotcuu-nuocquot');

-- oc_blog_to_blog_category
-- remove first
DELETE FROM `oc_blog_to_blog_category`
WHERE `blog_id` IN (1, 2, 3, 4) AND `blog_category_id` = 1;

-- insert
INSERT IGNORE INTO `oc_blog_to_blog_category` (`blog_id`, `blog_category_id`) VALUES
(1, 1),
(2, 1),
(3, 1),
(4, 1);
