-- oc_blog PRIMARY KEY (`blog_id`)
DELETE FROM `oc_blog`;
INSERT IGNORE INTO `oc_blog` (`blog_id`, `author`, `status`, `demo`, `source`, `date_publish`, `date_added`, `date_modified`) VALUES
(1, 1, 1, 1, NULL, '2020-06-10 11:51:00', '2020-06-10 11:51:00', '2021-12-06 13:37:32'),
(2, 1, 1, 1, NULL, '2020-06-10 11:55:33', '2020-06-10 11:55:33', '2021-12-02 16:57:31'),
(4, 1, 1, 1, NULL, '2021-11-08 17:34:04', '2021-11-08 17:34:04', '2021-11-26 11:13:49'),
(5, 1, 1, 1, NULL, '2021-11-08 17:35:08', '2021-11-08 17:35:08', '2021-11-26 11:14:20'),
(6, 1, 1, 1, NULL, '2021-11-08 17:35:56', '2021-11-08 17:35:56', '2021-11-26 11:14:15'),
(7, 1, 1, 1, NULL, '2021-11-08 17:37:01', '2021-11-08 17:37:01', '2021-11-26 11:28:14'),
(8, 1, 1, 1, NULL, '2021-11-08 17:37:24', '2021-11-08 17:37:24', '2021-11-26 11:14:41'),
(9, 1, 1, 1, NULL, '2021-11-08 17:38:22', '2021-11-08 17:38:22', '2021-11-26 11:26:16'),
(10, 1, 1, 1, NULL, '2021-11-08 17:41:01', '2021-11-08 17:41:01', '2021-11-24 10:43:59'),
(11, 1, 1, 1, NULL, '2021-11-08 17:41:31', '2021-11-08 17:41:31', '2021-11-24 10:42:31'),
(12, 1, 1, 1, NULL, '2021-11-08 17:42:01', '2021-11-08 17:42:01', '2021-11-24 10:51:53'),
(13, 1, 1, 1, NULL, '2021-11-08 17:43:05', '2021-11-08 17:43:05', '2021-11-24 10:39:14'),
(14, 1, 1, 1, NULL, '2021-11-08 17:43:56', '2021-11-08 17:43:56', '2021-11-24 10:35:16'),
(15, 1, 1, 1, NULL, '2021-11-08 17:44:49', '2021-11-08 17:44:49', '2021-11-24 10:33:23'),
(16, 1, 1, 1, NULL, '2021-11-24 10:58:58', '2021-11-24 10:58:58', '2021-11-24 10:58:58'),
(17, 1, 1, 1, NULL, '2021-11-24 13:57:14', '2021-11-24 13:57:14', '2021-11-24 14:00:49'),
(18, 1, 1, 1, NULL, '2021-11-24 13:59:55', '2021-11-24 13:59:55', '2021-11-24 13:59:55'),
(19, 1, 1, 1, NULL, '2021-11-24 14:02:57', '2021-11-24 14:02:57', '2021-11-24 14:02:57'),
(20, 1, 1, 1, NULL, '2021-11-24 14:05:21', '2021-11-24 14:05:21', '2021-11-24 14:05:21'),
(21, 1, 1, 1, NULL, '2021-11-26 10:56:21', '2021-11-26 10:56:21', '2021-11-26 11:41:34'),
(22, 1, 1, 1, NULL, '2021-11-26 10:57:17', '2021-11-26 10:57:17', '2021-11-26 11:42:28'),
(23, 1, 1, 1, NULL, '2021-11-26 11:15:36', '2021-11-26 11:15:36', '2021-11-26 11:42:19'),
(24, 1, 1, 1, NULL, '2021-11-26 11:30:54', '2021-11-26 11:30:54', '2021-11-26 11:41:51');

-- oc_blog_category PRIMARY KEY (`blog_category_id`)
DELETE FROM `oc_blog_category`;
INSERT IGNORE INTO `oc_blog_category` (`blog_category_id`, `status`, `source`, `date_added`, `date_modified`) VALUES
(1, 1, NULL, '2019-11-11 13:37:51', '2021-11-24 10:19:29'),
(5, 1, NULL, '2021-11-08 17:31:28', '2021-11-08 17:31:28'),
(3, 1, NULL, '2021-11-08 17:29:21', '2021-11-08 17:29:21'),
(4, 1, NULL, '2021-11-08 17:29:35', '2021-11-08 17:29:35'),
(6, 1, NULL, '2021-11-24 13:13:39', '2021-11-24 14:07:25'),
(7, 1, NULL, '2021-12-02 16:56:04', '2021-12-02 16:56:04');

-- oc_blog_category_description PRIMARY KEY (`blog_category_id`,`language_id`)
DELETE FROM `oc_blog_category_description`;
INSERT IGNORE INTO `oc_blog_category_description` (`blog_category_id`, `language_id`, `title`, `meta_title`, `meta_description`, `alias`) VALUES
(1, 1, 'Mặc định (Uncategorized)', 'Mặc định (Uncategorized)', 'Mặc định (Uncategorized)', 'danh-muc-mac-dinh-uncategorized'),
(1, 2, 'Tin tức ADG', 'Mặc định (Uncategorized)', 'Mặc định (Uncategorized)', 'danh-muc-mac-dinh-uncategorized'),
(5, 2, 'projects', '', '', 'projects'),
(3, 2, 'Tin tức Đại lý', '', '', 'tin-tuc-dai-ly'),
(4, 2, 'Khuyến mại', '', '', 'khuyen-mai'),
(6, 2, 'tin nổi bật', '', '', 'tin-noi-bat'),
(7, 2, 'giới thiệu', '', '', 'gioi-thieu');

-- oc_blog_description PRIMARY KEY (`blog_id`,`language_id`)
DELETE FROM `oc_blog_description`;
INSERT IGNORE INTO `oc_blog_description` (`blog_id`, `language_id`, `title`, `content`, `short_content`, `image`, `meta_title`, `meta_description`, `seo_keywords`, `alias`, `alt`, `type`, `video_url`, `source_author_name`) VALUES
(1, 2, 'Giới thiệu', '&lt;div class=&quot;page-content&quot; style=&quot;\r\n&quot;&gt;\r\n&lt;div class=&quot;full-width&quot; style=&quot;width:414px !important;max-width:414px !important;margin-left:-20px;position:relative&quot;&gt;\r\n&lt;div class=&quot;pb-lg-40&quot; style=&quot;background: #F4F4F4E5;&quot;&gt;\r\n&lt;div class=&quot;container&quot; style=&quot;\r\n&quot;&gt;\r\n&lt;h2 class=&quot;mb-lg-20 mb-15 text-uppercase text-center&quot; style=&quot;\r\n    padding-top: 30px;\r\n&quot;&gt;Giới thiệu về chúng tôi&lt;/h2&gt;\r\n\r\n&lt;div class=&quot;mb-lg-3 line-percent&quot;&gt;&lt;/div&gt;\r\n\r\n&lt;div class=&quot;row&quot;&gt;\r\n&lt;div class=&quot;col-lg-6&quot;&gt;\r\n&lt;p&gt;&lt;img src=&quot;https://nguyenductan.net/novaon/bestme/theme-5/img/about-1.jpg&quot; width=&quot;100%&quot;&gt;&lt;/p&gt;\r\n&lt;/div&gt;\r\n\r\n&lt;div class=&quot;col-lg-6 d-flex&quot;&gt;\r\n&lt;div class=&quot;align-self-center&quot;&gt;\r\n&lt;p class=&quot;mb-4&quot;&gt;Thành lập từ năm 2003, Tập đoàn Austdoor sở hữu các thương hiệu nổi tiếng trong ngành cửa và vật liệu xây dựng như cửa cuốn AUSTDOOR, cửa nhựa, cửa nhôm &amp;amp; vách kính SUNSPACE, cửa gỗ HUGE, trung tâm dịch vụ, bảo hành cửa cuốn AUSTCARE, Nhôm hệ &amp;amp; phụ kiện TOPAL. Là đơn vị tiên phong du nhập loại cửa cuốn thông mình từ Australia, mở ra một trang mới trong lĩnh vực sản xuất &amp;amp; cung cấp cửa cuốn, đến nay Tập đoàn Austdoor đang là đơn vị dẫn đầu trong lĩnh vực cung cấp các giải pháp tổng thể về cửa tại thị trường Việt Nam. Với thương hiệu TOPAL, Austdoor hứa hẹn sẽ tạo nên những chuẩn mực giá trị khác biệt mới trong ngành vật liệu xây dựng nói chung và ngành sản xuất cửa nhôm nói riêng.&lt;/p&gt;\r\n&lt;/div&gt;\r\n&lt;/div&gt;\r\n&lt;/div&gt;\r\n&lt;/div&gt;\r\n&lt;!-- End container --&gt;&lt;/div&gt;\r\n&lt;/div&gt;\r\n&lt;!-- End full-width --&gt;\r\n\r\n&lt;section class=&quot;py-50&quot; style=&quot;\r\n    padding-top: 0 !important;\r\n&quot;&gt;\r\n&lt;div class=&quot;row pt-lg-15&quot;&gt;\r\n&lt;div class=&quot;col-lg-6 d-flex flex-column justify-content-center&quot;&gt;\r\n&lt;h2 class=&quot;mb-lg-20 mb-15 text-uppercase text-center&quot; style=&quot;\r\n    padding-top: 30px;\r\n&quot;&gt;TẦM NHÌN&lt;/h2&gt;\r\n\r\n&lt;div class=&quot;mb-lg-3 line-percent&quot;&gt;&lt;/div&gt;\r\n&lt;p&quot;&gt;Là thành viên của Tập đoàn Austdoor, với sự đầu tư bài bản, Nhôm Topal đặt mục tiêu trở thành nhà sản xuất nhôm hàng đầu Việt Nam, đem đến những chuẩn mực mới trong ngành nhôm xây dựng. &lt;/p&quot;&gt;&lt;/div&gt;\r\n\r\n&lt;div class=&quot;col-lg-3 col-6&quot;&gt;\r\n&lt;p&gt;&lt;img src=&quot;https://nguyenductan.net/novaon/bestme/theme-5/img/about-2.jpg&quot; width=&quot;100%&quot;&gt;&lt;/p&gt;\r\n&lt;/div&gt;\r\n\r\n&lt;div class=&quot;col-lg-3 col-6&quot;&gt;\r\n&lt;p&gt;&lt;img src=&quot;https://nguyenductan.net/novaon/bestme/theme-5/img/about-3.jpg&quot; width=&quot;100%&quot;&gt;&lt;/p&gt;\r\n&lt;/div&gt;\r\n&lt;/div&gt;\r\n&lt;/section&gt;\r\n\r\n&lt;div class=&quot;full-width&quot; style=&quot;width:414px !important;max-width:414px !important;margin-left:-20px;position:relative&quot;&gt;\r\n&lt;div class=&quot;pt-lg-50 pt-30 pb-lg-40&quot; style=&quot;background: url(https://nguyenductan.net/novaon/bestme/theme-5/img/about-bg-2.png) no-repeat center/cover fixed;&quot;&gt;\r\n&lt;div class=&quot;container py-lg-20&quot;&gt;\r\n&lt;div class=&quot;row&quot;&gt;\r\n&lt;div class=&quot;col-lg-6 col-12&quot;&gt;\r\n&lt;p&gt;&lt;img src=&quot;https://nguyenductan.net/novaon/bestme/theme-5/img/about-4.jpg&quot; width=&quot;100%&quot;&gt;&lt;/p&gt;\r\n&lt;/div&gt;\r\n\r\n&lt;div class=&quot;col-lg-6 d-flex flex-column justify-content-center&quot;&gt;\r\n&lt;h2 class=&quot;mb-lg-20 mb-15 text-uppercase text-center&quot;&gt;SỨ MỆNH&lt;/h2&gt;\r\n\r\n&lt;div class=&quot;mb-lg-3 line-percent&quot;&gt;&lt;/div&gt;\r\n\r\n&lt;p&gt;Đem những sản phẩm nhôm chất lượng nhất đến tay người tiêu dùng thông qua hệ thống đại lý ủy quyền chính hãng và dịch vụ khách hàng chuyên nghiệp.&lt;/p&gt;\r\n&lt;/div&gt;\r\n&lt;/div&gt;\r\n&lt;!--End row--&gt;&lt;/div&gt;\r\n&lt;/div&gt;\r\n&lt;/div&gt;\r\n\r\n&lt;section class=&quot;py-50&quot; style=&quot;\r\n    padding-bottom: 0;\r\n&quot;&gt;\r\n&lt;h2 class=&quot;mb-lg-20 mb-15 text-uppercase text-center&quot;&gt;NHÀ MÁY SẢN XUẤT&lt;/h2&gt;\r\n\r\n&lt;div class=&quot;mb-lg-3 line-percent&quot;&gt;&lt;/div&gt;\r\n\r\n&lt;div class=&quot;row mt-lg-2&quot;&gt;\r\n&lt;div class=&quot;col-12 col-lg-6 mb-3&quot;&gt;&lt;img src=&quot;https://nguyenductan.net/novaon/bestme/theme-5/img/about-5.jpg&quot; width=&quot;100%&quot;&gt;&lt;/div&gt;\r\n\r\n&lt;div class=&quot;col-12 col-lg-6 mb-3&quot;&gt;&lt;img src=&quot;https://nguyenductan.net/novaon/bestme/theme-5/img/about-6.jpg&quot; width=&quot;100%&quot;&gt;&lt;/div&gt;\r\n&lt;/div&gt;\r\n\r\n&lt;p class=&quot;mb-lg-4&quot;&gt;Với hệ thống nhà máy trải dài Bắc – Trung – Nam, trong đó có 2 nhà máy nhôm tại Hưng Yên và Nhơn Trạch được đầu tư với tổng quy mô trên 25ha, TOPAL có quy trình sản xuất tiêu chuẩn, trang thiết bị hiện đại, khả năng cung ứng hàng trăm nghìn tấn nhôm mỗi năm cho thị trường toàn quốc. Với quy mô sản xuất lớn, hiện Topal có 3 dây chuyền sơn tĩnh điện trong đó có 1 dây chuyền hoàn toàn tự động với công nghệ sơn hiện đại nhất hiện nay. Đầu năm 2021, nhôm Topal mở rộng 11,000m2 nhà xưởng cho dây chuyền Anode hiện đại cho ra đời các sản phẩm nhôm Topal chất lượng cao mang tiêu chuẩn quốc tế như JIS H8601, JIS H8602,… với 3 dòng chính là Anode phun cát, Anode mờ và phủ ED.&lt;/p&gt;\r\n&lt;/section&gt;\r\n&lt;/div&gt;', '&lt;p&gt;Là thành viên của Tập đoàn Austdoor, Nhôm Topal đặt mục tiêu trở thành nhà sản xuất nhôm quy mô, chuyên nghiệp hàng đầu Đông Nam Á. Với hệ thống nhà máy trải dài Bắc – Trung – Nam, trong đó có 2 nhà máy nhôm tại Hưng Yên và Nhơn Trạch được đầu tư với tổng quy mô trên 25ha, TOPAL có quy trình sản xuất tiêu chuẩn, trang thiết bị hiện đại, khả năng cung ứng hàng trăm nghìn tấn nhôm mỗi năm cho thị trường toàn quốc. một cách nhanh chóng, thuận tiện, giảm chi phí vận chuyển và rút ngắn thời gian giao hàng.&lt;/p&gt;', 'https://cdn.bestme.asia/images/adgtopalxfec/about-1.jpg', '', '', '', 'gioi-thieu-ve-chung-toi', '', 'image', '', NULL),
(2, 2, 'Thành tích và giải thưởng', '&lt;p&gt;Ra mắt từ năm 2017, chỉ sau 3 năm, Nhôm Topal vinh dự trở thành hãng nhôm trẻ nhất đạt danh hiệu Thương hiệu Quốc gia năm 2020.&lt;/p&gt;', '&lt;p&gt;Ra mắt từ năm 2017, chỉ sau 3 năm, Nhôm Topal vinh dự trở thành hãng nhôm trẻ nhất đạt danh hiệu Thương hiệu Quốc gia năm 2020.&lt;/p&gt;', 'https://cdn.bestme.asia/images/adgtopalxfec/banner-2.jpg', '', '', '', 'thanh-tich-va-giai-thuong', '', 'image', '', NULL),
(4, 2, 'Khu đô thị Trần Anh Riverside', '&lt;div class=&quot;container&quot;&gt;\r\n&lt;div class=&quot;project-content py-3 mb-4&quot;&gt;\r\n&lt;p&gt;&lt;img src=&quot;https://cdn.bestme.asia/images/adgtopalprima/1_AcsfwoB.png&quot; style=&quot;max-width: 100%;&quot;&gt;&lt;/p&gt;\r\n\r\n&lt;p&gt;Vừa qua, Phú Gia An vinh dự khi là đối tác trong mảng thi công lắp đặt cửa nhôm kính cho toàn bộ hệ thống khu nghỉ dưỡng Phú Minh Gia tại Nghi Xuân – Hà Tĩnh. Chúng tôi luôn tự tin mang lại sự hài lòng cho mọi khách hàng từ sản phẩm cho đến dịch vụ của mình.&lt;/p&gt;\r\n\r\n&lt;p&gt;Khu nghỉ dưỡng Phú Minh Gia tại Nghi Xuân – Hà Tĩnh vừa chính thức đi vào hoạt động những ngày qua, đây chính là một trong những đối tác quan trọng mà Phú Gia An hợp tác trong hạng mục thi công lắp đặt cửa nhôm kính. Toàn bộ hệ thống khu nghỉ dưỡng đều sử dụng các sản phẩm cửa nhôm kính do Phú Gia An cung cấp.&lt;/p&gt;\r\n\r\n&lt;p&gt;Khu nghỉ dưỡng Phú Minh Gia bao gồm 2 toà nhà chính với mật độ xây dựng cửa nhôm kính lên tới 75%. Cùng tham khảo một số hình ảnh đã hoàn thiện của công trình này dưới đây:&lt;/p&gt;\r\n\r\n&lt;div class=&quot;row&quot;&gt;\r\n&lt;div class=&quot;col-lg-6&quot;&gt;\r\n&lt;p&gt;&lt;img src=&quot;https://cdn.bestme.asia/images/adgtopalprima/2_Rk3ffU4.png&quot;&gt;&lt;/p&gt;\r\n&lt;/div&gt;\r\n\r\n&lt;div class=&quot;col&quot;&gt;\r\n&lt;p&gt;&lt;img src=&quot;https://cdn.bestme.asia/images/adgtopalprima/3_SCVHjaX.png&quot;&gt;&lt;/p&gt;\r\n&lt;/div&gt;\r\n&lt;/div&gt;\r\n\r\n&lt;p&gt;Sự hợp tác giữa Phú Gia An và khu nghỉ dưỡng Phú Minh Gia là minh chứng cho sự tin tưởng mà khách hàng đã đặt trọn cho chúng tôi. Không chỉ là đơn vị thi công lắp đặt cửa nhôm tại Nghệ An chuyên nghiệp và uy tín nhất hiện nay mà Phú Gia An còn là sự lựa chọn của rất nhiều khách hàng ở các vùng lân cận và khắp cả nước.&lt;/p&gt;\r\n\r\n&lt;p&gt;Với bề dày kinh nghiệm về sản xuất và thi công các hạng mục cửa nhôm kính, cửa cuốn, cửa nhựa lõi thép,… chất lượng cao tại khu vực Bắc Miền Trung, chúng tôi tự tin mang lại sự hài lòng cho mọi khách hàng từ chất lượng sản phẩm đến chất lượng dịch vụ.&lt;/p&gt;\r\n\r\n&lt;p class=&quot;text-center&quot;&gt;&lt;img src=&quot;https://cdn.bestme.asia/images/adgtopalprima/4_rCSW4ec.png&quot;&gt;&lt;/p&gt;\r\n\r\n&lt;p&gt;Sự hợp tác giữa Phú Gia An và khu nghỉ dưỡng Phú Minh Gia là minh chứng cho sự tin tưởng mà khách hàng đã đặt trọn cho chúng tôi. Không chỉ là đơn vị thi công lắp đặt cửa nhôm tại Nghệ An chuyên nghiệp và uy tín nhất hiện nay mà Phú Gia An còn là sự lựa chọn của rất nhiều khách hàng ở các vùng lân cận và khắp cả nước.&lt;/p&gt;\r\n\r\n&lt;p&gt;Với bề dày kinh nghiệm về sản xuất và thi công các hạng mục cửa nhôm kính, cửa cuốn, cửa nhựa lõi thép,… chất lượng cao tại khu vực Bắc Miền Trung, chúng tôi tự tin mang lại sự hài lòng cho mọi khách hàng từ chất lượng sản phẩm đến chất lượng dịch vụ.&lt;/p&gt;\r\n&lt;/div&gt;\r\n&lt;!-- End project content --&gt;&lt;/div&gt;', '&lt;p&gt;Vừa qua, Phú Gia An vinh dự khi là đối tác trong mảng thi công lắp đặt cửa nhôm kính cho toàn bộ hệ thống khu nghỉ dưỡng Phú Minh Gia tại Nghi Xuân – Hà Tĩnh. Chúng tôi luôn tự tin mang lại sự hài lòng cho mọi khách hàng từ sản phẩm cho đến dịch vụ của mình.&lt;br /&gt;\r\n&lt;br /&gt;\r\n &lt;/p&gt;', 'https://cdn.bestme.asia/images/adgtopalxfec/7.png', '', '', '', 'khu-do-thi-tran-anh-riverside', '', 'image', '', NULL),
(5, 2, 'Nhà máy Vinamilk', '&lt;div class=&quot;container&quot;&gt;\r\n&lt;div class=&quot;project-content py-3 mb-4&quot;&gt;\r\n&lt;p&gt;&lt;img src=&quot;https://cdn.bestme.asia/images/adgtopalprima/1_AcsfwoB.png&quot; style=&quot;max-width: 100%;&quot;&gt;&lt;/p&gt;\r\n\r\n&lt;p&gt;Vừa qua, Phú Gia An vinh dự khi là đối tác trong mảng thi công lắp đặt cửa nhôm kính cho toàn bộ hệ thống khu nghỉ dưỡng Phú Minh Gia tại Nghi Xuân – Hà Tĩnh. Chúng tôi luôn tự tin mang lại sự hài lòng cho mọi khách hàng từ sản phẩm cho đến dịch vụ của mình.&lt;/p&gt;\r\n\r\n&lt;p&gt;Khu nghỉ dưỡng Phú Minh Gia tại Nghi Xuân – Hà Tĩnh vừa chính thức đi vào hoạt động những ngày qua, đây chính là một trong những đối tác quan trọng mà Phú Gia An hợp tác trong hạng mục thi công lắp đặt cửa nhôm kính. Toàn bộ hệ thống khu nghỉ dưỡng đều sử dụng các sản phẩm cửa nhôm kính do Phú Gia An cung cấp.&lt;/p&gt;\r\n\r\n&lt;p&gt;Khu nghỉ dưỡng Phú Minh Gia bao gồm 2 toà nhà chính với mật độ xây dựng cửa nhôm kính lên tới 75%. Cùng tham khảo một số hình ảnh đã hoàn thiện của công trình này dưới đây:&lt;/p&gt;\r\n\r\n&lt;div class=&quot;row&quot;&gt;\r\n&lt;div class=&quot;col-lg-6&quot;&gt;\r\n&lt;p&gt;&lt;img src=&quot;https://cdn.bestme.asia/images/adgtopalprima/2_Rk3ffU4.png&quot;&gt;&lt;/p&gt;\r\n&lt;/div&gt;\r\n\r\n&lt;div class=&quot;col&quot;&gt;\r\n&lt;p&gt;&lt;img src=&quot;https://cdn.bestme.asia/images/adgtopalprima/3_SCVHjaX.png&quot;&gt;&lt;/p&gt;\r\n&lt;/div&gt;\r\n&lt;/div&gt;\r\n\r\n&lt;p&gt;Sự hợp tác giữa Phú Gia An và khu nghỉ dưỡng Phú Minh Gia là minh chứng cho sự tin tưởng mà khách hàng đã đặt trọn cho chúng tôi. Không chỉ là đơn vị thi công lắp đặt cửa nhôm tại Nghệ An chuyên nghiệp và uy tín nhất hiện nay mà Phú Gia An còn là sự lựa chọn của rất nhiều khách hàng ở các vùng lân cận và khắp cả nước.&lt;/p&gt;\r\n\r\n&lt;p&gt;Với bề dày kinh nghiệm về sản xuất và thi công các hạng mục cửa nhôm kính, cửa cuốn, cửa nhựa lõi thép,… chất lượng cao tại khu vực Bắc Miền Trung, chúng tôi tự tin mang lại sự hài lòng cho mọi khách hàng từ chất lượng sản phẩm đến chất lượng dịch vụ.&lt;/p&gt;\r\n\r\n&lt;p class=&quot;text-center&quot;&gt;&lt;img src=&quot;https://cdn.bestme.asia/images/adgtopalprima/4_rCSW4ec.png&quot;&gt;&lt;/p&gt;\r\n\r\n&lt;p&gt;Sự hợp tác giữa Phú Gia An và khu nghỉ dưỡng Phú Minh Gia là minh chứng cho sự tin tưởng mà khách hàng đã đặt trọn cho chúng tôi. Không chỉ là đơn vị thi công lắp đặt cửa nhôm tại Nghệ An chuyên nghiệp và uy tín nhất hiện nay mà Phú Gia An còn là sự lựa chọn của rất nhiều khách hàng ở các vùng lân cận và khắp cả nước.&lt;/p&gt;\r\n\r\n&lt;p&gt;Với bề dày kinh nghiệm về sản xuất và thi công các hạng mục cửa nhôm kính, cửa cuốn, cửa nhựa lõi thép,… chất lượng cao tại khu vực Bắc Miền Trung, chúng tôi tự tin mang lại sự hài lòng cho mọi khách hàng từ chất lượng sản phẩm đến chất lượng dịch vụ.&lt;/p&gt;\r\n&lt;/div&gt;\r\n&lt;!-- End project content --&gt;&lt;/div&gt;', '&lt;p&gt;Cửa nhôm kính hiện tại vẫn luôn là xu hướng lựa chọn của nhiều gia chủ trong mọi công trình của mình. Không chỉ mang lại nhưng ưu điểm tuyệt vời về công năng sử dụng mà cửa nhôm kính còn được đánh giá cao về tính thẩm mỹ mang lại cho không gian đó.&lt;/p&gt;', 'https://cdn.bestme.asia/images/adgtopalxfec/4.png', '', '', '', 'nha-may-vinamilk', '', 'image', '', NULL),
(6, 2, 'Tòa nhà Viettel', '&lt;div class=&quot;container&quot;&gt;\r\n&lt;div class=&quot;project-content py-3 mb-4&quot;&gt;\r\n&lt;p&gt;&lt;img src=&quot;https://cdn.bestme.asia/images/adgtopalprima/1_AcsfwoB.png&quot; style=&quot;max-width: 100%;&quot;&gt;&lt;/p&gt;\r\n\r\n&lt;p&gt;Vừa qua, Phú Gia An vinh dự khi là đối tác trong mảng thi công lắp đặt cửa nhôm kính cho toàn bộ hệ thống khu nghỉ dưỡng Phú Minh Gia tại Nghi Xuân – Hà Tĩnh. Chúng tôi luôn tự tin mang lại sự hài lòng cho mọi khách hàng từ sản phẩm cho đến dịch vụ của mình.&lt;/p&gt;\r\n\r\n&lt;p&gt;Khu nghỉ dưỡng Phú Minh Gia tại Nghi Xuân – Hà Tĩnh vừa chính thức đi vào hoạt động những ngày qua, đây chính là một trong những đối tác quan trọng mà Phú Gia An hợp tác trong hạng mục thi công lắp đặt cửa nhôm kính. Toàn bộ hệ thống khu nghỉ dưỡng đều sử dụng các sản phẩm cửa nhôm kính do Phú Gia An cung cấp.&lt;/p&gt;\r\n\r\n&lt;p&gt;Khu nghỉ dưỡng Phú Minh Gia bao gồm 2 toà nhà chính với mật độ xây dựng cửa nhôm kính lên tới 75%. Cùng tham khảo một số hình ảnh đã hoàn thiện của công trình này dưới đây:&lt;/p&gt;\r\n\r\n&lt;div class=&quot;row&quot;&gt;\r\n&lt;div class=&quot;col-lg-6&quot;&gt;\r\n&lt;p&gt;&lt;img src=&quot;https://cdn.bestme.asia/images/adgtopalprima/2_Rk3ffU4.png&quot;&gt;&lt;/p&gt;\r\n&lt;/div&gt;\r\n\r\n&lt;div class=&quot;col&quot;&gt;\r\n&lt;p&gt;&lt;img src=&quot;https://cdn.bestme.asia/images/adgtopalprima/3_SCVHjaX.png&quot;&gt;&lt;/p&gt;\r\n&lt;/div&gt;\r\n&lt;/div&gt;\r\n\r\n&lt;p&gt;Sự hợp tác giữa Phú Gia An và khu nghỉ dưỡng Phú Minh Gia là minh chứng cho sự tin tưởng mà khách hàng đã đặt trọn cho chúng tôi. Không chỉ là đơn vị thi công lắp đặt cửa nhôm tại Nghệ An chuyên nghiệp và uy tín nhất hiện nay mà Phú Gia An còn là sự lựa chọn của rất nhiều khách hàng ở các vùng lân cận và khắp cả nước.&lt;/p&gt;\r\n\r\n&lt;p&gt;Với bề dày kinh nghiệm về sản xuất và thi công các hạng mục cửa nhôm kính, cửa cuốn, cửa nhựa lõi thép,… chất lượng cao tại khu vực Bắc Miền Trung, chúng tôi tự tin mang lại sự hài lòng cho mọi khách hàng từ chất lượng sản phẩm đến chất lượng dịch vụ.&lt;/p&gt;\r\n\r\n&lt;p class=&quot;text-center&quot;&gt;&lt;img src=&quot;https://cdn.bestme.asia/images/adgtopalprima/4_rCSW4ec.png&quot;&gt;&lt;/p&gt;\r\n\r\n&lt;p&gt;Sự hợp tác giữa Phú Gia An và khu nghỉ dưỡng Phú Minh Gia là minh chứng cho sự tin tưởng mà khách hàng đã đặt trọn cho chúng tôi. Không chỉ là đơn vị thi công lắp đặt cửa nhôm tại Nghệ An chuyên nghiệp và uy tín nhất hiện nay mà Phú Gia An còn là sự lựa chọn của rất nhiều khách hàng ở các vùng lân cận và khắp cả nước.&lt;/p&gt;\r\n\r\n&lt;p&gt;Với bề dày kinh nghiệm về sản xuất và thi công các hạng mục cửa nhôm kính, cửa cuốn, cửa nhựa lõi thép,… chất lượng cao tại khu vực Bắc Miền Trung, chúng tôi tự tin mang lại sự hài lòng cho mọi khách hàng từ chất lượng sản phẩm đến chất lượng dịch vụ.&lt;/p&gt;\r\n&lt;/div&gt;\r\n&lt;!-- End project content --&gt;&lt;/div&gt;', '&lt;p&gt;Cửa nhôm kính hiện tại vẫn luôn là xu hướng lựa chọn của nhiều gia chủ trong mọi công trình của mình. Không chỉ mang lại nhưng ưu điểm tuyệt vời về công năng sử dụng mà cửa nhôm kính còn được đánh giá cao về tính thẩm mỹ mang lại cho không gian đó.&lt;/p&gt;', 'https://cdn.bestme.asia/images/adgtopalxfec/6.png', '', '', '', 'toa-nha-viettel', '', 'image', '', NULL),
(7, 2, 'Nhà máy nhựa Duy Tân', '&lt;div class=&quot;container&quot;&gt;\r\n&lt;div class=&quot;project-content py-3 mb-4&quot;&gt;\r\n&lt;p&gt;&lt;img src=&quot;https://cdn.bestme.asia/images/adgtopalprima/1_AcsfwoB.png&quot; style=&quot;max-width: 100%;&quot; /&gt;&lt;/p&gt;\r\n\r\n&lt;p&gt;Vừa qua, Phú Gia An vinh dự khi là đối tác trong mảng thi công lắp đặt cửa nhôm kính cho toàn bộ hệ thống khu nghỉ dưỡng Phú Minh Gia tại Nghi Xuân – Hà Tĩnh. Chúng tôi luôn tự tin mang lại sự hài lòng cho mọi khách hàng từ sản phẩm cho đến dịch vụ của mình.&lt;/p&gt;\r\n\r\n&lt;p&gt;Khu nghỉ dưỡng Phú Minh Gia tại Nghi Xuân – Hà Tĩnh vừa chính thức đi vào hoạt động những ngày qua, đây chính là một trong những đối tác quan trọng mà Phú Gia An hợp tác trong hạng mục thi công lắp đặt cửa nhôm kính. Toàn bộ hệ thống khu nghỉ dưỡng đều sử dụng các sản phẩm cửa nhôm kính do Phú Gia An cung cấp.&lt;/p&gt;\r\n\r\n&lt;p&gt;Khu nghỉ dưỡng Phú Minh Gia bao gồm 2 toà nhà chính với mật độ xây dựng cửa nhôm kính lên tới 75%. Cùng tham khảo một số hình ảnh đã hoàn thiện của công trình này dưới đây:&lt;/p&gt;\r\n\r\n&lt;div class=&quot;row&quot;&gt;\r\n&lt;div class=&quot;col-lg-6&quot;&gt;\r\n&lt;p&gt;&lt;img src=&quot;https://cdn.bestme.asia/images/adgtopalprima/2_Rk3ffU4.png&quot; /&gt;&lt;/p&gt;\r\n&lt;/div&gt;\r\n\r\n&lt;div class=&quot;col&quot;&gt;\r\n&lt;p&gt;&lt;img src=&quot;https://cdn.bestme.asia/images/adgtopalprima/3_SCVHjaX.png&quot; /&gt;&lt;/p&gt;\r\n&lt;/div&gt;\r\n&lt;/div&gt;\r\n\r\n&lt;p&gt;Sự hợp tác giữa Phú Gia An và khu nghỉ dưỡng Phú Minh Gia là minh chứng cho sự tin tưởng mà khách hàng đã đặt trọn cho chúng tôi. Không chỉ là đơn vị thi công lắp đặt cửa nhôm tại Nghệ An chuyên nghiệp và uy tín nhất hiện nay mà Phú Gia An còn là sự lựa chọn của rất nhiều khách hàng ở các vùng lân cận và khắp cả nước.&lt;/p&gt;\r\n\r\n&lt;p&gt;Với bề dày kinh nghiệm về sản xuất và thi công các hạng mục cửa nhôm kính, cửa cuốn, cửa nhựa lõi thép,… chất lượng cao tại khu vực Bắc Miền Trung, chúng tôi tự tin mang lại sự hài lòng cho mọi khách hàng từ chất lượng sản phẩm đến chất lượng dịch vụ.&lt;/p&gt;\r\n\r\n&lt;p class=&quot;text-center&quot;&gt;&lt;img src=&quot;https://cdn.bestme.asia/images/adgtopalprima/4_rCSW4ec.png&quot; /&gt;&lt;/p&gt;\r\n\r\n&lt;p&gt;Sự hợp tác giữa Phú Gia An và khu nghỉ dưỡng Phú Minh Gia là minh chứng cho sự tin tưởng mà khách hàng đã đặt trọn cho chúng tôi. Không chỉ là đơn vị thi công lắp đặt cửa nhôm tại Nghệ An chuyên nghiệp và uy tín nhất hiện nay mà Phú Gia An còn là sự lựa chọn của rất nhiều khách hàng ở các vùng lân cận và khắp cả nước.&lt;/p&gt;\r\n\r\n&lt;p&gt;Với bề dày kinh nghiệm về sản xuất và thi công các hạng mục cửa nhôm kính, cửa cuốn, cửa nhựa lõi thép,… chất lượng cao tại khu vực Bắc Miền Trung, chúng tôi tự tin mang lại sự hài lòng cho mọi khách hàng từ chất lượng sản phẩm đến chất lượng dịch vụ.&lt;/p&gt;\r\n&lt;/div&gt;\r\n&lt;!-- End project content --&gt;&lt;/div&gt;', '&lt;p&gt;Cửa nhôm kính hiện tại vẫn luôn là xu hướng lựa chọn của nhiều gia chủ trong mọi công trình của mình. Không chỉ mang lại nhưng ưu điểm tuyệt vời về công năng sử dụng mà cửa nhôm kính còn được đánh giá cao về tính thẩm mỹ mang lại cho không gian đó.&lt;/p&gt;', 'https://cdn.bestme.asia/images/adgtopalxfec/8.png', '', '', '', 'nha-may-nhua-duy-tan-1', '', 'image', '', NULL),
(8, 2, 'Dự án tổ hợp TTM Vincom Hùng Vương và khách sạn 5 sao Vinpearl Huế', '&lt;div class=&quot;container&quot;&gt;\r\n&lt;div class=&quot;project-content py-3 mb-4&quot;&gt;\r\n&lt;p&gt;&lt;img src=&quot;https://cdn.bestme.asia/images/adgtopalprima/1_AcsfwoB.png&quot; style=&quot;max-width: 100%;&quot;&gt;&lt;/p&gt;\r\n\r\n&lt;p&gt;Vừa qua, Phú Gia An vinh dự khi là đối tác trong mảng thi công lắp đặt cửa nhôm kính cho toàn bộ hệ thống khu nghỉ dưỡng Phú Minh Gia tại Nghi Xuân – Hà Tĩnh. Chúng tôi luôn tự tin mang lại sự hài lòng cho mọi khách hàng từ sản phẩm cho đến dịch vụ của mình.&lt;/p&gt;\r\n\r\n&lt;p&gt;Khu nghỉ dưỡng Phú Minh Gia tại Nghi Xuân – Hà Tĩnh vừa chính thức đi vào hoạt động những ngày qua, đây chính là một trong những đối tác quan trọng mà Phú Gia An hợp tác trong hạng mục thi công lắp đặt cửa nhôm kính. Toàn bộ hệ thống khu nghỉ dưỡng đều sử dụng các sản phẩm cửa nhôm kính do Phú Gia An cung cấp.&lt;/p&gt;\r\n\r\n&lt;p&gt;Khu nghỉ dưỡng Phú Minh Gia bao gồm 2 toà nhà chính với mật độ xây dựng cửa nhôm kính lên tới 75%. Cùng tham khảo một số hình ảnh đã hoàn thiện của công trình này dưới đây:&lt;/p&gt;\r\n\r\n&lt;div class=&quot;row&quot;&gt;\r\n&lt;div class=&quot;col-lg-6&quot;&gt;\r\n&lt;p&gt;&lt;img src=&quot;https://cdn.bestme.asia/images/adgtopalprima/2_Rk3ffU4.png&quot;&gt;&lt;/p&gt;\r\n&lt;/div&gt;\r\n\r\n&lt;div class=&quot;col&quot;&gt;\r\n&lt;p&gt;&lt;img src=&quot;https://cdn.bestme.asia/images/adgtopalprima/3_SCVHjaX.png&quot;&gt;&lt;/p&gt;\r\n&lt;/div&gt;\r\n&lt;/div&gt;\r\n\r\n&lt;p&gt;Sự hợp tác giữa Phú Gia An và khu nghỉ dưỡng Phú Minh Gia là minh chứng cho sự tin tưởng mà khách hàng đã đặt trọn cho chúng tôi. Không chỉ là đơn vị thi công lắp đặt cửa nhôm tại Nghệ An chuyên nghiệp và uy tín nhất hiện nay mà Phú Gia An còn là sự lựa chọn của rất nhiều khách hàng ở các vùng lân cận và khắp cả nước.&lt;/p&gt;\r\n\r\n&lt;p&gt;Với bề dày kinh nghiệm về sản xuất và thi công các hạng mục cửa nhôm kính, cửa cuốn, cửa nhựa lõi thép,… chất lượng cao tại khu vực Bắc Miền Trung, chúng tôi tự tin mang lại sự hài lòng cho mọi khách hàng từ chất lượng sản phẩm đến chất lượng dịch vụ.&lt;/p&gt;\r\n\r\n&lt;p class=&quot;text-center&quot;&gt;&lt;img src=&quot;https://cdn.bestme.asia/images/adgtopalprima/4_rCSW4ec.png&quot;&gt;&lt;/p&gt;\r\n\r\n&lt;p&gt;Sự hợp tác giữa Phú Gia An và khu nghỉ dưỡng Phú Minh Gia là minh chứng cho sự tin tưởng mà khách hàng đã đặt trọn cho chúng tôi. Không chỉ là đơn vị thi công lắp đặt cửa nhôm tại Nghệ An chuyên nghiệp và uy tín nhất hiện nay mà Phú Gia An còn là sự lựa chọn của rất nhiều khách hàng ở các vùng lân cận và khắp cả nước.&lt;/p&gt;\r\n\r\n&lt;p&gt;Với bề dày kinh nghiệm về sản xuất và thi công các hạng mục cửa nhôm kính, cửa cuốn, cửa nhựa lõi thép,… chất lượng cao tại khu vực Bắc Miền Trung, chúng tôi tự tin mang lại sự hài lòng cho mọi khách hàng từ chất lượng sản phẩm đến chất lượng dịch vụ.&lt;/p&gt;\r\n&lt;/div&gt;\r\n&lt;!-- End project content --&gt;&lt;/div&gt;', '&lt;p&gt;Cửa nhôm kính hiện tại vẫn luôn là xu hướng lựa chọn của nhiều gia chủ trong mọi công trình của mình. Không chỉ mang lại nhưng ưu điểm tuyệt vời về công năng sử dụng mà cửa nhôm kính còn được đánh giá cao về tính thẩm mỹ mang lại cho không gian đó.&lt;/p&gt;', 'https://cdn.bestme.asia/images/adgtopalxfec/2.png', '', '', '', 'du-an-to-hop-ttm-vincom-hung-vuong-va-khach-san-5-sao-vinpearl-hue', '', 'image', '', NULL),
(9, 2, 'Nhà máy HuaYuan Việt Nam', '&lt;div class=&quot;container&quot;&gt;\r\n&lt;div class=&quot;project-content py-3 mb-4&quot;&gt;\r\n&lt;p&gt;&lt;img src=&quot;https://cdn.bestme.asia/images/adgtopalprima/1_AcsfwoB.png&quot; style=&quot;max-width: 100%;&quot; /&gt;&lt;/p&gt;\r\n\r\n&lt;p&gt;Vừa qua, Phú Gia An vinh dự khi là đối tác trong mảng thi công lắp đặt cửa nhôm kính cho toàn bộ hệ thống khu nghỉ dưỡng Phú Minh Gia tại Nghi Xuân – Hà Tĩnh. Chúng tôi luôn tự tin mang lại sự hài lòng cho mọi khách hàng từ sản phẩm cho đến dịch vụ của mình.&lt;/p&gt;\r\n\r\n&lt;p&gt;Khu nghỉ dưỡng Phú Minh Gia tại Nghi Xuân – Hà Tĩnh vừa chính thức đi vào hoạt động những ngày qua, đây chính là một trong những đối tác quan trọng mà Phú Gia An hợp tác trong hạng mục thi công lắp đặt cửa nhôm kính. Toàn bộ hệ thống khu nghỉ dưỡng đều sử dụng các sản phẩm cửa nhôm kính do Phú Gia An cung cấp.&lt;/p&gt;\r\n\r\n&lt;p&gt;Khu nghỉ dưỡng Phú Minh Gia bao gồm 2 toà nhà chính với mật độ xây dựng cửa nhôm kính lên tới 75%. Cùng tham khảo một số hình ảnh đã hoàn thiện của công trình này dưới đây:&lt;/p&gt;\r\n\r\n&lt;div class=&quot;row&quot;&gt;\r\n&lt;div class=&quot;col-lg-6&quot;&gt;\r\n&lt;p&gt;&lt;img src=&quot;https://cdn.bestme.asia/images/adgtopalprima/2_Rk3ffU4.png&quot; /&gt;&lt;/p&gt;\r\n&lt;/div&gt;\r\n\r\n&lt;div class=&quot;col&quot;&gt;\r\n&lt;p&gt;&lt;img src=&quot;https://cdn.bestme.asia/images/adgtopalprima/3_SCVHjaX.png&quot; /&gt;&lt;/p&gt;\r\n&lt;/div&gt;\r\n&lt;/div&gt;\r\n\r\n&lt;p&gt;Sự hợp tác giữa Phú Gia An và khu nghỉ dưỡng Phú Minh Gia là minh chứng cho sự tin tưởng mà khách hàng đã đặt trọn cho chúng tôi. Không chỉ là đơn vị thi công lắp đặt cửa nhôm tại Nghệ An chuyên nghiệp và uy tín nhất hiện nay mà Phú Gia An còn là sự lựa chọn của rất nhiều khách hàng ở các vùng lân cận và khắp cả nước.&lt;/p&gt;\r\n\r\n&lt;p&gt;Với bề dày kinh nghiệm về sản xuất và thi công các hạng mục cửa nhôm kính, cửa cuốn, cửa nhựa lõi thép,… chất lượng cao tại khu vực Bắc Miền Trung, chúng tôi tự tin mang lại sự hài lòng cho mọi khách hàng từ chất lượng sản phẩm đến chất lượng dịch vụ.&lt;/p&gt;\r\n\r\n&lt;p class=&quot;text-center&quot;&gt;&lt;img src=&quot;https://cdn.bestme.asia/images/adgtopalprima/4_rCSW4ec.png&quot; /&gt;&lt;/p&gt;\r\n\r\n&lt;p&gt;Sự hợp tác giữa Phú Gia An và khu nghỉ dưỡng Phú Minh Gia là minh chứng cho sự tin tưởng mà khách hàng đã đặt trọn cho chúng tôi. Không chỉ là đơn vị thi công lắp đặt cửa nhôm tại Nghệ An chuyên nghiệp và uy tín nhất hiện nay mà Phú Gia An còn là sự lựa chọn của rất nhiều khách hàng ở các vùng lân cận và khắp cả nước.&lt;/p&gt;\r\n\r\n&lt;p&gt;Với bề dày kinh nghiệm về sản xuất và thi công các hạng mục cửa nhôm kính, cửa cuốn, cửa nhựa lõi thép,… chất lượng cao tại khu vực Bắc Miền Trung, chúng tôi tự tin mang lại sự hài lòng cho mọi khách hàng từ chất lượng sản phẩm đến chất lượng dịch vụ.&lt;/p&gt;\r\n&lt;/div&gt;\r\n&lt;!-- End project content --&gt;&lt;/div&gt;', '&lt;p&gt;Cửa nhôm kính hiện tại vẫn luôn là xu hướng lựa chọn của nhiều gia chủ trong mọi công trình của mình. Không chỉ mang lại nhưng ưu điểm tuyệt vời về công năng sử dụng mà cửa nhôm kính còn được đánh giá cao về tính thẩm mỹ mang lại cho không gian đó.&lt;/p&gt;', 'https://cdn.bestme.asia/images/adgtopalxfec/5.png', '', '', '', 'nha-may-huayuan-viet-nam-1', '', 'image', '', NULL),
(10, 2, 'Top 4 mẫu cửa sổ được ưa chuộng nhất năm 2021', '&lt;figure&gt;&lt;img alt=&quot;&quot; sizes=&quot;(max-width: 1024px) 100vw, 1024px&quot; src=&quot;https://topal.vn/wp-content/uploads/2021/05/z2516244660207_810d77389b815bd726c1b0ae4ecb80e1-1024x768.jpg&quot; srcset=&quot;https://topal.vn/wp-content/uploads/2021/05/z2516244660207_810d77389b815bd726c1b0ae4ecb80e1-1024x768.jpg 1024w, https://topal.vn/wp-content/uploads/2021/05/z2516244660207_810d77389b815bd726c1b0ae4ecb80e1-300x225.jpg 300w, https://topal.vn/wp-content/uploads/2021/05/z2516244660207_810d77389b815bd726c1b0ae4ecb80e1-768x576.jpg 768w, https://topal.vn/wp-content/uploads/2021/05/z2516244660207_810d77389b815bd726c1b0ae4ecb80e1-1536x1153.jpg 1536w, https://topal.vn/wp-content/uploads/2021/05/z2516244660207_810d77389b815bd726c1b0ae4ecb80e1-2048x1537.jpg 2048w, https://topal.vn/wp-content/uploads/2021/05/z2516244660207_810d77389b815bd726c1b0ae4ecb80e1-600x450.jpg 600w, https://topal.vn/wp-content/uploads/2021/05/z2516244660207_810d77389b815bd726c1b0ae4ecb80e1-195x146.jpg 195w, https://topal.vn/wp-content/uploads/2021/05/z2516244660207_810d77389b815bd726c1b0ae4ecb80e1-50x38.jpg 50w, https://topal.vn/wp-content/uploads/2021/05/z2516244660207_810d77389b815bd726c1b0ae4ecb80e1-100x75.jpg 100w, https://topal.vn/wp-content/uploads/2021/05/z2516244660207_810d77389b815bd726c1b0ae4ecb80e1-960x720.jpg 960w&quot; /&gt;&lt;/figure&gt;\r\n\r\n&lt;p&gt;Một không gian nhà ở được thiết kế một cách chỉnh chu và tính tế chính là sự kết hợp hài hòa và tỉ mỉ trong từng không gian, món đồ nội thất. Và ở bài viết này, Topal sẽ chia sẻ đến các bạn tổng hợp những mẫu cửa sổ được ưa chuộng nhất hiện nay.&lt;/p&gt;\r\n\r\n&lt;p&gt;&lt;strong&gt;Cửa sổ mở quay&lt;/strong&gt;&lt;/p&gt;\r\n\r\n&lt;p&gt;Là loại cửa truyền thống và ưa chuộng nhất với các công trình nhà ở. Cửa mở quay giúp mở rộng tối đa không gian lấy ánh sáng. Với thanh nhôm to khỏe, vững chãi cùng thanh nhôm dày dặn, cửa sổ mở quay Topal mang vẻ đẹp khỏe khoắn, sang trọng, thích hợp với những công trình nhà ở dân dụng cho đến những biệt thự hiện đại, cao cấp.&lt;/p&gt;\r\n\r\n&lt;figure&gt;&lt;img alt=&quot;&quot; sizes=&quot;(max-width: 1024px) 100vw, 1024px&quot; src=&quot;https://topal.vn/wp-content/uploads/2021/05/z2516211818840_3d4c830fcfaf4b423ad6340c5de557b6-1024x1024.jpg&quot; srcset=&quot;https://topal.vn/wp-content/uploads/2021/05/z2516211818840_3d4c830fcfaf4b423ad6340c5de557b6-1024x1024.jpg 1024w, https://topal.vn/wp-content/uploads/2021/05/z2516211818840_3d4c830fcfaf4b423ad6340c5de557b6-300x300.jpg 300w, https://topal.vn/wp-content/uploads/2021/05/z2516211818840_3d4c830fcfaf4b423ad6340c5de557b6-150x150.jpg 150w, https://topal.vn/wp-content/uploads/2021/05/z2516211818840_3d4c830fcfaf4b423ad6340c5de557b6-768x768.jpg 768w, https://topal.vn/wp-content/uploads/2021/05/z2516211818840_3d4c830fcfaf4b423ad6340c5de557b6-1536x1536.jpg 1536w, https://topal.vn/wp-content/uploads/2021/05/z2516211818840_3d4c830fcfaf4b423ad6340c5de557b6-600x600.jpg 600w, https://topal.vn/wp-content/uploads/2021/05/z2516211818840_3d4c830fcfaf4b423ad6340c5de557b6-146x146.jpg 146w, https://topal.vn/wp-content/uploads/2021/05/z2516211818840_3d4c830fcfaf4b423ad6340c5de557b6-50x50.jpg 50w, https://topal.vn/wp-content/uploads/2021/05/z2516211818840_3d4c830fcfaf4b423ad6340c5de557b6-75x75.jpg 75w, https://topal.vn/wp-content/uploads/2021/05/z2516211818840_3d4c830fcfaf4b423ad6340c5de557b6-85x85.jpg 85w, https://topal.vn/wp-content/uploads/2021/05/z2516211818840_3d4c830fcfaf4b423ad6340c5de557b6-80x80.jpg 80w, https://topal.vn/wp-content/uploads/2021/05/z2516211818840_3d4c830fcfaf4b423ad6340c5de557b6.jpg 1876w&quot; /&gt;&lt;/figure&gt;\r\n\r\n&lt;p&gt;Bên cạnh đó, cửa mở quay Topal được khách hàng lựa chọn sử dụng vì có bản lề chữ A liên kết liền khối với cánh cửa, “tự chống sập” được làm bằng inox 304m, dày 3mm giúp tăng độ chắc chắn, an toàn khi sử dụng.&lt;/p&gt;\r\n\r\n&lt;p&gt;&lt;strong&gt;Cửa sổ mở hất (lật)&lt;/strong&gt;&lt;/p&gt;\r\n\r\n&lt;p&gt;Sở hữu thiết kế phong cách châu Âu tối giản và hiện đại, cửa sổ mở hất(hay còn gọi là cửa sổ mở lật) còn được yêu thích bởi thiết kế vừa thông thoáng vừa kín đáo, chống mưa hắt vào nhà. Mẫu cửa sổ nhôm kính này được dùng phổ biến bởi sự đa năng của nó. Không bị chiếm diện tích, linh hoạt trong quá trình sử dụng.&lt;/p&gt;\r\n\r\n&lt;figure&gt;&lt;img alt=&quot;&quot; sizes=&quot;(max-width: 1024px) 100vw, 1024px&quot; src=&quot;https://topal.vn/wp-content/uploads/2021/05/z2516211742461_b498246581cca90d166daa659e126dea-1024x1024.jpg&quot; srcset=&quot;https://topal.vn/wp-content/uploads/2021/05/z2516211742461_b498246581cca90d166daa659e126dea-1024x1024.jpg 1024w, https://topal.vn/wp-content/uploads/2021/05/z2516211742461_b498246581cca90d166daa659e126dea-300x300.jpg 300w, https://topal.vn/wp-content/uploads/2021/05/z2516211742461_b498246581cca90d166daa659e126dea-150x150.jpg 150w, https://topal.vn/wp-content/uploads/2021/05/z2516211742461_b498246581cca90d166daa659e126dea-768x768.jpg 768w, https://topal.vn/wp-content/uploads/2021/05/z2516211742461_b498246581cca90d166daa659e126dea-1536x1536.jpg 1536w, https://topal.vn/wp-content/uploads/2021/05/z2516211742461_b498246581cca90d166daa659e126dea-600x600.jpg 600w, https://topal.vn/wp-content/uploads/2021/05/z2516211742461_b498246581cca90d166daa659e126dea-146x146.jpg 146w, https://topal.vn/wp-content/uploads/2021/05/z2516211742461_b498246581cca90d166daa659e126dea-50x50.jpg 50w, https://topal.vn/wp-content/uploads/2021/05/z2516211742461_b498246581cca90d166daa659e126dea-75x75.jpg 75w, https://topal.vn/wp-content/uploads/2021/05/z2516211742461_b498246581cca90d166daa659e126dea-85x85.jpg 85w, https://topal.vn/wp-content/uploads/2021/05/z2516211742461_b498246581cca90d166daa659e126dea-80x80.jpg 80w, https://topal.vn/wp-content/uploads/2021/05/z2516211742461_b498246581cca90d166daa659e126dea.jpg 1876w&quot; /&gt;&lt;/figure&gt;\r\n\r\n&lt;figure&gt;&lt;img alt=&quot;&quot; sizes=&quot;(max-width: 1024px) 100vw, 1024px&quot; src=&quot;https://topal.vn/wp-content/uploads/2021/05/z2516211766538_9efb2bceaa1f852c92edba1975f7e2b7-1024x1024.jpg&quot; srcset=&quot;https://topal.vn/wp-content/uploads/2021/05/z2516211766538_9efb2bceaa1f852c92edba1975f7e2b7-1024x1024.jpg 1024w, https://topal.vn/wp-content/uploads/2021/05/z2516211766538_9efb2bceaa1f852c92edba1975f7e2b7-300x300.jpg 300w, https://topal.vn/wp-content/uploads/2021/05/z2516211766538_9efb2bceaa1f852c92edba1975f7e2b7-150x150.jpg 150w, https://topal.vn/wp-content/uploads/2021/05/z2516211766538_9efb2bceaa1f852c92edba1975f7e2b7-768x768.jpg 768w, https://topal.vn/wp-content/uploads/2021/05/z2516211766538_9efb2bceaa1f852c92edba1975f7e2b7-1536x1536.jpg 1536w, https://topal.vn/wp-content/uploads/2021/05/z2516211766538_9efb2bceaa1f852c92edba1975f7e2b7-600x600.jpg 600w, https://topal.vn/wp-content/uploads/2021/05/z2516211766538_9efb2bceaa1f852c92edba1975f7e2b7-146x146.jpg 146w, https://topal.vn/wp-content/uploads/2021/05/z2516211766538_9efb2bceaa1f852c92edba1975f7e2b7-50x50.jpg 50w, https://topal.vn/wp-content/uploads/2021/05/z2516211766538_9efb2bceaa1f852c92edba1975f7e2b7-75x75.jpg 75w, https://topal.vn/wp-content/uploads/2021/05/z2516211766538_9efb2bceaa1f852c92edba1975f7e2b7-85x85.jpg 85w, https://topal.vn/wp-content/uploads/2021/05/z2516211766538_9efb2bceaa1f852c92edba1975f7e2b7-80x80.jpg 80w, https://topal.vn/wp-content/uploads/2021/05/z2516211766538_9efb2bceaa1f852c92edba1975f7e2b7.jpg 1876w&quot; /&gt;&lt;/figure&gt;\r\n\r\n&lt;p&gt;Cửa sổ mở hất Topal được thiết kế đồng bộ từ thanh nhôm đến phụ kiện và gioăng, cho độ bền bỉ vượt trội. Cùng với đó, cửa sổ Topal Slima có thể đáp ứng đa dạng phương án kiểu dáng kiến trúc và nhiều lựa chọn phụ kiện đi kèm, đáp ứng tối đa nhu cầu khách hàng.&lt;/p&gt;\r\n\r\n&lt;figure&gt;&lt;img alt=&quot;&quot; sizes=&quot;(max-width: 1024px) 100vw, 1024px&quot; src=&quot;https://topal.vn/wp-content/uploads/2021/05/z2516211750630_46a5606f7ede31a920d696aca6955091-1024x1024.jpg&quot; srcset=&quot;https://topal.vn/wp-content/uploads/2021/05/z2516211750630_46a5606f7ede31a920d696aca6955091-1024x1024.jpg 1024w, https://topal.vn/wp-content/uploads/2021/05/z2516211750630_46a5606f7ede31a920d696aca6955091-300x300.jpg 300w, https://topal.vn/wp-content/uploads/2021/05/z2516211750630_46a5606f7ede31a920d696aca6955091-150x150.jpg 150w, https://topal.vn/wp-content/uploads/2021/05/z2516211750630_46a5606f7ede31a920d696aca6955091-768x768.jpg 768w, https://topal.vn/wp-content/uploads/2021/05/z2516211750630_46a5606f7ede31a920d696aca6955091-1536x1536.jpg 1536w, https://topal.vn/wp-content/uploads/2021/05/z2516211750630_46a5606f7ede31a920d696aca6955091-600x600.jpg 600w, https://topal.vn/wp-content/uploads/2021/05/z2516211750630_46a5606f7ede31a920d696aca6955091-146x146.jpg 146w, https://topal.vn/wp-content/uploads/2021/05/z2516211750630_46a5606f7ede31a920d696aca6955091-50x50.jpg 50w, https://topal.vn/wp-content/uploads/2021/05/z2516211750630_46a5606f7ede31a920d696aca6955091-75x75.jpg 75w, https://topal.vn/wp-content/uploads/2021/05/z2516211750630_46a5606f7ede31a920d696aca6955091-85x85.jpg 85w, https://topal.vn/wp-content/uploads/2021/05/z2516211750630_46a5606f7ede31a920d696aca6955091-80x80.jpg 80w, https://topal.vn/wp-content/uploads/2021/05/z2516211750630_46a5606f7ede31a920d696aca6955091.jpg 1876w&quot; /&gt;&lt;/figure&gt;\r\n\r\n&lt;p&gt;&lt;strong&gt;Cửa sổ trượt / cửa lùa&lt;/strong&gt;&lt;/p&gt;\r\n\r\n&lt;p&gt;Cửa sổ trượt hay còn gọi là cửa sổ lùa được ưa chuộng sử dụng vì tiết kiệm diện tích khi sử dụng, đồng thời cũng hạn chế việc chiếm không gian khi mở cửa. Cộng với thiết kế mang tính hiện đại và năng động. Cửa sổ nhôm kính lùa xứng đáng được nhắc đến trong danh sách những mẫu cửa sổ nhôm kính đẹp năm 2021 này.&lt;/p&gt;\r\n\r\n&lt;figure&gt;&lt;img alt=&quot;&quot; sizes=&quot;(max-width: 1024px) 100vw, 1024px&quot; src=&quot;https://topal.vn/wp-content/uploads/2021/05/z2516211814559_f5424524edbd1cd24205703d31f5892c-1024x1024.jpg&quot; srcset=&quot;https://topal.vn/wp-content/uploads/2021/05/z2516211814559_f5424524edbd1cd24205703d31f5892c-1024x1024.jpg 1024w, https://topal.vn/wp-content/uploads/2021/05/z2516211814559_f5424524edbd1cd24205703d31f5892c-300x300.jpg 300w, https://topal.vn/wp-content/uploads/2021/05/z2516211814559_f5424524edbd1cd24205703d31f5892c-150x150.jpg 150w, https://topal.vn/wp-content/uploads/2021/05/z2516211814559_f5424524edbd1cd24205703d31f5892c-768x768.jpg 768w, https://topal.vn/wp-content/uploads/2021/05/z2516211814559_f5424524edbd1cd24205703d31f5892c-1536x1536.jpg 1536w, https://topal.vn/wp-content/uploads/2021/05/z2516211814559_f5424524edbd1cd24205703d31f5892c-600x600.jpg 600w, https://topal.vn/wp-content/uploads/2021/05/z2516211814559_f5424524edbd1cd24205703d31f5892c-146x146.jpg 146w, https://topal.vn/wp-content/uploads/2021/05/z2516211814559_f5424524edbd1cd24205703d31f5892c-50x50.jpg 50w, https://topal.vn/wp-content/uploads/2021/05/z2516211814559_f5424524edbd1cd24205703d31f5892c-75x75.jpg 75w, https://topal.vn/wp-content/uploads/2021/05/z2516211814559_f5424524edbd1cd24205703d31f5892c-85x85.jpg 85w, https://topal.vn/wp-content/uploads/2021/05/z2516211814559_f5424524edbd1cd24205703d31f5892c-80x80.jpg 80w, https://topal.vn/wp-content/uploads/2021/05/z2516211814559_f5424524edbd1cd24205703d31f5892c.jpg 1876w&quot; /&gt;&lt;/figure&gt;\r\n\r\n&lt;figure&gt;&lt;img alt=&quot;&quot; sizes=&quot;(max-width: 1024px) 100vw, 1024px&quot; src=&quot;https://topal.vn/wp-content/uploads/2021/05/z2516211690030_b81d3a00059be199bbd527762854021f-1024x1024.jpg&quot; srcset=&quot;https://topal.vn/wp-content/uploads/2021/05/z2516211690030_b81d3a00059be199bbd527762854021f-1024x1024.jpg 1024w, https://topal.vn/wp-content/uploads/2021/05/z2516211690030_b81d3a00059be199bbd527762854021f-300x300.jpg 300w, https://topal.vn/wp-content/uploads/2021/05/z2516211690030_b81d3a00059be199bbd527762854021f-150x150.jpg 150w, https://topal.vn/wp-content/uploads/2021/05/z2516211690030_b81d3a00059be199bbd527762854021f-768x768.jpg 768w, https://topal.vn/wp-content/uploads/2021/05/z2516211690030_b81d3a00059be199bbd527762854021f-1536x1536.jpg 1536w, https://topal.vn/wp-content/uploads/2021/05/z2516211690030_b81d3a00059be199bbd527762854021f-600x600.jpg 600w, https://topal.vn/wp-content/uploads/2021/05/z2516211690030_b81d3a00059be199bbd527762854021f-146x146.jpg 146w, https://topal.vn/wp-content/uploads/2021/05/z2516211690030_b81d3a00059be199bbd527762854021f-50x50.jpg 50w, https://topal.vn/wp-content/uploads/2021/05/z2516211690030_b81d3a00059be199bbd527762854021f-75x75.jpg 75w, https://topal.vn/wp-content/uploads/2021/05/z2516211690030_b81d3a00059be199bbd527762854021f-85x85.jpg 85w, https://topal.vn/wp-content/uploads/2021/05/z2516211690030_b81d3a00059be199bbd527762854021f-80x80.jpg 80w, https://topal.vn/wp-content/uploads/2021/05/z2516211690030_b81d3a00059be199bbd527762854021f.jpg 1876w&quot; /&gt;&lt;/figure&gt;\r\n\r\n&lt;figure&gt;&lt;img alt=&quot;&quot; sizes=&quot;(max-width: 1024px) 100vw, 1024px&quot; src=&quot;https://topal.vn/wp-content/uploads/2021/05/z2516211728916_c0709b3cbf61d48a1251f49903368edd-1024x1024.jpg&quot; srcset=&quot;https://topal.vn/wp-content/uploads/2021/05/z2516211728916_c0709b3cbf61d48a1251f49903368edd-1024x1024.jpg 1024w, https://topal.vn/wp-content/uploads/2021/05/z2516211728916_c0709b3cbf61d48a1251f49903368edd-300x300.jpg 300w, https://topal.vn/wp-content/uploads/2021/05/z2516211728916_c0709b3cbf61d48a1251f49903368edd-150x150.jpg 150w, https://topal.vn/wp-content/uploads/2021/05/z2516211728916_c0709b3cbf61d48a1251f49903368edd-768x768.jpg 768w, https://topal.vn/wp-content/uploads/2021/05/z2516211728916_c0709b3cbf61d48a1251f49903368edd-1536x1536.jpg 1536w, https://topal.vn/wp-content/uploads/2021/05/z2516211728916_c0709b3cbf61d48a1251f49903368edd-600x600.jpg 600w, https://topal.vn/wp-content/uploads/2021/05/z2516211728916_c0709b3cbf61d48a1251f49903368edd-146x146.jpg 146w, https://topal.vn/wp-content/uploads/2021/05/z2516211728916_c0709b3cbf61d48a1251f49903368edd-50x50.jpg 50w, https://topal.vn/wp-content/uploads/2021/05/z2516211728916_c0709b3cbf61d48a1251f49903368edd-75x75.jpg 75w, https://topal.vn/wp-content/uploads/2021/05/z2516211728916_c0709b3cbf61d48a1251f49903368edd-85x85.jpg 85w, https://topal.vn/wp-content/uploads/2021/05/z2516211728916_c0709b3cbf61d48a1251f49903368edd-80x80.jpg 80w, https://topal.vn/wp-content/uploads/2021/05/z2516211728916_c0709b3cbf61d48a1251f49903368edd.jpg 1876w&quot; /&gt;&lt;/figure&gt;\r\n\r\n&lt;p&gt;Đặc biệt, Topal Prima có thể đáp ứng bộ cửa sổ trượt không giới hạn số cánh, giúp mở rộng tối đa tầm nhìn cho người sử dụng. Cùng với thiết kế mang thẩm mỹ cao cấp, cửa sổ trượt Topal Prima rất phù hợp với những biệt thự view lớn bên bờ biển.&lt;/p&gt;\r\n\r\n&lt;p&gt;&lt;strong&gt;Cửa sổ gấp trượt&lt;/strong&gt;&lt;/p&gt;\r\n\r\n&lt;p&gt;Là loại cửa mới xuất hiện trên thị trường vài năm gần đây nhưng được các chủ đầu tư lựa chọn sử dụng vì đây là loại cửa kết hợp ưu điểm của cửa lùa và cửa mở quay, cho khoảng mở tối đa mà vẫn đảm bảo khả năng kín nước, chống ồn.&lt;/p&gt;\r\n\r\n&lt;figure&gt;&lt;img alt=&quot;&quot; sizes=&quot;(max-width: 1024px) 100vw, 1024px&quot; src=&quot;https://topal.vn/wp-content/uploads/2021/05/z2519931599281_efe5ad3a368252a03ef4a16765756248-1024x1024.jpg&quot; srcset=&quot;https://topal.vn/wp-content/uploads/2021/05/z2519931599281_efe5ad3a368252a03ef4a16765756248-1024x1024.jpg 1024w, https://topal.vn/wp-content/uploads/2021/05/z2519931599281_efe5ad3a368252a03ef4a16765756248-300x300.jpg 300w, https://topal.vn/wp-content/uploads/2021/05/z2519931599281_efe5ad3a368252a03ef4a16765756248-150x150.jpg 150w, https://topal.vn/wp-content/uploads/2021/05/z2519931599281_efe5ad3a368252a03ef4a16765756248-768x768.jpg 768w, https://topal.vn/wp-content/uploads/2021/05/z2519931599281_efe5ad3a368252a03ef4a16765756248-1536x1536.jpg 1536w, https://topal.vn/wp-content/uploads/2021/05/z2519931599281_efe5ad3a368252a03ef4a16765756248-600x600.jpg 600w, https://topal.vn/wp-content/uploads/2021/05/z2519931599281_efe5ad3a368252a03ef4a16765756248-146x146.jpg 146w, https://topal.vn/wp-content/uploads/2021/05/z2519931599281_efe5ad3a368252a03ef4a16765756248-50x50.jpg 50w, https://topal.vn/wp-content/uploads/2021/05/z2519931599281_efe5ad3a368252a03ef4a16765756248-75x75.jpg 75w, https://topal.vn/wp-content/uploads/2021/05/z2519931599281_efe5ad3a368252a03ef4a16765756248-85x85.jpg 85w, https://topal.vn/wp-content/uploads/2021/05/z2519931599281_efe5ad3a368252a03ef4a16765756248-80x80.jpg 80w, https://topal.vn/wp-content/uploads/2021/05/z2519931599281_efe5ad3a368252a03ef4a16765756248.jpg 1876w&quot; /&gt;&lt;/figure&gt;\r\n\r\n&lt;p&gt;Cấu tạo “cánh chờm cánh” giúp tăng độ kín khít so với các loại cửa gấp trượt thông thường . Ray chịu lực nằm dưới chịu lực tốt, giúp tăng độ vững chắc kết cấu, đảm bảo độ bền cho cửa . Phong cách thiết kế đồng bộ với cửa mở quay, vuông vức, khỏe khoắn, đem lại sự đồng bộ trong không gian công trình.&lt;/p&gt;\r\n\r\n&lt;p&gt;Trên đây là 4 mẫu cửa sổ được ưa chuông nhất năm 2021. Quý khách hàng có nhu cầu tư vấn lắp đặt cửa, vui lòng gọi đến Hotline 19006828 hoặc tìm đại lý Topal gần nhất.&lt;/p&gt;', '&lt;p&gt;Một không gian nhà ở được thiết kế một cách chỉnh chu và tính tế chính là sự kết hợp hài hòa và tỉ mỉ trong từng không gian, món đồ nội thất. Và ở bài viết này, Topal sẽ chia sẻ đến các bạn tổng hợp những mẫu cửa sổ được ưa chuộng nhất hiện nay.&lt;/p&gt;', 'https://cdn.bestme.asia/images/adgtopalxfec/z2516244660207_810d77389b815bd726c1b0ae4ecb80e1-1024x768.jpg', '', '', '', 'top-4-mau-cua-so-duoc-ua-chuong-nhat-nam-2021', '', 'image', '', NULL),
(11, 2, 'Topal mách bạn cách chọn mẫu cửa nhôm phù hợp nhất cho phong cách cổ điển', '&lt;figure&gt;&lt;img alt=&quot;&quot; sizes=&quot;(max-width: 1024px) 100vw, 1024px&quot; src=&quot;https://topal.vn/wp-content/uploads/2021/06/z2534075541511_9daac93a01600aac11cfa91e264e310a-1024x768.jpg&quot; srcset=&quot;https://topal.vn/wp-content/uploads/2021/06/z2534075541511_9daac93a01600aac11cfa91e264e310a-1024x768.jpg 1024w, https://topal.vn/wp-content/uploads/2021/06/z2534075541511_9daac93a01600aac11cfa91e264e310a-300x225.jpg 300w, https://topal.vn/wp-content/uploads/2021/06/z2534075541511_9daac93a01600aac11cfa91e264e310a-768x576.jpg 768w, https://topal.vn/wp-content/uploads/2021/06/z2534075541511_9daac93a01600aac11cfa91e264e310a-1536x1152.jpg 1536w, https://topal.vn/wp-content/uploads/2021/06/z2534075541511_9daac93a01600aac11cfa91e264e310a-2048x1536.jpg 2048w, https://topal.vn/wp-content/uploads/2021/06/z2534075541511_9daac93a01600aac11cfa91e264e310a-600x450.jpg 600w, https://topal.vn/wp-content/uploads/2021/06/z2534075541511_9daac93a01600aac11cfa91e264e310a-195x146.jpg 195w, https://topal.vn/wp-content/uploads/2021/06/z2534075541511_9daac93a01600aac11cfa91e264e310a-50x38.jpg 50w, https://topal.vn/wp-content/uploads/2021/06/z2534075541511_9daac93a01600aac11cfa91e264e310a-100x75.jpg 100w, https://topal.vn/wp-content/uploads/2021/06/z2534075541511_9daac93a01600aac11cfa91e264e310a-960x720.jpg 960w&quot; /&gt;&lt;/figure&gt;\r\n\r\n&lt;p&gt;Đối với phong cách kiến trúc cổ điển, bạn sẽ dễ dàng nhận thấy những chi tiết hoa văn chạm trổ nơi tường, ban công, hoặc các vị trí khác trong không gian nội thất. Cũng vì vậy mà trong hạng mục cửa, việc chọn sử dụng những bộ cửa sao cho phù hợp phong cách được xem là bài toán khó.&lt;/p&gt;\r\n\r\n&lt;p&gt;Nếu chỉ sử dụng gỗ truyền thống thì không còn gì đặc biệt để chúng ta đề cập đến. Nhưng với chất liệu có tải trọng nhẹ, độ bền cao, quan trọng nhất là kiểu dáng phù hợp, cửa đi nhôm Topal lại là một “ứng cử viên” tuyệt vời. Cùng Topal tham khảo cách lựa chọn mẫu cửa đi nhôm nào phù hợp cho lối kiến trúc cổ điển nhé !&lt;/p&gt;\r\n\r\n&lt;p&gt;&lt;strong&gt;Cửa uốn vòm cho phong cách thêm sang trọng&lt;/strong&gt;&lt;/p&gt;\r\n\r\n&lt;p&gt;Được chọn sử dụng nhiều nhất cho hạng mục cửa trong không gian nội thất cổ điển, cửa uốn vòm được đánh giá là mẫu cửa có thể liên tưởng đễn những lối kiến trúc cổ điển sang trọng bậc nhất từ châu Âu. Mẫu cửa nhôm Topal uốn vòm là sự kết hợp của vật liệu hiện đại và kiểu dáng truyền thống sang trọng. Cửa có phần uốn vòm ở vị trí ô cố định hoặc uốn vòm cả phần cánh. Ngoài ra, khách hàng cũng có thể lựa chọn sử dụng thêm chi tiết chia đố cho bộ cửa, các chi tiết này giúp tối ưu giá trị thẩm mĩ cho toàn bộ công trình nói chung, cũng như đối với bộ cửa đi nhôm nói riêng.&lt;/p&gt;\r\n\r\n&lt;figure&gt;&lt;img alt=&quot;&quot; sizes=&quot;(max-width: 1024px) 100vw, 1024px&quot; src=&quot;https://topal.vn/wp-content/uploads/2021/06/z2534075501953_fbb392a4ba72a0f859018f440a79f45d-1024x1024.jpg&quot; srcset=&quot;https://topal.vn/wp-content/uploads/2021/06/z2534075501953_fbb392a4ba72a0f859018f440a79f45d-1024x1024.jpg 1024w, https://topal.vn/wp-content/uploads/2021/06/z2534075501953_fbb392a4ba72a0f859018f440a79f45d-300x300.jpg 300w, https://topal.vn/wp-content/uploads/2021/06/z2534075501953_fbb392a4ba72a0f859018f440a79f45d-150x150.jpg 150w, https://topal.vn/wp-content/uploads/2021/06/z2534075501953_fbb392a4ba72a0f859018f440a79f45d-768x768.jpg 768w, https://topal.vn/wp-content/uploads/2021/06/z2534075501953_fbb392a4ba72a0f859018f440a79f45d-1536x1536.jpg 1536w, https://topal.vn/wp-content/uploads/2021/06/z2534075501953_fbb392a4ba72a0f859018f440a79f45d-2048x2048.jpg 2048w, https://topal.vn/wp-content/uploads/2021/06/z2534075501953_fbb392a4ba72a0f859018f440a79f45d-600x600.jpg 600w, https://topal.vn/wp-content/uploads/2021/06/z2534075501953_fbb392a4ba72a0f859018f440a79f45d-146x146.jpg 146w, https://topal.vn/wp-content/uploads/2021/06/z2534075501953_fbb392a4ba72a0f859018f440a79f45d-50x50.jpg 50w, https://topal.vn/wp-content/uploads/2021/06/z2534075501953_fbb392a4ba72a0f859018f440a79f45d-75x75.jpg 75w, https://topal.vn/wp-content/uploads/2021/06/z2534075501953_fbb392a4ba72a0f859018f440a79f45d-85x85.jpg 85w, https://topal.vn/wp-content/uploads/2021/06/z2534075501953_fbb392a4ba72a0f859018f440a79f45d-80x80.jpg 80w&quot; /&gt;&lt;/figure&gt;\r\n\r\n&lt;p&gt;Lựa chọn phổ biến nhất cho cửa đi nhôm Topal uốn vòm là cửa đi 2 cánh hoặc 4 cánh. Một số công trình thiết kế sử dụng cho cả cửa đi và cửa sổ, tạo nên sự đồng nhất về ngoại quan, nâng cao giá trị thẩm mĩ cho tổng thể. Với chất liệu nhôm bền bỉ, tuổi thọ sử dụng cửa lên đến 5 – 10 năm.&lt;/p&gt;\r\n\r\n&lt;p&gt;&lt;strong&gt;Màu sắc đặc trưng phù hợp nội thất cổ điển&lt;/strong&gt;&lt;/p&gt;\r\n\r\n&lt;p&gt;Ngoài việc chọn kiểu cửa sao cho phù hợp lối thiết kế nội thất, khách hàng còn cần chú ý đến màu sắc bộ cửa. Màu sắc cửa cần được kết hợp một cách hợp lí với những đồ nội thất khác trong không gian, từ đó, có thể tạo nên một không gian hoàn mĩ cho công trình.&lt;/p&gt;\r\n\r\n&lt;figure&gt;&lt;img alt=&quot;&quot; sizes=&quot;(max-width: 1024px) 100vw, 1024px&quot; src=&quot;https://topal.vn/wp-content/uploads/2021/06/z2534075535746_d019a1cb39324c0ac366076f2d948745-1024x1024.jpg&quot; srcset=&quot;https://topal.vn/wp-content/uploads/2021/06/z2534075535746_d019a1cb39324c0ac366076f2d948745-1024x1024.jpg 1024w, https://topal.vn/wp-content/uploads/2021/06/z2534075535746_d019a1cb39324c0ac366076f2d948745-300x300.jpg 300w, https://topal.vn/wp-content/uploads/2021/06/z2534075535746_d019a1cb39324c0ac366076f2d948745-150x150.jpg 150w, https://topal.vn/wp-content/uploads/2021/06/z2534075535746_d019a1cb39324c0ac366076f2d948745-768x768.jpg 768w, https://topal.vn/wp-content/uploads/2021/06/z2534075535746_d019a1cb39324c0ac366076f2d948745-1536x1536.jpg 1536w, https://topal.vn/wp-content/uploads/2021/06/z2534075535746_d019a1cb39324c0ac366076f2d948745-2048x2048.jpg 2048w, https://topal.vn/wp-content/uploads/2021/06/z2534075535746_d019a1cb39324c0ac366076f2d948745-600x600.jpg 600w, https://topal.vn/wp-content/uploads/2021/06/z2534075535746_d019a1cb39324c0ac366076f2d948745-146x146.jpg 146w, https://topal.vn/wp-content/uploads/2021/06/z2534075535746_d019a1cb39324c0ac366076f2d948745-50x50.jpg 50w, https://topal.vn/wp-content/uploads/2021/06/z2534075535746_d019a1cb39324c0ac366076f2d948745-75x75.jpg 75w, https://topal.vn/wp-content/uploads/2021/06/z2534075535746_d019a1cb39324c0ac366076f2d948745-85x85.jpg 85w, https://topal.vn/wp-content/uploads/2021/06/z2534075535746_d019a1cb39324c0ac366076f2d948745-80x80.jpg 80w&quot; /&gt;&lt;/figure&gt;\r\n\r\n&lt;p&gt;Để có thể tạo nên một không gian mang tính cổ điển, quan trọng nhất ở bộ cửa là thể hiện được sự sang trọng. Trong đó, phổ biến nhất là Vân gỗ và Xám đá, Ghi Ánh kim. Đây là ba gam màu được ưa chuộng cho lối thiết kế cổ điển trong không gian nhà ở.&lt;/p&gt;\r\n\r\n&lt;p&gt;Màu nhôm vân gỗ của Topal được sản xuất theo tiêu chuẩn và sơn Decoral nhập khẩu chính hãng từ Italy đem lại màu chân thực khiến bạn khó có thể nhận biết đó là sản phẩm có cấu tạo từ nhôm, độ bền màu lên đến 20 năm ;àm hài lòng khá nhiều khách hàng. Bên cạnh đó, màu xám đá và ánh kim độc quyền của Topal tạo nên hiệu ứng độc đáo cho bộ cửa.&lt;/p&gt;\r\n\r\n&lt;p&gt;&lt;strong&gt;Lựa chọn đơn vị nhôm uy tín&lt;/strong&gt;&lt;/p&gt;\r\n\r\n&lt;p&gt;Hiện nay, trong bối cảnh thị trường nhôm ngày càng trở nên đa dạng, khách hàng dễ rơi vào trường hợp khó phân biệt được sản phẩm chất lượng hoặc kém chất lượng. Bên cạnh đó, để có thể thi công được bộ cửa uốn cong khung hoặc cánh, đòi hỏi nhôm phải có độ cứng T5, tính gia công tốt, độ bền vượt trội; mặt khác, tay nghề của đội ngũ thi công cũng là yếu tố quan trọng để đảm bảo cho bộ cửa vận hành êm ái, tránh cong vênh.&lt;/p&gt;\r\n\r\n&lt;figure&gt;&lt;img alt=&quot;&quot; sizes=&quot;(max-width: 1024px) 100vw, 1024px&quot; src=&quot;https://topal.vn/wp-content/uploads/2021/06/z2534075604200_31c764adc0f8fa1cd29a4c993e182357-1024x1024.jpg&quot; srcset=&quot;https://topal.vn/wp-content/uploads/2021/06/z2534075604200_31c764adc0f8fa1cd29a4c993e182357-1024x1024.jpg 1024w, https://topal.vn/wp-content/uploads/2021/06/z2534075604200_31c764adc0f8fa1cd29a4c993e182357-300x300.jpg 300w, https://topal.vn/wp-content/uploads/2021/06/z2534075604200_31c764adc0f8fa1cd29a4c993e182357-150x150.jpg 150w, https://topal.vn/wp-content/uploads/2021/06/z2534075604200_31c764adc0f8fa1cd29a4c993e182357-768x768.jpg 768w, https://topal.vn/wp-content/uploads/2021/06/z2534075604200_31c764adc0f8fa1cd29a4c993e182357-1536x1536.jpg 1536w, https://topal.vn/wp-content/uploads/2021/06/z2534075604200_31c764adc0f8fa1cd29a4c993e182357-2048x2048.jpg 2048w, https://topal.vn/wp-content/uploads/2021/06/z2534075604200_31c764adc0f8fa1cd29a4c993e182357-600x600.jpg 600w, https://topal.vn/wp-content/uploads/2021/06/z2534075604200_31c764adc0f8fa1cd29a4c993e182357-146x146.jpg 146w, https://topal.vn/wp-content/uploads/2021/06/z2534075604200_31c764adc0f8fa1cd29a4c993e182357-50x50.jpg 50w, https://topal.vn/wp-content/uploads/2021/06/z2534075604200_31c764adc0f8fa1cd29a4c993e182357-75x75.jpg 75w, https://topal.vn/wp-content/uploads/2021/06/z2534075604200_31c764adc0f8fa1cd29a4c993e182357-85x85.jpg 85w, https://topal.vn/wp-content/uploads/2021/06/z2534075604200_31c764adc0f8fa1cd29a4c993e182357-80x80.jpg 80w&quot; /&gt;&lt;/figure&gt;\r\n\r\n&lt;p&gt;Chế độ bảo hành cũng được đảm bảo chính hãng để khách hàng có thể dễ dàng được bảo hành và chăm sóc khi sản phẩm gặp trục trặc khi sử dụng.&lt;/p&gt;\r\n\r\n&lt;p&gt;Quý khách hàng có nhu cầu tư vấn lắp đặt những mẫu cửa nhôm theo phong cách cổ điển đẹp nhất có thể liên hệ với chúng tôi:&lt;/p&gt;\r\n\r\n&lt;p&gt;Cách 1: Gọi ngay đến Hotline 1900 6828 để được tư vấn&lt;/p&gt;\r\n\r\n&lt;p&gt;Cách 2: Truy cập Website Topal theo địa chỉ: &lt;a href=&quot;https://topal.vn/mua-o-dau/?fbclid=IwAR0zI361dXufi67zWSwtQJ-uqSPUaYTiIPPOO_UuFT0LydYgrNFjD2w6qxY#tim-kiem-dai-ly&quot; rel=&quot;noreferrer noopener&quot; target=&quot;_blank&quot;&gt;https://topal.vn/mua-o-dau/#tim-kiem-dai-ly&lt;/a&gt; để tìm kiếm đại lý gần bạn nhất&lt;/p&gt;\r\n\r\n&lt;p&gt;Cách 3: Nhắn tin/để lại bình luận tại fanpage Nhôm Topal để được tư vấn&lt;/p&gt;', '&lt;p&gt;Đối với phong cách kiến trúc cổ điển, bạn sẽ dễ dàng nhận thấy những chi tiết hoa văn chạm trổ nơi tường, ban công, hoặc các vị trí khác trong không gian nội thất. Cũng vì vậy mà trong hạng mục cửa, việc chọn sử dụng những bộ cửa sao cho phù hợp phong cách được xem là bài toán khó.&lt;/p&gt;', 'https://cdn.bestme.asia/images/adgtopalxfec/z2534075541511_9daac93a01600aac11cfa91e264e310a-1024x768.jpg', '', '', '', 'topal-mach-ban-cach-chon-mau-cua-nhom-phu-hop-nhat-cho-phong-cach-co-dien', '', 'image', '', NULL),
(12, 2, 'Kinh nghiệm chọn mua cửa nhôm độ bền cao', '&lt;figure&gt;&lt;img alt=&quot;&quot; sizes=&quot;(max-width: 1024px) 100vw, 1024px&quot; src=&quot;https://topal.vn/wp-content/uploads/2021/05/z2505838630702_fb0985ad13999a00e732615a67c060fc-1024x681.jpg&quot; srcset=&quot;https://topal.vn/wp-content/uploads/2021/05/z2505838630702_fb0985ad13999a00e732615a67c060fc-1024x681.jpg 1024w, https://topal.vn/wp-content/uploads/2021/05/z2505838630702_fb0985ad13999a00e732615a67c060fc-300x199.jpg 300w, https://topal.vn/wp-content/uploads/2021/05/z2505838630702_fb0985ad13999a00e732615a67c060fc-768x510.jpg 768w, https://topal.vn/wp-content/uploads/2021/05/z2505838630702_fb0985ad13999a00e732615a67c060fc-1536x1021.jpg 1536w, https://topal.vn/wp-content/uploads/2021/05/z2505838630702_fb0985ad13999a00e732615a67c060fc-600x399.jpg 600w, https://topal.vn/wp-content/uploads/2021/05/z2505838630702_fb0985ad13999a00e732615a67c060fc-220x146.jpg 220w, https://topal.vn/wp-content/uploads/2021/05/z2505838630702_fb0985ad13999a00e732615a67c060fc-50x33.jpg 50w, https://topal.vn/wp-content/uploads/2021/05/z2505838630702_fb0985ad13999a00e732615a67c060fc-113x75.jpg 113w, https://topal.vn/wp-content/uploads/2021/05/z2505838630702_fb0985ad13999a00e732615a67c060fc.jpg 1876w&quot; /&gt;&lt;/figure&gt;\r\n\r\n&lt;p&gt;Trong các loại cửa với sự đa dạng chất liệu trên thị trường hiện nay, cửa nhôm trở thành loại cửa chiếm ưu thế trong việc “lấy lòng” khách hàng. Bằng chứng là bạn có thể dễ dàng bắt gặp cửa nhôm ở bất kì công trình nào tại Việt Nam. Nhưng để lựa chọn được những bộ cửa nhôm đạt độ bền tốt lại không dễ đối với khách hàng. Bởi không giống với các loại cửa thông thường, cửa nhôm sở hữu kết cấu đậm tính kĩ thuật cao nên khách hàng khó có thể đánh giá được chất lượng.&lt;/p&gt;\r\n\r\n&lt;p&gt;Dựa vào đâu để chúng ta có thể đánh giá độ bền của bộ cửa nhôm? Khi chọn mua cửa nhôm thì cần lưu ý những gì ? Nhôm Topal hiểu đó là những gì mà khách hàng đang lo lắng. Vì vậy, trong bài viết này Nhôm Topal sẽ giúp bạn có thêm kinh nghiệm chọn mua cửa nhôm đạt độ bền cao.&lt;/p&gt;\r\n\r\n&lt;p&gt;&lt;strong&gt;Chú ý độ dày của nhôm&lt;/strong&gt;&lt;br /&gt;\r\nĐối với cửa đi nhôm, độ dày của thanh nhôm làm cửa chính là yếu tố góp phần hình thành độ bền của bộ cửa. Để có thể nhìn thấy độ dày nhôm, đơn giản nhất là khách hàng quan sát góc mẫu trưng bày. Góc mẫu là một phần góc của bộ cửa. Thường được trưng bày tại showroom giúp sản phẩm có thể nhìn kĩ hơn về kết cấu của sản phẩm. Do đó, khách hàng nên trực tiếp đến showroom để xem trực tiếp sản phẩm mẫu.&lt;br /&gt;\r\nĐộ dày tiêu chuẩn đối với cửa đi thường trong khoảng từ 1.4mm ~ 2.0mm. Khách hàng đừng quên nếu độ dày dưới 1.4mm thì bộ cửa đi sẽ không đạt được độ vững chãi cần có. Tại các công trình nhà ở như: biệt thự, nhà 2 – 3 tầng,…, thậm chí người sử dụng còn chọn dùng độ dày 2.0mm đối với cửa nhôm. Bởi người dùng xác định được bộ cửa được sử dụng trong thời gian dài. Vì vậy, nếu bạn cũng đang chọn mua cửa cho tổ ấm của mình cũng đừng ngần ngại mà hãy chọn loại có độ dày cao nhé.&lt;/p&gt;\r\n\r\n&lt;figure&gt;&lt;img alt=&quot;&quot; sizes=&quot;(max-width: 1024px) 100vw, 1024px&quot; src=&quot;https://topal.vn/wp-content/uploads/2021/05/z2509171092433_b8b7d72f337094824bf8cf546cd34f57-1024x1024.jpg&quot; srcset=&quot;https://topal.vn/wp-content/uploads/2021/05/z2509171092433_b8b7d72f337094824bf8cf546cd34f57-1024x1024.jpg 1024w, https://topal.vn/wp-content/uploads/2021/05/z2509171092433_b8b7d72f337094824bf8cf546cd34f57-300x300.jpg 300w, https://topal.vn/wp-content/uploads/2021/05/z2509171092433_b8b7d72f337094824bf8cf546cd34f57-150x150.jpg 150w, https://topal.vn/wp-content/uploads/2021/05/z2509171092433_b8b7d72f337094824bf8cf546cd34f57-768x768.jpg 768w, https://topal.vn/wp-content/uploads/2021/05/z2509171092433_b8b7d72f337094824bf8cf546cd34f57-1536x1536.jpg 1536w, https://topal.vn/wp-content/uploads/2021/05/z2509171092433_b8b7d72f337094824bf8cf546cd34f57-600x600.jpg 600w, https://topal.vn/wp-content/uploads/2021/05/z2509171092433_b8b7d72f337094824bf8cf546cd34f57-146x146.jpg 146w, https://topal.vn/wp-content/uploads/2021/05/z2509171092433_b8b7d72f337094824bf8cf546cd34f57-50x50.jpg 50w, https://topal.vn/wp-content/uploads/2021/05/z2509171092433_b8b7d72f337094824bf8cf546cd34f57-75x75.jpg 75w, https://topal.vn/wp-content/uploads/2021/05/z2509171092433_b8b7d72f337094824bf8cf546cd34f57-85x85.jpg 85w, https://topal.vn/wp-content/uploads/2021/05/z2509171092433_b8b7d72f337094824bf8cf546cd34f57-80x80.jpg 80w, https://topal.vn/wp-content/uploads/2021/05/z2509171092433_b8b7d72f337094824bf8cf546cd34f57.jpg 1876w&quot; /&gt;&lt;/figure&gt;\r\n\r\n&lt;p&gt;&lt;strong&gt;Phụ kiện đồng bộ chính hãng&lt;/strong&gt;&lt;br /&gt;\r\nMuốn cửa được vận hành tốt và duy trì được độ bền thì phụ kiện chính là yếu tố quan trọng và cần đồng bộ từ tay nắm, bản lề, gioăng, khóa,gioăng…, để các phụ kiện được thiết kế vừa vặn, ăn khớp với nhau giúp bộ cửa vận hành trơn tru, êm ái. Đối với phụ kiện cửa, nhất là tay nắm và bản lề, là những vị trí chịu tác động thường xuyên nhất, bạn nên lựa chọn sử dụng phụ kiện cao cấp, có thể chịu được độ bền đóng mở khoảng 100.000 lần để đỡ tốn chi phí thay mới thường xuyên.&lt;/p&gt;\r\n\r\n&lt;figure&gt;&lt;img alt=&quot;&quot; sizes=&quot;(max-width: 1024px) 100vw, 1024px&quot; src=&quot;https://topal.vn/wp-content/uploads/2021/05/z2506006677256_dfd61beb740c57b6b33f4a9a4f665c9c-1024x1024.jpg&quot; srcset=&quot;https://topal.vn/wp-content/uploads/2021/05/z2506006677256_dfd61beb740c57b6b33f4a9a4f665c9c-1024x1024.jpg 1024w, https://topal.vn/wp-content/uploads/2021/05/z2506006677256_dfd61beb740c57b6b33f4a9a4f665c9c-300x300.jpg 300w, https://topal.vn/wp-content/uploads/2021/05/z2506006677256_dfd61beb740c57b6b33f4a9a4f665c9c-150x150.jpg 150w, https://topal.vn/wp-content/uploads/2021/05/z2506006677256_dfd61beb740c57b6b33f4a9a4f665c9c-768x768.jpg 768w, https://topal.vn/wp-content/uploads/2021/05/z2506006677256_dfd61beb740c57b6b33f4a9a4f665c9c-1536x1536.jpg 1536w, https://topal.vn/wp-content/uploads/2021/05/z2506006677256_dfd61beb740c57b6b33f4a9a4f665c9c-600x600.jpg 600w, https://topal.vn/wp-content/uploads/2021/05/z2506006677256_dfd61beb740c57b6b33f4a9a4f665c9c-146x146.jpg 146w, https://topal.vn/wp-content/uploads/2021/05/z2506006677256_dfd61beb740c57b6b33f4a9a4f665c9c-50x50.jpg 50w, https://topal.vn/wp-content/uploads/2021/05/z2506006677256_dfd61beb740c57b6b33f4a9a4f665c9c-75x75.jpg 75w, https://topal.vn/wp-content/uploads/2021/05/z2506006677256_dfd61beb740c57b6b33f4a9a4f665c9c-85x85.jpg 85w, https://topal.vn/wp-content/uploads/2021/05/z2506006677256_dfd61beb740c57b6b33f4a9a4f665c9c-80x80.jpg 80w, https://topal.vn/wp-content/uploads/2021/05/z2506006677256_dfd61beb740c57b6b33f4a9a4f665c9c.jpg 1876w&quot; /&gt;&lt;/figure&gt;\r\n\r\n&lt;p&gt;&lt;strong&gt;Chế độ bảo hành chính hãng&lt;/strong&gt;&lt;br /&gt;\r\nĐể an tâm sử dụng, bạn nên lựa chọn các đơn vị sẵn sàng cam kết và bảo hành với khách hàng với sản phẩm trong quá trình sử dụng. Đối với các sản phẩm nhôm, các đơn vị uy tín sẽ có chế độ bảo hành độ bền màu cho lớp sơn bề mặt phải 5 năm. Đối với phụ kiện chính hãng thường được cam kết bảo hành với thời gian từ 1 năm. Người sử dụng có thể tiết kiệm được chi phí sửa chữa (nếu có) trong quá trình sử dụng cửa.&lt;/p&gt;\r\n\r\n&lt;figure&gt;&lt;img alt=&quot;&quot; sizes=&quot;(max-width: 1024px) 100vw, 1024px&quot; src=&quot;https://topal.vn/wp-content/uploads/2021/05/z2505843952155_8cb0631ea14857c12a24bc04d6861d89-1024x1024.jpg&quot; srcset=&quot;https://topal.vn/wp-content/uploads/2021/05/z2505843952155_8cb0631ea14857c12a24bc04d6861d89-1024x1024.jpg 1024w, https://topal.vn/wp-content/uploads/2021/05/z2505843952155_8cb0631ea14857c12a24bc04d6861d89-300x300.jpg 300w, https://topal.vn/wp-content/uploads/2021/05/z2505843952155_8cb0631ea14857c12a24bc04d6861d89-150x150.jpg 150w, https://topal.vn/wp-content/uploads/2021/05/z2505843952155_8cb0631ea14857c12a24bc04d6861d89-768x768.jpg 768w, https://topal.vn/wp-content/uploads/2021/05/z2505843952155_8cb0631ea14857c12a24bc04d6861d89-1536x1536.jpg 1536w, https://topal.vn/wp-content/uploads/2021/05/z2505843952155_8cb0631ea14857c12a24bc04d6861d89-600x600.jpg 600w, https://topal.vn/wp-content/uploads/2021/05/z2505843952155_8cb0631ea14857c12a24bc04d6861d89-146x146.jpg 146w, https://topal.vn/wp-content/uploads/2021/05/z2505843952155_8cb0631ea14857c12a24bc04d6861d89-50x50.jpg 50w, https://topal.vn/wp-content/uploads/2021/05/z2505843952155_8cb0631ea14857c12a24bc04d6861d89-75x75.jpg 75w, https://topal.vn/wp-content/uploads/2021/05/z2505843952155_8cb0631ea14857c12a24bc04d6861d89-85x85.jpg 85w, https://topal.vn/wp-content/uploads/2021/05/z2505843952155_8cb0631ea14857c12a24bc04d6861d89-80x80.jpg 80w, https://topal.vn/wp-content/uploads/2021/05/z2505843952155_8cb0631ea14857c12a24bc04d6861d89.jpg 1876w&quot; /&gt;&lt;/figure&gt;\r\n\r\n&lt;p&gt;Với những kinh nghiệm từ thực tế người sử dụng, mong rằng khách hàng sẽ có thêm thông tin khi mua cửa. Để tham khảo các sản phẩm nhôm kính đẹp, khách hàng có thể liên hệ Hotline 1900 6828 hoặc tìm ngay các showroom Topal gần nhất để trực tiếp trải nghiệm sản phẩm.&lt;/p&gt;', '&lt;p&gt;&lt;em&gt;Trong các loại cửa với sự đa dạng chất liệu trên thị trường hiện nay, cửa nhôm trở thành loại cửa chiếm ưu thế trong việc “lấy lòng” khách hàng.&lt;/em&gt;&lt;/p&gt;', 'https://cdn.bestme.asia/images/adgtopalxfec/z2505838630702_fb0985ad13999a00e732615a67c060fc-1024x681.jpg', '', '', '', 'kinh-nghiem-chon-mua-cua-nhom-do-ben-cao', '', 'image', '', NULL),
(13, 2, 'Cửa nhôm đồng bộ Topal Prima đã làm hài lòng khách hàng như thế nào?', '&lt;figure&gt;&lt;img alt=&quot;&quot; sizes=&quot;(max-width: 1024px) 100vw, 1024px&quot; src=&quot;https://topal.vn/wp-content/uploads/2021/06/z2555588402430_ff42932ced661e8a4278a7573fec8fa6-1024x682.jpg&quot; srcset=&quot;https://topal.vn/wp-content/uploads/2021/06/z2555588402430_ff42932ced661e8a4278a7573fec8fa6-1024x682.jpg 1024w, https://topal.vn/wp-content/uploads/2021/06/z2555588402430_ff42932ced661e8a4278a7573fec8fa6-300x200.jpg 300w, https://topal.vn/wp-content/uploads/2021/06/z2555588402430_ff42932ced661e8a4278a7573fec8fa6-768x511.jpg 768w, https://topal.vn/wp-content/uploads/2021/06/z2555588402430_ff42932ced661e8a4278a7573fec8fa6-1536x1023.jpg 1536w, https://topal.vn/wp-content/uploads/2021/06/z2555588402430_ff42932ced661e8a4278a7573fec8fa6-2048x1364.jpg 2048w, https://topal.vn/wp-content/uploads/2021/06/z2555588402430_ff42932ced661e8a4278a7573fec8fa6-600x400.jpg 600w, https://topal.vn/wp-content/uploads/2021/06/z2555588402430_ff42932ced661e8a4278a7573fec8fa6-219x146.jpg 219w, https://topal.vn/wp-content/uploads/2021/06/z2555588402430_ff42932ced661e8a4278a7573fec8fa6-50x33.jpg 50w, https://topal.vn/wp-content/uploads/2021/06/z2555588402430_ff42932ced661e8a4278a7573fec8fa6-113x75.jpg 113w&quot; /&gt;&lt;/figure&gt;\r\n\r\n&lt;p&gt;Cửa nhôm ngày nay đã trở thành từ khóa tìm kiếm phổ biến đối với lĩnh vực kiến trúc xây dựng. Nhận được sự đón nhận và tin dùng từ phía khách hàng, Cửa nhôm đồng bộ Topal Prima là một trong những dòng cửa được chọn dùng nhiều nhất cho đến thời điểm hiện tại. Nếu bạn đang tìm những bộ cửa nhôm bền vững và sở hữu giCửa nhôm ngày nay đã trở thành từ khóa tìm kiếm phổ biến đối với lĩnh vực kiến trúc xây dựng. Nhận được sự đón nhận và tin dùng từ phía khách hàng, Cửa nhôm đồng bộ Topal Prima là một trong những dòng cửa được chọn dùng nhiều nhất cho đến thời điểm hiện tại.á trị khác biệt trong mỗi bộ cửa. Chắc chắn rằng bài viết này dành cho bạn.&lt;/p&gt;\r\n\r\n&lt;p&gt;&lt;strong&gt;Đa dạng công năng thiết kế&lt;/strong&gt;&lt;/p&gt;\r\n\r\n&lt;p&gt;Topal Prima có thiết kế đa dạng với nhiều loại cửa, phù hợp cho công trình nhà bạn. Từ cửa sổ mở hất, cửa sổ mở quay, cửa sổ mở trượt, cửa sổ gấp trượt cho đến cửa đi mở quay, cửa đi mở lùa, cửa đi gấp trượt và đặc biệt là cửa đi gấp trượt vuông góc… Đáp ứng các yêu cầu về không gian, cách mở, hướng mở cho công trình; tối ưu tính năng, đạt khả năng kín nước, chống ồn vượt trội theo tiêu chuẩn Châu Âu EN1027.&lt;/p&gt;\r\n\r\n&lt;figure&gt;&lt;img alt=&quot;&quot; sizes=&quot;(max-width: 1024px) 100vw, 1024px&quot; src=&quot;https://topal.vn/wp-content/uploads/2021/06/z2555588286663_266cfa2b1d5679e2c8b019093b948aa9-1024x1024.jpg&quot; srcset=&quot;https://topal.vn/wp-content/uploads/2021/06/z2555588286663_266cfa2b1d5679e2c8b019093b948aa9-1024x1024.jpg 1024w, https://topal.vn/wp-content/uploads/2021/06/z2555588286663_266cfa2b1d5679e2c8b019093b948aa9-300x300.jpg 300w, https://topal.vn/wp-content/uploads/2021/06/z2555588286663_266cfa2b1d5679e2c8b019093b948aa9-150x150.jpg 150w, https://topal.vn/wp-content/uploads/2021/06/z2555588286663_266cfa2b1d5679e2c8b019093b948aa9-768x768.jpg 768w, https://topal.vn/wp-content/uploads/2021/06/z2555588286663_266cfa2b1d5679e2c8b019093b948aa9-1536x1536.jpg 1536w, https://topal.vn/wp-content/uploads/2021/06/z2555588286663_266cfa2b1d5679e2c8b019093b948aa9-2048x2048.jpg 2048w, https://topal.vn/wp-content/uploads/2021/06/z2555588286663_266cfa2b1d5679e2c8b019093b948aa9-600x600.jpg 600w, https://topal.vn/wp-content/uploads/2021/06/z2555588286663_266cfa2b1d5679e2c8b019093b948aa9-146x146.jpg 146w, https://topal.vn/wp-content/uploads/2021/06/z2555588286663_266cfa2b1d5679e2c8b019093b948aa9-50x50.jpg 50w, https://topal.vn/wp-content/uploads/2021/06/z2555588286663_266cfa2b1d5679e2c8b019093b948aa9-75x75.jpg 75w, https://topal.vn/wp-content/uploads/2021/06/z2555588286663_266cfa2b1d5679e2c8b019093b948aa9-85x85.jpg 85w, https://topal.vn/wp-content/uploads/2021/06/z2555588286663_266cfa2b1d5679e2c8b019093b948aa9-80x80.jpg 80w&quot; /&gt;&lt;/figure&gt;\r\n\r\n&lt;p&gt;&lt;strong&gt;Thẩm mỹ sang trọng, đẳng cấp&lt;/strong&gt;&lt;/p&gt;\r\n\r\n&lt;p&gt;Với thiết kế thanh nhôm khỏe khoắn, sang trọng, sở hữu sơn bề mặt cao cấp, Topal Prima là lựa chọn phù hợp với các công trình như khách sạn, Biệt thực, Resort nghỉ dưỡng cao cấp,…&lt;/p&gt;\r\n\r\n&lt;figure&gt;&lt;img alt=&quot;&quot; sizes=&quot;(max-width: 1024px) 100vw, 1024px&quot; src=&quot;https://topal.vn/wp-content/uploads/2021/06/z2555588259099_704ffc3833d4c2944e9d4af39f80e91f-1024x1024.jpg&quot; srcset=&quot;https://topal.vn/wp-content/uploads/2021/06/z2555588259099_704ffc3833d4c2944e9d4af39f80e91f-1024x1024.jpg 1024w, https://topal.vn/wp-content/uploads/2021/06/z2555588259099_704ffc3833d4c2944e9d4af39f80e91f-300x300.jpg 300w, https://topal.vn/wp-content/uploads/2021/06/z2555588259099_704ffc3833d4c2944e9d4af39f80e91f-150x150.jpg 150w, https://topal.vn/wp-content/uploads/2021/06/z2555588259099_704ffc3833d4c2944e9d4af39f80e91f-768x768.jpg 768w, https://topal.vn/wp-content/uploads/2021/06/z2555588259099_704ffc3833d4c2944e9d4af39f80e91f-1536x1536.jpg 1536w, https://topal.vn/wp-content/uploads/2021/06/z2555588259099_704ffc3833d4c2944e9d4af39f80e91f-2048x2048.jpg 2048w, https://topal.vn/wp-content/uploads/2021/06/z2555588259099_704ffc3833d4c2944e9d4af39f80e91f-600x600.jpg 600w, https://topal.vn/wp-content/uploads/2021/06/z2555588259099_704ffc3833d4c2944e9d4af39f80e91f-146x146.jpg 146w, https://topal.vn/wp-content/uploads/2021/06/z2555588259099_704ffc3833d4c2944e9d4af39f80e91f-50x50.jpg 50w, https://topal.vn/wp-content/uploads/2021/06/z2555588259099_704ffc3833d4c2944e9d4af39f80e91f-75x75.jpg 75w, https://topal.vn/wp-content/uploads/2021/06/z2555588259099_704ffc3833d4c2944e9d4af39f80e91f-85x85.jpg 85w, https://topal.vn/wp-content/uploads/2021/06/z2555588259099_704ffc3833d4c2944e9d4af39f80e91f-80x80.jpg 80w&quot; /&gt;&lt;/figure&gt;\r\n\r\n&lt;p&gt;&lt;strong&gt;Sở hữu tuổi thọ sử dụng cao&lt;/strong&gt;&lt;/p&gt;\r\n\r\n&lt;p&gt;Khách hàng chọn dùng cửa nhôm đồng bộ Topal Prima có thể tối ưu chi phí một cách hiệu quả nhất cho ví tiền của mình. Tiết kiệm ra sao? Đó là người dùng có thể hạn chế mất tiền cho việc sửa chữa thường xuyên. Bởi khi dùng những loại cửa thông thường, khách hàng sẽ rơi vào trường hợp liên tục phải sửa hoặc thay mới phụ kiện vì bị trục trặc.&lt;/p&gt;\r\n\r\n&lt;figure&gt;&lt;img alt=&quot;&quot; sizes=&quot;(max-width: 1024px) 100vw, 1024px&quot; src=&quot;https://topal.vn/wp-content/uploads/2021/06/z2555588216640_7ad774d72c24267075044ea11937faf8-1024x1024.jpg&quot; srcset=&quot;https://topal.vn/wp-content/uploads/2021/06/z2555588216640_7ad774d72c24267075044ea11937faf8-1024x1024.jpg 1024w, https://topal.vn/wp-content/uploads/2021/06/z2555588216640_7ad774d72c24267075044ea11937faf8-300x300.jpg 300w, https://topal.vn/wp-content/uploads/2021/06/z2555588216640_7ad774d72c24267075044ea11937faf8-150x150.jpg 150w, https://topal.vn/wp-content/uploads/2021/06/z2555588216640_7ad774d72c24267075044ea11937faf8-768x768.jpg 768w, https://topal.vn/wp-content/uploads/2021/06/z2555588216640_7ad774d72c24267075044ea11937faf8-1536x1536.jpg 1536w, https://topal.vn/wp-content/uploads/2021/06/z2555588216640_7ad774d72c24267075044ea11937faf8-2048x2048.jpg 2048w, https://topal.vn/wp-content/uploads/2021/06/z2555588216640_7ad774d72c24267075044ea11937faf8-600x600.jpg 600w, https://topal.vn/wp-content/uploads/2021/06/z2555588216640_7ad774d72c24267075044ea11937faf8-146x146.jpg 146w, https://topal.vn/wp-content/uploads/2021/06/z2555588216640_7ad774d72c24267075044ea11937faf8-50x50.jpg 50w, https://topal.vn/wp-content/uploads/2021/06/z2555588216640_7ad774d72c24267075044ea11937faf8-75x75.jpg 75w, https://topal.vn/wp-content/uploads/2021/06/z2555588216640_7ad774d72c24267075044ea11937faf8-85x85.jpg 85w, https://topal.vn/wp-content/uploads/2021/06/z2555588216640_7ad774d72c24267075044ea11937faf8-80x80.jpg 80w&quot; /&gt;&lt;/figure&gt;\r\n\r\n&lt;p&gt;&lt;br /&gt;\r\nTrong khi đó, bạn sẽ không mắc phải sai lầm đó nếu chọn sử dụng cửa nhôm đồng bộ Topal Prima bởi đây là sản phẩm đồng bộ được thiết kế đồng bộ từ NGUYÊN VẬT LIỆU (thanh nhôm, phụ kiện, gioăng) cho đến CÔNG NGHỆ SẢN XUẤT (công cụ sản xuất, tài liệu hướng dẫn) giúp cửa nhôm đồng bộ Topal Prima vận hành bền bỉ, các phụ kiện được vận hành ăn khớp với nhau giúp tăng độ bền cho sản phẩm. &lt;/p&gt;\r\n\r\n&lt;p&gt;&lt;strong&gt;Bảo hành chính hãng trên toàn quốc&lt;/strong&gt;&lt;/p&gt;\r\n\r\n&lt;p&gt;Chính sách bảo hành chính hãng từ Nhôm Topal đã tạo thêm niềm tin cho khách hàng khi chọn lựa:&lt;/p&gt;\r\n\r\n&lt;p&gt;+ Bảo hành bề mặt sơn, chống bong tróc : 5 năm&lt;br /&gt;\r\n+ Bảo hành phụ kiện kim khí đồng bộ : 1 năm vận hành ( lỗi sản phẩm đổi mới 100% )&lt;br /&gt;\r\n+ Bảo hành gioăng EPDM nhập khẩu chống lão hóa: 5 năm&lt;/p&gt;\r\n\r\n&lt;figure&gt;&lt;img alt=&quot;&quot; sizes=&quot;(max-width: 1024px) 100vw, 1024px&quot; src=&quot;https://topal.vn/wp-content/uploads/2021/06/z2555588367515_72ddce9168828dc032e032c076ad78de-1024x1024.jpg&quot; srcset=&quot;https://topal.vn/wp-content/uploads/2021/06/z2555588367515_72ddce9168828dc032e032c076ad78de-1024x1024.jpg 1024w, https://topal.vn/wp-content/uploads/2021/06/z2555588367515_72ddce9168828dc032e032c076ad78de-300x300.jpg 300w, https://topal.vn/wp-content/uploads/2021/06/z2555588367515_72ddce9168828dc032e032c076ad78de-150x150.jpg 150w, https://topal.vn/wp-content/uploads/2021/06/z2555588367515_72ddce9168828dc032e032c076ad78de-768x768.jpg 768w, https://topal.vn/wp-content/uploads/2021/06/z2555588367515_72ddce9168828dc032e032c076ad78de-1536x1536.jpg 1536w, https://topal.vn/wp-content/uploads/2021/06/z2555588367515_72ddce9168828dc032e032c076ad78de-2048x2048.jpg 2048w, https://topal.vn/wp-content/uploads/2021/06/z2555588367515_72ddce9168828dc032e032c076ad78de-600x600.jpg 600w, https://topal.vn/wp-content/uploads/2021/06/z2555588367515_72ddce9168828dc032e032c076ad78de-146x146.jpg 146w, https://topal.vn/wp-content/uploads/2021/06/z2555588367515_72ddce9168828dc032e032c076ad78de-50x50.jpg 50w, https://topal.vn/wp-content/uploads/2021/06/z2555588367515_72ddce9168828dc032e032c076ad78de-75x75.jpg 75w, https://topal.vn/wp-content/uploads/2021/06/z2555588367515_72ddce9168828dc032e032c076ad78de-85x85.jpg 85w, https://topal.vn/wp-content/uploads/2021/06/z2555588367515_72ddce9168828dc032e032c076ad78de-80x80.jpg 80w&quot; /&gt;&lt;/figure&gt;\r\n\r\n&lt;p&gt;Luôn luôn có 2 kênh bảo hành trực tiếp cho quý khách hàng sử dụng cửa nhôm TOPAL:&lt;/p&gt;\r\n\r\n&lt;p&gt;+ Kênh bảo hành của đại lý sản xuất ủy quyền chính hãng&lt;br /&gt;\r\n+ Kênh bảo hành của Tập đoàn Austdoor – Nhôm Topal với hotline 1900 6828 trên toàn quốc&lt;/p&gt;', '&lt;p&gt;&lt;em&gt;Cửa nhôm ngày nay đã trở thành từ khóa tìm kiếm phổ biến đối với lĩnh vực kiến trúc xây dựng. Nhận được sự đón nhận và tin dùng từ phía khách hàng, Cửa nhôm đồng bộ Topal Prima là một trong những dòng cửa được chọn dùng nhiều nhất cho đến thời điểm hiện tại.&lt;/em&gt;&lt;/p&gt;', 'https://cdn.bestme.asia/images/adgtopalxfec/z2555588402430_ff42932ced661e8a4278a7573fec8fa6-1024x682.jpg', '', '', '', 'cua-nhom-dong-bo-topal-prima-da-lam-hai-long-khach-hang-nhu-the-nao', '', 'image', '', NULL),
(14, 2, '&quot;Topal - Mua càng nhiều, quà càng lớn&quot;', '&lt;figure&gt;&lt;img alt=&quot;&quot; sizes=&quot;(max-width: 1024px) 100vw, 1024px&quot; src=&quot;https://topal.vn/wp-content/uploads/2021/10/TP-CTKM-BU2-0810-02-1-1024x1024.png&quot; srcset=&quot;https://topal.vn/wp-content/uploads/2021/10/TP-CTKM-BU2-0810-02-1-1024x1024.png 1024w, https://topal.vn/wp-content/uploads/2021/10/TP-CTKM-BU2-0810-02-1-300x300.png 300w, https://topal.vn/wp-content/uploads/2021/10/TP-CTKM-BU2-0810-02-1-150x150.png 150w, https://topal.vn/wp-content/uploads/2021/10/TP-CTKM-BU2-0810-02-1-768x768.png 768w, https://topal.vn/wp-content/uploads/2021/10/TP-CTKM-BU2-0810-02-1-1536x1536.png 1536w, https://topal.vn/wp-content/uploads/2021/10/TP-CTKM-BU2-0810-02-1-2048x2048.png 2048w, https://topal.vn/wp-content/uploads/2021/10/TP-CTKM-BU2-0810-02-1-600x600.png 600w, https://topal.vn/wp-content/uploads/2021/10/TP-CTKM-BU2-0810-02-1-146x146.png 146w, https://topal.vn/wp-content/uploads/2021/10/TP-CTKM-BU2-0810-02-1-50x50.png 50w, https://topal.vn/wp-content/uploads/2021/10/TP-CTKM-BU2-0810-02-1-75x75.png 75w, https://topal.vn/wp-content/uploads/2021/10/TP-CTKM-BU2-0810-02-1-85x85.png 85w, https://topal.vn/wp-content/uploads/2021/10/TP-CTKM-BU2-0810-02-1-80x80.png 80w&quot; /&gt;&lt;/figure&gt;\r\n\r\n&lt;p&gt;&lt;span style=&quot;font-size:20px;&quot;&gt;&lt;strong&gt;&lt;em&gt;Nhằm tri ân hệ thống đại lý đã đồng hành trong thời gian qua, Nhôm Topal triển khai chương trình khuyến mại “TOPAL – MUA CÀNG NHIỀU, QUÀ CÀNG LỚN” tại các tỉnh từ Quảng Ngãi trở vào phía Nam từ ngày 10/10/2021-31/12/2021.&lt;/em&gt;&lt;/strong&gt;&lt;/span&gt;&lt;/p&gt;\r\n\r\n&lt;p&gt;Căn cứ Luật thương mại, Nghị định số 81/2018/NĐ-CP ngày 22 tháng 5 năm 2018 của Chính phủ quy định chi tiết Luật thương mại về hoạt động xúc tiến thương mại, CÔNG TY CỔ PHẦN TẬP ĐOÀN AUSTDOOR thông báo chương trình khuyến mại tới các Quý Đại lý như sau:&lt;/p&gt;\r\n\r\n&lt;ol&gt;\r\n	&lt;li&gt;Tên chương trình khuyến mại: CTKM Topal – Mua càng nhiều quà càng lớn&lt;/li&gt;\r\n	&lt;li&gt;Địa bàn (phạm vi) khuyến mại: Các tỉnh từ Quảng Ngãi trở vào phía Nam&lt;/li&gt;\r\n	&lt;li&gt;Hình thức khuyến mại: Tặng phiếu mua hàng cho các đơn hàng nhôm hệ Topal và phụ kiện đủ điều kiện đổi thưởng.&lt;/li&gt;\r\n	&lt;li&gt;Thời gian khuyến mại: Từ ngày 10/10/2021 đến ngày 31/12/2021.&lt;/li&gt;\r\n	&lt;li&gt;Áp dung khi mua tất cả các sản phẩm Nhôm hệ Topal và phụ kiện.&lt;/li&gt;\r\n	&lt;li&gt;Hàng hóa, dịch vụ dùng để khuyến mại: Phiếu mua hàng Topal&lt;/li&gt;\r\n	&lt;li&gt;Khách hàng được hưởng khuyến mại: Các Đại lý sản xuất mua hàng trực tiếp từ Công ty hoặc các Đại lý sản xuất mua hàng qua Đại lý phân phối của Công ty tại các tỉnh từ Quảng Ngãi trở vào phía Nam.&lt;/li&gt;\r\n	&lt;li&gt;Cơ cấu giải thưởng: Đại lý sản xuất mua hàng trong thời gian diễn ra chương trình đạt mức doanh thu theo quy định được thưởng những phần quà tương ứng là các phiếu mua hàng trị giá 1.000.000 VNĐ, 4.000.000 VNĐ và 9.000.000 VNĐ. Số lượng phần quà không giới hạn.&lt;/li&gt;\r\n&lt;/ol&gt;\r\n\r\n&lt;figure&gt;&lt;img alt=&quot;&quot; sizes=&quot;(max-width: 512px) 100vw, 512px&quot; src=&quot;https://topal.vn/wp-content/uploads/2021/10/TP-CTKM-BU2-0810-03-1-512x1024.png&quot; srcset=&quot;https://topal.vn/wp-content/uploads/2021/10/TP-CTKM-BU2-0810-03-1-512x1024.png 512w, https://topal.vn/wp-content/uploads/2021/10/TP-CTKM-BU2-0810-03-1-150x300.png 150w, https://topal.vn/wp-content/uploads/2021/10/TP-CTKM-BU2-0810-03-1-768x1536.png 768w, https://topal.vn/wp-content/uploads/2021/10/TP-CTKM-BU2-0810-03-1-1024x2048.png 1024w, https://topal.vn/wp-content/uploads/2021/10/TP-CTKM-BU2-0810-03-1-300x600.png 300w, https://topal.vn/wp-content/uploads/2021/10/TP-CTKM-BU2-0810-03-1-73x146.png 73w, https://topal.vn/wp-content/uploads/2021/10/TP-CTKM-BU2-0810-03-1-25x50.png 25w, https://topal.vn/wp-content/uploads/2021/10/TP-CTKM-BU2-0810-03-1-38x75.png 38w&quot; /&gt;&lt;/figure&gt;\r\n\r\n&lt;p&gt;Văn bản chi tiết hướng dẫn thực hiện chương trình :&lt;/p&gt;\r\n\r\n&lt;figure&gt;&lt;img alt=&quot;&quot; sizes=&quot;(max-width: 748px) 100vw, 748px&quot; src=&quot;https://topal.vn/wp-content/uploads/2021/10/0001-748x1024.jpg&quot; srcset=&quot;https://topal.vn/wp-content/uploads/2021/10/0001-748x1024.jpg 748w, https://topal.vn/wp-content/uploads/2021/10/0001-219x300.jpg 219w, https://topal.vn/wp-content/uploads/2021/10/0001-768x1051.jpg 768w, https://topal.vn/wp-content/uploads/2021/10/0001-1122x1536.jpg 1122w, https://topal.vn/wp-content/uploads/2021/10/0001-1496x2048.jpg 1496w, https://topal.vn/wp-content/uploads/2021/10/0001-438x600.jpg 438w, https://topal.vn/wp-content/uploads/2021/10/0001-107x146.jpg 107w, https://topal.vn/wp-content/uploads/2021/10/0001-37x50.jpg 37w, https://topal.vn/wp-content/uploads/2021/10/0001-55x75.jpg 55w, https://topal.vn/wp-content/uploads/2021/10/0001-scaled.jpg 1870w&quot; /&gt;&lt;/figure&gt;\r\n\r\n&lt;figure&gt;&lt;img alt=&quot;&quot; sizes=&quot;(max-width: 711px) 100vw, 711px&quot; src=&quot;https://topal.vn/wp-content/uploads/2021/10/0002-711x1024.jpg&quot; srcset=&quot;https://topal.vn/wp-content/uploads/2021/10/0002-711x1024.jpg 711w, https://topal.vn/wp-content/uploads/2021/10/0002-208x300.jpg 208w, https://topal.vn/wp-content/uploads/2021/10/0002-768x1106.jpg 768w, https://topal.vn/wp-content/uploads/2021/10/0002-1067x1536.jpg 1067w, https://topal.vn/wp-content/uploads/2021/10/0002-1422x2048.jpg 1422w, https://topal.vn/wp-content/uploads/2021/10/0002-417x600.jpg 417w, https://topal.vn/wp-content/uploads/2021/10/0002-101x146.jpg 101w, https://topal.vn/wp-content/uploads/2021/10/0002-35x50.jpg 35w, https://topal.vn/wp-content/uploads/2021/10/0002-52x75.jpg 52w, https://topal.vn/wp-content/uploads/2021/10/0002-scaled.jpg 1778w&quot; /&gt;&lt;/figure&gt;', '&lt;p&gt;&lt;em&gt;Nhằm tri ân hệ thống đại lý đã đồng hành trong thời gian qua, Nhôm Topal triển khai chương trình khuyến mại “MUA NHÔM TOPAL – NHẬN NGAY VÀNG 9999” tại các tỉnh từ Quảng Nam trở ra phía Bắc từ ngày 10/10/2021-31/12/2021.&lt;/em&gt;&lt;/p&gt;', 'https://cdn.bestme.asia/images/adgtopalxfec/tp-ctkm-bu2-0810-02-1-1024x1024.png', '', '', '', 'nhom-topal-mua-cang-nhieu-qua-cang-lon', '', 'image', '', NULL),
(15, 2, '&quot;Mua nhôm Topal - Nhận ngay vàng 9999&quot;', '&lt;figure&gt;&lt;img alt=&quot;&quot; sizes=&quot;(max-width: 1024px) 100vw, 1024px&quot; src=&quot;https://topal.vn/wp-content/uploads/2021/10/TP-CTKM-BU1-0810-01-1024x1024.png&quot; srcset=&quot;https://topal.vn/wp-content/uploads/2021/10/TP-CTKM-BU1-0810-01-1024x1024.png 1024w, https://topal.vn/wp-content/uploads/2021/10/TP-CTKM-BU1-0810-01-300x300.png 300w, https://topal.vn/wp-content/uploads/2021/10/TP-CTKM-BU1-0810-01-150x150.png 150w, https://topal.vn/wp-content/uploads/2021/10/TP-CTKM-BU1-0810-01-768x768.png 768w, https://topal.vn/wp-content/uploads/2021/10/TP-CTKM-BU1-0810-01-1536x1536.png 1536w, https://topal.vn/wp-content/uploads/2021/10/TP-CTKM-BU1-0810-01-2048x2048.png 2048w, https://topal.vn/wp-content/uploads/2021/10/TP-CTKM-BU1-0810-01-600x600.png 600w, https://topal.vn/wp-content/uploads/2021/10/TP-CTKM-BU1-0810-01-146x146.png 146w, https://topal.vn/wp-content/uploads/2021/10/TP-CTKM-BU1-0810-01-50x50.png 50w, https://topal.vn/wp-content/uploads/2021/10/TP-CTKM-BU1-0810-01-75x75.png 75w, https://topal.vn/wp-content/uploads/2021/10/TP-CTKM-BU1-0810-01-85x85.png 85w, https://topal.vn/wp-content/uploads/2021/10/TP-CTKM-BU1-0810-01-80x80.png 80w&quot; /&gt;&lt;/figure&gt;\r\n\r\n&lt;p&gt;&lt;span style=&quot;font-size:20px;&quot;&gt;&lt;strong&gt;&lt;em&gt;Nhằm tri ân hệ thống đại lý đã đồng hành trong thời gian qua, Nhôm Topal triển khai chương trình khuyến mại “MUA NHÔM TOPAL – NHẬN NGAY VÀNG 9999” tại các tỉnh từ Quảng Nam trở ra phía Bắc từ ngày 10/10/2021-31/12/2021.&lt;/em&gt;&lt;/strong&gt;&lt;/span&gt;&lt;/p&gt;\r\n\r\n&lt;p&gt;Căn cứ Luật thương mại, Nghị định số 81/2018/NĐ-CP ngày 22 tháng 5 năm 2018 của Chính phủ quy định chi tiết Luật thương mại về hoạt động xúc tiến thương mại, CÔNG TY CỔ PHẦN TẬP ĐOÀN AUSTDOOR thông báo chương trình khuyến mại tới các Quý Đại lý như sau:&lt;/p&gt;\r\n\r\n&lt;p&gt;1. Tên chương trình khuyến mại: Mua nhôm Topal nhận ngay vàng 9999&lt;/p&gt;\r\n\r\n&lt;p&gt;2. Địa bàn (phạm vi) khuyến mại: Các tỉnh từ Quảng Nam trở ra phía Bắc&lt;/p&gt;\r\n\r\n&lt;p&gt;3. Hình thức khuyến mại: Tặng vàng cho các đại lý mua hàng đạt đủ điều kiện thưởng.&lt;/p&gt;\r\n\r\n&lt;p&gt;4. Thời gian khuyến mại: 10/10/2021 – 31/12/2021&lt;/p&gt;\r\n\r\n&lt;p&gt;5. Áp dụng với tất cả các sản phẩm Nhôm hệ Topal và phụ kiện.&lt;/p&gt;\r\n\r\n&lt;p&gt;6. Khách hàng được hưởng khuyến mại: Các Đại lý sản xuất mua hàng trực tiếp từ Công ty hoặc các Đại lý sản xuất mua hàng qua Đại lý phân phối của Công ty tại các tỉnh từ Quảng Nam trở ra phía Bắc.&lt;/p&gt;\r\n\r\n&lt;p&gt;7. Cơ cấu giải thưởng : Tặng vàng 9999 cho mỗi đại lý đạt điều kiện trao thưởng. Số lượng giải thưởng không giới hạn.&lt;/p&gt;\r\n\r\n&lt;figure&gt;&lt;img alt=&quot;&quot; sizes=&quot;(max-width: 512px) 100vw, 512px&quot; src=&quot;https://topal.vn/wp-content/uploads/2021/10/TP-CTKM-BU1-0810-02-512x1024.png&quot; srcset=&quot;https://topal.vn/wp-content/uploads/2021/10/TP-CTKM-BU1-0810-02-512x1024.png 512w, https://topal.vn/wp-content/uploads/2021/10/TP-CTKM-BU1-0810-02-150x300.png 150w, https://topal.vn/wp-content/uploads/2021/10/TP-CTKM-BU1-0810-02-768x1536.png 768w, https://topal.vn/wp-content/uploads/2021/10/TP-CTKM-BU1-0810-02-1024x2048.png 1024w, https://topal.vn/wp-content/uploads/2021/10/TP-CTKM-BU1-0810-02-300x600.png 300w, https://topal.vn/wp-content/uploads/2021/10/TP-CTKM-BU1-0810-02-73x146.png 73w, https://topal.vn/wp-content/uploads/2021/10/TP-CTKM-BU1-0810-02-25x50.png 25w, https://topal.vn/wp-content/uploads/2021/10/TP-CTKM-BU1-0810-02-38x75.png 38w&quot; /&gt;&lt;/figure&gt;\r\n\r\n&lt;p&gt;Văn bản chi tiết hướng dẫn thực hiện chương trình :&lt;/p&gt;\r\n\r\n&lt;figure&gt;&lt;img alt=&quot;&quot; sizes=&quot;(max-width: 724px) 100vw, 724px&quot; src=&quot;https://topal.vn/wp-content/uploads/2021/10/0001-1-724x1024.jpg&quot; srcset=&quot;https://topal.vn/wp-content/uploads/2021/10/0001-1-724x1024.jpg 724w, https://topal.vn/wp-content/uploads/2021/10/0001-1-212x300.jpg 212w, https://topal.vn/wp-content/uploads/2021/10/0001-1-768x1086.jpg 768w, https://topal.vn/wp-content/uploads/2021/10/0001-1-1086x1536.jpg 1086w, https://topal.vn/wp-content/uploads/2021/10/0001-1-1449x2048.jpg 1449w, https://topal.vn/wp-content/uploads/2021/10/0001-1-424x600.jpg 424w, https://topal.vn/wp-content/uploads/2021/10/0001-1-103x146.jpg 103w, https://topal.vn/wp-content/uploads/2021/10/0001-1-35x50.jpg 35w, https://topal.vn/wp-content/uploads/2021/10/0001-1-53x75.jpg 53w, https://topal.vn/wp-content/uploads/2021/10/0001-1-scaled.jpg 1811w&quot; /&gt;&lt;/figure&gt;\r\n\r\n&lt;figure&gt;&lt;img alt=&quot;&quot; sizes=&quot;(max-width: 724px) 100vw, 724px&quot; src=&quot;https://topal.vn/wp-content/uploads/2021/10/0002-1-724x1024.jpg&quot; srcset=&quot;https://topal.vn/wp-content/uploads/2021/10/0002-1-724x1024.jpg 724w, https://topal.vn/wp-content/uploads/2021/10/0002-1-212x300.jpg 212w, https://topal.vn/wp-content/uploads/2021/10/0002-1-768x1086.jpg 768w, https://topal.vn/wp-content/uploads/2021/10/0002-1-1086x1536.jpg 1086w, https://topal.vn/wp-content/uploads/2021/10/0002-1-1449x2048.jpg 1449w, https://topal.vn/wp-content/uploads/2021/10/0002-1-424x600.jpg 424w, https://topal.vn/wp-content/uploads/2021/10/0002-1-103x146.jpg 103w, https://topal.vn/wp-content/uploads/2021/10/0002-1-35x50.jpg 35w, https://topal.vn/wp-content/uploads/2021/10/0002-1-53x75.jpg 53w, https://topal.vn/wp-content/uploads/2021/10/0002-1-scaled.jpg 1811w&quot; /&gt;&lt;/figure&gt;', '&lt;p&gt;&lt;em&gt;Nhằm tri ân hệ thống đại lý đã đồng hành trong thời gian qua, Nhôm Topal triển khai chương trình khuyến mại “MUA NHÔM TOPAL – NHẬN NGAY VÀNG 9999” tại các tỉnh từ Quảng Nam trở ra phía Bắc từ ngày 10/10/2021-31/12/2021.&lt;/em&gt;&lt;/p&gt;', 'https://cdn.bestme.asia/images/adgtopalxfec/tp-ctkm-bu1-0810-01-1024x1024.png', '', '', '', 'mua-nhom-topal-nhan-ngay-vang-9999', '', 'image', '', NULL),
(18, 2, 'Topal tự hào là thương hiệu nhôm trẻ nhất đạt thương hiệu quốc gia 2020', '&lt;figure&gt;&lt;img alt=&quot;Hình ảnh này chưa có thuộc tính alt; tên tệp của nó là ca46eb2d1721e67fbf30-1024x764.jpg&quot; src=&quot;https://topal.vn/wp-content/uploads/2020/11/ca46eb2d1721e67fbf30-1024x764.jpg&quot; /&gt;\r\n&lt;figcaption&gt;Ông Dương Thạch Nguyên – Phó Tổng Giám Đốc Tập đoàn Austdoor nhận hoa và biểu trưng Thương Hiệu Quốc Gia từ Ông Vương Đình Huệ – Uỷ viên Bộ Chính trị, Bí thư Thành ủy Hà Nội và ông Nguyễn Thế Kỷ – Ủy viên TW Đảng, Tổng Giám đốc Đài tiếng nói Việt Nam.&lt;/figcaption&gt;\r\n&lt;/figure&gt;\r\n\r\n&lt;p&gt;&lt;span style=&quot;font-size:20px;&quot;&gt;&lt;em&gt;&lt;strong&gt;Cửa cuốn Austdoor và Nhôm Topal vừa được vinh danh trong Lễ công bố các doanh nghiệp đạt Thương hiệu quốc gia 2020. Đây là hai sản phẩm chủ lực của Tập đoàn Austdoor trong hành trình khẳng định vị thế hàng đầu trong lĩnh vực sản xuất và cung cấp cửa và vật liệu xây dựng tại Việt Nam.&lt;/strong&gt;&lt;/em&gt;&lt;/span&gt;&lt;/p&gt;\r\n\r\n&lt;p&gt;Tối ngày hôm nay 25/11, Lễ Công bố các sản phẩm đạt Thương Hiệu Quốc Gia 2020 (THQG) đã chính thức diễn ra tại Nhà Hát Lớn Hà Nội. Vượt qua hơn 1.000 hồ sơ đăng ký, Tập đoàn Austdoor (ADG) đạt chứng nhận cho hai sản phẩm Cửa cuốn Austdoor và Nhôm Topal. Trong đó, Cửa cuốn Austdoor là thương hiệu cửa cuốn đầu tiên và duy nhất đạt THQG 2 lần liên tiếp còn Nhôm Topal là thương hiệu Nhôm “trẻ nhất” đạt danh hiệu chỉ sau 3 năm ra mắt trên thị trường.&lt;/p&gt;\r\n\r\n&lt;figure&gt;&lt;img alt=&quot;Hình ảnh này chưa có thuộc tính alt; tên tệp của nó là be142674da782b267269-1024x633.jpg&quot; src=&quot;https://topal.vn/wp-content/uploads/2020/11/be142674da782b267269-1024x633.jpg&quot; /&gt;\r\n&lt;figcaption&gt;Ông Dương Thạch Nguyên – Phó Tổng Giám Đốc Tập đoàn Austdoor nhận hoa và biểu trưng Thương Hiệu Quốc Gia từ Ông Vương Đình Huệ – Uỷ viên Bộ Chính trị, Bí thư Thành ủy Hà Nội và ông Nguyễn Thế Kỷ – Ủy viên TW Đảng, Tổng Giám đốc Đài tiếng nói Việt Nam.&lt;/figcaption&gt;\r\n&lt;/figure&gt;\r\n\r\n&lt;p&gt;Đây là năm thứ 2 Tập đoàn Austdoor đạt danh hiệu, trong đó Cửa cuốn Austdoor là thương hiệu cửa cuốn đầu tiên và duy nhất đạt THQG hai lần liên tiếp, còn Nhôm Topal là thương hiệu nhôm “trẻ nhất” được vinh danh chỉ sau 3 năm có mặt trên thị trường. Đây là kết quả ghi nhận cho những nỗ lực đổi mới sáng tạo về chất lượng sản phẩm, đầu tư lớn về quy mô sản xuất, cung ứng, công nghệ thiết bị, con người và cả những đóng góp cho cộng đồng, xã hội. &lt;br /&gt;\r\n﻿&lt;/p&gt;\r\n\r\n&lt;figure&gt;&lt;img alt=&quot;Hình ảnh này chưa có thuộc tính alt; tên tệp của nó là e6697d73807f7121286e-1-1024x616.jpg&quot; src=&quot;https://topal.vn/wp-content/uploads/2020/11/e6697d73807f7121286e-1-1024x616.jpg&quot; /&gt;&lt;/figure&gt;\r\n\r\n&lt;p&gt;Năm nay, vượt qua 1000 doanh nghiệp đăng ký hồ sơ tham dự chương trình, Tập đoàn Austdoor là một trong số 124 doanh nghiệp đủ tiêu chuẩn, vượt qua các tiêu chí khắt khe của chương trình. Đặc biệt khi năm 2020 là kỳ xét chọn đầu tiên Bộ Công thương triển khai Quyết định số 30/2019/QĐ-TTg ngày 08 tháng 10 năm 2019 của Thủ tướng Chính phủ và Thông tư số 33/2019/TT-BCT ngày 22 tháng 11 năm 2019 của Bộ Công Thương. Theo đó, các doanh nghiệp đều phải đảm bảo việc bảo hộ sở hữu trí tuệ, chấp hành pháp luật cũng như việc thực hiện trách nhiệm xã hội, bên cạnh bộ tiêu chí về năng lực.&lt;/p&gt;\r\n\r\n&lt;figure&gt;&lt;img alt=&quot;Hình ảnh này chưa có thuộc tính alt; tên tệp của nó là 917d3f0b1204e35aba15-1024x738.jpg&quot; src=&quot;https://topal.vn/wp-content/uploads/2020/11/917d3f0b1204e35aba15-1024x738.jpg&quot; /&gt;\r\n&lt;figcaption&gt;Ông Dương Thach Nguyên – Phó Tổng giám đốc Tập đoàn Austdoor trả lời phỏng vấn báo chí&lt;/figcaption&gt;\r\n&lt;/figure&gt;\r\n\r\n&lt;p&gt;Vinh dự khi được nhận Thương hiệu quốc gia, ông Dương Thach Nguyên – Phó Tổng giám đốc Tập đoàn Austdoor chia sẻ: &lt;em&gt;“Sự kiện là dấu mốc đáng nhớ trong hành trình 18 năm  phát triển của Austdoor. Thời gian tới, Tập đoàn sẽ đầu tư lớn từ sản xuất đến phân phối để mang lại trải nghiệm tốt nhất cho khách hàng, giữ vững vị thế cửa cuốn hàng đầu tại Việt Nam đồng thời đưa thương hiệu nhôm Topal phát triển mạnh mẽ, góp phần nâng cao vị thế của nhôm Việt”.&lt;/em&gt;&lt;/p&gt;\r\n\r\n&lt;figure&gt;&lt;img alt=&quot;Hình ảnh này chưa có thuộc tính alt; tên tệp của nó là 20b1cfa7d8a829f670b9-1024x653.jpg&quot; src=&quot;https://topal.vn/wp-content/uploads/2020/11/20b1cfa7d8a829f670b9-1024x653.jpg&quot; /&gt;\r\n&lt;figcaption&gt;&lt;em&gt;Thủ tướng chụp ảnh lưu niệm với 124 lãnh đạo doanh nghiệp&lt;/em&gt;&lt;/figcaption&gt;\r\n&lt;/figure&gt;\r\n\r\n&lt;p&gt;Từ khi ra đời năm 2003 đến nay, cửa cuốn Austdoor luôn là thương hiệu cửa cuốn hàng đầu được người tiêu dùng trong và ngoài nước tin dùng. Austdoor không ngừng nghiên cứu, áp dụng các công nghệ mới, đa dạng chủng loại, phù hợp với tất cả các công trình từ nhà phố đến công nghiệp… Các công nghệ an toàn và an ninh không ngừng được cải tiến để đảm bảo sự an toàn tối đa cho người sử dụng và đáp ứng nhu cầu của thị trường, bắt kịp với xu hướng công nghệ của các nước tiên tiến trên thế giới.&lt;/p&gt;\r\n\r\n&lt;p&gt;Trong khi đó, Nhôm Topal dù mới gia nhập thị trường chưa lâu (2017-2020) đã nhanh chóng có được  “chỗ đứng” trong ngành nhôm Việt khi phủ sóng 63 tỉnh thành và liên tục cho ra mắt các dòng sản phẩm cửa nhôm cao cấp, nhôm hệ chất lượng cao, cung ứng hàng trăm nghìn tấn nhôm mỗi năm cho cả nước thông qua hệ thống nhà máy rộng khắp.&lt;/p&gt;\r\n\r\n&lt;p&gt;Việc đạt Thương hiệu quốc gia và duy trì và phát huy hơn nữa những kết quả là mục tiêu tiếp theo của Tập đoàn Austdoor. Trong thời gian tới tập đoàn sẽ tiếp tục đầu tư phát triển để mang đến những sản phẩm cửa cuốn, cửa nhôm và nhôm thanh định hình chất lượng tốt nhất cho khách hàng và đối tác, tạo nên những trải nghiệm khách hàng vượt trội để tự tin chinh phục những thị trường khó tính nhất, vươn tầm quốc tế.&lt;/p&gt;\r\n\r\n&lt;figure&gt;&lt;img alt=&quot;Hình ảnh này chưa có thuộc tính alt; tên tệp của nó là 7161416e5561a43ffd70-1024x726.jpg&quot; src=&quot;https://topal.vn/wp-content/uploads/2020/11/7161416e5561a43ffd70-1024x726.jpg&quot; /&gt;&lt;/figure&gt;\r\n\r\n&lt;p&gt;Thương hiệu quốc gia là chương trình xúc tiến thương mại đặc thù, dài hạn và duy nhất của Chính phủ nhằm xây dựng, phát triển thương hiệu quốc gia thông qua thương hiệu sản phẩm. Việc tham gia chương trình là một quá trình để doanh nghiệp đánh giá toàn diện các hoạt động, kết quả sản xuất – kinh doanh và chiến lược xây dựng thương hiệu. Từ đó khuyến khích các doanh nghiệp chia sẻ và theo đuổi các giá trị cốt lõi của chương trình, gồm: &lt;strong&gt;chất lượng – đổi mới, sáng tạo – năng lực tiên phong. &lt;/strong&gt;Đây cũng chính là kim chỉ nam cho các hoạt động của Tập đoàn Austdoor để hiện thực hóa tầm nhìn trở thành Nhà cung cấp các giải pháp tổng thể về cửa và vật liệu xây dựng công nghệ cao hàng đầu khu vực Đông Nam Á.  &lt;/p&gt;', '&lt;p&gt;Cửa cuốn Austdoor và Nhôm Topal vừa được vinh danh trong Lễ công bố các doanh nghiệp đạt Thương hiệu quốc gia 2020. Đây là hai sản phẩm chủ lực của Tập đoàn Austdoor trong hành trình khẳng định vị thế hàng đầu trong lĩnh vực sản xuất và cung cấp cửa và vật liệu xây dựng tại Việt Nam.&lt;/p&gt;', 'https://cdn.bestme.asia/images/adgtopalxfec/ca46eb2d1721e67fbf30-1024x764.jpg', '', '', '', 'topal-tu-hao-la-thuong-hieu-nhom-tre-nhat-dat-thuong-hieu-quoc-gia-2020', '', 'image', '', NULL),
(17, 2, 'Nhôm Topal xuất khẩu thành công sang Mỹ, Canada', '&lt;p&gt;&lt;span style=&quot;font-size:20px;&quot;&gt;&lt;strong&gt;Trong bối cảnh nguồn cung nguyên liệu bị đứt gãy do ảnh hưởng dịch Covid-19, chi phí logistic tăng lên đáng kể… nhưng Topal vẫn quyết định đầu tư và tự tin tiến vào “sân chơi” toàn cầu – xuất khẩu nhôm định hình ra thị trường quốc tế.&lt;/strong&gt;&lt;/span&gt;&lt;/p&gt;\r\n\r\n&lt;p&gt;Nhận thấy tiềm năng lớn của thị trường khi lượng nhôm xuất khẩu của cả nước chỉ dưới 10% sản lượng và tập trung ở một số doanh nghiệp FDI, Topal đã sớm xác định phát triển cả 2 mũi nhọn: nội địa và xuất khẩu.&lt;/p&gt;\r\n\r\n&lt;p&gt;Đầu năm 2021, nhà máy nhôm Topal Nhơn Trạch, Đồng Nai đã khởi công giai đoạn 2 xây dựng mở rộng 11,000m2 nhà xưởng cho dây chuyền Anode hiện đại với công suất 6000 tấn/năm. Công nghệ này cho ra đời các sản phẩm nhôm Topal chất lượng cao mang tiêu chuẩn quốc tế như JIS H8601, JIS H8602,… với 3 dòng chính là Anode phun cát, Anode mờ và phủ ED.&lt;/p&gt;\r\n\r\n&lt;p&gt;Công nghệ anode là khâu xử lý bề mặt nhôm hiện đại nhất hiện nay, đó là quá trình đưa các chi tiết bằng nhôm vào môi trường điện ly để tạo trên bề mặt sản phẩm một lớp màng oxit nhôm có tính bền vững, bảo vệ cho chi tiết nhôm không bị ô xi hoá bề mặt. Ngoài ra lớp oxit nhôm có độ cứng cao (gần bằng kim cương), có khả năng chống ăn mòn và mài mòn tốt. Bởi vậy, nhôm được anode hóa không có hiện tượng han gỉ trên bề mặt, sáng bóng hơn, đảm bảo tính thẩm mỹ lâu dài cho sản phẩm.&lt;/p&gt;\r\n\r\n&lt;figure&gt;&lt;img alt=&quot;&quot; sizes=&quot;(max-width: 821px) 100vw, 821px&quot; src=&quot;https://topal.vn/wp-content/uploads/2021/07/1-1.png&quot; srcset=&quot;https://topal.vn/wp-content/uploads/2021/07/1-1.png 821w, https://topal.vn/wp-content/uploads/2021/07/1-1-300x200.png 300w, https://topal.vn/wp-content/uploads/2021/07/1-1-768x513.png 768w, https://topal.vn/wp-content/uploads/2021/07/1-1-600x400.png 600w, https://topal.vn/wp-content/uploads/2021/07/1-1-219x146.png 219w, https://topal.vn/wp-content/uploads/2021/07/1-1-50x33.png 50w, https://topal.vn/wp-content/uploads/2021/07/1-1-112x75.png 112w&quot; /&gt;\r\n&lt;figcaption&gt;Nhà máy Nhôm Topal là nhà máy nhôm quy mô lớn hàng đầu tại Việt Nam&lt;/figcaption&gt;\r\n&lt;/figure&gt;\r\n\r\n&lt;p&gt;Nhôm anode là loại vật liệu nhẹ, độ bền màu và bề mặt cao nên có tính ứng dụng rộng rãi, không chỉ trong xây dựng mà còn được dùng trong sản xuất công nghiệp như sản xuất máy bay, ô tô, điện tử, y tế, đồ gia dụng…. Sở hữu dây chuyền anode cho phép Topal tự tin cung ứng các sản phẩm nhôm công nghiệp chất lượng cao cho thị trường quốc tế.&lt;/p&gt;\r\n\r\n&lt;p&gt;So với các sản phẩm nhôm thanh định hình dùng trong xây dựng, các sản phẩm nhôm công nghiệp đòi hỏi yêu cầu cao hơn trong các khâu mở khuôn, đùn ép, gia công, xử lý bề mặt và chi tiết sản phẩm,… Với khả năng mở khuôn linh hoạt, nhanh chóng cùng hệ thống dây chuyền đùn ép công suất lớn, có thể đùn billet nhôm với kích thước 10-12inch, đội ngũ nghiên cứu phát triển giàu kinh nghiệm, nhôm Topal đáp ứng yêu cầu các sản phẩm nhôm công nghiệp mọi kích thước từ rất lớn cho đến chi tiết linh kiện điện tử nhỏ như khung giá đỡ pin năng lượng mặt trời, ống vaccum tube máy hút bụi, khung viền tivi, tủ lạnh, máng cáp điện, các chi tiết máy điện tử… Trong những tháng qua, vượt qua những ảnh hưởng của dịch Covid-19, nhôm Topal đã chính thức có những lô hàng xuất khẩu đầu tiên sang các thị trường lớn và khắt khe như Mỹ, Canada, là lựa chọn của nhiều đối tác lớn như nhà cung cấp linh kiện cho Samsung và một số đối tác khác.&lt;/p&gt;\r\n\r\n&lt;figure&gt;&lt;img alt=&quot;&quot; sizes=&quot;(max-width: 896px) 100vw, 896px&quot; src=&quot;https://topal.vn/wp-content/uploads/2021/07/1222-1.png&quot; srcset=&quot;https://topal.vn/wp-content/uploads/2021/07/1222-1.png 896w, https://topal.vn/wp-content/uploads/2021/07/1222-1-300x208.png 300w, https://topal.vn/wp-content/uploads/2021/07/1222-1-768x531.png 768w, https://topal.vn/wp-content/uploads/2021/07/1222-1-600x415.png 600w, https://topal.vn/wp-content/uploads/2021/07/1222-1-211x146.png 211w, https://topal.vn/wp-content/uploads/2021/07/1222-1-50x35.png 50w, https://topal.vn/wp-content/uploads/2021/07/1222-1-108x75.png 108w&quot; /&gt;\r\n&lt;figcaption&gt;Nhôm Topal được trải qua những công đoạn sản xuất hiện đại, tiêu chuẩn quốc tế.&lt;/figcaption&gt;\r\n&lt;/figure&gt;\r\n\r\n&lt;p&gt;Các sản phẩm nhôm Topal cung ứng ra thị trường nội địa hay xuất khẩu đều đảm bảo tiêu chuẩn quốc tế như: AL6005, AL6063… độ cứng T5, T6. Đây là các hợp kim nhôm có tính bền cao, có khả năng định hình, cứng cáp, khả năng chống mài mòn tốt. Bên cạnh đó là quy trình sản xuất và kiểm soát chất lượng đạt chứng nhận ISO 9001:2015 và Quy chuẩn kỹ thuật quốc gia về sản phẩm, hàng hóa QCVN 16:2019/BXD.&lt;/p&gt;\r\n\r\n&lt;figure&gt;&lt;img alt=&quot;&quot; sizes=&quot;(max-width: 820px) 100vw, 820px&quot; src=&quot;https://topal.vn/wp-content/uploads/2021/07/22222.png&quot; srcset=&quot;https://topal.vn/wp-content/uploads/2021/07/22222.png 820w, https://topal.vn/wp-content/uploads/2021/07/22222-300x225.png 300w, https://topal.vn/wp-content/uploads/2021/07/22222-768x576.png 768w, https://topal.vn/wp-content/uploads/2021/07/22222-600x450.png 600w, https://topal.vn/wp-content/uploads/2021/07/22222-195x146.png 195w, https://topal.vn/wp-content/uploads/2021/07/22222-50x38.png 50w, https://topal.vn/wp-content/uploads/2021/07/22222-100x75.png 100w&quot; /&gt;\r\n&lt;figcaption&gt;Các kiện hàng nhôm Topal được bao gói sẵn sàng xuất khẩu.&lt;/figcaption&gt;\r\n&lt;/figure&gt;\r\n\r\n&lt;p&gt;Chỉ sau 3 năm, nhôm Topal của Tập đoàn Austdoor đã phát triển nhanh chóng để đạt được vị thế lớn trong ngành. Sở hữu 02 nhà máy quy mô lớn tại tỉnh Đồng Nai và Hưng Yên với tổng diện tích hơn 250,000m2, với dây chuyền công nghệ sản xuất hiện đại, Topal dần trở thành thương hiệu nhà sản xuất nhôm hàng đầu tại thị trường Việt Nam, cung ứng hàng trăm nghìn tấn nhôm mỗi năm.&lt;/p&gt;\r\n\r\n&lt;p&gt;Với kinh nghiệm phát triển thị trường trong nước và nền tảng đầu tư ban đầu giúp Topal sẵn sàng bước chân ra thị trường quốc tế, xứng đáng với vị thế Thương hiệu Quốc gia của Việt Nam.&lt;/p&gt;', '&lt;p&gt;Trong bối cảnh nguồn cung nguyên liệu bị đứt gãy do ảnh hưởng dịch Covid-19, chi phí logistic tăng lên đáng kể… nhưng Topal vẫn quyết định đầu tư và tự tin tiến vào “sân chơi” toàn cầu – xuất khẩu nhôm định hình ra thị trường quốc tế.&lt;/p&gt;', 'https://cdn.bestme.asia/images/adgtopalxfec/1-1.png', '', '', '', 'nhom-topal-xuat-khau-thanh-cong-sang-my-canada', '', 'image', '', NULL),
(16, 2, 'Quy trình sản xuất tạo nên sự khác biệt của nhôm Topal', '&lt;figure&gt;\r\n&lt;p&gt;&lt;img alt=&quot;&quot; sizes=&quot;(max-width: 1024px) 100vw, 1024px&quot; src=&quot;https://topal.vn/wp-content/uploads/2021/06/z2561697762863_4d3611cdc2c8c0598a2a9c4dca133165-1024x576.jpg&quot; srcset=&quot;https://topal.vn/wp-content/uploads/2021/06/z2561697762863_4d3611cdc2c8c0598a2a9c4dca133165-1024x576.jpg 1024w, https://topal.vn/wp-content/uploads/2021/06/z2561697762863_4d3611cdc2c8c0598a2a9c4dca133165-300x169.jpg 300w, https://topal.vn/wp-content/uploads/2021/06/z2561697762863_4d3611cdc2c8c0598a2a9c4dca133165-768x432.jpg 768w, https://topal.vn/wp-content/uploads/2021/06/z2561697762863_4d3611cdc2c8c0598a2a9c4dca133165-1536x864.jpg 1536w, https://topal.vn/wp-content/uploads/2021/06/z2561697762863_4d3611cdc2c8c0598a2a9c4dca133165-2048x1152.jpg 2048w, https://topal.vn/wp-content/uploads/2021/06/z2561697762863_4d3611cdc2c8c0598a2a9c4dca133165-600x338.jpg 600w, https://topal.vn/wp-content/uploads/2021/06/z2561697762863_4d3611cdc2c8c0598a2a9c4dca133165-260x146.jpg 260w, https://topal.vn/wp-content/uploads/2021/06/z2561697762863_4d3611cdc2c8c0598a2a9c4dca133165-50x28.jpg 50w, https://topal.vn/wp-content/uploads/2021/06/z2561697762863_4d3611cdc2c8c0598a2a9c4dca133165-133x75.jpg 133w, https://topal.vn/wp-content/uploads/2021/06/z2561697762863_4d3611cdc2c8c0598a2a9c4dca133165-1200x675.jpg 1200w&quot; /&gt;&lt;/p&gt;\r\n&lt;/figure&gt;\r\n\r\n&lt;p&gt;&lt;strong&gt;&lt;em&gt;N&lt;/em&gt;&lt;/strong&gt;&lt;strong&gt;&lt;em&gt;hôm đang là &lt;/em&gt;&lt;/strong&gt;&lt;strong&gt;&lt;em&gt;vật liệu xu thế, là &lt;/em&gt;&lt;/strong&gt;&lt;strong&gt;&lt;em&gt;lựa chọn tối ưu cho các gia đình hiện đại&lt;/em&gt;&lt;/strong&gt;&lt;strong&gt;&lt;em&gt;, được ứng dụng từ hệ thống cửa đi, cửa thông phòng cho đến nhôm trang trí nội ngoại thất&lt;/em&gt;&lt;/strong&gt;&lt;strong&gt;&lt;em&gt;. Tuy nhiên giữa vô vàn các sản phẩm cửa nhôm trên thị trường, đâu là tiêu chí để có thể lựa chọn được sản phẩm nhôm tốt? &lt;/em&gt;&lt;/strong&gt;&lt;strong&gt;&lt;em&gt;Hãy cũng tìm hiểu &lt;/em&gt;&lt;/strong&gt;&lt;strong&gt;&lt;em&gt;quy trình sản xuất để tạo nên sự khác biệt cho các thanh nhôm Topal.&lt;/em&gt;&lt;/strong&gt;&lt;/p&gt;\r\n\r\n&lt;p&gt;&lt;strong&gt;N&lt;/strong&gt;&lt;strong&gt;guyên vật liệu chất lượng cao&lt;/strong&gt;&lt;/p&gt;\r\n\r\n&lt;p&gt;Một bộ cửa nhôm, một sản phẩm trang trí nội ngoại thất tốt cần được làm từ nhôm thanh chất lượng. Nguyên liệu từ hợp kim nhôm cao cấp sẽ giúp bộ cửa có kết cấu chắc chắn, không bị ảnh hưởng của va chạm mạnh.&lt;/p&gt;\r\n\r\n&lt;p&gt;Hiện nay, TOPAL sử dụng billet nhôm có chất lượng cao đạt tiêu chuẩn quốc tế là AL6061 và AL6063.&lt;/p&gt;\r\n\r\n&lt;figure&gt;&lt;img alt=&quot;&quot; sizes=&quot;(max-width: 821px) 100vw, 821px&quot; src=&quot;https://topal.vn/wp-content/uploads/2021/06/6.png&quot; srcset=&quot;https://topal.vn/wp-content/uploads/2021/06/6.png 821w, https://topal.vn/wp-content/uploads/2021/06/6-300x200.png 300w, https://topal.vn/wp-content/uploads/2021/06/6-768x513.png 768w, https://topal.vn/wp-content/uploads/2021/06/6-600x400.png 600w, https://topal.vn/wp-content/uploads/2021/06/6-219x146.png 219w, https://topal.vn/wp-content/uploads/2021/06/6-50x33.png 50w, https://topal.vn/wp-content/uploads/2021/06/6-112x75.png 112w&quot; /&gt;&lt;/figure&gt;\r\n\r\n&lt;p&gt;Hợp kim nhôm AL6063 có tính bền cao, cứng cáp, chịu được va chạm mạnh, khả năng chống mài mòn cực tốt. &lt;strong&gt;Hợp kim nhôm AL6063&lt;/strong&gt; có thể hàn được, có tính gia công và khả năng định hình tốt, ứng dụng cho một số ngành như: chế tạo máy và hàng không, vũ trụ, viễn thông, giao thông vận tải, sản xuất máy móc, chế tạo cơ khí, công trình xây dựng,…&lt;/p&gt;\r\n\r\n&lt;p&gt;Hợp kim nhôm 6061 có độ bền cao, khả năng định hình, chống mài mòn tốt, thuận tiện cho việc hàn, gia công. Là một loại &lt;strong&gt;nhôm hợp kim&lt;/strong&gt; được sử dụng rộng rãi và rất được phổ biến cho tất cả các ứng dụng kết cấu chẳng hạn như: hàng không, bán dẫn, đồ gá lắp và cố định.&lt;/p&gt;\r\n\r\n&lt;p&gt;&lt;strong&gt;Công nghệ sản xuất và quy trình kiểm soát chất lượng chặt chẽ&lt;/strong&gt;&lt;/p&gt;\r\n\r\n&lt;p&gt; Nguyên liệu đầu vào tốt cần được sản xuất trên dây chuyền hiện đại, quy trình kiểm tra chất lượng chặt chẽ và sản xuất đồng bộ để đưa đến tay người tiêu dùng những sản phẩm nhôm tốt nhất.&lt;/p&gt;\r\n\r\n&lt;figure&gt;&lt;img alt=&quot;&quot; sizes=&quot;(max-width: 821px) 100vw, 821px&quot; src=&quot;https://topal.vn/wp-content/uploads/2021/06/5.png&quot; srcset=&quot;https://topal.vn/wp-content/uploads/2021/06/5.png 821w, https://topal.vn/wp-content/uploads/2021/06/5-300x200.png 300w, https://topal.vn/wp-content/uploads/2021/06/5-768x513.png 768w, https://topal.vn/wp-content/uploads/2021/06/5-600x400.png 600w, https://topal.vn/wp-content/uploads/2021/06/5-219x146.png 219w, https://topal.vn/wp-content/uploads/2021/06/5-50x33.png 50w, https://topal.vn/wp-content/uploads/2021/06/5-112x75.png 112w&quot; /&gt;&lt;/figure&gt;\r\n\r\n&lt;p&gt;Sản phẩm TOPAL được sản xuất trên dây chuyền sản xất tiên tiến được áp dụng các công nghệ hiện đại. Hóa già là một quá trình cần được thực hiện đúng tiêu chuẩn, tiêu tốn nhiều thời gian và năng lượng để đảm bảo độ cứng của thanh nhôm (thường là T5 hoặc T6). Công đoạn kiểm tra chất lượng sau khi hóa già là bước không thể thiếu để đảm bảo cơ tính của thanh nhôm.&lt;/p&gt;\r\n\r\n&lt;figure&gt;\r\n&lt;p&gt;&lt;img alt=&quot;&quot; sizes=&quot;(max-width: 821px) 100vw, 821px&quot; src=&quot;https://topal.vn/wp-content/uploads/2021/06/15.png&quot; srcset=&quot;https://topal.vn/wp-content/uploads/2021/06/15.png 821w, https://topal.vn/wp-content/uploads/2021/06/15-300x200.png 300w, https://topal.vn/wp-content/uploads/2021/06/15-768x513.png 768w, https://topal.vn/wp-content/uploads/2021/06/15-600x400.png 600w, https://topal.vn/wp-content/uploads/2021/06/15-219x146.png 219w, https://topal.vn/wp-content/uploads/2021/06/15-50x33.png 50w, https://topal.vn/wp-content/uploads/2021/06/15-112x75.png 112w&quot; /&gt;&lt;/p&gt;\r\n\r\n&lt;figcaption&gt;\r\n&lt;p&gt;&lt;em&gt;Quy trình sản xuất &amp; kiểm soát chất lượng theo tiêu chuẩn quốc tế giúp cửa nhôm TOPAL đảm bảo chất lượng cao nhất.&lt;/em&gt;&lt;/p&gt;\r\n&lt;/figcaption&gt;\r\n&lt;/figure&gt;\r\n\r\n&lt;p&gt;Sau đó, thanh nhôm được đưa sang công đoạn xử lý bề mặt và sơn tĩnh điện hoặc phủ vân gỗ để tạo tính thẩm mỹ cho sản phẩm. Sau khi hoàn thiện bề mặt sơn hoặc phủ vân gỗ, thanh nhôm được đưa sang công đoạn dán băng keo để bảo vệ bề mặt, bao gói và nhập kho, sẵn sàng đến với khách hàng trong và ngoài nước, góp phần không nhỏ trong việc tạo ra những bộ cửa nhôm bền bỉ, thẩm mỹ.&lt;/p&gt;\r\n\r\n&lt;p&gt;&lt;strong&gt;Sơn bề mặt cao cấp&lt;/strong&gt;&lt;/p&gt;\r\n\r\n&lt;p&gt; Kim loại nhôm ngoài việc có trọng lượng thấp còn có một ưu điểm rất lớn đó là chống lại được sự ăn mòn thụ động. Chính vì vậy, nhôm rất dễ bảo quản ở điều kiện môi trường bình thường. Tuy nhiên, khi bị ngâm trong dung dịch kiềm đặc, nhôm sẽ bị phá hủy do xảy ra phản ứng và tạo muối alumi. Chính vì vậy, việc bảo quản nhôm là việc làm cần thiết.&lt;/p&gt;\r\n\r\n&lt;figure&gt;&lt;img alt=&quot;&quot; sizes=&quot;(max-width: 821px) 100vw, 821px&quot; src=&quot;https://topal.vn/wp-content/uploads/2021/06/35.png&quot; srcset=&quot;https://topal.vn/wp-content/uploads/2021/06/35.png 821w, https://topal.vn/wp-content/uploads/2021/06/35-300x200.png 300w, https://topal.vn/wp-content/uploads/2021/06/35-768x513.png 768w, https://topal.vn/wp-content/uploads/2021/06/35-600x400.png 600w, https://topal.vn/wp-content/uploads/2021/06/35-219x146.png 219w, https://topal.vn/wp-content/uploads/2021/06/35-50x33.png 50w, https://topal.vn/wp-content/uploads/2021/06/35-112x75.png 112w&quot; /&gt;&lt;/figure&gt;\r\n\r\n&lt;p&gt;Sơn bề mặt trên nhôm ra đời ngoài việc khiến cho bề mặt kim loại có màu sắc đẹp mắt còn tạo ra một lớp sơn bảo vệ. Sơn có khả năng bám dính tốt trên nhôm, tuyệt đối không thấm nước, kháng được cả hóa chất và dung môi, bền theo thời gian nên có thể làm tăng tuổi thọ của kim loại lên một thời gian dài.&lt;/p&gt;\r\n\r\n&lt;p&gt;Các thanh nhôm Topal luôn được nhúng lần lượt qua nhiều bể hóa chất để xử lý bề mặt, từ làm sạch đến tẩy dầu, phủ chromat …để tạo bề mặt hoàn hảo trước khi đưa vào lò sơn tĩnh điện.&lt;/p&gt;\r\n\r\n&lt;p&gt;Được sơn trên dây chuyền sơn tĩnh điện hiện đại, nhôm Topal đã được kiểm định bởi hai hãng sơn hàng đầu thế giới là Akzonobel và Tiger, đủ khả năng sản xuất các loại sơn với thời gian bảo hành lên tới 30 năm.&lt;/p&gt;\r\n\r\n&lt;p&gt;&lt;strong&gt;Thiết kế vượt trội&lt;/strong&gt;&lt;/p&gt;\r\n\r\n&lt;p&gt;Để kiến tạo nên những sản phẩm nhôm tốt, cần phải nghiên cứu, khảo sát thị trường để hiểu rõ nhu cầu sử dụng của người tiêu dùng Việt.&lt;/p&gt;\r\n\r\n&lt;p&gt;Chính vì vậy, Topal đã đầu tư mạnh mẽ vào Nghiên cứu &amp; Phát triển sản phẩm để cho ra đời các dòng sản phẩm được thiết kế riêng biệt, có nhiều tính năng vượt trội, phù hợp và tối ưu với nhu cầu sử dụng của người tiêu dùng, với Văn hóa và khí hậu Việt Nam.&lt;/p&gt;\r\n\r\n&lt;figure&gt;&lt;img alt=&quot;&quot; sizes=&quot;(max-width: 821px) 100vw, 821px&quot; src=&quot;https://topal.vn/wp-content/uploads/2021/06/33.png&quot; srcset=&quot;https://topal.vn/wp-content/uploads/2021/06/33.png 821w, https://topal.vn/wp-content/uploads/2021/06/33-300x200.png 300w, https://topal.vn/wp-content/uploads/2021/06/33-768x513.png 768w, https://topal.vn/wp-content/uploads/2021/06/33-600x400.png 600w, https://topal.vn/wp-content/uploads/2021/06/33-219x146.png 219w, https://topal.vn/wp-content/uploads/2021/06/33-50x33.png 50w, https://topal.vn/wp-content/uploads/2021/06/33-112x75.png 112w&quot; /&gt;&lt;/figure&gt;\r\n\r\n&lt;p&gt;Không chỉ là các sản phẩm nhôm chất lượng cao, TOPAL còn phát triển hệ thống phụ kiện, vật tư lắp đặt đồng bộ, chất lượng nhằm đảo bảo chất lượng cao nhất cho các sản phẩm hoàn thiện.&lt;/p&gt;\r\n\r\n&lt;p&gt;&lt;strong&gt;&lt;em&gt;Với tất cả những tiêu chí trên, nhôm của thương hiệu Topal đã vinh dự được chứng nhận sản phẩm Thương hiệu quốc gia năm 2020 và là sự lựa chọn hoàn hảo cho những gia đình Việt Nam hiện đại. Người tiêu dùng có thể dễ dàng đặt mua nhôm Topal thông qua hệ thống Đại lý ủy quyền khắp 63 tỉnh thành. Mỗi Đại lý đều được Topal lựa chọn và đào tạo kỹ lưỡng, được cấp chứng chỉ ủy quyền cung cấp sản phẩm cửa nhôm Topal với mục tiêu giữ vững chất lượng sản phẩm đến tay người tiêu dùng.&lt;/em&gt;&lt;/strong&gt;&lt;/p&gt;', '&lt;p&gt;&lt;em&gt;Nhôm đang là vật liệu xu thế, là lựa chọn tối ưu cho các gia đình hiện đại, được ứng dụng từ hệ thống cửa đi, cửa thông phòng cho đến nhôm trang trí nội ngoại thất. Tuy nhiên giữa vô vàn các sản phẩm cửa nhôm trên thị trường, đâu là tiêu chí để có thể lựa chọn được sản phẩm nhôm tốt? Hãy cũng tìm hiểu quy trình sản xuất để tạo nên sự khác biệt cho các thanh nhôm Topal.&lt;/em&gt;&lt;/p&gt;', 'https://cdn.bestme.asia/images/adgtopalxfec/z2561697762863_4d3611cdc2c8c0598a2a9c4dca133165-1200x675.jpg', '', '', '', 'quy-trinh-san-xuat-tao-nen-su-khac-biet-cua-nhom-topal', '', 'image', '', NULL),
(19, 2, 'Nhôm Topal tái định vị thương hiệu', '&lt;p&gt;&lt;span style=&quot;font-size:20px;&quot;&gt;&lt;strong&gt;&lt;em&gt;Không dừng lại ở nhôm hệ và phụ kiện, Topal tuyên bố mục tiêu trở thành nhà sản xuất nhôm hàng đầu Việt Nam.&lt;/em&gt;&lt;/strong&gt;&lt;/span&gt;&lt;/p&gt;\r\n\r\n&lt;p&gt;Ngày 16/10, Tập đoàn Austdoor tổ chức sự kiện trực tuyến tái định vị thương hiệu với gần 1.000 khách tham dự là các đối tác, đại lý phân phối, đại lý sản xuất của nhôm Topal và các nhãn hiệu khác.&lt;/p&gt;\r\n\r\n&lt;p&gt;Theo ông Dương Quốc Tuấn – Chủ tịch HĐQT, Tổng giám đốc Tập đoàn Austdoor, việc tái định vị thương hiệu là cách mà Topal sẽ tháo bỏ lớp áo đã chật. Để khẳng định việc thay đổi chiến lược và tầm nhìn là nhà sản xuất nhôm hàng đầu tại Việt Nam, tập đoàn xác định chiến lược bao gồm: hoàn thiện chuỗi giá trị nghiên cứu, sản xuất, cung ứng, phân phối, hậu mãi để mang lại những giá trị gia tăng cho khách hàng; xây dựng một hệ sinh thái sản phẩm và dịch vụ đồng bộ, khép kín hay nói cách khác là từ sản xuất ra nguyên vật liệu tới sản phẩm hoàn thiện; và tích cực chuyển đổi số ở mọi hoạt động trong chuỗi giá trị trên.&lt;/p&gt;\r\n\r\n&lt;figure&gt;&lt;img alt=&quot;Ông Dương Quốc Tuấn – Chủ tịch HĐQT Tập đoàn Austdoor công bố tái định vị thương hiệu Topal&quot; src=&quot;https://i1-kinhdoanh.vnecdn.net/2021/10/16/nhom-jpeg-3571-1634378678.png?w=680&amp;amp;h=0&amp;amp;q=100&amp;amp;dpr=1&amp;amp;fit=crop&amp;amp;s=X1Ei9M5-ke49e9Wvnaz0OQ&quot; /&gt;\r\n&lt;figcaption&gt;Ông Dương Quốc Tuấn – Chủ tịch HĐQT Tập đoàn Austdoor tại sự kiện công bố tái định vị thương hiệu Topal.&lt;/figcaption&gt;\r\n&lt;/figure&gt;\r\n\r\n&lt;p&gt;Sau 4 năm ra mắt, nhôm Topal tạo dựng được vị thế trên thị trường với các sản phẩm nhôm hệ và phụ kiện. Bên cạnh đó, những nỗ lực xây dựng hệ thống từ nhà máy sản xuất, cung ứng đến mạng lưới phân phối ủy quyền rộng khắp đã giúp nhôm Topal đạt được nhiều thành tích, trong đó có chứng nhận “Thương hiệu quốc gia năm 2020”.&lt;/p&gt;\r\n\r\n&lt;p&gt;Tuy nhiên vài năm qua, khách hàng đang nhớ tới Topal chủ yếu với các sản phẩm cửa nhôm đồng bộ kín nước – chống ồn. Thông qua việc tái định vị, thương hiệu, doanh nghiệp này muốn khẳng định với hệ thống nhà máy quy mô lớn, dây chuyền sản xuất và công nghệ anode hiện đại, mạng lưới phân phối, sản xuất lắp đặt tại 63 tỉnh thành, Topal tự tin cung cấp đa dạng các giải pháp nhôm từ xây dựng, công nghiệp cho đến trang trí nội ngoại thất.&lt;/p&gt;\r\n\r\n&lt;p&gt;Cùng việc tái định vị thương hiệu, Topal cũng thay bộ nhận diện mới với màu cam và xanh Topal nổi bật trên nền màu ghi sáng của nhôm nguyên bản, nhằm thể hiện rõ hơn thông điệp “Topal là nhà sản xuất nhôm”, xây dựng một hệ sinh thái khép kín xoay quanh nhôm.&lt;/p&gt;\r\n\r\n&lt;figure&gt;&lt;img alt=&quot;Ông Dương Quốc Tuấn giới thiệu bộ nhận diện thương hiệu mới của nhôm Topal.&quot; src=&quot;https://i1-kinhdoanh.vnecdn.net/2021/10/16/Nhom-1-6348-1634395130.png?w=680&amp;amp;h=0&amp;amp;q=100&amp;amp;dpr=1&amp;amp;fit=crop&amp;amp;s=DRYsqKcwcTXBVzSunj1Gmg&quot; /&gt;\r\n&lt;figcaption&gt;Ông Dương Quốc Tuấn giới thiệu bộ nhận diện thương hiệu mới của nhôm Topal.&lt;/figcaption&gt;\r\n&lt;/figure&gt;\r\n\r\n&lt;p&gt;Với vai trò là nhà sản xuất nhôm, Topal chú trọng vào chiến lược phát triển kênh phân phối. Hệ thống đại lý phân phối và sản xuất, lắp đặt vốn luôn là mắt xích quan trọng bậc nhất trong chuỗi cung ứng sản phẩm vật liệu xây dựng. Bởi vậy, bên cạnh những hoạt động đồng hành được duy trì trong nhiều năm qua, với chiến lược mới, Topal cũng phát triển các chính sách thu hút và mở rộng mạng lưới kinh doanh.&lt;/p&gt;\r\n\r\n&lt;p&gt;Không chỉ duy trì những chính sách về kinh doanh, marketing, đơn vị còn hỗ trợ các nguồn lực về tư vấn, thiết kế, specs, để triển khai các dự án tại từng địa phương, đây cũng là một hướng đi tiềm năng mà Topal có thể triển khai mạnh cùng các đại lý. Bên cạnh đó, công ty số hóa công cụ, ứng dụng như app thợ-đại lý, e-catalogue, phần mềm đặt hàng hay web-hub và nền tảng thương mại điện tử hợp nhất. Đây là một điểm mới được coi là sẽ tạo nên sự khác biệt của Topal so với các nhà sản xuất khác.&lt;/p&gt;\r\n\r\n&lt;figure&gt;&lt;img alt=&quot;Nhôm Topal giới thiệu các công cụ số hóa hỗ trợ kinh doanh&quot; src=&quot;https://i1-kinhdoanh.vnecdn.net/2021/10/16/nhom3-4319-1634378678.png?w=680&amp;amp;h=0&amp;amp;q=100&amp;amp;dpr=1&amp;amp;fit=crop&amp;amp;s=7hIaJjv9fadjohsSN3XAfA&quot; /&gt;\r\n&lt;figcaption&gt;Nhôm Topal giới thiệu các công cụ số hóa hỗ trợ kinh doanh.&lt;/figcaption&gt;\r\n&lt;/figure&gt;\r\n\r\n&lt;p&gt;Đại diện công ty chia sẻ, thị trường nhôm Việt Nam đang có một tiềm năng phát triển, không chỉ đáp ứng nhu cầu trong nước mà còn dần trở thành “điểm đến” yêu thích của các doanh nghiệp quốc tế. Với việc tái định vị và những thay đổi mang tính chiến lược trong giai đoạn mới, Topal kỳ vọng sẽ cùng những doanh nghiệp Việt giàu tâm huyết phát triển ngành nhôm Việt và đóng góp ngày một nhiều hơn cho sự hồi phục và phát triển chung của nền kinh tế.&lt;/p&gt;', '&lt;p&gt;Không dừng lại ở nhôm hệ và phụ kiện, Topal tuyên bố mục tiêu trở thành nhà sản xuất nhôm hàng đầu Việt Nam.&lt;/p&gt;', 'https://cdn.bestme.asia/images/adgtopalxfec/nhom-jpeg-3571-1634378678.png', '', '', '', 'nhom-topal-tai-dinh-vi-thuong-hieu', '', 'image', '', NULL),
(20, 2, 'Lắp cửa Topal - Ngập tràn quà tặng', '&lt;figure&gt;&lt;img alt=&quot;&quot; sizes=&quot;(max-width: 900px) 100vw, 900px&quot; src=&quot;https://topal.vn/wp-content/uploads/2021/11/CTKM-TP-NTD-Post-FB-01.png&quot; srcset=&quot;https://topal.vn/wp-content/uploads/2021/11/CTKM-TP-NTD-Post-FB-01.png 900w, https://topal.vn/wp-content/uploads/2021/11/CTKM-TP-NTD-Post-FB-01-300x151.png 300w, https://topal.vn/wp-content/uploads/2021/11/CTKM-TP-NTD-Post-FB-01-768x387.png 768w, https://topal.vn/wp-content/uploads/2021/11/CTKM-TP-NTD-Post-FB-01-600x302.png 600w, https://topal.vn/wp-content/uploads/2021/11/CTKM-TP-NTD-Post-FB-01-260x131.png 260w, https://topal.vn/wp-content/uploads/2021/11/CTKM-TP-NTD-Post-FB-01-50x25.png 50w, https://topal.vn/wp-content/uploads/2021/11/CTKM-TP-NTD-Post-FB-01-150x75.png 150w&quot; /&gt;&lt;/figure&gt;\r\n\r\n&lt;p&gt;Từ ngày 05/11/2021 đến hết ngày 05/01/2022, Tập đoàn Austdoor tổ chức chương trình khuyến mãi “Lắp cửa Topal – Ngập tràn quà tặng” với tổng giá trị gần 1 tỷ đồng dành tặng khách hàng trên toàn quốc khi lựa chọn các sản phẩm cửa nhôm Topal.&lt;/p&gt;\r\n\r\n&lt;p&gt;Theo đó, tất các khách hàng trên toàn quốc khi sử dụng cửa nhôm dồng bộ Topal Slima, Topal Prima cho công trình của mình có giá trị nhôm hệ và phụ kiện từ 25 triệu đồng sẽ được tham dự 2 chương trình khuyến mãi cùng lúc và có cơ hội nhận được những phần quà hấp dẫn và ý nghĩa từ Tập đoàn Austdoor.&lt;/p&gt;\r\n\r\n&lt;p&gt;&lt;strong&gt;CHƯƠNG TRÌNH 1: QUÀ TẶNG MŨ BẢO HIỂM TOPAL&lt;/strong&gt;&lt;/p&gt;\r\n\r\n&lt;p&gt;Trong thời gian diễn ra chương trình, 2022 công trình đầu tiên sử dụng cửa nhôm hệ đồng bộ đảm bảo điều kiện trên sẽ nhận được 01 mũ bảo hiểm Topal.&lt;/p&gt;\r\n\r\n&lt;p&gt;&lt;strong&gt;CHƯƠNG TRÌNH 2: QUÀ TẶNG QUAY SỐ MAY MẮN&lt;/strong&gt;&lt;/p&gt;\r\n\r\n&lt;p&gt;Trong thời gian diễn ra chương trình, mỗi công trình đảm bảo điều kiện sẽ nhận được 01 mã số dự thưởng để tiến hành quay số ngẫu nhiên bằng phần mềm điện tử xác định khách hàng trúng giải mỗi tháng với các giải thương hấp dẫn như Xe Honda SH Mode, Smart Tivi Sony 43inch, Nồi chiên không dầu.&lt;/p&gt;\r\n\r\n&lt;figure&gt;&lt;img alt=&quot;&quot; sizes=&quot;(max-width: 1024px) 100vw, 1024px&quot; src=&quot;https://topal.vn/wp-content/uploads/2021/11/CTKM-TP-NTD-Post-FB-02-1024x1024.png&quot; srcset=&quot;https://topal.vn/wp-content/uploads/2021/11/CTKM-TP-NTD-Post-FB-02-1024x1024.png 1024w, https://topal.vn/wp-content/uploads/2021/11/CTKM-TP-NTD-Post-FB-02-300x300.png 300w, https://topal.vn/wp-content/uploads/2021/11/CTKM-TP-NTD-Post-FB-02-150x150.png 150w, https://topal.vn/wp-content/uploads/2021/11/CTKM-TP-NTD-Post-FB-02-768x768.png 768w, https://topal.vn/wp-content/uploads/2021/11/CTKM-TP-NTD-Post-FB-02-1536x1536.png 1536w, https://topal.vn/wp-content/uploads/2021/11/CTKM-TP-NTD-Post-FB-02-600x600.png 600w, https://topal.vn/wp-content/uploads/2021/11/CTKM-TP-NTD-Post-FB-02-146x146.png 146w, https://topal.vn/wp-content/uploads/2021/11/CTKM-TP-NTD-Post-FB-02-50x50.png 50w, https://topal.vn/wp-content/uploads/2021/11/CTKM-TP-NTD-Post-FB-02-75x75.png 75w, https://topal.vn/wp-content/uploads/2021/11/CTKM-TP-NTD-Post-FB-02-85x85.png 85w, https://topal.vn/wp-content/uploads/2021/11/CTKM-TP-NTD-Post-FB-02-80x80.png 80w, https://topal.vn/wp-content/uploads/2021/11/CTKM-TP-NTD-Post-FB-02.png 1876w&quot; /&gt;&lt;/figure&gt;\r\n\r\n&lt;figure&gt;&lt;img alt=&quot;&quot; sizes=&quot;(max-width: 901px) 100vw, 901px&quot; src=&quot;https://topal.vn/wp-content/uploads/2021/11/CTKM-TP-NTD-Post-FB-03.png&quot; srcset=&quot;https://topal.vn/wp-content/uploads/2021/11/CTKM-TP-NTD-Post-FB-03.png 901w, https://topal.vn/wp-content/uploads/2021/11/CTKM-TP-NTD-Post-FB-03-300x300.png 300w, https://topal.vn/wp-content/uploads/2021/11/CTKM-TP-NTD-Post-FB-03-150x150.png 150w, https://topal.vn/wp-content/uploads/2021/11/CTKM-TP-NTD-Post-FB-03-768x768.png 768w, https://topal.vn/wp-content/uploads/2021/11/CTKM-TP-NTD-Post-FB-03-600x600.png 600w, https://topal.vn/wp-content/uploads/2021/11/CTKM-TP-NTD-Post-FB-03-146x146.png 146w, https://topal.vn/wp-content/uploads/2021/11/CTKM-TP-NTD-Post-FB-03-50x50.png 50w, https://topal.vn/wp-content/uploads/2021/11/CTKM-TP-NTD-Post-FB-03-75x75.png 75w, https://topal.vn/wp-content/uploads/2021/11/CTKM-TP-NTD-Post-FB-03-85x85.png 85w, https://topal.vn/wp-content/uploads/2021/11/CTKM-TP-NTD-Post-FB-03-80x80.png 80w&quot; /&gt;&lt;/figure&gt;\r\n\r\n&lt;p&gt;Mọi thông tin chi tiết xin vui lòng liên hệ với đại lý của nhôm Topal gần nhất, hoặc inbox ngay cho Fanpage Nhôm Topal, hoặc liên hệ số điện thoại đường dây nóng: 1900 6828.&lt;/p&gt;', '&lt;p&gt;Từ ngày 05/11/2021 đến hết ngày 05/01/2022, Tập đoàn Austdoor tổ chức chương trình khuyến mãi “Lắp cửa Topal – Ngập tràn quà tặng” với tổng giá trị gần 1 tỷ đồng dành tặng khách hàng trên toàn quốc khi lựa chọn các sản phẩm cửa nhôm Topal.&lt;/p&gt;', 'https://cdn.bestme.asia/images/adgtopalxfec/ctkm-tp-ntd-post-fb-01.png', '', '', '', 'lap-cua-topal-ngap-tran-qua-tang', '', 'image', '', NULL),
(21, 2, 'Sài Gòn Peninsula', '&lt;div class=&quot;container&quot;&gt;\r\n&lt;div class=&quot;project-content py-3 mb-4&quot;&gt;\r\n&lt;p&gt;&lt;img src=&quot;https://cdn.bestme.asia/images/adgtopalprima/1_AcsfwoB.png&quot; style=&quot;max-width: 100%;&quot; /&gt;&lt;/p&gt;\r\n\r\n&lt;p&gt;Vừa qua, Phú Gia An vinh dự khi là đối tác trong mảng thi công lắp đặt cửa nhôm kính cho toàn bộ hệ thống khu nghỉ dưỡng Phú Minh Gia tại Nghi Xuân – Hà Tĩnh. Chúng tôi luôn tự tin mang lại sự hài lòng cho mọi khách hàng từ sản phẩm cho đến dịch vụ của mình.&lt;/p&gt;\r\n\r\n&lt;p&gt;Khu nghỉ dưỡng Phú Minh Gia tại Nghi Xuân – Hà Tĩnh vừa chính thức đi vào hoạt động những ngày qua, đây chính là một trong những đối tác quan trọng mà Phú Gia An hợp tác trong hạng mục thi công lắp đặt cửa nhôm kính. Toàn bộ hệ thống khu nghỉ dưỡng đều sử dụng các sản phẩm cửa nhôm kính do Phú Gia An cung cấp.&lt;/p&gt;\r\n\r\n&lt;p&gt;Khu nghỉ dưỡng Phú Minh Gia bao gồm 2 toà nhà chính với mật độ xây dựng cửa nhôm kính lên tới 75%. Cùng tham khảo một số hình ảnh đã hoàn thiện của công trình này dưới đây:&lt;/p&gt;\r\n\r\n&lt;div class=&quot;row&quot;&gt;\r\n&lt;div class=&quot;col-lg-6&quot;&gt;\r\n&lt;p&gt;&lt;img src=&quot;https://cdn.bestme.asia/images/adgtopalprima/2_Rk3ffU4.png&quot; /&gt;&lt;/p&gt;\r\n&lt;/div&gt;\r\n\r\n&lt;div class=&quot;col&quot;&gt;\r\n&lt;p&gt;&lt;img src=&quot;https://cdn.bestme.asia/images/adgtopalprima/3_SCVHjaX.png&quot; /&gt;&lt;/p&gt;\r\n&lt;/div&gt;\r\n&lt;/div&gt;\r\n\r\n&lt;p&gt;Sự hợp tác giữa Phú Gia An và khu nghỉ dưỡng Phú Minh Gia là minh chứng cho sự tin tưởng mà khách hàng đã đặt trọn cho chúng tôi. Không chỉ là đơn vị thi công lắp đặt cửa nhôm tại Nghệ An chuyên nghiệp và uy tín nhất hiện nay mà Phú Gia An còn là sự lựa chọn của rất nhiều khách hàng ở các vùng lân cận và khắp cả nước.&lt;/p&gt;\r\n\r\n&lt;p&gt;Với bề dày kinh nghiệm về sản xuất và thi công các hạng mục cửa nhôm kính, cửa cuốn, cửa nhựa lõi thép,… chất lượng cao tại khu vực Bắc Miền Trung, chúng tôi tự tin mang lại sự hài lòng cho mọi khách hàng từ chất lượng sản phẩm đến chất lượng dịch vụ.&lt;/p&gt;\r\n\r\n&lt;p class=&quot;text-center&quot;&gt;&lt;img src=&quot;https://cdn.bestme.asia/images/adgtopalprima/4_rCSW4ec.png&quot; /&gt;&lt;/p&gt;\r\n\r\n&lt;p&gt;Sự hợp tác giữa Phú Gia An và khu nghỉ dưỡng Phú Minh Gia là minh chứng cho sự tin tưởng mà khách hàng đã đặt trọn cho chúng tôi. Không chỉ là đơn vị thi công lắp đặt cửa nhôm tại Nghệ An chuyên nghiệp và uy tín nhất hiện nay mà Phú Gia An còn là sự lựa chọn của rất nhiều khách hàng ở các vùng lân cận và khắp cả nước.&lt;/p&gt;\r\n\r\n&lt;p&gt;Với bề dày kinh nghiệm về sản xuất và thi công các hạng mục cửa nhôm kính, cửa cuốn, cửa nhựa lõi thép,… chất lượng cao tại khu vực Bắc Miền Trung, chúng tôi tự tin mang lại sự hài lòng cho mọi khách hàng từ chất lượng sản phẩm đến chất lượng dịch vụ.&lt;/p&gt;\r\n&lt;/div&gt;\r\n&lt;!-- End project content --&gt;&lt;/div&gt;', '&lt;p&gt;Cửa nhôm kính hiện tại vẫn luôn là xu hướng lựa chọn của nhiều gia chủ trong mọi công trình của mình. Không chỉ mang lại nhưng ưu điểm tuyệt vời về công năng sử dụng mà cửa nhôm kính còn được đánh giá cao về tính thẩm mỹ mang lại cho không gian đó.&lt;/p&gt;', 'https://cdn.bestme.asia/images/adgtopalxfec/9.png', '', '', '', 'sai-gon-peninsula-1', '', 'image', '', NULL),
(22, 2, 'Dự án bệnh viện Vinmec Nha Trang', '&lt;div class=&quot;container&quot;&gt;\r\n&lt;div class=&quot;project-content py-3 mb-4&quot;&gt;\r\n&lt;p&gt;&lt;img src=&quot;https://cdn.bestme.asia/images/adgtopalprima/1_AcsfwoB.png&quot; style=&quot;max-width: 100%;&quot; /&gt;&lt;/p&gt;\r\n\r\n&lt;p&gt;Vừa qua, Phú Gia An vinh dự khi là đối tác trong mảng thi công lắp đặt cửa nhôm kính cho toàn bộ hệ thống khu nghỉ dưỡng Phú Minh Gia tại Nghi Xuân – Hà Tĩnh. Chúng tôi luôn tự tin mang lại sự hài lòng cho mọi khách hàng từ sản phẩm cho đến dịch vụ của mình.&lt;/p&gt;\r\n\r\n&lt;p&gt;Khu nghỉ dưỡng Phú Minh Gia tại Nghi Xuân – Hà Tĩnh vừa chính thức đi vào hoạt động những ngày qua, đây chính là một trong những đối tác quan trọng mà Phú Gia An hợp tác trong hạng mục thi công lắp đặt cửa nhôm kính. Toàn bộ hệ thống khu nghỉ dưỡng đều sử dụng các sản phẩm cửa nhôm kính do Phú Gia An cung cấp.&lt;/p&gt;\r\n\r\n&lt;p&gt;Khu nghỉ dưỡng Phú Minh Gia bao gồm 2 toà nhà chính với mật độ xây dựng cửa nhôm kính lên tới 75%. Cùng tham khảo một số hình ảnh đã hoàn thiện của công trình này dưới đây:&lt;/p&gt;\r\n\r\n&lt;div class=&quot;row&quot;&gt;\r\n&lt;div class=&quot;col-lg-6&quot;&gt;\r\n&lt;p&gt;&lt;img src=&quot;https://cdn.bestme.asia/images/adgtopalprima/2_Rk3ffU4.png&quot; /&gt;&lt;/p&gt;\r\n&lt;/div&gt;\r\n\r\n&lt;div class=&quot;col&quot;&gt;\r\n&lt;p&gt;&lt;img src=&quot;https://cdn.bestme.asia/images/adgtopalprima/3_SCVHjaX.png&quot; /&gt;&lt;/p&gt;\r\n&lt;/div&gt;\r\n&lt;/div&gt;\r\n\r\n&lt;p&gt;Sự hợp tác giữa Phú Gia An và khu nghỉ dưỡng Phú Minh Gia là minh chứng cho sự tin tưởng mà khách hàng đã đặt trọn cho chúng tôi. Không chỉ là đơn vị thi công lắp đặt cửa nhôm tại Nghệ An chuyên nghiệp và uy tín nhất hiện nay mà Phú Gia An còn là sự lựa chọn của rất nhiều khách hàng ở các vùng lân cận và khắp cả nước.&lt;/p&gt;\r\n\r\n&lt;p&gt;Với bề dày kinh nghiệm về sản xuất và thi công các hạng mục cửa nhôm kính, cửa cuốn, cửa nhựa lõi thép,… chất lượng cao tại khu vực Bắc Miền Trung, chúng tôi tự tin mang lại sự hài lòng cho mọi khách hàng từ chất lượng sản phẩm đến chất lượng dịch vụ.&lt;/p&gt;\r\n\r\n&lt;p class=&quot;text-center&quot;&gt;&lt;img src=&quot;https://cdn.bestme.asia/images/adgtopalprima/4_rCSW4ec.png&quot; /&gt;&lt;/p&gt;\r\n\r\n&lt;p&gt;Sự hợp tác giữa Phú Gia An và khu nghỉ dưỡng Phú Minh Gia là minh chứng cho sự tin tưởng mà khách hàng đã đặt trọn cho chúng tôi. Không chỉ là đơn vị thi công lắp đặt cửa nhôm tại Nghệ An chuyên nghiệp và uy tín nhất hiện nay mà Phú Gia An còn là sự lựa chọn của rất nhiều khách hàng ở các vùng lân cận và khắp cả nước.&lt;/p&gt;\r\n\r\n&lt;p&gt;Với bề dày kinh nghiệm về sản xuất và thi công các hạng mục cửa nhôm kính, cửa cuốn, cửa nhựa lõi thép,… chất lượng cao tại khu vực Bắc Miền Trung, chúng tôi tự tin mang lại sự hài lòng cho mọi khách hàng từ chất lượng sản phẩm đến chất lượng dịch vụ.&lt;/p&gt;\r\n&lt;/div&gt;\r\n&lt;!-- End project content --&gt;&lt;/div&gt;', '&lt;p&gt;Cửa nhôm kính hiện tại vẫn luôn là xu hướng lựa chọn của nhiều gia chủ trong mọi công trình của mình. Không chỉ mang lại nhưng ưu điểm tuyệt vời về công năng sử dụng mà cửa nhôm kính còn được đánh giá cao về tính thẩm mỹ mang lại cho không gian đó.&lt;/p&gt;', 'https://cdn.bestme.asia/images/adgtopalxfec/2.png', '', '', '', 'du-an-benh-vien-vinmec', '', 'image', '', NULL),
(23, 2, 'Dự án khu đô thị Lavila Đông Sài Gòn', '&lt;div class=&quot;container&quot;&gt;\r\n&lt;div class=&quot;project-content py-3 mb-4&quot;&gt;\r\n&lt;p&gt;&lt;img src=&quot;https://cdn.bestme.asia/images/adgtopalprima/1_AcsfwoB.png&quot; style=&quot;max-width: 100%;&quot; /&gt;&lt;/p&gt;\r\n\r\n&lt;p&gt;Vừa qua, Phú Gia An vinh dự khi là đối tác trong mảng thi công lắp đặt cửa nhôm kính cho toàn bộ hệ thống khu nghỉ dưỡng Phú Minh Gia tại Nghi Xuân – Hà Tĩnh. Chúng tôi luôn tự tin mang lại sự hài lòng cho mọi khách hàng từ sản phẩm cho đến dịch vụ của mình.&lt;/p&gt;\r\n\r\n&lt;p&gt;Khu nghỉ dưỡng Phú Minh Gia tại Nghi Xuân – Hà Tĩnh vừa chính thức đi vào hoạt động những ngày qua, đây chính là một trong những đối tác quan trọng mà Phú Gia An hợp tác trong hạng mục thi công lắp đặt cửa nhôm kính. Toàn bộ hệ thống khu nghỉ dưỡng đều sử dụng các sản phẩm cửa nhôm kính do Phú Gia An cung cấp.&lt;/p&gt;\r\n\r\n&lt;p&gt;Khu nghỉ dưỡng Phú Minh Gia bao gồm 2 toà nhà chính với mật độ xây dựng cửa nhôm kính lên tới 75%. Cùng tham khảo một số hình ảnh đã hoàn thiện của công trình này dưới đây:&lt;/p&gt;\r\n\r\n&lt;div class=&quot;row&quot;&gt;\r\n&lt;div class=&quot;col-lg-6&quot;&gt;\r\n&lt;p&gt;&lt;img src=&quot;https://cdn.bestme.asia/images/adgtopalprima/2_Rk3ffU4.png&quot; /&gt;&lt;/p&gt;\r\n&lt;/div&gt;\r\n\r\n&lt;div class=&quot;col&quot;&gt;\r\n&lt;p&gt;&lt;img src=&quot;https://cdn.bestme.asia/images/adgtopalprima/3_SCVHjaX.png&quot; /&gt;&lt;/p&gt;\r\n&lt;/div&gt;\r\n&lt;/div&gt;\r\n\r\n&lt;p&gt;Sự hợp tác giữa Phú Gia An và khu nghỉ dưỡng Phú Minh Gia là minh chứng cho sự tin tưởng mà khách hàng đã đặt trọn cho chúng tôi. Không chỉ là đơn vị thi công lắp đặt cửa nhôm tại Nghệ An chuyên nghiệp và uy tín nhất hiện nay mà Phú Gia An còn là sự lựa chọn của rất nhiều khách hàng ở các vùng lân cận và khắp cả nước.&lt;/p&gt;\r\n\r\n&lt;p&gt;Với bề dày kinh nghiệm về sản xuất và thi công các hạng mục cửa nhôm kính, cửa cuốn, cửa nhựa lõi thép,… chất lượng cao tại khu vực Bắc Miền Trung, chúng tôi tự tin mang lại sự hài lòng cho mọi khách hàng từ chất lượng sản phẩm đến chất lượng dịch vụ.&lt;/p&gt;\r\n\r\n&lt;p class=&quot;text-center&quot;&gt;&lt;img src=&quot;https://cdn.bestme.asia/images/adgtopalprima/4_rCSW4ec.png&quot; /&gt;&lt;/p&gt;\r\n\r\n&lt;p&gt;Sự hợp tác giữa Phú Gia An và khu nghỉ dưỡng Phú Minh Gia là minh chứng cho sự tin tưởng mà khách hàng đã đặt trọn cho chúng tôi. Không chỉ là đơn vị thi công lắp đặt cửa nhôm tại Nghệ An chuyên nghiệp và uy tín nhất hiện nay mà Phú Gia An còn là sự lựa chọn của rất nhiều khách hàng ở các vùng lân cận và khắp cả nước.&lt;/p&gt;\r\n\r\n&lt;p&gt;Với bề dày kinh nghiệm về sản xuất và thi công các hạng mục cửa nhôm kính, cửa cuốn, cửa nhựa lõi thép,… chất lượng cao tại khu vực Bắc Miền Trung, chúng tôi tự tin mang lại sự hài lòng cho mọi khách hàng từ chất lượng sản phẩm đến chất lượng dịch vụ.&lt;/p&gt;\r\n&lt;/div&gt;\r\n&lt;!-- End project content --&gt;&lt;/div&gt;', '&lt;p&gt;Cửa nhôm kính hiện tại vẫn luôn là xu hướng lựa chọn của nhiều gia chủ trong mọi công trình của mình. Không chỉ mang lại nhưng ưu điểm tuyệt vời về công năng sử dụng mà cửa nhôm kính còn được đánh giá cao về tính thẩm mỹ mang lại cho không gian đó.&lt;/p&gt;', 'https://cdn.bestme.asia/images/adgtopalxfec/3.png', '', '', '', 'khu-do-thi-lavila-dong-sai-gon', '', 'image', '', NULL),
(24, 2, 'Vincom Hà Tĩnh', '&lt;div class=&quot;container&quot;&gt;\r\n&lt;div class=&quot;project-content py-3 mb-4&quot;&gt;\r\n&lt;p&gt;&lt;img src=&quot;https://cdn.bestme.asia/images/adgtopalprima/1_AcsfwoB.png&quot; style=&quot;max-width: 100%;&quot; /&gt;&lt;/p&gt;\r\n\r\n&lt;p&gt;Vừa qua, Phú Gia An vinh dự khi là đối tác trong mảng thi công lắp đặt cửa nhôm kính cho toàn bộ hệ thống khu nghỉ dưỡng Phú Minh Gia tại Nghi Xuân – Hà Tĩnh. Chúng tôi luôn tự tin mang lại sự hài lòng cho mọi khách hàng từ sản phẩm cho đến dịch vụ của mình.&lt;/p&gt;\r\n\r\n&lt;p&gt;Khu nghỉ dưỡng Phú Minh Gia tại Nghi Xuân – Hà Tĩnh vừa chính thức đi vào hoạt động những ngày qua, đây chính là một trong những đối tác quan trọng mà Phú Gia An hợp tác trong hạng mục thi công lắp đặt cửa nhôm kính. Toàn bộ hệ thống khu nghỉ dưỡng đều sử dụng các sản phẩm cửa nhôm kính do Phú Gia An cung cấp.&lt;/p&gt;\r\n\r\n&lt;p&gt;Khu nghỉ dưỡng Phú Minh Gia bao gồm 2 toà nhà chính với mật độ xây dựng cửa nhôm kính lên tới 75%. Cùng tham khảo một số hình ảnh đã hoàn thiện của công trình này dưới đây:&lt;/p&gt;\r\n\r\n&lt;div class=&quot;row&quot;&gt;\r\n&lt;div class=&quot;col-lg-6&quot;&gt;\r\n&lt;p&gt;&lt;img src=&quot;https://cdn.bestme.asia/images/adgtopalprima/2_Rk3ffU4.png&quot; /&gt;&lt;/p&gt;\r\n&lt;/div&gt;\r\n\r\n&lt;div class=&quot;col&quot;&gt;\r\n&lt;p&gt;&lt;img src=&quot;https://cdn.bestme.asia/images/adgtopalprima/3_SCVHjaX.png&quot; /&gt;&lt;/p&gt;\r\n&lt;/div&gt;\r\n&lt;/div&gt;\r\n\r\n&lt;p&gt;Sự hợp tác giữa Phú Gia An và khu nghỉ dưỡng Phú Minh Gia là minh chứng cho sự tin tưởng mà khách hàng đã đặt trọn cho chúng tôi. Không chỉ là đơn vị thi công lắp đặt cửa nhôm tại Nghệ An chuyên nghiệp và uy tín nhất hiện nay mà Phú Gia An còn là sự lựa chọn của rất nhiều khách hàng ở các vùng lân cận và khắp cả nước.&lt;/p&gt;\r\n\r\n&lt;p&gt;Với bề dày kinh nghiệm về sản xuất và thi công các hạng mục cửa nhôm kính, cửa cuốn, cửa nhựa lõi thép,… chất lượng cao tại khu vực Bắc Miền Trung, chúng tôi tự tin mang lại sự hài lòng cho mọi khách hàng từ chất lượng sản phẩm đến chất lượng dịch vụ.&lt;/p&gt;\r\n\r\n&lt;p class=&quot;text-center&quot;&gt;&lt;img src=&quot;https://cdn.bestme.asia/images/adgtopalprima/4_rCSW4ec.png&quot; /&gt;&lt;/p&gt;\r\n\r\n&lt;p&gt;Sự hợp tác giữa Phú Gia An và khu nghỉ dưỡng Phú Minh Gia là minh chứng cho sự tin tưởng mà khách hàng đã đặt trọn cho chúng tôi. Không chỉ là đơn vị thi công lắp đặt cửa nhôm tại Nghệ An chuyên nghiệp và uy tín nhất hiện nay mà Phú Gia An còn là sự lựa chọn của rất nhiều khách hàng ở các vùng lân cận và khắp cả nước.&lt;/p&gt;\r\n\r\n&lt;p&gt;Với bề dày kinh nghiệm về sản xuất và thi công các hạng mục cửa nhôm kính, cửa cuốn, cửa nhựa lõi thép,… chất lượng cao tại khu vực Bắc Miền Trung, chúng tôi tự tin mang lại sự hài lòng cho mọi khách hàng từ chất lượng sản phẩm đến chất lượng dịch vụ.&lt;/p&gt;\r\n&lt;/div&gt;\r\n&lt;!-- End project content --&gt;&lt;/div&gt;', '&lt;p&gt;Cửa nhôm kính hiện tại vẫn luôn là xu hướng lựa chọn của nhiều gia chủ trong mọi công trình của mình. Không chỉ mang lại nhưng ưu điểm tuyệt vời về công năng sử dụng mà cửa nhôm kính còn được đánh giá cao về tính thẩm mỹ mang lại cho không gian đó.&lt;/p&gt;', 'https://cdn.bestme.asia/images/adgtopalxfec/1.png', '', '', '', 'vincom-ha-tinh', '', 'image', '', NULL);

-- oc_blog_to_blog_category NO PRIMARY KEY
-- remove first
DELETE FROM `oc_blog_to_blog_category`
WHERE `blog_id` IN (
    1,
    2,
    4,
    5,
    6,
    7,
    8,
    9,
    10,
    11,
    12,
    13,
    14,
    15,
    18,
    17,
    16,
    19,
    20,
    21,
    22,
    23,
    24
    ) AND `blog_category_id` = 1;

-- insert
INSERT IGNORE INTO `oc_blog_to_blog_category` (`blog_id`, `blog_category_id`) VALUES
    (1, 1),
    (2, 7),
    (4, 5),
    (5, 5),
    (6, 5),
    (7, 5),
    (8, 5),
    (9, 5),
    (10, 1),
    (11, 4),
    (12, 3),
    (13, 1),
    (14, 4),
    (15, 4),
    (16, 1),
    (17, 6),
    (18, 6),
    (19, 6),
    (20, 4),
    (21, 5),
    (22, 5),
    (23, 5),
    (24, 5);