-- oc_category PRIMARY KEY (`category_id`)
INSERT IGNORE INTO `oc_category` (`category_id`, `image`, `parent_id`, `top`, `column`, `sort_order`, `status`, `date_added`, `date_modified`) VALUES
(41, '', 40, 0, 0, 0, 1, '2020-12-09 11:05:27', '2020-12-09 11:05:27'),
(40, '', 0, 0, 0, 0, 1, '2020-12-09 11:05:27', '2020-12-09 11:05:27'),
(39, '', 32, 0, 0, 0, 1, '2020-12-09 11:04:43', '2020-12-09 11:04:43'),
(38, '', 32, 0, 0, 0, 1, '2020-12-09 11:04:43', '2020-12-09 11:04:43'),
(32, '', 0, 0, 0, 0, 1, '2020-12-09 11:04:43', '2020-12-09 11:04:43'),
(33, '', 32, 0, 0, 0, 1, '2020-12-09 11:04:43', '2020-12-09 11:04:43'),
(34, '', 32, 0, 0, 0, 1, '2020-12-09 11:04:43', '2020-12-09 11:04:43'),
(35, '', 32, 0, 0, 0, 1, '2020-12-09 11:04:43', '2020-12-09 11:04:43'),
(36, '', 32, 0, 0, 0, 1, '2020-12-09 11:04:43', '2020-12-09 11:04:43'),
(37, '', 32, 0, 0, 0, 1, '2020-12-09 11:04:43', '2020-12-09 11:04:43'),
(42, '', 40, 0, 0, 0, 1, '2020-12-09 11:05:27', '2020-12-09 11:05:27'),
(43, '', 0, 0, 0, 0, 1, '2020-12-09 11:06:12', '2020-12-09 11:06:12'),
(44, '', 0, 0, 0, 0, 1, '2020-12-09 11:06:33', '2020-12-09 11:06:33'),
(45, '', 44, 0, 0, 0, 1, '2020-12-09 11:06:33', '2020-12-09 11:06:33'),
(46, '', 0, 0, 0, 0, 1, '2020-12-09 11:07:05', '2020-12-09 11:07:05'),
(47, '', 46, 0, 0, 0, 1, '2020-12-09 11:07:05', '2020-12-09 11:07:05'),
(48, '', 0, 0, 0, 0, 1, '2020-12-09 11:07:27', '2020-12-09 11:07:27'),
(49, '', 0, 0, 0, 0, 1, '2020-12-09 11:08:12', '2020-12-09 11:08:12'),
(50, '', 49, 0, 0, 0, 1, '2020-12-09 11:08:12', '2020-12-09 11:08:12'),
(51, '', 0, 0, 0, 0, 1, '2020-12-09 11:08:59', '2020-12-09 11:08:59'),
(52, '', 0, 0, 0, 0, 1, '2020-12-09 11:09:12', '2020-12-09 11:09:12');

-- oc_category_description PRIMARY KEY (`category_id`,`language_id`)
INSERT IGNORE INTO `oc_category_description` (`category_id`, `language_id`, `name`, `description`, `meta_title`, `meta_description`, `meta_keyword`) VALUES
(44, 1, 'Dụng cụ cầm tay', 'Dụng cụ cầm tay', '', '', ''),
(44, 2, 'Dụng cụ cầm tay', 'Dụng cụ cầm tay', '', '', ''),
(32, 1, 'Dụng cụ dùng điện', 'Dụng cụ dùng điện', '', '', ''),
(32, 2, 'Dụng cụ dùng điện', 'Dụng cụ dùng điện', '', '', ''),
(43, 1, 'Dụng cụ dùng pin', 'Dụng cụ dùng pin', '', '', ''),
(42, 1, 'Máy rút đinh', 'Máy rút đinh', '', '', ''),
(43, 2, 'Dụng cụ dùng pin', 'Dụng cụ dùng pin', '', '', ''),
(38, 1, 'Máy chà nhám', 'Máy chà nhám', '', '', ''),
(39, 2, 'Máy bào', 'Máy bào', '', '', ''),
(39, 1, 'Máy bào', 'Máy bào', '', '', ''),
(40, 2, 'Dụng cụ dùng hơi', 'Dụng cụ dùng hơi', '', '', ''),
(40, 1, 'Dụng cụ dùng hơi', 'Dụng cụ dùng hơi', '', '', ''),
(41, 2, 'Máy bắn đinh', 'Máy bắn đinh', '', '', ''),
(41, 1, 'Máy bắn đinh', 'Máy bắn đinh', '', '', ''),
(42, 2, 'Máy rút đinh', 'Máy rút đinh', '', '', ''),
(33, 2, 'Máy khoan', 'Máy khoan', '', '', ''),
(33, 1, 'Máy khoan', 'Máy khoan', '', '', ''),
(34, 2, 'Máy cắt', 'Máy cắt', '', '', ''),
(34, 1, 'Máy cắt', 'Máy cắt', '', '', ''),
(35, 2, 'Máy mài', 'Máy mài', '', '', ''),
(35, 1, 'Máy mài', 'Máy mài', '', '', ''),
(36, 2, 'Máy cưa', 'Máy cưa', '', '', ''),
(36, 1, 'Máy cưa', 'Máy cưa', '', '', ''),
(37, 2, 'Máy đục', 'Máy đục', '', '', ''),
(37, 1, 'Máy đục', 'Máy đục', '', '', ''),
(38, 2, 'Máy chà nhám', 'Máy chà nhám', '', '', ''),
(45, 2, 'Máy cắt cầm tay', 'Máy cắt cầm tay', '', '', ''),
(45, 1, 'Máy cắt cầm tay', 'Máy cắt cầm tay', '', '', ''),
(46, 2, 'Thiết bị hàn', 'Thiết bị hàn', '', '', ''),
(46, 1, 'Thiết bị hàn', 'Thiết bị hàn', '', '', ''),
(47, 2, 'Máy hàn điện tử', 'Máy hàn điện tử', '', '', ''),
(47, 1, 'Máy hàn điện tử', 'Máy hàn điện tử', '', '', ''),
(48, 2, 'Máy nén khí', 'Máy nén khí', '', '', ''),
(48, 1, 'Máy nén khí', 'Máy nén khí', '', '', ''),
(49, 2, 'Thiết bị đo chính xác', 'Thiết bị đo chính xác', '', '', ''),
(49, 1, 'Thiết bị đo chính xác', 'Thiết bị đo chính xác', '', '', ''),
(50, 2, 'Máy cân bằng laser', 'Máy cân bằng laser', '', '', ''),
(50, 1, 'Máy cân bằng laser', 'Máy cân bằng laser', '', '', ''),
(51, 2, 'Thiết bị dùng nước', 'Thiết bị dùng nước', '', '', ''),
(51, 1, 'Thiết bị dùng nước', 'Thiết bị dùng nước', '', '', ''),
(52, 2, 'Phụ kiện các loại', 'Phụ kiện các loại', '', '', ''),
(52, 1, 'Phụ kiện các loại', 'Phụ kiện các loại', '', '', '');

-- oc_category_path PRIMARY KEY (`category_id`,`path_id`)
INSERT IGNORE INTO `oc_category_path` (`category_id`, `path_id`, `level`) VALUES
(45, 44, 0),
(44, 44, 0),
(43, 43, 0),
(42, 42, 1),
(42, 40, 0),
(41, 41, 1),
(41, 40, 0),
(40, 40, 0),
(39, 39, 1),
(36, 32, 0),
(36, 36, 1),
(37, 32, 0),
(33, 32, 0),
(39, 32, 0),
(38, 38, 1),
(34, 32, 0),
(35, 35, 1),
(38, 32, 0),
(37, 37, 1),
(32, 32, 0),
(34, 34, 1),
(35, 32, 0),
(33, 33, 1),
(45, 45, 1),
(46, 46, 0),
(47, 46, 0),
(47, 47, 1),
(48, 48, 0),
(49, 49, 0),
(50, 49, 0),
(50, 50, 1),
(51, 51, 0),
(52, 52, 0);

-- oc_category_to_store PRIMARY KEY (`category_id`,`store_id`)
INSERT IGNORE INTO `oc_category_to_store` (`category_id`, `store_id`) VALUES
(32, 0),
(33, 0),
(34, 0),
(35, 0),
(36, 0),
(37, 0),
(38, 0),
(39, 0),
(40, 0),
(41, 0),
(42, 0),
(43, 0),
(44, 0),
(45, 0),
(46, 0),
(47, 0),
(48, 0),
(49, 0),
(50, 0),
(51, 0),
(52, 0);