-- oc_category PRIMARY KEY (`category_id`)
INSERT IGNORE INTO `oc_category` (`category_id`, `image`, `parent_id`, `top`, `column`, `sort_order`, `status`, `date_added`, `date_modified`) VALUES
(50, '', 0, 0, 0, 0, 1, '2020-08-11 15:41:38', '2020-08-11 15:41:38'),
(49, '', 44, 0, 0, 0, 1, '2020-08-11 15:39:18', '2020-08-11 15:39:18'),
(48, '', 44, 0, 0, 0, 1, '2020-08-11 15:39:18', '2020-08-11 15:39:18'),
(36, '', 0, 0, 0, 0, 1, '2020-08-11 15:31:23', '2020-08-11 15:31:23'),
(37, '', 0, 0, 0, 0, 1, '2020-08-11 15:32:17', '2020-08-11 15:36:01'),
(38, '', 37, 0, 0, 0, 1, '2020-08-11 15:36:01', '2020-08-11 15:36:01'),
(39, '', 37, 0, 0, 0, 1, '2020-08-11 15:36:01', '2020-08-11 15:36:01'),
(40, '', 37, 0, 0, 0, 1, '2020-08-11 15:36:01', '2020-08-11 15:36:01'),
(41, '', 37, 0, 0, 0, 1, '2020-08-11 15:36:01', '2020-08-11 15:36:01'),
(42, '', 37, 0, 0, 0, 1, '2020-08-11 15:36:01', '2020-08-11 15:36:01'),
(43, '', 0, 0, 0, 0, 1, '2020-08-11 15:36:45', '2020-08-11 15:36:45'),
(44, '', 0, 0, 0, 0, 1, '2020-08-11 15:39:18', '2020-08-11 15:39:18'),
(45, '', 44, 0, 0, 0, 1, '2020-08-11 15:39:18', '2020-08-11 15:39:18'),
(46, '', 44, 0, 0, 0, 1, '2020-08-11 15:39:18', '2020-08-11 15:39:18'),
(47, '', 44, 0, 0, 0, 1, '2020-08-11 15:39:18', '2020-08-11 15:39:18'),
(51, '', 50, 0, 0, 0, 1, '2020-08-11 15:41:38', '2020-08-11 15:41:38'),
(52, '', 50, 0, 0, 0, 1, '2020-08-11 15:41:38', '2020-08-11 15:41:38'),
(53, '', 50, 0, 0, 0, 1, '2020-08-11 15:41:38', '2020-08-11 15:41:38'),
(54, '', 50, 0, 0, 0, 1, '2020-08-11 15:41:38', '2020-08-11 15:41:38'),
(55, '', 50, 0, 0, 0, 1, '2020-08-11 15:41:38', '2020-08-11 15:41:38'),
(56, '', 0, 0, 0, 0, 1, '2020-08-11 15:44:22', '2020-08-11 15:45:58'),
(57, '', 56, 0, 0, 0, 1, '2020-08-11 15:44:22', '2020-08-11 15:45:58'),
(58, '', 56, 0, 0, 0, 1, '2020-08-11 15:44:22', '2020-08-11 15:45:58'),
(59, '', 56, 0, 0, 0, 1, '2020-08-11 15:44:22', '2020-08-11 15:45:58'),
(60, '', 56, 0, 0, 0, 1, '2020-08-11 15:44:22', '2020-08-11 15:45:58'),
(61, '', 56, 0, 0, 0, 1, '2020-08-11 15:45:58', '2020-08-11 15:45:58'),
(62, '', 0, 0, 0, 0, 1, '2020-08-11 15:48:58', '2020-08-11 15:48:58'),
(63, '', 62, 0, 0, 0, 1, '2020-08-11 15:48:58', '2020-08-11 15:48:58'),
(64, '', 62, 0, 0, 0, 1, '2020-08-11 15:48:58', '2020-08-11 15:48:58'),
(65, '', 62, 0, 0, 0, 1, '2020-08-11 15:48:58', '2020-08-11 15:48:58'),
(66, '', 62, 0, 0, 0, 1, '2020-08-11 15:48:58', '2020-08-11 15:48:58'),
(67, '', 62, 0, 0, 0, 1, '2020-08-11 15:48:58', '2020-08-11 15:48:58'),
(68, '', 0, 0, 0, 0, 1, '2020-08-11 15:55:11', '2020-08-11 15:55:11'),
(69, '', 68, 0, 0, 0, 1, '2020-08-11 15:55:11', '2020-08-11 15:55:11'),
(70, '', 68, 0, 0, 0, 1, '2020-08-11 15:55:12', '2020-08-11 15:55:12'),
(71, '', 68, 0, 0, 0, 1, '2020-08-11 15:55:12', '2020-08-11 15:55:12'),
(72, '', 68, 0, 0, 0, 1, '2020-08-11 15:55:12', '2020-08-11 15:55:12'),
(73, '', 68, 0, 0, 0, 1, '2020-08-11 15:55:12', '2020-08-11 15:55:12'),
(74, '', 0, 0, 0, 0, 1, '2020-08-11 15:57:33', '2020-08-11 15:57:33'),
(75, '', 74, 0, 0, 0, 1, '2020-08-11 15:57:33', '2020-08-11 15:57:33'),
(76, '', 74, 0, 0, 0, 1, '2020-08-11 15:57:33', '2020-08-11 15:57:33'),
(77, '', 74, 0, 0, 0, 1, '2020-08-11 15:57:33', '2020-08-11 15:57:33'),
(78, '', 74, 0, 0, 0, 1, '2020-08-11 15:57:33', '2020-08-11 15:57:33'),
(79, '', 74, 0, 0, 0, 1, '2020-08-11 15:57:33', '2020-08-11 15:57:33'),
(80, '', 0, 0, 0, 0, 1, '2020-08-11 16:01:47', '2020-08-11 16:01:47'),
(81, '', 80, 0, 0, 0, 1, '2020-08-11 16:01:47', '2020-08-11 16:01:47'),
(82, '', 80, 0, 0, 0, 1, '2020-08-11 16:01:47', '2020-08-11 16:01:47'),
(83, '', 80, 0, 0, 0, 1, '2020-08-11 16:01:47', '2020-08-11 16:01:47'),
(84, '', 80, 0, 0, 0, 1, '2020-08-11 16:01:47', '2020-08-11 16:01:47'),
(85, '', 80, 0, 0, 0, 1, '2020-08-11 16:01:47', '2020-08-11 16:01:47'),
(10, NULL, 0, 0, 0, 0, 1, '2019-05-20 16:05:16', '2019-05-20 16:05:16'),
(11, NULL, 0, 0, 0, 0, 1, '2019-05-20 16:37:28', '2019-05-20 16:37:28'),
(13, NULL, 0, 0, 0, 0, 1, '2019-05-20 16:54:28', '2019-05-20 16:54:28'),
(15, NULL, 0, 0, 0, 0, 1, '2019-05-21 13:49:04', '2019-05-21 13:49:04'),
(16, NULL, 0, 0, 0, 0, 1, '2019-05-21 14:28:02', '2019-05-21 14:28:02');

-- oc_category_description PRIMARY KEY (`category_id`,`language_id`)
INSERT IGNORE INTO `oc_category_description` (`category_id`, `language_id`, `name`, `description`, `meta_title`, `meta_description`, `meta_keyword`) VALUES
(56, 2, 'Dầu Và Chất Bôi Trơn', 'Dầu Và Chất Bôi Trơn', '', '', ''),
(56, 1, 'Dầu Và Chất Bôi Trơn', 'Dầu Và Chất Bôi Trơn', '', '', ''),
(55, 1, 'Máy Dò Radar', 'Máy Dò Radar', '', '', ''),
(36, 2, 'Pin', 'Pin', '', '', ''),
(36, 1, 'Pin', 'Pin', '', '', ''),
(37, 2, 'Đĩa Phanh Và Miếng Đệm', 'Đĩa Phanh Và Miếng Đệm', '', '', ''),
(37, 1, 'Đĩa Phanh Và Miếng Đệm', 'Đĩa Phanh Và Miếng Đệm', '', '', ''),
(38, 2, 'Kẹp Phanh', 'Kẹp Phanh', '', '', ''),
(38, 1, 'Kẹp Phanh', 'Kẹp Phanh', '', '', ''),
(39, 2, 'Ống Và Dây Phanh', 'Ống Và Dây Phanh', '', '', ''),
(39, 1, 'Ống Và Dây Phanh', 'Ống Và Dây Phanh', '', '', ''),
(40, 2, 'Miếng Đệm Và Giày Phanh', 'Miếng Đệm Và Giày Phanh', '', '', ''),
(40, 1, 'Miếng Đệm Và Giày Phanh', 'Miếng Đệm Và Giày Phanh', '', '', ''),
(41, 2, 'Rotor Phanh', 'Rotor Phanh', '', '', ''),
(41, 1, 'Rotor Phanh', 'Rotor Phanh', '', '', ''),
(42, 2, 'Xi Lanh Và Bộ Dụng Cụ', 'Xi Lanh Và Bộ Dụng Cụ', '', '', ''),
(42, 1, 'Xi Lanh Và Bộ Dụng Cụ', 'Xi Lanh Và Bộ Dụng Cụ', '', '', ''),
(43, 2, 'Bộ Dụng Cụ Chăm Sóc Ôtô', 'Bộ Dụng Cụ Chăm Sóc Ôtô', '', '', ''),
(43, 1, 'Bộ Dụng Cụ Chăm Sóc Ôtô', 'Bộ Dụng Cụ Chăm Sóc Ôtô', '', '', ''),
(44, 2, 'Bộ Phận Động Cơ', 'Bộ Phận Động Cơ', '', '', ''),
(44, 1, 'Bộ Phận Động Cơ', 'Bộ Phận Động Cơ', '', '', ''),
(45, 2, 'Hộp Khí', 'Hộp Khí', '', '', ''),
(45, 1, 'Hộp Khí', 'Hộp Khí', '', '', ''),
(46, 2, 'Van Khới Động Nguội', 'Van Khới Động Nguội', '', '', ''),
(46, 1, 'Van Khới Động Nguội', 'Van Khới Động Nguội', '', '', ''),
(47, 2, 'Đầu Xi Lanh', 'Đầu Xi Lanh', '', '', ''),
(47, 1, 'Đầu Xi Lanh', 'Đầu Xi Lanh', '', '', ''),
(48, 2, 'Pít Tông Lót', 'Pít Tông Lót', '', '', ''),
(48, 1, 'Pít Tông Lót', 'Pít Tông Lót', '', '', ''),
(49, 2, 'Chảo Và Phích Cắm', 'Chảo Và Phích Cắm', '', '', ''),
(49, 1, 'Chảo Và Phích Cắm', 'Chảo Và Phích Cắm', '', '', ''),
(50, 2, 'Thắp Sáng', 'Thắp Sáng', '', '', ''),
(50, 1, 'Thắp Sáng', 'Thắp Sáng', '', '', ''),
(51, 2, 'Bộ Điều Hợp', 'Bộ Điều Hợp', '', '', ''),
(51, 1, 'Bộ Điều Hợp', 'Bộ Điều Hợp', '', '', ''),
(52, 2, 'Máy Ảnh Và Vỏ', 'Máy Ảnh Và Vỏ', '', '', ''),
(52, 1, 'Máy Ảnh Và Vỏ', 'Máy Ảnh Và Vỏ', '', '', ''),
(53, 2, 'Hệ Thống GPS', 'Hệ Thống GPS', '', '', ''),
(53, 1, 'Hệ Thống GPS', 'Hệ Thống GPS', '', '', ''),
(54, 2, 'Điện Tử Di Động', 'Điện Tử Di Động', '', '', ''),
(54, 1, 'Điện Tử Di Động', 'Điện Tử Di Động', '', '', ''),
(55, 2, 'Máy Dò Radar', 'Máy Dò Radar', '', '', ''),
(57, 2, 'Dầu Động Cơ', 'Dầu Động Cơ', '', '', ''),
(57, 1, 'Dầu Động Cơ', 'Dầu Động Cơ', '', '', ''),
(58, 2, 'Dầu Động Cơ Đua', 'Dầu Động Cơ Đua', '', '', ''),
(58, 1, 'Dầu Động Cơ Đua', 'Dầu Động Cơ Đua', '', '', ''),
(59, 2, 'Powersport', 'Powersport', '', '', ''),
(59, 1, 'Powersport', 'Powersport', '', '', ''),
(60, 2, 'Sợi Tổng Hợp', 'Sợi Tổng Hợp', '', '', ''),
(60, 1, 'Sợi Tổng Hợp', 'Sợi Tổng Hợp', '', '', ''),
(61, 2, 'Dầu Máy', 'Dầu Máy', '', '', ''),
(61, 1, 'Dầu Máy', 'Dầu Máy', '', '', ''),
(62, 2, 'Bộ Dụng Cụ Làm Sạch', 'Bộ Dụng Cụ Làm Sạch', '', '', ''),
(62, 1, 'Bộ Dụng Cụ Làm Sạch', 'Bộ Dụng Cụ Làm Sạch', '', '', ''),
(63, 2, 'Bộ Lọc Không Khí', 'Bộ Lọc Không Khí', '', '', ''),
(63, 1, 'Bộ Lọc Không Khí', 'Bộ Lọc Không Khí', '', '', ''),
(64, 2, 'Bộ Lọc Không Khí Trong Cabin', 'Bộ Lọc Không Khí Trong Cabin', '', '', ''),
(64, 1, 'Bộ Lọc Không Khí Trong Cabin', 'Bộ Lọc Không Khí Trong Cabin', '', '', ''),
(65, 2, 'Bộ Lọc Dầu', 'Bộ Lọc Dầu', '', '', ''),
(65, 1, 'Bộ Lọc Dầu', 'Bộ Lọc Dầu', '', '', ''),
(66, 2, 'Cảm Biến Oxy', 'Cảm Biến Oxy', '', '', ''),
(66, 1, 'Cảm Biến Oxy', 'Cảm Biến Oxy', '', '', ''),
(67, 2, 'Van PCV', 'Van PCV', '', '', ''),
(67, 1, 'Van PCV', 'Van PCV', '', '', ''),
(68, 2, 'Hệ Thống Lái', 'Hệ Thống Lái', '', '', ''),
(68, 1, 'Hệ Thống Lái', 'Hệ Thống Lái', '', '', ''),
(69, 2, 'Liên Kết Kéo Trung Tâm', 'Liên Kết Kéo Trung Tâm', '', '', ''),
(69, 1, 'Liên Kết Kéo Trung Tâm', 'Liên Kết Kéo Trung Tâm', '', '', ''),
(70, 2, 'Ideler Arms', 'Ideler Arms', '', '', ''),
(70, 1, 'Ideler Arms', 'Ideler Arms', '', '', ''),
(71, 2, 'Tie Rod Kết Thúc', 'Tie Rod Kết Thúc', '', '', ''),
(71, 1, 'Tie Rod Kết Thúc', 'Tie Rod Kết Thúc', '', '', ''),
(72, 2, 'Khớp Chữ U', 'Khớp Chữ U', '', '', ''),
(72, 1, 'Khớp Chữ U', 'Khớp Chữ U', '', '', ''),
(73, 2, 'Vòng Bi Bánh Xe', 'Vòng Bi Bánh Xe', '', '', ''),
(73, 1, 'Vòng Bi Bánh Xe', 'Vòng Bi Bánh Xe', '', '', ''),
(74, 2, 'Huyền Phù', 'Huyền Phù', '', '', ''),
(74, 1, 'Huyền Phù', 'Huyền Phù', '', '', ''),
(75, 2, 'Các Bộ Phận Căn Chỉnh', 'Các Bộ Phận Căn Chỉnh', '', '', ''),
(75, 1, 'Các Bộ Phận Căn Chỉnh', 'Các Bộ Phận Căn Chỉnh', '', '', ''),
(76, 2, 'Khớp Bóng', 'Khớp Bóng', '', '', ''),
(76, 1, 'Khớp Bóng', 'Khớp Bóng', '', '', ''),
(77, 2, 'Sứ Xuyên', 'Sứ Xuyên', '', '', ''),
(77, 1, 'Sứ Xuyên', 'Sứ Xuyên', '', '', ''),
(78, 2, 'Lò Xo Cuộn', 'Lò Xo Cuộn', '', '', ''),
(78, 1, 'Lò Xo Cuộn', 'Lò Xo Cuộn', '', '', ''),
(79, 2, 'Kiểm Soát', 'Kiểm Soát', '', '', ''),
(79, 1, 'Kiểm Soát', 'Kiểm Soát', '', '', ''),
(80, 2, 'Lốp Và Bánh Xe', 'Lốp Và Bánh Xe', '', '', ''),
(80, 1, 'Lốp Và Bánh Xe', 'Lốp Và Bánh Xe', '', '', ''),
(81, 2, 'Bánh Xe Tuỳ Chỉnh', 'Bánh Xe Tuỳ Chỉnh', '', '', ''),
(81, 1, 'Bánh Xe Tuỳ Chỉnh', 'Bánh Xe Tuỳ Chỉnh', '', '', ''),
(82, 2, 'Bánh Xe Nhà Máy', 'Bánh Xe Nhà Máy', '', '', ''),
(82, 1, 'Bánh Xe Nhà Máy', 'Bánh Xe Nhà Máy', '', '', ''),
(83, 2, 'Lug Nuts Và Locks', 'Lug Nuts Và Locks', '', '', ''),
(83, 1, 'Lug Nuts Và Locks', 'Lug Nuts Và Locks', '', '', ''),
(84, 2, 'Misc', 'Misc', '', '', ''),
(84, 1, 'Misc', 'Misc', '', '', ''),
(85, 2, 'Chuỗi Lốp', 'Chuỗi Lốp', '', '', ''),
(85, 1, 'Chuỗi Lốp', 'Chuỗi Lốp', '', '', ''),
(10, 2, 'Sữa dưỡng thể', 'Sữa dưỡng thể', '', '', ''),
(10, 1, 'Sữa dưỡng thể', 'Sữa dưỡng thể', '', '', ''),
(11, 2, 'Sữa rửa mặt', 'Sữa rửa mặt', '', '', ''),
(11, 1, 'Sữa rửa mặt', 'Sữa rửa mặt', '', '', ''),
(13, 2, 'Kem chống nắng', 'Kem chống nắng', '', '', ''),
(13, 1, 'Kem chống nắng', 'Kem chống nắng', '', '', ''),
(15, 2, 'Kem dưỡng da', 'Kem dưỡng da', '', '', ''),
(15, 1, 'Kem dưỡng da', 'Kem dưỡng da', '', '', ''),
(16, 2, 'Dầu gội', 'Dầu gội', '', '', ''),
(16, 1, 'Dầu gội', 'Dầu gội', '', '', '');

-- oc_category_path PRIMARY KEY (`category_id`,`path_id`)
INSERT IGNORE INTO `oc_category_path` (`category_id`, `path_id`, `level`) VALUES
(42, 42, 1),
(39, 37, 0),
(39, 39, 1),
(38, 37, 0),
(38, 38, 1),
(40, 37, 0),
(42, 37, 0),
(41, 41, 1),
(49, 44, 0),
(41, 37, 0),
(40, 40, 1),
(36, 36, 0),
(37, 37, 0),
(48, 48, 1),
(48, 44, 0),
(44, 44, 0),
(43, 43, 0),
(47, 47, 1),
(47, 44, 0),
(46, 46, 1),
(46, 44, 0),
(45, 45, 1),
(45, 44, 0),
(55, 50, 0),
(54, 54, 1),
(54, 50, 0),
(53, 53, 1),
(53, 50, 0),
(52, 52, 1),
(52, 50, 0),
(51, 51, 1),
(51, 50, 0),
(50, 50, 0),
(49, 49, 1),
(55, 55, 1),
(56, 56, 0),
(57, 56, 0),
(57, 57, 1),
(58, 56, 0),
(58, 58, 1),
(59, 56, 0),
(59, 59, 1),
(60, 56, 0),
(60, 60, 1),
(61, 56, 0),
(61, 61, 1),
(62, 62, 0),
(63, 62, 0),
(63, 63, 1),
(64, 62, 0),
(64, 64, 1),
(65, 62, 0),
(65, 65, 1),
(66, 62, 0),
(66, 66, 1),
(67, 62, 0),
(67, 67, 1),
(68, 68, 0),
(69, 68, 0),
(69, 69, 1),
(70, 68, 0),
(70, 70, 1),
(71, 68, 0),
(71, 71, 1),
(72, 68, 0),
(72, 72, 1),
(73, 68, 0),
(73, 73, 1),
(74, 74, 0),
(75, 74, 0),
(75, 75, 1),
(76, 74, 0),
(76, 76, 1),
(77, 74, 0),
(77, 77, 1),
(78, 74, 0),
(78, 78, 1),
(79, 74, 0),
(79, 79, 1),
(80, 80, 0),
(81, 80, 0),
(81, 81, 1),
(82, 80, 0),
(82, 82, 1),
(83, 80, 0),
(83, 83, 1),
(84, 80, 0),
(84, 84, 1),
(85, 80, 0),
(85, 85, 1),
(16, 16, 0),
(15, 15, 0),
(13, 13, 0),
(11, 11, 0),
(10, 10, 0);

-- oc_category_to_store PRIMARY KEY (`category_id`,`store_id`)
INSERT IGNORE INTO `oc_category_to_store` (`category_id`, `store_id`) VALUES
(10, 0),
(11, 0),
(13, 0),
(15, 0),
(16, 0),
(36, 0),
(37, 0),
(38, 0),
(39, 0),
(40, 0),
(41, 0),
(42, 0),
(43, 0),
(44, 0),
(45, 0),
(46, 0),
(47, 0),
(48, 0),
(49, 0),
(50, 0),
(51, 0),
(52, 0),
(53, 0),
(54, 0),
(55, 0),
(56, 0),
(57, 0),
(58, 0),
(59, 0),
(60, 0),
(61, 0),
(62, 0),
(63, 0),
(64, 0),
(65, 0),
(66, 0),
(67, 0),
(68, 0),
(69, 0),
(70, 0),
(71, 0),
(72, 0),
(73, 0),
(74, 0),
(75, 0),
(76, 0),
(77, 0),
(78, 0),
(79, 0),
(80, 0),
(81, 0),
(82, 0),
(83, 0),
(84, 0),
(85, 0);