-- oc_product PRIMARY KEY (`product_id`)
-- delete first
INSERT IGNORE INTO `oc_product` (`product_id`, `model`, `sku`, `common_barcode`, `common_sku`, `common_compare_price`, `common_price`, `common_cost_price`, `barcode`, `upc`, `ean`, `jan`, `isbn`, `mpn`, `location`, `quantity`, `sale_on_out_of_stock`, `stock_status_id`, `image`, `image_alt`, `multi_versions`, `manufacturer_id`, `shipping`, `price`, `price_currency_id`, `compare_price`, `c_price_currency_id`, `points`, `tax_class_id`, `date_available`, `weight`, `weight_class_id`, `length`, `width`, `height`, `length_class_id`, `subtract`, `minimum`, `sort_order`, `status`, `channel`, `viewed`, `demo`, `deleted`, `default_store_id`, `user_create_id`, `date_added`, `date_modified`) VALUES
(132, '', '', '', '', '0.0000', '0.0000', '0.0000', '', '', '', '', '', '', '', 0, 1, 0, 'https://cdn.bestme.asia/images/x2/sk-p-8-1_3BP2dUa.jpg', '', 0, 0, 1, '1423000.0000', 1, '1585000.0000', 1, 0, 0, '0000-00-00', '1.00000000', 1, '0.00000000', '0.00000000', '0.00000000', 0, 1, 1, 0, 1, 2, 0, 1, NULL, 0, 1, '2020-08-11 16:09:57', '2020-08-11 16:09:57'),
(133, '', '', '', '', '0.0000', '0.0000', '0.0000', '', '', '', '', '', '', '', 0, 1, 0, 'https://cdn.bestme.asia/images/x2/sk-p-4-1_zHo26Ra.jpg', '', 0, 0, 1, '300000.0000', 1, '338000.0000', 1, 0, 0, '0000-00-00', '1.00000000', 1, '0.00000000', '0.00000000', '0.00000000', 0, 1, 1, 0, 1, 0, 0, 1, NULL, 0, 1, '2020-08-11 16:14:42', '2020-08-11 16:14:42'),
(134, '', '', '', '', '0.0000', '0.0000', '0.0000', '', '', '', '', '', '', '', 0, 1, 0, 'https://cdn.bestme.asia/images/x2/sk-p-7-3-600x600_vwKgXtX.jpg', '', 0, 0, 1, '500000.0000', 1, '830000.0000', 1, 0, 0, '0000-00-00', '1.00000000', 1, '0.00000000', '0.00000000', '0.00000000', 0, 1, 1, 0, 1, 2, 0, 1, NULL, 0, 1, '2020-08-11 16:16:42', '2020-08-11 16:16:42'),
(135, '', '', '', '', '0.0000', '0.0000', '0.0000', '', '', '', '', '', '', '', 0, 1, 0, 'https://cdn.bestme.asia/images/x2/sk-p-1-1_QK0pWvb.jpg', '', 0, 0, 1, '0.0000', 1, '1100000.0000', 1, 0, 0, '0000-00-00', '1.00000000', 1, '0.00000000', '0.00000000', '0.00000000', 0, 1, 1, 0, 1, 2, 0, 1, NULL, 0, 1, '2020-08-11 16:18:48', '2020-08-11 16:18:48'),
(136, '', '', '', '', '0.0000', '0.0000', '0.0000', '', '', '', '', '', '', '', 0, 1, 0, 'https://cdn.bestme.asia/images/x2/b-p-4_7zYCXdw.jpg', '', 0, 0, 1, '1300000.0000', 1, '1800000.0000', 1, 0, 0, '0000-00-00', '1.00000000', 1, '0.00000000', '0.00000000', '0.00000000', 0, 1, 1, 0, 1, 2, 0, 1, NULL, 0, 1, '2020-08-11 16:32:17', '2020-08-11 16:32:17'),
(137, '', '', '', '', '0.0000', '0.0000', '0.0000', '', '', '', '', '', '', '', 0, 1, 0, 'https://cdn.bestme.asia/images/x2/b-p-3_lV4oXnF.jpg', '', 0, 0, 1, '340000.0000', 1, '650000.0000', 1, 0, 0, '0000-00-00', '1.00000000', 1, '0.00000000', '0.00000000', '0.00000000', 0, 1, 1, 0, 1, 2, 0, 1, NULL, 0, 1, '2020-08-11 16:34:55', '2020-08-11 16:34:55'),
(138, '', '', '', '', '0.0000', '0.0000', '0.0000', '', '', '', '', '', '', '', 0, 1, 0, 'https://cdn.bestme.asia/images/x2/b-p-9_egiPiS8.jpg', '', 0, 0, 1, '0.0000', 1, '2300000.0000', 1, 0, 0, '0000-00-00', '1.00000000', 1, '0.00000000', '0.00000000', '0.00000000', 0, 1, 1, 0, 1, 0, 0, 1, NULL, 0, 1, '2020-08-11 16:38:30', '2020-08-11 16:38:30'),
(139, '', '', '', '', '0.0000', '0.0000', '0.0000', '', '', '', '', '', '', '', 0, 1, 0, 'https://cdn.bestme.asia/images/x2/b-p-7_TzbjGIQ.jpg', '', 0, 0, 1, '2300000.0000', 1, '2900000.0000', 1, 0, 0, '0000-00-00', '1.00000000', 1, '0.00000000', '0.00000000', '0.00000000', 0, 1, 1, 0, 1, 2, 0, 1, NULL, 0, 1, '2020-08-11 16:40:41', '2020-08-11 16:40:41'),
(140, '', '', '', '', '0.0000', '0.0000', '0.0000', '', '', '', '', '', '', '', 0, 1, 0, 'https://cdn.bestme.asia/images/x2/sus-p-1_0bPMqs3.jpg', '', 0, 0, 1, '700000.0000', 1, '1200000.0000', 1, 0, 0, '0000-00-00', '1.00000000', 1, '0.00000000', '0.00000000', '0.00000000', 0, 1, 1, 0, 1, 2, 0, 1, NULL, 0, 1, '2020-08-11 16:44:37', '2020-08-11 16:44:37'),
(141, '', '', '', '', '0.0000', '0.0000', '0.0000', '', '', '', '', '', '', '', 0, 1, 0, 'https://cdn.bestme.asia/images/x2/sus-p-10-1_e25PjRe.jpg', '', 0, 0, 1, '0.0000', 1, '400000.0000', 1, 0, 0, '0000-00-00', '1.00000000', 1, '0.00000000', '0.00000000', '0.00000000', 0, 1, 1, 0, 1, 2, 0, 1, NULL, 0, 1, '2020-08-11 16:46:20', '2020-08-11 16:46:20'),
(142, '', '', '', '', '0.0000', '0.0000', '0.0000', '', '', '', '', '', '', '', 0, 1, 0, 'https://cdn.bestme.asia/images/x2/sus-p-4-1_DvefffF.jpg', '', 0, 0, 1, '0.0000', 1, '1600000.0000', 1, 0, 0, '0000-00-00', '1.00000000', 1, '0.00000000', '0.00000000', '0.00000000', 0, 1, 1, 0, 1, 2, 0, 1, NULL, 0, 1, '2020-08-11 16:48:18', '2020-08-11 16:48:18'),
(143, '', '', '', '', '0.0000', '0.0000', '0.0000', '', '', '', '', '', '', '', 0, 1, 0, 'https://cdn.bestme.asia/images/x2/sus-p-7-1_vrNGt6H.jpg', '', 0, 0, 1, '0.0000', 1, '2000000.0000', 1, 0, 0, '0000-00-00', '1.00000000', 1, '0.00000000', '0.00000000', '0.00000000', 0, 1, 1, 0, 1, 2, 0, 1, NULL, 0, 1, '2020-08-11 16:51:10', '2020-08-11 16:51:10'),
(144, '', '', '', '', '0.0000', '0.0000', '0.0000', '', '', '', '', '', '', '', 0, 1, 0, 'https://cdn.bestme.asia/images/x2/e-p-9-1_o8fYhBd.jpg', '', 0, 0, 1, '0.0000', 1, '2100000.0000', 1, 0, 0, '0000-00-00', '1.00000000', 1, '0.00000000', '0.00000000', '0.00000000', 0, 1, 1, 0, 1, 2, 0, 1, NULL, 0, 1, '2020-08-11 16:54:04', '2020-08-11 16:54:04'),
(145, '', '', '', '', '0.0000', '0.0000', '0.0000', '', '', '', '', '', '', '', 0, 1, 0, 'https://cdn.bestme.asia/images/x2/282k216724l1450561863ba-7248-4404-b4db-3f8ebd32460d_h59CNOJ.jpg', '', 0, 0, 1, '0.0000', 1, '2100000.0000', 1, 0, 0, '0000-00-00', '1.00000000', 1, '0.00000000', '0.00000000', '0.00000000', 0, 1, 1, 0, 1, 2, 0, 1, NULL, 0, 1, '2020-08-11 16:57:12', '2020-08-11 16:57:12'),
(146, '', '', '', '', '0.0000', '0.0000', '0.0000', '', '', '', '', '', '', '', 0, 1, 0, 'https://cdn.bestme.asia/images/x2/e-p-3_LfrPMzL.jpg', '', 0, 0, 1, '2800000.0000', 1, '3200000.0000', 1, 0, 0, '0000-00-00', '1.00000000', 1, '0.00000000', '0.00000000', '0.00000000', 0, 1, 1, 0, 1, 2, 0, 1, NULL, 0, 1, '2020-08-11 16:59:28', '2020-08-11 16:59:28'),
(147, '', '', '', '', '0.0000', '0.0000', '0.0000', '', '', '', '', '', '', '', 0, 1, 0, 'https://cdn.bestme.asia/images/x2/e-p-1_esiD4oP.jpg', '', 0, 0, 1, '550000.0000', 1, '610000.0000', 1, 0, 0, '0000-00-00', '1.00000000', 1, '0.00000000', '0.00000000', '0.00000000', 0, 1, 1, 0, 1, 0, 0, 1, NULL, 0, 1, '2020-08-11 17:01:25', '2020-08-11 17:01:25'),
(148, '', '', '', '', '0.0000', '0.0000', '0.0000', '', '', '', '', '', '', '', 0, 1, 0, 'https://cdn.bestme.asia/images/x2/oil-p-10-1_in4tkYY.jpg', '', 0, 0, 1, '0.0000', 1, '780000.0000', 1, 0, 0, '0000-00-00', '1.00000000', 1, '0.00000000', '0.00000000', '0.00000000', 0, 1, 1, 0, 1, 2, 0, 1, NULL, 0, 1, '2020-08-11 17:03:52', '2020-08-11 17:03:52'),
(149, '', '', '', '', '0.0000', '0.0000', '0.0000', '', '', '', '', '', '', '', 0, 1, 0, 'https://cdn.bestme.asia/images/x2/oil-p-9-1_azYyjEX.jpg', '', 0, 0, 1, '0.0000', 1, '999000.0000', 1, 0, 0, '0000-00-00', '1.00000000', 1, '0.00000000', '0.00000000', '0.00000000', 0, 1, 1, 0, 1, 2, 0, 1, NULL, 0, 1, '2020-08-11 17:05:42', '2020-08-11 17:05:42'),
(150, '', '', '', '', '0.0000', '0.0000', '0.0000', '', '', '', '', '', '', '', 0, 1, 0, 'https://cdn.bestme.asia/images/x2/oil-p-5-1_2XdAdLH.jpg', '', 0, 0, 1, '0.0000', 1, '2700000.0000', 1, 0, 0, '0000-00-00', '1.00000000', 1, '0.00000000', '0.00000000', '0.00000000', 0, 1, 1, 0, 1, 2, 0, 1, NULL, 0, 1, '2020-08-11 17:07:16', '2020-08-11 17:07:16'),
(151, '', '', '', '', '0.0000', '0.0000', '0.0000', '', '', '', '', '', '', '', 0, 1, 0, 'https://cdn.bestme.asia/images/x2/oil-p-7-1_lXQoujt.jpg', '', 0, 0, 1, '0.0000', 1, '1400000.0000', 1, 0, 0, '0000-00-00', '1.00000000', 1, '0.00000000', '0.00000000', '0.00000000', 0, 1, 1, 0, 1, 2, 0, 1, NULL, 0, 1, '2020-08-11 17:08:57', '2020-08-11 17:08:57'),
(152, '', '', '', '', '0.0000', '0.0000', '0.0000', '', '', '', '', '', '', '', 0, 1, 0, 'https://cdn.bestme.asia/images/x2/tire-2_bQtnSca.jpg', '', 0, 0, 1, '0.0000', 1, '3200000.0000', 1, 0, 0, '0000-00-00', '1.00000000', 1, '0.00000000', '0.00000000', '0.00000000', 0, 1, 1, 0, 1, 2, 0, 1, NULL, 0, 1, '2020-08-11 17:11:12', '2020-08-11 17:11:12'),
(153, '', '', '', '', '0.0000', '0.0000', '0.0000', '', '', '', '', '', '', '', 0, 1, 0, 'https://cdn.bestme.asia/images/x2/tire-4_lLL0SVm.jpg', '', 0, 0, 1, '0.0000', 1, '20000000.0000', 1, 0, 0, '0000-00-00', '1.00000000', 1, '0.00000000', '0.00000000', '0.00000000', 0, 1, 1, 0, 1, 2, 0, 1, NULL, 0, 1, '2020-08-11 17:13:01', '2020-08-11 17:13:01'),
(154, '', '', '', '', '0.0000', '0.0000', '0.0000', '', '', '', '', '', '', '', 0, 1, 0, 'https://cdn.bestme.asia/images/x2/tire-8_VYbNGKP.jpg', '', 0, 0, 1, '0.0000', 1, '1900000.0000', 1, 0, 0, '0000-00-00', '1.00000000', 1, '0.00000000', '0.00000000', '0.00000000', 0, 1, 1, 0, 1, 2, 0, 1, NULL, 0, 1, '2020-08-11 17:15:12', '2020-08-11 17:15:12'),
(155, '', '', '', '', '0.0000', '0.0000', '0.0000', '', '', '', '', '', '', '', 0, 1, 0, 'https://cdn.bestme.asia/images/x2/tire-5_xpoWRSH.jpg', '', 0, 0, 1, '0.0000', 1, '2600000.0000', 1, 0, 0, '0000-00-00', '1.00000000', 1, '0.00000000', '0.00000000', '0.00000000', 0, 1, 1, 0, 1, 2, 0, 1, NULL, 0, 1, '2020-08-11 17:16:26', '2020-08-11 17:16:26'),
(156, '', '', '', '', '0.0000', '0.0000', '0.0000', '', '', '', '', '', '', '', 0, 1, 0, 'https://cdn.bestme.asia/images/x2/st-p-2_IglHMfS.jpg', '', 0, 0, 1, '4300000.0000', 1, '5000000.0000', 1, 0, 0, '0000-00-00', '1.00000000', 1, '0.00000000', '0.00000000', '0.00000000', 0, 1, 1, 0, 1, 2, 0, 1, NULL, 0, 1, '2020-08-11 17:19:01', '2020-08-11 17:19:01'),
(157, '', '', '', '', '0.0000', '0.0000', '0.0000', '', '', '', '', '', '', '', 0, 1, 0, 'https://cdn.bestme.asia/images/x2/st-p-6-1_cKA8g1a.jpg', '', 0, 0, 1, '0.0000', 1, '11000000.0000', 1, 0, 0, '0000-00-00', '1.00000000', 1, '0.00000000', '0.00000000', '0.00000000', 0, 1, 1, 0, 1, 2, 0, 1, NULL, 0, 1, '2020-08-11 17:20:30', '2020-08-11 17:20:30'),
(158, '', '', '', '', '0.0000', '0.0000', '0.0000', '', '', '', '', '', '', '', 0, 1, 0, 'https://cdn.bestme.asia/images/x2/st-p-1_DlHgKY3.jpg', '', 0, 0, 1, '0.0000', 1, '2000000.0000', 1, 0, 0, '0000-00-00', '1.00000000', 1, '0.00000000', '0.00000000', '0.00000000', 0, 1, 1, 0, 1, 2, 0, 1, NULL, 0, 1, '2020-08-11 17:21:49', '2020-08-11 17:21:49'),
(159, '', '', '', '', '0.0000', '0.0000', '0.0000', '', '', '', '', '', '', '', 0, 1, 0, 'https://cdn.bestme.asia/images/x2/st-p-5-1_KojgKAn.jpg', '', 0, 0, 1, '0.0000', 1, '1800000.0000', 1, 0, 0, '0000-00-00', '1.00000000', 1, '0.00000000', '0.00000000', '0.00000000', 0, 1, 1, 0, 1, 2, 0, 1, NULL, 0, 1, '2020-08-11 17:26:55', '2020-08-14 09:16:36'),
(160, '', '', '', '', '0.0000', '0.0000', '0.0000', '', '', '', '', '', '', '', 0, 1, 0, 'https://cdn.bestme.asia/images/x2/o-4_QCETQE7.jpg', '', 0, 0, 1, '0.0000', 1, '5600000.0000', 1, 0, 0, '0000-00-00', '1.00000000', 1, '0.00000000', '0.00000000', '0.00000000', 0, 1, 1, 0, 1, 2, 0, 1, NULL, 0, 1, '2020-08-11 17:29:06', '2020-08-11 17:29:06'),
(161, '', '', '', '', '0.0000', '0.0000', '0.0000', '', '', '', '', '', '', '', 0, 1, 0, 'https://cdn.bestme.asia/images/x2/o-1_Y0Dcv3F.jpg', '', 0, 0, 1, '0.0000', 1, '2700000.0000', 1, 0, 0, '0000-00-00', '1.00000000', 1, '0.00000000', '0.00000000', '0.00000000', 0, 1, 1, 0, 1, 2, 0, 1, NULL, 0, 1, '2020-08-11 17:30:22', '2020-08-11 17:30:22'),
(162, '', '', '', '', '0.0000', '0.0000', '0.0000', '', '', '', '', '', '', '', 0, 1, 0, 'https://cdn.bestme.asia/images/x2/o-5_abhFswC.jpg', '', 0, 0, 1, '0.0000', 1, '1200000.0000', 1, 0, 0, '0000-00-00', '1.00000000', 1, '0.00000000', '0.00000000', '0.00000000', 0, 1, 1, 0, 1, 2, 0, 1, NULL, 0, 1, '2020-08-11 17:31:37', '2020-08-11 17:32:10'),
(163, '', '', '', '', '0.0000', '0.0000', '0.0000', '', '', '', '', '', '', '', 0, 1, 0, 'https://cdn.bestme.asia/images/x2/o-9_Zh3IMA5.jpg', '', 0, 0, 1, '1300000.0000', 1, '1800000.0000', 1, 0, 0, '0000-00-00', '1.00000000', 1, '0.00000000', '0.00000000', '0.00000000', 0, 1, 1, 0, 1, 2, 0, 1, NULL, 0, 1, '2020-08-11 17:33:39', '2020-08-11 17:33:39');

-- restore soft-deleted products if demo
UPDATE `oc_product` SET `deleted` = NULL
WHERE `demo` = 1
  AND `product_id` IN (
      132,
      133,
      134,
      135,
      136,
      137,
      138,
      139,
      140,
      141,
      142,
      143,
      144,
      145,
      146,
      147,
      148,
      149,
      150,
      151,
      152,
      153,
      154,
      155,
      156,
      157,
      158,
      159,
      160,
      161,
      162,
      163
  );

-- oc_product_collection PRIMARY KEY (`product_collection_id`)
INSERT IGNORE INTO `oc_product_collection` (`product_collection_id`, `product_id`, `collection_id`, `sort_order`) VALUES
(227, 143, 10, 4),
(226, 142, 10, 3),
(225, 141, 10, 2),
(224, 140, 10, 1),
(187, 139, 9, 4),
(186, 138, 9, 3),
(185, 137, 9, 2),
(184, 136, 9, 1),
(183, 132, 8, 4),
(182, 133, 8, 3),
(181, 135, 8, 2),
(180, 134, 8, 1),
(203, 154, 13, 4),
(202, 155, 13, 3),
(201, 153, 13, 2),
(200, 152, 13, 1),
(199, 148, 12, 4),
(198, 149, 12, 3),
(197, 151, 12, 2),
(196, 150, 12, 1),
(195, 147, 11, 4),
(194, 146, 11, 3),
(193, 145, 11, 2),
(192, 144, 11, 1),
(228, 159, 14, 0),
(206, 157, 14, 3),
(205, 158, 14, 2),
(204, 156, 14, 1),
(219, 161, 15, 4),
(218, 163, 15, 3),
(217, 162, 15, 2),
(216, 160, 15, 1),
(234, 158, 18, 2),
(236, 162, 17, 2),
(235, 160, 17, 1),
(233, 141, 18, 1);

-- oc_product_description PRIMARY KEY (`product_id`,`language_id`)
INSERT IGNORE INTO `oc_product_description` (`product_id`, `language_id`, `name`, `description`, `sub_description`, `seo_title`, `seo_description`, `tag`, `meta_title`, `meta_description`, `meta_keyword`) VALUES
(132, 2, 'Bộ lọc không khí trong cabin FRAM Fresh Breeze, CF11809', '', '', '', '', '', '', '', ''),
(133, 2, 'Bộ lọc dầu siêu tổng hợp FRAM, XG7317', '', '', '', '', '', '', '', ''),
(134, 2, 'Bộ lọc dầu bảo vệ bổ sung FRAM, PH7317', '', '', '', '', '', '', '', ''),
(135, 2, 'Bộ lọc dầu Mopar, MO-409', '', '', '', '', '', '', '', ''),
(136, 2, 'Full Kit Đĩa quay phanh có rãnh cắt ngang và Đĩa đệm bằng gốm Camaro, Firebird', '', '', '', '', '', '', '', ''),
(137, 2, 'Bộ phanh tối đa phía trước Elite', '', '', '', '', '', '', '', ''),
(138, 2, 'CCK01950 FRONT + REAR Bột tráng màu đỏ [4] Calipers + [4] Cánh quạt DS mạ kẽm + Bụi thấp [8] Miếng', '', '', '', '', '', '', '', ''),
(139, 2, 'Trước 274,5 mm OE 5 Lug cao cấp [2] Rotor đĩa phanh + [4] Miếng phanh bằng gốm + Kẹp', '', '', '', '', '', '', '', ''),
(140, 2, 'Hệ thống treo tối cao - Chevy + GMC K1500 + Tahoe + Yukon + Suburban 3 Thang treo trước + 2 Bộ nâng', '', '', '', '', '', '', '', ''),
(141, 2, 'Bộ dụng cụ &amp; Bộ điều hợp công cụ loại bỏ khớp nối &amp; ống lót', '', '', '', '', '', '', '', ''),
(142, 2, 'Công cụ &amp; thiết bị OTC 4244 Dụng cụ lót ống treo sau nặng 15 tấn', '', '', '', '', '', '', '', ''),
(143, 2, 'LeftR Right phía sau Thanh chống được lắp ráp hoàn chỉnh + Hệ thống treo lò xo cuộn', '', '', '', '', '', '', '', ''),
(144, 2, 'Sản phẩm đua xe tấn công PC2000 Khối nhỏ Chevy Mặt phẳng kép được đánh bóng Cửa hút nhôm Idle-5500 R', '', '', '', '', '', '', '', ''),
(145, 2, 'Chevy 305 327 350 400 Ultimate Cam Kit - 254264 Thời lượng - Mô men xoắn cao + Thanh đẩy cứng (42044', '', '', '', '', '', '', '', ''),
(146, 2, 'Năng lượng tinh khiết tái sản xuất Bộ tăng áp động lực 6.0L F250 F350 - Turbo đã được kiểm tra đầy đ', '', '', '', '', '', '', '', ''),
(147, 2, 'VMS Racing BLACK OIL CAP LS1 5.7L bằng nhôm phôi tương thích với Pontiac Trans Am Firebird WS6 98-02', '', '', '', '', '', '', '', ''),
(148, 2, 'Castrol EDGE 0W-40 A3B4 Dầu động cơ tổng hợp hoàn toàn cao cấp, 5 QT', '', '', '', '', '', '', '', ''),
(149, 2, 'Castrol GTX High Mileage 10W-30 Dầu động cơ tổng hợp, 5 QT', '', '', '', '', '', '', '', ''),
(150, 2, 'Dầu động cơ tổng hợp hoàn toàn Pennzoil Platinum SAE 0W-20 Dexos, 5 qt', '', '', '', '', '', '', '', ''),
(151, 2, 'Dầu động cơ tổng hợp hoàn toàn tiết kiệm nhiên liệu tiên tiến Mobil 1 0W-20, 5 qt', '', '', '', '', '', '', '', ''),
(152, 2, 'Allstar Performance 16 Grit 7 in OD Đĩa mài lốp đầu đinh PN 44183', '', '', '', '', '', '', '', ''),
(153, 2, 'DISC bởi ATDNitto Neo Gen Tyre 20540ZR18XL', '', '', '', '', '', '', '', ''),
(154, 2, 'Nitto DISC by ATDNitto NT555R Tyre P24550R16 P24550R16 TyreNitto DISC by ATDNitto NT555R Tyre P24550', '', '', '', '', '', '', '', ''),
(155, 2, 'DISC bởi ATDNitto NTGTT TRAIL GRAPPLER MT Tire LT29565R2010', '', '', '', '', '', '', '', ''),
(156, 2, 'TKOOFN 3 chiếc Ấm áp bằng len mềm mại sang trọng Bao bọc tay lái bằng lông mịn Bộ phụ kiện ô tô màu', '', '', '', '', '', '', '', ''),
(157, 2, 'Lắp ráp vòng bi trục bánh trước Thay thế cho xe bán tải Chevrolet GMC SUV cũ 7470013', '', '', '', '', '', '', '', ''),
(158, 2, 'Bộ lắp ráp trung tâm đoạn giới thiệu với bạn bè và áo ngực của Chrome - Vòng bi ID 1 inch', '', '', '', '', '', '', '', ''),
(159, 2, 'Vòng bi Hiltex Race &amp; Seal Driver Master Set Wheel Axle Bearings Puller Mechanics Tool', '', '', '', '', '', '', '', ''),
(160, 2, 'Ắc quy ô tô axit chì EverStart Maxx, Kích thước nhóm 24F', '', '', '', '', '', '', '', ''),
(161, 2, 'Pin hai mục đích OPTIMA YellowTop, Nhóm d34 / 78', '', '', '', '', '', '', '', ''),
(162, 2, 'Ắc quy ô tô axit chì ValuePower, Nhóm 24F', '', '', '', '', '', '', '', ''),
(163, 2, 'Máy nén STANLEY 1000500 Amp Jump Starter w120 PSI (J5C09)', '', '', '', '', '', '', '', '');

-- oc_product_image PRIMARY KEY (`product_image_id`)
-- INSERT IGNORE INTO `oc_product_image` (`product_image_id`, `product_id`, `image`, `image_alt`, `sort_order`) VALUES
-- nothing

-- oc_product_to_category PRIMARY KEY (`product_id`,`category_id`)
INSERT IGNORE INTO `oc_product_to_category` (`product_id`, `category_id`) VALUES
(132, 64),
(133, 65),
(134, 65),
(135, 65),
(136, 37),
(137, 37),
(138, 37),
(139, 37),
(140, 79),
(141, 75),
(142, 74),
(143, 78),
(144, 44),
(145, 44),
(146, 44),
(147, 44),
(148, 57),
(149, 57),
(150, 57),
(151, 56),
(152, 80),
(153, 80),
(154, 80),
(155, 80),
(156, 68),
(157, 68),
(158, 68),
(159, 68),
(160, 36),
(161, 36),
(162, 36),
(163, 36);

-- oc_product_to_store PRIMARY KEY (`product_id`,`store_id`)
INSERT IGNORE INTO `oc_product_to_store` (`product_id`, `store_id`, `product_version_id`, `quantity`, `cost_price`) VALUES
(141, 0, 0, 0, '0.0000'),
(140, 0, 0, 0, '0.0000'),
(139, 0, 0, 0, '0.0000'),
(138, 0, 0, 0, '0.0000'),
(137, 0, 0, 0, '0.0000'),
(136, 0, 0, 0, '0.0000'),
(135, 0, 0, 0, '0.0000'),
(134, 0, 0, 0, '0.0000'),
(133, 0, 0, 0, '0.0000'),
(132, 0, 0, 0, '0.0000'),
(142, 0, 0, 0, '0.0000'),
(143, 0, 0, 0, '0.0000'),
(144, 0, 0, 0, '0.0000'),
(145, 0, 0, 0, '0.0000'),
(146, 0, 0, 0, '0.0000'),
(147, 0, 0, 0, '0.0000'),
(148, 0, 0, 0, '0.0000'),
(149, 0, 0, 0, '0.0000'),
(150, 0, 0, 0, '0.0000'),
(151, 0, 0, 0, '0.0000'),
(152, 0, 0, 0, '0.0000'),
(153, 0, 0, 0, '0.0000'),
(154, 0, 0, 0, '0.0000'),
(155, 0, 0, 0, '0.0000'),
(156, 0, 0, 0, '0.0000'),
(157, 0, 0, 0, '0.0000'),
(158, 0, 0, 0, '0.0000'),
(159, 0, 0, 0, '0.0000'),
(160, 0, 0, 0, '0.0000'),
(161, 0, 0, 0, '0.0000'),
(162, 0, 0, 0, '0.0000'),
(163, 0, 0, 0, '0.0000');