-- oc_category PRIMARY KEY (`category_id`)
INSERT IGNORE INTO `oc_category` (`category_id`, `image`, `parent_id`, `top`, `column`, `sort_order`, `status`, `date_added`, `date_modified`) VALUES
(41, '', 40, 0, 0, 0, 1, '2020-09-17 17:22:55', '2020-09-17 17:22:55'),
(40, '', 0, 0, 0, 0, 1, '2020-09-17 17:22:55', '2020-09-17 17:22:55'),
(39, '', 36, 0, 0, 0, 1, '2020-09-17 17:21:44', '2020-09-17 17:21:44'),
(38, '', 36, 0, 0, 0, 1, '2020-09-17 17:21:44', '2020-09-17 17:21:44'),
(37, '', 36, 0, 0, 0, 1, '2020-09-17 17:21:44', '2020-09-17 17:21:44'),
(36, '', 0, 0, 0, 0, 1, '2020-09-17 17:21:44', '2020-09-17 17:21:44'),
(35, '', 32, 0, 0, 0, 1, '2020-09-17 17:19:22', '2020-09-17 17:21:11'),
(32, '', 0, 0, 0, 0, 1, '2020-09-17 17:19:22', '2020-09-17 17:21:11'),
(33, '', 32, 0, 0, 0, 1, '2020-09-17 17:19:22', '2020-09-17 17:21:11'),
(34, '', 32, 0, 0, 0, 1, '2020-09-17 17:19:22', '2020-09-17 17:21:11'),
(42, '', 40, 0, 0, 0, 1, '2020-09-17 17:22:55', '2020-09-17 17:22:55'),
(43, '', 0, 0, 0, 0, 1, '2020-09-17 17:24:44', '2020-09-17 17:24:44'),
(44, '', 43, 0, 0, 0, 1, '2020-09-17 17:24:44', '2020-09-17 17:24:44'),
(45, '', 43, 0, 0, 0, 1, '2020-09-17 17:24:44', '2020-09-17 17:24:44'),
(46, '', 43, 0, 0, 0, 1, '2020-09-17 17:24:44', '2020-09-17 17:24:44'),
(47, '', 43, 0, 0, 0, 1, '2020-09-17 17:24:44', '2020-09-17 17:24:44'),
(48, '', 43, 0, 0, 0, 1, '2020-09-17 17:24:44', '2020-09-17 17:24:44'),
(49, '', 43, 0, 0, 0, 1, '2020-09-17 17:24:44', '2020-09-17 17:24:44'),
(50, '', 43, 0, 0, 0, 1, '2020-09-17 17:24:44', '2020-09-17 17:24:44'),
(51, '', 43, 0, 0, 0, 1, '2020-09-17 17:24:44', '2020-09-17 17:24:44'),
(52, '', 43, 0, 0, 0, 1, '2020-09-17 17:24:44', '2020-09-17 17:24:44'),
(53, '', 43, 0, 0, 0, 1, '2020-09-17 17:24:44', '2020-09-17 17:24:44'),
(54, '', 43, 0, 0, 0, 1, '2020-09-17 17:24:44', '2020-09-17 17:24:44'),
(55, '', 43, 0, 0, 0, 1, '2020-09-17 17:24:44', '2020-09-17 17:24:44'),
(56, '', 0, 0, 0, 0, 1, '2020-09-17 17:25:40', '2020-09-17 17:25:40'),
(57, '', 56, 0, 0, 0, 1, '2020-09-17 17:25:40', '2020-09-17 17:25:40'),
(58, '', 56, 0, 0, 0, 1, '2020-09-17 17:25:40', '2020-09-17 17:25:40'),
(59, '', 56, 0, 0, 0, 1, '2020-09-17 17:25:40', '2020-09-17 17:25:40'),
(60, '', 0, 0, 0, 0, 1, '2020-09-17 17:25:50', '2020-09-17 17:25:50');

-- oc_category_description PRIMARY KEY (`category_id`,`language_id`)
INSERT IGNORE INTO `oc_category_description` (`category_id`, `language_id`, `name`, `description`, `meta_title`, `meta_description`, `meta_keyword`) VALUES
(40, 2, 'Tranh đính đá gia đình', 'Tranh đính đá gia đình', '', '', ''),
(39, 1, 'Tranh đính đá chúa', 'Tranh đính đá chúa', '', '', ''),
(39, 2, 'Tranh đính đá chúa', 'Tranh đính đá chúa', '', '', ''),
(38, 1, 'Tranh đính đá thần tài', 'Tranh đính đá thần tài', '', '', ''),
(38, 2, 'Tranh đính đá thần tài', 'Tranh đính đá thần tài', '', '', ''),
(37, 1, 'Tranh đính đá phật', 'Tranh đính đá phật', '', '', ''),
(37, 2, 'Tranh đính đá phật', 'Tranh đính đá phật', '', '', ''),
(36, 2, 'Tranh đính đá tôn giáo', 'Tranh đính đá tôn giáo', '', '', ''),
(36, 1, 'Tranh đính đá tôn giáo', 'Tranh đính đá tôn giáo', '', '', ''),
(35, 1, 'Tranh đính đá đồng hồ', 'Tranh đính đá đồng hồ', '', '', ''),
(32, 2, 'Tranh đính đá phong cảnh', 'Tranh đính đá phong cảnh', '', '', ''),
(32, 1, 'Tranh đính đá phong cảnh', 'Tranh đính đá phong cảnh', '', '', ''),
(33, 2, 'Tranh đính đá hoa mẫu đơn', 'Tranh đính đá hoa mẫu đơn', '', '', ''),
(33, 1, 'Tranh đính đá hoa mẫu đơn', 'Tranh đính đá hoa mẫu đơn', '', '', ''),
(34, 2, 'Tranh đính đá hoa - quả', 'Tranh đính đá hoa - quả', '', '', ''),
(34, 1, 'Tranh đính đá hoa - quả', 'Tranh đính đá hoa - quả', '', '', ''),
(35, 2, 'Tranh đính đá đồng hồ', 'Tranh đính đá đồng hồ', '', '', ''),
(40, 1, 'Tranh đính đá gia đình', 'Tranh đính đá gia đình', '', '', ''),
(41, 2, 'Tranh đính đá phòng khách', 'Tranh đính đá phòng khách', '', '', ''),
(41, 1, 'Tranh đính đá phòng khách', 'Tranh đính đá phòng khách', '', '', ''),
(42, 2, 'Tranh đính đá phòng ngủ', 'Tranh đính đá phòng ngủ', '', '', ''),
(42, 1, 'Tranh đính đá phòng ngủ', 'Tranh đính đá phòng ngủ', '', '', ''),
(43, 2, 'Tranh đính đá phong thủy', 'Tranh đính đá phong thủy', '', '', ''),
(43, 1, 'Tranh đính đá phong thủy', 'Tranh đính đá phong thủy', '', '', ''),
(44, 2, 'Đá quý phong thủy cho tuổi Tý', 'Đá quý phong thủy cho tuổi Tý', '', '', ''),
(44, 1, 'Đá quý phong thủy cho tuổi Tý', 'Đá quý phong thủy cho tuổi Tý', '', '', ''),
(45, 2, 'Đá quý phong thủy cho tuổi Sửu', 'Đá quý phong thủy cho tuổi Sửu', '', '', ''),
(45, 1, 'Đá quý phong thủy cho tuổi Sửu', 'Đá quý phong thủy cho tuổi Sửu', '', '', ''),
(46, 2, 'Đá quý phong thủy cho tuổi Dần', 'Đá quý phong thủy cho tuổi Dần', '', '', ''),
(46, 1, 'Đá quý phong thủy cho tuổi Dần', 'Đá quý phong thủy cho tuổi Dần', '', '', ''),
(47, 2, 'Đá quý phong thủy cho tuổi Mão', 'Đá quý phong thủy cho tuổi Mão', '', '', ''),
(47, 1, 'Đá quý phong thủy cho tuổi Mão', 'Đá quý phong thủy cho tuổi Mão', '', '', ''),
(48, 2, 'Đá quý phong thủy cho tuổi Thìn', 'Đá quý phong thủy cho tuổi Thìn', '', '', ''),
(48, 1, 'Đá quý phong thủy cho tuổi Thìn', 'Đá quý phong thủy cho tuổi Thìn', '', '', ''),
(49, 2, 'Đá quý phong thủy cho tuổi Tỵ', 'Đá quý phong thủy cho tuổi Tỵ', '', '', ''),
(49, 1, 'Đá quý phong thủy cho tuổi Tỵ', 'Đá quý phong thủy cho tuổi Tỵ', '', '', ''),
(50, 2, 'Đá quý phong thủy cho tuổi Ngọ', 'Đá quý phong thủy cho tuổi Ngọ', '', '', ''),
(50, 1, 'Đá quý phong thủy cho tuổi Ngọ', 'Đá quý phong thủy cho tuổi Ngọ', '', '', ''),
(51, 2, 'Đá quý phong thủy cho tuổi Mùi', 'Đá quý phong thủy cho tuổi Mùi', '', '', ''),
(51, 1, 'Đá quý phong thủy cho tuổi Mùi', 'Đá quý phong thủy cho tuổi Mùi', '', '', ''),
(52, 2, 'Đá quý phong thủy cho tuổi Thân', 'Đá quý phong thủy cho tuổi Thân', '', '', ''),
(52, 1, 'Đá quý phong thủy cho tuổi Thân', 'Đá quý phong thủy cho tuổi Thân', '', '', ''),
(53, 2, 'Đá quý phong thủy cho tuổi Dậu', 'Đá quý phong thủy cho tuổi Dậu', '', '', ''),
(53, 1, 'Đá quý phong thủy cho tuổi Dậu', 'Đá quý phong thủy cho tuổi Dậu', '', '', ''),
(54, 2, 'Đá quý phong thủy cho tuổi Tuất', 'Đá quý phong thủy cho tuổi Tuất', '', '', ''),
(54, 1, 'Đá quý phong thủy cho tuổi Tuất', 'Đá quý phong thủy cho tuổi Tuất', '', '', ''),
(55, 2, 'Đá quý phong thủy cho tuổi Hợi', 'Đá quý phong thủy cho tuổi Hợi', '', '', ''),
(55, 1, 'Đá quý phong thủy cho tuổi Hợi', 'Đá quý phong thủy cho tuổi Hợi', '', '', ''),
(56, 2, 'Tranh đính đá tứ quý-tranh bộ', 'Tranh đính đá tứ quý-tranh bộ', '', '', ''),
(56, 1, 'Tranh đính đá tứ quý-tranh bộ', 'Tranh đính đá tứ quý-tranh bộ', '', '', ''),
(57, 2, 'Bộ tứ quý Tùng Cúc Trúc Mai', 'Bộ tứ quý Tùng Cúc Trúc Mai', '', '', ''),
(57, 1, 'Bộ tứ quý Tùng Cúc Trúc Mai', 'Bộ tứ quý Tùng Cúc Trúc Mai', '', '', ''),
(58, 2, 'Bộ tứ quý Mai Lan Cúc Trúc', 'Bộ tứ quý Mai Lan Cúc Trúc', '', '', ''),
(58, 1, 'Bộ tứ quý Mai Lan Cúc Trúc', 'Bộ tứ quý Mai Lan Cúc Trúc', '', '', ''),
(59, 2, 'Bộ tứ quý Xuân Hạ Thu Đông', 'Bộ tứ quý Xuân Hạ Thu Đông', '', '', ''),
(59, 1, 'Bộ tứ quý Xuân Hạ Thu Đông', 'Bộ tứ quý Xuân Hạ Thu Đông', '', '', ''),
(60, 2, 'Tranh đính đá thư pháp', 'Tranh đính đá thư pháp', '', '', ''),
(60, 1, 'Tranh đính đá thư pháp', 'Tranh đính đá thư pháp', '', '', '');

-- oc_category_path PRIMARY KEY (`category_id`,`path_id`)
INSERT IGNORE INTO `oc_category_path` (`category_id`, `path_id`, `level`) VALUES
(45, 43, 0),
(44, 44, 1),
(44, 43, 0),
(43, 43, 0),
(42, 42, 1),
(42, 40, 0),
(41, 41, 1),
(41, 40, 0),
(40, 40, 0),
(34, 32, 0),
(33, 33, 1),
(33, 32, 0),
(32, 32, 0),
(39, 39, 1),
(39, 36, 0),
(35, 35, 1),
(34, 34, 1),
(38, 38, 1),
(38, 36, 0),
(37, 37, 1),
(36, 36, 0),
(37, 36, 0),
(35, 32, 0),
(45, 45, 1),
(46, 43, 0),
(46, 46, 1),
(47, 43, 0),
(47, 47, 1),
(48, 43, 0),
(48, 48, 1),
(49, 43, 0),
(49, 49, 1),
(50, 43, 0),
(50, 50, 1),
(51, 43, 0),
(51, 51, 1),
(52, 43, 0),
(52, 52, 1),
(53, 43, 0),
(53, 53, 1),
(54, 43, 0),
(54, 54, 1),
(55, 43, 0),
(55, 55, 1),
(56, 56, 0),
(57, 56, 0),
(57, 57, 1),
(58, 56, 0),
(58, 58, 1),
(59, 56, 0),
(59, 59, 1),
(60, 60, 0);

-- oc_category_to_store PRIMARY KEY (`category_id`,`store_id`)
INSERT IGNORE INTO `oc_category_to_store` (`category_id`, `store_id`) VALUES
(32, 0),
(33, 0),
(34, 0),
(35, 0),
(36, 0),
(37, 0),
(38, 0),
(39, 0),
(40, 0),
(41, 0),
(42, 0),
(43, 0),
(44, 0),
(45, 0),
(46, 0),
(47, 0),
(48, 0),
(49, 0),
(50, 0),
(51, 0),
(52, 0),
(53, 0),
(54, 0),
(55, 0),
(56, 0),
(57, 0),
(58, 0),
(59, 0),
(60, 0);