-- oc_blog PRIMARY KEY (`blog_id`)
INSERT IGNORE INTO `oc_blog` (`blog_id`, `author`, `status`, `demo`, `date_publish`, `date_added`, `date_modified`) VALUES
(1, 1, 1, 1, '2020-06-03 00:12:41', '2020-06-03 00:12:41', '2020-06-03 00:12:41'),
(2, 1, 1, 1, '2020-06-03 00:13:38', '2020-06-03 00:13:38', '2020-06-03 00:13:38'),
(3, 1, 1, 1, '2020-06-03 00:14:23', '2020-06-03 00:14:23', '2020-06-03 00:14:23');

-- oc_blog_category PRIMARY KEY (`blog_category_id`)
INSERT IGNORE INTO `oc_blog_category` (`blog_category_id`, `status`, `date_added`, `date_modified`) VALUES
(1, 1, '2019-11-11 13:37:51', '2020-06-03 00:10:25'),
(2, 1, '2020-06-03 00:10:45', '2020-06-03 00:10:45');

-- oc_blog_category_description PRIMARY KEY (`blog_category_id`,`language_id`)
INSERT IGNORE INTO `oc_blog_category_description` (`blog_category_id`, `language_id`, `title`, `meta_title`, `meta_description`, `alias`) VALUES
(1, 1, 'Mặc định (Uncategorized)', 'Mặc định (Uncategorized)', 'Mặc định (Uncategorized)', 'danh-muc-mac-dinh-uncategorized'),
(1, 2, 'Giới thiệu', 'Mặc định (Uncategorized)', 'Mặc định (Uncategorized)', 'danh-muc-mac-dinh-uncategorized'),
(2, 2, 'Chia sẻ', '', '', 'chia-se');

-- oc_blog_description PRIMARY KEY (`blog_id`,`language_id`)
INSERT IGNORE INTO `oc_blog_description` (`blog_id`, `language_id`, `title`, `content`, `short_content`, `image`, `meta_title`, `meta_description`, `seo_keywords`, `alias`, `alt`, `type`, `video_url`) VALUES
(1, 2, 'Giá trị của nước hoa không ở giá tiền, mà ở khả năng gợi nhớ về cảm xúc và những hoài niệm...', '&lt;h2&gt;Tôi không phải một chuyên gia mùi hương! Nếu bạn đang mong chờ những review nghiên cứu cụ thể các thành phần của một loại nước hoa hay phân tích hương đầu loại nước hoa này kết cấu từ hương quýt, cam, chanh, bưởi; hương giữa của loại nước hoa kia là từ hoa iris, ngọc lan tây hay hương cuối là xạ hương, hổ phách thì những review của tôi không hợp với bạn. &quot;Tuyển tập&quot; những mùi hương tôi biết, tức là tôi đã từng thật sự ngửi, rất đơn giản và phổ biến, là mùi hoa hồng trong vườn lúc ban sương, là mùi vỏ chanh mới chà, là mùi bạc hà, là mùi cỏ mới cắt, là mùi gỗ, mùi thuốc lá, mùi bánh ngọt thơm sữa... Mùi hoa iris, ngọc lan tây hay hổ phách... là những mùi rất lạ lẫm với tôi, vì tôi chưa bao giờ nhìn, sờ để có thể ngửi chúng mà phân biệt... Với tôi, những review kiểu loại nước hoa này là kết hợp mùi hương của mùi a, b, c quả thực rất phù phiếm và khó hiểu.&lt;/h2&gt;\r\n\r\n&lt;article id=&quot;body&quot;&gt;\r\n&lt;p&gt;&lt;img src=&quot;https://res.cloudinary.com/novaonx2/image/upload/v1591115387/21879/bst12.png&quot; style=&quot;max-width: 100%;&quot; /&gt;&lt;/p&gt;\r\n&lt;/article&gt;', '&lt;p&gt;Tôi không phải một chuyên gia mùi hương! Nếu bạn đang mong chờ những review nghiên cứu cụ thể các thành phần của một loại nước hoa hay phân tích hương đầu loại nước hoa này kết cấu từ hương quýt, cam, chanh, bưởi; hương giữa của loại nước hoa kia là từ hoa iris&lt;/p&gt;', 'https://cdn.bestme.asia/images/x2/bst13_67tP5E0.png', '', '', NULL, 'gia-tri-cua-nuoc-hoa-khong-o-gia-tien-ma-o-kha-nang-goi-nho-ve-cam-xuc-va-nhung-hoai-niem', NULL, 'image', NULL),
(2, 2, 'Nước hoa có làm người ta “say”?', '&lt;p&gt;Trước tiên, thú thực với bạn, có hai chủ đề liên quan đến mùi hương tôi gần như vô cảm.&lt;/p&gt;\r\n\r\n&lt;p&gt;Thứ nhất, mục thường thức, đại loại là cách thức sử dụng nước hoa sao cho không trái. Tôi có hoàn thành vài bài viết liên quan đến tiết mục xịt sao cho không “xịt” theo kinh nghiệm cá nhân, và thật may mắn, các bài viết này đều được bạn đọc lấy làm yêu thích và hữu dụng. Tiếp, mục thứ hai, “thanh minh”, bài viết này nằm ở mục hai. Tuy nhiên, lần này, tôi rất “máu lửa”. Cảm ơn bạn đọc đã gửi lửa cho tôi để hoàn thành bài viết này.&lt;/p&gt;\r\n\r\n&lt;p&gt;Thời điểm hiện tại, đi đâu chúng ta cũng có thể ngửi thấy mùi nước thơm. Trên các diễn đàn làm đẹp, quanh quẩn Facebook, người ta bàn tán – trao đổi – mua bán nước hoa nhộn nhịp. Từ địa hạt thơm tho tinh tế, nước hoa bỗng nhiên bị giảm giá trị, trở thành món hàng tạp nham và nhanh vội. Để bán cho được “hàng”, nhiều người sẵn sàng dẹp bỏ đam mê ban đầu của mình, “nhẫn tâm” khoác lên mùi hương các thể loại mỹ từ câu khách đến phản cảm, nực cười. Nhiều mùi hương bản chất không thế, bỗng được khoác mác ông hoàng phòng the bà hoàng phòng kín, hay những mỹ từ giật gân xoáy sâu vào khía cạnh tình dục – giới tính, mục đích kích thích sự tò mò – bản năng của người mua, hòng giúp người bán buôn may bán đắt. Kinh khủng hơn, từ một bài nhận xét mùi hương A, người ta sẵn sàng lật lọng, thay tên A thành tên B hay C hay Z… để tiếp tục “lừa” người mua. Thật bi hài và bát nháo! Bạn bè tôi có một thú vui là lùng tìm trên Facebook các trang bán nước hoa có sử dụng (không xin phép ) các bài viết của chQcQ, rồi tráo trở thay tên các mùi hương tôi viết thành các mùi hương người ta bán, gửi cho tôi đọc. Lúc đầu xem, tôi cảm xúc hỗn độn, lấy làm tức tối lắm. Sau, tôi… buông xuôi. Và buồn.&lt;/p&gt;', '&lt;p&gt;Trước tiên, thú thực với bạn, có hai chủ đề liên quan đến mùi hương tôi gần như vô cảm.&lt;/p&gt;\r\n\r\n&lt;p&gt;Thứ nhất, mục thường thức, đại loại là cách thức sử dụng nước hoa sao cho không trái. Tôi có hoàn thành vài bài viết liên quan đến tiết mục xịt sao cho không “xịt” theo kinh nghiệm cá nhân, và thật may mắn, các bài viết này đều được bạn đọc lấy làm yêu thích và hữu dụng. Tiếp, mục thứ hai, “thanh minh”, bài viết này nằm ở mục hai. Tuy nhiên, lần này, tôi rất “máu lửa”. Cảm ơn bạn đọc đã gửi lửa cho tôi để hoàn thành bài viết này.&lt;/p&gt;\r\n\r\n&lt;p&gt; &lt;/p&gt;', 'https://cdn.bestme.asia/images/x2/bst3-100-min_SHhnnQ6.jpg', '', '', NULL, 'nuoc-hoa-co-lam-nguoi-ta-say', NULL, 'image', NULL),
(3, 2, 'ĐÀN ÔNG VÀ NHỮNG CẢM XÚC ĐẾN TỪ MÙI HƯƠNG', '&lt;p&gt;&lt;em&gt;Cảm xúc, đó là những gì đến rất tự nhiên và bất ngờ. Bạn không phải là một người đàn ông hay  thể hiện cảm xúc của mình ra bên ngoài nhưng bạn vẫn luôn sẵn sàng đón nhận chúng vì một con người thì không thể nào sống nổi mà thiếu đi cảm xúc phải không? &lt;strong&gt;Vậy nên cách đơn giản nhất để bạn có thể “xoa dịu” đi hay muốn “thỏa mãn” những cảm xúc của mình đó chính là bằng mùi hương.&lt;/strong&gt;&lt;/em&gt;&lt;strong&gt; &lt;/strong&gt;&lt;/p&gt;\r\n\r\n&lt;p&gt;&lt;strong&gt;KHI BUỒN, HÃY TÌM VỀ ẤM ÁP&lt;/strong&gt;&lt;/p&gt;\r\n\r\n&lt;p&gt;Thật khó để mà nhắc đến những nỗi buồn nhưng thật sự thì cả bạn và hay bất kể ai cũng  đều không thể dễ gì quên được nó. Mỗi người mỗi cảnh, mỗi một nỗi buồn không giống nhau từ man mác cho đến ghi sâu đậm trong tim khó mà phai nhạt. Thông thường những khi buồn thay vì tìm cách phớt lờ nó đi thì bạn hãy làm quen với việc sống chung với nó bằng những mùi hương thật tràm ấm. Cái tên mà có thể bạn sẽ nghĩ ngay đến những lúc như thế có thể là Narciso Rodriguez for him, một mùi hương như làn khói nghi ngút của xạ hương lơ lững giữa không gian thinh lặng tràn ngập hoắc hương. Làn hương mà nó vẽ nên thật sự là u buồn nhưng vô cùng mãnh liệt như một người đàn ông muốn dứt ra khỏi dòng tâm trạng. Nhưng thật sự mà nói thì sự ảm đạm của mùi hương này hoàn toàn mang lại sự hòa quyện đến hoàn hảo chứ không khiến cho bạn cảm thấy tiêu cực trong suy nghĩ, Narciso Rodriguez for him xứng đáng là người đồng hành của những chàng trai sâu lắng và nội tâm.&lt;/p&gt;', '&lt;p&gt;&lt;em&gt;Cảm xúc, đó là những gì đến rất tự nhiên và bất ngờ. Bạn không phải là một người đàn ông hay  thể hiện cảm xúc của mình ra bên ngoài nhưng bạn vẫn luôn sẵn sàng đón nhận chúng vì một con người thì không thể nào sống nổi mà thiếu đi cảm xúc phải không? &lt;strong&gt;Vậy nên cách đơn giản nhất để bạn có thể “xoa dịu” đi hay muốn “thỏa mãn” những cảm xúc của mình đó chính là bằng mùi hương.&lt;/strong&gt;&lt;/em&gt;&lt;strong&gt; &lt;/strong&gt;&lt;/p&gt;', 'https://cdn.bestme.asia/images/x2/bst4-100-min_8eJtPXC.jpg', '', '', NULL, 'dan-ong-va-nhung-cam-xuc-den-tu-mui-huong', NULL, 'image', NULL);

-- oc_blog_to_blog_category NO PRIMARY KEY
-- remove first
DELETE FROM `oc_blog_to_blog_category`
WHERE (`blog_id` IN (1, 2) AND `blog_category_id` = 2)
   OR (`blog_id` IN (1, 2, 3) AND `blog_category_id` = 1);

-- insert
INSERT IGNORE INTO `oc_blog_to_blog_category` (`blog_id`, `blog_category_id`) VALUES
(1, 2),
(2, 2),
(1, 1),
(2, 1),
(3, 1);