-- oc_category PRIMARY KEY (`category_id`)
INSERT IGNORE INTO `oc_category` (`category_id`, `image`, `parent_id`, `top`, `column`, `sort_order`, `status`, `date_added`, `date_modified`) VALUES
(107, '', 0, 0, 0, 0, 1, '2020-12-12 09:37:09', '2020-12-12 09:37:09'),
(108, '', 107, 0, 0, 0, 1, '2020-12-12 09:37:09', '2020-12-12 09:37:09'),
(109, '', 107, 0, 0, 0, 1, '2020-12-12 09:37:09', '2020-12-12 09:37:09'),
(110, '', 107, 0, 0, 0, 1, '2020-12-12 09:37:09', '2020-12-12 09:37:09'),
(111, '', 107, 0, 0, 0, 1, '2020-12-12 09:37:09', '2020-12-12 09:37:09'),
(112, '', 107, 0, 0, 0, 1, '2020-12-12 09:37:09', '2020-12-12 09:37:09'),
(113, '', 0, 0, 0, 0, 1, '2020-12-12 09:39:17', '2020-12-12 09:39:38'),
(114, '', 113, 0, 0, 0, 1, '2020-12-12 09:39:17', '2020-12-12 09:39:38'),
(115, '', 113, 0, 0, 0, 1, '2020-12-12 09:39:17', '2020-12-12 09:39:38'),
(116, '', 113, 0, 0, 0, 1, '2020-12-12 09:39:17', '2020-12-12 09:39:38'),
(117, '', 113, 0, 0, 0, 1, '2020-12-12 09:39:17', '2020-12-12 09:39:38'),
(118, '', 113, 0, 0, 0, 1, '2020-12-12 09:39:38', '2020-12-12 09:39:38'),
(105, '', 99, 0, 0, 0, 1, '2020-12-12 09:36:05', '2020-12-12 09:36:05'),
(106, '', 0, 0, 0, 0, 1, '2020-12-12 09:36:16', '2020-12-12 09:36:16'),
(102, '', 99, 0, 0, 0, 1, '2020-12-12 09:36:05', '2020-12-12 09:36:05'),
(104, '', 99, 0, 0, 0, 1, '2020-12-12 09:36:05', '2020-12-12 09:36:05'),
(103, '', 99, 0, 0, 0, 1, '2020-12-12 09:36:05', '2020-12-12 09:36:05'),
(97, '', 94, 0, 0, 0, 1, '2020-12-12 09:34:59', '2020-12-12 09:34:59'),
(101, '', 99, 0, 0, 0, 1, '2020-12-12 09:36:05', '2020-12-12 09:36:05'),
(100, '', 99, 0, 0, 0, 1, '2020-12-12 09:36:05', '2020-12-12 09:36:05'),
(99, '', 0, 0, 0, 0, 1, '2020-12-12 09:36:05', '2020-12-12 09:36:05'),
(98, '', 94, 0, 0, 0, 1, '2020-12-12 09:34:59', '2020-12-12 09:34:59'),
(93, '', 86, 0, 0, 0, 1, '2020-12-12 09:34:16', '2020-12-12 09:34:16'),
(96, '', 94, 0, 0, 0, 1, '2020-12-12 09:34:59', '2020-12-12 09:34:59'),
(95, '', 94, 0, 0, 0, 1, '2020-12-12 09:34:59', '2020-12-12 09:34:59'),
(94, '', 0, 0, 0, 0, 1, '2020-12-12 09:34:59', '2020-12-12 09:34:59'),
(89, '', 86, 0, 0, 0, 1, '2020-12-12 09:34:16', '2020-12-12 09:34:16'),
(92, '', 86, 0, 0, 0, 1, '2020-12-12 09:34:16', '2020-12-12 09:34:16'),
(90, '', 86, 0, 0, 0, 1, '2020-12-12 09:34:16', '2020-12-12 09:34:16'),
(87, '', 86, 0, 0, 0, 1, '2020-12-12 09:34:16', '2020-12-12 09:34:16'),
(88, '', 86, 0, 0, 0, 1, '2020-12-12 09:34:16', '2020-12-12 09:34:16'),
(86, '', 0, 0, 0, 0, 1, '2020-12-12 09:34:16', '2020-12-12 09:34:16'),
(91, '', 86, 0, 0, 0, 1, '2020-12-12 09:34:16', '2020-12-12 09:34:16');

-- oc_category_description PRIMARY KEY (`category_id`,`language_id`)
INSERT IGNORE INTO `oc_category_description` (`category_id`, `language_id`, `name`, `description`, `meta_title`, `meta_description`, `meta_keyword`) VALUES
(113, 2, 'Vật phẩm', 'Vật phẩm', '', '', ''),
(113, 1, 'Vật phẩm', 'Vật phẩm', '', '', ''),
(114, 2, 'Ấn rồng', 'Ấn rồng', '', '', ''),
(114, 1, 'Ấn rồng', 'Ấn rồng', '', '', ''),
(115, 2, 'Bát tụ bảo', 'Bát tụ bảo', '', '', ''),
(115, 1, 'Bát tụ bảo', 'Bát tụ bảo', '', '', ''),
(116, 2, 'Cây đá tài lộc', 'Cây đá tài lộc', '', '', ''),
(116, 1, 'Cây đá tài lộc', 'Cây đá tài lộc', '', '', ''),
(117, 2, 'Đá thô nguyên khối', 'Đá thô nguyên khối', '', '', ''),
(117, 1, 'Đá thô nguyên khối', 'Đá thô nguyên khối', '', '', ''),
(118, 2, 'Đồng điếu - đồng tiền đá', 'Đồng điếu - đồng tiền đá', '', '', ''),
(118, 1, 'Đồng điếu - đồng tiền đá', 'Đồng điếu - đồng tiền đá', '', '', ''),
(110, 1, 'Phật Di Lặc', 'Phật Di Lặc', '', '', ''),
(111, 2, 'Phổ Hiền Bồ Tát', 'Phổ Hiền Bồ Tát', '', '', ''),
(111, 1, 'Phổ Hiền Bồ Tát', 'Phổ Hiền Bồ Tát', '', '', ''),
(112, 2, 'Đại Thế Chí Bồ Tát', 'Đại Thế Chí Bồ Tát', '', '', ''),
(112, 1, 'Đại Thế Chí Bồ Tát', 'Đại Thế Chí Bồ Tát', '', '', ''),
(106, 1, 'Trụ thạch anh', 'Trụ thạch anh', '', '', ''),
(107, 2, 'Tượng Phật', 'Tượng Phật', '', '', ''),
(107, 1, 'Tượng Phật', 'Tượng Phật', '', '', ''),
(108, 2, 'Phật A Di Đà', 'Phật A Di Đà', '', '', ''),
(108, 1, 'Phật A Di Đà', 'Phật A Di Đà', '', '', ''),
(109, 2, 'Phật Bà Quan Thế Âm', 'Phật Bà Quan Thế Âm', '', '', ''),
(109, 1, 'Phật Bà Quan Thế Âm', 'Phật Bà Quan Thế Âm', '', '', ''),
(110, 2, 'Phật Di Lặc', 'Phật Di Lặc', '', '', ''),
(100, 2, 'Bạc Thái', 'Bạc Thái', '', '', ''),
(100, 1, 'Bạc Thái', 'Bạc Thái', '', '', ''),
(101, 2, 'Mặt đá hộ mệnh', 'Mặt đá hộ mệnh', '', '', ''),
(101, 1, 'Mặt đá hộ mệnh', 'Mặt đá hộ mệnh', '', '', ''),
(102, 2, 'Mặt đá trang sức', 'Mặt đá trang sức', '', '', ''),
(102, 1, 'Mặt đá trang sức', 'Mặt đá trang sức', '', '', ''),
(103, 2, 'Ngọc trai', 'Ngọc trai', '', '', ''),
(103, 1, 'Ngọc trai', 'Ngọc trai', '', '', ''),
(104, 2, 'Nhẫn', 'Nhẫn', '', '', ''),
(104, 1, 'Nhẫn', 'Nhẫn', '', '', ''),
(105, 2, 'Vòng phong thủy', 'Vòng phong thủy', '', '', ''),
(105, 1, 'Vòng phong thủy', 'Vòng phong thủy', '', '', ''),
(106, 2, 'Trụ thạch anh', 'Trụ thạch anh', '', '', ''),
(94, 1, 'Quả cầu', 'Quả cầu', '', '', ''),
(95, 2, 'Quả cầu canxit', 'Quả cầu canxit', '', '', ''),
(95, 1, 'Quả cầu canxit', 'Quả cầu canxit', '', '', ''),
(96, 2, 'Quả cầu thạch anh', 'Quả cầu thạch anh', '', '', ''),
(96, 1, 'Quả cầu thạch anh', 'Quả cầu thạch anh', '', '', ''),
(97, 2, 'Quả cầu theo mệnh', 'Quả cầu theo mệnh', '', '', ''),
(97, 1, 'Quả cầu theo mệnh', 'Quả cầu theo mệnh', '', '', ''),
(98, 2, 'Quả cầu đá núi lửa', 'Quả cầu đá núi lửa', '', '', ''),
(98, 1, 'Quả cầu đá núi lửa', 'Quả cầu đá núi lửa', '', '', ''),
(99, 2, 'Trang sức phong thủy', 'Trang sức phong thủy', '', '', ''),
(99, 1, 'Trang sức phong thủy', 'Trang sức phong thủy', '', '', ''),
(91, 1, 'Rồng - Cá chép hóa rồng', 'Rồng - Cá chép hóa rồng', '', '', ''),
(92, 2, 'Thiềm thử', 'Thiềm thử', '', '', ''),
(92, 1, 'Thiềm thử', 'Thiềm thử', '', '', ''),
(93, 2, 'Tỳ hưu phong thủy', 'Tỳ hưu phong thủy', '', '', ''),
(93, 1, 'Tỳ hưu phong thủy', 'Tỳ hưu phong thủy', '', '', ''),
(94, 2, 'Quả cầu', 'Quả cầu', '', '', ''),
(89, 1, 'Linh vật khác', 'Linh vật khác', '', '', ''),
(90, 2, 'Long quy', 'Long quy', '', '', ''),
(90, 1, 'Long quy', 'Long quy', '', '', ''),
(91, 2, 'Rồng - Cá chép hóa rồng', 'Rồng - Cá chép hóa rồng', '', '', ''),
(86, 2, 'Linh vật', 'Linh vật', '', '', ''),
(86, 1, 'Linh vật', 'Linh vật', '', '', ''),
(87, 2, 'Cá chép hoa sen', 'Cá chép hoa sen', '', '', ''),
(87, 1, 'Cá chép hoa sen', 'Cá chép hoa sen', '', '', ''),
(88, 2, 'Kỳ lân', 'Kỳ lân', '', '', ''),
(88, 1, 'Kỳ lân', 'Kỳ lân', '', '', ''),
(89, 2, 'Linh vật khác', 'Linh vật khác', '', '', '');

-- oc_category_path PRIMARY KEY (`category_id`,`path_id`)
INSERT IGNORE INTO `oc_category_path` (`category_id`, `path_id`, `level`) VALUES
(118, 118, 1),
(118, 113, 0),
(117, 117, 1),
(117, 113, 0),
(116, 116, 1),
(116, 113, 0),
(115, 115, 1),
(111, 111, 1),
(112, 107, 0),
(114, 113, 0),
(114, 114, 1),
(112, 112, 1),
(113, 113, 0),
(115, 113, 0),
(111, 107, 0),
(110, 110, 1),
(110, 107, 0),
(109, 109, 1),
(109, 107, 0),
(108, 108, 1),
(108, 107, 0),
(107, 107, 0),
(106, 106, 0),
(105, 105, 1),
(105, 99, 0),
(104, 104, 1),
(104, 99, 0),
(103, 103, 1),
(103, 99, 0),
(102, 102, 1),
(102, 99, 0),
(101, 101, 1),
(101, 99, 0),
(100, 100, 1),
(100, 99, 0),
(99, 99, 0),
(98, 98, 1),
(98, 94, 0),
(97, 97, 1),
(97, 94, 0),
(96, 96, 1),
(96, 94, 0),
(95, 95, 1),
(95, 94, 0),
(94, 94, 0),
(93, 93, 1),
(93, 86, 0),
(92, 92, 1),
(89, 86, 0),
(88, 88, 1),
(88, 86, 0),
(87, 87, 1),
(87, 86, 0),
(86, 86, 0),
(92, 86, 0),
(91, 91, 1),
(91, 86, 0),
(90, 90, 1),
(90, 86, 0),
(89, 89, 1);

-- oc_category_to_store PRIMARY KEY (`category_id`,`store_id`)
INSERT IGNORE INTO `oc_category_to_store` (`category_id`, `store_id`) VALUES
(86, 0),
(87, 0),
(88, 0),
(89, 0),
(90, 0),
(91, 0),
(92, 0),
(93, 0),
(94, 0),
(95, 0),
(96, 0),
(97, 0),
(98, 0),
(99, 0),
(100, 0),
(101, 0),
(102, 0),
(103, 0),
(104, 0),
(105, 0),
(106, 0),
(107, 0),
(108, 0),
(109, 0),
(110, 0),
(111, 0),
(112, 0),
(113, 0),
(114, 0),
(115, 0),
(116, 0),
(117, 0),
(118, 0);