-- oc_category PRIMARY KEY (`category_id`)
INSERT IGNORE INTO `oc_category` (`category_id`, `image`, `parent_id`, `top`, `column`, `sort_order`, `status`, `date_added`, `date_modified`) VALUES
(46, NULL, 0, 0, 0, 0, 1, '2020-12-16 10:41:21', '2020-12-16 10:41:21'),
(45, NULL, 0, 0, 0, 0, 1, '2020-12-16 10:41:21', '2020-12-16 10:41:21'),
(44, NULL, 48, 0, 0, 0, 1, '2020-12-16 10:41:21', '2020-12-16 10:58:58'),
(43, NULL, 47, 0, 0, 0, 1, '2020-12-16 10:41:21', '2020-12-16 10:57:55'),
(42, NULL, 48, 0, 0, 0, 1, '2020-12-16 10:41:21', '2020-12-16 10:58:58'),
(41, NULL, 47, 0, 0, 0, 1, '2020-12-16 10:41:21', '2020-12-16 10:57:55'),
(40, NULL, 48, 0, 0, 0, 1, '2020-12-16 10:41:21', '2020-12-16 10:58:58'),
(39, NULL, 48, 0, 0, 0, 1, '2020-12-16 10:41:21', '2020-12-16 10:58:58'),
(36, NULL, 0, 0, 0, 0, 1, '2020-12-16 10:41:21', '2020-12-16 10:59:25'),
(35, NULL, 0, 0, 0, 0, 1, '2020-12-16 10:41:21', '2020-12-16 10:41:21'),
(34, NULL, 0, 0, 0, 0, 1, '2020-12-16 10:41:21', '2020-12-16 10:41:21'),
(33, NULL, 0, 0, 0, 0, 1, '2020-12-16 10:41:21', '2020-12-16 10:41:21'),
(32, NULL, 0, 0, 0, 0, 1, '2020-12-16 10:41:21', '2020-12-16 10:41:21'),
(37, NULL, 0, 0, 0, 0, 1, '2020-12-16 10:41:21', '2020-12-16 10:41:21'),
(38, NULL, 48, 0, 0, 0, 1, '2020-12-16 10:41:21', '2020-12-16 10:58:58'),
(48, '', 0, 0, 0, 0, 1, '2020-12-16 10:58:58', '2020-12-16 10:58:58'),
(47, '', 0, 0, 0, 0, 1, '2020-12-16 10:57:55', '2020-12-16 10:57:55');

-- oc_category_description PRIMARY KEY (`category_id`,`language_id`)
INSERT IGNORE INTO `oc_category_description` (`category_id`, `language_id`, `name`, `description`, `meta_title`, `meta_description`, `meta_keyword`) VALUES
(43, 1, 'Văn Học Nước Ngoài', 'Văn Học Nước Ngoài', '', '', ''),
(43, 2, 'Văn Học Nước Ngoài', 'Văn Học Nước Ngoài', '', '', ''),
(42, 1, 'Văn Hóa - Xã Hội', 'Văn Hóa - Xã Hội', '', '', ''),
(42, 2, 'Văn Hóa - Xã Hội', 'Văn Hóa - Xã Hội', '', '', ''),
(41, 1, 'Văn Học Việt Nam', 'Văn Học Việt Nam', '', '', ''),
(40, 1, 'Triết Học', 'Triết Học', '', '', ''),
(41, 2, 'Văn Học Việt Nam', 'Văn Học Việt Nam', '', '', ''),
(39, 1, 'Lịch Sử', 'Lịch Sử', '', '', ''),
(40, 2, 'Triết Học', 'Triết Học', '', '', ''),
(38, 1, 'Kinh Tế', 'Kinh Tế', '', '', ''),
(39, 2, 'Lịch Sử', 'Lịch Sử', '', '', ''),
(37, 1, 'Hồi Kí - Tùy Bút', 'Hồi Kí - Tùy Bút', '', '', ''),
(38, 2, 'Kinh Tế', 'Kinh Tế', '', '', ''),
(36, 2, 'Sách Ẩm Thực', 'Sách Ẩm Thực', '', '', ''),
(37, 2, 'Hồi Kí - Tùy Bút', 'Hồi Kí - Tùy Bút', '', '', ''),
(32, 2, 'Truyện Trinh Thám', 'Truyện Trinh Thám', '', '', ''),
(32, 1, 'Truyện Trinh Thám', 'Truyện Trinh Thám', '', '', ''),
(33, 2, 'Truyện Ngắn - Ngôn Tình', 'Truyện Ngắn - Ngôn Tình', '', '', ''),
(33, 1, 'Truyện Ngắn - Ngôn Tình', 'Truyện Ngắn - Ngôn Tình', '', '', ''),
(34, 2, 'Truyện Tranh', 'Truyện Tranh', '', '', ''),
(34, 1, 'Truyện Tranh', 'Truyện Tranh', '', '', ''),
(35, 2, 'Kiếm Hiệp - Tiên Hiệp', 'Kiếm Hiệp - Tiên Hiệp', '', '', ''),
(35, 1, 'Kiếm Hiệp - Tiên Hiệp', 'Kiếm Hiệp - Tiên Hiệp', '', '', ''),
(36, 1, 'Sách Ẩm Thực', 'Sách Ẩm Thực', '', '', ''),
(44, 2, 'Y Tế - Sức Khỏe', 'Y Tế - Sức Khỏe', '', '', ''),
(44, 1, 'Y Tế - Sức Khỏe', 'Y Tế - Sức Khỏe', '', '', ''),
(45, 2, 'Thiếu Nhi', 'Thiếu Nhi', '', '', ''),
(45, 1, 'Thiếu Nhi', 'Thiếu Nhi', '', '', ''),
(46, 2, 'Truyện Cười', 'Truyện Cười', '', '', ''),
(46, 1, 'Truyện Cười', 'Truyện Cười', '', '', ''),
(47, 1, 'Sách Văn Học', 'Sách Văn Học', '', '', ''),
(48, 2, 'Sách Về Các Lĩnh Vực', 'Sách Về Các Lĩnh Vực', '', '', ''),
(48, 1, 'Sách Về Các Lĩnh Vực', 'Sách Về Các Lĩnh Vực', '', '', ''),
(47, 2, 'Sách Văn Học', 'Sách Văn Học', '', '', '');

-- oc_category_path PRIMARY KEY (`category_id`,`path_id`)
INSERT IGNORE INTO `oc_category_path` (`category_id`, `path_id`, `level`) VALUES
(47, 47, 0),
(48, 48, 0),
(46, 46, 0),
(35, 35, 0),
(34, 34, 0),
(33, 33, 0),
(32, 32, 0),
(45, 45, 0),
(44, 44, 0),
(37, 37, 0),
(36, 36, 0),
(43, 43, 0),
(42, 42, 0),
(41, 41, 0),
(40, 40, 0),
(39, 39, 0),
(38, 38, 0);

-- oc_category_to_store PRIMARY KEY (`category_id`,`store_id`)
INSERT IGNORE INTO `oc_category_to_store` (`category_id`, `store_id`) VALUES
(32, 0),
(33, 0),
(34, 0),
(35, 0),
(36, 0),
(37, 0),
(38, 0),
(39, 0),
(40, 0),
(41, 0),
(42, 0),
(43, 0),
(44, 0),
(45, 0),
(46, 0),
(47, 0),
(48, 0);