-- oc_category PRIMARY KEY (`category_id`)
INSERT IGNORE INTO `oc_category` (`category_id`, `image`, `parent_id`, `top`, `column`, `sort_order`, `status`, `date_added`, `date_modified`) VALUES
(48, '', 42, 0, 0, 0, 1, '2020-08-13 10:49:33', '2020-08-13 10:49:33'),
(41, '', 39, 0, 0, 0, 1, '2020-08-13 10:47:38', '2020-08-13 10:47:38'),
(40, '', 39, 0, 0, 0, 1, '2020-08-13 10:47:38', '2020-08-13 10:47:38'),
(47, '', 42, 0, 0, 0, 1, '2020-08-13 10:49:33', '2020-08-13 10:49:33'),
(46, '', 42, 0, 0, 0, 1, '2020-08-13 10:49:33', '2020-08-13 10:49:33'),
(42, '', 33, 0, 0, 0, 1, '2020-08-13 10:48:21', '2020-08-13 10:49:33'),
(43, '', 33, 0, 0, 0, 1, '2020-08-13 10:48:21', '2020-08-13 10:50:50'),
(44, '', 33, 0, 0, 0, 1, '2020-08-13 10:48:21', '2020-08-13 10:51:55'),
(45, '', 33, 0, 0, 0, 1, '2020-08-13 10:48:21', '2020-08-13 10:53:15'),
(39, '', 32, 0, 0, 0, 1, '2020-08-13 10:47:19', '2020-08-13 10:47:38'),
(38, '', 32, 0, 0, 0, 1, '2020-08-13 10:47:19', '2020-08-13 10:47:19'),
(32, '', 0, 0, 0, 0, 1, '2020-08-13 10:45:13', '2020-08-13 10:47:19'),
(33, '', 0, 0, 0, 0, 1, '2020-08-13 10:45:43', '2020-08-13 10:48:21'),
(34, '', 0, 0, 0, 0, 1, '2020-08-13 10:45:58', '2020-08-13 10:54:50'),
(35, '', 0, 0, 0, 0, 1, '2020-08-13 10:46:35', '2020-08-13 11:01:04'),
(36, '', 32, 0, 0, 0, 1, '2020-08-13 10:47:19', '2020-08-13 10:47:19'),
(37, '', 32, 0, 0, 0, 1, '2020-08-13 10:47:19', '2020-08-13 10:47:19'),
(49, '', 42, 0, 0, 0, 1, '2020-08-13 10:49:33', '2020-08-13 10:49:33'),
(50, '', 42, 0, 0, 0, 1, '2020-08-13 10:49:33', '2020-08-13 10:49:33'),
(51, '', 42, 0, 0, 0, 1, '2020-08-13 10:49:33', '2020-08-13 10:49:33'),
(52, '', 43, 0, 0, 0, 1, '2020-08-13 10:50:50', '2020-08-13 10:50:50'),
(53, '', 43, 0, 0, 0, 1, '2020-08-13 10:50:50', '2020-08-13 10:50:50'),
(54, '', 43, 0, 0, 0, 1, '2020-08-13 10:50:50', '2020-08-13 10:50:50'),
(55, '', 43, 0, 0, 0, 1, '2020-08-13 10:50:50', '2020-08-13 10:50:50'),
(56, '', 43, 0, 0, 0, 1, '2020-08-13 10:50:50', '2020-08-13 10:50:50'),
(57, '', 43, 0, 0, 0, 1, '2020-08-13 10:50:50', '2020-08-13 10:50:50'),
(58, '', 44, 0, 0, 0, 1, '2020-08-13 10:51:55', '2020-08-13 10:51:55'),
(59, '', 44, 0, 0, 0, 1, '2020-08-13 10:51:55', '2020-08-13 10:51:55'),
(60, '', 44, 0, 0, 0, 1, '2020-08-13 10:51:55', '2020-08-13 10:51:55'),
(61, '', 44, 0, 0, 0, 1, '2020-08-13 10:51:55', '2020-08-13 10:51:55'),
(62, '', 44, 0, 0, 0, 1, '2020-08-13 10:51:55', '2020-08-13 10:51:55'),
(63, '', 44, 0, 0, 0, 1, '2020-08-13 10:51:55', '2020-08-13 10:51:55'),
(64, '', 44, 0, 0, 0, 1, '2020-08-13 10:51:55', '2020-08-13 10:51:55'),
(65, '', 44, 0, 0, 0, 1, '2020-08-13 10:51:55', '2020-08-13 10:51:55'),
(66, '', 44, 0, 0, 0, 1, '2020-08-13 10:51:55', '2020-08-13 10:51:55'),
(67, '', 44, 0, 0, 0, 1, '2020-08-13 10:51:55', '2020-08-13 10:51:55'),
(68, '', 45, 0, 0, 0, 1, '2020-08-13 10:53:15', '2020-08-13 10:53:15'),
(69, '', 45, 0, 0, 0, 1, '2020-08-13 10:53:15', '2020-08-13 10:53:15'),
(70, '', 45, 0, 0, 0, 1, '2020-08-13 10:53:15', '2020-08-13 10:53:15'),
(71, '', 45, 0, 0, 0, 1, '2020-08-13 10:53:15', '2020-08-13 10:53:15'),
(72, '', 45, 0, 0, 0, 1, '2020-08-13 10:53:15', '2020-08-13 10:53:15'),
(73, '', 45, 0, 0, 0, 1, '2020-08-13 10:53:15', '2020-08-13 10:53:15'),
(74, '', 45, 0, 0, 0, 1, '2020-08-13 10:53:15', '2020-08-13 10:53:15'),
(75, '', 45, 0, 0, 0, 1, '2020-08-13 10:53:15', '2020-08-13 10:53:15'),
(76, '', 45, 0, 0, 0, 1, '2020-08-13 10:53:15', '2020-08-13 10:53:15'),
(77, '', 45, 0, 0, 0, 1, '2020-08-13 10:53:15', '2020-08-13 10:53:15'),
(78, '', 34, 0, 0, 0, 1, '2020-08-13 10:54:50', '2020-08-13 10:55:41'),
(79, '', 34, 0, 0, 0, 1, '2020-08-13 10:54:50', '2020-08-13 10:56:15'),
(80, '', 34, 0, 0, 0, 1, '2020-08-13 10:54:50', '2020-08-13 10:57:21'),
(81, '', 34, 0, 0, 0, 1, '2020-08-13 10:54:50', '2020-08-13 10:58:29'),
(82, '', 34, 0, 0, 0, 1, '2020-08-13 10:54:50', '2020-08-13 10:59:39'),
(83, '', 34, 0, 0, 0, 1, '2020-08-13 10:54:50', '2020-08-13 11:00:38'),
(84, '', 78, 0, 0, 0, 1, '2020-08-13 10:55:41', '2020-08-13 10:55:41'),
(85, '', 78, 0, 0, 0, 1, '2020-08-13 10:55:41', '2020-08-13 10:55:41'),
(86, '', 78, 0, 0, 0, 1, '2020-08-13 10:55:41', '2020-08-13 10:55:41'),
(87, '', 79, 0, 0, 0, 1, '2020-08-13 10:56:15', '2020-08-13 10:56:15'),
(88, '', 79, 0, 0, 0, 1, '2020-08-13 10:56:15', '2020-08-13 10:56:15'),
(89, '', 79, 0, 0, 0, 1, '2020-08-13 10:56:15', '2020-08-13 10:56:15'),
(90, '', 80, 0, 0, 0, 1, '2020-08-13 10:57:21', '2020-08-13 10:57:21'),
(91, '', 80, 0, 0, 0, 1, '2020-08-13 10:57:21', '2020-08-13 10:57:21'),
(92, '', 80, 0, 0, 0, 1, '2020-08-13 10:57:21', '2020-08-13 10:57:21'),
(93, '', 111, 0, 0, 0, 1, '2020-08-13 10:57:21', '2020-08-13 11:03:45'),
(94, '', 80, 0, 0, 0, 1, '2020-08-13 10:57:21', '2020-08-13 10:57:21'),
(95, '', 81, 0, 0, 0, 1, '2020-08-13 10:58:29', '2020-08-13 10:58:29'),
(96, '', 81, 0, 0, 0, 1, '2020-08-13 10:58:29', '2020-08-13 10:58:29'),
(97, '', 81, 0, 0, 0, 1, '2020-08-13 10:58:29', '2020-08-13 10:58:29'),
(98, '', 81, 0, 0, 0, 1, '2020-08-13 10:58:29', '2020-08-13 10:58:29'),
(99, '', 82, 0, 0, 0, 1, '2020-08-13 10:59:39', '2020-08-13 10:59:39'),
(100, '', 82, 0, 0, 0, 1, '2020-08-13 10:59:39', '2020-08-13 10:59:39'),
(101, '', 82, 0, 0, 0, 1, '2020-08-13 10:59:39', '2020-08-13 10:59:39'),
(102, '', 82, 0, 0, 0, 1, '2020-08-13 10:59:39', '2020-08-13 10:59:39'),
(103, '', 82, 0, 0, 0, 1, '2020-08-13 10:59:39', '2020-08-13 10:59:39'),
(104, '', 83, 0, 0, 0, 1, '2020-08-13 11:00:38', '2020-08-13 11:00:38'),
(105, '', 83, 0, 0, 0, 1, '2020-08-13 11:00:38', '2020-08-13 11:00:38'),
(106, '', 83, 0, 0, 0, 1, '2020-08-13 11:00:39', '2020-08-13 11:00:39'),
(107, '', 83, 0, 0, 0, 1, '2020-08-13 11:00:39', '2020-08-13 11:00:39'),
(108, '', 83, 0, 0, 0, 1, '2020-08-13 11:00:39', '2020-08-13 11:00:39'),
(109, '', 35, 0, 0, 0, 1, '2020-08-13 11:01:04', '2020-08-13 11:02:07'),
(110, '', 35, 0, 0, 0, 1, '2020-08-13 11:01:04', '2020-08-13 11:02:52'),
(111, '', 35, 0, 0, 0, 1, '2020-08-13 11:01:04', '2020-08-13 11:03:45'),
(112, '', 110, 0, 0, 0, 1, '2020-08-13 11:02:07', '2020-08-13 11:02:52'),
(113, '', 109, 0, 0, 0, 1, '2020-08-13 11:02:07', '2020-08-13 11:02:07'),
(114, '', 109, 0, 0, 0, 1, '2020-08-13 11:02:07', '2020-08-13 11:02:07'),
(115, '', 109, 0, 0, 0, 1, '2020-08-13 11:02:07', '2020-08-13 11:02:07'),
(116, '', 110, 0, 0, 0, 1, '2020-08-13 11:02:52', '2020-08-13 11:02:52'),
(117, '', 110, 0, 0, 0, 1, '2020-08-13 11:02:52', '2020-08-13 11:02:52'),
(118, '', 110, 0, 0, 0, 1, '2020-08-13 11:02:52', '2020-08-13 11:02:52'),
(119, '', 111, 0, 0, 0, 1, '2020-08-13 11:03:45', '2020-08-13 11:03:45'),
(120, '', 111, 0, 0, 0, 1, '2020-08-13 11:03:45', '2020-08-13 11:03:45'),
(20, '', 0, 0, 0, 0, 1, '2019-05-21 16:20:38', '2020-06-09 20:28:48'),
(19, NULL, 0, 0, 0, 0, 1, '2019-05-21 15:47:12', '2019-05-21 15:47:12'),
(18, NULL, 0, 0, 0, 0, 1, '2019-05-21 15:44:23', '2019-05-21 15:44:23'),
(17, NULL, 0, 0, 0, 0, 1, '2019-05-21 15:36:21', '2019-05-21 15:36:21'),
(14, NULL, 0, 0, 0, 0, 1, '2019-05-20 17:45:50', '2019-05-20 17:45:50'),
(12, NULL, 0, 0, 0, 0, 1, '2019-05-20 16:48:18', '2019-05-20 16:48:18'),
(21, NULL, 0, 0, 0, 0, 1, '2020-06-09 17:50:59', '2020-06-09 17:50:59'),
(22, NULL, 0, 0, 0, 0, 1, '2020-06-09 17:50:59', '2020-06-09 17:50:59'),
(23, '', 0, 0, 0, 0, 1, '2020-06-09 17:50:59', '2020-06-09 20:29:17'),
(24, NULL, 0, 0, 0, 0, 1, '2020-06-09 17:50:59', '2020-06-09 17:50:59'),
(25, NULL, 0, 0, 0, 0, 1, '2020-06-09 17:50:59', '2020-06-09 17:50:59'),
(26, NULL, 0, 0, 0, 0, 1, '2020-06-09 17:50:59', '2020-06-09 17:50:59'),
(27, NULL, 0, 0, 0, 0, 1, '2020-06-09 17:50:59', '2020-06-09 17:50:59'),
(28, '', 23, 0, 0, 0, 1, '2020-06-09 20:29:17', '2020-06-09 20:29:57'),
(29, '', 23, 0, 0, 0, 1, '2020-06-09 20:29:17', '2020-06-09 20:29:17'),
(30, '', 28, 0, 0, 0, 1, '2020-06-09 20:29:57', '2020-06-09 20:29:57'),
(31, '', 28, 0, 0, 0, 1, '2020-06-09 20:29:57', '2020-06-09 20:29:57');

-- oc_category_description PRIMARY KEY (`category_id`,`language_id`)
INSERT IGNORE INTO `oc_category_description` (`category_id`, `language_id`, `name`, `description`, `meta_title`, `meta_description`, `meta_keyword`) VALUES
(50, 2, 'Ty ngậm', 'Ty ngậm', '', '', ''),
(50, 1, 'Ty ngậm', 'Ty ngậm', '', '', ''),
(49, 1, 'Bình sữa Dr Brown', 'Bình sữa Dr Brown', '', '', ''),
(49, 2, 'Bình sữa Dr Brown', 'Bình sữa Dr Brown', '', '', ''),
(48, 1, 'Bình sữa Chuchu', 'Bình sữa Chuchu', '', '', ''),
(41, 1, 'Muối chườm, túi chườm giảm eo', 'Muối chườm, túi chườm giảm eo', '', '', ''),
(42, 2, 'Bình sữa', 'Bình sữa', '', '', ''),
(42, 1, 'Bình sữa', 'Bình sữa', '', '', ''),
(43, 2, 'Vật dụng hỗ trợ', 'Vật dụng hỗ trợ', '', '', ''),
(43, 1, 'Vật dụng hỗ trợ', 'Vật dụng hỗ trợ', '', '', ''),
(44, 2, 'Bỉm tã khăn ướt', 'Bỉm tã khăn ướt', '', '', ''),
(44, 1, 'Bỉm tã khăn ướt', 'Bỉm tã khăn ướt', '', '', ''),
(45, 2, 'Sữa bột công thức', 'Sữa bột công thức', '', '', ''),
(45, 1, 'Sữa bột công thức', 'Sữa bột công thức', '', '', ''),
(46, 2, 'Bình sữa Avent', 'Bình sữa Avent', '', '', ''),
(46, 1, 'Bình sữa Avent', 'Bình sữa Avent', '', '', ''),
(47, 2, 'Bình sữa Born Free', 'Bình sữa Born Free', '', '', ''),
(47, 1, 'Bình sữa Born Free', 'Bình sữa Born Free', '', '', ''),
(48, 2, 'Bình sữa Chuchu', 'Bình sữa Chuchu', '', '', ''),
(39, 2, 'Sản phẩm hỗ trợ giảm cân, giảm eo khác', 'Sản phẩm hỗ trợ giảm cân, giảm eo khác', '', '', ''),
(39, 1, 'Sản phẩm hỗ trợ giảm cân, giảm eo khác', 'Sản phẩm hỗ trợ giảm cân, giảm eo khác', '', '', ''),
(40, 2, 'Đai quấn muối, gen nịt bụng giảm eo', 'Đai quấn muối, gen nịt bụng giảm eo', '', '', ''),
(40, 1, 'Đai quấn muối, gen nịt bụng giảm eo', 'Đai quấn muối, gen nịt bụng giảm eo', '', '', ''),
(41, 2, 'Muối chườm, túi chườm giảm eo', 'Muối chườm, túi chườm giảm eo', '', '', ''),
(32, 2, 'Sản phẩm cho mẹ', 'Sản phẩm cho mẹ', '', '', ''),
(32, 1, 'Sản phẩm cho mẹ', 'Sản phẩm cho mẹ', '', '', ''),
(33, 2, 'Sản phẩm cho bé', 'Sản phẩm cho bé', '', '', ''),
(33, 1, 'Sản phẩm cho bé', 'Sản phẩm cho bé', '', '', ''),
(34, 2, 'Sơ sinh , trẻ nhỏ', 'Sơ sinh , trẻ nhỏ', '', '', ''),
(34, 1, 'Sơ sinh , trẻ nhỏ', 'Sơ sinh , trẻ nhỏ', '', '', ''),
(35, 2, 'Đồ chơi , quà tặng', 'Đồ chơi , quà tặng', '', '', ''),
(35, 1, 'Đồ chơi , quà tặng', 'Đồ chơi , quà tặng', '', '', ''),
(36, 2, 'Thực phẩm dinh dưỡng và lợi sữa', 'Thực phẩm dinh dưỡng và lợi sữa', '', '', ''),
(36, 1, 'Thực phẩm dinh dưỡng và lợi sữa', 'Thực phẩm dinh dưỡng và lợi sữa', '', '', ''),
(37, 2, 'Vật dụng cho mẹ chuẩn bị sinh', 'Vật dụng cho mẹ chuẩn bị sinh', '', '', ''),
(37, 1, 'Vật dụng cho mẹ chuẩn bị sinh', 'Vật dụng cho mẹ chuẩn bị sinh', '', '', ''),
(38, 2, 'Vệ sinh, dưỡng da trước và sau sinh', 'Vệ sinh, dưỡng da trước và sau sinh', '', '', ''),
(38, 1, 'Vệ sinh, dưỡng da trước và sau sinh', 'Vệ sinh, dưỡng da trước và sau sinh', '', '', ''),
(51, 2, 'Núm ty', 'Núm ty', '', '', ''),
(51, 1, 'Núm ty', 'Núm ty', '', '', ''),
(52, 2, 'Bình Ủ sữa -Trữ sữa - Ngăn Chia sữa', 'Bình Ủ sữa -Trữ sữa - Ngăn Chia sữa', '', '', ''),
(52, 1, 'Bình Ủ sữa -Trữ sữa - Ngăn Chia sữa', 'Bình Ủ sữa -Trữ sữa - Ngăn Chia sữa', '', '', ''),
(53, 2, 'Cọ rửa - khay úp bình sữa', 'Cọ rửa - khay úp bình sữa', '', '', ''),
(53, 1, 'Cọ rửa - khay úp bình sữa', 'Cọ rửa - khay úp bình sữa', '', '', ''),
(54, 2, 'Máy hâm sữa', 'Máy hâm sữa', '', '', ''),
(54, 1, 'Máy hâm sữa', 'Máy hâm sữa', '', '', ''),
(55, 2, 'Máy hút sữa', 'Máy hút sữa', '', '', ''),
(55, 1, 'Máy hút sữa', 'Máy hút sữa', '', '', ''),
(56, 2, 'Máy tiệt trùng bình sữa', 'Máy tiệt trùng bình sữa', '', '', ''),
(56, 1, 'Máy tiệt trùng bình sữa', 'Máy tiệt trùng bình sữa', '', '', ''),
(57, 2, 'Nước rửa bình sữa', 'Nước rửa bình sữa', '', '', ''),
(57, 1, 'Nước rửa bình sữa', 'Nước rửa bình sữa', '', '', ''),
(58, 2, 'Bỉm BabyLove', 'Bỉm BabyLove', '', '', ''),
(58, 1, 'Bỉm BabyLove', 'Bỉm BabyLove', '', '', ''),
(59, 2, 'Bỉm BOBBY FRESH', 'Bỉm BOBBY FRESH', '', '', ''),
(59, 1, 'Bỉm BOBBY FRESH', 'Bỉm BOBBY FRESH', '', '', ''),
(60, 2, 'Bỉm GOON', 'Bỉm GOON', '', '', ''),
(60, 1, 'Bỉm GOON', 'Bỉm GOON', '', '', ''),
(61, 2, 'Bỉm HUGGIES', 'Bỉm HUGGIES', '', '', ''),
(61, 1, 'Bỉm HUGGIES', 'Bỉm HUGGIES', '', '', ''),
(62, 2, 'Bỉm MAMY POKO', 'Bỉm MAMY POKO', '', '', ''),
(62, 1, 'Bỉm MAMY POKO', 'Bỉm MAMY POKO', '', '', ''),
(63, 2, 'Bỉm MERRIES', 'Bỉm MERRIES', '', '', ''),
(63, 1, 'Bỉm MERRIES', 'Bỉm MERRIES', '', '', ''),
(64, 2, 'Bỉm MOONY', 'Bỉm MOONY', '', '', ''),
(64, 1, 'Bỉm MOONY', 'Bỉm MOONY', '', '', ''),
(65, 2, 'Bỉm PAMPERS', 'Bỉm PAMPERS', '', '', ''),
(65, 1, 'Bỉm PAMPERS', 'Bỉm PAMPERS', '', '', ''),
(66, 2, 'Khăn ướt', 'Khăn ướt', '', '', ''),
(66, 1, 'Khăn ướt', 'Khăn ướt', '', '', ''),
(67, 2, 'MAMAMY', 'MAMAMY', '', '', ''),
(67, 1, 'MAMAMY', 'MAMAMY', '', '', ''),
(68, 2, 'Sữa NAN Optipro', 'Sữa NAN Optipro', '', '', ''),
(68, 1, 'Sữa NAN Optipro', 'Sữa NAN Optipro', '', '', ''),
(69, 2, 'Sữa Meiji Nhật Bản', 'Sữa Meiji Nhật Bản', '', '', ''),
(69, 1, 'Sữa Meiji Nhật Bản', 'Sữa Meiji Nhật Bản', '', '', ''),
(70, 2, 'Sữa Similac Advance', 'Sữa Similac Advance', '', '', ''),
(70, 1, 'Sữa Similac Advance', 'Sữa Similac Advance', '', '', ''),
(71, 2, 'Sữa Aptamil công thức profutura của Úc', 'Sữa Aptamil công thức profutura của Úc', '', '', ''),
(71, 1, 'Sữa Aptamil công thức profutura của Úc', 'Sữa Aptamil công thức profutura của Úc', '', '', ''),
(72, 2, 'Sữa bột Frisolac Gold 1', 'Sữa bột Frisolac Gold 1', '', '', ''),
(72, 1, 'Sữa bột Frisolac Gold 1', 'Sữa bột Frisolac Gold 1', '', '', ''),
(73, 2, 'Abbott Similac Neosure IQ số 1', 'Abbott Similac Neosure IQ số 1', '', '', ''),
(73, 1, 'Abbott Similac Neosure IQ số 1', 'Abbott Similac Neosure IQ số 1', '', '', ''),
(74, 2, 'Dielac Optimum Step 1', 'Dielac Optimum Step 1', '', '', ''),
(74, 1, 'Dielac Optimum Step 1', 'Dielac Optimum Step 1', '', '', ''),
(75, 2, 'Sữa Morinaga Hagukumi số 0', 'Sữa Morinaga Hagukumi số 0', '', '', ''),
(75, 1, 'Sữa Morinaga Hagukumi số 0', 'Sữa Morinaga Hagukumi số 0', '', '', ''),
(76, 2, 'Sữa Glico Icreo số 0', 'Sữa Glico Icreo số 0', '', '', ''),
(76, 1, 'Sữa Glico Icreo số 0', 'Sữa Glico Icreo số 0', '', '', ''),
(77, 2, 'Sữa Biomil Plus số 1', 'Sữa Biomil Plus số 1', '', '', ''),
(77, 1, 'Sữa Biomil Plus số 1', 'Sữa Biomil Plus số 1', '', '', ''),
(78, 2, 'Thời trang sơ sinh', 'Thời trang sơ sinh', '', '', ''),
(78, 1, 'Thời trang sơ sinh', 'Thời trang sơ sinh', '', '', ''),
(79, 2, 'Đồ dùng bé ngủ', 'Đồ dùng bé ngủ', '', '', ''),
(79, 1, 'Đồ dùng bé ngủ', 'Đồ dùng bé ngủ', '', '', ''),
(80, 2, 'Xe đẩy, Đai, Địu', 'Xe đẩy, Đai, Địu', '', '', ''),
(80, 1, 'Xe đẩy, Đai, Địu', 'Xe đẩy, Đai, Địu', '', '', ''),
(81, 2, 'Dụng cụ vệ sinh', 'Dụng cụ vệ sinh', '', '', ''),
(81, 1, 'Dụng cụ vệ sinh', 'Dụng cụ vệ sinh', '', '', ''),
(82, 2, 'Sức khoẻ, An toàn', 'Sức khoẻ, An toàn', '', '', ''),
(82, 1, 'Sức khoẻ, An toàn', 'Sức khoẻ, An toàn', '', '', ''),
(83, 2, 'Dụng cụ bé ăn', 'Dụng cụ bé ăn', '', '', ''),
(83, 1, 'Dụng cụ bé ăn', 'Dụng cụ bé ăn', '', '', ''),
(84, 2, 'Quần áo bé trai', 'Quần áo bé trai', '', '', ''),
(84, 1, 'Quần áo bé trai', 'Quần áo bé trai', '', '', ''),
(85, 2, 'Quần áo bé gái', 'Quần áo bé gái', '', '', ''),
(85, 1, 'Quần áo bé gái', 'Quần áo bé gái', '', '', ''),
(86, 2, 'Phụ kiện thời trang', 'Phụ kiện thời trang', '', '', ''),
(86, 1, 'Phụ kiện thời trang', 'Phụ kiện thời trang', '', '', ''),
(87, 2, 'Chăn, Gối, Màn chụp', 'Chăn, Gối, Màn chụp', '', '', ''),
(87, 1, 'Chăn, Gối, Màn chụp', 'Chăn, Gối, Màn chụp', '', '', ''),
(88, 2, 'Nôi, Cũi, Bộ Quây', 'Nôi, Cũi, Bộ Quây', '', '', ''),
(88, 1, 'Nôi, Cũi, Bộ Quây', 'Nôi, Cũi, Bộ Quây', '', '', ''),
(89, 2, 'Máy đưa võng', 'Máy đưa võng', '', '', ''),
(89, 1, 'Máy đưa võng', 'Máy đưa võng', '', '', ''),
(90, 2, 'Xe đẩy em bé', 'Xe đẩy em bé', '', '', ''),
(90, 1, 'Xe đẩy em bé', 'Xe đẩy em bé', '', '', ''),
(91, 2, 'Địu em bé', 'Địu em bé', '', '', ''),
(91, 1, 'Địu em bé', 'Địu em bé', '', '', ''),
(92, 2, 'Xe tập đi', 'Xe tập đi', '', '', ''),
(92, 1, 'Xe tập đi', 'Xe tập đi', '', '', ''),
(93, 2, 'Xe lắc, Chòi chân', 'Xe lắc, Chòi chân', '', '', ''),
(93, 1, 'Xe lắc, Chòi chân', 'Xe lắc, Chòi chân', '', '', ''),
(94, 2, 'Xe đạp, Xe 3 bánh', 'Xe đạp, Xe 3 bánh', '', '', ''),
(94, 1, 'Xe đạp, Xe 3 bánh', 'Xe đạp, Xe 3 bánh', '', '', ''),
(95, 2, 'Tấm lót chống thấm', 'Tấm lót chống thấm', '', '', ''),
(95, 1, 'Tấm lót chống thấm', 'Tấm lót chống thấm', '', '', ''),
(96, 2, 'Bô, Lót bồn cầu', 'Bô, Lót bồn cầu', '', '', ''),
(96, 1, 'Bô, Lót bồn cầu', 'Bô, Lót bồn cầu', '', '', ''),
(97, 2, 'Vệ sinh cơ thể', 'Vệ sinh cơ thể', '', '', ''),
(97, 1, 'Vệ sinh cơ thể', 'Vệ sinh cơ thể', '', '', ''),
(98, 2, 'Khăn gạc, Khăn tắm', 'Khăn gạc, Khăn tắm', '', '', ''),
(98, 1, 'Khăn gạc, Khăn tắm', 'Khăn gạc, Khăn tắm', '', '', ''),
(99, 2, 'Nhiệt kế, Huyết áp', 'Nhiệt kế, Huyết áp', '', '', ''),
(99, 1, 'Nhiệt kế, Huyết áp', 'Nhiệt kế, Huyết áp', '', '', ''),
(100, 2, 'Hút mũi, Uống thuốc', 'Hút mũi, Uống thuốc', '', '', ''),
(100, 1, 'Hút mũi, Uống thuốc', 'Hút mũi, Uống thuốc', '', '', ''),
(101, 2, 'Dầu nóng, Khuynh diệp', 'Dầu nóng, Khuynh diệp', '', '', ''),
(101, 1, 'Dầu nóng, Khuynh diệp', 'Dầu nóng, Khuynh diệp', '', '', ''),
(102, 2, 'Khẩu trang bảo vệ', 'Khẩu trang bảo vệ', '', '', ''),
(102, 1, 'Khẩu trang bảo vệ', 'Khẩu trang bảo vệ', '', '', ''),
(103, 2, 'Bịt ổ điện, Góc bàn', 'Bịt ổ điện, Góc bàn', '', '', ''),
(103, 1, 'Bịt ổ điện, Góc bàn', 'Bịt ổ điện, Góc bàn', '', '', ''),
(104, 2, 'Ghế nằm, Ngồi ăn', 'Ghế nằm, Ngồi ăn', '', '', ''),
(104, 1, 'Ghế nằm, Ngồi ăn', 'Ghế nằm, Ngồi ăn', '', '', ''),
(105, 2, 'Bình tập ăn', 'Bình tập ăn', '', '', ''),
(105, 1, 'Bình tập ăn', 'Bình tập ăn', '', '', ''),
(106, 2, 'Xây, Yếm ăn', 'Xây, Yếm ăn', '', '', ''),
(106, 1, 'Xây, Yếm ăn', 'Xây, Yếm ăn', '', '', ''),
(107, 2, 'Tô, Dĩa, Bát, Muỗng', 'Tô, Dĩa, Bát, Muỗng', '', '', ''),
(107, 1, 'Tô, Dĩa, Bát, Muỗng', 'Tô, Dĩa, Bát, Muỗng', '', '', ''),
(108, 2, 'Chế biến thức ăn', 'Chế biến thức ăn', '', '', ''),
(108, 1, 'Chế biến thức ăn', 'Chế biến thức ăn', '', '', ''),
(109, 2, 'Đồ chơi bé gái', 'Đồ chơi bé gái', '', '', ''),
(109, 1, 'Đồ chơi bé gái', 'Đồ chơi bé gái', '', '', ''),
(110, 2, 'Đồ chơi bé trai', 'Đồ chơi bé trai', '', '', ''),
(110, 1, 'Đồ chơi bé trai', 'Đồ chơi bé trai', '', '', ''),
(111, 2, 'Đồ chơi sơ sinh', 'Đồ chơi sơ sinh', '', '', ''),
(111, 1, 'Đồ chơi sơ sinh', 'Đồ chơi sơ sinh', '', '', ''),
(112, 2, 'Học tập, Mỹ thuật', 'Học tập, Mỹ thuật', '', '', ''),
(112, 1, 'Học tập, Mỹ thuật', 'Học tập, Mỹ thuật', '', '', ''),
(113, 2, 'Thế giới động vật', 'Thế giới động vật', '', '', ''),
(113, 1, 'Thế giới động vật', 'Thế giới động vật', '', '', ''),
(114, 2, 'Đồ chơi Cát, Nước', 'Đồ chơi Cát, Nước', '', '', ''),
(114, 1, 'Đồ chơi Cát, Nước', 'Đồ chơi Cát, Nước', '', '', ''),
(115, 2, 'Kỹ năng, Đời sống', 'Kỹ năng, Đời sống', '', '', ''),
(115, 1, 'Kỹ năng, Đời sống', 'Kỹ năng, Đời sống', '', '', ''),
(116, 2, 'Lắp ráp, Xếp hình', 'Lắp ráp, Xếp hình', '', '', ''),
(116, 1, 'Lắp ráp, Xếp hình', 'Lắp ráp, Xếp hình', '', '', ''),
(117, 2, 'Robot Xe, Pin', 'Robot Xe, Pin', '', '', ''),
(117, 1, 'Robot Xe, Pin', 'Robot Xe, Pin', '', '', ''),
(118, 2, 'Thú bông', 'Thú bông', '', '', ''),
(118, 1, 'Thú bông', 'Thú bông', '', '', ''),
(119, 2, 'Bóng, Banh, Nhà banh', 'Bóng, Banh, Nhà banh', '', '', ''),
(119, 1, 'Bóng, Banh, Nhà banh', 'Bóng, Banh, Nhà banh', '', '', ''),
(120, 2, 'Scooter, Vận động', 'Scooter, Vận động', '', '', ''),
(120, 1, 'Scooter, Vận động', 'Scooter, Vận động', '', '', ''),
(18, 2, 'Giày sandal', 'Giày sandal', '', '', ''),
(18, 1, 'Giày sandal', 'Giày sandal', '', '', ''),
(17, 2, 'Giày valen', 'Giày valen', '', '', ''),
(17, 1, 'Giày valen', 'Giày valen', '', '', ''),
(14, 1, 'Giày cao gót', 'Giày cao gót', '', '', ''),
(14, 2, 'Giày cao gót', 'Giày cao gót', '', '', ''),
(12, 1, 'Giày cổ điển', 'Giày cổ điển', '', '', ''),
(12, 2, 'Giày cổ điển', 'Giày cổ điển', '', '', ''),
(21, 2, 'Váy dự tiệc', 'Váy dự tiệc', '', '', ''),
(21, 1, 'Váy dự tiệc', 'Váy dự tiệc', '', '', ''),
(22, 2, 'Váy đầm xòe', 'Váy đầm xòe', '', '', ''),
(22, 1, 'Váy đầm xòe', 'Váy đầm xòe', '', '', ''),
(23, 2, 'Váy dáng suông', 'Váy dáng suông', '', '', ''),
(23, 1, 'Váy dáng suông', 'Váy dáng suông', '', '', ''),
(24, 2, 'Váy đầm sơ mi', 'Váy đầm sơ mi', '', '', ''),
(24, 1, 'Váy đầm sơ mi', 'Váy đầm sơ mi', '', '', ''),
(25, 2, 'Váy đầm xòe họa tiết', 'Váy đầm xòe họa tiết', '', '', ''),
(25, 1, 'Váy đầm xòe họa tiết', 'Váy đầm xòe họa tiết', '', '', ''),
(26, 2, 'Váy đầm lụa đuôi cá', 'Váy đầm lụa đuôi cá', '', '', ''),
(26, 1, 'Váy đầm lụa đuôi cá', 'Váy đầm lụa đuôi cá', '', '', ''),
(27, 2, 'Váy đầm công sở', 'Váy đầm công sở', '', '', ''),
(27, 1, 'Váy đầm công sở', 'Váy đầm công sở', '', '', ''),
(19, 2, 'Dép sandal', 'Dép sandal', '', '', ''),
(19, 1, 'Dép sandal', 'Dép sandal', '', '', ''),
(20, 2, 'Giày búp bê', 'Giày búp bê', '', '', ''),
(20, 1, 'Giày búp bê', 'Giày búp bê', '', '', ''),
(28, 2, 'Váy công sở', 'Váy công sở', '', '', ''),
(28, 1, 'Váy công sở', 'Váy công sở', '', '', ''),
(29, 2, 'Váy dạ tiệc', 'Váy dạ tiệc', '', '', ''),
(29, 1, 'Váy dạ tiệc', 'Váy dạ tiệc', '', '', ''),
(30, 2, 'Váy ngắn', 'Váy ngắn', '', '', ''),
(30, 1, 'Váy ngắn', 'Váy ngắn', '', '', ''),
(31, 2, 'Váy dài', 'Váy dài', '', '', ''),
(31, 1, 'Váy dài', 'Váy dài', '', '', '');

-- oc_category_path PRIMARY KEY (`category_id`,`path_id`)
INSERT IGNORE INTO `oc_category_path` (`category_id`, `path_id`, `level`) VALUES
(44, 33, 0),
(41, 32, 0),
(40, 40, 2),
(40, 39, 1),
(40, 32, 0),
(39, 39, 1),
(43, 43, 1),
(43, 33, 0),
(47, 42, 1),
(42, 42, 1),
(42, 33, 0),
(41, 41, 2),
(41, 39, 1),
(47, 47, 2),
(48, 33, 0),
(47, 33, 0),
(48, 42, 1),
(45, 45, 1),
(46, 33, 0),
(46, 42, 1),
(44, 44, 1),
(45, 33, 0),
(46, 46, 2),
(39, 32, 0),
(38, 38, 1),
(37, 37, 1),
(38, 32, 0),
(36, 36, 1),
(37, 32, 0),
(36, 32, 0),
(35, 35, 0),
(34, 34, 0),
(33, 33, 0),
(32, 32, 0),
(48, 48, 2),
(49, 33, 0),
(49, 42, 1),
(49, 49, 2),
(50, 33, 0),
(50, 42, 1),
(50, 50, 2),
(51, 33, 0),
(51, 42, 1),
(51, 51, 2),
(52, 33, 0),
(52, 43, 1),
(52, 52, 2),
(53, 33, 0),
(53, 43, 1),
(53, 53, 2),
(54, 33, 0),
(54, 43, 1),
(54, 54, 2),
(55, 33, 0),
(55, 43, 1),
(55, 55, 2),
(56, 33, 0),
(56, 43, 1),
(56, 56, 2),
(57, 33, 0),
(57, 43, 1),
(57, 57, 2),
(58, 33, 0),
(58, 44, 1),
(58, 58, 2),
(59, 33, 0),
(59, 44, 1),
(59, 59, 2),
(60, 33, 0),
(60, 44, 1),
(60, 60, 2),
(61, 33, 0),
(61, 44, 1),
(61, 61, 2),
(62, 33, 0),
(62, 44, 1),
(62, 62, 2),
(63, 33, 0),
(63, 44, 1),
(63, 63, 2),
(64, 33, 0),
(64, 44, 1),
(64, 64, 2),
(65, 33, 0),
(65, 44, 1),
(65, 65, 2),
(66, 33, 0),
(66, 44, 1),
(66, 66, 2),
(67, 33, 0),
(67, 44, 1),
(67, 67, 2),
(68, 33, 0),
(68, 45, 1),
(68, 68, 2),
(69, 33, 0),
(69, 45, 1),
(69, 69, 2),
(70, 33, 0),
(70, 45, 1),
(70, 70, 2),
(71, 33, 0),
(71, 45, 1),
(71, 71, 2),
(72, 33, 0),
(72, 45, 1),
(72, 72, 2),
(73, 33, 0),
(73, 45, 1),
(73, 73, 2),
(74, 33, 0),
(74, 45, 1),
(74, 74, 2),
(75, 33, 0),
(75, 45, 1),
(75, 75, 2),
(76, 33, 0),
(76, 45, 1),
(76, 76, 2),
(77, 33, 0),
(77, 45, 1),
(77, 77, 2),
(78, 34, 0),
(78, 78, 1),
(79, 34, 0),
(79, 79, 1),
(80, 34, 0),
(80, 80, 1),
(81, 34, 0),
(81, 81, 1),
(82, 34, 0),
(82, 82, 1),
(83, 34, 0),
(83, 83, 1),
(84, 34, 0),
(84, 78, 1),
(84, 84, 2),
(85, 34, 0),
(85, 78, 1),
(85, 85, 2),
(86, 34, 0),
(86, 78, 1),
(86, 86, 2),
(87, 34, 0),
(87, 79, 1),
(87, 87, 2),
(88, 34, 0),
(88, 79, 1),
(88, 88, 2),
(89, 34, 0),
(89, 79, 1),
(89, 89, 2),
(90, 34, 0),
(90, 80, 1),
(90, 90, 2),
(91, 34, 0),
(91, 80, 1),
(91, 91, 2),
(92, 34, 0),
(92, 80, 1),
(92, 92, 2),
(93, 34, 0),
(93, 80, 1),
(93, 93, 2),
(94, 34, 0),
(94, 80, 1),
(94, 94, 2),
(95, 34, 0),
(95, 81, 1),
(95, 95, 2),
(96, 34, 0),
(96, 81, 1),
(96, 96, 2),
(97, 34, 0),
(97, 81, 1),
(97, 97, 2),
(98, 34, 0),
(98, 81, 1),
(98, 98, 2),
(99, 34, 0),
(99, 82, 1),
(99, 99, 2),
(100, 34, 0),
(100, 82, 1),
(100, 100, 2),
(101, 34, 0),
(101, 82, 1),
(101, 101, 2),
(102, 34, 0),
(102, 82, 1),
(102, 102, 2),
(103, 34, 0),
(103, 82, 1),
(103, 103, 2),
(104, 34, 0),
(104, 83, 1),
(104, 104, 2),
(105, 34, 0),
(105, 83, 1),
(105, 105, 2),
(106, 34, 0),
(106, 83, 1),
(106, 106, 2),
(107, 34, 0),
(107, 83, 1),
(107, 107, 2),
(108, 34, 0),
(108, 83, 1),
(108, 108, 2),
(109, 35, 0),
(109, 109, 1),
(110, 35, 0),
(110, 110, 1),
(111, 35, 0),
(111, 111, 1),
(112, 35, 0),
(112, 109, 1),
(112, 112, 2),
(113, 35, 0),
(113, 109, 1),
(113, 113, 2),
(114, 35, 0),
(114, 109, 1),
(114, 114, 2),
(115, 35, 0),
(115, 109, 1),
(115, 115, 2),
(116, 35, 0),
(116, 110, 1),
(116, 116, 2),
(117, 35, 0),
(117, 110, 1),
(117, 117, 2),
(118, 35, 0),
(118, 110, 1),
(118, 118, 2),
(119, 35, 0),
(119, 111, 1),
(119, 119, 2),
(120, 35, 0),
(120, 111, 1),
(120, 120, 2),
(20, 20, 0),
(19, 19, 0),
(18, 18, 0),
(17, 17, 0),
(14, 14, 0),
(12, 12, 0),
(21, 21, 0),
(22, 22, 0),
(23, 23, 0),
(24, 24, 0),
(25, 25, 0),
(26, 26, 0),
(27, 27, 0),
(28, 23, 0),
(28, 28, 1),
(29, 23, 0),
(29, 29, 1),
(30, 23, 0),
(30, 28, 1),
(30, 30, 2),
(31, 23, 0),
(31, 28, 1),
(31, 31, 2);

-- oc_category_to_store PRIMARY KEY (`category_id`,`store_id`)
INSERT IGNORE INTO `oc_category_to_store` (`category_id`, `store_id`) VALUES
(12, 0),
(14, 0),
(17, 0),
(18, 0),
(19, 0),
(20, 0),
(21, 0),
(22, 0),
(23, 0),
(24, 0),
(25, 0),
(26, 0),
(27, 0),
(28, 0),
(29, 0),
(30, 0),
(31, 0),
(32, 0),
(33, 0),
(34, 0),
(35, 0),
(36, 0),
(37, 0),
(38, 0),
(39, 0),
(40, 0),
(41, 0),
(42, 0),
(43, 0),
(44, 0),
(45, 0),
(46, 0),
(47, 0),
(48, 0),
(49, 0),
(50, 0),
(51, 0),
(52, 0),
(53, 0),
(54, 0),
(55, 0),
(56, 0),
(57, 0),
(58, 0),
(59, 0),
(60, 0),
(61, 0),
(62, 0),
(63, 0),
(64, 0),
(65, 0),
(66, 0),
(67, 0),
(68, 0),
(69, 0),
(70, 0),
(71, 0),
(72, 0),
(73, 0),
(74, 0),
(75, 0),
(76, 0),
(77, 0),
(78, 0),
(79, 0),
(80, 0),
(81, 0),
(82, 0),
(83, 0),
(84, 0),
(85, 0),
(86, 0),
(87, 0),
(88, 0),
(89, 0),
(90, 0),
(91, 0),
(92, 0),
(93, 0),
(94, 0),
(95, 0),
(96, 0),
(97, 0),
(98, 0),
(99, 0),
(100, 0),
(101, 0),
(102, 0),
(103, 0),
(104, 0),
(105, 0),
(106, 0),
(107, 0),
(108, 0),
(109, 0),
(110, 0),
(111, 0),
(112, 0),
(113, 0),
(114, 0),
(115, 0),
(116, 0),
(117, 0),
(118, 0),
(119, 0),
(120, 0);