-- oc_product PRIMARY KEY (`product_id`)
-- delete first
INSERT IGNORE INTO `oc_product` (`product_id`, `model`, `sku`, `common_barcode`, `common_sku`, `common_compare_price`, `common_price`, `common_cost_price`, `barcode`, `upc`, `ean`, `jan`, `isbn`, `mpn`, `location`, `quantity`, `sale_on_out_of_stock`, `stock_status_id`, `image`, `image_alt`, `multi_versions`, `manufacturer_id`, `shipping`, `price`, `price_currency_id`, `compare_price`, `c_price_currency_id`, `points`, `tax_class_id`, `date_available`, `weight`, `weight_class_id`, `length`, `width`, `height`, `length_class_id`, `subtract`, `minimum`, `sort_order`, `status`, `channel`, `viewed`, `demo`, `deleted`, `default_store_id`, `user_create_id`, `date_added`, `date_modified`) VALUES
(132, '', '', '', '', '0.0000', '0.0000', '0.0000', '', '', '', '', '', '', '', 0, 1, 0, 'https://cdn.bestme.asia/images/x2/3_LFKVSBd.png', '', 0, 0, 1, '0.0000', 1, '170000.0000', 1, 0, 0, '0000-00-00', '100.00000000', 1, '0.00000000', '0.00000000', '0.00000000', 0, 1, 1, 0, 0, 2, 0, 1, NULL, 0, 1, '2020-08-13 11:06:40', '2020-08-13 11:06:40'),
(133, '', '', '', '', '0.0000', '0.0000', '0.0000', '', '', '', '', '', '', '', 0, 1, 0, 'https://cdn.bestme.asia/images/x2/10_M2VjwoR.png', '', 0, 0, 1, '0.0000', 1, '190000.0000', 1, 0, 0, '0000-00-00', '100.00000000', 1, '0.00000000', '0.00000000', '0.00000000', 0, 1, 1, 0, 1, 2, 0, 1, NULL, 0, 1, '2020-08-13 11:07:41', '2020-08-13 11:07:41'),
(134, '', '', '', '', '0.0000', '0.0000', '0.0000', '', '', '', '', '', '', '', 0, 1, 0, 'https://cdn.bestme.asia/images/x2/5_X5OTjmT.png', '', 0, 0, 1, '0.0000', 1, '51000.0000', 1, 0, 0, '0000-00-00', '0.00000000', 1, '0.00000000', '0.00000000', '0.00000000', 0, 1, 1, 0, 0, 2, 0, 1, NULL, 0, 1, '2020-08-13 11:08:23', '2020-08-13 11:08:23'),
(135, '', '', '', '', '0.0000', '0.0000', '0.0000', '', '', '', '', '', '', '', 0, 1, 0, 'https://cdn.bestme.asia/images/x2/2_7UWTQUg.png', '', 0, 0, 1, '0.0000', 1, '495000.0000', 1, 0, 0, '0000-00-00', '0.00000000', 1, '0.00000000', '0.00000000', '0.00000000', 0, 1, 1, 0, 1, 0, 0, 1, NULL, 0, 1, '2020-08-13 11:09:19', '2020-08-13 11:09:19'),
(136, '', '', '', '', '0.0000', '0.0000', '0.0000', '', '', '', '', '', '', '', 0, 1, 0, 'https://cdn.bestme.asia/images/x2/11.png', '', 0, 0, 1, '0.0000', 1, '145000.0000', 1, 0, 0, '0000-00-00', '0.00000000', 1, '0.00000000', '0.00000000', '0.00000000', 0, 1, 1, 0, 1, 2, 0, 1, NULL, 0, 1, '2020-08-13 11:10:14', '2020-08-13 11:10:14'),
(137, '', '', '', '', '0.0000', '0.0000', '0.0000', '', '', '', '', '', '', '', 0, 1, 0, 'https://cdn.bestme.asia/images/x2/9.png', '', 0, 0, 1, '0.0000', 1, '300000.0000', 1, 0, 0, '0000-00-00', '0.00000000', 1, '0.00000000', '0.00000000', '0.00000000', 0, 1, 1, 0, 1, 0, 0, 1, NULL, 0, 1, '2020-08-13 11:11:12', '2020-08-13 11:11:12'),
(138, '', '', '', '', '0.0000', '0.0000', '0.0000', '', '', '', '', '', '', '', 0, 1, 0, 'https://cdn.bestme.asia/images/x2/8_79dKFN0.png', '', 0, 0, 1, '0.0000', 1, '262000.0000', 1, 0, 0, '0000-00-00', '0.00000000', 1, '0.00000000', '0.00000000', '0.00000000', 0, 1, 1, 0, 1, 2, 0, 1, NULL, 0, 1, '2020-08-13 11:12:13', '2020-08-13 11:12:13'),
(139, '', '', '', '', '0.0000', '0.0000', '0.0000', '', '', '', '', '', '', '', 0, 1, 0, 'https://cdn.bestme.asia/images/x2/12_33t46gY.png', '', 0, 0, 1, '0.0000', 1, '1890000.0000', 1, 0, 0, '0000-00-00', '0.00000000', 1, '0.00000000', '0.00000000', '0.00000000', 0, 1, 1, 0, 1, 2, 0, 1, NULL, 0, 1, '2020-08-13 11:13:34', '2020-08-13 11:13:34'),
(140, '', '', '', '', '0.0000', '0.0000', '0.0000', '', '', '', '', '', '', '', 0, 1, 0, 'https://cdn.bestme.asia/images/x2/6_vFAPZ2Y.png', '', 0, 0, 1, '0.0000', 1, '1150000.0000', 1, 0, 0, '0000-00-00', '0.00000000', 1, '0.00000000', '0.00000000', '0.00000000', 0, 1, 1, 0, 1, 2, 0, 1, NULL, 0, 1, '2020-08-13 11:14:53', '2020-08-13 11:14:53'),
(141, '', '', '', '', '0.0000', '0.0000', '0.0000', '', '', '', '', '', '', '', 0, 1, 0, 'https://cdn.bestme.asia/images/x2/7_y3W9cfe.png', '', 0, 0, 1, '0.0000', 1, '589000.0000', 1, 0, 0, '0000-00-00', '0.00000000', 1, '0.00000000', '0.00000000', '0.00000000', 0, 1, 1, 0, 1, 2, 0, 1, NULL, 0, 1, '2020-08-13 11:15:59', '2020-08-13 11:15:59'),
(142, '', '', '', '', '0.0000', '0.0000', '0.0000', '', '', '', '', '', '', '', 0, 1, 0, 'https://cdn.bestme.asia/images/x2/4_GShaDJt.png', '', 0, 0, 1, '0.0000', 1, '379000.0000', 1, 0, 0, '0000-00-00', '0.00000000', 1, '0.00000000', '0.00000000', '0.00000000', 0, 1, 1, 0, 1, 0, 0, 1, NULL, 0, 1, '2020-08-13 11:16:43', '2020-08-13 11:16:43'),
(143, '', '', '', '', '0.0000', '0.0000', '0.0000', '', '', '', '', '', '', '', 0, 1, 0, 'https://cdn.bestme.asia/images/x2/1_3LfwZpX.png', '', 0, 0, 1, '0.0000', 1, '285000.0000', 1, 0, 0, '0000-00-00', '0.00000000', 1, '0.00000000', '0.00000000', '0.00000000', 0, 1, 1, 0, 1, 2, 0, 1, NULL, 0, 1, '2020-08-13 11:17:53', '2020-08-13 11:17:53');

-- restore soft-deleted products if demo
UPDATE `oc_product` SET `deleted` = NULL
WHERE `demo` = 1
  AND `product_id` IN (
      132,
      133,
      134,
      135,
      136,
      137,
      138,
      139,
      140,
      141,
      142,
      143
  );

-- oc_product_collection PRIMARY KEY (`product_collection_id`)
INSERT IGNORE INTO `oc_product_collection` (`product_collection_id`, `product_id`, `collection_id`, `sort_order`) VALUES
(230, 139, 9, 12),
(229, 136, 9, 11),
(228, 133, 9, 10),
(227, 137, 9, 9),
(226, 142, 9, 8),
(225, 141, 9, 7),
(224, 134, 9, 6),
(223, 140, 9, 5),
(222, 132, 9, 4),
(221, 143, 9, 3),
(220, 135, 9, 2),
(219, 138, 9, 1),
(183, 139, 10, 0),
(182, 136, 10, 0),
(181, 133, 10, 0),
(180, 137, 10, 0),
(179, 142, 10, 0),
(178, 141, 10, 0),
(177, 134, 10, 0),
(176, 140, 10, 0),
(175, 132, 10, 0),
(174, 143, 10, 0),
(173, 135, 10, 0),
(172, 138, 10, 0),
(184, 138, 11, 0),
(185, 135, 11, 0),
(186, 143, 11, 0),
(187, 132, 11, 0),
(188, 140, 11, 0),
(189, 134, 11, 0),
(190, 141, 11, 0),
(191, 142, 11, 0),
(192, 137, 11, 0),
(193, 133, 11, 0),
(194, 136, 11, 0),
(195, 139, 11, 0),
(196, 138, 12, 0),
(197, 135, 12, 0),
(198, 143, 12, 0),
(199, 132, 12, 0),
(200, 140, 12, 0),
(201, 134, 12, 0),
(202, 141, 12, 0),
(203, 142, 12, 0),
(204, 137, 12, 0),
(205, 133, 12, 0),
(206, 136, 12, 0),
(207, 139, 12, 0),
(253, 132, 27, 0),
(254, 137, 28, 0),
(259, 132, 34, 0),
(252, 132, 22, 4),
(251, 143, 22, 3),
(250, 135, 22, 2),
(249, 138, 22, 1),
(258, 133, 33, 0),
(257, 139, 32, 0),
(256, 138, 30, 0),
(255, 143, 29, 0);

-- oc_product_description PRIMARY KEY (`product_id`,`language_id`)
INSERT IGNORE INTO `oc_product_description` (`product_id`, `language_id`, `name`, `description`, `sub_description`, `seo_title`, `seo_description`, `tag`, `meta_title`, `meta_description`, `meta_keyword`) VALUES
(132, 2, 'Cốt Nghệ Bảo Nhiên 330ml', '&lt;p&gt;Cốt nghệ Bảo Nhiên là sự kết hợp tinh tế giữa rượu, nghệ đủ tuổi cùng các loại thảo dược khác. Bằng phương pháp hạ thổ 3 tháng 10 ngày, khi thoa lên khắp cơ thể, cốt nghệ hạ thổ giúp quá trình tái tạo da diễn ra nhanh, xóa mờ các vết sạm đen, giúp da trắng sáng, mịn màng, căng bóng.&lt;/p&gt;\r\n\r\n&lt;p&gt;&lt;br /&gt;\r\nThành phần của Cốt nghệ Bảo Nhiên.&lt;/p&gt;\r\n\r\n&lt;p&gt;Rượu gạo 45 độ : Làm chất dẫn chiết xuất dịch chiết thảo dược. Khi ngâm rượu thông thường dùng rượu trắng 45-50 độ, rượu trắng với nồng độ này đủ để giết chết vi sinh vật tồn tại trong thảo dược.&lt;/p&gt;\r\n\r\n&lt;p&gt;Nghệ: Gíup da đàn hồi tốt và lưu thông khí huyết, mờ thâm, làm trắng da hiệu quả.&lt;/p&gt;\r\n\r\n&lt;p&gt;Bạch chỉ: Vị cay, tính ấm, kháng khuẩn, sáng da.&lt;/p&gt;\r\n\r\n&lt;p&gt;Bạch phục linh: Mờ thâm rạn dưỡng da trắng mềm giữ ẩm.&lt;/p&gt;\r\n\r\n&lt;p&gt;Hồng hoa: Thanh nhiệt tiêu viêm, hoạt huyết hoá ứ, làm cho da trắng mềm và ẩm, làm chậm quá trình lão hoá da và phòng chống các vết nhăn.&lt;/p&gt;\r\n\r\n&lt;p&gt;Kim ngân: Làm mát da, làm dịu kích ứng da .&lt;/p&gt;\r\n\r\n&lt;p&gt;Đương quy: làm mềm và trắng da, phòng chống các vết nhăn trên da mặt.&lt;/p&gt;', '', '', '', '', '', '', ''),
(133, 2, 'Trà Thảo Dược Hòa Tan Tăng Tiết Sữa Humana Still 200g', '&lt;p&gt;Trà Thảo Dược Hòa Tan Tăng Tiết Sữa Humana 200g là thức uống dinh dưỡng rất ngon miệng dạng cốm được đặc chế từ hỗn hợp thảo dược chọn lọc đã được chứng minh có tác dụng thúc đẩy việc tăng tiết sữa mẹ.&lt;br /&gt;\r\nKích thước bao bì (dài x rộng x cao, cm): 8 x 8 x 14&lt;br /&gt;\r\n-  Khối lượng bao bì (kg): 0.275&lt;br /&gt;\r\n-  Thành phần: Sucrose, Maltodextrin, chiết xuất từ dâm bụt, thì là, rooibos, cỏ roi ngựa, mâm xôi, cỏ cà ri, cửu lý hương, vitamin C, dầu thì là.&lt;br /&gt;\r\n-  Độ tuổi sử dụng: Dành cho mẹ sau khi sanh&lt;br /&gt;\r\n-  Nơi sản xuất: Đức&lt;/p&gt;', '', '', '', '', '', '', ''),
(134, 2, 'Lá xông thảo dược sau sinh Cung Đình', '&lt;p&gt;Lá xông thảo dược Cung Đình với hơn 10 loại thảo dược Cung Đình như bạc hà, kinh giới, tía tô, hoắc hương, vòi voi, long não là sản phẩm tuyệt vời không chỉ giúp cơ thể đào thải chất độc, lấy lại sức đề kháng tốt, mà còn là phương pháp thư giãn tuyệt vời giúp tinh thần minh mẫn hơn.&lt;br /&gt;\r\nPhương pháp xông hơi giúp giãn nở mạch máu dưới da, kích thích lưu thông khí huyết và làm thông thoáng lỗ chân lông, tạo điều kiện cho các tế bào da được hoạt động. Tinh dầu từ 10 loại thảo dược trong sản phẩm có tác dụng đặc biệt hiệu quả trong việc thúc đẩy đào thải độc tố ra khỏi cơ thể theo đường mồ hôi, khiến cho người sử dụng cảm thấy nhẹ nhàng, hết mệt mỏi và đau nhức. Đặc biệt, xông hơi là cách phù hợp để giúp vùng kín co khít lại, giúp giảm đau nhức, kháng khuẩn, chống viêm.&lt;br /&gt;\r\nKích thước bao bì (dài x rộng x cao, cm): 23 x 15 x 7&lt;br /&gt;\r\n-  Khối lượng bao bì (kg): 0.3&lt;br /&gt;\r\n-  Thành phần: Bạc hà, kinh giới, tía tô, hoắc hương, vòi voi, long não...&lt;br /&gt;\r\n-  Xuất xứ thương hiệu: Việt Nam &lt;br /&gt;\r\n-  Nơi sản xuất: Việt Nam &lt;/p&gt;', '', '', '', '', '', '', ''),
(135, 2, 'Bình sữa Avent Natural nhựa PP 260ml set 2', '&lt;p&gt;Bình sữa Avent nhựa 260ml set 3 truyền thống đã được chứng minh giảm đáng kể sự la hét khoảng 28 phút mỗi ngày so với bình sữa so sánh mẫu (46 phút so với 74 phút, p=0,05). Điều này đặc biệt đúng trong khoảng thời gian về đêm. Bình sữa Avent nhựa 260ml set 3 làm từ vật liệu PP không chứa BPA có độ bền cao, dễ làm sạch và tuyệt đối an toàn cho bé. &lt;br /&gt;\r\nTÍNH NĂNG NỔI BẬT&lt;br /&gt;\r\n• Bình sữa Avent nhựa 260ml set 3 có thiết kế màu trắng nhã nhặn, bình cổ rộng, núm ty thế hệ mới siêu mềm giúp bé dễ dàng chuyển từ bú Mẹ sang bú bình. Với thiết kế mới các Mẹ có thể kết hợp cho bé vừa bú Mẹ vừa bú bình mà không gặp bất kì trở ngại nào.&lt;br /&gt;\r\n• Hệ thống van chống sặc kép nằm trên núm ty đơn giản nhưng vô cùng hiệu quả, đảm bảo cho bé không bị đầy hơi , đau bụng và chống sặc.&lt;br /&gt;\r\n• Thiết kế đặc biệt giúp bé dễ dàng tự cầm bình bú, dễ dàng vệ sinh, tiệt trùng.&lt;br /&gt;\r\n  -  Kích thước bao bì (dài x rộng x cao, cm): 16 x 9 x 18&lt;br /&gt;\r\n-  Khối lượng bao bì (kg): 0.22&lt;br /&gt;\r\n-  Chất liệu: Nhựa Polypropylen (PP), núm silicone&lt;br /&gt;\r\n-  Dung tích: 260ml&lt;br /&gt;\r\n-  Số lượng: 3 bình&lt;br /&gt;\r\n-  Xuất xứ thương hiệu: Anh&lt;br /&gt;\r\n-  Nơi sản xuất: Indonesia&lt;/p&gt;', '', '', '', '', '', '', ''),
(136, 2, 'Ty thay bình Nuk silicone đôi 2L', '&lt;p&gt;Ty thay bình Nuk silicone đôi 2L với thiết kế mềm mại, êm ái nên tạo cảm giác tự nhiên và thoải mái, không ảnh hưởng đến sự phát triển của răng và lợi. Núm ty Nuk được làm từ chất liệu không gây hại, đảm bảo an toàn khi cho bé sử dụng, đồng thời còn góp phần quan trọng vào sự phát triển răng nướu của bé trong tương lai. Đặc biệt van chống sặc trên núm giúp trẻ ổn định lượng sữa khi bú và tránh nuốt phải không khí gây đầy hơi khó chịu cho trẻ.&lt;br /&gt;\r\nTÍNH NĂNG NỔI BẬT&lt;br /&gt;\r\n•Ty thay bình Nuk silicone đôi 2L với chất liệu cao su siêu mềm, an toàn tuyệt đối cho trẻ khi sử dụng.&lt;br /&gt;\r\n• Ty được thiết kế đầu dẹt, phun tia sữa hướng lên trên giúp cho bé hạn chế bi sặc.&lt;br /&gt;\r\n• Sản phẩm với hình dáng giống ty mẹ, giúp bé chuyển từ ty mẹ sang ty bình dễ dàng.&lt;br /&gt;\r\n• Van thông khí giúp bé không nuốt nhiều không khí trong khi bú, tránh tinh trạng đầy hơi, đau bụng.&lt;br /&gt;\r\n• Núm ty có nhiều size khác nhau cho từng độ tuổi khác nhau.&lt;br /&gt;\r\n• Bảo quản nơi khô thoáng, tránh ánh nắng mặt trời.&lt;br /&gt;\r\n  -  Kích thước bao bì (dài x rộng x cao, cm): 4 x 10 x 17&lt;br /&gt;\r\n-  Khối lượng bao bì (kg): 0.1&lt;br /&gt;\r\n-  Chất liệu: Silicone cao cấp&lt;br /&gt;\r\n-  Số lượng:  2 cái / 1 hộp&lt;br /&gt;\r\n-  Cỡ ty: &lt;br /&gt;\r\n             + 1L: cho trẻ từ 0 - 6 tháng (Lỗ tiết sữa lớn)&lt;br /&gt;\r\n             + 2L: cho trẻ từ 6 - 18 tháng (Lỗ tiết sữa lớn)&lt;br /&gt;\r\n-  Xuất xứ thương hiệu: Đức&lt;br /&gt;\r\n-  Nơi sản xuất: Đức&lt;/p&gt;', '', '', '', '', '', '', ''),
(137, 2, 'Tã quần cao cấp Goldpants M64 (7-12kg)', '&lt;p&gt;Tã quần cao cấp Goldpants M64 (7-12kg) là thương hiệu phổ biến tại các nước Đông Nam Á như Thái Lan, Singapore, Malaysia và Indonesia.&lt;br /&gt;\r\n- Thiết kế vòng mềm mại cùng miếng dán chắc chắn; lưng tã co giãn linh hoạt, cho bé luôn thoải mái vận động.&lt;br /&gt;\r\n- Sự kết hợp hoàn hảo của vách ngăn chống nước, ngăn chặn khả năng tràn chất lỏng từ chân bé ra bên ngoài và lớp thoát khí từ trong ra ngoài, giúp giảm thiểu khả năng ứ đọng chất lỏng, gây ẩm ướt cho bé.&lt;br /&gt;\r\n- Khả năng thấm hút nhân đôi với công nghệ Lock &amp; Dry và 2 lớp thấm hút cho cả ngày và đêm; bề mặt tiếp xúc mềm mại được thiết kế đặc biệt cho làn da nhạy cảm của bé, cùng màng đáy thoáng khí, giúp bé luôn khô thoáng, an toàn cho làn da nhạy cảm của bé, chống hăm và dị ứng.&lt;br /&gt;\r\n- Tã quần BabyLove Premium Gold - dòng tã quần cao cấp với nhiều tính năng vượt trội, cho bé năng động, vui đùa cả ngày, mẹ yên tâm hơn.&lt;br /&gt;\r\n  -  Kích thước bao bì (dài x rộng x cao, cm): 44 x 12 x 37&lt;br /&gt;\r\n-  Khối lượng bao bì (kg): 2.4&lt;br /&gt;\r\n-  Kích cỡ: M: cho trẻ 7-12 kg.&lt;br /&gt;\r\n-  Đóng gói: 64 miếng.&lt;br /&gt;\r\n-  Nơi sản xuất: Thái Lan&lt;/p&gt;', '', '', '', '', '', '', ''),
(138, 2, 'Bỉm Huggies dán đại M76', '&lt;p&gt;-  Kích thước bao bì (dài x rộng x cao, cm): 40 x 34 x 8&lt;br /&gt;\r\n-  Khối lượng bao bì (kg): 1.98&lt;br /&gt;\r\n-  Kích cỡ: M: 5 - 10 kg.&lt;br /&gt;\r\n-  Đóng gói: 74 miếng.&lt;br /&gt;\r\n-  Nơi sản xuất: Việt Nam.&lt;br /&gt;\r\n Bỉm Huggies dán đại M74 với hương thơm nhẹ nhàng, dễ chịu, cho bé luôn thớm mát suốt cả ngày khi mặt tả. Với độ lưu hương lâu trong thời gian dài giúp khử mùi hôi từ nước tiểu của bé.&lt;/p&gt;', '', '', '', '', '', '', ''),
(139, 2, 'Xe đẩy 2 chiều CD-S570R màu xanh ghi và xám', '&lt;p&gt;Xe đẩy 2 chiều CD-S570R màu xanh ghi và xám dưới đây sẽ là sự lựa chọn tuyệt vời cho bố mẹ và yêu trong mỗi lần đi dạo phố hoặc đi dã ngoại dài ngày. Sản phẩm với thiết kế thông minh  đẩy 2 chiều, Có thể điều chỉnh nệm nằm ở nhiều vị trí phù hợp với mục đích sử dụng dễ dàng tạo nên nhiều tư thế ngả lưng cho bé cùng đệm ngồi được làm từ chất liệu vải cao cấp, đảm bảo độ thông thoáng và dễ chịu, êm ái, mang tới cho bé yêu cảm giác thoải mái như đang được ôm ấp trong vòng tay của mẹ. Đặc biệt, xe dễ dàng gập gọn.&lt;br /&gt;\r\n- Xe thiết kế cải tiến cao cấp tiện lợi cho bố mẹ&lt;/p&gt;\r\n\r\n&lt;p&gt;- Dễ dàng xếp gọn tiện lợi và thoải mái&lt;/p&gt;\r\n\r\n&lt;p&gt;- Thiết kế khung xe hiện đại được làm từ nhôm chất lượng cao.&lt;/p&gt;\r\n\r\n&lt;p&gt;- Thiết kế tân tiến, tăng cảm giác thoải mái cho bé.&lt;/p&gt;\r\n\r\n&lt;p&gt;- Phần tựa lưng có thể điều chỉnh nhiều vị trí ngồi, nằm kết hợp cùng đệm lưng, đệm ngồi êm ái giúp bé cảm thấy thoải mái khi di chuyển.&lt;/p&gt;\r\n\r\n&lt;p&gt;- Dây đai an toàn  bảo vệ bé tốt hơn và dễ dàng điều chỉnh để phù hợp với từng giai đoạn phát triển của bé.&lt;/p&gt;\r\n\r\n&lt;p&gt;- Phần đệm chân dễ dàng điều chỉnh nhằm hỗ trợ tư thế tốt nhất cho bé, mang lại cảm giác thoải mái tối đa&lt;/p&gt;\r\n\r\n&lt;p&gt;Hệ thống bánh xe an toàn, linh hoạt:&lt;/p&gt;\r\n\r\n&lt;p&gt;- Bánh xe sau có hệ thống phanh liên kết và giảm xóc đảm bảo xe được cố định chắc chắn.&lt;/p&gt;\r\n\r\n&lt;p&gt;- Khi gấp gọn xe sẽ có nút gài gọn gàng cố định xe.&lt;/p&gt;\r\n\r\n&lt;p&gt;- Xe đẩy 2 chiều.&lt;/p&gt;', '', '', '', '', '', '', ''),
(140, 2, 'Ghế gỗ cao cấp cho bé (màu gỗ) Autoru - AUHC01', '&lt;p&gt;Ghế gỗ cao cấp Autoru được làm từ gỗ tự nhiên nguyên khối nhập khẩu, đảm bảo an toàn chất lượng cũng như chịu lực tốt và không gây kích ứng với da của bé khi tiếp xúc mỗi ngày.&lt;br /&gt;\r\nThiết kế vững chắc, an toàn cho bé&lt;/p&gt;\r\n\r\n&lt;p&gt;Ghế ăn Autoru có thiết kế chắc chắn, chống đổ ngã kết hợp cùng dây an toàn giữ an toàn cho bé khi ngồi ăn. Đặc biệt, ghế ăn còn có thể chỉnh được 4 độ cao khác nhau để bé có thể ngồi ăn cùng bàn với cả nhà. &lt;br /&gt;\r\nTên sản phẩm: Ghế gỗ cao cấp cho bé (màu gỗ) Autoru - AUHC01&lt;/p&gt;\r\n\r\n&lt;p&gt;Thương hiệu: Autoru (Việt Nam)&lt;/p&gt;\r\n\r\n&lt;p&gt;Sản xuất tại: Việt Nam&lt;/p&gt;\r\n\r\n&lt;p&gt;Chất liệu: Gỗ tự nhiên&lt;/p&gt;\r\n\r\n&lt;p&gt;Màu sắc: Màu gỗ tự nhiên&lt;/p&gt;', '', '', '', '', '', '', ''),
(141, 2, 'Sữa bột Abbott PediaSure B/A Hương Vani, 1-10 tuổi, 850g', '&lt;p&gt;Thương hiệu    ABBOTT&lt;br /&gt;\r\nXuất xứ sản phẩm    Singapore&lt;br /&gt;\r\nTrọng lượng sản phẩm (kg)    0.85&lt;br /&gt;\r\nĐộ tuổi phù hợp :Cho trẻ từ 1-10 tuổi&lt;br /&gt;\r\nHướng dẫn sử dụng    &lt;br /&gt;\r\n- Để có 225 ml PediaSure BA pha chuẩn, cho 190ml nước chín để nguội (≤ 37 độ C) vào ly.&lt;br /&gt;\r\n- Vừa cho từ từ 5 muỗng gạt ngang bột PediaSure BA (muỗng có sẵn trong hộp) vừa khuấy cho tan đều.&lt;br /&gt;\r\n- Khi pha đúng theo hướng dẫn, 1ml PediaSure BA cung cấp 1 kcal hoặc 4.18 KJ.&lt;br /&gt;\r\n- Sữa vừa pha dùng ngay hay đậy kín, cho vào tủ lạnh và dùng trong vòng 24 giờ.&lt;br /&gt;\r\n- Để bổ sung dinh dưỡng: 2 ly/ngày (trẻ 1 - 8 tuổi), 2-3 ly/ngày (trẻ 9 - 10 tuổi) hoặc theo hướng dẫn của chuyên viên dinh dưỡng.&lt;br /&gt;\r\n- Không dùng lò vi sóng để hâm nóng sữa.&lt;/p&gt;\r\n\r\n&lt;p&gt;Hướng dẫn bảo quản    &lt;br /&gt;\r\nBảo quản nơi khô ráo, hộp đã mở sử dụng trong vòng 3 tuần&lt;/p&gt;', '', '', '', '', '', '', ''),
(142, 2, 'Sữa bột Nestle NAN Optipro 1, 800g_HMO', '&lt;p&gt;Thương hiệu    Nestle NAN&lt;br /&gt;\r\nXuất xứ thương hiệu    Thụy Sĩ&lt;br /&gt;\r\nXuất xứ sản phẩm    &lt;br /&gt;\r\n- Sản xuất và đóng gói tại Nestlé Thụy Sỹ, Châu Âu.&lt;br /&gt;\r\n- Nhập khẩu chính hãng bởi Nestlé Việt Nam.&lt;/p&gt;\r\n\r\n&lt;p&gt;Trọng lượng sản phẩm (kg)    0,8&lt;br /&gt;\r\nĐộ tuổi phù hợp    Cho trẻ từ 0-6 tháng tuổi&lt;br /&gt;\r\nHướng dẫn sử dụng    &lt;br /&gt;\r\n- Rửa tay sạch trước khi pha NAN Optipro 1, HM-O cho trẻ.&lt;br /&gt;\r\n- Rửa cốc và nắp đậy cho đến khi không còn bợn bẩn.&lt;br /&gt;\r\n- Đun sôi cốc và nắp đậy trong 5 phút. Đậy kín cho đến khi sử dụng.&lt;br /&gt;\r\n- Đun sôi nước uống trong 5 phút, để nguội bớt.&lt;br /&gt;\r\n- Tham khảo bảng hướng dẫn cách pha, rót chính xác lượng nước ấm cần dùng vào cốc đã được luộc.&lt;br /&gt;\r\n- Chỉ dùng muỗng lường trong hộp và gạt ngang muỗng lường vào mép/ gờ của thành hộp.&lt;br /&gt;\r\n- Tham khảo bảng hướng dẫn cách pha, thêm chính xác số lượng muỗng lường ( gạt ngang) tương ứng với độ tuổi của trẻ.&lt;br /&gt;\r\n- Sau khi dùng đặt muỗng lường trên giá treo bên trong hộp.&lt;br /&gt;\r\n- Đậy nắp và lắc hoặc khuấy cho đều đến khi bột được hòa tan hoàn toàn và cho trẻ uống liền.&lt;/p&gt;\r\n\r\n&lt;p&gt;Hướng dẫn bảo quản    &lt;br /&gt;\r\n- Đậy kín nặp hộp sau mỗi lần sử dụng.&lt;br /&gt;\r\n- Bảo quản nơi khô ráo.&lt;br /&gt;\r\n- Nên sử dụng trong vòng 3 tuần sau khi mở hộp.&lt;/p&gt;', '', '', '', '', '', '', ''),
(143, 2, 'Bình đựng thức ăn hút chân không Elmich EL6844, 500ml', '&lt;p&gt;&lt;img src=&quot;https://res.cloudinary.com/novaonx2/image/upload/v1597292258/27366/mo-ta-san-pham.jpg&quot; style=&quot;max-width: 100%;&quot; /&gt;&lt;/p&gt;', '', '', '', '', '', '', '');

-- oc_product_image PRIMARY KEY (`product_image_id`)
-- INSERT IGNORE INTO `oc_product_image` (`product_image_id`, `product_id`, `image`, `image_alt`, `sort_order`) VALUES
-- nothing

-- oc_product_to_category PRIMARY KEY (`product_id`,`category_id`)
INSERT IGNORE INTO `oc_product_to_category` (`product_id`, `category_id`) VALUES
(132, 32),
(133, 32),
(134, 32),
(135, 33),
(136, 33),
(137, 33),
(138, 33),
(139, 33),
(140, 33),
(141, 33),
(142, 33),
(143, 33);

-- oc_product_to_store PRIMARY KEY (`product_id`,`store_id`)
INSERT IGNORE INTO `oc_product_to_store` (`product_id`, `store_id`, `product_version_id`, `quantity`, `cost_price`) VALUES
(141, 0, 0, 0, '0.0000'),
(140, 0, 0, 0, '0.0000'),
(139, 0, 0, 0, '0.0000'),
(138, 0, 0, 0, '0.0000'),
(137, 0, 0, 0, '0.0000'),
(136, 0, 0, 0, '0.0000'),
(135, 0, 0, 0, '0.0000'),
(134, 0, 0, 0, '0.0000'),
(133, 0, 0, 0, '0.0000'),
(132, 0, 0, 0, '0.0000'),
(142, 0, 0, 0, '0.0000'),
(143, 0, 0, 0, '0.0000');