-- oc_product PRIMARY KEY (`product_id`)
-- delete first
INSERT IGNORE INTO `oc_product` (`product_id`, `model`, `sku`, `common_barcode`, `common_sku`, `common_compare_price`, `common_price`, `common_cost_price`, `barcode`, `upc`, `ean`, `jan`, `isbn`, `mpn`, `location`, `quantity`, `sale_on_out_of_stock`, `stock_status_id`, `image`, `image_alt`, `multi_versions`, `manufacturer_id`, `shipping`, `price`, `price_currency_id`, `compare_price`, `c_price_currency_id`, `points`, `tax_class_id`, `date_available`, `weight`, `weight_class_id`, `length`, `width`, `height`, `length_class_id`, `subtract`, `minimum`, `sort_order`, `status`, `channel`, `viewed`, `demo`, `deleted`, `default_store_id`, `user_create_id`, `date_added`, `date_modified`) VALUES
(156, '', '', '', '', '0.0000', '0.0000', '0.0000', '', '', '', '', '', '', '', 0, 0, 0, 'https://2.pik.vn/2020eaf1d324-e7e3-49bb-9b9e-7135553a3d53.png', '', 0, 26, 1, '10999000.0000', 1, '11999000.0000', 1, 0, 0, '0000-00-00', '100.00000000', 1, '0.00000000', '0.00000000', '0.00000000', 0, 1, 1, 0, 1, 2, 0, 1, NULL, 0, 1, '2020-12-10 17:13:28', '2020-12-10 17:13:28'),
(155, '', '', '', '', '0.0000', '0.0000', '0.0000', '', '', '', '', '', '', '', 0, 0, 0, 'https://2.pik.vn/202001ef3b2f-8294-4ecb-b580-fd3b835414c3.png', '', 0, 26, 1, '10999000.0000', 1, '11999000.0000', 1, 0, 0, '0000-00-00', '100.00000000', 1, '0.00000000', '0.00000000', '0.00000000', 0, 1, 1, 0, 1, 2, 0, 1, NULL, 0, 1, '2020-12-10 17:13:28', '2020-12-10 17:13:28'),
(154, '', '', '', '', '0.0000', '0.0000', '0.0000', '', '', '', '', '', '', '', 0, 0, 0, 'https://2.pik.vn/2020d40126f9-ee1d-484e-9d1f-d16f1db73dc5.png', '', 0, 26, 1, '10999000.0000', 1, '11999000.0000', 1, 0, 0, '0000-00-00', '100.00000000', 1, '0.00000000', '0.00000000', '0.00000000', 0, 1, 1, 0, 1, 2, 0, 1, NULL, 0, 1, '2020-12-10 17:13:28', '2020-12-10 17:13:28'),
(153, '', '', '', '', '0.0000', '0.0000', '0.0000', '', '', '', '', '', '', '', 0, 0, 0, 'https://2.pik.vn/2020b384e767-9662-49eb-a378-38fab37a9b3a.png', '', 0, 26, 1, '10999000.0000', 1, '11999000.0000', 1, 0, 0, '0000-00-00', '100.00000000', 1, '0.00000000', '0.00000000', '0.00000000', 0, 1, 1, 0, 1, 2, 0, 1, NULL, 0, 1, '2020-12-10 17:13:28', '2020-12-10 17:13:28'),
(151, '', '', '', '', '0.0000', '0.0000', '0.0000', '', '', '', '', '', '', '', 0, 0, 0, 'https://2.pik.vn/2020947fd35a-0738-4a74-bc47-03614a4e5f56.png', '', 0, 26, 1, '10999000.0000', 1, '11999000.0000', 1, 0, 0, '0000-00-00', '100.00000000', 1, '0.00000000', '0.00000000', '0.00000000', 0, 1, 1, 0, 1, 2, 0, 1, NULL, 0, 1, '2020-12-10 17:13:28', '2020-12-10 17:13:28'),
(152, '', '', '', '', '0.0000', '0.0000', '0.0000', '', '', '', '', '', '', '', 0, 0, 0, 'https://2.pik.vn/20203537c375-0fc6-4c5d-b311-0d0d607eaa8e.png', '', 0, 26, 1, '10999000.0000', 1, '11999000.0000', 1, 0, 0, '0000-00-00', '100.00000000', 1, '0.00000000', '0.00000000', '0.00000000', 0, 1, 1, 0, 1, 2, 0, 1, NULL, 0, 1, '2020-12-10 17:13:28', '2020-12-10 17:13:28'),
(150, '', '', '', '', '0.0000', '0.0000', '0.0000', '', '', '', '', '', '', '', 0, 0, 0, 'https://2.pik.vn/202019e338fe-da42-4769-b015-8e47f998bf33.png', '', 0, 26, 1, '10999000.0000', 1, '11999000.0000', 1, 0, 0, '0000-00-00', '100.00000000', 1, '0.00000000', '0.00000000', '0.00000000', 0, 1, 1, 0, 1, 2, 0, 1, NULL, 0, 1, '2020-12-10 17:13:28', '2020-12-10 17:13:28'),
(149, '', '', '', '', '0.0000', '0.0000', '0.0000', '', '', '', '', '', '', '', 0, 0, 0, 'https://2.pik.vn/2020745686c3-c42d-4d2c-98ce-104e070eac0f.png', '', 0, 26, 1, '10999000.0000', 1, '11999000.0000', 1, 0, 0, '0000-00-00', '100.00000000', 1, '0.00000000', '0.00000000', '0.00000000', 0, 1, 1, 0, 1, 2, 0, 1, NULL, 0, 1, '2020-12-10 17:13:28', '2020-12-10 17:13:28'),
(147, '', '', '', '', '0.0000', '0.0000', '0.0000', '', '', '', '', '', '', '', 0, 0, 0, 'https://2.pik.vn/2020947fd35a-0738-4a74-bc47-03614a4e5f56.png', '', 0, 26, 1, '10999000.0000', 1, '11999000.0000', 1, 0, 0, '0000-00-00', '100.00000000', 1, '0.00000000', '0.00000000', '0.00000000', 0, 1, 1, 0, 1, 2, 0, 1, NULL, 0, 1, '2020-12-10 17:13:28', '2020-12-10 17:13:28'),
(148, '', '', '', '', '0.0000', '0.0000', '0.0000', '', '', '', '', '', '', '', 0, 0, 0, 'https://2.pik.vn/20202b5cb9ad-6595-43d5-8928-8061ef0d7b40.png', '', 0, 26, 1, '10999000.0000', 1, '11999000.0000', 1, 0, 0, '0000-00-00', '100.00000000', 1, '0.00000000', '0.00000000', '0.00000000', 0, 1, 1, 0, 1, 2, 0, 1, NULL, 0, 1, '2020-12-10 17:13:28', '2020-12-10 17:13:28'),
(146, '', '', '', '', '0.0000', '0.0000', '0.0000', '', '', '', '', '', '', '', 0, 0, 0, 'https://2.pik.vn/202019e338fe-da42-4769-b015-8e47f998bf33.png', '', 0, 26, 1, '10999000.0000', 1, '11999000.0000', 1, 0, 0, '0000-00-00', '100.00000000', 1, '0.00000000', '0.00000000', '0.00000000', 0, 1, 1, 0, 1, 2, 0, 1, NULL, 0, 1, '2020-12-10 17:13:28', '2020-12-10 17:13:28'),
(145, '', '', '', '', '0.0000', '0.0000', '0.0000', '', '', '', '', '', '', '', 0, 0, 0, 'https://2.pik.vn/20207b245dd2-575b-4d92-9731-5187e7fcd031.png', '', 0, 26, 1, '10999000.0000', 1, '11999000.0000', 1, 0, 0, '0000-00-00', '100.00000000', 1, '0.00000000', '0.00000000', '0.00000000', 0, 1, 1, 0, 1, 2, 0, 1, NULL, 0, 1, '2020-12-10 17:13:28', '2020-12-10 17:13:28'),
(144, '', '', '', '', '0.0000', '0.0000', '0.0000', '', '', '', '', '', '', '', 0, 0, 0, 'https://2.pik.vn/20202b5cb9ad-6595-43d5-8928-8061ef0d7b40.png', '', 0, 26, 1, '10999000.0000', 1, '11999000.0000', 1, 0, 0, '0000-00-00', '100.00000000', 1, '0.00000000', '0.00000000', '0.00000000', 0, 1, 1, 0, 1, 2, 0, 1, NULL, 0, 1, '2020-12-10 17:13:27', '2020-12-10 17:13:27'),
(142, '', '', '', '', '0.0000', '0.0000', '0.0000', '', '', '', '', '', '', '', 0, 0, 0, 'https://2.pik.vn/2020eaf1d324-e7e3-49bb-9b9e-7135553a3d53.png', '', 1, 26, 1, '10999000.0000', 1, '11999000.0000', 1, 0, 0, '0000-00-00', '100.00000000', 1, '0.00000000', '0.00000000', '0.00000000', 0, 1, 1, 0, 1, 2, 0, 1, NULL, 0, 1, '2020-12-10 17:13:27', '2020-12-10 17:13:27'),
(143, '', '', '', '', '0.0000', '0.0000', '0.0000', '', '', '', '', '', '', '', 0, 0, 0, 'https://2.pik.vn/2020b384e767-9662-49eb-a378-38fab37a9b3a.png', '', 0, 26, 1, '10999000.0000', 1, '11999000.0000', 1, 0, 0, '0000-00-00', '100.00000000', 1, '0.00000000', '0.00000000', '0.00000000', 0, 1, 1, 0, 1, 2, 0, 1, NULL, 0, 1, '2020-12-10 17:13:27', '2020-12-10 17:13:27'),
(141, '', '', '', '', '0.0000', '0.0000', '0.0000', '', '', '', '', '', '', '', 0, 0, 0, 'https://cdn.bestme.asia/images/katjewelry/nhan-bac-nam-dep-dinh-da-trang-sang-trong-nna0066-1.jpg', '', 0, 26, 1, '450000.0000', 1, '650000.0000', 1, 0, 0, '0000-00-00', '100.00000000', 1, '0.00000000', '0.00000000', '0.00000000', 0, 1, 1, 0, 0, 2, 0, 1, NULL, 0, 1, '2020-12-09 09:41:47', '2020-12-09 09:48:16'),
(140, '', '', '', '', '0.0000', '0.0000', '0.0000', '', '', '', '', '', '', '', 0, 0, 0, 'https://cdn.bestme.asia/images/katjewelry/nhan-nam-bac-hinh-rong-mat-da-xanh-nna0068.jpg', '', 0, 26, 1, '500000.0000', 1, '650000.0000', 1, 0, 0, '0000-00-00', '100.00000000', 1, '0.00000000', '0.00000000', '0.00000000', 0, 1, 1, 0, 0, 2, 0, 1, NULL, 0, 1, '2020-12-09 09:41:47', '2020-12-09 09:48:01'),
(139, '', '', '', '', '0.0000', '0.0000', '0.0000', '', '', '', '', '', '', '', 0, 0, 0, 'https://cdn.bestme.asia/images/katjewelry/day-chuyen-bac-nam-soi-nho-tron-dck0007.jpg', '', 0, 26, 1, '450000.0000', 1, '650000.0000', 1, 0, 0, '0000-00-00', '100.00000000', 1, '0.00000000', '0.00000000', '0.00000000', 0, 1, 1, 0, 1, 2, 0, 1, NULL, 0, 1, '2020-12-09 09:41:47', '2020-12-09 09:48:42'),
(138, '', '', '', '', '0.0000', '0.0000', '0.0000', '', '', '', '', '', '', '', 0, 0, 0, 'https://cdn.bestme.asia/images/katjewelry/day-chuyen-bac-nam-mat-su-tu-dca0029.jpg', '', 0, 26, 1, '450000.0000', 1, '650000.0000', 1, 0, 0, '0000-00-00', '100.00000000', 1, '0.00000000', '0.00000000', '0.00000000', 0, 1, 1, 0, 1, 2, 0, 1, NULL, 0, 1, '2020-12-09 09:41:47', '2020-12-09 09:49:42'),
(137, '', '', '', '', '0.0000', '0.0000', '0.0000', '', '', '', '', '', '', '', 0, 0, 0, 'https://cdn.bestme.asia/images/katjewelry/day-chuyen-bac-nam-mat-bieu-tuong-hoa-binh-dca0036.jpg', '', 0, 26, 1, '890000.0000', 1, '1000000.0000', 1, 0, 0, '0000-00-00', '100.00000000', 1, '0.00000000', '0.00000000', '0.00000000', 0, 1, 1, 0, 1, 2, 0, 1, NULL, 0, 1, '2020-12-09 09:41:47', '2020-12-09 09:49:31'),
(136, '', '', '', '', '0.0000', '0.0000', '0.0000', '', '', '', '', '', '', '', 0, 0, 0, 'https://cdn.bestme.asia/images/katjewelry/day-chuyen-bac-nu-dang-day-mua-dnk0006.jpg', '', 0, 26, 1, '450000.0000', 1, '650000.0000', 1, 0, 0, '0000-00-00', '100.00000000', 1, '0.00000000', '0.00000000', '0.00000000', 0, 1, 1, 0, 1, 2, 0, 1, NULL, 0, 1, '2020-12-09 09:41:47', '2020-12-09 09:48:31'),
(135, '', '', '', '', '0.0000', '0.0000', '0.0000', '', '', '', '', '', '', '', 0, 0, 0, 'https://cdn.bestme.asia/images/katjewelry/day-chuyen-bac-nu-khac-ten-hinh-trai-tim-dcn0460.jpg', '', 0, 26, 1, '450000.0000', 1, '650000.0000', 1, 0, 0, '0000-00-00', '100.00000000', 1, '0.00000000', '0.00000000', '0.00000000', 0, 1, 1, 0, 0, 2, 0, 1, NULL, 0, 1, '2020-12-09 09:41:47', '2020-12-09 09:48:56'),
(134, '', '', '', '', '0.0000', '0.0000', '0.0000', '', '', '', '', '', '', '', 0, 0, 0, 'https://cdn.bestme.asia/images/katjewelry/day-chuyen-duoi-phung-bac-dnk0003.jpg', '', 0, 26, 1, '450000.0000', 1, '650000.0000', 1, 0, 0, '0000-00-00', '100.00000000', 1, '0.00000000', '0.00000000', '0.00000000', 0, 1, 1, 0, 1, 2, 0, 1, NULL, 0, 1, '2020-12-09 09:41:47', '2020-12-09 09:50:03'),
(132, '', '', '', '', '0.0000', '0.0000', '0.0000', '', '', '', '', '', '', '', 0, 0, 0, 'https://cdn.bestme.asia/images/katjewelry/lac-tay-kieng-bac-nu-dep-ltn0118.jpg', '', 0, 26, 1, '450000.0000', 1, '650000.0000', 1, 0, 0, '0000-00-00', '30.00000000', 1, '0.00000000', '0.00000000', '0.00000000', 0, 1, 1, 0, 0, 2, 0, 1, NULL, 0, 1, '2020-12-09 09:41:47', '2020-12-09 09:49:07'),
(133, '', '', '', '', '0.0000', '0.0000', '0.0000', '', '', '', '', '', '', '', 0, 0, 0, 'https://cdn.bestme.asia/images/katjewelry/lac-tay-bi-bac-nu-khac-ten-theo-yeu-cau-ltn0146.jpg', '', 0, 26, 1, '450000.0000', 1, '650000.0000', 1, 0, 0, '0000-00-00', '30.00000000', 1, '0.00000000', '0.00000000', '0.00000000', 0, 1, 1, 0, 0, 2, 0, 1, NULL, 0, 1, '2020-12-09 09:41:47', '2020-12-09 09:49:50'),
(157, '', '', '', '', '0.0000', '0.0000', '0.0000', '', '', '', '', '', '', '', 0, 0, 0, 'https://2.pik.vn/20208caf66e5-50da-4c12-9f8d-39f97667f69e.png', '', 0, 26, 1, '10999000.0000', 1, '11999000.0000', 1, 0, 0, '0000-00-00', '100.00000000', 1, '0.00000000', '0.00000000', '0.00000000', 0, 1, 1, 0, 1, 2, 0, 1, NULL, 0, 1, '2020-12-10 17:13:28', '2020-12-10 17:13:28'),
(158, '', '', '', '', '0.0000', '0.0000', '0.0000', '', '', '', '', '', '', '', 0, 0, 0, 'https://2.pik.vn/202050a14740-e7c5-415e-91f1-5eb42db5d7dd.png', '', 0, 26, 1, '10999000.0000', 1, '11999000.0000', 1, 0, 0, '0000-00-00', '100.00000000', 1, '0.00000000', '0.00000000', '0.00000000', 0, 1, 1, 0, 1, 2, 0, 1, NULL, 0, 1, '2020-12-10 17:13:28', '2020-12-10 17:13:28'),
(159, '', '', '', '', '0.0000', '0.0000', '0.0000', '', '', '', '', '', '', '', 0, 0, 0, 'https://2.pik.vn/20204e7a582d-587b-4d3f-90c6-d06e77477bfd.png', '', 0, 26, 1, '10999000.0000', 1, '11999000.0000', 1, 0, 0, '0000-00-00', '100.00000000', 1, '0.00000000', '0.00000000', '0.00000000', 0, 1, 1, 0, 1, 2, 0, 1, NULL, 0, 1, '2020-12-10 17:13:28', '2020-12-10 17:13:28'),
(160, '', '', '', '', '0.0000', '0.0000', '0.0000', '', '', '', '', '', '', '', 0, 0, 0, 'https://2.pik.vn/2020981c6750-b6aa-4085-b56e-7f9103853b56.png', '', 0, 26, 1, '10999000.0000', 1, '11999000.0000', 1, 0, 0, '0000-00-00', '100.00000000', 1, '0.00000000', '0.00000000', '0.00000000', 0, 1, 1, 0, 1, 2, 0, 1, NULL, 0, 1, '2020-12-10 17:13:28', '2020-12-10 17:13:28'),
(161, '', '', '', '', '0.0000', '0.0000', '0.0000', '', '', '', '', '', '', '', 0, 0, 0, 'https://2.pik.vn/20204e7a582d-587b-4d3f-90c6-d06e77477bfd.png', '', 0, 26, 1, '10999000.0000', 1, '11999000.0000', 1, 0, 0, '0000-00-00', '100.00000000', 1, '0.00000000', '0.00000000', '0.00000000', 0, 1, 1, 0, 1, 2, 0, 1, NULL, 0, 1, '2020-12-10 17:13:28', '2020-12-10 17:13:28'),
(162, '', '', '', '', '0.0000', '0.0000', '0.0000', '', '', '', '', '', '', '', 0, 0, 0, 'https://2.pik.vn/202050a14740-e7c5-415e-91f1-5eb42db5d7dd.png', '', 0, 26, 1, '10999000.0000', 1, '11999000.0000', 1, 0, 0, '0000-00-00', '100.00000000', 1, '0.00000000', '0.00000000', '0.00000000', 0, 1, 1, 0, 1, 2, 0, 1, NULL, 0, 1, '2020-12-10 17:13:28', '2020-12-10 17:13:28'),
(163, '', '', '', '', '0.0000', '0.0000', '0.0000', '', '', '', '', '', '', '', 0, 0, 0, 'https://2.pik.vn/20208caf66e5-50da-4c12-9f8d-39f97667f69e.png', '', 0, 26, 1, '10999000.0000', 1, '11999000.0000', 1, 0, 0, '0000-00-00', '100.00000000', 1, '0.00000000', '0.00000000', '0.00000000', 0, 1, 1, 0, 1, 2, 0, 1, NULL, 0, 1, '2020-12-10 17:13:28', '2020-12-10 17:13:28'),
(164, '', '', '', '', '0.0000', '0.0000', '0.0000', '', '', '', '', '', '', '', 0, 0, 0, 'https://2.pik.vn/202015ddcb70-4431-4e97-8b97-b8877f1c990f.png', '', 0, 26, 1, '10999000.0000', 1, '11999000.0000', 1, 0, 0, '0000-00-00', '100.00000000', 1, '0.00000000', '0.00000000', '0.00000000', 0, 1, 1, 0, 1, 2, 0, 1, NULL, 0, 1, '2020-12-10 17:13:28', '2020-12-10 17:13:28'),
(165, '', '', '', '', '0.0000', '0.0000', '0.0000', '', '', '', '', '', '', '', 0, 0, 0, 'https://2.pik.vn/20202ce23a8d-89fa-4349-a95b-d7da7f82888f.png', '', 0, 26, 1, '10999000.0000', 1, '11999000.0000', 1, 0, 0, '0000-00-00', '100.00000000', 1, '0.00000000', '0.00000000', '0.00000000', 0, 1, 1, 0, 1, 2, 0, 1, NULL, 0, 1, '2020-12-10 17:13:28', '2020-12-10 17:13:28'),
(166, '', '', '', '', '0.0000', '0.0000', '0.0000', '', '', '', '', '', '', '', 0, 0, 0, 'https://2.pik.vn/2020d40126f9-ee1d-484e-9d1f-d16f1db73dc5.png', '', 0, 26, 1, '10999000.0000', 1, '11999000.0000', 1, 0, 0, '0000-00-00', '100.00000000', 1, '0.00000000', '0.00000000', '0.00000000', 0, 1, 1, 0, 1, 2, 0, 1, NULL, 0, 1, '2020-12-10 17:13:28', '2020-12-10 17:13:28'),
(167, '', '', '', '', '0.0000', '0.0000', '0.0000', '', '', '', '', '', '', '', 0, 0, 0, 'https://2.pik.vn/202001ef3b2f-8294-4ecb-b580-fd3b835414c3.png', '', 0, 26, 1, '10999000.0000', 1, '11999000.0000', 1, 0, 0, '0000-00-00', '100.00000000', 1, '0.00000000', '0.00000000', '0.00000000', 0, 1, 1, 0, 1, 2, 0, 1, NULL, 0, 1, '2020-12-10 17:13:28', '2020-12-10 17:13:28'),
(168, '', '', '', '', '0.0000', '0.0000', '0.0000', '', '', '', '', '', '', '', 0, 0, 0, 'https://cdn.bestme.asia/images/x2/product1-01.png', '', 0, 26, 1, '680000.0000', 1, '1350000.0000', 1, 0, 0, '0000-00-00', '40.00000000', 1, '0.00000000', '0.00000000', '0.00000000', 0, 1, 1, 0, 0, 2, 0, 1, NULL, 0, 1, '2020-12-10 17:13:28', '2020-12-10 17:13:28'),
(169, '', '', '', '', '0.0000', '0.0000', '0.0000', '', '', '', '', '', '', '', 0, 0, 0, 'https://cdn.bestme.asia/images/x2/product3-01.png', '', 0, 26, 1, '790000.0000', 1, '1350000.0000', 1, 0, 0, '0000-00-00', '30.00000000', 1, '0.00000000', '0.00000000', '0.00000000', 0, 1, 1, 0, 0, 2, 0, 1, NULL, 0, 1, '2020-12-10 17:13:28', '2020-12-10 17:13:28'),
(170, '', '', '', '', '0.0000', '0.0000', '0.0000', '', '', '', '', '', '', '', 0, 0, 0, 'https://cdn.bestme.asia/images/x2/product4-01.png', '', 0, 26, 1, '790000.0000', 1, '1350000.0000', 1, 0, 0, '0000-00-00', '20.00000000', 1, '0.00000000', '0.00000000', '0.00000000', 0, 1, 1, 0, 0, 2, 0, 1, NULL, 0, 1, '2020-12-10 17:13:28', '2020-12-10 17:13:28'),
(171, '', '', '', '', '0.0000', '0.0000', '0.0000', '', '', '', '', '', '', '', 0, 0, 0, 'https://cdn.bestme.asia/images/x2/product6-01.png', '', 0, 26, 1, '680000.0000', 1, '700000.0000', 1, 0, 0, '0000-00-00', '20.00000000', 1, '0.00000000', '0.00000000', '0.00000000', 0, 1, 1, 0, 0, 2, 0, 1, NULL, 0, 1, '2020-12-10 17:13:28', '2020-12-10 17:13:28'),
(172, '', '', '', '', '0.0000', '0.0000', '0.0000', '', '', '', '', '', '', '', 0, 0, 0, 'https://cdn.bestme.asia/images/x2/product7-01.png', '', 0, 26, 1, '1000000.0000', 1, '1350000.0000', 1, 0, 0, '0000-00-00', '30.00000000', 1, '0.00000000', '0.00000000', '0.00000000', 0, 1, 1, 0, 0, 2, 0, 1, NULL, 0, 1, '2020-12-10 17:13:28', '2020-12-10 17:13:28'),
(173, '', '', '', '', '0.0000', '0.0000', '0.0000', '', '', '', '', '', '', '', 0, 0, 0, 'https://cdn.bestme.asia/images/x2/product8-01.png', '', 0, 26, 1, '1000000.0000', 1, '1350000.0000', 1, 0, 0, '0000-00-00', '20.00000000', 1, '0.00000000', '0.00000000', '0.00000000', 0, 1, 1, 0, 0, 2, 0, 1, NULL, 0, 1, '2020-12-10 17:13:28', '2020-12-10 17:13:28'),
(174, '', '', '', '', '0.0000', '0.0000', '0.0000', '', '', '', '', '', '', '', 0, 0, 0, 'https://cdn.bestme.asia/images/x2/product9-01.png', '', 0, 26, 1, '680000.0000', 1, '700000.0000', 1, 0, 0, '0000-00-00', '20.00000000', 1, '0.00000000', '0.00000000', '0.00000000', 0, 1, 1, 0, 0, 2, 0, 1, NULL, 0, 1, '2020-12-10 17:13:28', '2020-12-10 17:13:28'),
(175, '', '', '', '', '0.0000', '0.0000', '0.0000', '', '', '', '', '', '', '', 0, 0, 0, 'https://2.pik.vn/202015ddcb70-4431-4e97-8b97-b8877f1c990f.png', '', 0, 26, 1, '10999000.0000', 1, '11999000.0000', 1, 0, 0, '0000-00-00', '100.00000000', 1, '0.00000000', '0.00000000', '0.00000000', 0, 1, 1, 0, 1, 2, 0, 1, NULL, 0, 1, '2020-12-10 17:13:28', '2020-12-10 17:13:28'),
(176, '', '', '', '', '0.0000', '0.0000', '0.0000', '', '', '', '', '', '', '', 0, 0, 0, 'https://2.pik.vn/2020981c6750-b6aa-4085-b56e-7f9103853b56.png', '', 0, 26, 1, '10999000.0000', 1, '11999000.0000', 1, 0, 0, '0000-00-00', '100.00000000', 1, '0.00000000', '0.00000000', '0.00000000', 0, 1, 1, 0, 1, 2, 0, 1, NULL, 0, 1, '2020-12-10 17:13:28', '2020-12-10 17:13:28'),
(177, '', '', '', '', '0.0000', '0.0000', '0.0000', '', '', '', '', '', '', '', 0, 0, 0, 'https://2.pik.vn/20202ce23a8d-89fa-4349-a95b-d7da7f82888f.png', '', 0, 26, 1, '10999000.0000', 1, '11999000.0000', 1, 0, 0, '0000-00-00', '100.00000000', 1, '0.00000000', '0.00000000', '0.00000000', 0, 1, 1, 0, 1, 2, 0, 1, NULL, 0, 1, '2020-12-10 17:13:28', '2020-12-10 17:13:28');


-- restore soft-deleted products if demo
UPDATE `oc_product` SET `deleted` = NULL
WHERE `demo` = 1
  AND `product_id` IN (
                       156,
                       155,
                       154,
                       153,
                       151,
                       152,
                       150,
                       149,
                       147,
                       148,
                       146,
                       145,
                       144,
                       142,
                       143,
                       141,
                       140,
                       139,
                       138,
                       137,
                       136,
                       135,
                       134,
                       132,
                       133,
                       157,
                       158,
                       159,
                       160,
                       161,
                       162,
                       163,
                       164,
                       165,
                       166,
                       167,
                       168,
                       169,
                       170,
                       171,
                       172,
                       173,
                       174,
                       175,
                       176,
                       177
  );

-- oc_product_collection PRIMARY KEY (`product_collection_id`)
INSERT IGNORE INTO `oc_product_collection` (`product_collection_id`, `product_id`, `collection_id`, `sort_order`) VALUES
(161, 140, 10, 0),
(158, 139, 10, 0),
(157, 138, 10, 0),
(156, 137, 10, 0),
(211, 139, 9, 8),
(210, 140, 9, 7),
(209, 141, 9, 6),
(208, 132, 9, 5),
(207, 133, 9, 4),
(206, 134, 9, 3),
(205, 135, 9, 2),
(204, 136, 9, 1),
(160, 141, 10, 0),
(159, 136, 10, 0),
(203, 140, 11, 8),
(163, 133, 10, 0),
(162, 132, 10, 0),
(202, 134, 11, 7),
(201, 133, 11, 6),
(200, 132, 11, 5),
(199, 136, 11, 4),
(198, 139, 11, 3),
(197, 138, 11, 2),
(196, 137, 11, 1),
(195, 133, 12, 8),
(194, 134, 12, 7),
(193, 140, 12, 6),
(192, 141, 12, 5),
(191, 136, 12, 4),
(190, 139, 12, 3),
(189, 138, 12, 2),
(188, 137, 12, 1),
(320, 153, 14, 12),
(319, 152, 14, 11),
(318, 151, 14, 10),
(317, 150, 14, 9),
(316, 149, 14, 8),
(315, 148, 14, 7),
(314, 147, 14, 6),
(313, 146, 14, 5),
(312, 145, 14, 4),
(311, 144, 14, 3),
(310, 143, 14, 2),
(292, 177, 16, 8),
(291, 176, 16, 7),
(309, 142, 14, 1),
(300, 175, 17, 8),
(299, 164, 17, 7),
(298, 163, 17, 6),
(290, 167, 16, 6),
(297, 162, 17, 5),
(296, 161, 17, 4),
(295, 159, 17, 3),
(294, 158, 17, 2),
(289, 166, 16, 5),
(288, 165, 16, 4),
(287, 160, 16, 3),
(293, 157, 17, 1),
(286, 155, 16, 2),
(285, 154, 16, 1),
(321, 156, 14, 13);

-- oc_product_description PRIMARY KEY (`product_id`,`language_id`)
INSERT IGNORE INTO `oc_product_description` (`product_id`, `language_id`, `name`, `description`, `sub_description`, `seo_title`, `seo_description`, `tag`, `meta_title`, `meta_description`, `meta_keyword`) VALUES
(132, 2, 'Lắc tay kiềng bạc nữ đẹp LTN0118', '<h2>Giới thiệu sản phẩm lắc tay kiềng bạc nữ sang trọng tinh tế LTN0118</h2>\n\n<p>- Lắc tay kiềng bạc nữ LTN0118 được khách hàng lựa chọn nhiều nhất</p>\n\n<p>  <em><strong>Lắc tay bạc nữ</strong></em> được thiết kế cách điệu cực HOT - sản phẩm độc quyền bởi Trang Sức TNJ</p>\n\n<p> - Bộ sản phẩm: 1 lắc tay </p>\n\n<p> - Đóng gói: sản phẩm có hộp đựng sang trọng đi kèm</p>\n\n<p> - Lắc tay kiềng bạc nữ đẹp tinh tế LTN0118 rất phù hợp để làm quà tặng cho dịp lễ tết Valentine, 20/10, Noel,... sắp tới</p>', '<ul>\n	<li>Chất liệu bạc cao cấp 925</li>\n	<li>Thiết kế tinh xảo trên công nghệ 3D tiên tiến</li>\n	<li>Bảo hành miễn phí trọn đời đánh bóng làm mới hoặc rơi đá</li>\n	<li>Kiểu dáng trẻ trung thời trang</li>\n</ul>', '', '', '', '', '', ''),
(133, 2, 'Lắc tay bi bạc nữ khắc tên theo yêu cầu LTN0146', '<h2>Giới thiệu sản phẩm lắc tay bi bạc nữ khắc tên theo yêu cầu LTN0146</h2>\n\n<p> - Lắc tay bi bạc nữ khắc tên LTN0146 được khách hàng lựa chọn nhiều nhất</p>\n\n<p>  <strong>Lắc tay bạc nữ</strong> được thiết kế cách điệu cực HOT với những viên bi bạc liền nhau và khắc tên miễn phí theo yêu cầu - sản phẩm độc quyền bởi Trang Sức TNJ</p>\n\n<p> - Bộ sản phẩm: 1 lắc tay </p>\n\n<p> - Đóng gói: sản phẩm có hộp đựng sang trọng đi kèm</p>\n\n<p> - Lắc tay bi bạc nữ khắc tên theo yêu cầu LTN0146 - Có phần khắc tên theo yêu cầu rất ý nghĩa phù hợp để làm quà tặng cho dịp sinh nhật, ngày lễ tết Valentine, 20/10, Noel,... sắp tới</p>', '<ul>\n	<li>Lắc tay bi bạc khắc tên chất liệu bạc cao cấp 925</li>\n	<li>Thiết kế tinh xảo trên công nghệ 3D tiên tiến</li>\n	<li>Bảo hành miễn phí trọn đời đánh bóng làm mới hoặc rơi đá</li>\n	<li>Kiểu dáng trẻ trung thời trang</li>\n</ul>', '', '', '', '', '', ''),
(134, 2, 'Dây chuyền đuôi phụng bạc DNK0003', '<h2>Giới thiệu sản phẩm dây chuyền đuôi phụng bạc DNK0003</h2>\n\n<p> - Dây chuyền đuôi phụng bạc DNK0003 được khách hàng lựa chọn nhiều nhất</p>\n\n<p>  <strong>Dây chuyền bạc nữ</strong> được thiết kế cách điệu cực HOT với kiểu dáng mắt xích nối liền nhau rất tỉ mỉ nối thành hình đuôi phụng - sản phẩm độc quyền bởi Trang Sức TNJ</p>\n\n<p> - Bộ sản phẩm: 1 dây</p>\n\n<p> - Đóng gói: sản phẩm có hộp đựng sang trọng đi kèm</p>\n\n<p> - Dây chuyền đuôi phụng bạc DNK0003 rất phù hợp để làm quà tặng cho dịp lễ tết Valentine, 20/10, Noel,... sắp tới...Mẫu dây này phù hợp để làm phụ kiện cho mọi co gái, kể cả những nàng nữ tính, cho đến những bạn gái cá tính, thích thể hiện phong cách riêng của mình. Ngoài ra, nó còn có tác dụng tránh các chất độc hại và bảo vệ sức khỏe của chính bản thân bạn</p>', '<ul>\n	<li>Dây chuyền bạc nữ không mặt chất liệu bạc Ý</li>\n	<li>Thiết kế tinh xảo trên công nghệ 3D tiên tiến</li>\n	<li>Bảo hành miễn phí trọn đời đánh bóng làm mới hoặc rơi đá</li>\n	<li>Kiểu dáng trẻ trung thời trang</li>\n</ul>', '', '', '', '', '', ''),
(135, 2, 'Dây chuyền bạc nữ khắc tên hình trái tim DCN0460', '<h2>Giới thiệu sản phẩm dây chuyền bạc nữ khắc tên hình trái tim DCN0460</h2>\n\n<p> - Dây chuyền bạc khắc tên hình trái tim<b> DCN0460</b> được khách hàng lựa chọn nhiều nhất</p>\n\n<p>  <em><strong>Dây chuyền bạc nữ</strong></em> khắc tên hình trái tim được thiết kế cách điệu được khắc tên theo yêu cầu cực HOT - sản phẩm độc quyền bởi Trang Sức TNJ</p>\n\n<p> - Bộ sản phẩm: 1 dây + mặt sản phẩm</p>\n\n<p> - Đóng gói: sản phẩm có hộp đựng sang trọng đi kèm</p>\n\n<p> - Dây chuyền bạc nữ khắc tên hình trái tim DCN0460 biểu tượng cho tình yêu vĩnh cửu và mãi mãi rất phù hợp để làm quà tặng cho dịp lễ tết Valentine, 20/10, Noel,... sắp tới</p>', '<ul>\n	<li>Dây chuyền bạc nữ khắc tên chất liệu bạc cao cấp 925</li>\n	<li>Thiết kế tinh xảo trên công nghệ 3D tiên tiến</li>\n	<li>Bảo hành miễn phí trọn đời đánh bóng làm mới hoặc rơi đá</li>\n	<li>Kiểu dáng trẻ trung thời trang</li>\n</ul>', '', '', '', '', '', ''),
(136, 2, 'Dây chuyền bạc nữ dạng dây mưa DNK0006', '<h2>Giới thiệu sản phẩm dây chuyền bạc nữ dạng dây mưa DNK0006</h2>\n\n<p> - <b>Dây chuyền bạc nữ dạng dây mưa DNK0006 </b>được khách hàng lựa chọn nhiều nhất</p>\n\n<p>  <strong>Dây chuyền bạc nữ</strong> được thiết kế cách điệu cực HOT với kiểu dáng dây mưa - sản phẩm độc quyền bởi Trang Sức TNJ</p>\n\n<p> - Bộ sản phẩm: 1 dây</p>\n\n<p> - Đóng gói: sản phẩm có hộp đựng sang trọng đi kèm</p>\n\n<p> - Dây chuyền bạc nữ dạng dây mưa DNK0006 rất phù hợp để làm quà tặng cho dịp lễ tết Valentine, 20/10, Noel,... sắp tới...Mẫu dây này phù hợp để làm phụ kiện cho mọi co gái ,kể cả những nàng nữ tính, cho đến những bạn gái cá tính, thích thể hiện phong cách riêng của mình. Ngoài ra, nó còn có tác dụng tránh các chất độc hại và bảo vệ sức khỏe của chính bản thân bạn</p>', '<ul>\n	<li>Dây chuyền bạc nữ không mặt chất liệu bạc Ý</li>\n	<li>Thiết kế tinh xảo trên công nghệ 3D tiên tiến</li>\n	<li>Bảo hành miễn phí trọn đời đánh bóng làm mới hoặc rơi đá</li>\n	<li>Kiểu dáng trẻ trung thời trang</li>\n</ul>', '', '', '', '', '', ''),
(137, 2, 'Dây chuyền bạc nam mặt biểu tượng hòa bình DCA0036', '<h2>Giới thiệu sản phẩm dây chuyền bạc nam biểu tượng hòa bình DCA0036</h2>\n\n<p> - Dây chuyền bạc nam biểu tượng hòa bình DCA0036 được khách hàng lựa chọn nhiều nhất</p>\n\n<p> <em><strong> Dây chuyền bạc nam</strong></em> được thiết kế cách điệu cực HOT - sản phẩm độc quyền bởi Trang Sức TNJ</p>\n\n<p> - Bộ sản phẩm: 1 dây + mặt sản phẩm</p>\n\n<p> - Đóng gói: sản phẩm có hộp đựng sang trọng đi kèm</p>\n\n<p> - Dây chuyền bạc nam biểu tượng hòa bình đính đá DCA0036 rất phù hợp dành cho các anh em cá tính, mang đến sự nam tính, sang trọng cho người đeo.</p>', '<ul>\n	<li>Chất liệu bạc nguyên chất 925</li>\n	<li>Thiết kế tinh xảo trên công nghệ 3D tiên tiến</li>\n	<li>Bảo hành miễn phí trọn đời đánh bóng làm mới hoặc rơi đá</li>\n	<li>Kiểu dáng trẻ trung thời trang</li>\n</ul>', '', '', '', '', '', ''),
(138, 2, 'Dây chuyền bạc nam mặt Sư Tử DCA0029', '<h2>Giới thiệu sản phẩm dây chuyền bạc nam Sư Tử DCA0029</h2>\n\n<p> - Dây chuyền bạc nam kiểu dáng mặt sư tử DCA0029 được khách hàng lựa chọn nhiều nhất</p>\n\n<p> <em><strong> Dây chuyền bạc nam</strong></em> được thiết kế cách điệu cực HOT - sản phẩm độc quyền bởi Trang Sức TNJ</p>\n\n<p> - Bộ sản phẩm: 1 dây + mặt sản phẩm</p>\n\n<p> - Đóng gói: sản phẩm có hộp đựng sang trọng đi kèm</p>\n\n<p> - Dây chuyền bạc nam mặt Sư Tử đính đá rất phù hợp dành cho các anh em cá tính, mang đến sự nam tính, sang trọng cho người đeo.</p>', '<ul>\n	<li>Chất liệu bạc nguyên chất 925</li>\n	<li>Chiều rộng mặt dây là 2.4cm,chiều dài mặt dây là 2.5cm</li>\n	<li>Thiết kế tinh xảo trên công nghệ 3D tiên tiến</li>\n	<li>Bảo hành miễn phí trọn đời đánh bóng làm mới hoặc rơi đá</li>\n	<li>Kiểu dáng trẻ trung thời trang</li>\n</ul>', '', '', '', '', '', ''),
(139, 2, 'Dây chuyền bạc nam sợi nhỏ tròn trơn DCK0007', '<h2>Giới thiệu sản phẩm dây chuyền bạc nam sợi nhỏ tròn trơn DCK0007</h2>\n\n<p> - Dây chuyền bạc nam sợi nhỏ tròn trơn DCK0007 được khách hàng lựa chọn nhiều nhất</p>\n\n<p>  <strong>Dây chuyền bạc nam</strong> được thiết kế cách điệu cực HOT - sản phẩm độc quyền bởi Trang Sức TNJ</p>\n\n<p> - Bộ sản phẩm: 1 dây</p>\n\n<p> - Đóng gói: sản phẩm có hộp đựng sang trọng đi kèm</p>\n\n<p> - Dây chuyền bạc nam sợi nhỏ tròn trơn DCK0007 rất phù hợp dành cho các anh em cá tính, mang đến sự nam tính, sang trọng cho người đeo.</p>', '<ul>\n	<li>Chất liệu bạc nguyên chất 925</li>\n	<li>Thiết kế tinh xảo trên công nghệ 3D tiên tiến</li>\n	<li>Bảo hành miễn phí trọn đời đánh bóng làm mới hoặc rơi đá</li>\n	<li>Kiểu dáng trẻ trung thời trang</li>\n</ul>', '', '', '', '', '', ''),
(140, 2, 'Nhẫn bạc nam hình rồng mặt đá xanh NNA0068', '<h2>Giới thiệu sản phẩm nhẫn bạc nam hình rồng mặt đá xanh NNA0068</h2>\n\n<p>- Nhẫn bạc nam hình rồng NNA0068 được khách hàng lựa chọn nhiều nhất</p>\n\n<p><em><strong>Nhẫn bạc nam</strong></em> hình rồng được thiết kế cách điệu cực HOT - sản phẩm độc quyền bởi Trang Sức TNJ</p>\n\n<p> - Kích cỡ: Bạn đừng quá lo lắng vì tay mình  quá to hay quá nhỏ không có size nhẫn?</p>\n\n<p> Bởi vì nhẫn được làm theo size tay của khách hàng (có hướng dẫn đo size tay chi tiết) hoặc bạn có thể nhắn tin với shop để được tư vấn cụ thể hơn nhé.</p>\n\n<p> - Bộ sản phẩm: 1 nhẫn nam</p>\n\n<p> - Đóng gói: sản phẩm có hộp đựng sang trọng đi kèm</p>\n\n<p> - Nhẫn bạc nam hình rồng thể hiện đẳng cấp sang trọng, lịch lãm. Nhẫn được thiết kế tinh xảo trên công nghệ 3D tiên tiến</p>', '<ul>\n	<li>Chất liệu bạc cao cấp 925</li>\n	<li>Thiết kế tinh xảo trên công nghệ 3D tiên tiến</li>\n	<li>Bảo hành miễn phí trọn đời đánh bóng làm mới hoặc rơi đá</li>\n	<li>Kiểu dáng mạnh mẽ</li>\n</ul>', '', '', '', '', '', ''),
(141, 2, 'Nhẫn nam bạc đẹp đính đá trắng sang trọng NNA0066', '<h2>Giới thiệu sản phẩm nhẫn nam bạc đẹp đính đá trắng NNA0066</h2>\n\n<p>- Nhẫn bạc nam đẹp đính đá trắng NNA0066 được khách hàng lựa chọn nhiều nhất</p>\n\n<p><em><strong> Nhẫn bạc nam</strong></em> được thiết kế cách điệu cực HOT với phiên bản màu trắng bạc - sản phẩm độc quyền bởi Trang Sức TNJ</p>\n\n<p> - Kích cỡ: Bạn đừng quá  lo lắng vì tay mình  quá to hay quá nhỏ không có size nhẫn?</p>\n\n<p>Bởi vì nhẫn được làm theo size tay của khách hàng (có hướng dẫn đo size tay chi tiết) hoặc bạn có thể nhắn tin với shop để được tư vấn cụ thể hơn nhé.</p>\n\n<p> - Bộ sản phẩm: 1 nhẫn nam bạc</p>\n\n<p> - Đóng gói: sản phẩm có hộp đựng sang trọng đi kèm</p>\n\n<p> - Nhẫn bạc nam đẹp đính đá trắng NNA0066 đeo lên thể hiện đẳng cấp sang trọng, lịch lãm cho người đeo, rất phù hợp để làm quà tặng sinh nhật, các ngày lễ lớn, nhân dịp Noel, ngày kỉ niệm cho các bạn nam...vv</p>\n\n<p> </p>\n\n<p> - Thông tin chi tiết về sản phẩm:</p>\n\n<p> Chất liệu bạc cao cấp 925. Chất liệu bạc 925: 92,5% bạc nguyên chất phần còn lại là hợp chất làm tăng độ cứng và sáng bóng cho sản phẩm.</p>\n\n<p> Độ trắng sáng cao, không lo bị đen, xỉn màu.</p>\n\n<p> Bảo hành miễn phí trọn đời đánh bóng, làm mới hoặc gắn lại đá</p>\n\n<p> Giá trên là giá cho 1 nhẫn bạc nam </p>\n\n<p>Thay đổi màu đá theo mệnh miễn phí</p>\n\n<p> Khắc tên + ngày tháng năm sinh và các kí tự đặc biệt như: trái tim, cỏ 4 lá,... miễn phí theo yêu cầu</p>\n\n<p> Shop khắc tên trong lòng nhẫn nhé</p>\n\n<p> Giao hàng toàn quốc và thanh toán khi nhận được hàng</p>\n\n<p> Hoàn tiền 200% nếu không đúng mẫu mã và chất lượng</p>', '<ul>\n	<li>Chất liệu bạc cao cấp 925</li>\n	<li>Thiết kế tinh xảo trên công nghệ 3D tiên tiến</li>\n	<li>Bảo hành miễn phí trọn đời đánh bóng làm mới hoặc rơi đá</li>\n	<li>Kiểu dáng mạnh mẽ</li>\n</ul>', '', '', '', '', '', ''),
(142, 2, '*** SP MẪU  Nhẫn cầu hôn kim cương Moissanite Viền đá tấm lấp lánh - N03', '<p>Nhẫn cầu hôn đính kim cương Moissanite – vẻ đẹp của sự sang trọng đẳng cấp Moissanite được ông Henri Moissan – nhà khoáng vật học người Mỹ phát hiện lần đầu tiên trong một phiến đá miệng thiên thạch Canyon Diablo, Arizona vào năm 1893. Moissanite có vẻ đẹp và tính chất gần giống với kim cương. Với màu trắng sáng tinh khiết, Moissanite biểu tượng cho sự đẳng cấp, sang trọng và vĩnh hằng. Ngoài ra, viên kim cương còn là biểu tượng của trí tuệ và sự sáng tạo nhiệt huyết. Việc sử dụng Moissanite làm trang sức thay thế kim cương là việc hoàn toàn bình thường và ngày càng được phổ biến nhiều hơn.</p>\n\n<h1>Cách đo size nhẫn </h1>\n\n<p>Với trang sức, nhẫn là sản phẩm thường phải sửa nhiều nhất cho phù hợp với cỡ tay của người sử dụng. Một chiếc nhẫn vừa vặn sẽ cho bạn cảm giác tự tin thoải mái khi đeo. Trong trường hợp không thể đến cửa hàng lựa chọn, bạn hoàn toàn có thể đo được size nhẫn của mình bằng những bước gợi ý đơn giản từ DOJI sau đây:</p>\n\n<p>Bước 1: Cắt một sợi len hoặc giấy bản nhỏ.</p>\n\n<p>Bước 2: Dùng len hoặc giấy bản nhỏ vừa cắt rời quấn quanh khu vực trên ngón tay mà bạn muốn đeo nhẫn.</p>\n\n<p>Bước 3: Đánh dấu điểm giao nhau </p>\n\n<p>Bước 4: Dùng thước đo chiều dài mẩu giấy vừa thực hiện, sau đó lấy kết quả bạn vừa đo được chia cho 3.14 để tìm ra đường kính của nhẫn.</p>\n\n<p>Bước 5: Cuối cùng, lấy đường kính nhẫn vừa đo được so với kích thước đường kính của bảng kích thước nhẫn quy chuẩn. Bạn sẽ nhận được size nhẫn của mình.</p>\n\n<p><img alt=\"\" src=\"https://trangsuc.doji.vn/Uploads/images/bang-size-nhan.jpg\" /></p>\n\n<p><em>Lưu ý: Cỡ tay có thể thay đổi, tùy thuộc vào thời điểm trong ngày hoặc thời tiết. Ví dụ, buổi sáng cỡ tay có thể nhỏ hơn vì tay chưa ấm và thời tiết cũng lạnh hơn; cuối ngày cỡ tay có thể lớn hơn do hoạt động trong ngày. Vì vậy, bạn nên đo size tay khoảng 3 – 4 lần vào các thời điểm khác nhau trong ngày để có kết quả chính xác nhất. Nếu size nhẫn của bạn nằm giữa 2 số, bạn nên chọn số lớn hơn.</em></p>\n\n<p><em>Trong trường hợp khớp xương ngón tay của bạn to, bạn nên đo chu vi ở gần khớp (không phải trên khớp) sao cho khi bạn đeo nhẫn thì nhẫn dễ vào và không bị tuột mất. </em></p>\n\n<p> </p>', '<p>- Giảm giá 10% với toàn bộ đơn từ 2tr<br />\n- Miễn phí vận chuyển toàn quốc<br />\n- Cam kết hàng chuẩn<br />\n- Hotline mua hàng 0982 263 268</p>', '', '', '', '', '', ''),
(143, 2, 'Nhẫn cầu hôn kim cương Moissanite Viền đá tấm lấp lánh - Nhan05', 'Nhẫn cầu hôn đính kim cương Moissanite – vẻ đẹp của sự sang trọng đẳng cấp<br />\nMoissanite được ông Henri Moissan – nhà khoáng vật học người Mỹ phát hiện lần đầu tiên trong một phiến đá miệng thiên thạch Canyon Diablo, Arizona vào năm 1893. Moissanite có vẻ đẹp và tính chất gần giống với kim cương.<br />\nVới màu trắng sáng tinh khiết, Moissanite biểu tượng cho sự đẳng cấp, sang trọng và vĩnh hằng. Ngoài ra, viên kim cương còn là biểu tượng của trí tuệ và sự sáng tạo nhiệt huyết.<br />\n<br />\nViệc sử dụng Moissanite làm trang sức thay thế kim cương là việc hoàn toàn bình thường và ngày càng được phổ biến nhiều hơn.', ' - Giảm giá 10% với toàn bộ đơn từ 2tr<br />\n- Miễn phí vận chuyển toàn quốc<br />\n- Cam kết hàng chuẩn<br />\n- Hotline mua hàng 0982 263 268', '', '', '', '', '', ''),
(144, 2, 'Nhẫn cầu hôn kim cương Moissanite Viền đá tấm lấp lánh - N04', '<p>Nhẫn cầu hôn đính kim cương Moissanite – vẻ đẹp của sự sang trọng đẳng cấp Moissanite được ông Henri Moissan – nhà khoáng vật học người Mỹ phát hiện lần đầu tiên trong một phiến đá miệng thiên thạch Canyon Diablo, Arizona vào năm 1893. Moissanite có vẻ đẹp và tính chất gần giống với kim cương. Với màu trắng sáng tinh khiết, Moissanite biểu tượng cho sự đẳng cấp, sang trọng và vĩnh hằng. Ngoài ra, viên kim cương còn là biểu tượng của trí tuệ và sự sáng tạo nhiệt huyết. Việc sử dụng Moissanite làm trang sức thay thế kim cương là việc hoàn toàn bình thường và ngày càng được phổ biến nhiều hơn.</p>', ' - Giảm giá 10% với toàn bộ đơn từ 2tr<br />\n- Miễn phí vận chuyển toàn quốc<br />\n- Cam kết hàng chuẩn<br />\n- Hotline mua hàng 0982 263 268', '', '', '', '', '', ''),
(145, 2, 'Nhẫn cầu hôn kim cương Moissanite Viền đá tấm lấp lánh - Nhan07', 'Nhẫn cầu hôn đính kim cương Moissanite – vẻ đẹp của sự sang trọng đẳng cấp<br />\nMoissanite được ông Henri Moissan – nhà khoáng vật học người Mỹ phát hiện lần đầu tiên trong một phiến đá miệng thiên thạch Canyon Diablo, Arizona vào năm 1893. Moissanite có vẻ đẹp và tính chất gần giống với kim cương.<br />\nVới màu trắng sáng tinh khiết, Moissanite biểu tượng cho sự đẳng cấp, sang trọng và vĩnh hằng. Ngoài ra, viên kim cương còn là biểu tượng của trí tuệ và sự sáng tạo nhiệt huyết.<br />\n<br />\nViệc sử dụng Moissanite làm trang sức thay thế kim cương là việc hoàn toàn bình thường và ngày càng được phổ biến nhiều hơn.', ' - Giảm giá 10% với toàn bộ đơn từ 2tr<br />\n- Miễn phí vận chuyển toàn quốc<br />\n- Cam kết hàng chuẩn<br />\n- Hotline mua hàng 0982 263 268', '', '', '', '', '', ''),
(146, 2, 'Nhẫn cầu hôn kim cương Moissanite Viền đá tấm lấp lánh - N01', '<p>Nhẫn cầu hôn đính kim cương Moissanite – vẻ đẹp của sự sang trọng đẳng cấp Moissanite được ông Henri Moissan – nhà khoáng vật học người Mỹ phát hiện lần đầu tiên trong một phiến đá miệng thiên thạch Canyon Diablo, Arizona vào năm 1893. Moissanite có vẻ đẹp và tính chất gần giống với kim cương. Với màu trắng sáng tinh khiết, Moissanite biểu tượng cho sự đẳng cấp, sang trọng và vĩnh hằng. Ngoài ra, viên kim cương còn là biểu tượng của trí tuệ và sự sáng tạo nhiệt huyết. Việc sử dụng Moissanite làm trang sức thay thế kim cương là việc hoàn toàn bình thường và ngày càng được phổ biến nhiều hơn.</p>', ' - Giảm giá 10% với toàn bộ đơn từ 2tr<br />\n- Miễn phí vận chuyển toàn quốc<br />\n- Cam kết hàng chuẩn<br />\n- Hotline mua hàng 0982 263 268', '', '', '', '', '', ''),
(147, 2, 'Nhẫn cầu hôn kim cương Moissanite Viền đá tấm lấp lánh - Nhan02', 'Nhẫn cầu hôn đính kim cương Moissanite – vẻ đẹp của sự sang trọng đẳng cấp<br />\nMoissanite được ông Henri Moissan – nhà khoáng vật học người Mỹ phát hiện lần đầu tiên trong một phiến đá miệng thiên thạch Canyon Diablo, Arizona vào năm 1893. Moissanite có vẻ đẹp và tính chất gần giống với kim cương.<br />\nVới màu trắng sáng tinh khiết, Moissanite biểu tượng cho sự đẳng cấp, sang trọng và vĩnh hằng. Ngoài ra, viên kim cương còn là biểu tượng của trí tuệ và sự sáng tạo nhiệt huyết.<br />\n<br />\nViệc sử dụng Moissanite làm trang sức thay thế kim cương là việc hoàn toàn bình thường và ngày càng được phổ biến nhiều hơn.', ' - Giảm giá 10% với toàn bộ đơn từ 2tr<br />\n- Miễn phí vận chuyển toàn quốc<br />\n- Cam kết hàng chuẩn<br />\n- Hotline mua hàng 0982 263 268', '', '', '', '', '', ''),
(148, 2, 'Nhẫn cầu hôn kim cương Moissanite Viền đá tấm lấp lánh - Nhan04', 'Nhẫn cầu hôn đính kim cương Moissanite – vẻ đẹp của sự sang trọng đẳng cấp<br />\nMoissanite được ông Henri Moissan – nhà khoáng vật học người Mỹ phát hiện lần đầu tiên trong một phiến đá miệng thiên thạch Canyon Diablo, Arizona vào năm 1893. Moissanite có vẻ đẹp và tính chất gần giống với kim cương.<br />\nVới màu trắng sáng tinh khiết, Moissanite biểu tượng cho sự đẳng cấp, sang trọng và vĩnh hằng. Ngoài ra, viên kim cương còn là biểu tượng của trí tuệ và sự sáng tạo nhiệt huyết.<br />\n<br />\nViệc sử dụng Moissanite làm trang sức thay thế kim cương là việc hoàn toàn bình thường và ngày càng được phổ biến nhiều hơn.', ' - Giảm giá 10% với toàn bộ đơn từ 2tr<br />\n- Miễn phí vận chuyển toàn quốc<br />\n- Cam kết hàng chuẩn<br />\n- Hotline mua hàng 0982 263 268', '', '', '', '', '', ''),
(149, 2, 'Nhẫn cầu hôn kim cương Moissanite Viền đá tấm lấp lánh - Nhan06', 'Nhẫn cầu hôn đính kim cương Moissanite – vẻ đẹp của sự sang trọng đẳng cấp<br />\nMoissanite được ông Henri Moissan – nhà khoáng vật học người Mỹ phát hiện lần đầu tiên trong một phiến đá miệng thiên thạch Canyon Diablo, Arizona vào năm 1893. Moissanite có vẻ đẹp và tính chất gần giống với kim cương.<br />\nVới màu trắng sáng tinh khiết, Moissanite biểu tượng cho sự đẳng cấp, sang trọng và vĩnh hằng. Ngoài ra, viên kim cương còn là biểu tượng của trí tuệ và sự sáng tạo nhiệt huyết.<br />\n<br />\nViệc sử dụng Moissanite làm trang sức thay thế kim cương là việc hoàn toàn bình thường và ngày càng được phổ biến nhiều hơn.', ' - Giảm giá 10% với toàn bộ đơn từ 2tr<br />\n- Miễn phí vận chuyển toàn quốc<br />\n- Cam kết hàng chuẩn<br />\n- Hotline mua hàng 0982 263 268', '', '', '', '', '', ''),
(150, 2, 'Nhẫn cầu hôn kim cương Moissanite Viền đá tấm lấp lánh - Nhan01', 'Nhẫn cầu hôn đính kim cương Moissanite – vẻ đẹp của sự sang trọng đẳng cấp<br />\nMoissanite được ông Henri Moissan – nhà khoáng vật học người Mỹ phát hiện lần đầu tiên trong một phiến đá miệng thiên thạch Canyon Diablo, Arizona vào năm 1893. Moissanite có vẻ đẹp và tính chất gần giống với kim cương.<br />\nVới màu trắng sáng tinh khiết, Moissanite biểu tượng cho sự đẳng cấp, sang trọng và vĩnh hằng. Ngoài ra, viên kim cương còn là biểu tượng của trí tuệ và sự sáng tạo nhiệt huyết.<br />\n<br />\nViệc sử dụng Moissanite làm trang sức thay thế kim cương là việc hoàn toàn bình thường và ngày càng được phổ biến nhiều hơn.', ' - Giảm giá 10% với toàn bộ đơn từ 2tr<br />\n- Miễn phí vận chuyển toàn quốc<br />\n- Cam kết hàng chuẩn<br />\n- Hotline mua hàng 0982 263 268', '', '', '', '', '', ''),
(151, 2, 'Nhẫn cầu hôn kim cương Moissanite Viền đá tấm lấp lánh - N02', 'Nhẫn cầu hôn đính kim cương Moissanite – vẻ đẹp của sự sang trọng đẳng cấp<br />\nMoissanite được ông Henri Moissan – nhà khoáng vật học người Mỹ phát hiện lần đầu tiên trong một phiến đá miệng thiên thạch Canyon Diablo, Arizona vào năm 1893. Moissanite có vẻ đẹp và tính chất gần giống với kim cương.<br />\nVới màu trắng sáng tinh khiết, Moissanite biểu tượng cho sự đẳng cấp, sang trọng và vĩnh hằng. Ngoài ra, viên kim cương còn là biểu tượng của trí tuệ và sự sáng tạo nhiệt huyết.<br />\n<br />\nViệc sử dụng Moissanite làm trang sức thay thế kim cương là việc hoàn toàn bình thường và ngày càng được phổ biến nhiều hơn.', ' - Giảm giá 10% với toàn bộ đơn từ 2tr<br />\n- Miễn phí vận chuyển toàn quốc<br />\n- Cam kết hàng chuẩn<br />\n- Hotline mua hàng 0982 263 268', '', '', '', '', '', ''),
(152, 2, 'Nhẫn cầu hôn kim cương Moissanite Viền đá tấm lấp lánh - N06', 'Nhẫn cầu hôn đính kim cương Moissanite – vẻ đẹp của sự sang trọng đẳng cấp<br />\nMoissanite được ông Henri Moissan – nhà khoáng vật học người Mỹ phát hiện lần đầu tiên trong một phiến đá miệng thiên thạch Canyon Diablo, Arizona vào năm 1893. Moissanite có vẻ đẹp và tính chất gần giống với kim cương.<br />\nVới màu trắng sáng tinh khiết, Moissanite biểu tượng cho sự đẳng cấp, sang trọng và vĩnh hằng. Ngoài ra, viên kim cương còn là biểu tượng của trí tuệ và sự sáng tạo nhiệt huyết.<br />\n<br />\nViệc sử dụng Moissanite làm trang sức thay thế kim cương là việc hoàn toàn bình thường và ngày càng được phổ biến nhiều hơn.', ' - Giảm giá 10% với toàn bộ đơn từ 2tr<br />\n- Miễn phí vận chuyển toàn quốc<br />\n- Cam kết hàng chuẩn<br />\n- Hotline mua hàng 0982 263 268', '', '', '', '', '', ''),
(153, 2, 'Nhẫn cầu hôn kim cương Moissanite Viền đá tấm lấp lánh - N05', '<p>Nhẫn cầu hôn đính kim cương Moissanite – vẻ đẹp của sự sang trọng đẳng cấp Moissanite được ông Henri Moissan – nhà khoáng vật học người Mỹ phát hiện lần đầu tiên trong một phiến đá miệng thiên thạch Canyon Diablo, Arizona vào năm 1893. Moissanite có vẻ đẹp và tính chất gần giống với kim cương. Với màu trắng sáng tinh khiết, Moissanite biểu tượng cho sự đẳng cấp, sang trọng và vĩnh hằng. Ngoài ra, viên kim cương còn là biểu tượng của trí tuệ và sự sáng tạo nhiệt huyết. Việc sử dụng Moissanite làm trang sức thay thế kim cương là việc hoàn toàn bình thường và ngày càng được phổ biến nhiều hơn.</p>', ' - Giảm giá 10% với toàn bộ đơn từ 2tr<br />\n- Miễn phí vận chuyển toàn quốc<br />\n- Cam kết hàng chuẩn<br />\n- Hotline mua hàng 0982 263 268', '', '', '', '', '', ''),
(154, 2, 'DÂY CHUYỀN VÀNG 14K KẾT HỢP KIM CƯƠNG MOISSANITE – MÃ: CMOI08', 'Hoa tai đính kim cương Moissanite – vẻ đẹp của sự sang trọng đẳng cấp<br />\nMoissanite được ông Henri Moissan – nhà khoáng vật học người Mỹ phát hiện lần đầu tiên trong một phiến đá miệng thiên thạch Canyon Diablo, Arizona vào năm 1893. Moissanite có vẻ đẹp và tính chất gần giống với kim cương.', ' - Giảm giá 10% với toàn bộ đơn từ 2tr<br />\n- Miễn phí vận chuyển toàn quốc<br />\n- Cam kết hàng chuẩn<br />\n- Hotline mua hàng 0982 263 268', '', '', '', '', '', ''),
(155, 2, 'DÂY CHUYỀN VÀNG 14K KẾT HỢP KIM CƯƠNG MOISSANITE – MÃ: CMOI09', 'Hoa tai đính kim cương Moissanite – vẻ đẹp của sự sang trọng đẳng cấp<br />\nMoissanite được ông Henri Moissan – nhà khoáng vật học người Mỹ phát hiện lần đầu tiên trong một phiến đá miệng thiên thạch Canyon Diablo, Arizona vào năm 1893. Moissanite có vẻ đẹp và tính chất gần giống với kim cương.', ' - Giảm giá 10% với toàn bộ đơn từ 2tr<br />\n- Miễn phí vận chuyển toàn quốc<br />\n- Cam kết hàng chuẩn<br />\n- Hotline mua hàng 0982 263 268', '', '', '', '', '', ''),
(156, 2, 'Nhẫn cầu hôn kim cương Moissanite Viền đá tấm lấp lánh - Nhan03', 'Nhẫn cầu hôn đính kim cương Moissanite – vẻ đẹp của sự sang trọng đẳng cấp<br />\nMoissanite được ông Henri Moissan – nhà khoáng vật học người Mỹ phát hiện lần đầu tiên trong một phiến đá miệng thiên thạch Canyon Diablo, Arizona vào năm 1893. Moissanite có vẻ đẹp và tính chất gần giống với kim cương.<br />\nVới màu trắng sáng tinh khiết, Moissanite biểu tượng cho sự đẳng cấp, sang trọng và vĩnh hằng. Ngoài ra, viên kim cương còn là biểu tượng của trí tuệ và sự sáng tạo nhiệt huyết.<br />\n<br />\nViệc sử dụng Moissanite làm trang sức thay thế kim cương là việc hoàn toàn bình thường và ngày càng được phổ biến nhiều hơn.', ' - Giảm giá 10% với toàn bộ đơn từ 2tr<br />\n- Miễn phí vận chuyển toàn quốc<br />\n- Cam kết hàng chuẩn<br />\n- Hotline mua hàng 0982 263 268', '', '', '', '', '', ''),
(157, 2, 'BÔNG TAI VÀNG KIM CƯƠNG MOISSANITE GIÁC CẮT ROUND – MÃ: BT07', 'Hoa tai đính kim cương Moissanite – vẻ đẹp của sự sang trọng đẳng cấp<br />\nMoissanite được ông Henri Moissan – nhà khoáng vật học người Mỹ phát hiện lần đầu tiên trong một phiến đá miệng thiên thạch Canyon Diablo, Arizona vào năm 1893. Moissanite có vẻ đẹp và tính chất gần giống với kim cương.', ' - Giảm giá 10% với toàn bộ đơn từ 2tr<br />\n- Miễn phí vận chuyển toàn quốc<br />\n- Cam kết hàng chuẩn<br />\n- Hotline mua hàng 0982 263 268', '', '', '', '', '', ''),
(158, 2, 'BÔNG TAI VÀNG KIM CƯƠNG MOISSANITE GIÁC CẮT ROUND – MÃ: BT08', 'Hoa tai đính kim cương Moissanite – vẻ đẹp của sự sang trọng đẳng cấp<br />\nMoissanite được ông Henri Moissan – nhà khoáng vật học người Mỹ phát hiện lần đầu tiên trong một phiến đá miệng thiên thạch Canyon Diablo, Arizona vào năm 1893. Moissanite có vẻ đẹp và tính chất gần giống với kim cương.', ' - Giảm giá 10% với toàn bộ đơn từ 2tr<br />\n- Miễn phí vận chuyển toàn quốc<br />\n- Cam kết hàng chuẩn<br />\n- Hotline mua hàng 0982 263 268', '', '', '', '', '', ''),
(159, 2, 'BÔNG TAI VÀNG KIM CƯƠNG MOISSANITE GIÁC CẮT ROUND – MÃ: BT09', 'Hoa tai đính kim cương Moissanite – vẻ đẹp của sự sang trọng đẳng cấp<br />\nMoissanite được ông Henri Moissan – nhà khoáng vật học người Mỹ phát hiện lần đầu tiên trong một phiến đá miệng thiên thạch Canyon Diablo, Arizona vào năm 1893. Moissanite có vẻ đẹp và tính chất gần giống với kim cương.', ' - Giảm giá 10% với toàn bộ đơn từ 2tr<br />\n- Miễn phí vận chuyển toàn quốc<br />\n- Cam kết hàng chuẩn<br />\n- Hotline mua hàng 0982 263 268', '', '', '', '', '', ''),
(160, 2, 'DÂY CHUYỀN VÀNG 14K KẾT HỢP KIM CƯƠNG MOISSANITE – MÃ: LTKCMOI06', '<p>Hoa tai đính kim cương Moissanite – vẻ đẹp của sự sang trọng đẳng cấp Moissanite được ông Henri Moissan – nhà khoáng vật học người Mỹ phát hiện lần đầu tiên trong một phiến đá miệng thiên thạch Canyon Diablo, Arizona vào năm 1893. Moissanite có vẻ đẹp và tính chất gần giống với kim cương.</p>', ' - Giảm giá 10% với toàn bộ đơn từ 2tr<br />\n- Miễn phí vận chuyển toàn quốc<br />\n- Cam kết hàng chuẩn<br />\n- Hotline mua hàng 0982 263 268', '', '', '', '', '', ''),
(161, 2, 'BÔNG TAI VÀNG KIM CƯƠNG MOISSANITE GIÁC CẮT ROUND – MÃ: BTKC09', '<p>Hoa tai đính kim cương Moissanite – vẻ đẹp của sự sang trọng đẳng cấp Moissanite được ông Henri Moissan – nhà khoáng vật học người Mỹ phát hiện lần đầu tiên trong một phiến đá miệng thiên thạch Canyon Diablo, Arizona vào năm 1893. Moissanite có vẻ đẹp và tính chất gần giống với kim cương.</p>', ' - Giảm giá 10% với toàn bộ đơn từ 2tr<br />\n- Miễn phí vận chuyển toàn quốc<br />\n- Cam kết hàng chuẩn<br />\n- Hotline mua hàng 0982 263 268', '', '', '', '', '', ''),
(162, 2, 'BÔNG TAI VÀNG KIM CƯƠNG MOISSANITE GIÁC CẮT ROUND – MÃ: BTKC08', '<p>Hoa tai đính kim cương Moissanite – vẻ đẹp của sự sang trọng đẳng cấp Moissanite được ông Henri Moissan – nhà khoáng vật học người Mỹ phát hiện lần đầu tiên trong một phiến đá miệng thiên thạch Canyon Diablo, Arizona vào năm 1893. Moissanite có vẻ đẹp và tính chất gần giống với kim cương.</p>', ' - Giảm giá 10% với toàn bộ đơn từ 2tr<br />\n- Miễn phí vận chuyển toàn quốc<br />\n- Cam kết hàng chuẩn<br />\n- Hotline mua hàng 0982 263 268', '', '', '', '', '', ''),
(163, 2, 'BÔNG TAI VÀNG KIM CƯƠNG MOISSANITE GIÁC CẮT ROUND – MÃ: BTKC07', 'Hoa tai đính kim cương Moissanite – vẻ đẹp của sự sang trọng đẳng cấp<br />\nMoissanite được ông Henri Moissan – nhà khoáng vật học người Mỹ phát hiện lần đầu tiên trong một phiến đá miệng thiên thạch Canyon Diablo, Arizona vào năm 1893. Moissanite có vẻ đẹp và tính chất gần giống với kim cương.', ' - Giảm giá 10% với toàn bộ đơn từ 2tr<br />\n- Miễn phí vận chuyển toàn quốc<br />\n- Cam kết hàng chuẩn<br />\n- Hotline mua hàng 0982 263 268', '', '', '', '', '', ''),
(164, 2, 'BÔNG TAI VÀNG KIM CƯƠNG MOISSANITE GIÁC CẮT ROUND – MÃ: BTKC10', 'Hoa tai đính kim cương Moissanite – vẻ đẹp của sự sang trọng đẳng cấp<br />\nMoissanite được ông Henri Moissan – nhà khoáng vật học người Mỹ phát hiện lần đầu tiên trong một phiến đá miệng thiên thạch Canyon Diablo, Arizona vào năm 1893. Moissanite có vẻ đẹp và tính chất gần giống với kim cương.', ' - Giảm giá 10% với toàn bộ đơn từ 2tr<br />\n- Miễn phí vận chuyển toàn quốc<br />\n- Cam kết hàng chuẩn<br />\n- Hotline mua hàng 0982 263 268', '', '', '', '', '', ''),
(165, 2, 'DÂY CHUYỀN VÀNG 14K KẾT HỢP KIM CƯƠNG MOISSANITE – MÃ: LTKCMOI07', 'Hoa tai đính kim cương Moissanite – vẻ đẹp của sự sang trọng đẳng cấp<br />\nMoissanite được ông Henri Moissan – nhà khoáng vật học người Mỹ phát hiện lần đầu tiên trong một phiến đá miệng thiên thạch Canyon Diablo, Arizona vào năm 1893. Moissanite có vẻ đẹp và tính chất gần giống với kim cương.', ' - Giảm giá 10% với toàn bộ đơn từ 2tr<br />\n- Miễn phí vận chuyển toàn quốc<br />\n- Cam kết hàng chuẩn<br />\n- Hotline mua hàng 0982 263 268', '', '', '', '', '', ''),
(166, 2, 'DÂY CHUYỀN VÀNG 14K KẾT HỢP KIM CƯƠNG MOISSANITE – MÃ: LTKCMOI08', 'Hoa tai đính kim cương Moissanite – vẻ đẹp của sự sang trọng đẳng cấp<br />\nMoissanite được ông Henri Moissan – nhà khoáng vật học người Mỹ phát hiện lần đầu tiên trong một phiến đá miệng thiên thạch Canyon Diablo, Arizona vào năm 1893. Moissanite có vẻ đẹp và tính chất gần giống với kim cương.', ' - Giảm giá 10% với toàn bộ đơn từ 2tr<br />\n- Miễn phí vận chuyển toàn quốc<br />\n- Cam kết hàng chuẩn<br />\n- Hotline mua hàng 0982 263 268', '', '', '', '', '', ''),
(167, 2, 'DÂY CHUYỀN VÀNG 14K KẾT HỢP KIM CƯƠNG MOISSANITE – MÃ: LTKCMOI09', 'Hoa tai đính kim cương Moissanite – vẻ đẹp của sự sang trọng đẳng cấp<br />\nMoissanite được ông Henri Moissan – nhà khoáng vật học người Mỹ phát hiện lần đầu tiên trong một phiến đá miệng thiên thạch Canyon Diablo, Arizona vào năm 1893. Moissanite có vẻ đẹp và tính chất gần giống với kim cương.', ' - Giảm giá 10% với toàn bộ đơn từ 2tr<br />\n- Miễn phí vận chuyển toàn quốc<br />\n- Cam kết hàng chuẩn<br />\n- Hotline mua hàng 0982 263 268', '', '', '', '', '', ''),
(168, 2, 'cherries earrings', '', '', '', '', '', '', '', ''),
(169, 2, 'sphere earrings', '', '', '', '', '', '', '', ''),
(170, 2, 'pearl earrings', '', '', '', '', '', '', '', ''),
(171, 2, 'leaf necklace', '', '', '', '', '', '', '', ''),
(172, 2, 'moon and stars necklace', '', '', '', '', '', '', '', ''),
(173, 2, 'sun necklace', '', '', '', '', '', '', '', ''),
(174, 2, 'marble ring', '', '', '', '', '', '', '', ''),
(175, 2, 'BÔNG TAI VÀNG KIM CƯƠNG MOISSANITE GIÁC CẮT ROUND – MÃ: BT10', 'Hoa tai đính kim cương Moissanite – vẻ đẹp của sự sang trọng đẳng cấp<br />\nMoissanite được ông Henri Moissan – nhà khoáng vật học người Mỹ phát hiện lần đầu tiên trong một phiến đá miệng thiên thạch Canyon Diablo, Arizona vào năm 1893. Moissanite có vẻ đẹp và tính chất gần giống với kim cương.', ' - Giảm giá 10% với toàn bộ đơn từ 2tr<br />\n- Miễn phí vận chuyển toàn quốc<br />\n- Cam kết hàng chuẩn<br />\n- Hotline mua hàng 0982 263 268', '', '', '', '', '', ''),
(176, 2, 'DÂY CHUYỀN VÀNG 14K KẾT HỢP KIM CƯƠNG MOISSANITE – MÃ: CMOI06', 'Hoa tai đính kim cương Moissanite – vẻ đẹp của sự sang trọng đẳng cấp<br />\nMoissanite được ông Henri Moissan – nhà khoáng vật học người Mỹ phát hiện lần đầu tiên trong một phiến đá miệng thiên thạch Canyon Diablo, Arizona vào năm 1893. Moissanite có vẻ đẹp và tính chất gần giống với kim cương.', ' - Giảm giá 10% với toàn bộ đơn từ 2tr<br />\n- Miễn phí vận chuyển toàn quốc<br />\n- Cam kết hàng chuẩn<br />\n- Hotline mua hàng 0982 263 268', '', '', '', '', '', ''),
(177, 2, 'DÂY CHUYỀN VÀNG 14K KẾT HỢP KIM CƯƠNG MOISSANITE – MÃ: CMOI07', 'Hoa tai đính kim cương Moissanite – vẻ đẹp của sự sang trọng đẳng cấp<br />\nMoissanite được ông Henri Moissan – nhà khoáng vật học người Mỹ phát hiện lần đầu tiên trong một phiến đá miệng thiên thạch Canyon Diablo, Arizona vào năm 1893. Moissanite có vẻ đẹp và tính chất gần giống với kim cương.', ' - Giảm giá 10% với toàn bộ đơn từ 2tr<br />\n- Miễn phí vận chuyển toàn quốc<br />\n- Cam kết hàng chuẩn<br />\n- Hotline mua hàng 0982 263 268', '', '', '', '', '', '');


-- oc_product_image PRIMARY KEY (`product_image_id`)
INSERT IGNORE INTO `oc_product_image` (`product_image_id`, `product_id`, `image`, `image_alt`, `sort_order`) VALUES
(143, 140, 'https://cdn.bestme.asia/images/katjewelry/nhan-nam-bac-hinh-rong-mat-da-xanh-nna0068-1.jpg', '', 0),
(144, 141, 'https://cdn.bestme.asia/images/katjewelry/nhan-bac-nam-dep-dinh-da-trang-sang-trong-nna0066.jpg', '', 0),
(145, 142, 'https://2.pik.vn/202019e338fe-da42-4769-b015-8e47f998bf33.png', '', 0),
(146, 142, 'https://2.pik.vn/2020947fd35a-0738-4a74-bc47-03614a4e5f56.png', '', 1),
(147, 142, 'https://2.pik.vn/20202b5cb9ad-6595-43d5-8928-8061ef0d7b40.png', '', 2),
(148, 142, 'https://2.pik.vn/2020b384e767-9662-49eb-a378-38fab37a9b3a.png', '', 3),
(149, 142, 'https://2.pik.vn/2020745686c3-c42d-4d2c-98ce-104e070eac0f.png', '', 4),
(150, 143, 'https://2.pik.vn/202019e338fe-da42-4769-b015-8e47f998bf33.png', '', 0),
(151, 143, 'https://2.pik.vn/2020947fd35a-0738-4a74-bc47-03614a4e5f56.png', '', 1),
(152, 143, 'https://2.pik.vn/2020eaf1d324-e7e3-49bb-9b9e-7135553a3d53.png', '', 2),
(153, 143, 'https://2.pik.vn/20202b5cb9ad-6595-43d5-8928-8061ef0d7b40.png', '', 3),
(154, 143, 'https://2.pik.vn/2020745686c3-c42d-4d2c-98ce-104e070eac0f.png', '', 4),
(155, 144, 'https://2.pik.vn/202019e338fe-da42-4769-b015-8e47f998bf33.png', '', 0),
(156, 144, 'https://2.pik.vn/2020947fd35a-0738-4a74-bc47-03614a4e5f56.png', '', 1),
(157, 144, 'https://2.pik.vn/2020eaf1d324-e7e3-49bb-9b9e-7135553a3d53.png', '', 2),
(158, 144, 'https://2.pik.vn/2020b384e767-9662-49eb-a378-38fab37a9b3a.png', '', 3),
(159, 144, 'https://2.pik.vn/2020745686c3-c42d-4d2c-98ce-104e070eac0f.png', '', 4),
(160, 145, 'https://2.pik.vn/202019e338fe-da42-4769-b015-8e47f998bf33.png', '', 0),
(161, 145, 'https://2.pik.vn/2020947fd35a-0738-4a74-bc47-03614a4e5f56.png', '', 1),
(162, 145, 'https://2.pik.vn/2020eaf1d324-e7e3-49bb-9b9e-7135553a3d53.png', '', 2),
(163, 145, 'https://2.pik.vn/20202b5cb9ad-6595-43d5-8928-8061ef0d7b40.png', '', 3),
(164, 145, 'https://2.pik.vn/2020b384e767-9662-49eb-a378-38fab37a9b3a.png', '', 4),
(165, 146, 'https://2.pik.vn/2020947fd35a-0738-4a74-bc47-03614a4e5f56.png', '', 0),
(166, 146, 'https://2.pik.vn/2020eaf1d324-e7e3-49bb-9b9e-7135553a3d53.png', '', 1),
(167, 146, 'https://2.pik.vn/20202b5cb9ad-6595-43d5-8928-8061ef0d7b40.png', '', 2),
(168, 146, 'https://2.pik.vn/2020b384e767-9662-49eb-a378-38fab37a9b3a.png', '', 3),
(169, 146, 'https://2.pik.vn/2020745686c3-c42d-4d2c-98ce-104e070eac0f.png', '', 4),
(170, 147, 'https://2.pik.vn/202019e338fe-da42-4769-b015-8e47f998bf33.png', '', 0),
(171, 147, 'https://2.pik.vn/2020eaf1d324-e7e3-49bb-9b9e-7135553a3d53.png', '', 1),
(172, 147, 'https://2.pik.vn/20202b5cb9ad-6595-43d5-8928-8061ef0d7b40.png', '', 2),
(173, 147, 'https://2.pik.vn/2020b384e767-9662-49eb-a378-38fab37a9b3a.png', '', 3),
(174, 147, 'https://2.pik.vn/2020745686c3-c42d-4d2c-98ce-104e070eac0f.png', '', 4),
(175, 148, 'https://2.pik.vn/202019e338fe-da42-4769-b015-8e47f998bf33.png', '', 0),
(176, 148, 'https://2.pik.vn/2020947fd35a-0738-4a74-bc47-03614a4e5f56.png', '', 1),
(177, 148, 'https://2.pik.vn/2020eaf1d324-e7e3-49bb-9b9e-7135553a3d53.png', '', 2),
(178, 148, 'https://2.pik.vn/2020b384e767-9662-49eb-a378-38fab37a9b3a.png', '', 3),
(179, 148, 'https://2.pik.vn/2020745686c3-c42d-4d2c-98ce-104e070eac0f.png', '', 4),
(180, 149, 'https://2.pik.vn/202019e338fe-da42-4769-b015-8e47f998bf33.png', '', 0),
(181, 149, 'https://2.pik.vn/2020947fd35a-0738-4a74-bc47-03614a4e5f56.png', '', 1),
(182, 149, 'https://2.pik.vn/2020eaf1d324-e7e3-49bb-9b9e-7135553a3d53.png', '', 2),
(183, 149, 'https://2.pik.vn/20202b5cb9ad-6595-43d5-8928-8061ef0d7b40.png', '', 3),
(184, 149, 'https://2.pik.vn/2020b384e767-9662-49eb-a378-38fab37a9b3a.png', '', 4),
(185, 150, 'https://2.pik.vn/2020947fd35a-0738-4a74-bc47-03614a4e5f56.png', '', 0),
(186, 150, 'https://2.pik.vn/2020eaf1d324-e7e3-49bb-9b9e-7135553a3d53.png', '', 1),
(187, 150, 'https://2.pik.vn/20202b5cb9ad-6595-43d5-8928-8061ef0d7b40.png', '', 2),
(188, 150, 'https://2.pik.vn/2020b384e767-9662-49eb-a378-38fab37a9b3a.png', '', 3),
(189, 150, 'https://2.pik.vn/2020745686c3-c42d-4d2c-98ce-104e070eac0f.png', '', 4),
(190, 151, 'https://2.pik.vn/202019e338fe-da42-4769-b015-8e47f998bf33.png', '', 0),
(191, 151, 'https://2.pik.vn/2020eaf1d324-e7e3-49bb-9b9e-7135553a3d53.png', '', 1),
(192, 151, 'https://2.pik.vn/20202b5cb9ad-6595-43d5-8928-8061ef0d7b40.png', '', 2),
(193, 151, 'https://2.pik.vn/2020b384e767-9662-49eb-a378-38fab37a9b3a.png', '', 3),
(194, 151, 'https://2.pik.vn/2020745686c3-c42d-4d2c-98ce-104e070eac0f.png', '', 4),
(195, 152, 'https://2.pik.vn/202019e338fe-da42-4769-b015-8e47f998bf33.png', '', 0),
(196, 152, 'https://2.pik.vn/2020947fd35a-0738-4a74-bc47-03614a4e5f56.png', '', 1),
(197, 152, 'https://2.pik.vn/2020eaf1d324-e7e3-49bb-9b9e-7135553a3d53.png', '', 2),
(198, 152, 'https://2.pik.vn/20202b5cb9ad-6595-43d5-8928-8061ef0d7b40.png', '', 3),
(199, 152, 'https://2.pik.vn/2020b384e767-9662-49eb-a378-38fab37a9b3a.png', '', 4),
(200, 153, 'https://2.pik.vn/202019e338fe-da42-4769-b015-8e47f998bf33.png', '', 0),
(201, 153, 'https://2.pik.vn/2020947fd35a-0738-4a74-bc47-03614a4e5f56.png', '', 1),
(202, 153, 'https://2.pik.vn/2020eaf1d324-e7e3-49bb-9b9e-7135553a3d53.png', '', 2),
(203, 153, 'https://2.pik.vn/20202b5cb9ad-6595-43d5-8928-8061ef0d7b40.png', '', 3),
(204, 153, 'https://2.pik.vn/2020745686c3-c42d-4d2c-98ce-104e070eac0f.png', '', 4),
(205, 154, 'https://2.pik.vn/2020981c6750-b6aa-4085-b56e-7f9103853b56.png', '', 0),
(206, 154, 'https://2.pik.vn/20202ce23a8d-89fa-4349-a95b-d7da7f82888f.png', '', 1),
(207, 154, 'https://2.pik.vn/202001ef3b2f-8294-4ecb-b580-fd3b835414c3.png', '', 2),
(208, 155, 'https://2.pik.vn/2020981c6750-b6aa-4085-b56e-7f9103853b56.png', '', 0),
(209, 155, 'https://2.pik.vn/20202ce23a8d-89fa-4349-a95b-d7da7f82888f.png', '', 1),
(210, 155, 'https://2.pik.vn/2020d40126f9-ee1d-484e-9d1f-d16f1db73dc5.png', '', 2),
(211, 156, 'https://2.pik.vn/202019e338fe-da42-4769-b015-8e47f998bf33.png', '', 0),
(212, 156, 'https://2.pik.vn/2020947fd35a-0738-4a74-bc47-03614a4e5f56.png', '', 1),
(213, 156, 'https://2.pik.vn/20202b5cb9ad-6595-43d5-8928-8061ef0d7b40.png', '', 2),
(214, 156, 'https://2.pik.vn/2020b384e767-9662-49eb-a378-38fab37a9b3a.png', '', 3),
(215, 156, 'https://2.pik.vn/2020745686c3-c42d-4d2c-98ce-104e070eac0f.png', '', 4),
(216, 157, 'https://2.pik.vn/202050a14740-e7c5-415e-91f1-5eb42db5d7dd.png', '', 0),
(217, 157, 'https://2.pik.vn/20204e7a582d-587b-4d3f-90c6-d06e77477bfd.png', '', 1),
(218, 157, 'https://2.pik.vn/202015ddcb70-4431-4e97-8b97-b8877f1c990f.png', '', 2),
(219, 158, 'https://2.pik.vn/20208caf66e5-50da-4c12-9f8d-39f97667f69e.png', '', 0),
(220, 158, 'https://2.pik.vn/20204e7a582d-587b-4d3f-90c6-d06e77477bfd.png', '', 1),
(221, 158, 'https://2.pik.vn/202015ddcb70-4431-4e97-8b97-b8877f1c990f.png', '', 2),
(222, 159, 'https://2.pik.vn/20208caf66e5-50da-4c12-9f8d-39f97667f69e.png', '', 0),
(223, 159, 'https://2.pik.vn/202050a14740-e7c5-415e-91f1-5eb42db5d7dd.png', '', 1),
(224, 159, 'https://2.pik.vn/202015ddcb70-4431-4e97-8b97-b8877f1c990f.png', '', 2),
(225, 160, 'https://2.pik.vn/20202ce23a8d-89fa-4349-a95b-d7da7f82888f.png', '', 0),
(226, 160, 'https://2.pik.vn/2020d40126f9-ee1d-484e-9d1f-d16f1db73dc5.png', '', 1),
(227, 160, 'https://2.pik.vn/202001ef3b2f-8294-4ecb-b580-fd3b835414c3.png', '', 2),
(228, 161, 'https://2.pik.vn/20208caf66e5-50da-4c12-9f8d-39f97667f69e.png', '', 0),
(229, 161, 'https://2.pik.vn/202050a14740-e7c5-415e-91f1-5eb42db5d7dd.png', '', 1),
(230, 161, 'https://2.pik.vn/202015ddcb70-4431-4e97-8b97-b8877f1c990f.png', '', 2),
(231, 162, 'https://2.pik.vn/20208caf66e5-50da-4c12-9f8d-39f97667f69e.png', '', 0),
(232, 162, 'https://2.pik.vn/20204e7a582d-587b-4d3f-90c6-d06e77477bfd.png', '', 1),
(233, 162, 'https://2.pik.vn/202015ddcb70-4431-4e97-8b97-b8877f1c990f.png', '', 2),
(234, 163, 'https://2.pik.vn/202050a14740-e7c5-415e-91f1-5eb42db5d7dd.png', '', 0),
(235, 163, 'https://2.pik.vn/20204e7a582d-587b-4d3f-90c6-d06e77477bfd.png', '', 1),
(236, 163, 'https://2.pik.vn/202015ddcb70-4431-4e97-8b97-b8877f1c990f.png', '', 2),
(237, 164, 'https://2.pik.vn/20208caf66e5-50da-4c12-9f8d-39f97667f69e.png', '', 0),
(238, 164, 'https://2.pik.vn/202050a14740-e7c5-415e-91f1-5eb42db5d7dd.png', '', 1),
(239, 164, 'https://2.pik.vn/20204e7a582d-587b-4d3f-90c6-d06e77477bfd.png', '', 2),
(240, 165, 'https://2.pik.vn/2020981c6750-b6aa-4085-b56e-7f9103853b56.png', '', 0),
(241, 165, 'https://2.pik.vn/2020d40126f9-ee1d-484e-9d1f-d16f1db73dc5.png', '', 1),
(242, 165, 'https://2.pik.vn/202001ef3b2f-8294-4ecb-b580-fd3b835414c3.png', '', 2),
(243, 166, 'https://2.pik.vn/2020981c6750-b6aa-4085-b56e-7f9103853b56.png', '', 0),
(244, 166, 'https://2.pik.vn/20202ce23a8d-89fa-4349-a95b-d7da7f82888f.png', '', 1),
(245, 166, 'https://2.pik.vn/202001ef3b2f-8294-4ecb-b580-fd3b835414c3.png', '', 2),
(246, 167, 'https://2.pik.vn/2020981c6750-b6aa-4085-b56e-7f9103853b56.png', '', 0),
(247, 167, 'https://2.pik.vn/20202ce23a8d-89fa-4349-a95b-d7da7f82888f.png', '', 1),
(248, 167, 'https://2.pik.vn/2020d40126f9-ee1d-484e-9d1f-d16f1db73dc5.png', '', 2),
(249, 175, 'https://2.pik.vn/20208caf66e5-50da-4c12-9f8d-39f97667f69e.png', '', 0),
(250, 175, 'https://2.pik.vn/202050a14740-e7c5-415e-91f1-5eb42db5d7dd.png', '', 1),
(251, 175, 'https://2.pik.vn/20204e7a582d-587b-4d3f-90c6-d06e77477bfd.png', '', 2),
(252, 176, 'https://2.pik.vn/20202ce23a8d-89fa-4349-a95b-d7da7f82888f.png', '', 0),
(253, 176, 'https://2.pik.vn/2020d40126f9-ee1d-484e-9d1f-d16f1db73dc5.png', '', 1),
(254, 176, 'https://2.pik.vn/202001ef3b2f-8294-4ecb-b580-fd3b835414c3.png', '', 2),
(255, 177, 'https://2.pik.vn/2020981c6750-b6aa-4085-b56e-7f9103853b56.png', '', 0),
(256, 177, 'https://2.pik.vn/2020d40126f9-ee1d-484e-9d1f-d16f1db73dc5.png', '', 1),
(257, 177, 'https://2.pik.vn/202001ef3b2f-8294-4ecb-b580-fd3b835414c3.png', '', 2);

-- oc_product_to_category PRIMARY KEY (`product_id`,`category_id`)
INSERT IGNORE INTO `oc_product_to_category` (`product_id`, `category_id`) VALUES
(132, 42),
(133, 42),
(134, 50),
(135, 39),
(136, 39),
(137, 39),
(138, 50),
(139, 50),
(140, 53),
(141, 53),
(142, 64),
(143, 64),
(144, 64),
(145, 64),
(146, 64),
(147, 64),
(148, 64),
(149, 64),
(150, 64),
(151, 64),
(152, 64),
(153, 64),
(154, 65),
(155, 65),
(157, 66),
(158, 66),
(159, 66),
(160, 65),
(161, 66),
(162, 66),
(163, 66),
(164, 66),
(165, 65),
(166, 65),
(167, 65),
(175, 66),
(176, 65),
(177, 65);

-- oc_product_to_store PRIMARY KEY (`product_id`,`store_id`)
INSERT IGNORE INTO `oc_product_to_store` (`product_id`, `store_id`, `product_version_id`, `quantity`, `cost_price`) VALUES
(160, 0, 0, 50, '0.0000'),
(159, 0, 0, 50, '0.0000'),
(158, 0, 0, 50, '0.0000'),
(157, 0, 0, 50, '0.0000'),
(156, 0, 0, 50, '0.0000'),
(155, 0, 0, 50, '0.0000'),
(154, 0, 0, 50, '0.0000'),
(153, 0, 0, 50, '0.0000'),
(152, 0, 0, 50, '0.0000'),
(151, 0, 0, 50, '0.0000'),
(150, 0, 0, 50, '0.0000'),
(149, 0, 0, 50, '0.0000'),
(148, 0, 0, 50, '0.0000'),
(147, 0, 0, 50, '0.0000'),
(146, 0, 0, 50, '0.0000'),
(145, 0, 0, 50, '0.0000'),
(144, 0, 0, 50, '0.0000'),
(143, 0, 0, 50, '0.0000'),
(141, 0, 0, 30, '0.0000'),
(140, 0, 0, 30, '0.0000'),
(139, 0, 0, 30, '0.0000'),
(138, 0, 0, 30, '0.0000'),
(137, 0, 0, 30, '0.0000'),
(136, 0, 0, 30, '0.0000'),
(135, 0, 0, 30, '0.0000'),
(134, 0, 0, 30, '0.0000'),
(133, 0, 0, 30, '0.0000'),
(132, 0, 0, 30, '0.0000'),
(161, 0, 0, 50, '0.0000'),
(162, 0, 0, 50, '0.0000'),
(163, 0, 0, 50, '0.0000'),
(164, 0, 0, 50, '0.0000'),
(165, 0, 0, 50, '0.0000'),
(166, 0, 0, 50, '0.0000'),
(167, 0, 0, 50, '0.0000'),
(168, 0, 0, 1, '0.0000'),
(169, 0, 0, 1, '0.0000'),
(170, 0, 0, 1, '0.0000'),
(171, 0, 0, 1, '0.0000'),
(172, 0, 0, 1, '0.0000'),
(173, 0, 0, 1, '0.0000'),
(174, 0, 0, 1, '0.0000'),
(175, 0, 0, 50, '0.0000'),
(176, 0, 0, 50, '0.0000'),
(177, 0, 0, 50, '0.0000');