-- oc_product PRIMARY KEY (`product_id`)
-- delete first
INSERT IGNORE INTO `oc_product` (`product_id`, `model`, `sku`, `common_barcode`, `common_sku`, `common_compare_price`, `common_price`, `common_cost_price`, `barcode`, `upc`, `ean`, `jan`, `isbn`, `mpn`, `location`, `quantity`, `sale_on_out_of_stock`, `stock_status_id`, `image`, `image_alt`, `multi_versions`, `manufacturer_id`, `shipping`, `price`, `price_currency_id`, `compare_price`, `c_price_currency_id`, `points`, `tax_class_id`, `date_available`, `weight`, `weight_class_id`, `length`, `width`, `height`, `length_class_id`, `subtract`, `minimum`, `sort_order`, `status`, `channel`, `viewed`, `demo`, `deleted`, `default_store_id`, `user_create_id`, `date_added`, `date_modified`) VALUES
(173, '', '', '', '', '0.0000', '0.0000', '0.0000', '', '', '', '', '', '', '', 0, 0, 0, 'https://cdn.bestme.asia/images/x2/1_84RGntq.png', '', 0, 26, 1, '0.0000', 1, '450000.0000', 1, 0, 0, '0000-00-00', '100.00000000', 1, '0.00000000', '0.00000000', '0.00000000', 0, 1, 1, 0, 1, 2, 0, 1, NULL, 0, 1, '2020-09-17 16:27:33', '2020-09-28 11:29:05'),
(172, '', '', '', '', '0.0000', '0.0000', '0.0000', '', '', '', '', '', '', '', 0, 0, 0, 'https://cdn.bestme.asia/images/x2/6_hc5PXXD.png', '', 0, 26, 1, '0.0000', 1, '650000.0000', 1, 0, 0, '0000-00-00', '100.00000000', 1, '0.00000000', '0.00000000', '0.00000000', 0, 1, 1, 0, 1, 2, 0, 1, NULL, 0, 1, '2020-09-17 16:27:32', '2020-09-28 11:28:19'),
(174, '', '', '', '', '0.0000', '0.0000', '0.0000', '', '', '', '', '', '', '', 0, 0, 0, 'https://cdn.bestme.asia/images/x2/2_ulu3mKX.png', '', 0, 26, 1, '0.0000', 1, '563500.0000', 1, 0, 0, '0000-00-00', '100.00000000', 1, '0.00000000', '0.00000000', '0.00000000', 0, 1, 1, 0, 1, 2, 0, 1, NULL, 0, 1, '2020-09-17 16:27:33', '2020-09-28 11:29:39'),
(175, '', '', '', '', '0.0000', '0.0000', '0.0000', '', '', '', '', '', '', '', 0, 0, 0, 'https://cdn.bestme.asia/images/x2/7_FkMl8VS.png', '', 0, 26, 1, '0.0000', 1, '632500.0000', 1, 0, 0, '0000-00-00', '100.00000000', 1, '0.00000000', '0.00000000', '0.00000000', 0, 1, 1, 0, 1, 2, 0, 1, NULL, 0, 1, '2020-09-17 16:27:33', '2020-09-28 11:31:41'),
(176, '', '', '', '', '0.0000', '0.0000', '0.0000', '', '', '', '', '', '', '', 0, 0, 0, 'https://cdn.bestme.asia/images/x2/3_rsyBIk7.png', '', 0, 26, 1, '0.0000', 1, '423500.0000', 1, 0, 0, '0000-00-00', '100.00000000', 1, '0.00000000', '0.00000000', '0.00000000', 0, 1, 1, 0, 1, 2, 0, 1, NULL, 0, 1, '2020-09-17 16:27:33', '2020-09-28 11:32:21'),
(177, '', '', '', '', '0.0000', '0.0000', '0.0000', '', '', '', '', '', '', '', 0, 0, 0, 'https://cdn.bestme.asia/images/x2/4_t9910UG.png', '', 0, 26, 1, '0.0000', 1, '236500.0000', 1, 0, 0, '0000-00-00', '100.00000000', 1, '0.00000000', '0.00000000', '0.00000000', 0, 1, 1, 0, 1, 2, 0, 1, NULL, 0, 1, '2020-09-17 16:27:33', '2020-09-28 11:36:37'),
(178, '', '', '', '', '0.0000', '0.0000', '0.0000', '', '', '', '', '', '', '', 0, 0, 0, 'https://cdn.bestme.asia/images/x2/5_3ik1iOU.png', '', 0, 26, 1, '0.0000', 1, '689000.0000', 1, 0, 0, '0000-00-00', '100.00000000', 1, '0.00000000', '0.00000000', '0.00000000', 0, 1, 1, 0, 1, 2, 0, 1, NULL, 0, 1, '2020-09-17 16:27:33', '2020-09-28 11:37:10'),
(179, '', '', '', '', '0.0000', '0.0000', '0.0000', '', '', '', '', '', '', '', 0, 0, 0, 'https://cdn.bestme.asia/images/x2/8_hEBYxJt.png', '', 0, 26, 1, '0.0000', 1, '550000.0000', 1, 0, 0, '0000-00-00', '100.00000000', 1, '0.00000000', '0.00000000', '0.00000000', 0, 1, 1, 0, 1, 2, 0, 1, NULL, 0, 1, '2020-09-17 16:27:33', '2020-09-28 11:38:31'),
(180, '', '', '', '', '0.0000', '0.0000', '0.0000', '', '', '', '', '', '', '', 0, 0, 0, 'https://2.pik.vn/202035ff444b-b604-43ed-b125-4c832ebe6bcd.png', '', 0, 26, 1, '0.0000', 1, '450000.0000', 1, 0, 0, '0000-00-00', '100.00000000', 1, '0.00000000', '0.00000000', '0.00000000', 0, 1, 1, 0, 1, 2, 0, 1, NULL, 0, 1, '2020-09-17 16:27:33', '2020-09-17 16:27:33'),
(181, '', '', '', '', '0.0000', '0.0000', '0.0000', '', '', '', '', '', '', '', 0, 0, 0, 'https://2.pik.vn/20207725285c-74c3-408e-8ac6-49fde9e3dcc8.png', '', 0, 26, 1, '0.0000', 1, '563500.0000', 1, 0, 0, '0000-00-00', '100.00000000', 1, '0.00000000', '0.00000000', '0.00000000', 0, 1, 1, 0, 1, 2, 0, 1, NULL, 0, 1, '2020-09-17 16:27:33', '2020-09-17 16:27:33'),
(182, '', '', '', '', '0.0000', '0.0000', '0.0000', '', '', '', '', '', '', '', 0, 0, 0, 'https://2.pik.vn/2020ea7bbec2-ee9b-42bc-a43a-be8211377bd0.png', '', 0, 26, 1, '0.0000', 1, '632500.0000', 1, 0, 0, '0000-00-00', '100.00000000', 1, '0.00000000', '0.00000000', '0.00000000', 0, 1, 1, 0, 1, 2, 0, 1, NULL, 0, 1, '2020-09-17 16:27:33', '2020-09-17 16:27:33'),
(183, '', '', '', '', '0.0000', '0.0000', '0.0000', '', '', '', '', '', '', '', 0, 0, 0, 'https://2.pik.vn/20206c78a795-2a93-4e98-a6c9-751917a24765.png', '', 0, 26, 1, '0.0000', 1, '423500.0000', 1, 0, 0, '0000-00-00', '100.00000000', 1, '0.00000000', '0.00000000', '0.00000000', 0, 1, 1, 0, 1, 2, 0, 1, NULL, 0, 1, '2020-09-17 16:27:33', '2020-09-17 16:27:33'),
(184, '', '', '', '', '0.0000', '0.0000', '0.0000', '', '', '', '', '', '', '', 0, 0, 0, 'https://2.pik.vn/2020ff20bdab-c080-40a4-9105-76820a9b2ee5.png', '', 0, 26, 1, '0.0000', 1, '236500.0000', 1, 0, 0, '0000-00-00', '100.00000000', 1, '0.00000000', '0.00000000', '0.00000000', 0, 1, 1, 0, 1, 2, 0, 1, NULL, 0, 1, '2020-09-17 16:27:33', '2020-09-17 16:27:33'),
(185, '', '', '', '', '0.0000', '0.0000', '0.0000', '', '', '', '', '', '', '', 0, 0, 0, 'https://2.pik.vn/20209fb624c5-5e40-4275-973b-cd03cbe90deb.png', '', 0, 26, 1, '0.0000', 1, '564000.0000', 1, 0, 0, '0000-00-00', '100.00000000', 1, '0.00000000', '0.00000000', '0.00000000', 0, 1, 1, 0, 1, 2, 0, 1, NULL, 0, 1, '2020-09-17 16:27:33', '2020-09-17 16:27:33'),
(186, '', '', '', '', '0.0000', '0.0000', '0.0000', '', '', '', '', '', '', '', 0, 0, 0, 'https://2.pik.vn/20200416d4c6-2e8e-4ae5-b9dd-2ab7152f4881.png', '', 0, 26, 1, '0.0000', 1, '653000.0000', 1, 0, 0, '0000-00-00', '100.00000000', 1, '0.00000000', '0.00000000', '0.00000000', 0, 1, 1, 0, 1, 2, 0, 1, NULL, 0, 1, '2020-09-17 16:27:33', '2020-09-17 16:27:33'),
(187, '', '', '', '', '0.0000', '0.0000', '0.0000', '', '', '', '', '', '', '', 0, 0, 0, 'https://2.pik.vn/2020d92c1e37-efb6-45ea-b0d4-3376cf46ec87.png', '', 0, 26, 1, '0.0000', 1, '542000.0000', 1, 0, 0, '0000-00-00', '100.00000000', 1, '0.00000000', '0.00000000', '0.00000000', 0, 1, 1, 0, 1, 2, 0, 1, NULL, 0, 1, '2020-09-17 16:27:33', '2020-09-17 16:27:33'),
(188, '', '', '', '', '0.0000', '0.0000', '0.0000', '', '', '', '', '', '', '', 0, 0, 0, 'https://2.pik.vn/2020d92c1e37-efb6-45ea-b0d4-3376cf46ec87.png', '', 0, 26, 1, '0.0000', 1, '890000.0000', 1, 0, 0, '0000-00-00', '100.00000000', 1, '0.00000000', '0.00000000', '0.00000000', 0, 1, 1, 0, 1, 2, 0, 1, NULL, 0, 1, '2020-09-17 16:27:33', '2020-09-17 16:27:33'),
(189, '', '', '', '', '0.0000', '0.0000', '0.0000', '', '', '', '', '', '', '', 0, 0, 0, 'https://2.pik.vn/202096b2854d-6a7b-4cb5-a1ef-5f33d5e0ef62.png', '', 0, 26, 1, '0.0000', 1, '546200.0000', 1, 0, 0, '0000-00-00', '100.00000000', 1, '0.00000000', '0.00000000', '0.00000000', 0, 1, 1, 0, 1, 2, 0, 1, NULL, 0, 1, '2020-09-17 16:27:33', '2020-09-17 16:27:33'),
(190, '', '', '', '', '0.0000', '0.0000', '0.0000', '', '', '', '', '', '', '', 0, 0, 0, 'https://2.pik.vn/2020668e8329-55a1-4ccf-9c46-bf31b79042d7.png', '', 0, 26, 1, '0.0000', 1, '423600.0000', 1, 0, 0, '0000-00-00', '100.00000000', 1, '0.00000000', '0.00000000', '0.00000000', 0, 1, 1, 0, 1, 2, 0, 1, NULL, 0, 1, '2020-09-17 16:27:33', '2020-09-17 16:27:33'),
(191, '', '', '', '', '0.0000', '0.0000', '0.0000', '', '', '', '', '', '', '', 0, 0, 0, 'https://2.pik.vn/2020bcf67eb9-72d8-42da-a4c8-cef78885cc0c.png', '', 0, 26, 1, '0.0000', 1, '756000.0000', 1, 0, 0, '0000-00-00', '100.00000000', 1, '0.00000000', '0.00000000', '0.00000000', 0, 1, 1, 0, 1, 2, 0, 1, NULL, 0, 1, '2020-09-17 16:27:33', '2020-09-17 16:27:33'),
(192, '', '', '', '', '0.0000', '0.0000', '0.0000', '', '', '', '', '', '', '', 0, 0, 0, 'https://2.pik.vn/2020534a139e-e9cf-4fed-aa95-55f0711f1a99.png', '', 0, 26, 1, '0.0000', 1, '356000.0000', 1, 0, 0, '0000-00-00', '100.00000000', 1, '0.00000000', '0.00000000', '0.00000000', 0, 1, 1, 0, 1, 2, 0, 1, NULL, 0, 1, '2020-09-17 16:27:33', '2020-09-17 16:27:33'),
(193, '', '', '', '', '0.0000', '0.0000', '0.0000', '', '', '', '', '', '', '', 0, 0, 0, 'https://2.pik.vn/2020bd4e742c-6ac8-4900-9319-4d8f7c420ae1.png', '', 0, 26, 1, '0.0000', 1, '234000.0000', 1, 0, 0, '0000-00-00', '100.00000000', 1, '0.00000000', '0.00000000', '0.00000000', 0, 1, 1, 0, 1, 2, 0, 1, NULL, 0, 1, '2020-09-17 16:27:33', '2020-09-17 16:27:33'),
(194, '', '', '', '', '0.0000', '0.0000', '0.0000', '', '', '', '', '', '', '', 0, 0, 0, 'https://2.pik.vn/20200fd70a8e-5cd8-4783-95d0-720be9c1b03a.png', '', 0, 26, 1, '0.0000', 1, '632000.0000', 1, 0, 0, '0000-00-00', '100.00000000', 1, '0.00000000', '0.00000000', '0.00000000', 0, 1, 1, 0, 1, 2, 0, 1, NULL, 0, 1, '2020-09-17 16:27:33', '2020-09-17 16:27:33'),
(195, '', '', '', '', '0.0000', '0.0000', '0.0000', '', '', '', '', '', '', '', 0, 0, 0, 'https://2.pik.vn/2020fab3d87d-e269-4651-a575-947736d6cac0.png', '', 0, 26, 1, '0.0000', 1, '635000.0000', 1, 0, 0, '0000-00-00', '100.00000000', 1, '0.00000000', '0.00000000', '0.00000000', 0, 1, 1, 0, 1, 2, 0, 1, NULL, 0, 1, '2020-09-17 16:27:33', '2020-09-17 16:27:33'),
(196, '', '', '', '', '0.0000', '0.0000', '0.0000', '', '', '', '', '', '', '', 0, 0, 0, 'https://2.pik.vn/2020601e635b-a1f1-4c6c-8d82-bf0383f140a7.png', '', 0, 26, 1, '0.0000', 1, '563500.0000', 1, 0, 0, '0000-00-00', '100.00000000', 1, '0.00000000', '0.00000000', '0.00000000', 0, 1, 1, 0, 1, 2, 0, 1, NULL, 0, 1, '2020-09-17 16:27:33', '2020-09-17 16:27:33'),
(197, '', '', '', '', '0.0000', '0.0000', '0.0000', '', '', '', '', '', '', '', 0, 0, 0, 'https://2.pik.vn/202091bdc5b5-9d0e-46fb-a17b-4464b1a41051.png', '', 0, 26, 1, '0.0000', 1, '632500.0000', 1, 0, 0, '0000-00-00', '100.00000000', 1, '0.00000000', '0.00000000', '0.00000000', 0, 1, 1, 0, 1, 2, 0, 1, NULL, 0, 1, '2020-09-17 16:27:33', '2020-09-17 16:27:33'),
(198, '', '', '', '', '0.0000', '0.0000', '0.0000', '', '', '', '', '', '', '', 0, 0, 0, 'https://2.pik.vn/20200308fea9-eb64-4f67-abb9-76ab8e9144ff.png', '', 0, 26, 1, '0.0000', 1, '423500.0000', 1, 0, 0, '0000-00-00', '100.00000000', 1, '0.00000000', '0.00000000', '0.00000000', 0, 1, 1, 0, 1, 2, 0, 1, NULL, 0, 1, '2020-09-17 16:27:33', '2020-09-17 16:27:33'),
(199, '', '', '', '', '0.0000', '0.0000', '0.0000', '', '', '', '', '', '', '', 0, 0, 0, 'https://2.pik.vn/2020a9898d95-ca67-4cd3-98d4-99df8658f1d7.png', '', 0, 26, 1, '0.0000', 1, '236500.0000', 1, 0, 0, '0000-00-00', '100.00000000', 1, '0.00000000', '0.00000000', '0.00000000', 0, 1, 1, 0, 1, 2, 0, 1, NULL, 0, 1, '2020-09-17 16:27:33', '2020-09-17 16:27:33'),
(200, '', '', '', '', '0.0000', '0.0000', '0.0000', '', '', '', '', '', '', '', 0, 0, 0, 'https://2.pik.vn/20200430ddc4-209a-44d5-b711-d458a72c0997.png', '', 0, 26, 1, '0.0000', 1, '564000.0000', 1, 0, 0, '0000-00-00', '100.00000000', 1, '0.00000000', '0.00000000', '0.00000000', 0, 1, 1, 0, 1, 2, 0, 1, NULL, 0, 1, '2020-09-17 16:27:33', '2020-09-17 16:27:33'),
(201, '', '', '', '', '0.0000', '0.0000', '0.0000', '', '', '', '', '', '', '', 0, 0, 0, 'https://2.pik.vn/2020db6fb612-b986-4c03-903c-343b9df04357.png', '', 0, 26, 1, '0.0000', 1, '423600.0000', 1, 0, 0, '0000-00-00', '100.00000000', 1, '0.00000000', '0.00000000', '0.00000000', 0, 1, 1, 0, 1, 2, 0, 1, NULL, 0, 1, '2020-09-17 16:27:33', '2020-09-17 16:27:33'),
(202, '', '', '', '', '0.0000', '0.0000', '0.0000', '', '', '', '', '', '', '', 0, 0, 0, 'https://2.pik.vn/2020d91d2930-321e-49de-9870-f7f5634d1fc5.png', '', 0, 26, 1, '0.0000', 1, '756000.0000', 1, 0, 0, '0000-00-00', '100.00000000', 1, '0.00000000', '0.00000000', '0.00000000', 0, 1, 1, 0, 1, 2, 0, 1, NULL, 0, 1, '2020-09-17 16:27:33', '2020-09-17 16:27:33'),
(203, '', '', '', '', '0.0000', '0.0000', '0.0000', '', '', '', '', '', '', '', 0, 0, 0, 'https://2.pik.vn/2020a21d180e-f91a-45e1-a765-7988f3126ecd.png', '', 0, 26, 1, '0.0000', 1, '356000.0000', 1, 0, 0, '0000-00-00', '100.00000000', 1, '0.00000000', '0.00000000', '0.00000000', 0, 1, 1, 0, 1, 2, 0, 1, NULL, 0, 1, '2020-09-17 16:27:33', '2020-09-17 16:27:33'),
(204, '', '', '', '', '0.0000', '0.0000', '0.0000', '', '', '', '', '', '', '', 0, 0, 0, 'https://cdn.bestme.asia/images/x2/128160126919729.png', '', 0, 26, 1, '0.0000', 1, '546200.0000', 1, 0, 0, '0000-00-00', '100.00000000', 1, '0.00000000', '0.00000000', '0.00000000', 0, 1, 1, 0, 1, 2, 0, 1, NULL, 0, 1, '2020-09-17 16:27:33', '2020-09-28 12:01:18'),
(205, '', '', '', '', '0.0000', '0.0000', '0.0000', '', '', '', '', '', '', '', 0, 0, 0, 'https://cdn.bestme.asia/images/x2/628160126917729.png', '', 0, 26, 1, '0.0000', 1, '423600.0000', 1, 0, 0, '0000-00-00', '100.00000000', 1, '0.00000000', '0.00000000', '0.00000000', 0, 1, 1, 0, 1, 2, 0, 1, NULL, 0, 1, '2020-09-17 16:27:33', '2020-09-28 12:01:39'),
(206, '', '', '', '', '0.0000', '0.0000', '0.0000', '', '', '', '', '', '', '', 0, 0, 0, 'https://cdn.bestme.asia/images/x2/728160126918129.png', '', 0, 26, 1, '0.0000', 1, '756000.0000', 1, 0, 0, '0000-00-00', '100.00000000', 1, '0.00000000', '0.00000000', '0.00000000', 0, 1, 1, 0, 1, 2, 0, 1, NULL, 0, 1, '2020-09-17 16:27:33', '2020-09-28 12:02:02'),
(207, '', '', '', '', '0.0000', '0.0000', '0.0000', '', '', '', '', '', '', '', 0, 0, 0, 'https://cdn.bestme.asia/images/x2/828160126918529.png', '', 0, 26, 1, '0.0000', 1, '356000.0000', 1, 0, 0, '0000-00-00', '100.00000000', 1, '0.00000000', '0.00000000', '0.00000000', 0, 1, 1, 0, 1, 2, 0, 1, NULL, 0, 1, '2020-09-17 16:27:33', '2020-09-28 12:02:20'),
(208, '', '', '', '', '0.0000', '0.0000', '0.0000', '', '', '', '', '', '', '', 0, 0, 0, 'https://cdn.bestme.asia/images/x2/328160126920629.png', '', 0, 26, 1, '0.0000', 1, '563500.0000', 1, 0, 0, '0000-00-00', '100.00000000', 1, '0.00000000', '0.00000000', '0.00000000', 0, 1, 1, 0, 1, 2, 0, 1, NULL, 0, 1, '2020-09-17 16:27:33', '2020-09-28 12:03:07'),
(209, '', '', '', '', '0.0000', '0.0000', '0.0000', '', '', '', '', '', '', '', 0, 0, 0, 'https://cdn.bestme.asia/images/x2/228160126920129.png', '', 0, 26, 1, '0.0000', 1, '632500.0000', 1, 0, 0, '0000-00-00', '100.00000000', 1, '0.00000000', '0.00000000', '0.00000000', 0, 1, 1, 0, 1, 2, 0, 1, NULL, 0, 1, '2020-09-17 16:27:33', '2020-09-28 12:03:29'),
(210, '', '', '', '', '0.0000', '0.0000', '0.0000', '', '', '', '', '', '', '', 0, 0, 0, 'https://cdn.bestme.asia/images/x2/428160126921029.png', '', 0, 26, 1, '0.0000', 1, '423500.0000', 1, 0, 0, '0000-00-00', '100.00000000', 1, '0.00000000', '0.00000000', '0.00000000', 0, 1, 1, 0, 1, 2, 0, 1, NULL, 0, 1, '2020-09-17 16:27:33', '2020-09-28 12:03:45'),
(211, '', '', '', '', '0.0000', '0.0000', '0.0000', '', '', '', '', '', '', '', 0, 0, 0, 'https://cdn.bestme.asia/images/x2/528160126921429.png', '', 0, 26, 1, '0.0000', 1, '236500.0000', 1, 0, 0, '0000-00-00', '100.00000000', 1, '0.00000000', '0.00000000', '0.00000000', 0, 1, 1, 0, 1, 2, 0, 1, NULL, 0, 1, '2020-09-17 16:27:33', '2020-09-28 12:04:02'),
(212, '', '', '', '', '0.0000', '0.0000', '0.0000', '', '', '', '', '', '', '', 0, 0, 0, 'https://2.pik.vn/2020fee50a07-abb7-4660-bd12-bf9191def090.png', '', 0, 26, 1, '0.0000', 1, '650000.0000', 1, 0, 0, '0000-00-00', '100.00000000', 1, '0.00000000', '0.00000000', '0.00000000', 0, 1, 1, 0, 1, 2, 0, 1, NULL, 0, 1, '2020-09-17 16:27:33', '2020-09-17 16:27:33'),
(213, '', '', '', '', '0.0000', '0.0000', '0.0000', '', '', '', '', '', '', '', 0, 0, 0, 'https://2.pik.vn/202028d4e80e-bde4-41a2-bd98-994037738b16.png', '', 0, 26, 1, '0.0000', 1, '569000.0000', 1, 0, 0, '0000-00-00', '100.00000000', 1, '0.00000000', '0.00000000', '0.00000000', 0, 1, 1, 0, 1, 2, 0, 1, NULL, 0, 1, '2020-09-17 16:27:33', '2020-09-17 16:27:33'),
(214, '', '', '', '', '0.0000', '0.0000', '0.0000', '', '', '', '', '', '', '', 0, 0, 0, 'https://2.pik.vn/20200c460187-453c-47fb-9594-2261a9effdc6.png', '', 0, 26, 1, '0.0000', 1, '635100.0000', 1, 0, 0, '0000-00-00', '100.00000000', 1, '0.00000000', '0.00000000', '0.00000000', 0, 1, 1, 0, 1, 2, 0, 1, NULL, 0, 1, '2020-09-17 16:27:33', '2020-09-17 16:27:33'),
(215, '', '', '', '', '0.0000', '0.0000', '0.0000', '', '', '', '', '', '', '', 0, 0, 0, 'https://2.pik.vn/2020e3e2f0ad-65bc-450e-90ec-d23902daceeb.png', '', 0, 26, 1, '0.0000', 1, '456000.0000', 1, 0, 0, '0000-00-00', '100.00000000', 1, '0.00000000', '0.00000000', '0.00000000', 0, 1, 1, 0, 1, 2, 0, 1, NULL, 0, 1, '2020-09-17 16:27:33', '2020-09-17 16:27:33'),
(216, '', '', '', '', '0.0000', '0.0000', '0.0000', '', '', '', '', '', '', '', 0, 0, 0, 'https://2.pik.vn/20207b992880-bdb9-4952-8fd1-f2464a8b1527.png', '', 0, 26, 1, '0.0000', 1, '569000.0000', 1, 0, 0, '0000-00-00', '100.00000000', 1, '0.00000000', '0.00000000', '0.00000000', 0, 1, 1, 0, 1, 2, 0, 1, NULL, 0, 1, '2020-09-17 16:27:33', '2020-09-17 16:27:33'),
(217, '', '', '', '', '0.0000', '0.0000', '0.0000', '', '', '', '', '', '', '', 0, 0, 0, 'https://2.pik.vn/202040f07b1b-2f52-45c9-bec2-1f8cce49be03.png', '', 0, 26, 1, '0.0000', 1, '451000.0000', 1, 0, 0, '0000-00-00', '100.00000000', 1, '0.00000000', '0.00000000', '0.00000000', 0, 1, 1, 0, 1, 2, 0, 1, NULL, 0, 1, '2020-09-17 16:27:33', '2020-09-17 16:27:33'),
(218, '', '', '', '', '0.0000', '0.0000', '0.0000', '', '', '', '', '', '', '', 0, 0, 0, 'https://2.pik.vn/20200718e2ee-a722-4cef-b37b-b498098fe72d.png', '', 0, 26, 1, '0.0000', 1, '456300.0000', 1, 0, 0, '0000-00-00', '100.00000000', 1, '0.00000000', '0.00000000', '0.00000000', 0, 1, 1, 0, 1, 2, 0, 1, NULL, 0, 1, '2020-09-17 16:27:33', '2020-09-17 16:27:33'),
(219, '', '', '', '', '0.0000', '0.0000', '0.0000', '', '', '', '', '', '', '', 0, 0, 0, 'https://2.pik.vn/2020fd3e1785-0a63-46eb-a960-511a9bea4ac3.png', '', 0, 26, 1, '0.0000', 1, '635200.0000', 1, 0, 0, '0000-00-00', '100.00000000', 1, '0.00000000', '0.00000000', '0.00000000', 0, 1, 1, 0, 1, 2, 0, 1, NULL, 0, 1, '2020-09-17 16:27:33', '2020-09-17 16:27:33');

-- restore soft-deleted products if demo
UPDATE `oc_product` SET `deleted` = NULL
WHERE `demo` = 1
  AND `product_id` IN (
   173,
   172,
   174,
   175,
   176,
   177,
   178,
   179,
   180,
   181,
   182,
   183,
   184,
   185,
   186,
   187,
   188,
   189,
   190,
   191,
   192,
   193,
   194,
   195,
   196,
   197,
   198,
   199,
   200,
   201,
   202,
   203,
   204,
   205,
   206,
   207,
   208,
   209,
   210,
   211,
   212,
   213,
   214,
   215,
   216,
   217,
   218,
   219
  );

-- oc_product_collection PRIMARY KEY (`product_collection_id`)
INSERT IGNORE INTO `oc_product_collection` (`product_collection_id`, `product_id`, `collection_id`, `sort_order`) VALUES
(220, 190, 11, 3),
(213, 199, 12, 4),
(299, 206, 13, 0),
(218, 188, 11, 1),
(226, 180, 10, 1),
(211, 197, 12, 2),
(303, 209, 13, 0),
(201, 219, 14, 0),
(217, 203, 12, 8),
(194, 212, 14, 0),
(224, 194, 11, 7),
(212, 198, 12, 3),
(195, 213, 14, 0),
(198, 216, 14, 0),
(214, 200, 12, 5),
(304, 210, 13, 0),
(295, 204, 13, 0),
(229, 183, 10, 4),
(199, 217, 14, 0),
(230, 184, 10, 5),
(232, 186, 10, 7),
(228, 182, 10, 3),
(231, 185, 10, 6),
(301, 207, 13, 0),
(221, 191, 11, 4),
(196, 214, 14, 0),
(219, 189, 11, 2),
(297, 205, 13, 0),
(225, 195, 11, 8),
(210, 196, 12, 1),
(197, 215, 14, 0),
(216, 202, 12, 7),
(302, 208, 13, 0),
(223, 193, 11, 6),
(227, 181, 10, 2),
(233, 187, 10, 8),
(215, 201, 12, 6),
(200, 218, 14, 0),
(222, 192, 11, 5),
(305, 211, 13, 0),
(280, 191, 16, 3),
(279, 190, 16, 2),
(278, 189, 16, 1),
(288, 174, 9, 0),
(286, 173, 9, 0),
(285, 172, 9, 0),
(294, 179, 9, 0),
(291, 176, 9, 0),
(290, 175, 9, 0),
(293, 178, 9, 0),
(292, 177, 9, 0),
(289, 175, 15, 0),
(287, 174, 15, 0),
(284, 172, 15, 0),
(277, 199, 17, 3),
(276, 198, 17, 2),
(275, 197, 17, 1),
(300, 207, 18, 0),
(298, 206, 18, 0),
(296, 205, 18, 0),
(271, 215, 19, 3),
(270, 214, 19, 2),
(269, 213, 19, 1),
(268, 183, 20, 3),
(267, 182, 20, 2),
(266, 181, 20, 1);

-- oc_product_description PRIMARY KEY (`product_id`,`language_id`)
INSERT IGNORE INTO `oc_product_description` (`product_id`, `language_id`, `name`, `description`, `sub_description`, `seo_title`, `seo_description`, `tag`, `meta_title`, `meta_description`, `meta_keyword`) VALUES
(172, 2, 'PC01', '&lt;p&gt;Loại sản phẩm: Tranh chúng tôi là tranh Full đính đá 5D Hoạ tiết: y hình Màu sắc: Như hình ảnh hiển thị Các bước làm tranh đính đá 5D:&lt;/p&gt;\r\n\r\n&lt;p&gt;1. Mở hộp và kiểm tra các công cụ đính đá chuyên dụng bên trong&lt;/p&gt;\r\n\r\n&lt;p&gt;2. Kiểm tra đá và sắp xếp theo màu sắc số đánh&lt;/p&gt;\r\n\r\n&lt;p&gt;3. Trên tấm tranh, bạn sẽ thấy rất nhiều số tương ứng với mã màu&lt;/p&gt;\r\n\r\n&lt;p&gt;4. Đính đá lên tranh theo màu tương ứng&lt;/p&gt;\r\n\r\n&lt;p&gt;5. Lưu ý, việc đính đá theo từng màu sẽ giúp bạn hoàn thiện bức tranh nhanh hơn&lt;/p&gt;\r\n\r\n&lt;p&gt;6. Để tạo nên một bức tranh hoàn hảo, thực hiện gắn đá theo hàng, để tránh việc các việc kim cương bị gắn lệch.&lt;/p&gt;\r\n\r\n&lt;p&gt;7. Cắt bỏ các phần mã màu trên tranh.&lt;/p&gt;\r\n\r\n&lt;p&gt;8. Phần tranh gắn phải được thẳng, không có các vết nhàu và khe hở&lt;/p&gt;\r\n\r\n&lt;p&gt;9. Đặt bức tranh đã hoàn thành vào khung tranh tuỳ thích để hoàn thiện sản phẩm (sản phẩm không có khung kèm theo)&lt;/p&gt;', '&lt;p&gt;Tranh đính đá( còn còn gọi tranh gắn đá_ nếu không thích gắn đá thì mua chỉ về thêu cũng đc) cách làm đơn giản, nhanh hơn tranh thêu mà rất đẹp, nhờ hiệu ứng đá giả kim cương 5D lấp lánh, thích hợp để trang trí phòng khách hoặc phòng ngủ và có thể kết hợp với các phong cách trang trí khác nhau. Chất liệu: tranh vải in y hình+ đá và nguyên liệu đi kèm&lt;/p&gt;', '', '', '', '', '', ''),
(173, 2, 'PC02', '&lt;p&gt;Loại sản phẩm: Tranh chúng tôi là tranh Full đính đá 5D Hoạ tiết: y hình Màu sắc: Như hình ảnh hiển thị Các bước làm tranh đính đá 5D:&lt;/p&gt;\r\n\r\n&lt;p&gt;1. Mở hộp và kiểm tra các công cụ đính đá chuyên dụng bên trong&lt;/p&gt;\r\n\r\n&lt;p&gt;2. Kiểm tra đá và sắp xếp theo màu sắc số đánh&lt;/p&gt;\r\n\r\n&lt;p&gt;3. Trên tấm tranh, bạn sẽ thấy rất nhiều số tương ứng với mã màu&lt;/p&gt;\r\n\r\n&lt;p&gt;4. Đính đá lên tranh theo màu tương ứng&lt;/p&gt;\r\n\r\n&lt;p&gt;5. Lưu ý, việc đính đá theo từng màu sẽ giúp bạn hoàn thiện bức tranh nhanh hơn&lt;/p&gt;\r\n\r\n&lt;p&gt;6. Để tạo nên một bức tranh hoàn hảo, thực hiện gắn đá theo hàng, để tránh việc các việc kim cương bị gắn lệch.&lt;/p&gt;\r\n\r\n&lt;p&gt;7. Cắt bỏ các phần mã màu trên tranh.&lt;/p&gt;\r\n\r\n&lt;p&gt;8. Phần tranh gắn phải được thẳng, không có các vết nhàu và khe hở 9. Đặt bức tranh đã hoàn thành vào khung tranh tuỳ thích để hoàn thiện sản phẩm (sản phẩm không có khung kèm theo)&lt;/p&gt;', '&lt;p&gt;Tranh đính đá( còn còn gọi tranh gắn đá_ nếu không thích gắn đá thì mua chỉ về thêu cũng đc) cách làm đơn giản, nhanh hơn tranh thêu mà rất đẹp, nhờ hiệu ứng đá giả kim cương 5D lấp lánh, thích hợp để trang trí phòng khách hoặc phòng ngủ và có thể kết hợp với các phong cách trang trí khác nhau. Chất liệu: tranh vải in y hình+ đá và nguyên liệu đi kèm&lt;/p&gt;', '', '', '', '', '', ''),
(174, 2, 'PC03', '&lt;p&gt;Loại sản phẩm: Tranh chúng tôi là tranh Full đính đá 5D Hoạ tiết: y hình Màu sắc: Như hình ảnh hiển thị Các bước làm tranh đính đá 5D:&lt;/p&gt;\r\n\r\n&lt;p&gt;1. Mở hộp và kiểm tra các công cụ đính đá chuyên dụng bên trong&lt;/p&gt;\r\n\r\n&lt;p&gt;2. Kiểm tra đá và sắp xếp theo màu sắc số đánh&lt;/p&gt;\r\n\r\n&lt;p&gt;3. Trên tấm tranh, bạn sẽ thấy rất nhiều số tương ứng với mã màu&lt;/p&gt;\r\n\r\n&lt;p&gt;4. Đính đá lên tranh theo màu tương ứng&lt;/p&gt;\r\n\r\n&lt;p&gt;5. Lưu ý, việc đính đá theo từng màu sẽ giúp bạn hoàn thiện bức tranh nhanh hơn&lt;/p&gt;\r\n\r\n&lt;p&gt;6. Để tạo nên một bức tranh hoàn hảo, thực hiện gắn đá theo hàng, để tránh việc các việc kim cương bị gắn lệch.&lt;/p&gt;\r\n\r\n&lt;p&gt;7. Cắt bỏ các phần mã màu trên tranh.&lt;/p&gt;\r\n\r\n&lt;p&gt;8. Phần tranh gắn phải được thẳng, không có các vết nhàu và khe hở&lt;/p&gt;\r\n\r\n&lt;p&gt;9. Đặt bức tranh đã hoàn thành vào khung tranh tuỳ thích để hoàn thiện sản phẩm (sản phẩm không có khung kèm theo)&lt;/p&gt;', '&lt;p&gt;Tranh đính đá( còn còn gọi tranh gắn đá_ nếu không thích gắn đá thì mua chỉ về thêu cũng đc) cách làm đơn giản, nhanh hơn tranh thêu mà rất đẹp, nhờ hiệu ứng đá giả kim cương 5D lấp lánh, thích hợp để trang trí phòng khách hoặc phòng ngủ và có thể kết hợp với các phong cách trang trí khác nhau. Chất liệu: tranh vải in y hình+ đá và nguyên liệu đi kèm&lt;/p&gt;', '', '', '', '', '', ''),
(175, 2, 'PC04', '&lt;p&gt;Loại sản phẩm: Tranh chúng tôi là tranh Full đính đá 5D Hoạ tiết: y hình Màu sắc: Như hình ảnh hiển thị Các bước làm tranh đính đá 5D:&lt;/p&gt;\r\n\r\n&lt;p&gt;1. Mở hộp và kiểm tra các công cụ đính đá chuyên dụng bên trong&lt;/p&gt;\r\n\r\n&lt;p&gt;2. Kiểm tra đá và sắp xếp theo màu sắc số đánh&lt;/p&gt;\r\n\r\n&lt;p&gt;3. Trên tấm tranh, bạn sẽ thấy rất nhiều số tương ứng với mã màu&lt;/p&gt;\r\n\r\n&lt;p&gt;4. Đính đá lên tranh theo màu tương ứng&lt;/p&gt;\r\n\r\n&lt;p&gt;5. Lưu ý, việc đính đá theo từng màu sẽ giúp bạn hoàn thiện bức tranh nhanh hơn&lt;/p&gt;\r\n\r\n&lt;p&gt;6. Để tạo nên một bức tranh hoàn hảo, thực hiện gắn đá theo hàng, để tránh việc các việc kim cương bị gắn lệch.&lt;/p&gt;\r\n\r\n&lt;p&gt;7. Cắt bỏ các phần mã màu trên tranh.&lt;/p&gt;\r\n\r\n&lt;p&gt;8. Phần tranh gắn phải được thẳng, không có các vết nhàu và khe hở&lt;/p&gt;\r\n\r\n&lt;p&gt;9. Đặt bức tranh đã hoàn thành vào khung tranh tuỳ thích để hoàn thiện sản phẩm (sản phẩm không có khung kèm theo)&lt;/p&gt;', '&lt;p&gt;Tranh đính đá( còn còn gọi tranh gắn đá_ nếu không thích gắn đá thì mua chỉ về thêu cũng đc) cách làm đơn giản, nhanh hơn tranh thêu mà rất đẹp, nhờ hiệu ứng đá giả kim cương 5D lấp lánh, thích hợp để trang trí phòng khách hoặc phòng ngủ và có thể kết hợp với các phong cách trang trí khác nhau. Chất liệu: tranh vải in y hình+ đá và nguyên liệu đi kèm&lt;/p&gt;', '', '', '', '', '', ''),
(176, 2, 'PC05', '&lt;p&gt;Loại sản phẩm: Tranh chúng tôi là tranh Full đính đá 5D Hoạ tiết: y hình Màu sắc: Như hình ảnh hiển thị Các bước làm tranh đính đá 5D:&lt;/p&gt;\r\n\r\n&lt;p&gt;1. Mở hộp và kiểm tra các công cụ đính đá chuyên dụng bên trong&lt;/p&gt;\r\n\r\n&lt;p&gt;2. Kiểm tra đá và sắp xếp theo màu sắc số đánh&lt;/p&gt;\r\n\r\n&lt;p&gt;3. Trên tấm tranh, bạn sẽ thấy rất nhiều số tương ứng với mã màu&lt;/p&gt;\r\n\r\n&lt;p&gt;4. Đính đá lên tranh theo màu tương ứng&lt;/p&gt;\r\n\r\n&lt;p&gt;5. Lưu ý, việc đính đá theo từng màu sẽ giúp bạn hoàn thiện bức tranh nhanh hơn&lt;/p&gt;\r\n\r\n&lt;p&gt;6. Để tạo nên một bức tranh hoàn hảo, thực hiện gắn đá theo hàng, để tránh việc các việc kim cương bị gắn lệch.&lt;/p&gt;\r\n\r\n&lt;p&gt;7. Cắt bỏ các phần mã màu trên tranh.&lt;/p&gt;\r\n\r\n&lt;p&gt;8. Phần tranh gắn phải được thẳng, không có các vết nhàu và khe hở&lt;/p&gt;\r\n\r\n&lt;p&gt;9. Đặt bức tranh đã hoàn thành vào khung tranh tuỳ thích để hoàn thiện sản phẩm (sản phẩm không có khung kèm theo)&lt;/p&gt;', '&lt;p&gt;Tranh đính đá( còn còn gọi tranh gắn đá_ nếu không thích gắn đá thì mua chỉ về thêu cũng đc) cách làm đơn giản, nhanh hơn tranh thêu mà rất đẹp, nhờ hiệu ứng đá giả kim cương 5D lấp lánh, thích hợp để trang trí phòng khách hoặc phòng ngủ và có thể kết hợp với các phong cách trang trí khác nhau. Chất liệu: tranh vải in y hình+ đá và nguyên liệu đi kèm&lt;/p&gt;', '', '', '', '', '', ''),
(177, 2, 'PC06', '&lt;p&gt;Loại sản phẩm: Tranh chúng tôi là tranh Full đính đá 5D Hoạ tiết: y hình Màu sắc: Như hình ảnh hiển thị Các bước làm tranh đính đá 5D:&lt;/p&gt;\r\n\r\n&lt;p&gt;1. Mở hộp và kiểm tra các công cụ đính đá chuyên dụng bên trong&lt;/p&gt;\r\n\r\n&lt;p&gt;2. Kiểm tra đá và sắp xếp theo màu sắc số đánh&lt;/p&gt;\r\n\r\n&lt;p&gt;3. Trên tấm tranh, bạn sẽ thấy rất nhiều số tương ứng với mã màu&lt;/p&gt;\r\n\r\n&lt;p&gt;4. Đính đá lên tranh theo màu tương ứng&lt;/p&gt;\r\n\r\n&lt;p&gt;5. Lưu ý, việc đính đá theo từng màu sẽ giúp bạn hoàn thiện bức tranh nhanh hơn&lt;/p&gt;\r\n\r\n&lt;p&gt;6. Để tạo nên một bức tranh hoàn hảo, thực hiện gắn đá theo hàng, để tránh việc các việc kim cương bị gắn lệch.&lt;/p&gt;\r\n\r\n&lt;p&gt;7. Cắt bỏ các phần mã màu trên tranh.&lt;/p&gt;\r\n\r\n&lt;p&gt;8. Phần tranh gắn phải được thẳng, không có các vết nhàu và khe hở&lt;/p&gt;\r\n\r\n&lt;p&gt;9. Đặt bức tranh đã hoàn thành vào khung tranh tuỳ thích để hoàn thiện sản phẩm (sản phẩm không có khung kèm theo)&lt;/p&gt;', '&lt;p&gt;Tranh đính đá( còn còn gọi tranh gắn đá_ nếu không thích gắn đá thì mua chỉ về thêu cũng đc) cách làm đơn giản, nhanh hơn tranh thêu mà rất đẹp, nhờ hiệu ứng đá giả kim cương 5D lấp lánh, thích hợp để trang trí phòng khách hoặc phòng ngủ và có thể kết hợp với các phong cách trang trí khác nhau. Chất liệu: tranh vải in y hình+ đá và nguyên liệu đi kèm&lt;/p&gt;', '', '', '', '', '', ''),
(178, 2, 'PC07', '&lt;p&gt;Loại sản phẩm: Tranh chúng tôi là tranh Full đính đá 5D Hoạ tiết: y hình Màu sắc: Như hình ảnh hiển thị Các bước làm tranh đính đá 5D:&lt;/p&gt;\r\n\r\n&lt;p&gt;1. Mở hộp và kiểm tra các công cụ đính đá chuyên dụng bên trong&lt;/p&gt;\r\n\r\n&lt;p&gt;2. Kiểm tra đá và sắp xếp theo màu sắc số đánh&lt;/p&gt;\r\n\r\n&lt;p&gt;3. Trên tấm tranh, bạn sẽ thấy rất nhiều số tương ứng với mã màu&lt;/p&gt;\r\n\r\n&lt;p&gt;4. Đính đá lên tranh theo màu tương ứng&lt;/p&gt;\r\n\r\n&lt;p&gt;5. Lưu ý, việc đính đá theo từng màu sẽ giúp bạn hoàn thiện bức tranh nhanh hơn&lt;/p&gt;\r\n\r\n&lt;p&gt;6. Để tạo nên một bức tranh hoàn hảo, thực hiện gắn đá theo hàng, để tránh việc các việc kim cương bị gắn lệch.&lt;/p&gt;\r\n\r\n&lt;p&gt;7. Cắt bỏ các phần mã màu trên tranh.&lt;/p&gt;\r\n\r\n&lt;p&gt;8. Phần tranh gắn phải được thẳng, không có các vết nhàu và khe hở&lt;/p&gt;\r\n\r\n&lt;p&gt;9. Đặt bức tranh đã hoàn thành vào khung tranh tuỳ thích để hoàn thiện sản phẩm (sản phẩm không có khung kèm theo)&lt;/p&gt;', '&lt;p&gt;Tranh đính đá( còn còn gọi tranh gắn đá_ nếu không thích gắn đá thì mua chỉ về thêu cũng đc) cách làm đơn giản, nhanh hơn tranh thêu mà rất đẹp, nhờ hiệu ứng đá giả kim cương 5D lấp lánh, thích hợp để trang trí phòng khách hoặc phòng ngủ và có thể kết hợp với các phong cách trang trí khác nhau. Chất liệu: tranh vải in y hình+ đá và nguyên liệu đi kèm&lt;/p&gt;', '', '', '', '', '', ''),
(179, 2, 'PC08', '&lt;p&gt;Loại sản phẩm: Tranh chúng tôi là tranh Full đính đá 5D Hoạ tiết: y hình Màu sắc: Như hình ảnh hiển thị Các bước làm tranh đính đá 5D:&lt;/p&gt;\r\n\r\n&lt;p&gt;1. Mở hộp và kiểm tra các công cụ đính đá chuyên dụng bên trong&lt;/p&gt;\r\n\r\n&lt;p&gt;2. Kiểm tra đá và sắp xếp theo màu sắc số đánh&lt;/p&gt;\r\n\r\n&lt;p&gt;3. Trên tấm tranh, bạn sẽ thấy rất nhiều số tương ứng với mã màu&lt;/p&gt;\r\n\r\n&lt;p&gt;4. Đính đá lên tranh theo màu tương ứng&lt;/p&gt;\r\n\r\n&lt;p&gt;5. Lưu ý, việc đính đá theo từng màu sẽ giúp bạn hoàn thiện bức tranh nhanh hơn&lt;/p&gt;\r\n\r\n&lt;p&gt;6. Để tạo nên một bức tranh hoàn hảo, thực hiện gắn đá theo hàng, để tránh việc các việc kim cương bị gắn lệch.&lt;/p&gt;\r\n\r\n&lt;p&gt;7. Cắt bỏ các phần mã màu trên tranh.&lt;/p&gt;\r\n\r\n&lt;p&gt;8. Phần tranh gắn phải được thẳng, không có các vết nhàu và khe hở&lt;/p&gt;\r\n\r\n&lt;p&gt;9. Đặt bức tranh đã hoàn thành vào khung tranh tuỳ thích để hoàn thiện sản phẩm (sản phẩm không có khung kèm theo)&lt;/p&gt;', '&lt;p&gt;Tranh đính đá( còn còn gọi tranh gắn đá_ nếu không thích gắn đá thì mua chỉ về thêu cũng đc) cách làm đơn giản, nhanh hơn tranh thêu mà rất đẹp, nhờ hiệu ứng đá giả kim cương 5D lấp lánh, thích hợp để trang trí phòng khách hoặc phòng ngủ và có thể kết hợp với các phong cách trang trí khác nhau. Chất liệu: tranh vải in y hình+ đá và nguyên liệu đi kèm&lt;/p&gt;', '', '', '', '', '', ''),
(180, 2, 'TP001', 'Loại sản phẩm: Tranh chúng tôi là tranh Full đính đá 5D\n\n Hoạ tiết: y hình\n\n Màu sắc: Như hình ảnh hiển thị\nCác bước làm tranh đính đá 5D:\n\n1. Mở hộp và kiểm tra các công cụ\nđính đá chuyên dụng bên trong\n\n2. Kiểm tra đá và sắp xếp theo màu sắc số đánh\n\n3. Trên tấm tranh, bạn sẽ thấy rất nhiều số tương ứng với mã màu\n\n4. Đính đá lên tranh theo màu tương ứng\n\n5. Lưu ý, việc đính đá theo từng màu sẽ giúp bạn hoàn thiện bức tranh nhanh hơn\n\n6. Để tạo nên một bức tranh hoàn hảo, thực hiện gắn đá theo hàng, để tránh việc các việc kim cương bị gắn lệch.\n\n7. Cắt bỏ các phần mã màu trên tranh.\n\n8. Phần tranh gắn phải được thẳng, không có các vết nhàu và khe hở\n\n9. Đặt bức tranh đã hoàn thành vào khung tranh tuỳ thích để hoàn thiện sản phẩm (sản phẩm không có khung kèm theo)\n\n \n\n\n\n', 'Tranh đính đá( còn còn gọi tranh gắn đá_ nếu không thích gắn đá thì mua chỉ về thêu cũng đc)  cách làm đơn giản, nhanh hơn tranh thêu mà rất đẹp, nhờ hiệu ứng đá giả kim cương 5D lấp lánh, thích hợp để trang trí phòng khách hoặc phòng ngủ và có thể kết hợp với các phong cách trang trí khác nhau.\nChất liệu: tranh vải in y hình+ đá và nguyên liệu đi kèm', '', '', '', '', '', ''),
(181, 2, 'TP002', 'Loại sản phẩm: Tranh chúng tôi là tranh Full đính đá 5D\n\n Hoạ tiết: y hình\n\n Màu sắc: Như hình ảnh hiển thị\nCác bước làm tranh đính đá 5D:\n\n1. Mở hộp và kiểm tra các công cụ\nđính đá chuyên dụng bên trong\n\n2. Kiểm tra đá và sắp xếp theo màu sắc số đánh\n\n3. Trên tấm tranh, bạn sẽ thấy rất nhiều số tương ứng với mã màu\n\n4. Đính đá lên tranh theo màu tương ứng\n\n5. Lưu ý, việc đính đá theo từng màu sẽ giúp bạn hoàn thiện bức tranh nhanh hơn\n\n6. Để tạo nên một bức tranh hoàn hảo, thực hiện gắn đá theo hàng, để tránh việc các việc kim cương bị gắn lệch.\n\n7. Cắt bỏ các phần mã màu trên tranh.\n\n8. Phần tranh gắn phải được thẳng, không có các vết nhàu và khe hở\n\n9. Đặt bức tranh đã hoàn thành vào khung tranh tuỳ thích để hoàn thiện sản phẩm (sản phẩm không có khung kèm theo)\n\n \n\n\n\n', 'Tranh đính đá( còn còn gọi tranh gắn đá_ nếu không thích gắn đá thì mua chỉ về thêu cũng đc)  cách làm đơn giản, nhanh hơn tranh thêu mà rất đẹp, nhờ hiệu ứng đá giả kim cương 5D lấp lánh, thích hợp để trang trí phòng khách hoặc phòng ngủ và có thể kết hợp với các phong cách trang trí khác nhau.\nChất liệu: tranh vải in y hình+ đá và nguyên liệu đi kèm', '', '', '', '', '', ''),
(182, 2, 'TP003', 'Loại sản phẩm: Tranh chúng tôi là tranh Full đính đá 5D\n\n Hoạ tiết: y hình\n\n Màu sắc: Như hình ảnh hiển thị\nCác bước làm tranh đính đá 5D:\n\n1. Mở hộp và kiểm tra các công cụ\nđính đá chuyên dụng bên trong\n\n2. Kiểm tra đá và sắp xếp theo màu sắc số đánh\n\n3. Trên tấm tranh, bạn sẽ thấy rất nhiều số tương ứng với mã màu\n\n4. Đính đá lên tranh theo màu tương ứng\n\n5. Lưu ý, việc đính đá theo từng màu sẽ giúp bạn hoàn thiện bức tranh nhanh hơn\n\n6. Để tạo nên một bức tranh hoàn hảo, thực hiện gắn đá theo hàng, để tránh việc các việc kim cương bị gắn lệch.\n\n7. Cắt bỏ các phần mã màu trên tranh.\n\n8. Phần tranh gắn phải được thẳng, không có các vết nhàu và khe hở\n\n9. Đặt bức tranh đã hoàn thành vào khung tranh tuỳ thích để hoàn thiện sản phẩm (sản phẩm không có khung kèm theo)\n\n \n\n\n\n', 'Tranh đính đá( còn còn gọi tranh gắn đá_ nếu không thích gắn đá thì mua chỉ về thêu cũng đc)  cách làm đơn giản, nhanh hơn tranh thêu mà rất đẹp, nhờ hiệu ứng đá giả kim cương 5D lấp lánh, thích hợp để trang trí phòng khách hoặc phòng ngủ và có thể kết hợp với các phong cách trang trí khác nhau.\nChất liệu: tranh vải in y hình+ đá và nguyên liệu đi kèm', '', '', '', '', '', ''),
(183, 2, 'TP004', 'Loại sản phẩm: Tranh chúng tôi là tranh Full đính đá 5D\n\n Hoạ tiết: y hình\n\n Màu sắc: Như hình ảnh hiển thị\nCác bước làm tranh đính đá 5D:\n\n1. Mở hộp và kiểm tra các công cụ\nđính đá chuyên dụng bên trong\n\n2. Kiểm tra đá và sắp xếp theo màu sắc số đánh\n\n3. Trên tấm tranh, bạn sẽ thấy rất nhiều số tương ứng với mã màu\n\n4. Đính đá lên tranh theo màu tương ứng\n\n5. Lưu ý, việc đính đá theo từng màu sẽ giúp bạn hoàn thiện bức tranh nhanh hơn\n\n6. Để tạo nên một bức tranh hoàn hảo, thực hiện gắn đá theo hàng, để tránh việc các việc kim cương bị gắn lệch.\n\n7. Cắt bỏ các phần mã màu trên tranh.\n\n8. Phần tranh gắn phải được thẳng, không có các vết nhàu và khe hở\n\n9. Đặt bức tranh đã hoàn thành vào khung tranh tuỳ thích để hoàn thiện sản phẩm (sản phẩm không có khung kèm theo)\n\n \n\n\n\n', 'Tranh đính đá( còn còn gọi tranh gắn đá_ nếu không thích gắn đá thì mua chỉ về thêu cũng đc)  cách làm đơn giản, nhanh hơn tranh thêu mà rất đẹp, nhờ hiệu ứng đá giả kim cương 5D lấp lánh, thích hợp để trang trí phòng khách hoặc phòng ngủ và có thể kết hợp với các phong cách trang trí khác nhau.\nChất liệu: tranh vải in y hình+ đá và nguyên liệu đi kèm', '', '', '', '', '', ''),
(184, 2, 'TP005', 'Loại sản phẩm: Tranh chúng tôi là tranh Full đính đá 5D\n\n Hoạ tiết: y hình\n\n Màu sắc: Như hình ảnh hiển thị\nCác bước làm tranh đính đá 5D:\n\n1. Mở hộp và kiểm tra các công cụ\nđính đá chuyên dụng bên trong\n\n2. Kiểm tra đá và sắp xếp theo màu sắc số đánh\n\n3. Trên tấm tranh, bạn sẽ thấy rất nhiều số tương ứng với mã màu\n\n4. Đính đá lên tranh theo màu tương ứng\n\n5. Lưu ý, việc đính đá theo từng màu sẽ giúp bạn hoàn thiện bức tranh nhanh hơn\n\n6. Để tạo nên một bức tranh hoàn hảo, thực hiện gắn đá theo hàng, để tránh việc các việc kim cương bị gắn lệch.\n\n7. Cắt bỏ các phần mã màu trên tranh.\n\n8. Phần tranh gắn phải được thẳng, không có các vết nhàu và khe hở\n\n9. Đặt bức tranh đã hoàn thành vào khung tranh tuỳ thích để hoàn thiện sản phẩm (sản phẩm không có khung kèm theo)\n\n \n\n\n\n', 'Tranh đính đá( còn còn gọi tranh gắn đá_ nếu không thích gắn đá thì mua chỉ về thêu cũng đc)  cách làm đơn giản, nhanh hơn tranh thêu mà rất đẹp, nhờ hiệu ứng đá giả kim cương 5D lấp lánh, thích hợp để trang trí phòng khách hoặc phòng ngủ và có thể kết hợp với các phong cách trang trí khác nhau.\nChất liệu: tranh vải in y hình+ đá và nguyên liệu đi kèm', '', '', '', '', '', ''),
(185, 2, 'TP006', 'Loại sản phẩm: Tranh chúng tôi là tranh Full đính đá 5D\n\n Hoạ tiết: y hình\n\n Màu sắc: Như hình ảnh hiển thị\nCác bước làm tranh đính đá 5D:\n\n1. Mở hộp và kiểm tra các công cụ\nđính đá chuyên dụng bên trong\n\n2. Kiểm tra đá và sắp xếp theo màu sắc số đánh\n\n3. Trên tấm tranh, bạn sẽ thấy rất nhiều số tương ứng với mã màu\n\n4. Đính đá lên tranh theo màu tương ứng\n\n5. Lưu ý, việc đính đá theo từng màu sẽ giúp bạn hoàn thiện bức tranh nhanh hơn\n\n6. Để tạo nên một bức tranh hoàn hảo, thực hiện gắn đá theo hàng, để tránh việc các việc kim cương bị gắn lệch.\n\n7. Cắt bỏ các phần mã màu trên tranh.\n\n8. Phần tranh gắn phải được thẳng, không có các vết nhàu và khe hở\n\n9. Đặt bức tranh đã hoàn thành vào khung tranh tuỳ thích để hoàn thiện sản phẩm (sản phẩm không có khung kèm theo)\n\n \n\n\n\n', 'Tranh đính đá( còn còn gọi tranh gắn đá_ nếu không thích gắn đá thì mua chỉ về thêu cũng đc)  cách làm đơn giản, nhanh hơn tranh thêu mà rất đẹp, nhờ hiệu ứng đá giả kim cương 5D lấp lánh, thích hợp để trang trí phòng khách hoặc phòng ngủ và có thể kết hợp với các phong cách trang trí khác nhau.\nChất liệu: tranh vải in y hình+ đá và nguyên liệu đi kèm', '', '', '', '', '', ''),
(186, 2, 'TP007', 'Loại sản phẩm: Tranh chúng tôi là tranh Full đính đá 5D\n\n Hoạ tiết: y hình\n\n Màu sắc: Như hình ảnh hiển thị\nCác bước làm tranh đính đá 5D:\n\n1. Mở hộp và kiểm tra các công cụ\nđính đá chuyên dụng bên trong\n\n2. Kiểm tra đá và sắp xếp theo màu sắc số đánh\n\n3. Trên tấm tranh, bạn sẽ thấy rất nhiều số tương ứng với mã màu\n\n4. Đính đá lên tranh theo màu tương ứng\n\n5. Lưu ý, việc đính đá theo từng màu sẽ giúp bạn hoàn thiện bức tranh nhanh hơn\n\n6. Để tạo nên một bức tranh hoàn hảo, thực hiện gắn đá theo hàng, để tránh việc các việc kim cương bị gắn lệch.\n\n7. Cắt bỏ các phần mã màu trên tranh.\n\n8. Phần tranh gắn phải được thẳng, không có các vết nhàu và khe hở\n\n9. Đặt bức tranh đã hoàn thành vào khung tranh tuỳ thích để hoàn thiện sản phẩm (sản phẩm không có khung kèm theo)\n\n \n\n\n\n', 'Tranh đính đá( còn còn gọi tranh gắn đá_ nếu không thích gắn đá thì mua chỉ về thêu cũng đc)  cách làm đơn giản, nhanh hơn tranh thêu mà rất đẹp, nhờ hiệu ứng đá giả kim cương 5D lấp lánh, thích hợp để trang trí phòng khách hoặc phòng ngủ và có thể kết hợp với các phong cách trang trí khác nhau.\nChất liệu: tranh vải in y hình+ đá và nguyên liệu đi kèm', '', '', '', '', '', ''),
(187, 2, 'TP008', 'Loại sản phẩm: Tranh chúng tôi là tranh Full đính đá 5D\n\n Hoạ tiết: y hình\n\n Màu sắc: Như hình ảnh hiển thị\nCác bước làm tranh đính đá 5D:\n\n1. Mở hộp và kiểm tra các công cụ\nđính đá chuyên dụng bên trong\n\n2. Kiểm tra đá và sắp xếp theo màu sắc số đánh\n\n3. Trên tấm tranh, bạn sẽ thấy rất nhiều số tương ứng với mã màu\n\n4. Đính đá lên tranh theo màu tương ứng\n\n5. Lưu ý, việc đính đá theo từng màu sẽ giúp bạn hoàn thiện bức tranh nhanh hơn\n\n6. Để tạo nên một bức tranh hoàn hảo, thực hiện gắn đá theo hàng, để tránh việc các việc kim cương bị gắn lệch.\n\n7. Cắt bỏ các phần mã màu trên tranh.\n\n8. Phần tranh gắn phải được thẳng, không có các vết nhàu và khe hở\n\n9. Đặt bức tranh đã hoàn thành vào khung tranh tuỳ thích để hoàn thiện sản phẩm (sản phẩm không có khung kèm theo)\n\n \n\n\n\n', 'Tranh đính đá( còn còn gọi tranh gắn đá_ nếu không thích gắn đá thì mua chỉ về thêu cũng đc)  cách làm đơn giản, nhanh hơn tranh thêu mà rất đẹp, nhờ hiệu ứng đá giả kim cương 5D lấp lánh, thích hợp để trang trí phòng khách hoặc phòng ngủ và có thể kết hợp với các phong cách trang trí khác nhau.\nChất liệu: tranh vải in y hình+ đá và nguyên liệu đi kèm', '', '', '', '', '', ''),
(188, 2, 'TG001', 'Loại sản phẩm: Tranh chúng tôi là tranh Full đính đá 5D\n\n Hoạ tiết: y hình\n\n Màu sắc: Như hình ảnh hiển thị\nCác bước làm tranh đính đá 5D:\n\n1. Mở hộp và kiểm tra các công cụ\nđính đá chuyên dụng bên trong\n\n2. Kiểm tra đá và sắp xếp theo màu sắc số đánh\n\n3. Trên tấm tranh, bạn sẽ thấy rất nhiều số tương ứng với mã màu\n\n4. Đính đá lên tranh theo màu tương ứng\n\n5. Lưu ý, việc đính đá theo từng màu sẽ giúp bạn hoàn thiện bức tranh nhanh hơn\n\n6. Để tạo nên một bức tranh hoàn hảo, thực hiện gắn đá theo hàng, để tránh việc các việc kim cương bị gắn lệch.\n\n7. Cắt bỏ các phần mã màu trên tranh.\n\n8. Phần tranh gắn phải được thẳng, không có các vết nhàu và khe hở\n\n9. Đặt bức tranh đã hoàn thành vào khung tranh tuỳ thích để hoàn thiện sản phẩm (sản phẩm không có khung kèm theo)\n\n \n\n\n\n', 'Tranh đính đá( còn còn gọi tranh gắn đá_ nếu không thích gắn đá thì mua chỉ về thêu cũng đc)  cách làm đơn giản, nhanh hơn tranh thêu mà rất đẹp, nhờ hiệu ứng đá giả kim cương 5D lấp lánh, thích hợp để trang trí phòng khách hoặc phòng ngủ và có thể kết hợp với các phong cách trang trí khác nhau.\nChất liệu: tranh vải in y hình+ đá và nguyên liệu đi kèm', '', '', '', '', '', ''),
(189, 2, 'TG002', 'Loại sản phẩm: Tranh chúng tôi là tranh Full đính đá 5D\n\n Hoạ tiết: y hình\n\n Màu sắc: Như hình ảnh hiển thị\nCác bước làm tranh đính đá 5D:\n\n1. Mở hộp và kiểm tra các công cụ\nđính đá chuyên dụng bên trong\n\n2. Kiểm tra đá và sắp xếp theo màu sắc số đánh\n\n3. Trên tấm tranh, bạn sẽ thấy rất nhiều số tương ứng với mã màu\n\n4. Đính đá lên tranh theo màu tương ứng\n\n5. Lưu ý, việc đính đá theo từng màu sẽ giúp bạn hoàn thiện bức tranh nhanh hơn\n\n6. Để tạo nên một bức tranh hoàn hảo, thực hiện gắn đá theo hàng, để tránh việc các việc kim cương bị gắn lệch.\n\n7. Cắt bỏ các phần mã màu trên tranh.\n\n8. Phần tranh gắn phải được thẳng, không có các vết nhàu và khe hở\n\n9. Đặt bức tranh đã hoàn thành vào khung tranh tuỳ thích để hoàn thiện sản phẩm (sản phẩm không có khung kèm theo)\n\n \n\n\n\n', 'Tranh đính đá( còn còn gọi tranh gắn đá_ nếu không thích gắn đá thì mua chỉ về thêu cũng đc)  cách làm đơn giản, nhanh hơn tranh thêu mà rất đẹp, nhờ hiệu ứng đá giả kim cương 5D lấp lánh, thích hợp để trang trí phòng khách hoặc phòng ngủ và có thể kết hợp với các phong cách trang trí khác nhau.\nChất liệu: tranh vải in y hình+ đá và nguyên liệu đi kèm', '', '', '', '', '', ''),
(190, 2, 'TG003', 'Loại sản phẩm: Tranh chúng tôi là tranh Full đính đá 5D\n\n Hoạ tiết: y hình\n\n Màu sắc: Như hình ảnh hiển thị\nCác bước làm tranh đính đá 5D:\n\n1. Mở hộp và kiểm tra các công cụ\nđính đá chuyên dụng bên trong\n\n2. Kiểm tra đá và sắp xếp theo màu sắc số đánh\n\n3. Trên tấm tranh, bạn sẽ thấy rất nhiều số tương ứng với mã màu\n\n4. Đính đá lên tranh theo màu tương ứng\n\n5. Lưu ý, việc đính đá theo từng màu sẽ giúp bạn hoàn thiện bức tranh nhanh hơn\n\n6. Để tạo nên một bức tranh hoàn hảo, thực hiện gắn đá theo hàng, để tránh việc các việc kim cương bị gắn lệch.\n\n7. Cắt bỏ các phần mã màu trên tranh.\n\n8. Phần tranh gắn phải được thẳng, không có các vết nhàu và khe hở\n\n9. Đặt bức tranh đã hoàn thành vào khung tranh tuỳ thích để hoàn thiện sản phẩm (sản phẩm không có khung kèm theo)\n\n \n\n\n\n', 'Tranh đính đá( còn còn gọi tranh gắn đá_ nếu không thích gắn đá thì mua chỉ về thêu cũng đc)  cách làm đơn giản, nhanh hơn tranh thêu mà rất đẹp, nhờ hiệu ứng đá giả kim cương 5D lấp lánh, thích hợp để trang trí phòng khách hoặc phòng ngủ và có thể kết hợp với các phong cách trang trí khác nhau.\nChất liệu: tranh vải in y hình+ đá và nguyên liệu đi kèm', '', '', '', '', '', ''),
(191, 2, 'TG004', 'Loại sản phẩm: Tranh chúng tôi là tranh Full đính đá 5D\n\n Hoạ tiết: y hình\n\n Màu sắc: Như hình ảnh hiển thị\nCác bước làm tranh đính đá 5D:\n\n1. Mở hộp và kiểm tra các công cụ\nđính đá chuyên dụng bên trong\n\n2. Kiểm tra đá và sắp xếp theo màu sắc số đánh\n\n3. Trên tấm tranh, bạn sẽ thấy rất nhiều số tương ứng với mã màu\n\n4. Đính đá lên tranh theo màu tương ứng\n\n5. Lưu ý, việc đính đá theo từng màu sẽ giúp bạn hoàn thiện bức tranh nhanh hơn\n\n6. Để tạo nên một bức tranh hoàn hảo, thực hiện gắn đá theo hàng, để tránh việc các việc kim cương bị gắn lệch.\n\n7. Cắt bỏ các phần mã màu trên tranh.\n\n8. Phần tranh gắn phải được thẳng, không có các vết nhàu và khe hở\n\n9. Đặt bức tranh đã hoàn thành vào khung tranh tuỳ thích để hoàn thiện sản phẩm (sản phẩm không có khung kèm theo)\n\n \n\n\n\n', 'Tranh đính đá( còn còn gọi tranh gắn đá_ nếu không thích gắn đá thì mua chỉ về thêu cũng đc)  cách làm đơn giản, nhanh hơn tranh thêu mà rất đẹp, nhờ hiệu ứng đá giả kim cương 5D lấp lánh, thích hợp để trang trí phòng khách hoặc phòng ngủ và có thể kết hợp với các phong cách trang trí khác nhau.\nChất liệu: tranh vải in y hình+ đá và nguyên liệu đi kèm', '', '', '', '', '', ''),
(192, 2, 'TG005', 'Loại sản phẩm: Tranh chúng tôi là tranh Full đính đá 5D\n\n Hoạ tiết: y hình\n\n Màu sắc: Như hình ảnh hiển thị\nCác bước làm tranh đính đá 5D:\n\n1. Mở hộp và kiểm tra các công cụ\nđính đá chuyên dụng bên trong\n\n2. Kiểm tra đá và sắp xếp theo màu sắc số đánh\n\n3. Trên tấm tranh, bạn sẽ thấy rất nhiều số tương ứng với mã màu\n\n4. Đính đá lên tranh theo màu tương ứng\n\n5. Lưu ý, việc đính đá theo từng màu sẽ giúp bạn hoàn thiện bức tranh nhanh hơn\n\n6. Để tạo nên một bức tranh hoàn hảo, thực hiện gắn đá theo hàng, để tránh việc các việc kim cương bị gắn lệch.\n\n7. Cắt bỏ các phần mã màu trên tranh.\n\n8. Phần tranh gắn phải được thẳng, không có các vết nhàu và khe hở\n\n9. Đặt bức tranh đã hoàn thành vào khung tranh tuỳ thích để hoàn thiện sản phẩm (sản phẩm không có khung kèm theo)\n\n \n\n\n\n', 'Tranh đính đá( còn còn gọi tranh gắn đá_ nếu không thích gắn đá thì mua chỉ về thêu cũng đc)  cách làm đơn giản, nhanh hơn tranh thêu mà rất đẹp, nhờ hiệu ứng đá giả kim cương 5D lấp lánh, thích hợp để trang trí phòng khách hoặc phòng ngủ và có thể kết hợp với các phong cách trang trí khác nhau.\nChất liệu: tranh vải in y hình+ đá và nguyên liệu đi kèm', '', '', '', '', '', ''),
(193, 2, 'TG006', 'Loại sản phẩm: Tranh chúng tôi là tranh Full đính đá 5D\n\n Hoạ tiết: y hình\n\n Màu sắc: Như hình ảnh hiển thị\nCác bước làm tranh đính đá 5D:\n\n1. Mở hộp và kiểm tra các công cụ\nđính đá chuyên dụng bên trong\n\n2. Kiểm tra đá và sắp xếp theo màu sắc số đánh\n\n3. Trên tấm tranh, bạn sẽ thấy rất nhiều số tương ứng với mã màu\n\n4. Đính đá lên tranh theo màu tương ứng\n\n5. Lưu ý, việc đính đá theo từng màu sẽ giúp bạn hoàn thiện bức tranh nhanh hơn\n\n6. Để tạo nên một bức tranh hoàn hảo, thực hiện gắn đá theo hàng, để tránh việc các việc kim cương bị gắn lệch.\n\n7. Cắt bỏ các phần mã màu trên tranh.\n\n8. Phần tranh gắn phải được thẳng, không có các vết nhàu và khe hở\n\n9. Đặt bức tranh đã hoàn thành vào khung tranh tuỳ thích để hoàn thiện sản phẩm (sản phẩm không có khung kèm theo)\n\n \n\n\n\n', 'Tranh đính đá( còn còn gọi tranh gắn đá_ nếu không thích gắn đá thì mua chỉ về thêu cũng đc)  cách làm đơn giản, nhanh hơn tranh thêu mà rất đẹp, nhờ hiệu ứng đá giả kim cương 5D lấp lánh, thích hợp để trang trí phòng khách hoặc phòng ngủ và có thể kết hợp với các phong cách trang trí khác nhau.\nChất liệu: tranh vải in y hình+ đá và nguyên liệu đi kèm', '', '', '', '', '', ''),
(194, 2, 'TG007', 'Loại sản phẩm: Tranh chúng tôi là tranh Full đính đá 5D\n\n Hoạ tiết: y hình\n\n Màu sắc: Như hình ảnh hiển thị\nCác bước làm tranh đính đá 5D:\n\n1. Mở hộp và kiểm tra các công cụ\nđính đá chuyên dụng bên trong\n\n2. Kiểm tra đá và sắp xếp theo màu sắc số đánh\n\n3. Trên tấm tranh, bạn sẽ thấy rất nhiều số tương ứng với mã màu\n\n4. Đính đá lên tranh theo màu tương ứng\n\n5. Lưu ý, việc đính đá theo từng màu sẽ giúp bạn hoàn thiện bức tranh nhanh hơn\n\n6. Để tạo nên một bức tranh hoàn hảo, thực hiện gắn đá theo hàng, để tránh việc các việc kim cương bị gắn lệch.\n\n7. Cắt bỏ các phần mã màu trên tranh.\n\n8. Phần tranh gắn phải được thẳng, không có các vết nhàu và khe hở\n\n9. Đặt bức tranh đã hoàn thành vào khung tranh tuỳ thích để hoàn thiện sản phẩm (sản phẩm không có khung kèm theo)\n\n \n\n\n\n', 'Tranh đính đá( còn còn gọi tranh gắn đá_ nếu không thích gắn đá thì mua chỉ về thêu cũng đc)  cách làm đơn giản, nhanh hơn tranh thêu mà rất đẹp, nhờ hiệu ứng đá giả kim cương 5D lấp lánh, thích hợp để trang trí phòng khách hoặc phòng ngủ và có thể kết hợp với các phong cách trang trí khác nhau.\nChất liệu: tranh vải in y hình+ đá và nguyên liệu đi kèm', '', '', '', '', '', ''),
(195, 2, 'TG008', 'Loại sản phẩm: Tranh chúng tôi là tranh Full đính đá 5D\n\n Hoạ tiết: y hình\n\n Màu sắc: Như hình ảnh hiển thị\nCác bước làm tranh đính đá 5D:\n\n1. Mở hộp và kiểm tra các công cụ\nđính đá chuyên dụng bên trong\n\n2. Kiểm tra đá và sắp xếp theo màu sắc số đánh\n\n3. Trên tấm tranh, bạn sẽ thấy rất nhiều số tương ứng với mã màu\n\n4. Đính đá lên tranh theo màu tương ứng\n\n5. Lưu ý, việc đính đá theo từng màu sẽ giúp bạn hoàn thiện bức tranh nhanh hơn\n\n6. Để tạo nên một bức tranh hoàn hảo, thực hiện gắn đá theo hàng, để tránh việc các việc kim cương bị gắn lệch.\n\n7. Cắt bỏ các phần mã màu trên tranh.\n\n8. Phần tranh gắn phải được thẳng, không có các vết nhàu và khe hở\n\n9. Đặt bức tranh đã hoàn thành vào khung tranh tuỳ thích để hoàn thiện sản phẩm (sản phẩm không có khung kèm theo)\n\n \n\n\n\n', 'Tranh đính đá( còn còn gọi tranh gắn đá_ nếu không thích gắn đá thì mua chỉ về thêu cũng đc)  cách làm đơn giản, nhanh hơn tranh thêu mà rất đẹp, nhờ hiệu ứng đá giả kim cương 5D lấp lánh, thích hợp để trang trí phòng khách hoặc phòng ngủ và có thể kết hợp với các phong cách trang trí khác nhau.\nChất liệu: tranh vải in y hình+ đá và nguyên liệu đi kèm', '', '', '', '', '', ''),
(196, 2, 'GD01', 'Loại sản phẩm: Tranh chúng tôi là tranh Full đính đá 5D\n\n Hoạ tiết: y hình\n\n Màu sắc: Như hình ảnh hiển thị\nCác bước làm tranh đính đá 5D:\n\n1. Mở hộp và kiểm tra các công cụ\nđính đá chuyên dụng bên trong\n\n2. Kiểm tra đá và sắp xếp theo màu sắc số đánh\n\n3. Trên tấm tranh, bạn sẽ thấy rất nhiều số tương ứng với mã màu\n\n4. Đính đá lên tranh theo màu tương ứng\n\n5. Lưu ý, việc đính đá theo từng màu sẽ giúp bạn hoàn thiện bức tranh nhanh hơn\n\n6. Để tạo nên một bức tranh hoàn hảo, thực hiện gắn đá theo hàng, để tránh việc các việc kim cương bị gắn lệch.\n\n7. Cắt bỏ các phần mã màu trên tranh.\n\n8. Phần tranh gắn phải được thẳng, không có các vết nhàu và khe hở\n\n9. Đặt bức tranh đã hoàn thành vào khung tranh tuỳ thích để hoàn thiện sản phẩm (sản phẩm không có khung kèm theo)\n\n \n\n\n\n', 'Tranh đính đá( còn còn gọi tranh gắn đá_ nếu không thích gắn đá thì mua chỉ về thêu cũng đc)  cách làm đơn giản, nhanh hơn tranh thêu mà rất đẹp, nhờ hiệu ứng đá giả kim cương 5D lấp lánh, thích hợp để trang trí phòng khách hoặc phòng ngủ và có thể kết hợp với các phong cách trang trí khác nhau.\nChất liệu: tranh vải in y hình+ đá và nguyên liệu đi kèm', '', '', '', '', '', ''),
(197, 2, 'GD02', 'Loại sản phẩm: Tranh chúng tôi là tranh Full đính đá 5D\n\n Hoạ tiết: y hình\n\n Màu sắc: Như hình ảnh hiển thị\nCác bước làm tranh đính đá 5D:\n\n1. Mở hộp và kiểm tra các công cụ\nđính đá chuyên dụng bên trong\n\n2. Kiểm tra đá và sắp xếp theo màu sắc số đánh\n\n3. Trên tấm tranh, bạn sẽ thấy rất nhiều số tương ứng với mã màu\n\n4. Đính đá lên tranh theo màu tương ứng\n\n5. Lưu ý, việc đính đá theo từng màu sẽ giúp bạn hoàn thiện bức tranh nhanh hơn\n\n6. Để tạo nên một bức tranh hoàn hảo, thực hiện gắn đá theo hàng, để tránh việc các việc kim cương bị gắn lệch.\n\n7. Cắt bỏ các phần mã màu trên tranh.\n\n8. Phần tranh gắn phải được thẳng, không có các vết nhàu và khe hở\n\n9. Đặt bức tranh đã hoàn thành vào khung tranh tuỳ thích để hoàn thiện sản phẩm (sản phẩm không có khung kèm theo)\n\n \n\n\n\n', 'Tranh đính đá( còn còn gọi tranh gắn đá_ nếu không thích gắn đá thì mua chỉ về thêu cũng đc)  cách làm đơn giản, nhanh hơn tranh thêu mà rất đẹp, nhờ hiệu ứng đá giả kim cương 5D lấp lánh, thích hợp để trang trí phòng khách hoặc phòng ngủ và có thể kết hợp với các phong cách trang trí khác nhau.\nChất liệu: tranh vải in y hình+ đá và nguyên liệu đi kèm', '', '', '', '', '', ''),
(198, 2, 'GD03', 'Loại sản phẩm: Tranh chúng tôi là tranh Full đính đá 5D\n\n Hoạ tiết: y hình\n\n Màu sắc: Như hình ảnh hiển thị\nCác bước làm tranh đính đá 5D:\n\n1. Mở hộp và kiểm tra các công cụ\nđính đá chuyên dụng bên trong\n\n2. Kiểm tra đá và sắp xếp theo màu sắc số đánh\n\n3. Trên tấm tranh, bạn sẽ thấy rất nhiều số tương ứng với mã màu\n\n4. Đính đá lên tranh theo màu tương ứng\n\n5. Lưu ý, việc đính đá theo từng màu sẽ giúp bạn hoàn thiện bức tranh nhanh hơn\n\n6. Để tạo nên một bức tranh hoàn hảo, thực hiện gắn đá theo hàng, để tránh việc các việc kim cương bị gắn lệch.\n\n7. Cắt bỏ các phần mã màu trên tranh.\n\n8. Phần tranh gắn phải được thẳng, không có các vết nhàu và khe hở\n\n9. Đặt bức tranh đã hoàn thành vào khung tranh tuỳ thích để hoàn thiện sản phẩm (sản phẩm không có khung kèm theo)\n\n \n\n\n\n', 'Tranh đính đá( còn còn gọi tranh gắn đá_ nếu không thích gắn đá thì mua chỉ về thêu cũng đc)  cách làm đơn giản, nhanh hơn tranh thêu mà rất đẹp, nhờ hiệu ứng đá giả kim cương 5D lấp lánh, thích hợp để trang trí phòng khách hoặc phòng ngủ và có thể kết hợp với các phong cách trang trí khác nhau.\nChất liệu: tranh vải in y hình+ đá và nguyên liệu đi kèm', '', '', '', '', '', ''),
(199, 2, 'GD04', 'Loại sản phẩm: Tranh chúng tôi là tranh Full đính đá 5D\n\n Hoạ tiết: y hình\n\n Màu sắc: Như hình ảnh hiển thị\nCác bước làm tranh đính đá 5D:\n\n1. Mở hộp và kiểm tra các công cụ\nđính đá chuyên dụng bên trong\n\n2. Kiểm tra đá và sắp xếp theo màu sắc số đánh\n\n3. Trên tấm tranh, bạn sẽ thấy rất nhiều số tương ứng với mã màu\n\n4. Đính đá lên tranh theo màu tương ứng\n\n5. Lưu ý, việc đính đá theo từng màu sẽ giúp bạn hoàn thiện bức tranh nhanh hơn\n\n6. Để tạo nên một bức tranh hoàn hảo, thực hiện gắn đá theo hàng, để tránh việc các việc kim cương bị gắn lệch.\n\n7. Cắt bỏ các phần mã màu trên tranh.\n\n8. Phần tranh gắn phải được thẳng, không có các vết nhàu và khe hở\n\n9. Đặt bức tranh đã hoàn thành vào khung tranh tuỳ thích để hoàn thiện sản phẩm (sản phẩm không có khung kèm theo)\n\n \n\n\n\n', 'Tranh đính đá( còn còn gọi tranh gắn đá_ nếu không thích gắn đá thì mua chỉ về thêu cũng đc)  cách làm đơn giản, nhanh hơn tranh thêu mà rất đẹp, nhờ hiệu ứng đá giả kim cương 5D lấp lánh, thích hợp để trang trí phòng khách hoặc phòng ngủ và có thể kết hợp với các phong cách trang trí khác nhau.\nChất liệu: tranh vải in y hình+ đá và nguyên liệu đi kèm', '', '', '', '', '', ''),
(200, 2, 'GD05', 'Loại sản phẩm: Tranh chúng tôi là tranh Full đính đá 5D\n\n Hoạ tiết: y hình\n\n Màu sắc: Như hình ảnh hiển thị\nCác bước làm tranh đính đá 5D:\n\n1. Mở hộp và kiểm tra các công cụ\nđính đá chuyên dụng bên trong\n\n2. Kiểm tra đá và sắp xếp theo màu sắc số đánh\n\n3. Trên tấm tranh, bạn sẽ thấy rất nhiều số tương ứng với mã màu\n\n4. Đính đá lên tranh theo màu tương ứng\n\n5. Lưu ý, việc đính đá theo từng màu sẽ giúp bạn hoàn thiện bức tranh nhanh hơn\n\n6. Để tạo nên một bức tranh hoàn hảo, thực hiện gắn đá theo hàng, để tránh việc các việc kim cương bị gắn lệch.\n\n7. Cắt bỏ các phần mã màu trên tranh.\n\n8. Phần tranh gắn phải được thẳng, không có các vết nhàu và khe hở\n\n9. Đặt bức tranh đã hoàn thành vào khung tranh tuỳ thích để hoàn thiện sản phẩm (sản phẩm không có khung kèm theo)\n\n \n\n\n\n', 'Tranh đính đá( còn còn gọi tranh gắn đá_ nếu không thích gắn đá thì mua chỉ về thêu cũng đc)  cách làm đơn giản, nhanh hơn tranh thêu mà rất đẹp, nhờ hiệu ứng đá giả kim cương 5D lấp lánh, thích hợp để trang trí phòng khách hoặc phòng ngủ và có thể kết hợp với các phong cách trang trí khác nhau.\nChất liệu: tranh vải in y hình+ đá và nguyên liệu đi kèm', '', '', '', '', '', ''),
(201, 2, 'GD06', 'Loại sản phẩm: Tranh chúng tôi là tranh Full đính đá 5D\n\n Hoạ tiết: y hình\n\n Màu sắc: Như hình ảnh hiển thị\nCác bước làm tranh đính đá 5D:\n\n1. Mở hộp và kiểm tra các công cụ\nđính đá chuyên dụng bên trong\n\n2. Kiểm tra đá và sắp xếp theo màu sắc số đánh\n\n3. Trên tấm tranh, bạn sẽ thấy rất nhiều số tương ứng với mã màu\n\n4. Đính đá lên tranh theo màu tương ứng\n\n5. Lưu ý, việc đính đá theo từng màu sẽ giúp bạn hoàn thiện bức tranh nhanh hơn\n\n6. Để tạo nên một bức tranh hoàn hảo, thực hiện gắn đá theo hàng, để tránh việc các việc kim cương bị gắn lệch.\n\n7. Cắt bỏ các phần mã màu trên tranh.\n\n8. Phần tranh gắn phải được thẳng, không có các vết nhàu và khe hở\n\n9. Đặt bức tranh đã hoàn thành vào khung tranh tuỳ thích để hoàn thiện sản phẩm (sản phẩm không có khung kèm theo)\n\n \n\n\n\n', 'Tranh đính đá( còn còn gọi tranh gắn đá_ nếu không thích gắn đá thì mua chỉ về thêu cũng đc)  cách làm đơn giản, nhanh hơn tranh thêu mà rất đẹp, nhờ hiệu ứng đá giả kim cương 5D lấp lánh, thích hợp để trang trí phòng khách hoặc phòng ngủ và có thể kết hợp với các phong cách trang trí khác nhau.\nChất liệu: tranh vải in y hình+ đá và nguyên liệu đi kèm', '', '', '', '', '', ''),
(202, 2, 'GD07', 'Loại sản phẩm: Tranh chúng tôi là tranh Full đính đá 5D\n\n Hoạ tiết: y hình\n\n Màu sắc: Như hình ảnh hiển thị\nCác bước làm tranh đính đá 5D:\n\n1. Mở hộp và kiểm tra các công cụ\nđính đá chuyên dụng bên trong\n\n2. Kiểm tra đá và sắp xếp theo màu sắc số đánh\n\n3. Trên tấm tranh, bạn sẽ thấy rất nhiều số tương ứng với mã màu\n\n4. Đính đá lên tranh theo màu tương ứng\n\n5. Lưu ý, việc đính đá theo từng màu sẽ giúp bạn hoàn thiện bức tranh nhanh hơn\n\n6. Để tạo nên một bức tranh hoàn hảo, thực hiện gắn đá theo hàng, để tránh việc các việc kim cương bị gắn lệch.\n\n7. Cắt bỏ các phần mã màu trên tranh.\n\n8. Phần tranh gắn phải được thẳng, không có các vết nhàu và khe hở\n\n9. Đặt bức tranh đã hoàn thành vào khung tranh tuỳ thích để hoàn thiện sản phẩm (sản phẩm không có khung kèm theo)\n\n \n\n\n\n', 'Tranh đính đá( còn còn gọi tranh gắn đá_ nếu không thích gắn đá thì mua chỉ về thêu cũng đc)  cách làm đơn giản, nhanh hơn tranh thêu mà rất đẹp, nhờ hiệu ứng đá giả kim cương 5D lấp lánh, thích hợp để trang trí phòng khách hoặc phòng ngủ và có thể kết hợp với các phong cách trang trí khác nhau.\nChất liệu: tranh vải in y hình+ đá và nguyên liệu đi kèm', '', '', '', '', '', ''),
(203, 2, 'GD08', 'Loại sản phẩm: Tranh chúng tôi là tranh Full đính đá 5D\n\n Hoạ tiết: y hình\n\n Màu sắc: Như hình ảnh hiển thị\nCác bước làm tranh đính đá 5D:\n\n1. Mở hộp và kiểm tra các công cụ\nđính đá chuyên dụng bên trong\n\n2. Kiểm tra đá và sắp xếp theo màu sắc số đánh\n\n3. Trên tấm tranh, bạn sẽ thấy rất nhiều số tương ứng với mã màu\n\n4. Đính đá lên tranh theo màu tương ứng\n\n5. Lưu ý, việc đính đá theo từng màu sẽ giúp bạn hoàn thiện bức tranh nhanh hơn\n\n6. Để tạo nên một bức tranh hoàn hảo, thực hiện gắn đá theo hàng, để tránh việc các việc kim cương bị gắn lệch.\n\n7. Cắt bỏ các phần mã màu trên tranh.\n\n8. Phần tranh gắn phải được thẳng, không có các vết nhàu và khe hở\n\n9. Đặt bức tranh đã hoàn thành vào khung tranh tuỳ thích để hoàn thiện sản phẩm (sản phẩm không có khung kèm theo)\n\n \n\n\n\n', 'Tranh đính đá( còn còn gọi tranh gắn đá_ nếu không thích gắn đá thì mua chỉ về thêu cũng đc)  cách làm đơn giản, nhanh hơn tranh thêu mà rất đẹp, nhờ hiệu ứng đá giả kim cương 5D lấp lánh, thích hợp để trang trí phòng khách hoặc phòng ngủ và có thể kết hợp với các phong cách trang trí khác nhau.\nChất liệu: tranh vải in y hình+ đá và nguyên liệu đi kèm', '', '', '', '', '', ''),
(204, 2, 'PT001', '&lt;p&gt;Loại sản phẩm: Tranh chúng tôi là tranh Full đính đá 5D Hoạ tiết: y hình Màu sắc: Như hình ảnh hiển thị Các bước làm tranh đính đá 5D: 1. Mở hộp và kiểm tra các công cụ đính đá chuyên dụng bên trong 2. Kiểm tra đá và sắp xếp theo màu sắc số đánh 3. Trên tấm tranh, bạn sẽ thấy rất nhiều số tương ứng với mã màu 4. Đính đá lên tranh theo màu tương ứng 5. Lưu ý, việc đính đá theo từng màu sẽ giúp bạn hoàn thiện bức tranh nhanh hơn 6. Để tạo nên một bức tranh hoàn hảo, thực hiện gắn đá theo hàng, để tránh việc các việc kim cương bị gắn lệch. 7. Cắt bỏ các phần mã màu trên tranh. 8. Phần tranh gắn phải được thẳng, không có các vết nhàu và khe hở 9. Đặt bức tranh đã hoàn thành vào khung tranh tuỳ thích để hoàn thiện sản phẩm (sản phẩm không có khung kèm theo)&lt;/p&gt;', '&lt;p&gt;Tranh đính đá( còn còn gọi tranh gắn đá_ nếu không thích gắn đá thì mua chỉ về thêu cũng đc) cách làm đơn giản, nhanh hơn tranh thêu mà rất đẹp, nhờ hiệu ứng đá giả kim cương 5D lấp lánh, thích hợp để trang trí phòng khách hoặc phòng ngủ và có thể kết hợp với các phong cách trang trí khác nhau. Chất liệu: tranh vải in y hình+ đá và nguyên liệu đi kèm&lt;/p&gt;', '', '', '', '', '', ''),
(205, 2, 'PT002', '&lt;p&gt;Loại sản phẩm: Tranh chúng tôi là tranh Full đính đá 5D Hoạ tiết: y hình Màu sắc: Như hình ảnh hiển thị Các bước làm tranh đính đá 5D: 1. Mở hộp và kiểm tra các công cụ đính đá chuyên dụng bên trong 2. Kiểm tra đá và sắp xếp theo màu sắc số đánh 3. Trên tấm tranh, bạn sẽ thấy rất nhiều số tương ứng với mã màu 4. Đính đá lên tranh theo màu tương ứng 5. Lưu ý, việc đính đá theo từng màu sẽ giúp bạn hoàn thiện bức tranh nhanh hơn 6. Để tạo nên một bức tranh hoàn hảo, thực hiện gắn đá theo hàng, để tránh việc các việc kim cương bị gắn lệch. 7. Cắt bỏ các phần mã màu trên tranh. 8. Phần tranh gắn phải được thẳng, không có các vết nhàu và khe hở 9. Đặt bức tranh đã hoàn thành vào khung tranh tuỳ thích để hoàn thiện sản phẩm (sản phẩm không có khung kèm theo)&lt;/p&gt;', '&lt;p&gt;Tranh đính đá( còn còn gọi tranh gắn đá_ nếu không thích gắn đá thì mua chỉ về thêu cũng đc) cách làm đơn giản, nhanh hơn tranh thêu mà rất đẹp, nhờ hiệu ứng đá giả kim cương 5D lấp lánh, thích hợp để trang trí phòng khách hoặc phòng ngủ và có thể kết hợp với các phong cách trang trí khác nhau. Chất liệu: tranh vải in y hình+ đá và nguyên liệu đi kèm&lt;/p&gt;', '', '', '', '', '', ''),
(206, 2, 'PT003', '&lt;p&gt;Loại sản phẩm: Tranh chúng tôi là tranh Full đính đá 5D Hoạ tiết: y hình Màu sắc: Như hình ảnh hiển thị Các bước làm tranh đính đá 5D: 1. Mở hộp và kiểm tra các công cụ đính đá chuyên dụng bên trong 2. Kiểm tra đá và sắp xếp theo màu sắc số đánh 3. Trên tấm tranh, bạn sẽ thấy rất nhiều số tương ứng với mã màu 4. Đính đá lên tranh theo màu tương ứng 5. Lưu ý, việc đính đá theo từng màu sẽ giúp bạn hoàn thiện bức tranh nhanh hơn 6. Để tạo nên một bức tranh hoàn hảo, thực hiện gắn đá theo hàng, để tránh việc các việc kim cương bị gắn lệch. 7. Cắt bỏ các phần mã màu trên tranh. 8. Phần tranh gắn phải được thẳng, không có các vết nhàu và khe hở 9. Đặt bức tranh đã hoàn thành vào khung tranh tuỳ thích để hoàn thiện sản phẩm (sản phẩm không có khung kèm theo)&lt;/p&gt;', '&lt;p&gt;Tranh đính đá( còn còn gọi tranh gắn đá_ nếu không thích gắn đá thì mua chỉ về thêu cũng đc) cách làm đơn giản, nhanh hơn tranh thêu mà rất đẹp, nhờ hiệu ứng đá giả kim cương 5D lấp lánh, thích hợp để trang trí phòng khách hoặc phòng ngủ và có thể kết hợp với các phong cách trang trí khác nhau. Chất liệu: tranh vải in y hình+ đá và nguyên liệu đi kèm&lt;/p&gt;', '', '', '', '', '', ''),
(207, 2, 'PT004', '&lt;p&gt;Loại sản phẩm: Tranh chúng tôi là tranh Full đính đá 5D Hoạ tiết: y hình Màu sắc: Như hình ảnh hiển thị Các bước làm tranh đính đá 5D: 1. Mở hộp và kiểm tra các công cụ đính đá chuyên dụng bên trong 2. Kiểm tra đá và sắp xếp theo màu sắc số đánh 3. Trên tấm tranh, bạn sẽ thấy rất nhiều số tương ứng với mã màu 4. Đính đá lên tranh theo màu tương ứng 5. Lưu ý, việc đính đá theo từng màu sẽ giúp bạn hoàn thiện bức tranh nhanh hơn 6. Để tạo nên một bức tranh hoàn hảo, thực hiện gắn đá theo hàng, để tránh việc các việc kim cương bị gắn lệch. 7. Cắt bỏ các phần mã màu trên tranh. 8. Phần tranh gắn phải được thẳng, không có các vết nhàu và khe hở 9. Đặt bức tranh đã hoàn thành vào khung tranh tuỳ thích để hoàn thiện sản phẩm (sản phẩm không có khung kèm theo)&lt;/p&gt;', '&lt;p&gt;Tranh đính đá( còn còn gọi tranh gắn đá_ nếu không thích gắn đá thì mua chỉ về thêu cũng đc) cách làm đơn giản, nhanh hơn tranh thêu mà rất đẹp, nhờ hiệu ứng đá giả kim cương 5D lấp lánh, thích hợp để trang trí phòng khách hoặc phòng ngủ và có thể kết hợp với các phong cách trang trí khác nhau. Chất liệu: tranh vải in y hình+ đá và nguyên liệu đi kèm&lt;/p&gt;', '', '', '', '', '', ''),
(208, 2, 'PT005', '&lt;p&gt;Loại sản phẩm: Tranh chúng tôi là tranh Full đính đá 5D Hoạ tiết: y hình Màu sắc: Như hình ảnh hiển thị Các bước làm tranh đính đá 5D: 1. Mở hộp và kiểm tra các công cụ đính đá chuyên dụng bên trong 2. Kiểm tra đá và sắp xếp theo màu sắc số đánh 3. Trên tấm tranh, bạn sẽ thấy rất nhiều số tương ứng với mã màu 4. Đính đá lên tranh theo màu tương ứng 5. Lưu ý, việc đính đá theo từng màu sẽ giúp bạn hoàn thiện bức tranh nhanh hơn 6. Để tạo nên một bức tranh hoàn hảo, thực hiện gắn đá theo hàng, để tránh việc các việc kim cương bị gắn lệch. 7. Cắt bỏ các phần mã màu trên tranh. 8. Phần tranh gắn phải được thẳng, không có các vết nhàu và khe hở 9. Đặt bức tranh đã hoàn thành vào khung tranh tuỳ thích để hoàn thiện sản phẩm (sản phẩm không có khung kèm theo)&lt;/p&gt;', '&lt;p&gt;Tranh đính đá( còn còn gọi tranh gắn đá_ nếu không thích gắn đá thì mua chỉ về thêu cũng đc) cách làm đơn giản, nhanh hơn tranh thêu mà rất đẹp, nhờ hiệu ứng đá giả kim cương 5D lấp lánh, thích hợp để trang trí phòng khách hoặc phòng ngủ và có thể kết hợp với các phong cách trang trí khác nhau. Chất liệu: tranh vải in y hình+ đá và nguyên liệu đi kèm&lt;/p&gt;', '', '', '', '', '', ''),
(209, 2, 'PT006', '&lt;p&gt;Loại sản phẩm: Tranh chúng tôi là tranh Full đính đá 5D Hoạ tiết: y hình Màu sắc: Như hình ảnh hiển thị Các bước làm tranh đính đá 5D: 1. Mở hộp và kiểm tra các công cụ đính đá chuyên dụng bên trong 2. Kiểm tra đá và sắp xếp theo màu sắc số đánh 3. Trên tấm tranh, bạn sẽ thấy rất nhiều số tương ứng với mã màu 4. Đính đá lên tranh theo màu tương ứng 5. Lưu ý, việc đính đá theo từng màu sẽ giúp bạn hoàn thiện bức tranh nhanh hơn 6. Để tạo nên một bức tranh hoàn hảo, thực hiện gắn đá theo hàng, để tránh việc các việc kim cương bị gắn lệch. 7. Cắt bỏ các phần mã màu trên tranh. 8. Phần tranh gắn phải được thẳng, không có các vết nhàu và khe hở 9. Đặt bức tranh đã hoàn thành vào khung tranh tuỳ thích để hoàn thiện sản phẩm (sản phẩm không có khung kèm theo)&lt;/p&gt;', '&lt;p&gt;Tranh đính đá( còn còn gọi tranh gắn đá_ nếu không thích gắn đá thì mua chỉ về thêu cũng đc) cách làm đơn giản, nhanh hơn tranh thêu mà rất đẹp, nhờ hiệu ứng đá giả kim cương 5D lấp lánh, thích hợp để trang trí phòng khách hoặc phòng ngủ và có thể kết hợp với các phong cách trang trí khác nhau. Chất liệu: tranh vải in y hình+ đá và nguyên liệu đi kèm&lt;/p&gt;', '', '', '', '', '', ''),
(210, 2, 'PT007', '&lt;p&gt;Loại sản phẩm: Tranh chúng tôi là tranh Full đính đá 5D Hoạ tiết: y hình Màu sắc: Như hình ảnh hiển thị Các bước làm tranh đính đá 5D: 1. Mở hộp và kiểm tra các công cụ đính đá chuyên dụng bên trong 2. Kiểm tra đá và sắp xếp theo màu sắc số đánh 3. Trên tấm tranh, bạn sẽ thấy rất nhiều số tương ứng với mã màu 4. Đính đá lên tranh theo màu tương ứng 5. Lưu ý, việc đính đá theo từng màu sẽ giúp bạn hoàn thiện bức tranh nhanh hơn 6. Để tạo nên một bức tranh hoàn hảo, thực hiện gắn đá theo hàng, để tránh việc các việc kim cương bị gắn lệch. 7. Cắt bỏ các phần mã màu trên tranh. 8. Phần tranh gắn phải được thẳng, không có các vết nhàu và khe hở 9. Đặt bức tranh đã hoàn thành vào khung tranh tuỳ thích để hoàn thiện sản phẩm (sản phẩm không có khung kèm theo)&lt;/p&gt;', '&lt;p&gt;Tranh đính đá( còn còn gọi tranh gắn đá_ nếu không thích gắn đá thì mua chỉ về thêu cũng đc) cách làm đơn giản, nhanh hơn tranh thêu mà rất đẹp, nhờ hiệu ứng đá giả kim cương 5D lấp lánh, thích hợp để trang trí phòng khách hoặc phòng ngủ và có thể kết hợp với các phong cách trang trí khác nhau. Chất liệu: tranh vải in y hình+ đá và nguyên liệu đi kèm&lt;/p&gt;', '', '', '', '', '', ''),
(211, 2, 'PT008', '&lt;p&gt;Loại sản phẩm: Tranh chúng tôi là tranh Full đính đá 5D Hoạ tiết: y hình Màu sắc: Như hình ảnh hiển thị Các bước làm tranh đính đá 5D: 1. Mở hộp và kiểm tra các công cụ đính đá chuyên dụng bên trong 2. Kiểm tra đá và sắp xếp theo màu sắc số đánh 3. Trên tấm tranh, bạn sẽ thấy rất nhiều số tương ứng với mã màu 4. Đính đá lên tranh theo màu tương ứng 5. Lưu ý, việc đính đá theo từng màu sẽ giúp bạn hoàn thiện bức tranh nhanh hơn 6. Để tạo nên một bức tranh hoàn hảo, thực hiện gắn đá theo hàng, để tránh việc các việc kim cương bị gắn lệch. 7. Cắt bỏ các phần mã màu trên tranh. 8. Phần tranh gắn phải được thẳng, không có các vết nhàu và khe hở 9. Đặt bức tranh đã hoàn thành vào khung tranh tuỳ thích để hoàn thiện sản phẩm (sản phẩm không có khung kèm theo)&lt;/p&gt;', '&lt;p&gt;Tranh đính đá( còn còn gọi tranh gắn đá_ nếu không thích gắn đá thì mua chỉ về thêu cũng đc) cách làm đơn giản, nhanh hơn tranh thêu mà rất đẹp, nhờ hiệu ứng đá giả kim cương 5D lấp lánh, thích hợp để trang trí phòng khách hoặc phòng ngủ và có thể kết hợp với các phong cách trang trí khác nhau. Chất liệu: tranh vải in y hình+ đá và nguyên liệu đi kèm&lt;/p&gt;', '', '', '', '', '', ''),
(212, 2, 'TQ001', 'Loại sản phẩm: Tranh chúng tôi là tranh Full đính đá 5D\n\n Hoạ tiết: y hình\n\n Màu sắc: Như hình ảnh hiển thị\nCác bước làm tranh đính đá 5D:\n\n1. Mở hộp và kiểm tra các công cụ\nđính đá chuyên dụng bên trong\n\n2. Kiểm tra đá và sắp xếp theo màu sắc số đánh\n\n3. Trên tấm tranh, bạn sẽ thấy rất nhiều số tương ứng với mã màu\n\n4. Đính đá lên tranh theo màu tương ứng\n\n5. Lưu ý, việc đính đá theo từng màu sẽ giúp bạn hoàn thiện bức tranh nhanh hơn\n\n6. Để tạo nên một bức tranh hoàn hảo, thực hiện gắn đá theo hàng, để tránh việc các việc kim cương bị gắn lệch.\n\n7. Cắt bỏ các phần mã màu trên tranh.\n\n8. Phần tranh gắn phải được thẳng, không có các vết nhàu và khe hở\n\n9. Đặt bức tranh đã hoàn thành vào khung tranh tuỳ thích để hoàn thiện sản phẩm (sản phẩm không có khung kèm theo)\n\n \n\n\n\n', '', '', '', '', '', '', ''),
(213, 2, 'TQ002', 'Loại sản phẩm: Tranh chúng tôi là tranh Full đính đá 5D\n\n Hoạ tiết: y hình\n\n Màu sắc: Như hình ảnh hiển thị\nCác bước làm tranh đính đá 5D:\n\n1. Mở hộp và kiểm tra các công cụ\nđính đá chuyên dụng bên trong\n\n2. Kiểm tra đá và sắp xếp theo màu sắc số đánh\n\n3. Trên tấm tranh, bạn sẽ thấy rất nhiều số tương ứng với mã màu\n\n4. Đính đá lên tranh theo màu tương ứng\n\n5. Lưu ý, việc đính đá theo từng màu sẽ giúp bạn hoàn thiện bức tranh nhanh hơn\n\n6. Để tạo nên một bức tranh hoàn hảo, thực hiện gắn đá theo hàng, để tránh việc các việc kim cương bị gắn lệch.\n\n7. Cắt bỏ các phần mã màu trên tranh.\n\n8. Phần tranh gắn phải được thẳng, không có các vết nhàu và khe hở\n\n9. Đặt bức tranh đã hoàn thành vào khung tranh tuỳ thích để hoàn thiện sản phẩm (sản phẩm không có khung kèm theo)\n\n \n\n\n\n', '', '', '', '', '', '', ''),
(214, 2, 'TQ003', 'Loại sản phẩm: Tranh chúng tôi là tranh Full đính đá 5D\n\n Hoạ tiết: y hình\n\n Màu sắc: Như hình ảnh hiển thị\nCác bước làm tranh đính đá 5D:\n\n1. Mở hộp và kiểm tra các công cụ\nđính đá chuyên dụng bên trong\n\n2. Kiểm tra đá và sắp xếp theo màu sắc số đánh\n\n3. Trên tấm tranh, bạn sẽ thấy rất nhiều số tương ứng với mã màu\n\n4. Đính đá lên tranh theo màu tương ứng\n\n5. Lưu ý, việc đính đá theo từng màu sẽ giúp bạn hoàn thiện bức tranh nhanh hơn\n\n6. Để tạo nên một bức tranh hoàn hảo, thực hiện gắn đá theo hàng, để tránh việc các việc kim cương bị gắn lệch.\n\n7. Cắt bỏ các phần mã màu trên tranh.\n\n8. Phần tranh gắn phải được thẳng, không có các vết nhàu và khe hở\n\n9. Đặt bức tranh đã hoàn thành vào khung tranh tuỳ thích để hoàn thiện sản phẩm (sản phẩm không có khung kèm theo)\n\n \n\n\n\n', '', '', '', '', '', '', ''),
(215, 2, 'TQ004', 'Loại sản phẩm: Tranh chúng tôi là tranh Full đính đá 5D\n\n Hoạ tiết: y hình\n\n Màu sắc: Như hình ảnh hiển thị\nCác bước làm tranh đính đá 5D:\n\n1. Mở hộp và kiểm tra các công cụ\nđính đá chuyên dụng bên trong\n\n2. Kiểm tra đá và sắp xếp theo màu sắc số đánh\n\n3. Trên tấm tranh, bạn sẽ thấy rất nhiều số tương ứng với mã màu\n\n4. Đính đá lên tranh theo màu tương ứng\n\n5. Lưu ý, việc đính đá theo từng màu sẽ giúp bạn hoàn thiện bức tranh nhanh hơn\n\n6. Để tạo nên một bức tranh hoàn hảo, thực hiện gắn đá theo hàng, để tránh việc các việc kim cương bị gắn lệch.\n\n7. Cắt bỏ các phần mã màu trên tranh.\n\n8. Phần tranh gắn phải được thẳng, không có các vết nhàu và khe hở\n\n9. Đặt bức tranh đã hoàn thành vào khung tranh tuỳ thích để hoàn thiện sản phẩm (sản phẩm không có khung kèm theo)\n\n \n\n\n\n', '', '', '', '', '', '', ''),
(216, 2, 'TQ005', 'Loại sản phẩm: Tranh chúng tôi là tranh Full đính đá 5D\n\n Hoạ tiết: y hình\n\n Màu sắc: Như hình ảnh hiển thị\nCác bước làm tranh đính đá 5D:\n\n1. Mở hộp và kiểm tra các công cụ\nđính đá chuyên dụng bên trong\n\n2. Kiểm tra đá và sắp xếp theo màu sắc số đánh\n\n3. Trên tấm tranh, bạn sẽ thấy rất nhiều số tương ứng với mã màu\n\n4. Đính đá lên tranh theo màu tương ứng\n\n5. Lưu ý, việc đính đá theo từng màu sẽ giúp bạn hoàn thiện bức tranh nhanh hơn\n\n6. Để tạo nên một bức tranh hoàn hảo, thực hiện gắn đá theo hàng, để tránh việc các việc kim cương bị gắn lệch.\n\n7. Cắt bỏ các phần mã màu trên tranh.\n\n8. Phần tranh gắn phải được thẳng, không có các vết nhàu và khe hở\n\n9. Đặt bức tranh đã hoàn thành vào khung tranh tuỳ thích để hoàn thiện sản phẩm (sản phẩm không có khung kèm theo)\n\n \n\n\n\n', '', '', '', '', '', '', ''),
(217, 2, 'TQ006', 'Loại sản phẩm: Tranh chúng tôi là tranh Full đính đá 5D\n\n Hoạ tiết: y hình\n\n Màu sắc: Như hình ảnh hiển thị\nCác bước làm tranh đính đá 5D:\n\n1. Mở hộp và kiểm tra các công cụ\nđính đá chuyên dụng bên trong\n\n2. Kiểm tra đá và sắp xếp theo màu sắc số đánh\n\n3. Trên tấm tranh, bạn sẽ thấy rất nhiều số tương ứng với mã màu\n\n4. Đính đá lên tranh theo màu tương ứng\n\n5. Lưu ý, việc đính đá theo từng màu sẽ giúp bạn hoàn thiện bức tranh nhanh hơn\n\n6. Để tạo nên một bức tranh hoàn hảo, thực hiện gắn đá theo hàng, để tránh việc các việc kim cương bị gắn lệch.\n\n7. Cắt bỏ các phần mã màu trên tranh.\n\n8. Phần tranh gắn phải được thẳng, không có các vết nhàu và khe hở\n\n9. Đặt bức tranh đã hoàn thành vào khung tranh tuỳ thích để hoàn thiện sản phẩm (sản phẩm không có khung kèm theo)\n\n \n\n\n\n', '', '', '', '', '', '', ''),
(218, 2, 'TQ007', 'Loại sản phẩm: Tranh chúng tôi là tranh Full đính đá 5D\n\n Hoạ tiết: y hình\n\n Màu sắc: Như hình ảnh hiển thị\nCác bước làm tranh đính đá 5D:\n\n1. Mở hộp và kiểm tra các công cụ\nđính đá chuyên dụng bên trong\n\n2. Kiểm tra đá và sắp xếp theo màu sắc số đánh\n\n3. Trên tấm tranh, bạn sẽ thấy rất nhiều số tương ứng với mã màu\n\n4. Đính đá lên tranh theo màu tương ứng\n\n5. Lưu ý, việc đính đá theo từng màu sẽ giúp bạn hoàn thiện bức tranh nhanh hơn\n\n6. Để tạo nên một bức tranh hoàn hảo, thực hiện gắn đá theo hàng, để tránh việc các việc kim cương bị gắn lệch.\n\n7. Cắt bỏ các phần mã màu trên tranh.\n\n8. Phần tranh gắn phải được thẳng, không có các vết nhàu và khe hở\n\n9. Đặt bức tranh đã hoàn thành vào khung tranh tuỳ thích để hoàn thiện sản phẩm (sản phẩm không có khung kèm theo)\n\n \n\n\n\n', '', '', '', '', '', '', ''),
(219, 2, 'TQ008', 'Loại sản phẩm: Tranh chúng tôi là tranh Full đính đá 5D\n\n Hoạ tiết: y hình\n\n Màu sắc: Như hình ảnh hiển thị\nCác bước làm tranh đính đá 5D:\n\n1. Mở hộp và kiểm tra các công cụ\nđính đá chuyên dụng bên trong\n\n2. Kiểm tra đá và sắp xếp theo màu sắc số đánh\n\n3. Trên tấm tranh, bạn sẽ thấy rất nhiều số tương ứng với mã màu\n\n4. Đính đá lên tranh theo màu tương ứng\n\n5. Lưu ý, việc đính đá theo từng màu sẽ giúp bạn hoàn thiện bức tranh nhanh hơn\n\n6. Để tạo nên một bức tranh hoàn hảo, thực hiện gắn đá theo hàng, để tránh việc các việc kim cương bị gắn lệch.\n\n7. Cắt bỏ các phần mã màu trên tranh.\n\n8. Phần tranh gắn phải được thẳng, không có các vết nhàu và khe hở\n\n9. Đặt bức tranh đã hoàn thành vào khung tranh tuỳ thích để hoàn thiện sản phẩm (sản phẩm không có khung kèm theo)\n\n \n\n\n\n', '', '', '', '', '', '', '');

-- oc_product_image PRIMARY KEY (`product_image_id`)
-- nothing

-- oc_product_to_category PRIMARY KEY (`product_id`,`category_id`)
INSERT IGNORE INTO `oc_product_to_category` (`product_id`, `category_id`) VALUES
(172, 32),
(173, 32),
(174, 32),
(175, 32),
(176, 32),
(177, 32),
(178, 32),
(179, 32),
(180, 39),
(181, 39),
(182, 39),
(183, 39),
(184, 39),
(185, 39),
(186, 39),
(187, 39),
(188, 40),
(189, 40),
(190, 40),
(191, 40),
(192, 40),
(193, 40),
(194, 40),
(195, 40),
(196, 36),
(197, 36),
(198, 36),
(199, 36),
(200, 36),
(201, 36),
(202, 36),
(203, 36),
(204, 44),
(205, 44),
(206, 44),
(207, 44),
(208, 44),
(209, 44),
(210, 44),
(211, 44),
(212, 47),
(213, 47),
(214, 47),
(215, 47),
(216, 47),
(217, 47),
(218, 47),
(219, 47);

-- oc_product_to_store PRIMARY KEY (`product_id`,`store_id`)
INSERT IGNORE INTO `oc_product_to_store` (`product_id`, `store_id`, `product_version_id`, `quantity`, `cost_price`) VALUES
(181, 0, 0, 50, '0.0000'),
(197, 0, 0, 50, '0.0000'),
(174, 0, 0, 50, '0.0000'),
(199, 0, 0, 50, '0.0000'),
(183, 0, 0, 50, '0.0000'),
(209, 0, 0, 50, '0.0000'),
(206, 0, 0, 50, '0.0000'),
(210, 0, 0, 50, '0.0000'),
(208, 0, 0, 50, '0.0000'),
(177, 0, 0, 50, '0.0000'),
(207, 0, 0, 50, '0.0000'),
(192, 0, 0, 50, '0.0000'),
(186, 0, 0, 50, '0.0000'),
(180, 0, 0, 50, '0.0000'),
(198, 0, 0, 50, '0.0000'),
(173, 0, 0, 50, '0.0000'),
(191, 0, 0, 50, '0.0000'),
(182, 0, 0, 50, '0.0000'),
(176, 0, 0, 50, '0.0000'),
(196, 0, 0, 50, '0.0000'),
(204, 0, 0, 50, '0.0000'),
(189, 0, 0, 50, '0.0000'),
(185, 0, 0, 50, '0.0000'),
(179, 0, 0, 50, '0.0000'),
(195, 0, 0, 50, '0.0000'),
(172, 0, 0, 50, '0.0000'),
(202, 0, 0, 50, '0.0000'),
(190, 0, 0, 50, '0.0000'),
(203, 0, 0, 50, '0.0000'),
(188, 0, 0, 50, '0.0000'),
(175, 0, 0, 50, '0.0000'),
(194, 0, 0, 50, '0.0000'),
(184, 0, 0, 50, '0.0000'),
(201, 0, 0, 50, '0.0000'),
(205, 0, 0, 50, '0.0000'),
(211, 0, 0, 50, '0.0000'),
(193, 0, 0, 50, '0.0000'),
(178, 0, 0, 50, '0.0000'),
(200, 0, 0, 50, '0.0000'),
(187, 0, 0, 50, '0.0000'),
(212, 0, 0, 50, '0.0000'),
(213, 0, 0, 50, '0.0000'),
(214, 0, 0, 50, '0.0000'),
(219, 0, 0, 50, '0.0000'),
(218, 0, 0, 50, '0.0000'),
(217, 0, 0, 50, '0.0000'),
(216, 0, 0, 50, '0.0000'),
(215, 0, 0, 50, '0.0000');