-- oc_product PRIMARY KEY (`product_id`)
-- delete first
INSERT IGNORE INTO `oc_product` (`product_id`, `model`, `sku`, `common_barcode`, `common_sku`, `common_compare_price`, `common_price`, `common_cost_price`, `barcode`, `upc`, `ean`, `jan`, `isbn`, `mpn`, `location`, `quantity`, `sale_on_out_of_stock`, `stock_status_id`, `image`, `image_alt`, `multi_versions`, `manufacturer_id`, `shipping`, `price`, `price_currency_id`, `compare_price`, `c_price_currency_id`, `points`, `tax_class_id`, `date_available`, `weight`, `weight_class_id`, `length`, `width`, `height`, `length_class_id`, `subtract`, `minimum`, `sort_order`, `status`, `channel`, `viewed`, `demo`, `deleted`, `default_store_id`, `user_create_id`, `date_added`, `date_modified`) VALUES
(151, '', '', '', '', '0.0000', '0.0000', '0.0000', 'https://2.pik.vn/20206f0281b8-dad2-49d1-a69c-da88c44ca9f7.png', '', '', '', '', '', '', 0, 0, 0, 'https://2.pik.vn/2020f8a7a5c0-47ee-467e-bf6c-f41e22dea416.png', '', 0, 26, 1, '0.0000', 1, '0.0000', 1, 0, 0, '0000-00-00', '100.00000000', 1, '0.00000000', '0.00000000', '0.00000000', 0, 1, 1, 0, 1, 2, 0, 0, NULL, 0, 1, '2020-12-17 11:21:19', '2020-12-17 11:21:19'),
(150, '', '', '', '', '0.0000', '0.0000', '0.0000', 'https://2.pik.vn/2020f8a7a5c0-47ee-467e-bf6c-f41e22dea416.png', '', '', '', '', '', '', 0, 0, 0, 'https://2.pik.vn/202057c81e1e-9358-476a-be13-647c55f6823c.png', '', 0, 26, 1, '0.0000', 1, '0.0000', 1, 0, 0, '0000-00-00', '100.00000000', 1, '0.00000000', '0.00000000', '0.00000000', 0, 1, 1, 0, 1, 2, 0, 0, NULL, 0, 1, '2020-12-17 11:21:19', '2020-12-17 11:21:19'),
(149, '', '', '', '', '0.0000', '0.0000', '0.0000', 'https://2.pik.vn/202057c81e1e-9358-476a-be13-647c55f6823c.png', '', '', '', '', '', '', 0, 0, 0, 'https://2.pik.vn/202046720c90-63cd-4bd0-9bf5-669f1cc539e7.png', '', 0, 26, 1, '0.0000', 1, '0.0000', 1, 0, 0, '0000-00-00', '100.00000000', 1, '0.00000000', '0.00000000', '0.00000000', 0, 1, 1, 0, 1, 2, 0, 0, NULL, 0, 1, '2020-12-17 11:21:19', '2020-12-17 11:21:19'),
(148, '', '', '', '', '0.0000', '0.0000', '0.0000', 'https://2.pik.vn/202046720c90-63cd-4bd0-9bf5-669f1cc539e7.png', '', '', '', '', '', '', 0, 0, 0, 'https://2.pik.vn/2020ce9899b3-5bd1-4f08-9c46-f62ceaee2193.png', '', 0, 26, 1, '0.0000', 1, '0.0000', 1, 0, 0, '0000-00-00', '100.00000000', 1, '0.00000000', '0.00000000', '0.00000000', 0, 1, 1, 0, 1, 2, 0, 0, NULL, 0, 1, '2020-12-17 11:21:19', '2020-12-17 11:21:19'),
(147, '', '', '', '', '0.0000', '0.0000', '0.0000', 'https://2.pik.vn/2020ce9899b3-5bd1-4f08-9c46-f62ceaee2193.png', '', '', '', '', '', '', 0, 0, 0, 'https://2.pik.vn/2020f8d4f190-206b-4b9a-bf9b-7bc5e7c65827.png', '', 0, 26, 1, '0.0000', 1, '0.0000', 1, 0, 0, '0000-00-00', '100.00000000', 1, '0.00000000', '0.00000000', '0.00000000', 0, 1, 1, 0, 1, 2, 0, 0, NULL, 0, 1, '2020-12-17 11:21:19', '2020-12-17 11:21:19'),
(146, '', '', '', '', '0.0000', '0.0000', '0.0000', 'https://2.pik.vn/2020f8d4f190-206b-4b9a-bf9b-7bc5e7c65827.png', '', '', '', '', '', '', 0, 0, 0, 'https://2.pik.vn/20201b73faea-e4a8-457a-84a4-6db09b238c30.png', '', 0, 26, 1, '0.0000', 1, '0.0000', 1, 0, 0, '0000-00-00', '100.00000000', 1, '0.00000000', '0.00000000', '0.00000000', 0, 1, 1, 0, 1, 2, 0, 0, NULL, 0, 1, '2020-12-17 11:21:19', '2020-12-17 11:21:19'),
(145, '', '', '', '', '0.0000', '0.0000', '0.0000', 'https://2.pik.vn/20201b73faea-e4a8-457a-84a4-6db09b238c30.png', '', '', '', '', '', '', 0, 0, 0, 'https://2.pik.vn/20204d79d7c0-7346-4b4b-ae45-bb893a59a173.png', '', 0, 26, 1, '0.0000', 1, '0.0000', 1, 0, 0, '0000-00-00', '100.00000000', 1, '0.00000000', '0.00000000', '0.00000000', 0, 1, 1, 0, 1, 2, 0, 0, NULL, 0, 1, '2020-12-17 11:21:19', '2020-12-17 11:21:19'),
(144, '', '', '', '', '0.0000', '0.0000', '0.0000', 'https://2.pik.vn/20200be58f8e-e244-4b57-bf5c-a20fefb83c5b.png', '', '', '', '', '', '', 0, 0, 0, 'https://2.pik.vn/2020ff082fac-22f2-49d3-81da-79bc79d17764.png', '', 0, 26, 1, '290000.0000', 1, '350000.0000', 1, 0, 0, '0000-00-00', '100.00000000', 1, '0.00000000', '0.00000000', '0.00000000', 0, 1, 1, 0, 1, 2, 0, 0, NULL, 0, 1, '2020-12-17 11:21:19', '2020-12-17 11:21:19'),
(143, '', '', '', '', '0.0000', '0.0000', '0.0000', 'https://2.pik.vn/2020ff082fac-22f2-49d3-81da-79bc79d17764.png', '', '', '', '', '', '', 0, 0, 0, 'https://2.pik.vn/2020591a8e08-6508-4643-b1c6-79965d3d780c.png', '', 0, 26, 1, '290000.0000', 1, '350000.0000', 1, 0, 0, '0000-00-00', '100.00000000', 1, '0.00000000', '0.00000000', '0.00000000', 0, 1, 1, 0, 1, 2, 0, 0, NULL, 0, 1, '2020-12-17 11:21:19', '2020-12-17 11:21:19'),
(142, '', '', '', '', '0.0000', '0.0000', '0.0000', 'https://2.pik.vn/2020591a8e08-6508-4643-b1c6-79965d3d780c.png', '', '', '', '', '', '', 0, 0, 0, 'https://2.pik.vn/20208057f7aa-0b03-4a8f-9ef3-85a65ce0d3dc.png', '', 0, 26, 1, '290000.0000', 1, '350000.0000', 1, 0, 0, '0000-00-00', '100.00000000', 1, '0.00000000', '0.00000000', '0.00000000', 0, 1, 1, 0, 1, 2, 0, 0, NULL, 0, 1, '2020-12-17 11:21:19', '2020-12-17 11:21:19'),
(141, '', '', '', '', '0.0000', '0.0000', '0.0000', 'https://2.pik.vn/20208057f7aa-0b03-4a8f-9ef3-85a65ce0d3dc.png', '', '', '', '', '', '', 0, 0, 0, 'https://2.pik.vn/20202bdf65db-9451-4301-8254-4a8af5d3cc9d.png', '', 0, 26, 1, '290000.0000', 1, '350000.0000', 1, 0, 0, '0000-00-00', '100.00000000', 1, '0.00000000', '0.00000000', '0.00000000', 0, 1, 1, 0, 1, 2, 0, 0, NULL, 0, 1, '2020-12-17 11:21:19', '2020-12-17 11:21:19'),
(140, '', '', '', '', '0.0000', '0.0000', '0.0000', 'https://2.pik.vn/2020d6aa4774-2b05-43e8-9062-7fbd1fa9c757.png', '', '', '', '', '', '', 0, 0, 0, 'https://2.pik.vn/2020829eac5c-fc89-4fe2-a8be-c6da9d1f4928.png', '', 0, 26, 1, '0.0000', 1, '0.0000', 1, 0, 0, '0000-00-00', '100.00000000', 1, '0.00000000', '0.00000000', '0.00000000', 0, 1, 1, 0, 1, 2, 0, 0, NULL, 0, 1, '2020-12-17 11:21:19', '2020-12-17 11:21:19'),
(139, '', '', '', '', '0.0000', '0.0000', '0.0000', 'https://2.pik.vn/2020829eac5c-fc89-4fe2-a8be-c6da9d1f4928.png', '', '', '', '', '', '', 0, 0, 0, 'https://2.pik.vn/20202b54716a-cd0e-4d86-a225-78c6d50e7d9f.png', '', 0, 26, 1, '0.0000', 1, '0.0000', 1, 0, 0, '0000-00-00', '100.00000000', 1, '0.00000000', '0.00000000', '0.00000000', 0, 1, 1, 0, 1, 2, 0, 0, NULL, 0, 1, '2020-12-17 11:21:19', '2020-12-17 11:21:19'),
(138, '', '', '', '', '0.0000', '0.0000', '0.0000', 'https://2.pik.vn/20202b54716a-cd0e-4d86-a225-78c6d50e7d9f.png', '', '', '', '', '', '', 0, 0, 0, 'https://2.pik.vn/20208963b683-6212-4c8b-8918-78bdacdd1b02.png', '', 0, 26, 1, '0.0000', 1, '0.0000', 1, 0, 0, '0000-00-00', '100.00000000', 1, '0.00000000', '0.00000000', '0.00000000', 0, 1, 1, 0, 1, 2, 0, 0, NULL, 0, 1, '2020-12-17 11:21:19', '2020-12-17 11:21:19'),
(137, '', '', '', '', '0.0000', '0.0000', '0.0000', 'https://2.pik.vn/20208963b683-6212-4c8b-8918-78bdacdd1b02.png', '', '', '', '', '', '', 0, 0, 0, 'https://2.pik.vn/2020f0feb2c6-c118-440b-b86e-f0c2728505ba.png', '', 0, 26, 1, '0.0000', 1, '0.0000', 1, 0, 0, '0000-00-00', '100.00000000', 1, '0.00000000', '0.00000000', '0.00000000', 0, 1, 1, 0, 1, 2, 0, 0, NULL, 0, 1, '2020-12-17 11:21:19', '2020-12-17 11:21:19'),
(136, '', '', '', '', '0.0000', '0.0000', '0.0000', 'https://2.pik.vn/2020f0feb2c6-c118-440b-b86e-f0c2728505ba.png', '', '', '', '', '', '', 0, 0, 0, 'https://2.pik.vn/20202e8375e9-5c89-47d5-9b9d-cff0bb2e9125.png', '', 0, 26, 1, '0.0000', 1, '0.0000', 1, 0, 0, '0000-00-00', '100.00000000', 1, '0.00000000', '0.00000000', '0.00000000', 0, 1, 1, 0, 1, 2, 0, 0, NULL, 0, 1, '2020-12-17 11:21:19', '2020-12-17 11:21:19'),
(134, '', '', '', '', '0.0000', '0.0000', '0.0000', 'https://2.pik.vn/202086ec39dd-ad18-4171-bb3a-ca44a474d40e.png', '', '', '', '', '', '', 0, 0, 0, 'https://2.pik.vn/202012e9dbdf-bbc7-4211-8bcf-8d0c2a7dd10e.png', '', 0, 26, 1, '0.0000', 1, '0.0000', 1, 0, 0, '0000-00-00', '100.00000000', 1, '0.00000000', '0.00000000', '0.00000000', 0, 1, 1, 0, 1, 2, 0, 0, NULL, 0, 1, '2020-12-17 11:21:19', '2020-12-17 11:21:19'),
(135, '', '', '', '', '0.0000', '0.0000', '0.0000', 'https://2.pik.vn/20202e8375e9-5c89-47d5-9b9d-cff0bb2e9125.png', '', '', '', '', '', '', 0, 0, 0, 'https://2.pik.vn/202086ec39dd-ad18-4171-bb3a-ca44a474d40e.png', '', 0, 26, 1, '0.0000', 1, '0.0000', 1, 0, 0, '0000-00-00', '100.00000000', 1, '0.00000000', '0.00000000', '0.00000000', 0, 1, 1, 0, 1, 2, 0, 0, NULL, 0, 1, '2020-12-17 11:21:19', '2020-12-17 11:21:19'),
(132, '', '', '', '', '0.0000', '0.0000', '0.0000', '', '', '', '', '', '', '', 0, 0, 0, 'https://cdn.bestme.asia/images/x2/banner1-100-1_nXj1sEm.jpg', '', 1, 26, 1, '0.0000', 1, '0.0000', 1, 0, 0, '0000-00-00', '800.00000000', 1, '0.00000000', '0.00000000', '0.00000000', 0, 1, 1, 0, 1, 2, 0, 0, NULL, 0, 1, '2020-12-17 11:21:19', '2020-12-17 11:21:19'),
(133, '', '', '', '', '0.0000', '0.0000', '0.0000', 'https://2.pik.vn/202012e9dbdf-bbc7-4211-8bcf-8d0c2a7dd10e.png', '', '', '', '', '', '', 0, 0, 0, 'https://2.pik.vn/2020d6aa4774-2b05-43e8-9062-7fbd1fa9c757.png', '', 0, 26, 1, '0.0000', 1, '0.0000', 1, 0, 0, '0000-00-00', '100.00000000', 1, '0.00000000', '0.00000000', '0.00000000', 0, 1, 1, 0, 1, 2, 0, 0, NULL, 0, 1, '2020-12-17 11:21:19', '2020-12-17 11:21:19'),
(152, '', '', '', '', '0.0000', '0.0000', '0.0000', 'https://2.pik.vn/20204d79d7c0-7346-4b4b-ae45-bb893a59a173.png', '', '', '', '', '', '', 0, 0, 0, 'https://2.pik.vn/20206f0281b8-dad2-49d1-a69c-da88c44ca9f7.png', '', 0, 26, 1, '0.0000', 1, '0.0000', 1, 0, 0, '0000-00-00', '100.00000000', 1, '0.00000000', '0.00000000', '0.00000000', 0, 1, 1, 0, 1, 2, 0, 0, NULL, 0, 1, '2020-12-17 11:21:19', '2020-12-17 11:21:19'),
(153, '', '', '', '', '0.0000', '0.0000', '0.0000', 'https://2.pik.vn/20204743c4a7-6659-4410-882a-2e94b490534b.png', '', '', '', '', '', '', 0, 0, 0, 'https://2.pik.vn/20208d492dcb-d281-4cda-b7e9-e15432dd2479.png', '', 0, 26, 1, '0.0000', 1, '0.0000', 1, 0, 0, '0000-00-00', '100.00000000', 1, '0.00000000', '0.00000000', '0.00000000', 0, 1, 1, 0, 1, 2, 0, 0, NULL, 0, 1, '2020-12-17 11:21:19', '2020-12-17 11:21:19'),
(154, '', '', '', '', '0.0000', '0.0000', '0.0000', 'https://2.pik.vn/2020595c5e0f-2c68-4811-815a-1fa02b11e918.png', '', '', '', '', '', '', 0, 0, 0, 'https://2.pik.vn/20204743c4a7-6659-4410-882a-2e94b490534b.png', '', 0, 26, 1, '0.0000', 1, '0.0000', 1, 0, 0, '0000-00-00', '100.00000000', 1, '0.00000000', '0.00000000', '0.00000000', 0, 1, 1, 0, 1, 2, 0, 0, NULL, 0, 1, '2020-12-17 11:21:19', '2020-12-17 11:21:19'),
(155, '', '', '', '', '0.0000', '0.0000', '0.0000', 'https://2.pik.vn/2020b2f2eece-dd94-4236-ad18-3efa2ccd2769.png', '', '', '', '', '', '', 0, 0, 0, 'https://2.pik.vn/2020595c5e0f-2c68-4811-815a-1fa02b11e918.png', '', 0, 26, 1, '0.0000', 1, '0.0000', 1, 0, 0, '0000-00-00', '100.00000000', 1, '0.00000000', '0.00000000', '0.00000000', 0, 1, 1, 0, 1, 2, 0, 0, NULL, 0, 1, '2020-12-17 11:21:19', '2020-12-17 11:21:19'),
(156, '', '', '', '', '0.0000', '0.0000', '0.0000', 'https://2.pik.vn/2020f0b87528-2f03-411e-a6fb-edb6547b706e.png', '', '', '', '', '', '', 0, 0, 0, 'https://2.pik.vn/2020b2f2eece-dd94-4236-ad18-3efa2ccd2769.png', '', 0, 26, 1, '0.0000', 1, '0.0000', 1, 0, 0, '0000-00-00', '100.00000000', 1, '0.00000000', '0.00000000', '0.00000000', 0, 1, 1, 0, 1, 2, 0, 0, NULL, 0, 1, '2020-12-17 11:21:19', '2020-12-17 11:21:19'),
(157, '', '', '', '', '0.0000', '0.0000', '0.0000', 'https://2.pik.vn/20205e13408b-8fb7-4204-8f42-242c92f9cd6c.png', '', '', '', '', '', '', 0, 0, 0, 'https://2.pik.vn/2020f0b87528-2f03-411e-a6fb-edb6547b706e.png', '', 0, 26, 1, '0.0000', 1, '0.0000', 1, 0, 0, '0000-00-00', '100.00000000', 1, '0.00000000', '0.00000000', '0.00000000', 0, 1, 1, 0, 1, 2, 0, 0, NULL, 0, 1, '2020-12-17 11:21:19', '2020-12-17 11:21:19'),
(158, '', '', '', '', '0.0000', '0.0000', '0.0000', 'https://2.pik.vn/20208f36664c-c930-438e-93b2-307dde13f1e9.png', '', '', '', '', '', '', 0, 0, 0, 'https://2.pik.vn/20205e13408b-8fb7-4204-8f42-242c92f9cd6c.png', '', 0, 26, 1, '0.0000', 1, '0.0000', 1, 0, 0, '0000-00-00', '100.00000000', 1, '0.00000000', '0.00000000', '0.00000000', 0, 1, 1, 0, 1, 2, 0, 0, NULL, 0, 1, '2020-12-17 11:21:19', '2020-12-17 11:21:19'),
(159, '', '', '', '', '0.0000', '0.0000', '0.0000', 'https://2.pik.vn/20207e1bbd07-e16b-48bd-9b9b-b63ed97868a2.png', '', '', '', '', '', '', 0, 0, 0, 'https://2.pik.vn/20208f36664c-c930-438e-93b2-307dde13f1e9.png', '', 0, 26, 1, '0.0000', 1, '0.0000', 1, 0, 0, '0000-00-00', '100.00000000', 1, '0.00000000', '0.00000000', '0.00000000', 0, 1, 1, 0, 1, 2, 0, 0, NULL, 0, 1, '2020-12-17 11:21:19', '2020-12-17 11:21:19'),
(160, '', '', '', '', '0.0000', '0.0000', '0.0000', 'https://2.pik.vn/20208d492dcb-d281-4cda-b7e9-e15432dd2479.png', '', '', '', '', '', '', 0, 0, 0, 'https://2.pik.vn/20207e1bbd07-e16b-48bd-9b9b-b63ed97868a2.png', '', 0, 26, 1, '0.0000', 1, '0.0000', 1, 0, 0, '0000-00-00', '100.00000000', 1, '0.00000000', '0.00000000', '0.00000000', 0, 1, 1, 0, 1, 2, 0, 0, NULL, 0, 1, '2020-12-17 11:21:19', '2020-12-17 11:21:19'),
(161, '', '', '', '', '0.0000', '0.0000', '0.0000', 'https://2.pik.vn/202015fa73e0-35b3-4796-8c04-89367bf5a235.png', '', '', '', '', '', '', 0, 0, 0, 'https://2.pik.vn/2020d29ffbfb-8a94-4171-8865-fb65decd5006.png', '', 0, 26, 1, '0.0000', 1, '0.0000', 1, 0, 0, '0000-00-00', '100.00000000', 1, '0.00000000', '0.00000000', '0.00000000', 0, 1, 1, 0, 1, 2, 0, 0, NULL, 0, 1, '2020-12-17 11:21:19', '2020-12-17 11:21:19'),
(162, '', '', '', '', '0.0000', '0.0000', '0.0000', 'https://2.pik.vn/20208a259c0a-5a33-4093-b876-8492dc9c4f19.png', '', '', '', '', '', '', 0, 0, 0, 'https://2.pik.vn/202015fa73e0-35b3-4796-8c04-89367bf5a235.png', '', 0, 26, 1, '0.0000', 1, '0.0000', 1, 0, 0, '0000-00-00', '100.00000000', 1, '0.00000000', '0.00000000', '0.00000000', 0, 1, 1, 0, 1, 2, 0, 0, NULL, 0, 1, '2020-12-17 11:21:19', '2020-12-17 11:21:19'),
(163, '', '', '', '', '0.0000', '0.0000', '0.0000', 'https://2.pik.vn/20201470aed5-fac7-480e-9290-f805c60407d7.png', '', '', '', '', '', '', 0, 0, 0, 'https://2.pik.vn/20208a259c0a-5a33-4093-b876-8492dc9c4f19.png', '', 0, 26, 1, '0.0000', 1, '0.0000', 1, 0, 0, '0000-00-00', '100.00000000', 1, '0.00000000', '0.00000000', '0.00000000', 0, 1, 1, 0, 1, 2, 0, 0, NULL, 0, 1, '2020-12-17 11:21:19', '2020-12-17 11:21:19'),
(164, '', '', '', '', '0.0000', '0.0000', '0.0000', 'https://2.pik.vn/2020a1230000-0971-44e0-8d51-6a30700ef099.png', '', '', '', '', '', '', 0, 0, 0, 'https://2.pik.vn/20201470aed5-fac7-480e-9290-f805c60407d7.png', '', 0, 26, 1, '0.0000', 1, '0.0000', 1, 0, 0, '0000-00-00', '100.00000000', 1, '0.00000000', '0.00000000', '0.00000000', 0, 1, 1, 0, 1, 2, 0, 0, NULL, 0, 1, '2020-12-17 11:21:19', '2020-12-17 11:21:19'),
(165, '', '', '', '', '0.0000', '0.0000', '0.0000', 'https://2.pik.vn/2020ac9d477a-c2db-4a5f-abfa-cdb0a57dc581.png', '', '', '', '', '', '', 0, 0, 0, 'https://2.pik.vn/2020a1230000-0971-44e0-8d51-6a30700ef099.png', '', 0, 26, 1, '0.0000', 1, '0.0000', 1, 0, 0, '0000-00-00', '100.00000000', 1, '0.00000000', '0.00000000', '0.00000000', 0, 1, 1, 0, 1, 2, 0, 0, NULL, 0, 1, '2020-12-17 11:21:19', '2020-12-17 11:21:19'),
(166, '', '', '', '', '0.0000', '0.0000', '0.0000', 'https://2.pik.vn/2020c42c300b-89d6-47b5-901e-f6beb3d73bd6.png', '', '', '', '', '', '', 0, 0, 0, 'https://2.pik.vn/2020ac9d477a-c2db-4a5f-abfa-cdb0a57dc581.png', '', 0, 26, 1, '0.0000', 1, '0.0000', 1, 0, 0, '0000-00-00', '100.00000000', 1, '0.00000000', '0.00000000', '0.00000000', 0, 1, 1, 0, 1, 2, 0, 0, NULL, 0, 1, '2020-12-17 11:21:19', '2020-12-17 11:21:19'),
(167, '', '', '', '', '0.0000', '0.0000', '0.0000', 'https://2.pik.vn/20201245c03e-207a-40fa-946e-19abf54059af.png', '', '', '', '', '', '', 0, 0, 0, 'https://2.pik.vn/2020c42c300b-89d6-47b5-901e-f6beb3d73bd6.png', '', 0, 26, 1, '0.0000', 1, '0.0000', 1, 0, 0, '0000-00-00', '100.00000000', 1, '0.00000000', '0.00000000', '0.00000000', 0, 1, 1, 0, 1, 2, 0, 0, NULL, 0, 1, '2020-12-17 11:21:19', '2020-12-17 11:21:19'),
(168, '', '', '', '', '0.0000', '0.0000', '0.0000', 'https://2.pik.vn/2020d29ffbfb-8a94-4171-8865-fb65decd5006.png', '', '', '', '', '', '', 0, 0, 0, 'https://2.pik.vn/20201245c03e-207a-40fa-946e-19abf54059af.png', '', 0, 26, 1, '0.0000', 1, '0.0000', 1, 0, 0, '0000-00-00', '100.00000000', 1, '0.00000000', '0.00000000', '0.00000000', 0, 1, 1, 0, 1, 2, 0, 0, NULL, 0, 1, '2020-12-17 11:21:19', '2020-12-17 11:21:19'),
(169, '', '', '', '', '0.0000', '0.0000', '0.0000', 'https://2.pik.vn/20206f9d0cb8-375d-42c8-be56-621c189ef31d.png', '', '', '', '', '', '', 0, 0, 0, 'https://2.pik.vn/202095adfc47-c1f7-4a7c-96e8-7cd2ca0e6495.png', '', 0, 26, 1, '0.0000', 1, '0.0000', 1, 0, 0, '0000-00-00', '100.00000000', 1, '0.00000000', '0.00000000', '0.00000000', 0, 1, 1, 0, 1, 2, 0, 0, NULL, 0, 1, '2020-12-17 11:21:19', '2020-12-17 11:27:13'),
(170, '', '', '', '', '0.0000', '0.0000', '0.0000', 'https://2.pik.vn/2020e4836373-fb9c-433e-9509-b704db65c800.png', '', '', '', '', '', '', 0, 0, 0, 'https://2.pik.vn/20206f9d0cb8-375d-42c8-be56-621c189ef31d.png', '', 0, 26, 1, '0.0000', 1, '0.0000', 1, 0, 0, '0000-00-00', '100.00000000', 1, '0.00000000', '0.00000000', '0.00000000', 0, 1, 1, 0, 1, 2, 0, 0, NULL, 0, 1, '2020-12-17 11:21:19', '2020-12-17 11:24:25'),
(171, '', '', '', '', '0.0000', '0.0000', '0.0000', 'https://2.pik.vn/2020fa350ec4-a64f-478b-a693-f5fd162cf07d.png', '', '', '', '', '', '', 0, 0, 0, 'https://2.pik.vn/2020e4836373-fb9c-433e-9509-b704db65c800.png', '', 0, 26, 1, '0.0000', 1, '0.0000', 1, 0, 0, '0000-00-00', '100.00000000', 1, '0.00000000', '0.00000000', '0.00000000', 0, 1, 1, 0, 1, 2, 0, 0, NULL, 0, 1, '2020-12-17 11:21:19', '2020-12-17 11:26:30'),
(172, '', '', '', '', '0.0000', '0.0000', '0.0000', 'https://2.pik.vn/202029f1271a-0246-4753-be1d-9f92cc0903d9.png', '', '', '', '', '', '', 0, 0, 0, 'https://2.pik.vn/2020fa350ec4-a64f-478b-a693-f5fd162cf07d.png', '', 0, 26, 1, '0.0000', 1, '0.0000', 1, 0, 0, '0000-00-00', '100.00000000', 1, '0.00000000', '0.00000000', '0.00000000', 0, 1, 1, 0, 1, 2, 0, 0, NULL, 0, 1, '2020-12-17 11:21:19', '2020-12-17 11:25:29'),
(173, '', '', '', '', '0.0000', '0.0000', '0.0000', 'https://2.pik.vn/202051d156b1-37fa-4f0b-8d62-2db489bb3f37.png', '', '', '', '', '', '', 0, 0, 0, 'https://2.pik.vn/202029f1271a-0246-4753-be1d-9f92cc0903d9.png', '', 0, 26, 1, '0.0000', 1, '0.0000', 1, 0, 0, '0000-00-00', '100.00000000', 1, '0.00000000', '0.00000000', '0.00000000', 0, 1, 1, 0, 1, 2, 0, 0, NULL, 0, 1, '2020-12-17 11:21:19', '2020-12-17 11:25:56'),
(174, '', '', '', '', '0.0000', '0.0000', '0.0000', 'https://2.pik.vn/2020e0b4645a-39b9-484b-928c-7fc34e1c025b.png', '', '', '', '', '', '', 0, 0, 0, 'https://2.pik.vn/202051d156b1-37fa-4f0b-8d62-2db489bb3f37.png', '', 0, 26, 1, '0.0000', 1, '0.0000', 1, 0, 0, '0000-00-00', '100.00000000', 1, '0.00000000', '0.00000000', '0.00000000', 0, 1, 1, 0, 1, 2, 0, 0, NULL, 0, 1, '2020-12-17 11:21:19', '2020-12-17 11:27:42'),
(175, '', '', '', '', '0.0000', '0.0000', '0.0000', 'https://2.pik.vn/202025c18c54-74e6-43cc-b36e-862a06e83f0f.png', '', '', '', '', '', '', 0, 0, 0, 'https://2.pik.vn/2020e0b4645a-39b9-484b-928c-7fc34e1c025b.png', '', 0, 26, 1, '0.0000', 1, '0.0000', 1, 0, 0, '0000-00-00', '100.00000000', 1, '0.00000000', '0.00000000', '0.00000000', 0, 1, 1, 0, 1, 2, 0, 0, NULL, 0, 1, '2020-12-17 11:21:19', '2020-12-17 11:24:48'),
(176, '', '', '', '', '0.0000', '0.0000', '0.0000', 'https://2.pik.vn/202095adfc47-c1f7-4a7c-96e8-7cd2ca0e6495.png', '', '', '', '', '', '', 0, 0, 0, 'https://2.pik.vn/202025c18c54-74e6-43cc-b36e-862a06e83f0f.png', '', 0, 26, 1, '350000.0000', 1, '500000.0000', 1, 0, 0, '0000-00-00', '100.00000000', 1, '0.00000000', '0.00000000', '0.00000000', 0, 1, 1, 0, 1, 2, 0, 0, NULL, 0, 1, '2020-12-17 11:21:19', '2020-12-17 11:27:59'),
(177, '', '', '', '', '0.0000', '0.0000', '0.0000', 'https://2.pik.vn/2020f53e0ffb-f8e6-4125-aca7-72c6ffb0c60f.png', '', '', '', '', '', '', 0, 0, 0, 'https://2.pik.vn/20200e69238b-2a3b-4d51-881e-930fe4936f49.png', '', 0, 26, 1, '350000.0000', 1, '500000.0000', 1, 0, 0, '0000-00-00', '100.00000000', 1, '0.00000000', '0.00000000', '0.00000000', 0, 1, 1, 0, 1, 2, 0, 0, NULL, 0, 1, '2020-12-17 11:21:19', '2020-12-17 11:21:19'),
(178, '', '', '', '', '0.0000', '0.0000', '0.0000', 'https://2.pik.vn/2020e8087e43-a031-4e89-834b-f0ee6d6ff87b.png', '', '', '', '', '', '', 0, 0, 0, 'https://2.pik.vn/2020f53e0ffb-f8e6-4125-aca7-72c6ffb0c60f.png', '', 0, 26, 1, '350000.0000', 1, '500000.0000', 1, 0, 0, '0000-00-00', '100.00000000', 1, '0.00000000', '0.00000000', '0.00000000', 0, 1, 1, 0, 1, 2, 0, 0, NULL, 0, 1, '2020-12-17 11:21:19', '2020-12-17 11:21:19'),
(179, '', '', '', '', '0.0000', '0.0000', '0.0000', 'https://2.pik.vn/20200dd1f7a8-d882-48a4-94a8-a51c02b1f65d.png', '', '', '', '', '', '', 0, 0, 0, 'https://2.pik.vn/2020e8087e43-a031-4e89-834b-f0ee6d6ff87b.png', '', 0, 26, 1, '350000.0000', 1, '500000.0000', 1, 0, 0, '0000-00-00', '100.00000000', 1, '0.00000000', '0.00000000', '0.00000000', 0, 1, 1, 0, 1, 2, 0, 0, NULL, 0, 1, '2020-12-17 11:21:19', '2020-12-17 11:21:19'),
(180, '', '', '', '', '0.0000', '0.0000', '0.0000', 'https://2.pik.vn/20203ec28186-fb3c-4b55-a238-9d7b706266bb.png', '', '', '', '', '', '', 0, 0, 0, 'https://2.pik.vn/20200dd1f7a8-d882-48a4-94a8-a51c02b1f65d.png', '', 0, 26, 1, '350000.0000', 1, '500000.0000', 1, 0, 0, '0000-00-00', '100.00000000', 1, '0.00000000', '0.00000000', '0.00000000', 0, 1, 1, 0, 1, 2, 0, 0, NULL, 0, 1, '2020-12-17 11:21:19', '2020-12-17 11:21:19'),
(181, '', '', '', '', '0.0000', '0.0000', '0.0000', 'https://2.pik.vn/20208d143143-c4eb-4f00-8095-83167e8c865d.png', '', '', '', '', '', '', 0, 0, 0, 'https://2.pik.vn/20203ec28186-fb3c-4b55-a238-9d7b706266bb.png', '', 0, 26, 1, '350000.0000', 1, '500000.0000', 1, 0, 0, '0000-00-00', '100.00000000', 1, '0.00000000', '0.00000000', '0.00000000', 0, 1, 1, 0, 1, 2, 0, 0, NULL, 0, 1, '2020-12-17 11:21:19', '2020-12-17 11:21:19'),
(182, '', '', '', '', '0.0000', '0.0000', '0.0000', 'https://2.pik.vn/2020453ca066-7e92-44b7-8947-0f74c7125c8e.png', '', '', '', '', '', '', 0, 0, 0, 'https://2.pik.vn/20208d143143-c4eb-4f00-8095-83167e8c865d.png', '', 0, 26, 1, '350000.0000', 1, '500000.0000', 1, 0, 0, '0000-00-00', '100.00000000', 1, '0.00000000', '0.00000000', '0.00000000', 0, 1, 1, 0, 1, 2, 0, 0, NULL, 0, 1, '2020-12-17 11:21:19', '2020-12-17 11:21:19'),
(183, '', '', '', '', '0.0000', '0.0000', '0.0000', 'https://2.pik.vn/2020b9f15588-152a-4e7d-a3fe-b2f969996d41.png', '', '', '', '', '', '', 0, 0, 0, 'https://2.pik.vn/2020453ca066-7e92-44b7-8947-0f74c7125c8e.png', '', 0, 26, 1, '350000.0000', 1, '500000.0000', 1, 0, 0, '0000-00-00', '100.00000000', 1, '0.00000000', '0.00000000', '0.00000000', 0, 1, 1, 0, 1, 2, 0, 0, NULL, 0, 1, '2020-12-17 11:21:20', '2020-12-17 11:21:20'),
(184, '', '', '', '', '0.0000', '0.0000', '0.0000', 'https://2.pik.vn/20200e69238b-2a3b-4d51-881e-930fe4936f49.png', '', '', '', '', '', '', 0, 0, 0, 'https://2.pik.vn/2020b9f15588-152a-4e7d-a3fe-b2f969996d41.png', '', 0, 26, 1, '350000.0000', 1, '500000.0000', 1, 0, 0, '0000-00-00', '100.00000000', 1, '0.00000000', '0.00000000', '0.00000000', 0, 1, 1, 0, 1, 2, 0, 0, NULL, 0, 1, '2020-12-17 11:21:20', '2020-12-17 11:21:20'),
(185, '', '', '', '', '0.0000', '0.0000', '0.0000', 'https://2.pik.vn/20207586cd09-2331-4779-9344-06e95bd2a00e.png', '', '', '', '', '', '', 0, 0, 0, 'https://2.pik.vn/20200be58f8e-e244-4b57-bf5c-a20fefb83c5b.png', '', 0, 26, 1, '290000.0000', 1, '350000.0000', 1, 0, 0, '0000-00-00', '100.00000000', 1, '0.00000000', '0.00000000', '0.00000000', 0, 1, 1, 0, 1, 2, 0, 0, NULL, 0, 1, '2020-12-17 11:21:20', '2020-12-17 11:21:20'),
(186, '', '', '', '', '0.0000', '0.0000', '0.0000', 'https://2.pik.vn/202032c3be74-f34d-4895-90ab-836b57fb9a18.png', '', '', '', '', '', '', 0, 0, 0, 'https://2.pik.vn/20207586cd09-2331-4779-9344-06e95bd2a00e.png', '', 0, 26, 1, '290000.0000', 1, '350000.0000', 1, 0, 0, '0000-00-00', '100.00000000', 1, '0.00000000', '0.00000000', '0.00000000', 0, 1, 1, 0, 1, 2, 0, 0, NULL, 0, 1, '2020-12-17 11:21:20', '2020-12-17 11:21:20'),
(187, '', '', '', '', '0.0000', '0.0000', '0.0000', 'https://2.pik.vn/2020f2be7d44-09ce-4e55-9df2-f30ef6a49737.png', '', '', '', '', '', '', 0, 0, 0, 'https://2.pik.vn/202032c3be74-f34d-4895-90ab-836b57fb9a18.png', '', 0, 26, 1, '290000.0000', 1, '350000.0000', 1, 0, 0, '0000-00-00', '100.00000000', 1, '0.00000000', '0.00000000', '0.00000000', 0, 1, 1, 0, 1, 2, 0, 0, NULL, 0, 1, '2020-12-17 11:21:20', '2020-12-17 11:21:20'),
(188, '', '', '', '', '0.0000', '0.0000', '0.0000', 'https://2.pik.vn/2020675a4c03-62ee-44d1-94ee-710263a46083.png', '', '', '', '', '', '', 0, 0, 0, 'https://2.pik.vn/2020f2be7d44-09ce-4e55-9df2-f30ef6a49737.png', '', 0, 26, 1, '290000.0000', 1, '350000.0000', 1, 0, 0, '0000-00-00', '100.00000000', 1, '0.00000000', '0.00000000', '0.00000000', 0, 1, 1, 0, 1, 2, 0, 0, NULL, 0, 1, '2020-12-17 11:21:20', '2020-12-17 11:21:20'),
(189, '', '', '', '', '0.0000', '0.0000', '0.0000', 'https://2.pik.vn/20202bdf65db-9451-4301-8254-4a8af5d3cc9d.png', '', '', '', '', '', '', 0, 0, 0, 'https://2.pik.vn/2020675a4c03-62ee-44d1-94ee-710263a46083.png', '', 0, 26, 1, '290000.0000', 1, '350000.0000', 1, 0, 0, '0000-00-00', '100.00000000', 1, '0.00000000', '0.00000000', '0.00000000', 0, 1, 1, 0, 1, 2, 0, 0, NULL, 0, 1, '2020-12-17 11:21:20', '2020-12-17 11:21:20');

-- restore soft-deleted products if demo
UPDATE `oc_product` SET `deleted` = NULL
WHERE `demo` = 1
  AND `product_id` IN (
151,
150,
149,
148,
147,
146,
145,
144,
143,
142,
141,
140,
139,
138,
137,
136,
134,
135,
132,
133,
152,
153,
154,
155,
156,
157,
158,
159,
160,
161,
162,
163,
164,
165,
166,
167,
168,
169,
170,
171,
172,
173,
174,
175,
176,
177,
178,
179,
180,
181,
182,
183,
184,
185,
186,
187,
188,
189
  );

-- oc_product_collection PRIMARY KEY (`product_collection_id`)
INSERT IGNORE INTO `oc_product_collection` (`product_collection_id`, `product_id`, `collection_id`, `sort_order`) VALUES
(291, 151, 21, 7),
(237, 177, 19, 0),
(236, 160, 18, 0),
(235, 159, 18, 0),
(234, 158, 18, 0),
(245, 185, 20, 0),
(233, 156, 18, 0),
(244, 184, 19, 0),
(243, 183, 19, 0),
(232, 157, 18, 0),
(231, 155, 18, 0),
(229, 153, 18, 0),
(252, 143, 20, 0),
(230, 154, 18, 0),
(228, 168, 18, 0),
(295, 148, 22, 4),
(251, 142, 20, 0),
(294, 147, 22, 3),
(227, 167, 18, 0),
(290, 150, 21, 6),
(226, 166, 18, 0),
(289, 149, 21, 5),
(225, 165, 18, 0),
(288, 148, 21, 4),
(224, 164, 18, 0),
(287, 147, 21, 3),
(223, 163, 18, 0),
(286, 146, 21, 2),
(222, 162, 18, 0),
(285, 145, 21, 1),
(221, 161, 18, 0),
(304, 145, 24, 5),
(303, 149, 24, 4),
(299, 148, 23, 4),
(298, 147, 23, 3),
(297, 146, 23, 2),
(296, 145, 23, 1),
(293, 146, 22, 2),
(292, 145, 22, 1),
(341, 184, 25, 8),
(340, 183, 25, 7),
(242, 182, 19, 0),
(339, 182, 25, 6),
(241, 181, 19, 0),
(338, 181, 25, 5),
(337, 180, 25, 4),
(302, 148, 24, 3),
(301, 147, 24, 2),
(300, 146, 24, 1),
(197, 169, 16, 0),
(198, 170, 16, 0),
(199, 171, 16, 0),
(200, 172, 16, 0),
(201, 173, 16, 0),
(202, 174, 16, 0),
(203, 175, 16, 0),
(204, 176, 16, 0),
(240, 180, 19, 0),
(239, 179, 19, 0),
(238, 178, 19, 0),
(350, 144, 26, 9),
(250, 141, 20, 0),
(249, 189, 20, 0),
(248, 188, 20, 0),
(247, 187, 20, 0),
(246, 186, 20, 0),
(349, 144, 26, 8),
(348, 143, 26, 7),
(347, 142, 26, 6),
(346, 141, 26, 5),
(345, 189, 26, 4),
(344, 188, 26, 3),
(343, 187, 26, 2),
(342, 186, 26, 1),
(336, 179, 25, 3),
(335, 178, 25, 2),
(334, 177, 25, 1);


-- oc_product_description PRIMARY KEY (`product_id`,`language_id`)
INSERT IGNORE INTO `oc_product_description` (`product_id`, `language_id`, `name`, `description`, `sub_description`, `seo_title`, `seo_description`, `tag`, `meta_title`, `meta_description`, `meta_keyword`) VALUES
(104, 2, 'Váy đầm dự tiệc sang trọng - Độc đáo - Giá cả hợp lý VD01', ' - Váy suông ren là  item chưa bao giờ hết hot, mang đến vẻ quyến rũ cho phái đẹp và đặc biệt giúp bạn che đi khuyết điểm cơ thể mình. \n- Chất liệu ren gợi cảm, sang trọng mang lại cho quý cô phong cách thời trang thời thượng và thanh lịch.', '', '', '', '', '', '', ''),
(105, 2, 'Váy đầm dự tiệc sang trọng - Độc đáo - Giá cả hợp lý VD02', ' - Váy suông ren là  item chưa bao giờ hết hot, mang đến vẻ quyến rũ cho phái đẹp và đặc biệt giúp bạn che đi khuyết điểm cơ thể mình. \n- Chất liệu ren gợi cảm, sang trọng mang lại cho quý cô phong cách thời trang thời thượng và thanh lịch.', '', '', '', '', '', '', ''),
(106, 2, 'Váy đầm dự tiệc sang trọng - Độc đáo - Giá cả hợp lý VD03', ' - Váy suông ren là  item chưa bao giờ hết hot, mang đến vẻ quyến rũ cho phái đẹp và đặc biệt giúp bạn che đi khuyết điểm cơ thể mình. \n- Chất liệu ren gợi cảm, sang trọng mang lại cho quý cô phong cách thời trang thời thượng và thanh lịch.', '', '', '', '', '', '', ''),
(107, 2, 'Váy đầm dự tiệc sang trọng - Độc đáo - Giá cả hợp lý VD04', ' - Váy suông ren là  item chưa bao giờ hết hot, mang đến vẻ quyến rũ cho phái đẹp và đặc biệt giúp bạn che đi khuyết điểm cơ thể mình. \n- Chất liệu ren gợi cảm, sang trọng mang lại cho quý cô phong cách thời trang thời thượng và thanh lịch.', '', '', '', '', '', '', ''),
(108, 2, 'Váy đầm dự tiệc sang trọng - Độc đáo - Giá cả hợp lý VD05', ' - Váy suông ren là  item chưa bao giờ hết hot, mang đến vẻ quyến rũ cho phái đẹp và đặc biệt giúp bạn che đi khuyết điểm cơ thể mình. \n- Chất liệu ren gợi cảm, sang trọng mang lại cho quý cô phong cách thời trang thời thượng và thanh lịch.', '', '', '', '', '', '', ''),
(109, 2, 'Váy đầm dự tiệc sang trọng - Độc đáo - Giá cả hợp lý VD06', ' - Váy suông ren là  item chưa bao giờ hết hot, mang đến vẻ quyến rũ cho phái đẹp và đặc biệt giúp bạn che đi khuyết điểm cơ thể mình. \n- Chất liệu ren gợi cảm, sang trọng mang lại cho quý cô phong cách thời trang thời thượng và thanh lịch.', '', '', '', '', '', '', ''),
(110, 2, 'Váy đầm dự tiệc sang trọng - Độc đáo - Giá cả hợp lý VD07', ' - Váy suông ren là  item chưa bao giờ hết hot, mang đến vẻ quyến rũ cho phái đẹp và đặc biệt giúp bạn che đi khuyết điểm cơ thể mình. \n- Chất liệu ren gợi cảm, sang trọng mang lại cho quý cô phong cách thời trang thời thượng và thanh lịch.', '', '', '', '', '', '', ''),
(111, 2, 'Váy đầm dự tiệc sang trọng - Độc đáo - Giá cả hợp lý VD08', ' - Váy suông ren là  item chưa bao giờ hết hot, mang đến vẻ quyến rũ cho phái đẹp và đặc biệt giúp bạn che đi khuyết điểm cơ thể mình. \n- Chất liệu ren gợi cảm, sang trọng mang lại cho quý cô phong cách thời trang thời thượng và thanh lịch.', '', '', '', '', '', '', ''),
(112, 2, 'Váy đầm dự tiệc sang trọng - Độc đáo - Giá cả hợp lý VD09', ' - Váy suông ren là  item chưa bao giờ hết hot, mang đến vẻ quyến rũ cho phái đẹp và đặc biệt giúp bạn che đi khuyết điểm cơ thể mình. \n- Chất liệu ren gợi cảm, sang trọng mang lại cho quý cô phong cách thời trang thời thượng và thanh lịch.', '', '', '', '', '', '', ''),
(113, 2, 'Váy đầm dự tiệc sang trọng - Độc đáo - Giá cả hợp lý VD10', ' - Váy suông ren là  item chưa bao giờ hết hot, mang đến vẻ quyến rũ cho phái đẹp và đặc biệt giúp bạn che đi khuyết điểm cơ thể mình. \n- Chất liệu ren gợi cảm, sang trọng mang lại cho quý cô phong cách thời trang thời thượng và thanh lịch.', '', '', '', '', '', '', ''),
(114, 2, 'Váy đầm dự tiệc sang trọng - Độc đáo - Giá cả hợp lý VD11', ' - Váy suông ren là  item chưa bao giờ hết hot, mang đến vẻ quyến rũ cho phái đẹp và đặc biệt giúp bạn che đi khuyết điểm cơ thể mình. \n- Chất liệu ren gợi cảm, sang trọng mang lại cho quý cô phong cách thời trang thời thượng và thanh lịch.', '', '', '', '', '', '', ''),
(115, 2, 'Váy đầm dự tiệc sang trọng - Độc đáo - Giá cả hợp lý VD12', ' - Váy suông ren là  item chưa bao giờ hết hot, mang đến vẻ quyến rũ cho phái đẹp và đặc biệt giúp bạn che đi khuyết điểm cơ thể mình. \n- Chất liệu ren gợi cảm, sang trọng mang lại cho quý cô phong cách thời trang thời thượng và thanh lịch.', '', '', '', '', '', '', ''),
(116, 2, 'Váy đầm dự tiệc sang trọng - Độc đáo - Giá cả hợp lý VD13', ' - Váy suông ren là  item chưa bao giờ hết hot, mang đến vẻ quyến rũ cho phái đẹp và đặc biệt giúp bạn che đi khuyết điểm cơ thể mình. \n- Chất liệu ren gợi cảm, sang trọng mang lại cho quý cô phong cách thời trang thời thượng và thanh lịch.', '', '', '', '', '', '', ''),
(117, 2, 'Váy đầm dự tiệc sang trọng - Độc đáo - Giá cả hợp lý VD14', ' - Váy suông ren là  item chưa bao giờ hết hot, mang đến vẻ quyến rũ cho phái đẹp và đặc biệt giúp bạn che đi khuyết điểm cơ thể mình. \n- Chất liệu ren gợi cảm, sang trọng mang lại cho quý cô phong cách thời trang thời thượng và thanh lịch.', '', '', '', '', '', '', ''),
(118, 2, 'Váy đầm dự tiệc sang trọng - Độc đáo - Giá cả hợp lý VD15', ' - Váy suông ren là  item chưa bao giờ hết hot, mang đến vẻ quyến rũ cho phái đẹp và đặc biệt giúp bạn che đi khuyết điểm cơ thể mình. \n- Chất liệu ren gợi cảm, sang trọng mang lại cho quý cô phong cách thời trang thời thượng và thanh lịch.', '', '', '', '', '', '', ''),
(119, 2, 'Váy đầm dự tiệc sang trọng - Độc đáo - Giá cả hợp lý VD16', ' - Váy suông ren là  item chưa bao giờ hết hot, mang đến vẻ quyến rũ cho phái đẹp và đặc biệt giúp bạn che đi khuyết điểm cơ thể mình. \n- Chất liệu ren gợi cảm, sang trọng mang lại cho quý cô phong cách thời trang thời thượng và thanh lịch.', '', '', '', '', '', '', ''),
(120, 2, 'Váy đầm dự tiệc sang trọng - Độc đáo - Giá cả hợp lý VD17', '&lt;p&gt;- Váy suông ren là item chưa bao giờ hết hot, mang đến vẻ quyến rũ cho phái đẹp và đặc biệt giúp bạn che đi khuyết điểm cơ thể mình. - Chất liệu ren gợi cảm, sang trọng mang lại cho quý cô phong cách thời trang thời thượng và thanh lịch.&lt;/p&gt;', '', '', '', '', '', '', ''),
(121, 2, 'Váy đầm dự tiệc sang trọng - Độc đáo - Giá cả hợp lý VD18', ' - Váy suông ren là  item chưa bao giờ hết hot, mang đến vẻ quyến rũ cho phái đẹp và đặc biệt giúp bạn che đi khuyết điểm cơ thể mình. \n- Chất liệu ren gợi cảm, sang trọng mang lại cho quý cô phong cách thời trang thời thượng và thanh lịch.', '', '', '', '', '', '', ''),
(122, 2, 'Váy đầm dự tiệc sang trọng - Độc đáo - Giá cả hợp lý VD19', ' - Váy suông ren là  item chưa bao giờ hết hot, mang đến vẻ quyến rũ cho phái đẹp và đặc biệt giúp bạn che đi khuyết điểm cơ thể mình. \n- Chất liệu ren gợi cảm, sang trọng mang lại cho quý cô phong cách thời trang thời thượng và thanh lịch.', '', '', '', '', '', '', ''),
(123, 2, 'Váy đầm dự tiệc sang trọng - Độc đáo - Giá cả hợp lý VD20', ' - Váy suông ren là  item chưa bao giờ hết hot, mang đến vẻ quyến rũ cho phái đẹp và đặc biệt giúp bạn che đi khuyết điểm cơ thể mình. \n- Chất liệu ren gợi cảm, sang trọng mang lại cho quý cô phong cách thời trang thời thượng và thanh lịch.', '', '', '', '', '', '', ''),
(124, 2, 'Váy đầm dự tiệc sang trọng - Độc đáo - Giá cả hợp lý VD21', ' - Váy suông ren là  item chưa bao giờ hết hot, mang đến vẻ quyến rũ cho phái đẹp và đặc biệt giúp bạn che đi khuyết điểm cơ thể mình. \n- Chất liệu ren gợi cảm, sang trọng mang lại cho quý cô phong cách thời trang thời thượng và thanh lịch.', '', '', '', '', '', '', ''),
(125, 2, 'Váy đầm dự tiệc sang trọng - Độc đáo - Giá cả hợp lý VD22', ' - Váy suông ren là  item chưa bao giờ hết hot, mang đến vẻ quyến rũ cho phái đẹp và đặc biệt giúp bạn che đi khuyết điểm cơ thể mình. \n- Chất liệu ren gợi cảm, sang trọng mang lại cho quý cô phong cách thời trang thời thượng và thanh lịch.', '', '', '', '', '', '', ''),
(126, 2, 'Váy đầm dự tiệc sang trọng - Độc đáo - Giá cả hợp lý VD23', ' - Váy suông ren là  item chưa bao giờ hết hot, mang đến vẻ quyến rũ cho phái đẹp và đặc biệt giúp bạn che đi khuyết điểm cơ thể mình. \n- Chất liệu ren gợi cảm, sang trọng mang lại cho quý cô phong cách thời trang thời thượng và thanh lịch.', '', '', '', '', '', '', ''),
(127, 2, 'Váy đầm dự tiệc sang trọng - Độc đáo - Giá cả hợp lý VD24', ' - Váy suông ren là  item chưa bao giờ hết hot, mang đến vẻ quyến rũ cho phái đẹp và đặc biệt giúp bạn che đi khuyết điểm cơ thể mình. \n- Chất liệu ren gợi cảm, sang trọng mang lại cho quý cô phong cách thời trang thời thượng và thanh lịch.', '', '', '', '', '', '', ''),
(128, 2, 'Váy đầm dự tiệc sang trọng - Độc đáo - Giá cả hợp lý VD25', ' - Váy suông ren là  item chưa bao giờ hết hot, mang đến vẻ quyến rũ cho phái đẹp và đặc biệt giúp bạn che đi khuyết điểm cơ thể mình. \n- Chất liệu ren gợi cảm, sang trọng mang lại cho quý cô phong cách thời trang thời thượng và thanh lịch.', '', '', '', '', '', '', ''),
(129, 2, 'Váy đầm dự tiệc sang trọng - Độc đáo - Giá cả hợp lý VD26', ' - Váy suông ren là  item chưa bao giờ hết hot, mang đến vẻ quyến rũ cho phái đẹp và đặc biệt giúp bạn che đi khuyết điểm cơ thể mình. \n- Chất liệu ren gợi cảm, sang trọng mang lại cho quý cô phong cách thời trang thời thượng và thanh lịch.', '', '', '', '', '', '', ''),
(130, 2, 'Váy đầm dự tiệc sang trọng - Độc đáo - Giá cả hợp lý VD27', ' - Váy suông ren là  item chưa bao giờ hết hot, mang đến vẻ quyến rũ cho phái đẹp và đặc biệt giúp bạn che đi khuyết điểm cơ thể mình. \n- Chất liệu ren gợi cảm, sang trọng mang lại cho quý cô phong cách thời trang thời thượng và thanh lịch.', '', '', '', '', '', '', ''),
(131, 2, 'Váy đầm dự tiệc sang trọng - Độc đáo - Giá cả hợp lý VD28', ' - Váy suông ren là  item chưa bao giờ hết hot, mang đến vẻ quyến rũ cho phái đẹp và đặc biệt giúp bạn che đi khuyết điểm cơ thể mình. \n- Chất liệu ren gợi cảm, sang trọng mang lại cho quý cô phong cách thời trang thời thượng và thanh lịch.', '', '', '', '', '', '', ''),
(132, 2, 'Sản phẩm test', '<p>Vui òng xem thêm <a href=\"https://dh-wedding.bestme.asia/san-pham/vay-cuoi-cho-me-bau-xinh-dep\">Tại đây</a><br />\nfghjkl;ghjklghjkl <a href=\"https://dh-wedding.bestme.asia/san-pham/vay-trang\">Tại đây</a><br />\nĐăg sp mẫu <a href=\"tel:0982263268\">Hotline</a> <br />\n<a href=\"mailto:Quynhnt1@gmail.com?subject=sdfghj&body=dfgdhfh\">Gmail</a></p>\n\n<p><img src=\"https://res.cloudinary.com/novaonx2/image/upload/v1597227904/26980/thiet-ke-khong-ten-33.png\" style=\"max-width: 100%;\" /></p>\n\n<p><iframe allow=\"accelerometer; autoplay; encrypted-media; gyroscope; picture-in-picture\" allowfullscreen=\"\" frameborder=\"0\" height=\"100%\" src=\"https://www.youtube.com/embed/GtKp4maMJbU\" width=\"100%\"></iframe></p>', '<p>.fjkvmgrm;lmm</p>', '', '', '', '', '', ''),
(133, 2, 'Áo cưới VMTX - màu sắc A01', 'Váy cưới Carla cổ yếm trẻ trung, gợi cảm giúp cô dâu khoe khéo được bờ vai gầy mềm mại. Phong cách truyền thống kết hợp với hiện đại làm cho cô dâu vừa cổ điển sang trọng vừa trẻ trung, gợi cảm. <br />\n<br />\nVáy cưới Carla giúp cô dâu tỏa sáng như một nàng công chúa kiều diễm với chiếc váy cưới cổ yếm đắp ren sang trọng, tinh tế cùng thân váy voan xòe bồng bềnh. Gam màu trắng thanh lịch cũng giúp làm nổi bật làn da của cô dâu dưới ánh đèn đêm tiệc', ' - Giá thuê: 6,000,000 VNĐ <br />\n<br />\n- Giá bán váy có sẵn: 8,000,000  VNĐ<br />\n<br />\n- Giá may mới theo số đo (chất liệu và họa tiết có thể thay đổi tùy thời điểm): 12,000,000 VNĐ', '', '', '', '', '', ''),
(134, 2, 'Áo cưới VMTX - màu sắc A02', 'Váy cưới Carla cổ yếm trẻ trung, gợi cảm giúp cô dâu khoe khéo được bờ vai gầy mềm mại. Phong cách truyền thống kết hợp với hiện đại làm cho cô dâu vừa cổ điển sang trọng vừa trẻ trung, gợi cảm. <br />\n<br />\nVáy cưới Carla giúp cô dâu tỏa sáng như một nàng công chúa kiều diễm với chiếc váy cưới cổ yếm đắp ren sang trọng, tinh tế cùng thân váy voan xòe bồng bềnh. Gam màu trắng thanh lịch cũng giúp làm nổi bật làn da của cô dâu dưới ánh đèn đêm tiệc', ' - Giá thuê: 6,000,000 VNĐ <br />\n<br />\n- Giá bán váy có sẵn: 8,000,000  VNĐ<br />\n<br />\n- Giá may mới theo số đo (chất liệu và họa tiết có thể thay đổi tùy thời điểm): 12,000,000 VNĐ', '', '', '', '', '', ''),
(135, 2, 'Áo cưới VMTX - màu sắc A03', 'Váy cưới Carla cổ yếm trẻ trung, gợi cảm giúp cô dâu khoe khéo được bờ vai gầy mềm mại. Phong cách truyền thống kết hợp với hiện đại làm cho cô dâu vừa cổ điển sang trọng vừa trẻ trung, gợi cảm. <br />\n<br />\nVáy cưới Carla giúp cô dâu tỏa sáng như một nàng công chúa kiều diễm với chiếc váy cưới cổ yếm đắp ren sang trọng, tinh tế cùng thân váy voan xòe bồng bềnh. Gam màu trắng thanh lịch cũng giúp làm nổi bật làn da của cô dâu dưới ánh đèn đêm tiệc', ' - Giá thuê: 6,000,000 VNĐ <br />\n<br />\n- Giá bán váy có sẵn: 8,000,000  VNĐ<br />\n<br />\n- Giá may mới theo số đo (chất liệu và họa tiết có thể thay đổi tùy thời điểm): 12,000,000 VNĐ', '', '', '', '', '', ''),
(136, 2, 'Áo cưới VMTX - màu sắc A04', 'Váy cưới Carla cổ yếm trẻ trung, gợi cảm giúp cô dâu khoe khéo được bờ vai gầy mềm mại. Phong cách truyền thống kết hợp với hiện đại làm cho cô dâu vừa cổ điển sang trọng vừa trẻ trung, gợi cảm. <br />\n<br />\nVáy cưới Carla giúp cô dâu tỏa sáng như một nàng công chúa kiều diễm với chiếc váy cưới cổ yếm đắp ren sang trọng, tinh tế cùng thân váy voan xòe bồng bềnh. Gam màu trắng thanh lịch cũng giúp làm nổi bật làn da của cô dâu dưới ánh đèn đêm tiệc', ' - Giá thuê: 6,000,000 VNĐ <br />\n<br />\n- Giá bán váy có sẵn: 8,000,000  VNĐ<br />\n<br />\n- Giá may mới theo số đo (chất liệu và họa tiết có thể thay đổi tùy thời điểm): 12,000,000 VNĐ', '', '', '', '', '', ''),
(137, 2, 'Áo cưới VMTX - màu sắc A05', 'Váy cưới Carla cổ yếm trẻ trung, gợi cảm giúp cô dâu khoe khéo được bờ vai gầy mềm mại. Phong cách truyền thống kết hợp với hiện đại làm cho cô dâu vừa cổ điển sang trọng vừa trẻ trung, gợi cảm. <br />\n<br />\nVáy cưới Carla giúp cô dâu tỏa sáng như một nàng công chúa kiều diễm với chiếc váy cưới cổ yếm đắp ren sang trọng, tinh tế cùng thân váy voan xòe bồng bềnh. Gam màu trắng thanh lịch cũng giúp làm nổi bật làn da của cô dâu dưới ánh đèn đêm tiệc', ' - Giá thuê: 6,000,000 VNĐ <br />\n<br />\n- Giá bán váy có sẵn: 8,000,000  VNĐ<br />\n<br />\n- Giá may mới theo số đo (chất liệu và họa tiết có thể thay đổi tùy thời điểm): 12,000,000 VNĐ', '', '', '', '', '', ''),
(138, 2, 'Áo cưới VMTX - màu sắc A06', 'Váy cưới Carla cổ yếm trẻ trung, gợi cảm giúp cô dâu khoe khéo được bờ vai gầy mềm mại. Phong cách truyền thống kết hợp với hiện đại làm cho cô dâu vừa cổ điển sang trọng vừa trẻ trung, gợi cảm. <br />\n<br />\nVáy cưới Carla giúp cô dâu tỏa sáng như một nàng công chúa kiều diễm với chiếc váy cưới cổ yếm đắp ren sang trọng, tinh tế cùng thân váy voan xòe bồng bềnh. Gam màu trắng thanh lịch cũng giúp làm nổi bật làn da của cô dâu dưới ánh đèn đêm tiệc', ' - Giá thuê: 6,000,000 VNĐ <br />\n<br />\n- Giá bán váy có sẵn: 8,000,000  VNĐ<br />\n<br />\n- Giá may mới theo số đo (chất liệu và họa tiết có thể thay đổi tùy thời điểm): 12,000,000 VNĐ', '', '', '', '', '', ''),
(139, 2, 'Áo cưới VMTX - màu sắc A07', 'Váy cưới Carla cổ yếm trẻ trung, gợi cảm giúp cô dâu khoe khéo được bờ vai gầy mềm mại. Phong cách truyền thống kết hợp với hiện đại làm cho cô dâu vừa cổ điển sang trọng vừa trẻ trung, gợi cảm. <br />\n<br />\nVáy cưới Carla giúp cô dâu tỏa sáng như một nàng công chúa kiều diễm với chiếc váy cưới cổ yếm đắp ren sang trọng, tinh tế cùng thân váy voan xòe bồng bềnh. Gam màu trắng thanh lịch cũng giúp làm nổi bật làn da của cô dâu dưới ánh đèn đêm tiệc', ' - Giá thuê: 6,000,000 VNĐ <br />\n<br />\n- Giá bán váy có sẵn: 8,000,000  VNĐ<br />\n<br />\n- Giá may mới theo số đo (chất liệu và họa tiết có thể thay đổi tùy thời điểm): 12,000,000 VNĐ', '', '', '', '', '', ''),
(140, 2, 'Áo cưới VMTX - màu sắc A08', 'Váy cưới Carla cổ yếm trẻ trung, gợi cảm giúp cô dâu khoe khéo được bờ vai gầy mềm mại. Phong cách truyền thống kết hợp với hiện đại làm cho cô dâu vừa cổ điển sang trọng vừa trẻ trung, gợi cảm. <br />\n<br />\nVáy cưới Carla giúp cô dâu tỏa sáng như một nàng công chúa kiều diễm với chiếc váy cưới cổ yếm đắp ren sang trọng, tinh tế cùng thân váy voan xòe bồng bềnh. Gam màu trắng thanh lịch cũng giúp làm nổi bật làn da của cô dâu dưới ánh đèn đêm tiệc', ' - Giá thuê: 6,000,000 VNĐ <br />\n<br />\n- Giá bán váy có sẵn: 8,000,000  VNĐ<br />\n<br />\n- Giá may mới theo số đo (chất liệu và họa tiết có thể thay đổi tùy thời điểm): 12,000,000 VNĐ', '', '', '', '', '', ''),
(141, 2, 'Thiệp cưới nhẹ nhàng - Tinh tế - Sang trọng T06', 'ƯU ĐÃI<br />\n<br />\n1. IN 200 THIỆP TRỞ LÊN ĐƯỢC TẶNG 10 thiệp<br />\n<br />\n2. IN 500 THIỆP TRỞ LÊN DC TẶNG 10 thiệp + Vorcher 50k<br />\n<br />\n3. IN 800 THIỆP TRỞ LÊN DC TẶNG 20 thiệp + vorcher 100k<br />\n<br />\nIN CÀNG NHIỀU CÀNG ĐƯỢC ƯU ĐÃI', ' - Chúng tôi cam kết tới khách hàng những sản phẩm tốt nhất với chi phí thấp nhất<br />\n- Giao hàng Miễn phí toàn quốc cho mọi đơn hàng<br />\n- Thời gian làm việc từ 8h – 17h30<br />\n<br />\nLàm việc từ T2 – T7', '', '', '', '', '', ''),
(142, 2, 'Thiệp cưới nhẹ nhàng - Tinh tế - Sang trọng T07', 'ƯU ĐÃI<br />\n<br />\n1. IN 200 THIỆP TRỞ LÊN ĐƯỢC TẶNG 10 thiệp<br />\n<br />\n2. IN 500 THIỆP TRỞ LÊN DC TẶNG 10 thiệp + Vorcher 50k<br />\n<br />\n3. IN 800 THIỆP TRỞ LÊN DC TẶNG 20 thiệp + vorcher 100k<br />\n<br />\nIN CÀNG NHIỀU CÀNG ĐƯỢC ƯU ĐÃI', ' - Chúng tôi cam kết tới khách hàng những sản phẩm tốt nhất với chi phí thấp nhất<br />\n- Giao hàng Miễn phí toàn quốc cho mọi đơn hàng<br />\n- Thời gian làm việc từ 8h – 17h30<br />\n<br />\nLàm việc từ T2 – T7', '', '', '', '', '', ''),
(143, 2, 'Thiệp cưới nhẹ nhàng - Tinh tế - Sang trọng T08', 'ƯU ĐÃI<br />\n<br />\n1. IN 200 THIỆP TRỞ LÊN ĐƯỢC TẶNG 10 thiệp<br />\n<br />\n2. IN 500 THIỆP TRỞ LÊN DC TẶNG 10 thiệp + Vorcher 50k<br />\n<br />\n3. IN 800 THIỆP TRỞ LÊN DC TẶNG 20 thiệp + vorcher 100k<br />\n<br />\nIN CÀNG NHIỀU CÀNG ĐƯỢC ƯU ĐÃI', ' - Chúng tôi cam kết tới khách hàng những sản phẩm tốt nhất với chi phí thấp nhất<br />\n- Giao hàng Miễn phí toàn quốc cho mọi đơn hàng<br />\n- Thời gian làm việc từ 8h – 17h30<br />\n<br />\nLàm việc từ T2 – T7', '', '', '', '', '', ''),
(144, 2, 'Thiệp cưới nhẹ nhàng - Tinh tế - Sang trọng T09', 'ƯU ĐÃI<br />\n<br />\n1. IN 200 THIỆP TRỞ LÊN ĐƯỢC TẶNG 10 thiệp<br />\n<br />\n2. IN 500 THIỆP TRỞ LÊN DC TẶNG 10 thiệp + Vorcher 50k<br />\n<br />\n3. IN 800 THIỆP TRỞ LÊN DC TẶNG 20 thiệp + vorcher 100k<br />\n<br />\nIN CÀNG NHIỀU CÀNG ĐƯỢC ƯU ĐÃI', ' - Chúng tôi cam kết tới khách hàng những sản phẩm tốt nhất với chi phí thấp nhất<br />\n- Giao hàng Miễn phí toàn quốc cho mọi đơn hàng<br />\n- Thời gian làm việc từ 8h – 17h30<br />\n<br />\nLàm việc từ T2 – T7', '', '', '', '', '', ''),
(145, 2, 'Áo cưới VMTX - 366 Minimalist tùng xòe cổ thuyền tay lửng đính ren A01', 'Váy cưới Carla cổ yếm trẻ trung, gợi cảm giúp cô dâu khoe khéo được bờ vai gầy mềm mại. Phong cách truyền thống kết hợp với hiện đại làm cho cô dâu vừa cổ điển sang trọng vừa trẻ trung, gợi cảm. <br />\n<br />\nVáy cưới Carla giúp cô dâu tỏa sáng như một nàng công chúa kiều diễm với chiếc váy cưới cổ yếm đắp ren sang trọng, tinh tế cùng thân váy voan xòe bồng bềnh. Gam màu trắng thanh lịch cũng giúp làm nổi bật làn da của cô dâu dưới ánh đèn đêm tiệc', ' - Giá thuê: 6,000,000 VNĐ <br />\n<br />\n- Giá bán váy có sẵn: 8,000,000  VNĐ<br />\n<br />\n- Giá may mới theo số đo (chất liệu và họa tiết có thể thay đổi tùy thời điểm): 12,000,000 VNĐ', '', '', '', '', '', ''),
(146, 2, 'Áo cưới VMTX - 366 Minimalist tùng xòe cổ thuyền tay lửng đính ren A02', 'Váy cưới Carla cổ yếm trẻ trung, gợi cảm giúp cô dâu khoe khéo được bờ vai gầy mềm mại. Phong cách truyền thống kết hợp với hiện đại làm cho cô dâu vừa cổ điển sang trọng vừa trẻ trung, gợi cảm. <br />\n<br />\nVáy cưới Carla giúp cô dâu tỏa sáng như một nàng công chúa kiều diễm với chiếc váy cưới cổ yếm đắp ren sang trọng, tinh tế cùng thân váy voan xòe bồng bềnh. Gam màu trắng thanh lịch cũng giúp làm nổi bật làn da của cô dâu dưới ánh đèn đêm tiệc', ' - Giá thuê: 6,000,000 VNĐ <br />\n<br />\n- Giá bán váy có sẵn: 8,000,000  VNĐ<br />\n<br />\n- Giá may mới theo số đo (chất liệu và họa tiết có thể thay đổi tùy thời điểm): 12,000,000 VNĐ', '', '', '', '', '', ''),
(147, 2, 'Áo cưới VMTX - 366 Minimalist tùng xòe cổ thuyền tay lửng đính ren A03', 'Váy cưới Carla cổ yếm trẻ trung, gợi cảm giúp cô dâu khoe khéo được bờ vai gầy mềm mại. Phong cách truyền thống kết hợp với hiện đại làm cho cô dâu vừa cổ điển sang trọng vừa trẻ trung, gợi cảm. <br />\n<br />\nVáy cưới Carla giúp cô dâu tỏa sáng như một nàng công chúa kiều diễm với chiếc váy cưới cổ yếm đắp ren sang trọng, tinh tế cùng thân váy voan xòe bồng bềnh. Gam màu trắng thanh lịch cũng giúp làm nổi bật làn da của cô dâu dưới ánh đèn đêm tiệc', ' - Giá thuê: 6,000,000 VNĐ <br />\n<br />\n- Giá bán váy có sẵn: 8,000,000  VNĐ<br />\n<br />\n- Giá may mới theo số đo (chất liệu và họa tiết có thể thay đổi tùy thời điểm): 12,000,000 VNĐ', '', '', '', '', '', ''),
(148, 2, 'Áo cưới VMTX - 366 Minimalist tùng xòe cổ thuyền tay lửng đính ren A04', 'Váy cưới Carla cổ yếm trẻ trung, gợi cảm giúp cô dâu khoe khéo được bờ vai gầy mềm mại. Phong cách truyền thống kết hợp với hiện đại làm cho cô dâu vừa cổ điển sang trọng vừa trẻ trung, gợi cảm. <br />\n<br />\nVáy cưới Carla giúp cô dâu tỏa sáng như một nàng công chúa kiều diễm với chiếc váy cưới cổ yếm đắp ren sang trọng, tinh tế cùng thân váy voan xòe bồng bềnh. Gam màu trắng thanh lịch cũng giúp làm nổi bật làn da của cô dâu dưới ánh đèn đêm tiệc', ' - Giá thuê: 6,000,000 VNĐ <br />\n<br />\n- Giá bán váy có sẵn: 8,000,000  VNĐ<br />\n<br />\n- Giá may mới theo số đo (chất liệu và họa tiết có thể thay đổi tùy thời điểm): 12,000,000 VNĐ', '', '', '', '', '', ''),
(149, 2, 'Áo cưới VMTX - 366 Minimalist tùng xòe cổ thuyền tay lửng đính ren A05', 'Váy cưới Carla cổ yếm trẻ trung, gợi cảm giúp cô dâu khoe khéo được bờ vai gầy mềm mại. Phong cách truyền thống kết hợp với hiện đại làm cho cô dâu vừa cổ điển sang trọng vừa trẻ trung, gợi cảm. <br />\n<br />\nVáy cưới Carla giúp cô dâu tỏa sáng như một nàng công chúa kiều diễm với chiếc váy cưới cổ yếm đắp ren sang trọng, tinh tế cùng thân váy voan xòe bồng bềnh. Gam màu trắng thanh lịch cũng giúp làm nổi bật làn da của cô dâu dưới ánh đèn đêm tiệc', ' - Giá thuê: 6,000,000 VNĐ <br />\n<br />\n- Giá bán váy có sẵn: 8,000,000  VNĐ<br />\n<br />\n- Giá may mới theo số đo (chất liệu và họa tiết có thể thay đổi tùy thời điểm): 12,000,000 VNĐ', '', '', '', '', '', ''),
(150, 2, 'Áo cưới VMTX - 366 Minimalist tùng xòe cổ thuyền tay lửng đính ren A06', 'Váy cưới Carla cổ yếm trẻ trung, gợi cảm giúp cô dâu khoe khéo được bờ vai gầy mềm mại. Phong cách truyền thống kết hợp với hiện đại làm cho cô dâu vừa cổ điển sang trọng vừa trẻ trung, gợi cảm. <br />\n<br />\nVáy cưới Carla giúp cô dâu tỏa sáng như một nàng công chúa kiều diễm với chiếc váy cưới cổ yếm đắp ren sang trọng, tinh tế cùng thân váy voan xòe bồng bềnh. Gam màu trắng thanh lịch cũng giúp làm nổi bật làn da của cô dâu dưới ánh đèn đêm tiệc', ' - Giá thuê: 6,000,000 VNĐ <br />\n<br />\n- Giá bán váy có sẵn: 8,000,000  VNĐ<br />\n<br />\n- Giá may mới theo số đo (chất liệu và họa tiết có thể thay đổi tùy thời điểm): 12,000,000 VNĐ', '', '', '', '', '', ''),
(151, 2, 'Áo cưới VMTX - 366 Minimalist tùng xòe cổ thuyền tay lửng đính ren A07', 'Váy cưới Carla cổ yếm trẻ trung, gợi cảm giúp cô dâu khoe khéo được bờ vai gầy mềm mại. Phong cách truyền thống kết hợp với hiện đại làm cho cô dâu vừa cổ điển sang trọng vừa trẻ trung, gợi cảm. <br />\n<br />\nVáy cưới Carla giúp cô dâu tỏa sáng như một nàng công chúa kiều diễm với chiếc váy cưới cổ yếm đắp ren sang trọng, tinh tế cùng thân váy voan xòe bồng bềnh. Gam màu trắng thanh lịch cũng giúp làm nổi bật làn da của cô dâu dưới ánh đèn đêm tiệc', ' - Giá thuê: 6,000,000 VNĐ <br />\n<br />\n- Giá bán váy có sẵn: 8,000,000  VNĐ<br />\n<br />\n- Giá may mới theo số đo (chất liệu và họa tiết có thể thay đổi tùy thời điểm): 12,000,000 VNĐ', '', '', '', '', '', ''),
(152, 2, 'Áo cưới VMTX - 366 Minimalist tùng xòe cổ thuyền tay lửng đính ren A08', 'Váy cưới Carla cổ yếm trẻ trung, gợi cảm giúp cô dâu khoe khéo được bờ vai gầy mềm mại. Phong cách truyền thống kết hợp với hiện đại làm cho cô dâu vừa cổ điển sang trọng vừa trẻ trung, gợi cảm. <br />\n<br />\nVáy cưới Carla giúp cô dâu tỏa sáng như một nàng công chúa kiều diễm với chiếc váy cưới cổ yếm đắp ren sang trọng, tinh tế cùng thân váy voan xòe bồng bềnh. Gam màu trắng thanh lịch cũng giúp làm nổi bật làn da của cô dâu dưới ánh đèn đêm tiệc', ' - Giá thuê: 6,000,000 VNĐ <br />\n<br />\n- Giá bán váy có sẵn: 8,000,000  VNĐ<br />\n<br />\n- Giá may mới theo số đo (chất liệu và họa tiết có thể thay đổi tùy thời điểm): 12,000,000 VNĐ', '', '', '', '', '', ''),
(153, 2, 'Váy cưới cho mẹ bầu xinh đẹp B01', 'Váy cưới Carla cổ yếm trẻ trung, gợi cảm giúp cô dâu khoe khéo được bờ vai gầy mềm mại. Phong cách truyền thống kết hợp với hiện đại làm cho cô dâu vừa cổ điển sang trọng vừa trẻ trung, gợi cảm. <br />\n<br />\nVáy cưới Carla giúp cô dâu tỏa sáng như một nàng công chúa kiều diễm với chiếc váy cưới cổ yếm đắp ren sang trọng, tinh tế cùng thân váy voan xòe bồng bềnh. Gam màu trắng thanh lịch cũng giúp làm nổi bật làn da của cô dâu dưới ánh đèn đêm tiệc', ' - Giá thuê: 6,000,000 VNĐ <br />\n<br />\n- Giá bán váy có sẵn: 8,000,000  VNĐ<br />\n<br />\n- Giá may mới theo số đo (chất liệu và họa tiết có thể thay đổi tùy thời điểm): 12,000,000 VNĐ', '', '', '', '', '', ''),
(154, 2, 'Váy cưới cho mẹ bầu xinh đẹp B02', 'Váy cưới Carla cổ yếm trẻ trung, gợi cảm giúp cô dâu khoe khéo được bờ vai gầy mềm mại. Phong cách truyền thống kết hợp với hiện đại làm cho cô dâu vừa cổ điển sang trọng vừa trẻ trung, gợi cảm. <br />\n<br />\nVáy cưới Carla giúp cô dâu tỏa sáng như một nàng công chúa kiều diễm với chiếc váy cưới cổ yếm đắp ren sang trọng, tinh tế cùng thân váy voan xòe bồng bềnh. Gam màu trắng thanh lịch cũng giúp làm nổi bật làn da của cô dâu dưới ánh đèn đêm tiệc', ' - Giá thuê: 6,000,000 VNĐ <br />\n<br />\n- Giá bán váy có sẵn: 8,000,000  VNĐ<br />\n<br />\n- Giá may mới theo số đo (chất liệu và họa tiết có thể thay đổi tùy thời điểm): 12,000,000 VNĐ', '', '', '', '', '', ''),
(155, 2, 'Váy cưới cho mẹ bầu xinh đẹp B03', 'Váy cưới Carla cổ yếm trẻ trung, gợi cảm giúp cô dâu khoe khéo được bờ vai gầy mềm mại. Phong cách truyền thống kết hợp với hiện đại làm cho cô dâu vừa cổ điển sang trọng vừa trẻ trung, gợi cảm. <br />\n<br />\nVáy cưới Carla giúp cô dâu tỏa sáng như một nàng công chúa kiều diễm với chiếc váy cưới cổ yếm đắp ren sang trọng, tinh tế cùng thân váy voan xòe bồng bềnh. Gam màu trắng thanh lịch cũng giúp làm nổi bật làn da của cô dâu dưới ánh đèn đêm tiệc', ' - Giá thuê: 6,000,000 VNĐ <br />\n<br />\n- Giá bán váy có sẵn: 8,000,000  VNĐ<br />\n<br />\n- Giá may mới theo số đo (chất liệu và họa tiết có thể thay đổi tùy thời điểm): 12,000,000 VNĐ', '', '', '', '', '', ''),
(156, 2, 'Váy cưới cho mẹ bầu xinh đẹp B04', 'Váy cưới Carla cổ yếm trẻ trung, gợi cảm giúp cô dâu khoe khéo được bờ vai gầy mềm mại. Phong cách truyền thống kết hợp với hiện đại làm cho cô dâu vừa cổ điển sang trọng vừa trẻ trung, gợi cảm. <br />\n<br />\nVáy cưới Carla giúp cô dâu tỏa sáng như một nàng công chúa kiều diễm với chiếc váy cưới cổ yếm đắp ren sang trọng, tinh tế cùng thân váy voan xòe bồng bềnh. Gam màu trắng thanh lịch cũng giúp làm nổi bật làn da của cô dâu dưới ánh đèn đêm tiệc', ' - Giá thuê: 6,000,000 VNĐ <br />\n<br />\n- Giá bán váy có sẵn: 8,000,000  VNĐ<br />\n<br />\n- Giá may mới theo số đo (chất liệu và họa tiết có thể thay đổi tùy thời điểm): 12,000,000 VNĐ', '', '', '', '', '', ''),
(157, 2, 'Váy cưới cho mẹ bầu xinh đẹp B05', 'Váy cưới Carla cổ yếm trẻ trung, gợi cảm giúp cô dâu khoe khéo được bờ vai gầy mềm mại. Phong cách truyền thống kết hợp với hiện đại làm cho cô dâu vừa cổ điển sang trọng vừa trẻ trung, gợi cảm. <br />\n<br />\nVáy cưới Carla giúp cô dâu tỏa sáng như một nàng công chúa kiều diễm với chiếc váy cưới cổ yếm đắp ren sang trọng, tinh tế cùng thân váy voan xòe bồng bềnh. Gam màu trắng thanh lịch cũng giúp làm nổi bật làn da của cô dâu dưới ánh đèn đêm tiệc', ' - Giá thuê: 6,000,000 VNĐ <br />\n<br />\n- Giá bán váy có sẵn: 8,000,000  VNĐ<br />\n<br />\n- Giá may mới theo số đo (chất liệu và họa tiết có thể thay đổi tùy thời điểm): 12,000,000 VNĐ', '', '', '', '', '', ''),
(158, 2, 'Váy cưới cho mẹ bầu xinh đẹp B06', 'Váy cưới Carla cổ yếm trẻ trung, gợi cảm giúp cô dâu khoe khéo được bờ vai gầy mềm mại. Phong cách truyền thống kết hợp với hiện đại làm cho cô dâu vừa cổ điển sang trọng vừa trẻ trung, gợi cảm. <br />\n<br />\nVáy cưới Carla giúp cô dâu tỏa sáng như một nàng công chúa kiều diễm với chiếc váy cưới cổ yếm đắp ren sang trọng, tinh tế cùng thân váy voan xòe bồng bềnh. Gam màu trắng thanh lịch cũng giúp làm nổi bật làn da của cô dâu dưới ánh đèn đêm tiệc', ' - Giá thuê: 6,000,000 VNĐ <br />\n<br />\n- Giá bán váy có sẵn: 8,000,000  VNĐ<br />\n<br />\n- Giá may mới theo số đo (chất liệu và họa tiết có thể thay đổi tùy thời điểm): 12,000,000 VNĐ', '', '', '', '', '', ''),
(159, 2, 'Váy cưới cho mẹ bầu xinh đẹp B07', 'Váy cưới Carla cổ yếm trẻ trung, gợi cảm giúp cô dâu khoe khéo được bờ vai gầy mềm mại. Phong cách truyền thống kết hợp với hiện đại làm cho cô dâu vừa cổ điển sang trọng vừa trẻ trung, gợi cảm. <br />\n<br />\nVáy cưới Carla giúp cô dâu tỏa sáng như một nàng công chúa kiều diễm với chiếc váy cưới cổ yếm đắp ren sang trọng, tinh tế cùng thân váy voan xòe bồng bềnh. Gam màu trắng thanh lịch cũng giúp làm nổi bật làn da của cô dâu dưới ánh đèn đêm tiệc', ' - Giá thuê: 6,000,000 VNĐ <br />\n<br />\n- Giá bán váy có sẵn: 8,000,000  VNĐ<br />\n<br />\n- Giá may mới theo số đo (chất liệu và họa tiết có thể thay đổi tùy thời điểm): 12,000,000 VNĐ', '', '', '', '', '', ''),
(160, 2, 'Váy cưới cho mẹ bầu xinh đẹp B08', 'Váy cưới Carla cổ yếm trẻ trung, gợi cảm giúp cô dâu khoe khéo được bờ vai gầy mềm mại. Phong cách truyền thống kết hợp với hiện đại làm cho cô dâu vừa cổ điển sang trọng vừa trẻ trung, gợi cảm. <br />\n<br />\nVáy cưới Carla giúp cô dâu tỏa sáng như một nàng công chúa kiều diễm với chiếc váy cưới cổ yếm đắp ren sang trọng, tinh tế cùng thân váy voan xòe bồng bềnh. Gam màu trắng thanh lịch cũng giúp làm nổi bật làn da của cô dâu dưới ánh đèn đêm tiệc', ' - Giá thuê: 6,000,000 VNĐ <br />\n<br />\n- Giá bán váy có sẵn: 8,000,000  VNĐ<br />\n<br />\n- Giá may mới theo số đo (chất liệu và họa tiết có thể thay đổi tùy thời điểm): 12,000,000 VNĐ', '', '', '', '', '', ''),
(161, 2, 'Váy cưới bó sát - Minimalist - M01', 'Váy cưới Carla cổ yếm trẻ trung, gợi cảm giúp cô dâu khoe khéo được bờ vai gầy mềm mại. Phong cách truyền thống kết hợp với hiện đại làm cho cô dâu vừa cổ điển sang trọng vừa trẻ trung, gợi cảm. <br />\n<br />\nVáy cưới Carla giúp cô dâu tỏa sáng như một nàng công chúa kiều diễm với chiếc váy cưới cổ yếm đắp ren sang trọng, tinh tế cùng thân váy voan xòe bồng bềnh. Gam màu trắng thanh lịch cũng giúp làm nổi bật làn da của cô dâu dưới ánh đèn đêm tiệc', ' - Giá thuê: 6,000,000 VNĐ <br />\n<br />\n- Giá bán váy có sẵn: 8,000,000  VNĐ<br />\n<br />\n- Giá may mới theo số đo (chất liệu và họa tiết có thể thay đổi tùy thời điểm): 12,000,000 VNĐ', '', '', '', '', '', ''),
(162, 2, 'Váy cưới bó sát - Minimalist - M02', 'Váy cưới Carla cổ yếm trẻ trung, gợi cảm giúp cô dâu khoe khéo được bờ vai gầy mềm mại. Phong cách truyền thống kết hợp với hiện đại làm cho cô dâu vừa cổ điển sang trọng vừa trẻ trung, gợi cảm. <br />\n<br />\nVáy cưới Carla giúp cô dâu tỏa sáng như một nàng công chúa kiều diễm với chiếc váy cưới cổ yếm đắp ren sang trọng, tinh tế cùng thân váy voan xòe bồng bềnh. Gam màu trắng thanh lịch cũng giúp làm nổi bật làn da của cô dâu dưới ánh đèn đêm tiệc', ' - Giá thuê: 6,000,000 VNĐ <br />\n<br />\n- Giá bán váy có sẵn: 8,000,000  VNĐ<br />\n<br />\n- Giá may mới theo số đo (chất liệu và họa tiết có thể thay đổi tùy thời điểm): 12,000,000 VNĐ', '', '', '', '', '', ''),
(163, 2, 'Váy cưới bó sát - Minimalist - M03', 'Váy cưới Carla cổ yếm trẻ trung, gợi cảm giúp cô dâu khoe khéo được bờ vai gầy mềm mại. Phong cách truyền thống kết hợp với hiện đại làm cho cô dâu vừa cổ điển sang trọng vừa trẻ trung, gợi cảm. <br />\n<br />\nVáy cưới Carla giúp cô dâu tỏa sáng như một nàng công chúa kiều diễm với chiếc váy cưới cổ yếm đắp ren sang trọng, tinh tế cùng thân váy voan xòe bồng bềnh. Gam màu trắng thanh lịch cũng giúp làm nổi bật làn da của cô dâu dưới ánh đèn đêm tiệc', ' - Giá thuê: 6,000,000 VNĐ <br />\n<br />\n- Giá bán váy có sẵn: 8,000,000  VNĐ<br />\n<br />\n- Giá may mới theo số đo (chất liệu và họa tiết có thể thay đổi tùy thời điểm): 12,000,000 VNĐ', '', '', '', '', '', ''),
(164, 2, 'Váy cưới bó sát - Minimalist - M04', 'Váy cưới Carla cổ yếm trẻ trung, gợi cảm giúp cô dâu khoe khéo được bờ vai gầy mềm mại. Phong cách truyền thống kết hợp với hiện đại làm cho cô dâu vừa cổ điển sang trọng vừa trẻ trung, gợi cảm. <br />\n<br />\nVáy cưới Carla giúp cô dâu tỏa sáng như một nàng công chúa kiều diễm với chiếc váy cưới cổ yếm đắp ren sang trọng, tinh tế cùng thân váy voan xòe bồng bềnh. Gam màu trắng thanh lịch cũng giúp làm nổi bật làn da của cô dâu dưới ánh đèn đêm tiệc', ' - Giá thuê: 6,000,000 VNĐ <br />\n<br />\n- Giá bán váy có sẵn: 8,000,000  VNĐ<br />\n<br />\n- Giá may mới theo số đo (chất liệu và họa tiết có thể thay đổi tùy thời điểm): 12,000,000 VNĐ', '', '', '', '', '', ''),
(165, 2, 'Váy cưới bó sát - Minimalist - M05', 'Váy cưới Carla cổ yếm trẻ trung, gợi cảm giúp cô dâu khoe khéo được bờ vai gầy mềm mại. Phong cách truyền thống kết hợp với hiện đại làm cho cô dâu vừa cổ điển sang trọng vừa trẻ trung, gợi cảm. <br />\n<br />\nVáy cưới Carla giúp cô dâu tỏa sáng như một nàng công chúa kiều diễm với chiếc váy cưới cổ yếm đắp ren sang trọng, tinh tế cùng thân váy voan xòe bồng bềnh. Gam màu trắng thanh lịch cũng giúp làm nổi bật làn da của cô dâu dưới ánh đèn đêm tiệc', ' - Giá thuê: 6,000,000 VNĐ <br />\n<br />\n- Giá bán váy có sẵn: 8,000,000  VNĐ<br />\n<br />\n- Giá may mới theo số đo (chất liệu và họa tiết có thể thay đổi tùy thời điểm): 12,000,000 VNĐ', '', '', '', '', '', ''),
(166, 2, 'Váy cưới bó sát - Minimalist - M06', 'Váy cưới Carla cổ yếm trẻ trung, gợi cảm giúp cô dâu khoe khéo được bờ vai gầy mềm mại. Phong cách truyền thống kết hợp với hiện đại làm cho cô dâu vừa cổ điển sang trọng vừa trẻ trung, gợi cảm. <br />\n<br />\nVáy cưới Carla giúp cô dâu tỏa sáng như một nàng công chúa kiều diễm với chiếc váy cưới cổ yếm đắp ren sang trọng, tinh tế cùng thân váy voan xòe bồng bềnh. Gam màu trắng thanh lịch cũng giúp làm nổi bật làn da của cô dâu dưới ánh đèn đêm tiệc', ' - Giá thuê: 6,000,000 VNĐ <br />\n<br />\n- Giá bán váy có sẵn: 8,000,000  VNĐ<br />\n<br />\n- Giá may mới theo số đo (chất liệu và họa tiết có thể thay đổi tùy thời điểm): 12,000,000 VNĐ', '', '', '', '', '', ''),
(167, 2, 'Váy cưới bó sát - Minimalist - M07', 'Váy cưới Carla cổ yếm trẻ trung, gợi cảm giúp cô dâu khoe khéo được bờ vai gầy mềm mại. Phong cách truyền thống kết hợp với hiện đại làm cho cô dâu vừa cổ điển sang trọng vừa trẻ trung, gợi cảm. <br />\n<br />\nVáy cưới Carla giúp cô dâu tỏa sáng như một nàng công chúa kiều diễm với chiếc váy cưới cổ yếm đắp ren sang trọng, tinh tế cùng thân váy voan xòe bồng bềnh. Gam màu trắng thanh lịch cũng giúp làm nổi bật làn da của cô dâu dưới ánh đèn đêm tiệc', ' - Giá thuê: 6,000,000 VNĐ <br />\n<br />\n- Giá bán váy có sẵn: 8,000,000  VNĐ<br />\n<br />\n- Giá may mới theo số đo (chất liệu và họa tiết có thể thay đổi tùy thời điểm): 12,000,000 VNĐ', '', '', '', '', '', ''),
(168, 2, 'Váy cưới bó sát - Minimalist - M08', 'Váy cưới Carla cổ yếm trẻ trung, gợi cảm giúp cô dâu khoe khéo được bờ vai gầy mềm mại. Phong cách truyền thống kết hợp với hiện đại làm cho cô dâu vừa cổ điển sang trọng vừa trẻ trung, gợi cảm. <br />\n<br />\nVáy cưới Carla giúp cô dâu tỏa sáng như một nàng công chúa kiều diễm với chiếc váy cưới cổ yếm đắp ren sang trọng, tinh tế cùng thân váy voan xòe bồng bềnh. Gam màu trắng thanh lịch cũng giúp làm nổi bật làn da của cô dâu dưới ánh đèn đêm tiệc', ' - Giá thuê: 6,000,000 VNĐ <br />\n<br />\n- Giá bán váy có sẵn: 8,000,000  VNĐ<br />\n<br />\n- Giá may mới theo số đo (chất liệu và họa tiết có thể thay đổi tùy thời điểm): 12,000,000 VNĐ', '', '', '', '', '', ''),
(169, 2, 'VEST CƯỚI ĐẸP XU HƯỚNG 2020 CHO MỌI CHÚ RỂ - V01', 'Thông tin về bộ vest đồng phục DPV0001<br />\nBộ sản phẩm bao gồm: áo vest nam, quần âu<br />\n<br />\nMàu sắc: Màu đen<br />\n<br />\nChất liệu: vải terin ford nhập<br />\n<br />\nKiểu dáng: Áo vest nam được thiết kế dáng ôm cực kỳ tôn dáng, năng động, trẻ trung. Phù hợp với nhiều kiểu dáng người, mang lại cảm giác thanh thoát, cao ráo cho nam giới. Thiết kế đơn giản với điểm nhấn tại cổ áo, chiết eo 2 bên hông áo. Đồng phục vest DPV001 phù hợp cho các bạn nam trẻ trung, năng động.<br />\n<br />\nĐối tượng sử dụng: nhân viên công sở, nhân viên khách sạn, nhân viên công ty', ' - Chúng tôi cam kết tới khách hàng những sản phẩm tốt nhất với chi phí thấp nhất<br />\n- Giao hàng Miễn phí toàn quốc cho mọi đơn hàng<br />\n- Thời gian làm việc từ 8h – 17h30<br />\n<br />\nLàm việc từ T2 – T7', '', '', '', '', '', ''),
(170, 2, 'VEST CƯỚI ĐẸP XU HƯỚNG 2020 CHO MỌI CHÚ RỂ - V02', 'Thông tin về bộ vest đồng phục DPV0001<br />\nBộ sản phẩm bao gồm: áo vest nam, quần âu<br />\n<br />\nMàu sắc: Màu đen<br />\n<br />\nChất liệu: vải terin ford nhập<br />\n<br />\nKiểu dáng: Áo vest nam được thiết kế dáng ôm cực kỳ tôn dáng, năng động, trẻ trung. Phù hợp với nhiều kiểu dáng người, mang lại cảm giác thanh thoát, cao ráo cho nam giới. Thiết kế đơn giản với điểm nhấn tại cổ áo, chiết eo 2 bên hông áo. Đồng phục vest DPV001 phù hợp cho các bạn nam trẻ trung, năng động.<br />\n<br />\nĐối tượng sử dụng: nhân viên công sở, nhân viên khách sạn, nhân viên công ty', ' - Chúng tôi cam kết tới khách hàng những sản phẩm tốt nhất với chi phí thấp nhất<br />\n- Giao hàng Miễn phí toàn quốc cho mọi đơn hàng<br />\n- Thời gian làm việc từ 8h – 17h30<br />\n<br />\nLàm việc từ T2 – T7', '', '', '', '', '', ''),
(171, 2, 'VEST CƯỚI ĐẸP XU HƯỚNG 2020 CHO MỌI CHÚ RỂ - V03', 'Thông tin về bộ vest đồng phục DPV0001<br />\nBộ sản phẩm bao gồm: áo vest nam, quần âu<br />\n<br />\nMàu sắc: Màu đen<br />\n<br />\nChất liệu: vải terin ford nhập<br />\n<br />\nKiểu dáng: Áo vest nam được thiết kế dáng ôm cực kỳ tôn dáng, năng động, trẻ trung. Phù hợp với nhiều kiểu dáng người, mang lại cảm giác thanh thoát, cao ráo cho nam giới. Thiết kế đơn giản với điểm nhấn tại cổ áo, chiết eo 2 bên hông áo. Đồng phục vest DPV001 phù hợp cho các bạn nam trẻ trung, năng động.<br />\n<br />\nĐối tượng sử dụng: nhân viên công sở, nhân viên khách sạn, nhân viên công ty', ' - Chúng tôi cam kết tới khách hàng những sản phẩm tốt nhất với chi phí thấp nhất<br />\n- Giao hàng Miễn phí toàn quốc cho mọi đơn hàng<br />\n- Thời gian làm việc từ 8h – 17h30<br />\n<br />\nLàm việc từ T2 – T7', '', '', '', '', '', ''),
(172, 2, 'VEST CƯỚI ĐẸP XU HƯỚNG 2020 CHO MỌI CHÚ RỂ - V04', 'Thông tin về bộ vest đồng phục DPV0001<br />\nBộ sản phẩm bao gồm: áo vest nam, quần âu<br />\n<br />\nMàu sắc: Màu đen<br />\n<br />\nChất liệu: vải terin ford nhập<br />\n<br />\nKiểu dáng: Áo vest nam được thiết kế dáng ôm cực kỳ tôn dáng, năng động, trẻ trung. Phù hợp với nhiều kiểu dáng người, mang lại cảm giác thanh thoát, cao ráo cho nam giới. Thiết kế đơn giản với điểm nhấn tại cổ áo, chiết eo 2 bên hông áo. Đồng phục vest DPV001 phù hợp cho các bạn nam trẻ trung, năng động.<br />\n<br />\nĐối tượng sử dụng: nhân viên công sở, nhân viên khách sạn, nhân viên công ty', ' - Chúng tôi cam kết tới khách hàng những sản phẩm tốt nhất với chi phí thấp nhất<br />\n- Giao hàng Miễn phí toàn quốc cho mọi đơn hàng<br />\n- Thời gian làm việc từ 8h – 17h30<br />\n<br />\nLàm việc từ T2 – T7', '', '', '', '', '', ''),
(173, 2, 'VEST CƯỚI ĐẸP XU HƯỚNG 2020 CHO MỌI CHÚ RỂ - V05', 'Thông tin về bộ vest đồng phục DPV0001<br />\nBộ sản phẩm bao gồm: áo vest nam, quần âu<br />\n<br />\nMàu sắc: Màu đen<br />\n<br />\nChất liệu: vải terin ford nhập<br />\n<br />\nKiểu dáng: Áo vest nam được thiết kế dáng ôm cực kỳ tôn dáng, năng động, trẻ trung. Phù hợp với nhiều kiểu dáng người, mang lại cảm giác thanh thoát, cao ráo cho nam giới. Thiết kế đơn giản với điểm nhấn tại cổ áo, chiết eo 2 bên hông áo. Đồng phục vest DPV001 phù hợp cho các bạn nam trẻ trung, năng động.<br />\n<br />\nĐối tượng sử dụng: nhân viên công sở, nhân viên khách sạn, nhân viên công ty', ' - Chúng tôi cam kết tới khách hàng những sản phẩm tốt nhất với chi phí thấp nhất<br />\n- Giao hàng Miễn phí toàn quốc cho mọi đơn hàng<br />\n- Thời gian làm việc từ 8h – 17h30<br />\n<br />\nLàm việc từ T2 – T7', '', '', '', '', '', ''),
(174, 2, 'VEST CƯỚI ĐẸP XU HƯỚNG 2020 CHO MỌI CHÚ RỂ - V06', 'Thông tin về bộ vest đồng phục DPV0001<br />\nBộ sản phẩm bao gồm: áo vest nam, quần âu<br />\n<br />\nMàu sắc: Màu đen<br />\n<br />\nChất liệu: vải terin ford nhập<br />\n<br />\nKiểu dáng: Áo vest nam được thiết kế dáng ôm cực kỳ tôn dáng, năng động, trẻ trung. Phù hợp với nhiều kiểu dáng người, mang lại cảm giác thanh thoát, cao ráo cho nam giới. Thiết kế đơn giản với điểm nhấn tại cổ áo, chiết eo 2 bên hông áo. Đồng phục vest DPV001 phù hợp cho các bạn nam trẻ trung, năng động.<br />\n<br />\nĐối tượng sử dụng: nhân viên công sở, nhân viên khách sạn, nhân viên công ty', ' - Chúng tôi cam kết tới khách hàng những sản phẩm tốt nhất với chi phí thấp nhất<br />\n- Giao hàng Miễn phí toàn quốc cho mọi đơn hàng<br />\n- Thời gian làm việc từ 8h – 17h30<br />\n<br />\nLàm việc từ T2 – T7', '', '', '', '', '', ''),
(175, 2, 'VEST CƯỚI ĐẸP XU HƯỚNG 2020 CHO MỌI CHÚ RỂ - V07', 'Thông tin về bộ vest đồng phục DPV0001<br />\nBộ sản phẩm bao gồm: áo vest nam, quần âu<br />\n<br />\nMàu sắc: Màu đen<br />\n<br />\nChất liệu: vải terin ford nhập<br />\n<br />\nKiểu dáng: Áo vest nam được thiết kế dáng ôm cực kỳ tôn dáng, năng động, trẻ trung. Phù hợp với nhiều kiểu dáng người, mang lại cảm giác thanh thoát, cao ráo cho nam giới. Thiết kế đơn giản với điểm nhấn tại cổ áo, chiết eo 2 bên hông áo. Đồng phục vest DPV001 phù hợp cho các bạn nam trẻ trung, năng động.<br />\n<br />\nĐối tượng sử dụng: nhân viên công sở, nhân viên khách sạn, nhân viên công ty', ' - Chúng tôi cam kết tới khách hàng những sản phẩm tốt nhất với chi phí thấp nhất<br />\n- Giao hàng Miễn phí toàn quốc cho mọi đơn hàng<br />\n- Thời gian làm việc từ 8h – 17h30<br />\n<br />\nLàm việc từ T2 – T7', '', '', '', '', '', ''),
(176, 2, 'VEST CƯỚI ĐẸP XU HƯỚNG 2020 CHO MỌI CHÚ RỂ - V08', 'Thông tin về bộ vest đồng phục DPV0001<br />\nBộ sản phẩm bao gồm: áo vest nam, quần âu<br />\n<br />\nMàu sắc: Màu đen<br />\n<br />\nChất liệu: vải terin ford nhập<br />\n<br />\nKiểu dáng: Áo vest nam được thiết kế dáng ôm cực kỳ tôn dáng, năng động, trẻ trung. Phù hợp với nhiều kiểu dáng người, mang lại cảm giác thanh thoát, cao ráo cho nam giới. Thiết kế đơn giản với điểm nhấn tại cổ áo, chiết eo 2 bên hông áo. Đồng phục vest DPV001 phù hợp cho các bạn nam trẻ trung, năng động.<br />\n<br />\nĐối tượng sử dụng: nhân viên công sở, nhân viên khách sạn, nhân viên công ty', ' - Chúng tôi cam kết tới khách hàng những sản phẩm tốt nhất với chi phí thấp nhất<br />\n- Giao hàng Miễn phí toàn quốc cho mọi đơn hàng<br />\n- Thời gian làm việc từ 8h – 17h30<br />\n<br />\nLàm việc từ T2 – T7', '', '', '', '', '', ''),
(177, 2, 'Hoa cưới sang trọng - tinh tế H01', 'Bó hoa tone trắng xanh phù hợp với hầu hết cô dâu, yêu thích sự nhẹ nhàng và thuần khiết. Bó hoa với phong cách tự nhiên và mềm mại chắc chắn sẽ là phụ kiện cưới không thể bỏ qua <br />\n<br />\nNgoài ra bó hoa còn phù hợp với những bạn đang muốn decor trang trí nhà cửa của mình , các bạn chỉ cần thả nhưng bó hoa này vào một chiếc bình với chiều cao phù hợp là đã có những bình hoa vô cùng xinh đẹp trang trí cho ngôi nhà của bạn :\")', ' - Chúng tôi cam kết tới khách hàng những sản phẩm tốt nhất với chi phí thấp nhất<br />\n- Giao hàng Miễn phí toàn quốc cho mọi đơn hàng<br />\n- Thời gian làm việc từ 8h – 17h30<br />\n<br />\nLàm việc từ T2 – T7', '', '', '', '', '', ''),
(178, 2, 'Hoa cưới sang trọng - tinh tế H02', 'Bó hoa tone trắng xanh phù hợp với hầu hết cô dâu, yêu thích sự nhẹ nhàng và thuần khiết. Bó hoa với phong cách tự nhiên và mềm mại chắc chắn sẽ là phụ kiện cưới không thể bỏ qua <br />\n<br />\nNgoài ra bó hoa còn phù hợp với những bạn đang muốn decor trang trí nhà cửa của mình , các bạn chỉ cần thả nhưng bó hoa này vào một chiếc bình với chiều cao phù hợp là đã có những bình hoa vô cùng xinh đẹp trang trí cho ngôi nhà của bạn :\")', ' - Chúng tôi cam kết tới khách hàng những sản phẩm tốt nhất với chi phí thấp nhất<br />\n- Giao hàng Miễn phí toàn quốc cho mọi đơn hàng<br />\n- Thời gian làm việc từ 8h – 17h30<br />\n<br />\nLàm việc từ T2 – T7', '', '', '', '', '', ''),
(179, 2, 'Hoa cưới sang trọng - tinh tế H03', 'Bó hoa tone trắng xanh phù hợp với hầu hết cô dâu, yêu thích sự nhẹ nhàng và thuần khiết. Bó hoa với phong cách tự nhiên và mềm mại chắc chắn sẽ là phụ kiện cưới không thể bỏ qua <br />\n<br />\nNgoài ra bó hoa còn phù hợp với những bạn đang muốn decor trang trí nhà cửa của mình , các bạn chỉ cần thả nhưng bó hoa này vào một chiếc bình với chiều cao phù hợp là đã có những bình hoa vô cùng xinh đẹp trang trí cho ngôi nhà của bạn :\")', ' - Chúng tôi cam kết tới khách hàng những sản phẩm tốt nhất với chi phí thấp nhất<br />\n- Giao hàng Miễn phí toàn quốc cho mọi đơn hàng<br />\n- Thời gian làm việc từ 8h – 17h30<br />\n<br />\nLàm việc từ T2 – T7', '', '', '', '', '', ''),
(180, 2, 'Hoa cưới sang trọng - tinh tế H04', 'Bó hoa tone trắng xanh phù hợp với hầu hết cô dâu, yêu thích sự nhẹ nhàng và thuần khiết. Bó hoa với phong cách tự nhiên và mềm mại chắc chắn sẽ là phụ kiện cưới không thể bỏ qua <br />\n<br />\nNgoài ra bó hoa còn phù hợp với những bạn đang muốn decor trang trí nhà cửa của mình , các bạn chỉ cần thả nhưng bó hoa này vào một chiếc bình với chiều cao phù hợp là đã có những bình hoa vô cùng xinh đẹp trang trí cho ngôi nhà của bạn :\")', ' - Chúng tôi cam kết tới khách hàng những sản phẩm tốt nhất với chi phí thấp nhất<br />\n- Giao hàng Miễn phí toàn quốc cho mọi đơn hàng<br />\n- Thời gian làm việc từ 8h – 17h30<br />\n<br />\nLàm việc từ T2 – T7', '', '', '', '', '', ''),
(181, 2, 'Hoa cưới sang trọng - tinh tế H05', 'Bó hoa tone trắng xanh phù hợp với hầu hết cô dâu, yêu thích sự nhẹ nhàng và thuần khiết. Bó hoa với phong cách tự nhiên và mềm mại chắc chắn sẽ là phụ kiện cưới không thể bỏ qua <br />\n<br />\nNgoài ra bó hoa còn phù hợp với những bạn đang muốn decor trang trí nhà cửa của mình , các bạn chỉ cần thả nhưng bó hoa này vào một chiếc bình với chiều cao phù hợp là đã có những bình hoa vô cùng xinh đẹp trang trí cho ngôi nhà của bạn :\")', ' - Chúng tôi cam kết tới khách hàng những sản phẩm tốt nhất với chi phí thấp nhất<br />\n- Giao hàng Miễn phí toàn quốc cho mọi đơn hàng<br />\n- Thời gian làm việc từ 8h – 17h30<br />\n<br />\nLàm việc từ T2 – T7', '', '', '', '', '', ''),
(182, 2, 'Hoa cưới sang trọng - tinh tế H06', 'Bó hoa tone trắng xanh phù hợp với hầu hết cô dâu, yêu thích sự nhẹ nhàng và thuần khiết. Bó hoa với phong cách tự nhiên và mềm mại chắc chắn sẽ là phụ kiện cưới không thể bỏ qua <br />\n<br />\nNgoài ra bó hoa còn phù hợp với những bạn đang muốn decor trang trí nhà cửa của mình , các bạn chỉ cần thả nhưng bó hoa này vào một chiếc bình với chiều cao phù hợp là đã có những bình hoa vô cùng xinh đẹp trang trí cho ngôi nhà của bạn :\")', ' - Chúng tôi cam kết tới khách hàng những sản phẩm tốt nhất với chi phí thấp nhất<br />\n- Giao hàng Miễn phí toàn quốc cho mọi đơn hàng<br />\n- Thời gian làm việc từ 8h – 17h30<br />\n<br />\nLàm việc từ T2 – T7', '', '', '', '', '', ''),
(183, 2, 'Hoa cưới sang trọng - tinh tế H07', 'Bó hoa tone trắng xanh phù hợp với hầu hết cô dâu, yêu thích sự nhẹ nhàng và thuần khiết. Bó hoa với phong cách tự nhiên và mềm mại chắc chắn sẽ là phụ kiện cưới không thể bỏ qua <br />\n<br />\nNgoài ra bó hoa còn phù hợp với những bạn đang muốn decor trang trí nhà cửa của mình , các bạn chỉ cần thả nhưng bó hoa này vào một chiếc bình với chiều cao phù hợp là đã có những bình hoa vô cùng xinh đẹp trang trí cho ngôi nhà của bạn :\")', ' - Chúng tôi cam kết tới khách hàng những sản phẩm tốt nhất với chi phí thấp nhất<br />\n- Giao hàng Miễn phí toàn quốc cho mọi đơn hàng<br />\n- Thời gian làm việc từ 8h – 17h30<br />\n<br />\nLàm việc từ T2 – T7', '', '', '', '', '', ''),
(184, 2, 'Hoa cưới sang trọng - tinh tế H08', 'Bó hoa tone trắng xanh phù hợp với hầu hết cô dâu, yêu thích sự nhẹ nhàng và thuần khiết. Bó hoa với phong cách tự nhiên và mềm mại chắc chắn sẽ là phụ kiện cưới không thể bỏ qua <br />\n<br />\nNgoài ra bó hoa còn phù hợp với những bạn đang muốn decor trang trí nhà cửa của mình , các bạn chỉ cần thả nhưng bó hoa này vào một chiếc bình với chiều cao phù hợp là đã có những bình hoa vô cùng xinh đẹp trang trí cho ngôi nhà của bạn :\")', ' - Chúng tôi cam kết tới khách hàng những sản phẩm tốt nhất với chi phí thấp nhất<br />\n- Giao hàng Miễn phí toàn quốc cho mọi đơn hàng<br />\n- Thời gian làm việc từ 8h – 17h30<br />\n<br />\nLàm việc từ T2 – T7', '', '', '', '', '', ''),
(185, 2, 'Thiệp cưới nhẹ nhàng - Tinh tế - Sang trọng T01', 'ƯU ĐÃI<br />\n<br />\n1. IN 200 THIỆP TRỞ LÊN ĐƯỢC TẶNG 10 thiệp<br />\n<br />\n2. IN 500 THIỆP TRỞ LÊN DC TẶNG 10 thiệp + Vorcher 50k<br />\n<br />\n3. IN 800 THIỆP TRỞ LÊN DC TẶNG 20 thiệp + vorcher 100k<br />\n<br />\nIN CÀNG NHIỀU CÀNG ĐƯỢC ƯU ĐÃI', ' - Chúng tôi cam kết tới khách hàng những sản phẩm tốt nhất với chi phí thấp nhất<br />\n- Giao hàng Miễn phí toàn quốc cho mọi đơn hàng<br />\n- Thời gian làm việc từ 8h – 17h30<br />\n<br />\nLàm việc từ T2 – T7', '', '', '', '', '', ''),
(186, 2, 'Thiệp cưới nhẹ nhàng - Tinh tế - Sang trọng T02', 'ƯU ĐÃI<br />\n<br />\n1. IN 200 THIỆP TRỞ LÊN ĐƯỢC TẶNG 10 thiệp<br />\n<br />\n2. IN 500 THIỆP TRỞ LÊN DC TẶNG 10 thiệp + Vorcher 50k<br />\n<br />\n3. IN 800 THIỆP TRỞ LÊN DC TẶNG 20 thiệp + vorcher 100k<br />\n<br />\nIN CÀNG NHIỀU CÀNG ĐƯỢC ƯU ĐÃI', ' - Chúng tôi cam kết tới khách hàng những sản phẩm tốt nhất với chi phí thấp nhất<br />\n- Giao hàng Miễn phí toàn quốc cho mọi đơn hàng<br />\n- Thời gian làm việc từ 8h – 17h30<br />\n<br />\nLàm việc từ T2 – T7', '', '', '', '', '', ''),
(187, 2, 'Thiệp cưới nhẹ nhàng - Tinh tế - Sang trọng T03', 'ƯU ĐÃI<br />\n<br />\n1. IN 200 THIỆP TRỞ LÊN ĐƯỢC TẶNG 10 thiệp<br />\n<br />\n2. IN 500 THIỆP TRỞ LÊN DC TẶNG 10 thiệp + Vorcher 50k<br />\n<br />\n3. IN 800 THIỆP TRỞ LÊN DC TẶNG 20 thiệp + vorcher 100k<br />\n<br />\nIN CÀNG NHIỀU CÀNG ĐƯỢC ƯU ĐÃI', ' - Chúng tôi cam kết tới khách hàng những sản phẩm tốt nhất với chi phí thấp nhất<br />\n- Giao hàng Miễn phí toàn quốc cho mọi đơn hàng<br />\n- Thời gian làm việc từ 8h – 17h30<br />\n<br />\nLàm việc từ T2 – T7', '', '', '', '', '', ''),
(188, 2, 'Thiệp cưới nhẹ nhàng - Tinh tế - Sang trọng T04', 'ƯU ĐÃI<br />\n<br />\n1. IN 200 THIỆP TRỞ LÊN ĐƯỢC TẶNG 10 thiệp<br />\n<br />\n2. IN 500 THIỆP TRỞ LÊN DC TẶNG 10 thiệp + Vorcher 50k<br />\n<br />\n3. IN 800 THIỆP TRỞ LÊN DC TẶNG 20 thiệp + vorcher 100k<br />\n<br />\nIN CÀNG NHIỀU CÀNG ĐƯỢC ƯU ĐÃI', ' - Chúng tôi cam kết tới khách hàng những sản phẩm tốt nhất với chi phí thấp nhất<br />\n- Giao hàng Miễn phí toàn quốc cho mọi đơn hàng<br />\n- Thời gian làm việc từ 8h – 17h30<br />\n<br />\nLàm việc từ T2 – T7', '', '', '', '', '', ''),
(189, 2, 'Thiệp cưới nhẹ nhàng - Tinh tế - Sang trọng T05', 'ƯU ĐÃI<br />\n<br />\n1. IN 200 THIỆP TRỞ LÊN ĐƯỢC TẶNG 10 thiệp<br />\n<br />\n2. IN 500 THIỆP TRỞ LÊN DC TẶNG 10 thiệp + Vorcher 50k<br />\n<br />\n3. IN 800 THIỆP TRỞ LÊN DC TẶNG 20 thiệp + vorcher 100k<br />\n<br />\nIN CÀNG NHIỀU CÀNG ĐƯỢC ƯU ĐÃI', ' - Chúng tôi cam kết tới khách hàng những sản phẩm tốt nhất với chi phí thấp nhất<br />\n- Giao hàng Miễn phí toàn quốc cho mọi đơn hàng<br />\n- Thời gian làm việc từ 8h – 17h30<br />\n<br />\nLàm việc từ T2 – T7', '', '', '', '', '', '');


-- oc_product_image PRIMARY KEY (`product_image_id`)
-- INSERT IGNORE INTO `oc_product_image` (`product_image_id`, `product_id`, `image`, `image_alt`, `sort_order`) VALUES


-- oc_product_to_category PRIMARY KEY (`product_id`,`category_id`)
INSERT IGNORE INTO `oc_product_to_category` (`product_id`, `category_id`) VALUES
(133, 33),
(133, 34),
(133, 35),
(133, 36),
(134, 33),
(134, 34),
(134, 35),
(134, 36),
(135, 33),
(135, 34),
(135, 35),
(135, 36),
(136, 33),
(136, 34),
(136, 35),
(136, 36),
(137, 33),
(137, 34),
(137, 35),
(137, 36),
(138, 33),
(138, 34),
(138, 35),
(138, 36),
(139, 33),
(139, 34),
(139, 35),
(139, 36),
(140, 33),
(140, 34),
(140, 35),
(140, 36),
(141, 37),
(142, 37),
(143, 37),
(144, 37),
(145, 33),
(145, 34),
(145, 35),
(145, 36),
(146, 33),
(146, 34),
(146, 35),
(146, 36),
(147, 33),
(147, 34),
(147, 35),
(147, 36),
(148, 33),
(148, 34),
(148, 35),
(148, 36),
(149, 33),
(149, 34),
(149, 35),
(149, 36),
(150, 33),
(150, 34),
(150, 35),
(150, 36),
(151, 33),
(151, 34),
(151, 35),
(151, 36),
(152, 33),
(152, 34),
(152, 35),
(152, 36),
(153, 33),
(153, 34),
(153, 35),
(153, 36),
(154, 33),
(154, 34),
(154, 35),
(154, 36),
(155, 33),
(155, 34),
(155, 35),
(155, 36),
(156, 33),
(156, 34),
(156, 35),
(156, 36),
(157, 33),
(157, 34),
(157, 35),
(157, 36),
(158, 33),
(158, 34),
(158, 35),
(158, 36),
(159, 33),
(159, 34),
(159, 35),
(159, 36),
(160, 33),
(160, 34),
(160, 35),
(160, 36),
(161, 33),
(161, 34),
(161, 35),
(161, 36),
(162, 33),
(162, 34),
(162, 35),
(162, 36),
(163, 33),
(163, 34),
(163, 35),
(163, 36),
(164, 33),
(164, 34),
(164, 35),
(164, 36),
(165, 33),
(165, 34),
(165, 35),
(165, 36),
(166, 33),
(166, 34),
(166, 35),
(166, 36),
(167, 33),
(167, 34),
(167, 35),
(167, 36),
(168, 33),
(168, 34),
(168, 35),
(168, 36),
(169, 39),
(170, 39),
(171, 39),
(172, 39),
(173, 39),
(174, 39),
(175, 39),
(176, 39),
(177, 38),
(178, 38),
(179, 38),
(180, 38),
(181, 38),
(182, 38),
(183, 38),
(184, 38),
(185, 37),
(186, 37),
(187, 37),
(188, 37),
(189, 37);


-- oc_product_to_store PRIMARY KEY (`product_id`,`store_id`)
INSERT IGNORE INTO `oc_product_to_store` (`product_id`, `store_id`, `product_version_id`, `quantity`, `cost_price`) VALUES
(160, 0, 0, 30, '0.0000'),
(159, 0, 0, 30, '0.0000'),
(158, 0, 0, 30, '0.0000'),
(157, 0, 0, 30, '0.0000'),
(156, 0, 0, 30, '0.0000'),
(155, 0, 0, 30, '0.0000'),
(154, 0, 0, 30, '0.0000'),
(153, 0, 0, 30, '0.0000'),
(152, 0, 0, 30, '0.0000'),
(151, 0, 0, 30, '0.0000'),
(150, 0, 0, 30, '0.0000'),
(149, 0, 0, 30, '0.0000'),
(148, 0, 0, 30, '0.0000'),
(147, 0, 0, 30, '0.0000'),
(146, 0, 0, 30, '0.0000'),
(145, 0, 0, 30, '0.0000'),
(144, 0, 0, 30, '0.0000'),
(143, 0, 0, 30, '0.0000'),
(142, 0, 0, 30, '0.0000'),
(141, 0, 0, 30, '0.0000'),
(140, 0, 0, 30, '0.0000'),
(138, 0, 0, 30, '0.0000'),
(139, 0, 0, 30, '0.0000'),
(137, 0, 0, 30, '0.0000'),
(136, 0, 0, 30, '0.0000'),
(134, 0, 0, 30, '0.0000'),
(135, 0, 0, 30, '0.0000'),
(133, 0, 0, 30, '0.0000'),
(161, 0, 0, 30, '0.0000'),
(162, 0, 0, 30, '0.0000'),
(163, 0, 0, 30, '0.0000'),
(164, 0, 0, 30, '0.0000'),
(165, 0, 0, 30, '0.0000'),
(166, 0, 0, 30, '0.0000'),
(167, 0, 0, 30, '0.0000'),
(168, 0, 0, 30, '0.0000'),
(169, 0, 0, 30, '0.0000'),
(170, 0, 0, 30, '0.0000'),
(171, 0, 0, 30, '0.0000'),
(172, 0, 0, 30, '0.0000'),
(173, 0, 0, 30, '0.0000'),
(174, 0, 0, 30, '0.0000'),
(175, 0, 0, 30, '0.0000'),
(176, 0, 0, 30, '0.0000'),
(177, 0, 0, 30, '0.0000'),
(178, 0, 0, 30, '0.0000'),
(179, 0, 0, 30, '0.0000'),
(180, 0, 0, 30, '0.0000'),
(181, 0, 0, 30, '0.0000'),
(182, 0, 0, 30, '0.0000'),
(183, 0, 0, 30, '0.0000'),
(184, 0, 0, 30, '0.0000'),
(185, 0, 0, 30, '0.0000'),
(186, 0, 0, 30, '0.0000'),
(187, 0, 0, 30, '0.0000'),
(188, 0, 0, 30, '0.0000'),
(189, 0, 0, 30, '0.0000');
