-- oc_product PRIMARY KEY (`product_id`)
-- delete first
INSERT IGNORE INTO `oc_product` (`product_id`, `model`, `sku`, `common_barcode`, `common_sku`, `common_compare_price`, `common_price`, `common_cost_price`, `barcode`, `upc`, `ean`, `jan`, `isbn`, `mpn`, `location`, `quantity`, `sale_on_out_of_stock`, `stock_status_id`, `image`, `image_alt`, `multi_versions`, `manufacturer_id`, `shipping`, `price`, `price_currency_id`, `compare_price`, `c_price_currency_id`, `points`, `tax_class_id`, `date_available`, `weight`, `weight_class_id`, `length`, `width`, `height`, `length_class_id`, `subtract`, `minimum`, `sort_order`, `status`, `channel`, `viewed`, `demo`, `deleted`, `default_store_id`, `date_added`, `date_modified`) VALUES
(147, '', '', '', '', '0.0000', '0.0000', '0.0000', '', '', '', '', '', '', '', 0, 0, 0, 'https://cdn.bestme.asia/images/hnfish/tui-dung-do-cau-lure-c45-1-min.jpg', '', 0, 26, 1, '355000.0000', 1, '450000.0000', 1, 0, 0, '0000-00-00', '5000.00000000', 1, '0.00000000', '0.00000000', '0.00000000', 0, 1, 1, 0, 1, 2, 0, 1, NULL, 0, '2020-12-21 16:29:27', '2020-12-22 14:28:30'),
(146, '', '', '', '', '0.0000', '0.0000', '0.0000', '', '', '', '', '', '', '', 0, 0, 0, 'https://cdn.bestme.asia/images/hnfish/bao-dung-may-ngang-1-min.jpg', '', 0, 26, 1, '95000.0000', 1, '115000.0000', 1, 0, 0, '0000-00-00', '5000.00000000', 1, '0.00000000', '0.00000000', '0.00000000', 0, 1, 1, 0, 1, 2, 0, 1, NULL, 0, '2020-12-21 16:29:27', '2020-12-22 14:33:39'),
(145, '', '', '', '', '0.0000', '0.0000', '0.0000', '', '', '', '', '', '', '', 0, 0, 0, 'https://cdn.bestme.asia/images/hnfish/screenshot-2020-12-21-151912.png', '', 0, 26, 1, '250000.0000', 1, '310000.0000', 1, 0, 0, '0000-00-00', '5000.00000000', 1, '0.00000000', '0.00000000', '0.00000000', 0, 1, 1, 0, 1, 2, 0, 1, NULL, 0, '2020-12-21 16:29:27', '2020-12-22 14:29:47'),
(144, '', '', '', '', '0.0000', '0.0000', '0.0000', '', '', '', '', '', '', '', 0, 0, 0, 'https://cdn.bestme.asia/images/hnfish/screenshot-2020-12-21-151502.png', '', 0, 26, 1, '199000.0000', 1, '249000.0000', 1, 0, 0, '0000-00-00', '5000.00000000', 1, '0.00000000', '0.00000000', '0.00000000', 0, 1, 1, 0, 1, 2, 0, 1, NULL, 0, '2020-12-21 16:29:27', '2020-12-22 14:34:48'),
(142, '', '', '', '', '0.0000', '0.0000', '0.0000', '', '', '', '', '', '', '', 0, 0, 0, 'https://cdn.bestme.asia/images/hnfish/screenshot-2020-12-21-151305.png', '', 0, 26, 1, '650000.0000', 1, '900000.0000', 1, 0, 0, '0000-00-00', '5000.00000000', 1, '0.00000000', '0.00000000', '0.00000000', 0, 1, 1, 0, 1, 2, 0, 1, NULL, 0, '2020-12-21 16:29:27', '2020-12-22 14:34:34'),
(143, '', '', '', '', '0.0000', '0.0000', '0.0000', '', '', '', '', '', '', '', 0, 0, 0, 'https://cdn.bestme.asia/images/hnfish/screenshot-2020-12-21-151641.png', '', 0, 26, 1, '229000.0000', 1, '299000.0000', 1, 0, 0, '0000-00-00', '5000.00000000', 1, '0.00000000', '0.00000000', '0.00000000', 0, 1, 1, 0, 1, 2, 0, 1, NULL, 0, '2020-12-21 16:29:27', '2020-12-22 14:34:22'),
(141, '', '', '', '', '0.0000', '0.0000', '0.0000', '', '', '', '', '', '', '', 0, 0, 0, 'https://cdn.bestme.asia/images/hnfish/stellasw.png', '', 0, 26, 1, '1250000.0000', 1, '1900000.0000', 1, 0, 0, '0000-00-00', '5000.00000000', 1, '0.00000000', '0.00000000', '0.00000000', 0, 1, 1, 0, 1, 2, 0, 1, NULL, 0, '2020-12-21 16:29:27', '2020-12-22 14:33:51'),
(140, '', '', '', '', '0.0000', '0.0000', '0.0000', '', '', '', '', '', '', '', 0, 0, 0, 'https://i.imgur.com/VV7MElF.png', '', 0, 26, 1, '1700000.0000', 1, '2500000.0000', 1, 0, 0, '0000-00-00', '5000.00000000', 1, '0.00000000', '0.00000000', '0.00000000', 0, 1, 1, 0, 1, 2, 0, 1, NULL, 0, '2020-12-21 16:29:27', '2020-12-22 14:34:08'),
(139, '', '', '', '', '0.0000', '0.0000', '0.0000', '', '', '', '', '', '', '', 0, 0, 0, 'https://i.imgur.com/IomMzRf.png', '', 0, 26, 1, '1400000.0000', 1, '2200000.0000', 1, 0, 0, '0000-00-00', '5000.00000000', 1, '0.00000000', '0.00000000', '0.00000000', 0, 1, 1, 0, 1, 2, 0, 1, NULL, 0, '2020-12-21 16:29:27', '2020-12-22 14:33:26'),
(137, '', '', '', '', '0.0000', '0.0000', '0.0000', '', '', '', '', '', '', '', 0, 0, 0, 'https://cdn.bestme.asia/images/hnfish/2.png', '', 0, 26, 1, '350000.0000', 1, '450000.0000', 1, 0, 0, '0000-00-00', '5000.00000000', 1, '0.00000000', '0.00000000', '0.00000000', 0, 1, 1, 0, 1, 2, 0, 1, NULL, 0, '2020-12-21 16:29:27', '2020-12-21 16:29:27'),
(138, '', '', '', '', '0.0000', '0.0000', '0.0000', '', '', '', '', '', '', '', 0, 0, 0, 'https://cdn.bestme.asia/images/hnfish/3.png', '', 0, 26, 1, '290000.0000', 1, '360000.0000', 1, 0, 0, '0000-00-00', '5000.00000000', 1, '0.00000000', '0.00000000', '0.00000000', 0, 1, 1, 0, 1, 2, 0, 1, NULL, 0, '2020-12-21 16:29:27', '2020-12-21 16:29:27'),
(136, '', '', '', '', '0.0000', '0.0000', '0.0000', '', '', '', '', '', '', '', 0, 0, 0, 'https://cdn.bestme.asia/images/hnfish/1.png', '', 0, 26, 1, '590000.0000', 1, '870000.0000', 1, 0, 0, '0000-00-00', '5000.00000000', 1, '0.00000000', '0.00000000', '0.00000000', 0, 1, 1, 0, 1, 2, 0, 1, NULL, 0, '2020-12-21 16:29:27', '2020-12-21 16:29:27'),
(135, '', '', '', '', '0.0000', '0.0000', '0.0000', '', '', '', '', '', '', '', 0, 0, 0, 'https://cdn.bestme.asia/images/hnfish/4.png', '', 0, 26, 1, '455000.0000', 1, '550000.0000', 1, 0, 0, '0000-00-00', '5000.00000000', 1, '0.00000000', '0.00000000', '0.00000000', 0, 1, 1, 0, 1, 2, 0, 1, NULL, 0, '2020-12-21 16:29:27', '2020-12-21 16:29:27'),
(134, '', '', '', '', '0.0000', '0.0000', '0.0000', '', '', '', '', '', '', '', 0, 0, 0, 'https://cdn.bestme.asia/images/hnfish/screenshot-2020-12-21-152430.png', '', 0, 26, 1, '40000.0000', 1, '55000.0000', 1, 0, 0, '0000-00-00', '5000.00000000', 1, '0.00000000', '0.00000000', '0.00000000', 0, 1, 1, 0, 1, 2, 0, 1, NULL, 0, '2020-12-21 16:29:27', '2020-12-21 16:29:27'),
(132, '', '', '', '', '0.0000', '0.0000', '0.0000', '', '', '', '', '', '', '', 0, 0, 0, 'https://cdn.bestme.asia/images/hnfish/screenshot-2020-12-21-152147.png', '', 0, 26, 1, '450000.0000', 1, '510000.0000', 1, 0, 0, '0000-00-00', '5000.00000000', 1, '0.00000000', '0.00000000', '0.00000000', 0, 1, 1, 0, 1, 2, 0, 1, NULL, 0, '2020-12-21 16:29:27', '2020-12-21 16:29:27'),
(133, '', '', '', '', '0.0000', '0.0000', '0.0000', '', '', '', '', '', '', '', 0, 0, 0, 'https://cdn.bestme.asia/images/hnfish/screenshot-2020-12-21-152323.png', '', 0, 26, 1, '40000.0000', 1, '55000.0000', 1, 0, 0, '0000-00-00', '5000.00000000', 1, '0.00000000', '0.00000000', '0.00000000', 0, 1, 1, 0, 1, 2, 0, 1, NULL, 0, '2020-12-21 16:29:27', '2020-12-21 16:29:27');

-- restore soft-deleted products if demo
UPDATE `oc_product` SET `deleted` = NULL
WHERE `demo` = 1
  AND `product_id` IN (
    147,
    146,
    145,
    144,
    142,
    143,
    141,
    140,
    139,
    137,
    138,
    136,
    135,
    134,
    132,
    133
  );

-- oc_product_collection PRIMARY KEY (`product_collection_id`)
INSERT IGNORE INTO `oc_product_collection` (`product_collection_id`, `product_id`, `collection_id`, `sort_order`) VALUES
(161, 134, 9, 0),
(203, 140, 13, 0),
(208, 142, 10, 0),
(200, 141, 10, 0),
(210, 144, 9, 0),
(206, 143, 13, 0),
(153, 136, 9, 0),
(152, 138, 9, 0),
(151, 135, 9, 0),
(150, 137, 9, 0),
(198, 146, 13, 0),
(148, 132, 9, 0),
(160, 133, 9, 0),
(195, 139, 13, 0),
(164, 137, 10, 0),
(189, 147, 12, 0),
(192, 145, 13, 0),
(165, 135, 10, 0),
(166, 138, 10, 0),
(167, 136, 10, 0),
(199, 141, 9, 0),
(207, 142, 9, 0),
(202, 140, 10, 0),
(194, 139, 10, 0),
(209, 144, 11, 0),
(205, 143, 9, 0),
(174, 134, 11, 0),
(175, 133, 11, 0),
(176, 132, 12, 0),
(197, 146, 12, 0),
(191, 145, 12, 0),
(188, 147, 9, 0),
(180, 137, 13, 0),
(181, 135, 13, 0),
(201, 140, 9, 0),
(183, 133, 13, 0),
(196, 146, 9, 0),
(204, 143, 11, 0),
(190, 145, 9, 0),
(193, 139, 9, 0),
(239, 139, 23, 4),
(238, 140, 23, 3),
(237, 142, 23, 2),
(227, 133, 22, 0),
(226, 134, 22, 0),
(236, 141, 23, 1),
(233, 140, 24, 0),
(232, 139, 24, 0),
(235, 141, 24, 0),
(234, 142, 24, 0),
(243, 143, 25, 0),
(244, 134, 26, 0),
(245, 133, 26, 0),
(246, 143, 26, 0),
(247, 144, 26, 0),
(250, 138, 27, 0),
(249, 135, 27, 0),
(248, 137, 27, 0),
(251, 136, 27, 0),
(242, 144, 25, 0),
(241, 133, 25, 0),
(240, 134, 25, 0);

-- oc_product_description PRIMARY KEY (`product_id`,`language_id`)
INSERT IGNORE INTO `oc_product_description` (`product_id`, `language_id`, `name`, `description`, `sub_description`, `seo_title`, `seo_description`, `tag`, `meta_title`, `meta_description`, `meta_keyword`) VALUES
(132, 2, 'Áo thun tay dài Daiwa', '<p>Áo đi câu thời trang của thương hiệu Daiwa bằng chất liệu thoáng mát,hút mồ hôi tốt,dễ dàng khi vận động,đặc biệt thích hợp với các hoạt động câu cá dã ngoại.</p>', '', '', '', '', '', '', ''),
(133, 2, 'Mồi cá giả VIB Keakhan - 8gr - 3cm', '<p>Nhỏ gọn!hiệu quả!Bền bỉ!Rẻ!<br />\n<br />\nModel : Keakhan 8gr<br />\n<br />\nChiều dài : 3cm<br />\n<br />\nTrọng lượng : 8gr<br />\n<br />\nKiểu : VIB<br />\n<br />\nAction : Rung ( Vibration) lắc.<br />\n<br />\nXuất xứ : ThaiLand</p>', '', '', '', '', '', '', ''),
(134, 2, 'Mồi lure cá giả Alkall Orichi - 10gr - dài 5cm', '<p>Mồi lure cá giả Alkall Orichi - 10gr - dài 5cm là loại mồi chìm (sinking) với action dạng rung lắc ( Vibration),thu hút sự chú ý của con mồi,rất thích hợp với các địa hình có đáy nước trống trải,ít có rác,chà...thích hợp với hầu hết các loại cá săn mồi như : lóc,chẽm,mú,nhồng....</p>', '', '', '', '', '', '', ''),
(135, 2, 'Cần máy đứng Daiwa Crossfire', '<p>Một cây cần lure sở hữu vẻ bề ngoài rất đẹp,khỏe khoắn,thể thao với trọng lượng cưc nhẹ,và chất lượng của thương hiệu Daiwa thì từ lâu đã được khẳng định 1 cách chắc chắn.<br />\n<br />\nModel : Crossfire<br />\n<br />\nThương hiệu: Daiwa<br />\n<br />\nChiều dài : 1m98 / 2m1<br />\n<br />\nTrọng lượng:103gr / 113gr<br />\n<br />\nChất liệu : Carbon<br />\n<br />\nLure Weight ( sức nặng chì,mồi) : 3,5-21g<br />\n<br />\nLine : 6 - 15lbs/2.7 - 6.8kg<br />\n<br />\nKhoen: NA<br />\n<br />\nPad máy : NA<br />\n<br />\nSố khoen: 6<br />\n<br />\nĐọt : 1,45mm<br />\n<br />\nAction: Medium ( M )<br />\n<br />\nXuất xứ : Daiwa /Made in Việt Nam</p>', '', '', '', '', '', '', ''),
(136, 2, 'Cần tay lóng dài GW', '<p>Cần tay lóng dài GW 龍華 ( Long hoa) II - (3m6/4m5/5m4/6m3/7m2)<br />\n<br />\nDòng cần tay từ lâu được biết tới trong giới cần thủ bởi chất lượng của chính mình.<br />\nSản phẩm có kèm theo đốt phụ để hạ chiều dài của cây cần xuống 1 size .<br />\nModel : 龍華 ( Long hoa) II 2m7/3m6 - 3m6/4m5 - 4m5/5m4 - 6m3/5m4 - 7m2/6m3<br />\nThương hiệu: GW<br />\nĐộ cứng : ~ 4H<br />\nChiều dài : 2m7/3m6 -3m6/4m5 - 4m5/5m4 - 6m3/5m4 - 7m2/6m3<br />\nChiều dài khi thu : 112cm<br />\n<br />\nĐọt : 1.6mm ( đọt đặc)<br />\nTrọng lượng:<br />\nChất liệu : Carbon xoắn</p>', '', '', '', '', '', '', ''),
(137, 2, 'Cần câu Pioneer BlackGold', '<p>Không quá khi nói BlackGold là 1 huyền thoại,dòng cần dù đã ra đời được 5 năm,nhưng vẫn luôn là 1 trong những lựa chọn hàng đầu của các anh em cần thủ,đặc biệt là những người mới chơi,những người muốn sở hữu 1 cây cần có mức giá sinh viên mà chất lượng tốt.<br />\n<br />\nBlackGold có khả năng chịu uốn rất tốt,khỏe, đặc biệt là phần đọt đặc giúp giảm nguy cơ gãy đọt 1 cách đáng kể.<br />\n<br />\n*Lưu ý : thông số từng size sẽ thay đổi theo màu : 2m1 / 2m4 / 2m7 / 3m<br />\n<br />\nThông số :<br />\n<br />\nModel : BlackGold - 2m1 / 2m4 / 2m7 / 3m<br />\n<br />\nThương hiệu : Pioneer<br />\n<br />\nChiều dài : 2m1 / 2m4 / 2m7 / 3m<br />\nChất liệu : FiberGlass / sợi thủy tinh<br />\nLure Weight ( sức nặng chì,mồi) : 80gr / 80gr / 120gr / 120gr<br />\nLine :9.1kg / 9.1kg / 13.6kg / 13.6kg<br />\nKhoen: Pioneer T-ring chân bướm<br />\nSố khoen: 8<br />\nPad máy : N/A<br />\n<br />\nĐọt : 3mm ( đọt đặc)<br />\nAction(độ cứng) : Medium Heavy (MH)</p>', '', '', '', '', '', '', ''),
(138, 2, 'Cần máy đứng Pioneer Nuclear', '<p>Cần máy đứng Pioneer Nuclear - 2m4/2m7/3m nhập khẩu chính hãng chất lượng tuyệt hảo,kiểu dáng sang trọng,thời trang.<br />\nModel : Nuclear<br />\nThương hiệu: Pioneer<br />\nChiều dài : 2m4/2m7/3m<br />\nTrọng lượng:<br />\nChất liệu : FiberGlass<br />\nLure Weight ( sức nặng chì,mồi) : 80g / 120g / 120g<br />\nLine : 9.1 / 13.6 / 13.6<br />\nKhoen: NA<br />\nSố khoen: 7<br />\nAction: Medium Heavy</p>', '', '', '', '', '', '', ''),
(139, 2, 'Máy câu đứng Tsunami Shield', '&lt;p&gt;Dòng máy câu đứng rất nổi tiếng của Tsunami, chỉ cần dạo 1 vòng trên Youtube có thể dễ dàng bắt gặp được rất nhiều clip các cần thủ sử dụng Shield trong các chuyến câu biển với lối đánh bạo lực,chuyển đánh cá to.&lt;br /&gt;\r\n&lt;br /&gt;\r\nShield sở hữu vẻ ngoài cứng cáp,góc cạnh đầy sức mạnh.Cùng thiết kế liền khối không 1 con vít khiến máy chống nước cực tốt,đảm bảo hoạt động bền vững trong cả những môi trường khắc nghiệt nhất.&lt;br /&gt;\r\n&lt;br /&gt;\r\nShield được thiết kế rất đặc biệt, nhờ kết cấu đặc biệt,Shield nhẹ hơn khá nhiều so với các dòng máy full kim loại cùng size khác,mà vẫn đảm bảo độ bền vững và khả năng chịu lực.&lt;br /&gt;\r\n&lt;br /&gt;\r\nCác công nghệ nổi bật :&lt;br /&gt;\r\n&lt;br /&gt;\r\n- Thân máy full kim loại rất chắc chắn,bền bỉ cùng thiết kế liền khối không 1 con vít khiên máy có độ kín nước rất tốt.&lt;br /&gt;\r\n&lt;br /&gt;\r\n- 13 điểm chống thấm bằng gioăng cao su giúp bảo vệ máy khỏi bụi và nước.&lt;br /&gt;\r\n&lt;br /&gt;\r\n- Hệ thống hãm bằng đĩa carbon giúp lực tải tối đa&lt;br /&gt;\r\n&lt;br /&gt;\r\n- 4+ 1 bạc đạn bằng thép không gỉ,có lớp giáp bảo vệ chống khỏi các tác nhân bên ngoài&lt;br /&gt;\r\n&lt;br /&gt;\r\n- Spool bằng hợp kim nhôm a-nốt hóa ( anodized aluminum) rất bền vững,đặc biệt đối với các tác nhân ăn mòn.&lt;br /&gt;\r\n&lt;br /&gt;\r\nThông số :&lt;br /&gt;\r\n&lt;br /&gt;\r\nModel : Shield TSSHD6000&lt;br /&gt;\r\n&lt;br /&gt;\r\nSize máy : 6000 ( so sánh kích thước tại đây)&lt;br /&gt;\r\nTay : chuyển đổi dễ dàng giữa 2 chiều&lt;br /&gt;\r\nThương hiệu : Tsunami&lt;br /&gt;\r\nBearings ( bạc đạn) : 4+1&lt;br /&gt;\r\nGear ratio ( tỉ số truyền động): 4.9:1&lt;br /&gt;\r\nMax Drag ( lực hãm max) : 30lb/13.6kg&lt;br /&gt;\r\nTrọng lượng máy : 462gr&lt;br /&gt;\r\nSức chứa dây : cước 40LB/350Yds&lt;br /&gt;\r\nXuất xứ : Tsunami&lt;/p&gt;', '', '', '', '', '', '', ''),
(140, 2, 'Máy câu đứng Penn Pursuit III PURIII - Siêu cấp bạo lực', '&lt;p&gt;Dòng sản phẩm mới nhất của Penn với nhiều cải tiến đột phá về công nghê.Và rõ nét nhất là trong chất liệu chế tạo.&lt;br /&gt;\r\nNhắc đên Penn,người ta thường hình dung ra những chiếc máy câu hầm hố,mạnh mẽ,nồi đồng cối đá nhưng cũng không kém phần nặng nề,tuy nhiên,với việc thay đổi thân ( body ) máy từ chất liệu nhôm sang chất liệu composite graphite cao cấp với khả năng chống ăn mòn ( corrosion-resitance) cao,giảm trọng lượng máy đồng thời vẫn giữ được sự mạnh mẽ,bền bỉ của mình&lt;br /&gt;\r\nCác công nghệ áp dụng trên Pursuit III&lt;br /&gt;\r\n- HT - 100 : bộ hãm sử dụng đĩa carbon,tăng tối đa lực hãm của máy&lt;br /&gt;\r\n- Thân bằng chất liệu composite Graphite ,giảm trọng lượng,chống ăn mòn.&lt;br /&gt;\r\n- 4+1 bạc đạn bằng chất liệu thép không gỉ&lt;br /&gt;\r\n- Spool cấu tạo bằng nhôm Anodized Aluminium ( nhôm a-nốt hóa)&lt;br /&gt;\r\n&lt;br /&gt;\r\nThông số :&lt;br /&gt;\r\n&lt;br /&gt;\r\nModel : Pursuit III&lt;br /&gt;\r\n&lt;br /&gt;\r\nThương hiệu : Penn&lt;br /&gt;\r\n&lt;br /&gt;\r\nChất liệu Spool : nhôm a-nốt hóa ( Anodized Aluminium)&lt;br /&gt;\r\n&lt;br /&gt;\r\nXuất xứ : Penn / China&lt;/p&gt;', '', '', '', '', '', '', ''),
(141, 2, 'Máy câu Pioneer Rascal', '&lt;p&gt;Một dòng máy giá mềm mới nhất trong năm 2020 tới từ thương hiệu Pioneer - với vẻ ngoài rất nổi bật và chất lượng được đảm bảo từ thương hiệu Pioneer danh tiếng.&lt;br /&gt;\r\n&lt;br /&gt;\r\n*Lưu ý : thông số từng size sẽ thay đổi dựa theo màu sắc : 4000 / 6000&lt;br /&gt;\r\n&lt;br /&gt;\r\nThông số :&lt;br /&gt;\r\n&lt;br /&gt;\r\nModel : Rascal RAL - 4000 / 6000&lt;br /&gt;\r\n&lt;br /&gt;\r\nTay : chuyển đổi dễ dàng giữa 2 chiều&lt;br /&gt;\r\nThương hiệu : Pioneer&lt;br /&gt;\r\nBearings ( bạc đạn) : 4 + 1&lt;br /&gt;\r\nGear ratio ( tỉ số truyền động): 4.7:1&lt;br /&gt;\r\nMax Drag ( lực hãm max) : 6kg / 8kg&lt;br /&gt;\r\nTrọng lượng máy : 356 gr / 381 gr&lt;br /&gt;\r\nSức chứa dây : 0.40mm-160m / 0.40mm-240m&lt;br /&gt;\r\nXuất xứ : Pioneer&lt;/p&gt;', '', '', '', '', '', '', ''),
(142, 2, 'Máy câu Pioneer Rascal RAL', '&lt;p&gt;Một dòng máy giá mềm mới nhất trong năm 2020 tới từ thương hiệu Pioneer - với vẻ ngoài rất nổi bật và chất lượng được đảm bảo từ thương hiệu Pioneer danh tiếng.&lt;br /&gt;\r\n&lt;br /&gt;\r\n*Lưu ý : thông số từng size sẽ thay đổi dựa theo màu sắc : 4000 / 6000&lt;br /&gt;\r\n&lt;br /&gt;\r\nThông số :&lt;br /&gt;\r\n&lt;br /&gt;\r\nModel : Rascal RAL - 4000 / 6000&lt;br /&gt;\r\n&lt;br /&gt;\r\nTay : chuyển đổi dễ dàng giữa 2 chiều&lt;br /&gt;\r\nThương hiệu : Pioneer&lt;br /&gt;\r\nBearings ( bạc đạn) : 4 + 1&lt;br /&gt;\r\nGear ratio ( tỉ số truyền động): 4.7:1&lt;br /&gt;\r\nMax Drag ( lực hãm max) : 6kg / 8kg&lt;br /&gt;\r\nTrọng lượng máy : 356 gr / 381 gr&lt;br /&gt;\r\nSức chứa dây : 0.40mm-160m / 0.40mm-240m&lt;br /&gt;\r\nXuất xứ : Pioneer&lt;/p&gt;', '', '', '', '', '', '', ''),
(143, 2, 'Cước câu Shimano Exage', '&lt;p&gt;Cước câu Shimano Exage - Made in Japan của thương hiệu Shimano với chất lượng cao,các thông số chính xác uy tín.&lt;br /&gt;\r\nModel : Exage&lt;br /&gt;\r\nThương hiệu: Shimano&lt;br /&gt;\r\nChất liệu : Monofilament / Nylon&lt;br /&gt;\r\nMàu sắc : xám nhạt trong suốt&lt;br /&gt;\r\nSize : Hiện có 3 size để lựa chọn&lt;br /&gt;\r\n0.355mm - chịu lực 22,90lb ~ 10,40kg - chiều dài cuộn 150m&lt;br /&gt;\r\n0.405mm - chịu lực 28,40lb ~ 12,90kg - chiều dài cuộn 150m&lt;br /&gt;\r\n0.505mm - chịu lực 41,80lb ~ 19,00kg - chiều dài cuộn 150m&lt;br /&gt;\r\nXuất xứ : Shimano/Japan&lt;/p&gt;', '', '', '', '', '', '', ''),
(144, 2, 'Cước câu Shimano Ultegra', '&lt;p&gt;Cước câu Shimano Ultegra của thương hiệu Shimano với chất lượng cao,các thông số chính xác uy tín.&lt;br /&gt;\r\nModel : Ultegra&lt;br /&gt;\r\nThương hiệu: Shimano&lt;br /&gt;\r\nChất liệu : Monofilament / Nylon&lt;br /&gt;\r\nMàu sắc : Trong suốt&lt;br /&gt;\r\nSize : Hiện có 5 size để lựa chọn&lt;br /&gt;\r\n&lt;br /&gt;\r\n15lb ~ 6,8kg - đường kính dây 0.30mm - chiều dài cuộn 150m&lt;br /&gt;\r\n20lb ~ 9,1kg - đường kính dây 0.35mm - chiều dài cuộn 150m&lt;br /&gt;\r\n25lb ~ 11,3kg - đường kính dây 0.40mm - chiều dài cuộn 150m&lt;br /&gt;\r\n30lb ~ 13,6kg - đường kính dây 0.45mm - chiều dài cuộn 150m&lt;br /&gt;\r\n35lb ~ 15,8kg - đường kính dây 0.50mm - chiều dài cuộn 150m&lt;br /&gt;\r\nXuất xứ : Shimano/Japan&lt;/p&gt;', '', '', '', '', '', '', ''),
(145, 2, 'Mũ câu cá Shimano', '&lt;p&gt;Mũ câu cá Shimano màu đen chống tia UV triệt để là một phụ kiện không thể thiếu cho anh em cần thủ đương đầu với nắng và gió.&lt;br /&gt;\r\n &lt;/p&gt;', '', '', '', '', '', '', ''),
(146, 2, 'Bao đựng máy câu Lure', '&lt;p&gt;Bao bọc máy ngang tiện lợi ngay cả khi bạn gắn máy vào cần, bảo vệ máy ngang khỏi bám bụi hoặc trầy xước khi di chuyển. Rất hữu ích cho anh em câu lure.&lt;/p&gt;', '', '', '', '', '', '', ''),
(147, 2, 'Túi đựng đồ câu Lure', '&lt;p&gt;Túi đựng đồ câu lure C45 là một hành trang không thể thiếu của anh em câu lure để đựng những phụ kiện cần thiết như kìm, kẹp ca, hộp mồi lure và nhiều món đồ khác.&lt;/p&gt;', '', '', '', '', '', '', '');


-- oc_product_image PRIMARY KEY (`product_image_id`)
INSERT IGNORE INTO `oc_product_image` (`product_image_id`, `product_id`, `image`, `image_alt`, `sort_order`) VALUES
(139, 83, '/catalog/view/theme/default/image/fashion_shoeszone/products/83/image1.jpg', '', 1),
(138, 84, '/catalog/view/theme/default/image/fashion_shoeszone/products/84/thumb.jpg', '', 0),
(133, 85, '/catalog/view/theme/default/image/fashion_shoeszone/products/85/image1.jpg', '', 0),
(132, 86, '/catalog/view/theme/default/image/fashion_shoeszone/products/86/thumb.jpg', '', 1);

-- oc_product_to_category PRIMARY KEY (`product_id`,`category_id`)
INSERT IGNORE INTO `oc_product_to_category` (`product_id`, `category_id`) VALUES
(132, 32),
(133, 33),
(133, 34),
(133, 35),
(134, 33),
(134, 34),
(134, 35),
(135, 36),
(135, 37),
(136, 36),
(136, 37),
(137, 36),
(137, 37),
(138, 36),
(138, 37),
(139, 38),
(139, 39),
(140, 38),
(140, 39),
(141, 38),
(141, 39),
(142, 38),
(142, 39),
(143, 40),
(143, 41),
(144, 40),
(144, 41),
(145, 32),
(146, 32),
(147, 32);

-- oc_product_to_store PRIMARY KEY (`product_id`,`store_id`)
INSERT IGNORE INTO `oc_product_to_store` (`product_id`, `store_id`, `product_version_id`, `quantity`, `cost_price`) VALUES
(144, 0, 0, 1000, '0.0000'),
(142, 0, 0, 1000, '0.0000'),
(143, 0, 0, 1000, '0.0000'),
(140, 0, 0, 1000, '0.0000'),
(141, 0, 0, 1000, '0.0000'),
(146, 0, 0, 1000, '0.0000'),
(139, 0, 0, 1000, '0.0000'),
(145, 0, 0, 1000, '0.0000'),
(147, 0, 0, 1000, '0.0000'),
(132, 0, 0, 1000, '0.0000'),
(138, 0, 0, 1000, '0.0000'),
(137, 0, 0, 1000, '0.0000'),
(136, 0, 0, 1000, '0.0000'),
(135, 0, 0, 1000, '0.0000'),
(134, 0, 0, 1000, '0.0000'),
(133, 0, 0, 1000, '0.0000');