-- oc_product PRIMARY KEY (`product_id`)
-- delete first
INSERT IGNORE INTO `oc_product` (`product_id`, `model`, `sku`, `common_barcode`, `common_sku`, `common_compare_price`, `common_price`, `common_cost_price`, `barcode`, `upc`, `ean`, `jan`, `isbn`, `mpn`, `location`, `quantity`, `sale_on_out_of_stock`, `stock_status_id`, `image`, `image_alt`, `multi_versions`, `manufacturer_id`, `shipping`, `price`, `price_currency_id`, `compare_price`, `c_price_currency_id`, `points`, `tax_class_id`, `date_available`, `weight`, `weight_class_id`, `length`, `width`, `height`, `length_class_id`, `subtract`, `minimum`, `sort_order`, `status`, `channel`, `viewed`, `demo`, `deleted`, `default_store_id`, `user_create_id`, `date_added`, `date_modified`) VALUES
(149, '', 'KS25', '', '', '0.0000', '0.0000', '0.0000', '', '', '', '', '', '', '', 0, 0, 0, 'https://kidsplaza-1.cdn.vccloud.vn/media/wysiwyg/product/treo-cui-tham-choi-gia-chu-a/quay-cui-3d-gap-gon-10-canh-meetbaby-bfp009-4.jpg', '', 0, 29, 1, '2000000.0000', 1, '2250000.0000', 1, 0, 0, '0000-00-00', '5000.00000000', 1, '0.00000000', '0.00000000', '0.00000000', 0, 1, 1, 0, 1, 2, 0, 1, NULL, 0, 1, '2020-12-10 21:20:01', '2020-12-10 21:20:01'),
(148, '', 'KS24', '', '', '0.0000', '0.0000', '0.0000', '', '', '', '', '', '', '', 0, 0, 0, 'https://kidsplaza-1.cdn.vccloud.vn/media/catalog/product/cache/1/image/430x/9df78eab33525d08d6e5fb8d27136e95/v/a/vay-cho-be-gai-mamago-in-hinh-qua-m19t-vang-1_1.jpg', '', 0, 28, 1, '0.0000', 1, '109000.0000', 1, 0, 0, '0000-00-00', '50.00000000', 1, '0.00000000', '0.00000000', '0.00000000', 0, 1, 1, 0, 1, 2, 0, 1, NULL, 0, 1, '2020-12-10 21:20:01', '2020-12-10 21:20:01'),
(147, '', 'KS23', '', '', '0.0000', '0.0000', '0.0000', '', '', '', '', '', '', '', 0, 0, 0, 'https://kidsplaza-1.cdn.vccloud.vn/media/catalog/product/cache/1/image/430x/9df78eab33525d08d6e5fb8d27136e95/v/a/vay_dai_mamago_hoa_tiet_la_do_m19t_1.jpg', '', 0, 28, 1, '119000.0000', 1, '152000.0000', 1, 0, 0, '0000-00-00', '50.00000000', 1, '0.00000000', '0.00000000', '0.00000000', 0, 1, 1, 0, 1, 2, 0, 1, NULL, 0, 1, '2020-12-10 21:20:01', '2020-12-10 21:20:01'),
(146, '', 'KS22', '', '', '0.0000', '0.0000', '0.0000', '', '', '', '', '', '', '', 0, 0, 0, 'https://kidsplaza-1.cdn.vccloud.vn/media/catalog/product/cache/1/image/430x/9df78eab33525d08d6e5fb8d27136e95/v/a/vay_dai_mamago_co_canh_sen_hoa_tiet_hoa_m19t_1.jpg', '', 0, 28, 1, '0.0000', 1, '89000.0000', 1, 0, 0, '0000-00-00', '50.00000000', 1, '0.00000000', '0.00000000', '0.00000000', 0, 1, 1, 0, 1, 2, 0, 1, NULL, 0, 1, '2020-12-10 21:20:01', '2020-12-10 21:20:01'),
(145, '', 'KS21', '', '', '0.0000', '0.0000', '0.0000', '', '', '', '', '', '', '', 0, 0, 0, 'https://kidsplaza-1.cdn.vccloud.vn/media/catalog/product/cache/1/image/430x/9df78eab33525d08d6e5fb8d27136e95/v/a/vay_dai_co_canh_sen_2_lop_in_hac_hong_mamago_m19t_1.jpg', '', 0, 28, 1, '89000.0000', 1, '100000.0000', 1, 0, 0, '0000-00-00', '50.00000000', 1, '0.00000000', '0.00000000', '0.00000000', 0, 1, 1, 0, 1, 2, 0, 1, NULL, 0, 1, '2020-12-10 21:20:01', '2020-12-10 21:20:01'),
(144, '', 'KS20', '', '', '0.0000', '0.0000', '0.0000', '', '', '', '', '', '', '', 0, 0, 0, 'https://kidsplaza-1.cdn.vccloud.vn/media/catalog/product/cache/1/image/430x/9df78eab33525d08d6e5fb8d27136e95/b/o/bo-quan-ao-dai-tay-be-trai-kidsplaza-in-theu-hinh-ca-voi-1y-ln20t-xanh-1_3.jpg', '', 0, 27, 1, '149000.0000', 1, '179000.0000', 1, 0, 0, '0000-00-00', '100.00000000', 1, '0.00000000', '0.00000000', '0.00000000', 0, 1, 1, 0, 1, 2, 0, 1, NULL, 0, 1, '2020-12-10 21:20:01', '2020-12-10 21:20:01'),
(143, '', 'KS19', '', '', '0.0000', '0.0000', '0.0000', '', '', '', '', '', '', '', 0, 0, 0, 'https://kidsplaza-1.cdn.vccloud.vn/media/catalog/product/cache/1/image/430x/9df78eab33525d08d6e5fb8d27136e95/b/o/bo-quan-ao-dai-tay-be-trai-kidsplaza-in-hinh-gau-doi-non-1y-ln20t-xanh-1_1_2.jpg', '', 0, 27, 1, '159000.0000', 1, '170000.0000', 1, 0, 0, '0000-00-00', '100.00000000', 1, '0.00000000', '0.00000000', '0.00000000', 0, 1, 1, 0, 1, 2, 0, 1, NULL, 0, 1, '2020-12-10 21:20:01', '2020-12-10 21:20:01'),
(142, '', 'KS18', '', '', '0.0000', '0.0000', '0.0000', '', '', '', '', '', '', '', 0, 0, 0, 'https://kidsplaza-1.cdn.vccloud.vn/media/catalog/product/cache/1/image/430x/9df78eab33525d08d6e5fb8d27136e95/b/o/bo-quan-ao-dai-tay-be-gai-kidsplaza-in-hinh-soc-con-1y-ln20t-vang-1_2.jpg', '', 0, 27, 1, '0.0000', 1, '159000.0000', 1, 0, 0, '0000-00-00', '100.00000000', 1, '0.00000000', '0.00000000', '0.00000000', 0, 1, 1, 0, 1, 2, 0, 1, NULL, 0, 1, '2020-12-10 21:20:01', '2020-12-10 21:20:01'),
(141, '', 'KS17', '', '', '0.0000', '0.0000', '0.0000', '', '', '', '', '', '', '', 0, 0, 0, 'https://kidsplaza-1.cdn.vccloud.vn/media/catalog/product/cache/1/image/430x/9df78eab33525d08d6e5fb8d27136e95/b/o/bo-quan-ao-dai-tay-be-gai-kidsplaza-in-hinh-ky-lan-1y-ln20t-tom-1_1.jpg', '', 0, 27, 1, '149000.0000', 1, '170000.0000', 1, 0, 0, '0000-00-00', '100.00000000', 1, '0.00000000', '0.00000000', '0.00000000', 0, 1, 1, 0, 1, 2, 0, 1, NULL, 0, 1, '2020-12-10 21:20:01', '2020-12-10 21:20:01'),
(139, '', 'KS15', '', '', '0.0000', '0.0000', '0.0000', '', '', '', '', '', '', '', 0, 0, 0, 'https://kidsplaza-1.cdn.vccloud.vn/media/catalog/product/cache/1/image/430x/9df78eab33525d08d6e5fb8d27136e95/m/u/mu-so-sinh-neil-xanh-duong-mamago-hn20h-01.jpg', '', 0, 28, 1, '0.0000', 1, '45000.0000', 1, 0, 0, '0000-00-00', '20.00000000', 1, '0.00000000', '0.00000000', '0.00000000', 0, 1, 1, 0, 1, 2, 0, 1, NULL, 0, 1, '2020-12-10 21:20:01', '2020-12-10 21:20:01'),
(140, '', 'KS16', '', '', '0.0000', '0.0000', '0.0000', '', '', '', '', '', '', '', 0, 0, 0, 'https://kidsplaza-1.cdn.vccloud.vn/media/catalog/product/cache/1/image/430x/9df78eab33525d08d6e5fb8d27136e95/m/u/mu-so-sinh-cotton-cho-be-in-hinh-voi-mamago-hn19d-cam-1_1.jpg', '', 0, 28, 1, '0.0000', 1, '50000.0000', 1, 0, 0, '0000-00-00', '20.00000000', 1, '0.00000000', '0.00000000', '0.00000000', 0, 1, 1, 0, 1, 2, 0, 1, NULL, 0, 1, '2020-12-10 21:20:01', '2020-12-10 21:20:01'),
(138, '', 'KS14', '', '', '0.0000', '0.0000', '0.0000', '', '', '', '', '', '', '', 0, 0, 0, 'https://kidsplaza-1.cdn.vccloud.vn/media/catalog/product/cache/1/image/430x/9df78eab33525d08d6e5fb8d27136e95/y/e/yem-so-sinh-cho-be-kidsplaza-tron-4.jpg', '', 0, 27, 1, '0.0000', 1, '19000.0000', 1, 0, 0, '0000-00-00', '15.00000000', 1, '0.00000000', '0.00000000', '0.00000000', 0, 1, 1, 0, 1, 2, 0, 1, NULL, 0, 1, '2020-12-10 21:20:01', '2020-12-10 21:20:01'),
(137, '', 'KS11', '', '', '0.0000', '0.0000', '0.0000', '', '', '', '', '', '', '', 0, 0, 0, 'https://kidsplaza-1.cdn.vccloud.vn/media/catalog/product/cache/1/image/430x/9df78eab33525d08d6e5fb8d27136e95/y/e/yem-day-so-sinh-neil-mamago-hn20h-cam-01.jpg', '', 0, 28, 1, '35200.0000', 1, '39000.0000', 1, 0, 0, '0000-00-00', '15.00000000', 1, '0.00000000', '0.00000000', '0.00000000', 0, 1, 1, 0, 1, 2, 0, 1, NULL, 0, 1, '2020-12-10 21:20:01', '2020-12-10 21:20:01'),
(136, '', '', '', '', '0.0000', '0.0000', '0.0000', '', '', '', '', '', '', '', 0, 0, 0, 'https://kidsplaza-1.cdn.vccloud.vn/media/catalog/product/cache/1/image/430x/9df78eab33525d08d6e5fb8d27136e95/b/o/body-neil-dai-vang-g-mamago-3-6mhn20h-01.jpg', '', 0, 27, 1, '149000.0000', 1, '165000.0000', 1, 0, 0, '0000-00-00', '50.00000000', 1, '0.00000000', '0.00000000', '0.00000000', 0, 1, 1, 0, 1, 2, 0, 1, NULL, 0, 1, '2020-12-10 21:20:01', '2020-12-10 21:20:01'),
(135, '', '', '', '', '0.0000', '0.0000', '0.0000', '', '', '', '', '', '', '', 0, 0, 0, 'https://kidsplaza-1.cdn.vccloud.vn/media/catalog/product/cache/1/image/430x/9df78eab33525d08d6e5fb8d27136e95/b/o/body-neil-dai-xanh-g-mamago-3-6mhn20h-01.jpg', '', 0, 27, 1, '139000.0000', 1, '150000.0000', 1, 0, 0, '0000-00-00', '50.00000000', 1, '0.00000000', '0.00000000', '0.00000000', 0, 1, 1, 0, 1, 2, 0, 1, NULL, 0, 1, '2020-12-10 21:20:01', '2020-12-10 21:20:01'),
(134, '', 'KS10', '', '', '0.0000', '0.0000', '0.0000', '', '', '', '', '', '', '', 0, 0, 0, 'https://kidsplaza-1.cdn.vccloud.vn/media/catalog/product/cache/1/image/430x/9df78eab33525d08d6e5fb8d27136e95/b/o/body-dai-tay-kidsplaza-neil-in-hinh-gau-0-3m-hn20t-trang-hong-1_2.jpg', '', 0, 27, 1, '159000.0000', 1, '180000.0000', 1, 0, 0, '0000-00-00', '50.00000000', 1, '0.00000000', '0.00000000', '0.00000000', 0, 1, 1, 0, 1, 2, 0, 1, NULL, 0, 1, '2020-12-10 21:20:01', '2020-12-10 21:20:01'),
(132, '', 'KS34', '', '', '0.0000', '0.0000', '0.0000', '', '', '', '', '', '', '', 0, 0, 0, 'https://cdn.bestme.asia/images/x2/may-hut-sua-dien-doi-cam-ung-neva-premium-mamago-11_aHQm9GC.jpg', '', 0, 26, 1, '0.0000', 1, '284000.0000', 1, 0, 0, '0000-00-00', '800.00000000', 1, '0.00000000', '0.00000000', '0.00000000', 0, 1, 1, 0, 1, 2, 0, 1, NULL, 0, 1, '2020-12-10 21:20:01', '2020-12-10 21:20:01'),
(133, '', 'KS09', '', '', '0.0000', '0.0000', '0.0000', '', '', '', '', '', '', '', 0, 0, 0, 'https://kidsplaza-1.cdn.vccloud.vn/media/catalog/product/cache/1/image/430x/9df78eab33525d08d6e5fb8d27136e95/b/o/body-dai-tay-kidsplaza-trang-xanh-in-khung-long-nd20t-0-3m-1_1.jpg', '', 0, 27, 1, '0.0000', 1, '189000.0000', 1, 0, 0, '0000-00-00', '50.00000000', 1, '0.00000000', '0.00000000', '0.00000000', 0, 1, 1, 0, 1, 2, 0, 1, NULL, 0, 1, '2020-12-10 21:20:01', '2020-12-10 21:20:01'),
(150, '', 'KS26', '', '', '0.0000', '0.0000', '0.0000', '', '', '', '', '', '', '', 0, 0, 0, 'https://kidsplaza-1.cdn.vccloud.vn/media/wysiwyg/product/giuong-cui-tre-em/set-giuong-cui-cho-be-kidsplaza-natural-compact-568-4.jpg', '', 0, 27, 1, '0.0000', 1, '1999000.0000', 1, 0, 0, '0000-00-00', '5000.00000000', 1, '0.00000000', '0.00000000', '0.00000000', 0, 1, 1, 0, 1, 2, 0, 1, NULL, 0, 1, '2020-12-10 21:20:01', '2020-12-10 21:20:01'),
(151, '', 'KS27', '', '', '0.0000', '0.0000', '0.0000', '', '', '', '', '', '', '', 0, 0, 0, 'https://kidsplaza-1.cdn.vccloud.vn/media/wysiwyg/product/giuong-cui-tre-em/set-giuong-cui-go-cho-be-kidsplaza-4in1-white-lux-716b-10.jpg', '', 0, 27, 1, '2790000.0000', 1, '2900000.0000', 1, 0, 0, '0000-00-00', '5000.00000000', 1, '0.00000000', '0.00000000', '0.00000000', 0, 1, 1, 0, 1, 2, 0, 1, NULL, 0, 1, '2020-12-10 21:20:01', '2020-12-10 21:20:01'),
(152, '', 'KS28', '', '', '0.0000', '0.0000', '0.0000', '', '', '', '', '', '', '', 0, 0, 0, 'https://kidsplaza-1.cdn.vccloud.vn/media/catalog/product/n/o/noi-dien-tu-dong-autoru-5-sao.jpg', '', 0, 30, 1, '2999000.0000', 1, '3590000.0000', 1, 0, 0, '0000-00-00', '5000.00000000', 1, '0.00000000', '0.00000000', '0.00000000', 0, 1, 1, 0, 1, 2, 0, 1, NULL, 0, 1, '2020-12-10 21:20:01', '2020-12-10 21:20:01'),
(153, '', 'KS29', '', '', '0.0000', '0.0000', '0.0000', '', '', '', '', '', '', '', 0, 0, 0, 'https://kidsplaza-1.cdn.vccloud.vn/media/wysiwyg/product/dochoi/do-choi-go/bang-go-xep-hinh-cho-be-a-3033-1_1.jpg', '', 0, 27, 1, '0.0000', 1, '72000.0000', 1, 0, 0, '0000-00-00', '2000.00000000', 1, '0.00000000', '0.00000000', '0.00000000', 0, 1, 1, 0, 1, 2, 0, 1, NULL, 0, 1, '2020-12-10 21:20:01', '2020-12-10 21:20:01'),
(154, '', 'KS30', '', '', '0.0000', '0.0000', '0.0000', '', '', '', '', '', '', '', 0, 0, 0, 'https://kidsplaza-1.cdn.vccloud.vn/media/wysiwyg/product/dochoi/do-choi-thong-minh/xep-hinh/do-choi-bang-xep-hinh-go-im-a-3035-1.jpg', '', 0, 27, 1, '0.0000', 1, '0.0000', 1, 0, 0, '0000-00-00', '2000.00000000', 1, '0.00000000', '0.00000000', '0.00000000', 0, 1, 1, 0, 1, 2, 0, 1, NULL, 0, 1, '2020-12-10 21:20:01', '2020-12-10 21:20:01'),
(155, '', 'KS31', '', '', '0.0000', '0.0000', '0.0000', '', '', '', '', '', '', '', 0, 0, 0, 'https://kidsplaza-1.cdn.vccloud.vn/media/wysiwyg/product/be-hoc/do-choi-bang-xep-hinh-go-im-a-3040-1.jpg', '', 0, 27, 1, '79000.0000', 1, '92000.0000', 1, 0, 0, '0000-00-00', '2000.00000000', 1, '0.00000000', '0.00000000', '0.00000000', 0, 1, 1, 0, 1, 2, 0, 1, NULL, 0, 1, '2020-12-10 21:20:01', '2020-12-10 21:20:01'),
(156, '', 'KS32', '', '', '0.0000', '0.0000', '0.0000', '', '', '', '', '', '', '', 0, 0, 0, 'https://kidsplaza-1.cdn.vccloud.vn/media/wysiwyg/product/dochoi/do-choi-thong-minh/xep-hinh/do-choi-bang-xep-hinh-go-im-a-3037-1.jpg', '', 0, 27, 1, '62000.0000', 1, '79000.0000', 1, 0, 0, '0000-00-00', '2000.00000000', 1, '0.00000000', '0.00000000', '0.00000000', 0, 1, 1, 0, 1, 2, 0, 1, NULL, 0, 1, '2020-12-10 21:20:01', '2020-12-10 21:20:01'),
(157, '', 'KS33', '', '', '0.0000', '0.0000', '0.0000', '', '', '', '', '', '', '', 0, 0, 0, 'https://kidsplaza-1.cdn.vccloud.vn/media/wysiwyg/product/may-hut-sua/may-hut-sua-dien-doi-swing-maxi-flex-8.jpg', '', 0, 26, 1, '5239000.0000', 1, '5840000.0000', 1, 0, 0, '0000-00-00', '800.00000000', 1, '0.00000000', '0.00000000', '0.00000000', 0, 1, 1, 0, 1, 2, 0, 1, NULL, 0, 1, '2020-12-10 21:20:01', '2020-12-10 21:20:01'),
(158, '', 'KS35', '', '', '0.0000', '0.0000', '0.0000', '', '', '', '', '', '', '', 0, 0, 0, 'https://kidsplaza-1.cdn.vccloud.vn/media/wysiwyg/product/be-an-be-uong/binh-sua/binh-sua-nano-silver-baby-one-150ml-co-hep.jpg', '', 0, 31, 1, '0.0000', 1, '185000.0000', 1, 0, 0, '0000-00-00', '800.00000000', 1, '0.00000000', '0.00000000', '0.00000000', 0, 1, 1, 0, 1, 2, 0, 1, NULL, 0, 1, '2020-12-10 21:20:01', '2020-12-10 21:20:01'),
(159, '', 'KS36', '', '', '0.0000', '0.0000', '0.0000', '', '', '', '', '', '', '', 0, 0, 0, 'https://kidsplaza-1.cdn.vccloud.vn/media/wysiwyg/product/do-dung-me-sau-sinh/1577e0b019fe55.jpeg', '', 0, 26, 1, '119000.0000', 1, '130000.0000', 1, 0, 0, '0000-00-00', '800.00000000', 1, '0.00000000', '0.00000000', '0.00000000', 0, 1, 1, 0, 1, 2, 0, 1, NULL, 0, 1, '2020-12-10 21:20:01', '2020-12-10 21:20:01'),
(160, '', 'KS37', '', '', '0.0000', '0.0000', '0.0000', '', '', '', '', '', '', '', 0, 0, 0, 'https://kidsplaza-1.cdn.vccloud.vn/media/wysiwyg/product/sua-tam/tam-goi-huong-duong-700ml-pg-new-1.JPG', '', 0, 32, 1, '180000.0000', 1, '195000.0000', 1, 0, 0, '0000-00-00', '800.00000000', 1, '0.00000000', '0.00000000', '0.00000000', 0, 1, 1, 0, 1, 2, 0, 1, NULL, 0, 1, '2020-12-10 21:20:01', '2020-12-10 21:20:01'),
(161, '', 'KS38', '', '', '0.0000', '0.0000', '0.0000', '', '', '', '', '', '', '', 0, 0, 0, 'https://kidsplaza-1.cdn.vccloud.vn/media/wysiwyg/product/be-tam/nuoc-giat-xa/dung-dich-nuoc-giat-xa-vai-dnee-3000ml-10.jpg', '', 0, 33, 1, '195000.0000', 1, '215000.0000', 1, 0, 0, '0000-00-00', '1000.00000000', 1, '0.00000000', '0.00000000', '0.00000000', 0, 1, 1, 0, 1, 2, 0, 1, NULL, 0, 1, '2020-12-10 21:20:01', '2020-12-10 21:20:01'),
(162, '', 'KS39', '', '', '0.0000', '0.0000', '0.0000', '', '', '', '', '', '', '', 0, 0, 0, 'https://kidsplaza-1.cdn.vccloud.vn/media/wysiwyg/product/sua-tam/sua-tam-cho-be-lactacyd-250ml-1.jpg', '', 0, 34, 1, '0.0000', 1, '89000.0000', 1, 0, 0, '0000-00-00', '1000.00000000', 1, '0.00000000', '0.00000000', '0.00000000', 0, 1, 1, 0, 1, 2, 0, 1, NULL, 0, 1, '2020-12-10 21:20:01', '2020-12-10 21:20:01'),
(163, '', 'KS40', '', '', '0.0000', '0.0000', '0.0000', '', '', '', '', '', '', '', 0, 0, 0, 'https://kidsplaza-1.cdn.vccloud.vn/media/wysiwyg/product/be-tam/sua-tam-dau-goi/sua-tam-cho-be-arau-baby-450ml-4.jpg', '', 0, 35, 1, '0.0000', 1, '210000.0000', 1, 0, 0, '0000-00-00', '1000.00000000', 1, '0.00000000', '0.00000000', '0.00000000', 0, 1, 1, 0, 1, 2, 0, 1, NULL, 0, 1, '2020-12-10 21:20:01', '2020-12-10 21:20:01'),
(164, '', 'KS41', '', '', '0.0000', '0.0000', '0.0000', '', '', '', '', '', '', '', 0, 0, 0, 'https://kidsplaza-1.cdn.vccloud.vn/media/catalog/product/cache/1/image/430x/9df78eab33525d08d6e5fb8d27136e95/d/i/diu-cho-be-hip-seat-mamago-foldable-aluminum-1.jpg', '', 0, 28, 1, '0.0000', 1, '1062000.0000', 1, 0, 0, '0000-00-00', '500.00000000', 1, '0.00000000', '0.00000000', '0.00000000', 0, 1, 1, 0, 1, 2, 0, 1, NULL, 0, 1, '2020-12-10 21:20:01', '2020-12-10 21:20:01'),
(165, '', 'KS42', '', '', '0.0000', '0.0000', '0.0000', '', '', '', '', '', '', '', 0, 0, 0, 'https://kidsplaza-1.cdn.vccloud.vn/media/wysiwyg/product/be-ra-ngoai/diu-cho-be/diu-cho-be-hip-seat-premium-mamago-c04-25.jpg', '', 0, 28, 1, '0.0000', 1, '679000.0000', 1, 0, 0, '0000-00-00', '500.00000000', 1, '0.00000000', '0.00000000', '0.00000000', 0, 1, 1, 0, 1, 2, 0, 1, NULL, 0, 1, '2020-12-10 21:20:01', '2020-12-10 21:20:01'),
(166, '', 'KS43', '', '', '0.0000', '0.0000', '0.0000', '', '', '', '', '', '', '', 0, 0, 0, 'https://kidsplaza-1.cdn.vccloud.vn/media/catalog/product/cache/1/image/430x/9df78eab33525d08d6e5fb8d27136e95/i/m/img_5414.jpg', '', 0, 28, 1, '0.0000', 1, '456000.0000', 1, 0, 0, '0000-00-00', '500.00000000', 1, '0.00000000', '0.00000000', '0.00000000', 0, 1, 1, 0, 1, 2, 0, 1, NULL, 0, 1, '2020-12-10 21:20:01', '2020-12-10 21:20:01'),
(167, '', 'KS44', '', '', '0.0000', '0.0000', '0.0000', '', '', '', '', '', '', '', 0, 0, 0, 'https://kidsplaza-1.cdn.vccloud.vn/media/catalog/product/d/i/diu-em-be-cao-cap-kiza-_4__1.jpg', '', 0, 28, 1, '0.0000', 1, '349000.0000', 1, 0, 0, '0000-00-00', '500.00000000', 1, '0.00000000', '0.00000000', '0.00000000', 0, 1, 1, 0, 1, 2, 0, 1, NULL, 0, 1, '2020-12-10 21:20:01', '2020-12-10 21:20:01'),
(168, '', 'KS45', '', '', '0.0000', '0.0000', '0.0000', '', '', '', '', '', '', '', 0, 0, 0, 'https://kidsplaza-1.cdn.vccloud.vn/media/wysiwyg/product/xedaytreem/xe-day-mamago-friendly-c06-xam-1.jpg', '', 0, 28, 1, '0.0000', 1, '990000.0000', 1, 0, 0, '0000-00-00', '2000.00000000', 1, '0.00000000', '0.00000000', '0.00000000', 0, 1, 1, 0, 1, 2, 0, 1, NULL, 0, 1, '2020-12-10 21:20:01', '2020-12-10 21:20:01'),
(169, '', 'KS46', '', '', '0.0000', '0.0000', '0.0000', '', '', '', '', '', '', '', 0, 0, 0, 'https://kidsplaza-1.cdn.vccloud.vn/media/catalog/product/cache/1/image/430x/9df78eab33525d08d6e5fb8d27136e95/x/e/xe-day-mamago-friendly-plus-c05-mau-hong-2.jpg', '', 0, 28, 1, '0.0000', 1, '890000.0000', 1, 0, 0, '0000-00-00', '2000.00000000', 1, '0.00000000', '0.00000000', '0.00000000', 0, 1, 1, 0, 1, 2, 0, 1, NULL, 0, 1, '2020-12-10 21:20:01', '2020-12-10 21:20:01'),
(170, '', 'KS47', '', '', '0.0000', '0.0000', '0.0000', '', '', '', '', '', '', '', 0, 0, 0, 'https://kidsplaza-1.cdn.vccloud.vn/media/wysiwyg/product/xedaytreem/IMG_7013.JPG', '', 0, 28, 1, '0.0000', 1, '870000.0000', 1, 0, 0, '0000-00-00', '2000.00000000', 1, '0.00000000', '0.00000000', '0.00000000', 0, 1, 1, 0, 1, 2, 0, 1, NULL, 0, 1, '2020-12-10 21:20:01', '2020-12-10 21:20:01'),
(171, '', 'KS48', '', '', '0.0000', '0.0000', '0.0000', '', '', '', '', '', '', '', 0, 0, 0, 'https://kidsplaza-1.cdn.vccloud.vn/media/wysiwyg/product/xedaytreem/IMG_7149.JPG', '', 0, 28, 1, '0.0000', 1, '850000.0000', 1, 0, 0, '0000-00-00', '2000.00000000', 1, '0.00000000', '0.00000000', '0.00000000', 0, 1, 1, 0, 1, 2, 0, 1, NULL, 0, 1, '2020-12-10 21:20:01', '2020-12-10 21:20:01'),
(172, '', 'KS49', '', '', '0.0000', '0.0000', '0.0000', '', '', '', '', '', '', '', 0, 0, 0, 'https://kidsplaza-1.cdn.vccloud.vn/media/wysiwyg/product/Do-ve-sinh/bim-ta/bim-bobby/bim-ta-quan-bobby-extra-soft-dry-size-s-70-mieng-cho-be-4-8-kg-1.jpg', '', 0, 36, 1, '350000.0000', 1, '3750000.0000', 1, 0, 0, '0000-00-00', '1000.00000000', 1, '0.00000000', '0.00000000', '0.00000000', 0, 1, 1, 0, 1, 2, 0, 1, NULL, 0, 1, '2020-12-10 21:20:01', '2020-12-10 21:20:01'),
(173, '', 'KS50', '', '', '0.0000', '0.0000', '0.0000', '', '', '', '', '', '', '', 0, 0, 0, 'https://kidsplaza-1.cdn.vccloud.vn/media/wysiwyg/product/Do-ve-sinh/bim-ta/bim-moony/bim-ta-dan-moony-natural-size-s-58-mieng-cho-be-4-8kg-1.jpg', '', 0, 37, 1, '0.0000', 1, '540000.0000', 1, 0, 0, '0000-00-00', '1000.00000000', 1, '0.00000000', '0.00000000', '0.00000000', 0, 1, 1, 0, 1, 2, 0, 1, NULL, 0, 1, '2020-12-10 21:20:01', '2020-12-10 21:20:01'),
(174, '', 'KS51', '', '', '0.0000', '0.0000', '0.0000', '', '', '', '', '', '', '', 0, 0, 0, 'https://kidsplaza-1.cdn.vccloud.vn/media/wysiwyg/product/Do-ve-sinh/bim-ta/bim-huggies/bim-ta-quan-huggies-size-m-54-mieng.jpg', '', 0, 38, 1, '0.0000', 1, '249000.0000', 1, 0, 0, '0000-00-00', '1000.00000000', 1, '0.00000000', '0.00000000', '0.00000000', 0, 1, 1, 0, 1, 2, 0, 1, NULL, 0, 1, '2020-12-10 21:20:01', '2020-12-10 21:20:01'),
(175, '', 'KS52', '', '', '0.0000', '0.0000', '0.0000', '', '', '', '', '', '', '', 0, 0, 0, 'https://kidsplaza-1.cdn.vccloud.vn/media/wysiwyg/product/Do-ve-sinh/bim-ta/bim-merries/bim-quan-merries-m58-6-11kg-1.jpg', '', 0, 39, 1, '369000.0000', 1, '385000.0000', 1, 0, 0, '0000-00-00', '1000.00000000', 1, '0.00000000', '0.00000000', '0.00000000', 0, 1, 1, 0, 1, 2, 0, 1, NULL, 0, 1, '2020-12-10 21:20:01', '2020-12-10 21:20:01'),
(176, '', 'KS01', '', '', '0.0000', '0.0000', '0.0000', '', '', '', '', '', '', '', 0, 0, 0, 'https://kidsplaza-1.cdn.vccloud.vn/media/catalog/product/cache/1/image/430x/9df78eab33525d08d6e5fb8d27136e95/s/u/sua-bot-lactel-eveil-growing-up-800g-1.jpg', '', 0, 40, 1, '0.0000', 1, '260000.0000', 1, 0, 0, '0000-00-00', '800.00000000', 1, '0.00000000', '0.00000000', '0.00000000', 0, 1, 1, 0, 1, 2, 0, 1, NULL, 0, 1, '2020-12-10 21:20:01', '2020-12-10 21:20:01'),
(177, '', 'KS02', '', '', '0.0000', '0.0000', '0.0000', '', '', '', '', '', '', '', 0, 0, 0, 'https://kidsplaza-1.cdn.vccloud.vn/media/catalog/product/cache/1/image/430x/9df78eab33525d08d6e5fb8d27136e95/s/u/sua-friso-gold-4-1500g-2-4-tuoi-3.jpg', '', 0, 41, 1, '645000.0000', 1, '695000.0000', 1, 0, 0, '0000-00-00', '1500.00000000', 1, '0.00000000', '0.00000000', '0.00000000', 0, 1, 1, 0, 1, 2, 0, 1, NULL, 0, 1, '2020-12-10 21:20:01', '2020-12-10 21:20:01'),
(178, '', 'KS03', '', '', '0.0000', '0.0000', '0.0000', '', '', '', '', '', '', '', 0, 0, 0, 'https://kidsplaza-1.cdn.vccloud.vn/media/catalog/product/cache/1/image/430x/9df78eab33525d08d6e5fb8d27136e95/s/u/sua-morinaga-so-3-huong-vani-850g-tren-3-tuoi-new-1.jpg', '', 0, 42, 1, '423000.0000', 1, '470000.0000', 1, 0, 0, '0000-00-00', '500.00000000', 1, '0.00000000', '0.00000000', '0.00000000', 0, 1, 1, 0, 1, 2, 0, 1, NULL, 0, 1, '2020-12-10 21:20:01', '2020-12-10 21:20:01'),
(179, '', 'KS06', '', '', '0.0000', '0.0000', '0.0000', '', '', '', '', '', '', '', 0, 0, 0, 'https://kidsplaza-1.cdn.vccloud.vn/media/catalog/product/cache/1/image/430x/9df78eab33525d08d6e5fb8d27136e95/b/o/bot-an-dam-vnm-organic-gao-sua-1.png', '', 0, 43, 1, '0.0000', 1, '65000.0000', 1, 0, 0, '0000-00-00', '200.00000000', 1, '0.00000000', '0.00000000', '0.00000000', 0, 1, 1, 0, 1, 2, 0, 1, NULL, 0, 1, '2020-12-10 21:20:01', '2020-12-10 21:20:01');


-- restore soft-deleted products if demo
UPDATE `oc_product` SET `deleted` = NULL
WHERE `demo` = 1
  AND `product_id` IN (
149,
148,
147,
146,
145,
144,
143,
142,
141,
139,
140,
138,
137,
136,
135,
134,
132,
133,
150,
151,
152,
153,
154,
155,
156,
157,
158,
159,
160,
161,
162,
163,
164,
165,
166,
167,
168,
169,
170,
171,
172,
173,
174,
175,
176,
177,
178,
179
  );

-- oc_product_collection PRIMARY KEY (`product_collection_id`)
INSERT IGNORE INTO `oc_product_collection` (`product_collection_id`, `product_id`, `collection_id`, `sort_order`) VALUES
(159, 142, 12, 0),
(158, 141, 12, 0),
(215, 140, 11, 8),
(214, 139, 11, 7),
(213, 138, 11, 6),
(212, 137, 11, 5),
(211, 136, 11, 4),
(210, 135, 11, 3),
(209, 134, 11, 2),
(208, 133, 11, 1),
(223, 178, 10, 8),
(148, 132, 9, 0),
(160, 143, 12, 0),
(161, 144, 12, 0),
(162, 145, 12, 0),
(163, 146, 12, 0),
(164, 147, 12, 0),
(165, 148, 12, 0),
(166, 149, 13, 0),
(222, 177, 10, 7),
(168, 150, 13, 0),
(221, 163, 10, 6),
(170, 150, 14, 0),
(171, 151, 13, 0),
(172, 151, 14, 0),
(173, 152, 13, 0),
(220, 161, 10, 5),
(175, 153, 15, 0),
(176, 154, 15, 0),
(177, 155, 15, 0),
(178, 156, 15, 0),
(179, 157, 9, 0),
(180, 158, 9, 0),
(181, 159, 9, 0),
(182, 160, 16, 0),
(183, 160, 14, 0),
(184, 161, 16, 0),
(219, 152, 10, 4),
(186, 162, 16, 0),
(187, 162, 14, 0),
(188, 163, 16, 0),
(218, 150, 10, 3),
(190, 163, 14, 0),
(191, 164, 17, 0),
(192, 165, 17, 0),
(193, 166, 17, 0),
(194, 167, 17, 0),
(195, 168, 17, 0),
(196, 169, 17, 0),
(197, 170, 17, 0),
(198, 171, 17, 0),
(199, 176, 18, 0),
(200, 176, 14, 0),
(201, 177, 18, 0),
(217, 149, 10, 2),
(203, 177, 14, 0),
(204, 178, 18, 0),
(216, 132, 10, 1),
(206, 178, 14, 0),
(207, 179, 18, 0);


-- oc_product_description PRIMARY KEY (`product_id`,`language_id`)
INSERT IGNORE INTO `oc_product_description` (`product_id`, `language_id`, `name`, `description`, `sub_description`, `seo_title`, `seo_description`, `tag`, `meta_title`, `meta_description`, `meta_keyword`) VALUES
(104, 2, 'Váy đầm dự tiệc sang trọng - Độc đáo - Giá cả hợp lý VD01', ' - Váy suông ren là  item chưa bao giờ hết hot, mang đến vẻ quyến rũ cho phái đẹp và đặc biệt giúp bạn che đi khuyết điểm cơ thể mình. \n- Chất liệu ren gợi cảm, sang trọng mang lại cho quý cô phong cách thời trang thời thượng và thanh lịch.', '', '', '', '', '', '', ''),
(105, 2, 'Váy đầm dự tiệc sang trọng - Độc đáo - Giá cả hợp lý VD02', ' - Váy suông ren là  item chưa bao giờ hết hot, mang đến vẻ quyến rũ cho phái đẹp và đặc biệt giúp bạn che đi khuyết điểm cơ thể mình. \n- Chất liệu ren gợi cảm, sang trọng mang lại cho quý cô phong cách thời trang thời thượng và thanh lịch.', '', '', '', '', '', '', ''),
(106, 2, 'Váy đầm dự tiệc sang trọng - Độc đáo - Giá cả hợp lý VD03', ' - Váy suông ren là  item chưa bao giờ hết hot, mang đến vẻ quyến rũ cho phái đẹp và đặc biệt giúp bạn che đi khuyết điểm cơ thể mình. \n- Chất liệu ren gợi cảm, sang trọng mang lại cho quý cô phong cách thời trang thời thượng và thanh lịch.', '', '', '', '', '', '', ''),
(107, 2, 'Váy đầm dự tiệc sang trọng - Độc đáo - Giá cả hợp lý VD04', ' - Váy suông ren là  item chưa bao giờ hết hot, mang đến vẻ quyến rũ cho phái đẹp và đặc biệt giúp bạn che đi khuyết điểm cơ thể mình. \n- Chất liệu ren gợi cảm, sang trọng mang lại cho quý cô phong cách thời trang thời thượng và thanh lịch.', '', '', '', '', '', '', ''),
(108, 2, 'Váy đầm dự tiệc sang trọng - Độc đáo - Giá cả hợp lý VD05', ' - Váy suông ren là  item chưa bao giờ hết hot, mang đến vẻ quyến rũ cho phái đẹp và đặc biệt giúp bạn che đi khuyết điểm cơ thể mình. \n- Chất liệu ren gợi cảm, sang trọng mang lại cho quý cô phong cách thời trang thời thượng và thanh lịch.', '', '', '', '', '', '', ''),
(109, 2, 'Váy đầm dự tiệc sang trọng - Độc đáo - Giá cả hợp lý VD06', ' - Váy suông ren là  item chưa bao giờ hết hot, mang đến vẻ quyến rũ cho phái đẹp và đặc biệt giúp bạn che đi khuyết điểm cơ thể mình. \n- Chất liệu ren gợi cảm, sang trọng mang lại cho quý cô phong cách thời trang thời thượng và thanh lịch.', '', '', '', '', '', '', ''),
(110, 2, 'Váy đầm dự tiệc sang trọng - Độc đáo - Giá cả hợp lý VD07', ' - Váy suông ren là  item chưa bao giờ hết hot, mang đến vẻ quyến rũ cho phái đẹp và đặc biệt giúp bạn che đi khuyết điểm cơ thể mình. \n- Chất liệu ren gợi cảm, sang trọng mang lại cho quý cô phong cách thời trang thời thượng và thanh lịch.', '', '', '', '', '', '', ''),
(111, 2, 'Váy đầm dự tiệc sang trọng - Độc đáo - Giá cả hợp lý VD08', ' - Váy suông ren là  item chưa bao giờ hết hot, mang đến vẻ quyến rũ cho phái đẹp và đặc biệt giúp bạn che đi khuyết điểm cơ thể mình. \n- Chất liệu ren gợi cảm, sang trọng mang lại cho quý cô phong cách thời trang thời thượng và thanh lịch.', '', '', '', '', '', '', ''),
(112, 2, 'Váy đầm dự tiệc sang trọng - Độc đáo - Giá cả hợp lý VD09', ' - Váy suông ren là  item chưa bao giờ hết hot, mang đến vẻ quyến rũ cho phái đẹp và đặc biệt giúp bạn che đi khuyết điểm cơ thể mình. \n- Chất liệu ren gợi cảm, sang trọng mang lại cho quý cô phong cách thời trang thời thượng và thanh lịch.', '', '', '', '', '', '', ''),
(113, 2, 'Váy đầm dự tiệc sang trọng - Độc đáo - Giá cả hợp lý VD10', ' - Váy suông ren là  item chưa bao giờ hết hot, mang đến vẻ quyến rũ cho phái đẹp và đặc biệt giúp bạn che đi khuyết điểm cơ thể mình. \n- Chất liệu ren gợi cảm, sang trọng mang lại cho quý cô phong cách thời trang thời thượng và thanh lịch.', '', '', '', '', '', '', ''),
(114, 2, 'Váy đầm dự tiệc sang trọng - Độc đáo - Giá cả hợp lý VD11', ' - Váy suông ren là  item chưa bao giờ hết hot, mang đến vẻ quyến rũ cho phái đẹp và đặc biệt giúp bạn che đi khuyết điểm cơ thể mình. \n- Chất liệu ren gợi cảm, sang trọng mang lại cho quý cô phong cách thời trang thời thượng và thanh lịch.', '', '', '', '', '', '', ''),
(115, 2, 'Váy đầm dự tiệc sang trọng - Độc đáo - Giá cả hợp lý VD12', ' - Váy suông ren là  item chưa bao giờ hết hot, mang đến vẻ quyến rũ cho phái đẹp và đặc biệt giúp bạn che đi khuyết điểm cơ thể mình. \n- Chất liệu ren gợi cảm, sang trọng mang lại cho quý cô phong cách thời trang thời thượng và thanh lịch.', '', '', '', '', '', '', ''),
(116, 2, 'Váy đầm dự tiệc sang trọng - Độc đáo - Giá cả hợp lý VD13', ' - Váy suông ren là  item chưa bao giờ hết hot, mang đến vẻ quyến rũ cho phái đẹp và đặc biệt giúp bạn che đi khuyết điểm cơ thể mình. \n- Chất liệu ren gợi cảm, sang trọng mang lại cho quý cô phong cách thời trang thời thượng và thanh lịch.', '', '', '', '', '', '', ''),
(117, 2, 'Váy đầm dự tiệc sang trọng - Độc đáo - Giá cả hợp lý VD14', ' - Váy suông ren là  item chưa bao giờ hết hot, mang đến vẻ quyến rũ cho phái đẹp và đặc biệt giúp bạn che đi khuyết điểm cơ thể mình. \n- Chất liệu ren gợi cảm, sang trọng mang lại cho quý cô phong cách thời trang thời thượng và thanh lịch.', '', '', '', '', '', '', ''),
(118, 2, 'Váy đầm dự tiệc sang trọng - Độc đáo - Giá cả hợp lý VD15', ' - Váy suông ren là  item chưa bao giờ hết hot, mang đến vẻ quyến rũ cho phái đẹp và đặc biệt giúp bạn che đi khuyết điểm cơ thể mình. \n- Chất liệu ren gợi cảm, sang trọng mang lại cho quý cô phong cách thời trang thời thượng và thanh lịch.', '', '', '', '', '', '', ''),
(119, 2, 'Váy đầm dự tiệc sang trọng - Độc đáo - Giá cả hợp lý VD16', ' - Váy suông ren là  item chưa bao giờ hết hot, mang đến vẻ quyến rũ cho phái đẹp và đặc biệt giúp bạn che đi khuyết điểm cơ thể mình. \n- Chất liệu ren gợi cảm, sang trọng mang lại cho quý cô phong cách thời trang thời thượng và thanh lịch.', '', '', '', '', '', '', ''),
(120, 2, 'Váy đầm dự tiệc sang trọng - Độc đáo - Giá cả hợp lý VD17', '&lt;p&gt;- Váy suông ren là item chưa bao giờ hết hot, mang đến vẻ quyến rũ cho phái đẹp và đặc biệt giúp bạn che đi khuyết điểm cơ thể mình. - Chất liệu ren gợi cảm, sang trọng mang lại cho quý cô phong cách thời trang thời thượng và thanh lịch.&lt;/p&gt;', '', '', '', '', '', '', ''),
(121, 2, 'Váy đầm dự tiệc sang trọng - Độc đáo - Giá cả hợp lý VD18', ' - Váy suông ren là  item chưa bao giờ hết hot, mang đến vẻ quyến rũ cho phái đẹp và đặc biệt giúp bạn che đi khuyết điểm cơ thể mình. \n- Chất liệu ren gợi cảm, sang trọng mang lại cho quý cô phong cách thời trang thời thượng và thanh lịch.', '', '', '', '', '', '', ''),
(122, 2, 'Váy đầm dự tiệc sang trọng - Độc đáo - Giá cả hợp lý VD19', ' - Váy suông ren là  item chưa bao giờ hết hot, mang đến vẻ quyến rũ cho phái đẹp và đặc biệt giúp bạn che đi khuyết điểm cơ thể mình. \n- Chất liệu ren gợi cảm, sang trọng mang lại cho quý cô phong cách thời trang thời thượng và thanh lịch.', '', '', '', '', '', '', ''),
(123, 2, 'Váy đầm dự tiệc sang trọng - Độc đáo - Giá cả hợp lý VD20', ' - Váy suông ren là  item chưa bao giờ hết hot, mang đến vẻ quyến rũ cho phái đẹp và đặc biệt giúp bạn che đi khuyết điểm cơ thể mình. \n- Chất liệu ren gợi cảm, sang trọng mang lại cho quý cô phong cách thời trang thời thượng và thanh lịch.', '', '', '', '', '', '', ''),
(124, 2, 'Váy đầm dự tiệc sang trọng - Độc đáo - Giá cả hợp lý VD21', ' - Váy suông ren là  item chưa bao giờ hết hot, mang đến vẻ quyến rũ cho phái đẹp và đặc biệt giúp bạn che đi khuyết điểm cơ thể mình. \n- Chất liệu ren gợi cảm, sang trọng mang lại cho quý cô phong cách thời trang thời thượng và thanh lịch.', '', '', '', '', '', '', ''),
(125, 2, 'Váy đầm dự tiệc sang trọng - Độc đáo - Giá cả hợp lý VD22', ' - Váy suông ren là  item chưa bao giờ hết hot, mang đến vẻ quyến rũ cho phái đẹp và đặc biệt giúp bạn che đi khuyết điểm cơ thể mình. \n- Chất liệu ren gợi cảm, sang trọng mang lại cho quý cô phong cách thời trang thời thượng và thanh lịch.', '', '', '', '', '', '', ''),
(126, 2, 'Váy đầm dự tiệc sang trọng - Độc đáo - Giá cả hợp lý VD23', ' - Váy suông ren là  item chưa bao giờ hết hot, mang đến vẻ quyến rũ cho phái đẹp và đặc biệt giúp bạn che đi khuyết điểm cơ thể mình. \n- Chất liệu ren gợi cảm, sang trọng mang lại cho quý cô phong cách thời trang thời thượng và thanh lịch.', '', '', '', '', '', '', ''),
(127, 2, 'Váy đầm dự tiệc sang trọng - Độc đáo - Giá cả hợp lý VD24', ' - Váy suông ren là  item chưa bao giờ hết hot, mang đến vẻ quyến rũ cho phái đẹp và đặc biệt giúp bạn che đi khuyết điểm cơ thể mình. \n- Chất liệu ren gợi cảm, sang trọng mang lại cho quý cô phong cách thời trang thời thượng và thanh lịch.', '', '', '', '', '', '', ''),
(128, 2, 'Váy đầm dự tiệc sang trọng - Độc đáo - Giá cả hợp lý VD25', ' - Váy suông ren là  item chưa bao giờ hết hot, mang đến vẻ quyến rũ cho phái đẹp và đặc biệt giúp bạn che đi khuyết điểm cơ thể mình. \n- Chất liệu ren gợi cảm, sang trọng mang lại cho quý cô phong cách thời trang thời thượng và thanh lịch.', '', '', '', '', '', '', ''),
(129, 2, 'Váy đầm dự tiệc sang trọng - Độc đáo - Giá cả hợp lý VD26', ' - Váy suông ren là  item chưa bao giờ hết hot, mang đến vẻ quyến rũ cho phái đẹp và đặc biệt giúp bạn che đi khuyết điểm cơ thể mình. \n- Chất liệu ren gợi cảm, sang trọng mang lại cho quý cô phong cách thời trang thời thượng và thanh lịch.', '', '', '', '', '', '', ''),
(130, 2, 'Váy đầm dự tiệc sang trọng - Độc đáo - Giá cả hợp lý VD27', ' - Váy suông ren là  item chưa bao giờ hết hot, mang đến vẻ quyến rũ cho phái đẹp và đặc biệt giúp bạn che đi khuyết điểm cơ thể mình. \n- Chất liệu ren gợi cảm, sang trọng mang lại cho quý cô phong cách thời trang thời thượng và thanh lịch.', '', '', '', '', '', '', ''),
(131, 2, 'Váy đầm dự tiệc sang trọng - Độc đáo - Giá cả hợp lý VD28', ' - Váy suông ren là  item chưa bao giờ hết hot, mang đến vẻ quyến rũ cho phái đẹp và đặc biệt giúp bạn che đi khuyết điểm cơ thể mình. \n- Chất liệu ren gợi cảm, sang trọng mang lại cho quý cô phong cách thời trang thời thượng và thanh lịch.', '', '', '', '', '', '', ''),
(100, 2, 'ĐIỆN THOẠI SAMSUNG A9 XÁCH TAY', '&lt;p&gt;Th&amp;ocirc;ng số kỹ thuật&lt;/p&gt;\r\n\r\n&lt;p&gt;M&amp;agrave;n h&amp;igrave;nh: Super AMOLED, 6.3&amp;quot;, Full HD+&lt;/p&gt;\r\n\r\n&lt;p&gt;Hệ điều h&amp;agrave;nh: Android 8.0 (Oreo)&lt;/p&gt;\r\n\r\n&lt;p&gt;Camera sau: 24 MP, 10 MP, 8 MP v&amp;agrave; 5 MP (4 camera)&lt;/p&gt;\r\n\r\n&lt;p&gt;Camera trước: 24 MP&lt;/p&gt;\r\n\r\n&lt;p&gt;CPU: Qualcomm Snapdragon 660 8 nh&amp;acirc;n&lt;/p&gt;\r\n\r\n&lt;p&gt;RAM: 6 GB&lt;/p&gt;\r\n\r\n&lt;p&gt;Bộ nhớ trong: 64 GB&lt;/p&gt;\r\n\r\n&lt;p&gt;Thẻ nhớ: MicroSD, hỗ trợ tối đa 512 GB&lt;/p&gt;', '', '', '', '', '', '', ''),
(101, 2, 'ĐIỆN THOẠI OPPO F9 XÁCH TAY CAO CẤP GIÁ RẺ 64GB', '&lt;p&gt;1. Thiết kế gọn g&amp;agrave;ng v&amp;agrave; &amp;ocirc;m tay, viền m&amp;agrave;n h&amp;igrave;nh tr&amp;agrave;n cạnh&lt;/p&gt;\r\n\r\n&lt;p&gt;2. M&amp;agrave;n h&amp;igrave;nh tr&amp;agrave;n viền, 6.3&amp;#39; inch, độ ph&amp;acirc;n giải Full HD&lt;/p&gt;\r\n\r\n&lt;p&gt;3. Cấu h&amp;igrave;nh OPPO F9 vừa đủ d&amp;ugrave;ng zalo,Facebook,youtobe&lt;/p&gt;\r\n\r\n&lt;p&gt;4. Camera selfie ấn tượng : Ch&amp;iacute;nh: 16.0MP; Phụ: 25.0MP 5. Android 8.1 c&amp;ugrave;ng ColorOS 2.5D mới mẻ, nhận diện khu&amp;ocirc;n mặt ....&lt;/p&gt;\r\n\r\n&lt;p&gt;Th&amp;ocirc;ng số cơ bản..&lt;/p&gt;', '', '', '', '', '', '', ''),
(102, 2, 'Tai nghe Gaming G-Net H7S Có Rung, Led 7 màu', '&lt;p&gt;-Tai nghe G-Net H7S l&amp;agrave; phi&amp;ecirc;n bản n&amp;acirc;ng cấp từ d&amp;ograve;ng tai nghe G-Net H7 l&amp;agrave; sản phẩm tai nghe nhận được nhiều sự y&amp;ecirc;u th&amp;iacute;ch từ c&amp;aacute;c game thủ.&lt;/p&gt;\r\n\r\n&lt;p&gt;Đặc điểm nổi bật của Tai nghe G-Net H7S -T&amp;iacute;nh năng ưu việt Tai nghe Gnet H7S Rung Led với thiết kế &amp;acirc;m thanh đỉnh cao c&amp;ugrave;ng chế độ rung theo bass cho bạn kh&amp;ocirc;ng gian nghe nhạc sống động v&amp;agrave; ch&amp;acirc;n thực hơn bao giờ hết&lt;/p&gt;\r\n\r\n&lt;p&gt;Đối với c&amp;aacute;c bản nhạc lớn tai nghe cho ra &amp;acirc;m thanh bass c&amp;ugrave;ng chế độ rung nghe cực đ&amp;atilde; tai. C&amp;aacute;c bạn cần cắm cổng usb v&amp;agrave; chạm v&amp;agrave;o n&amp;uacute;t cảm ứng b&amp;ecirc;n dưới micro để bật chế độ rung mạnh.&lt;/p&gt;\r\n\r\n&lt;p&gt;-Thiết kế độc đ&amp;aacute;o Tai nghe G-Net H7S được thiết kế c&amp;ugrave;ng kiều d&amp;aacute;ng v&amp;agrave; m&amp;agrave;u sắc c&amp;aacute; t&amp;iacute;nh đem lại sự hiện đại, mạnh mẽ rất được c&amp;aacute;c game thủ ưa chuộng Thiết kế hiện đại nhưng sử dụng v&amp;ocirc; c&amp;ugrave;ng thoải m&amp;aacute;i v&amp;agrave; đơn giản.&lt;/p&gt;\r\n\r\n&lt;p&gt;Phần ốp v&amp;agrave; gọng tai nghe đều được ốp kim loại c&amp;oacute; khả năng chống va đập rơi vỡ Thiết kế ho&amp;agrave;n hảo n&amp;agrave;y gi&amp;uacute;p bạn thoải m&amp;aacute;i sử dụng m&amp;agrave; kh&amp;ocirc;ng cần qu&amp;aacute; lo lắng khi bị va chạm.&lt;/p&gt;\r\n\r\n&lt;p&gt;Phần ốp được thiết kế bản to, &amp;ocirc;m trọn tai tạo sự thoải m&amp;aacute;i cho người đeo Chất liệu ốp tai bằng da chất lượng cao rất &amp;ecirc;m kh&amp;ocirc;ng g&amp;acirc;y đau nhức hay b&amp;iacute; tai.&lt;/p&gt;\r\n\r\n&lt;p&gt;Tai nghe G-net H7S c&amp;oacute; Micro được thiết kế nhỏ gọn chắc chắn thuận tiện cho người sử dụng.&lt;/p&gt;\r\n\r\n&lt;p&gt;Tai nghe được thiết kế n&amp;uacute;t điều chỉnh &amp;acirc;m lượng ngay ph&amp;iacute;a sau tai cho người sử dụng c&amp;oacute; thể dễ d&amp;agrave;ng kiểm so&amp;aacute;t &amp;acirc;m thanh theo &amp;yacute; muốn.&lt;/p&gt;\r\n\r\n&lt;p&gt;-Kết nối đơn giản Tai nghe G-Net H7S c&amp;oacute; thể sử dụng đa dạng tr&amp;ecirc;n c&amp;aacute;c thiết bị như M&amp;aacute;y t&amp;iacute;nh, Laptop, Điện thoại..&lt;/p&gt;', '', '', '', '', '', '', ''),
(132, 2, 'Máy hút sữa đôi Swing Maxi Flex', '<p>THÔNG TIN CHI TIẾT<br />\nXuất xứ Thụy Sĩ<br />\nThương hiệu Medela<br />\nMÔ TẢ<br />\nMáy hút sữa điện đôi Swing Maxi Flex - Thụy Sĩ<br />\nMáy hút sữa điện đôi Swing Maxi Flex 2 Phase Expression đặc biệt với 2 size phễu đì kèm máy<br />\n<br />\nVới thiết kế máy gọn nhẹ rất lý tưởng cho các bà mẹ đang tìm kiếm một giải pháp hút sữa đơn giản, kinh tế và tiết kiệm thời gian. Lý tưởng để tăng nguồn sữa mẹ và để sử dụng hàng ngày.<br />\nMáy hút sữa điện đôi Swing Maxi Flex™: là máy hút sữa cá nhân có thể kích thích sữa trở lại cho các bà mẹ đã ngừng cho con bú và nay lại muốn duy trì nguồn sữa mẹ nuôi con.<br />\n<br />\nHút sữa hiệu quả cao, thoải mái và nhanh chóng<br />\n<br />\nDuy trì nguồn sữa mẹ khi đi làm: hút sữa đôi giúp tăng cường và duy trì nguồn sữa mẹ lâu dài.<br />\n<br />\nHiệu quả hơn với công nghệ hút sữa 2 phase với chế độ kích thích phản xạ bài tiết sữa của người mẹ giúp sữa về nhanh hơn và rút ngắn tối đa thời gian hút sữa<br />\n<br />\nTạo sự thoải mái tối đa: máy cho phép bạn điều chỉnh mức áp lực hút phù hợp với cơ thể của mình<br />\n<br />\nSử dụng dễ dàng: việc tháo lắp, sử dụng và vệ sinh máy rất đơn giản và dễ dàng<br />\n<br />\nLinh hoạt: với thiết kế nhỏ, gọn giúp cho các bà mẹ có thể hút sữa tại nhà và tại nơi làm việc rất, máy có thể dùng điện hoặc pin</p>', '<p>Công nghệ hút sữa 2 phase kích thích phản xạ tiết sữa nhanh và ngắn thời gian<br />\n<br />\nThiết kế nhỏ gọn, linh hoạt có thể hút moi nơi<br />\n<br />\nDễ dàng sử dụng và vệ sinh<br />\n<br />\nCó hai size phễu giúp mẹ có thể dễ dàng lựa chọn</p>', '', '', '', '', '', ''),
(133, 2, '      \nBody dài tay Kids trắng xanh in khủng long ND20T 3-6M', 'Xuất xứ	Việt Nam<br />\nĐộ tuổi	3-6M<br />\nChất liệu	90% cotton, 10% spandex<br />\nThương hiệu	KidsPlaza<br />\nMÔ TẢ<br />\nBody dài tay KidsPlaza trắng xanh in khủng long ND20T 0-9 tháng tuổi<br />\nLà mẫu body thời trang được làm bằng chất liệu 90% cotton, 10% spandex cao cấp, an toàn<br />\n<br />\nThấm hút mồ hôi tốt, bền đẹp, không bai dão, phai màu khi giặt<br />\n<br />\nKiểu dáng body xinh xắn, ôm gọn cơ thể, dễ vận động<br />\nThiết kế cúc bấm chạy dài từ cổ áo đến đũng tiện lợi cho mẹ thay mặc áo cũng thay bỉm cho bé<br />\n<br />\nTrên sản phẩm in hình chú khủng long ngộ nghĩnh, đáng yêu <br />\n<br />\nBo ống giúp giữ ấm cho cơ thể của bé<br />\n<br />\nMàu trắng xanh tươi sáng', 'Chất liệu 90% cotton, 10% spandex mềm mại, an toàn<br />\n<br />\nThiết kế cúc cài chạy dài từ cổ đến đũng tiện lợi thay mặc<br />\n<br />\nIn hình chú khủng long xinh xắn<br />\n<br />\nDành cho bé từ 0-9 tháng tuổi', '', '', '', '', '', ''),
(134, 2, 'Body dài tay KidsPlaza Neil in hình gấu 6-9M HN20T (Trắng-Hồng)', 'THÔNG TIN CHI TIẾT<br />\nXuất xứ	Việt Nam<br />\nĐộ tuổi	6-9M<br />\nChất liệu	90% cotton, 5% spandex<br />\nThương hiệu	KidsPlaza<br />\nBộ quần áo body dài tay KidsPlaza sản phẩm được làm bằng chất liệu 90% cotton, 5% spandex mềm mại, thấm hút mồ hôi tốt, an toàn với bé yêu.<br />\n<br />\nThiết kế cúc bấm cài chéo chạy dài từ cổ áo tới ống quần thuận tiện cho việc thay mặc áo và bỉm cho bé<br />\n<br />\nKiểu dáng body dài chân tôn dáng vừa giữ ấm cơ thể vừa dễ dàng vận động mang đến cảm giác thoải mái cho bé yêu<br />\nThiết kế cổ áo tròn viền hồng tạo điểm nhấm nhá cho bộ Body thêm phần đáng yêu, cúc cài vai tiện lợi. Logo thương hiệu được in công nghệ cao ép nhiệt hàn quốc không bị bong chóc, an toàn.<br />\nTrên áo in họa tiết hình gấu con và thỏ trắng xinh xắn khiến bé càng đáng yêu hơn khi mặc lên người<br />\n<br />\nSản phẩm dành cho bé gái từ sơ sinh tới 9 tháng tuổi<br />\n<br />\nCó 3 size tương ứng độ tuổi 0-3M và 3-6M, 6-9M', 'Thương hiệu Kids Plaza<br />\n<br />\nChất liệu vải cao cấp, mềm mại<br />\n<br />\nMàu sắc trắng hồng nhã nhặn<br />\n<br />\nĐộ tuổi từ sơ sinh đến 9 tháng tuổi', '', '', '', '', '', ''),
(135, 2, 'Body neil dài xanh ghi mamago', 'THÔNG TIN CHI TIẾT<br />\nXuất xứ	Việt Nam<br />\nĐộ tuổi	3-6M<br />\nChất liệu	90% cotton, 10% poliamide<br />\nThương hiệu	Mamago<br />\nMẫu body cộc tay cho bé Neil Mamago HN20H với thiết kế đẹp mắt, đường may chắc chắn, tinh tế cùng chất liệu 90% cotton, 10% poliamide cao cấp an toàn, thân thiện với làn da nhạy cảm của trẻ. <br />\nĐặc điểm chính sản phẩm:<br />\nChất liệu: 90% cotton, 10% poliamide co giãn, mềm mại, an toàn với bé<br />\n<br />\nKiểu dáng: Body cộc tay xinh xắn, thoáng mát, thoải mái vận động<br />\n<br />\nĐộ tuổi: Dành cho bé từ 3-12 tháng với 3 size tương ứng (3-6M, 6-9M, 9-12M)<br />\n<br />\nXuất xứ: thương hiệu Mamago<br />\n<br />\nSản xuất: tại Việt Nam', 'Chất liệu cao cấp 90% cotton, 10% poliamide<br />\n<br />\nVải thấm hút mồ hôi tốt, thoáng mát<br />\n<br />\nHình in họa tiết đáng yêu ngộ nghĩnh', '', '', '', '', '', ''),
(136, 2, 'Body neil dài vàng ghi mamago 3', 'THÔNG TIN CHI TIẾT<br />\nXuất xứ	Việt Nam<br />\nĐộ tuổi	3-6M<br />\nChất liệu	90% cotton, 10% poliamide<br />\nThương hiệu	Mamago<br />\nMẫu body cộc tay cho bé Neil Mamago HN20H với thiết kế đẹp mắt, đường may chắc chắn, tinh tế cùng chất liệu 90% cotton, 10% poliamide cao cấp an toàn, thân thiện với làn da nhạy cảm của trẻ. <br />\nĐặc điểm chính sản phẩm:<br />\nChất liệu: 90% cotton, 10% poliamide co giãn, mềm mại, an toàn với bé<br />\n<br />\nKiểu dáng: Body cộc tay xinh xắn, thoáng mát, thoải mái vận động<br />\n<br />\nĐộ tuổi: Dành cho bé từ 3-12 tháng với 3 size tương ứng (3-6M, 6-9M, 9-12M)<br />\n<br />\nXuất xứ: thương hiệu Mamago<br />\n<br />\nSản xuất: tại Việt Nam', 'Chất liệu cao cấp 90% cotton, 10% poliamide<br />\n<br />\nVải thấm hút mồ hôi tốt, thoáng mát<br />\n<br />\nHình in họa tiết đáng yêu ngộ nghĩnh', '', '', '', '', '', ''),
(137, 2, 'Yếm dây sơ sinh Neil Mamago', 'THÔNG TIN CHI TIẾT<br />\nXuất xứ	Việt Nam<br />\nMàu	Da cam<br />\nĐộ tuổi	0-6M<br />\nChất liệu	60% bamboo, 30% cotton, 10% polyamide<br />\nThương hiệu	Mamago<br />\nMÔ TẢ<br />\nYếm dây sơ sinh Neil Mamago HN20H (Cam) 0-6 tháng tuổi<br />\nChất liệu: Bambo co giãn, thấm hút tốt, mềm mại, thân thiện với da bé<br />\n<br />\nMàu sắc: Trắng lôi cuốn<br />\n<br />\nCông dụng: Giữ ấm cổ, tránh rây bẩn ra quần áo khi ăn uống hayti mẹ<br />\n<br />\nĐộ tuổi: dành cho bé từ 0-6 tháng tuổi<br />\n<br />\nXuất xứ: Việt Nam', 'Chất liệu bambo mềm mát, an toàn<br />\n<br />\nThiết kế dây buộc chắc chắn<br />\n<br />\nMàu trắng trang nhã', '', '', '', '', '', ''),
(138, 2, 'Yếm sơ sinh cho bé KidsPlaza (tròn)', 'HÔNG TIN CHI TIẾT<br />\nXuất xứ:	Việt Nam<br />\nChất liệu:	Vải cotton 100%<br />\nThương hiệu:	KidsPlaza<br />\nMÔ TẢ<br />\nYếm sơ sinh cho bé KidsPlaza (tròn) an toàn<br />\nChất liệu vải cotton 100% cao cấp an toàn tuyệt đối<br />\n<br />\nMềm mại, thấm hút mồ hôi tốt, nhanh khô<br />\n<br />\nKhông gây dị ứng, không lạnh<br />\n<br />\n<br />\n<br />\nTrên yếm in hình ngộ nghĩnh, đáng yêu<br />\n<br />\n<br />\n<br />\nThiết kế dây buộc chắc chắn, thoải mái khi sử dụng<br />\n<br />\n<br />\n<br />\nDành cho cả bé trai và bé gái từ sơ sinh trở lên<br />\n<br />\nThương hiệu KidsPlaza sản xuất tại Việt Nam', 'Chất liệu cotton 100% mềm mại, an toàn<br />\n<br />\nDành cho bé gái từ sơ sinh trở lên<br />\n<br />\nThiết kế in hình ngộ nghĩnh, đáng yêu', '', '', '', '', '', ''),
(139, 2, 'Mũ sơ sinh neil xanh dương mamago HN20H', 'THÔNG TIN CHI TIẾT<br />\nXuất xứ	Việt Nam<br />\nMàu	Xanh dương<br />\nThương hiệu	Mamago<br />\nMÔ TẢ<br />\nMũ sơ sinh neil xanh dương mamago HN20H<br />\nMũ sơ sinh luôn là một phần không thể thiếu trong combo đồ sơ sinh cho bé. <br />\nVới thành phần chất liệu làm từ 60% bamboo, 30% cotton, 10% polyamide, chất vải mềm mại, thoáng mát, thấm hút mồ hôi tốt, đây là dòng sản phẩm hàng đầu nằm trong list đồ mua sắm của mọi bà mẹ.<br />\nSản phẩm thiết kế phù hợp cho bé từ 0-6 tháng tuổi<br />\n<br />\nHướng dẫn sử dụng: <br />\nHạn chế dùng sản phẩm giặt tẩy<br />\n<br />\nKhông ngâm, giặt chung với sản phẩm ra màu<br />\n<br />\nKhông ngâm, giặt chung với nước nóng > 40C<br />\n<br />\nNên ủi mặt trái sản phẩm ', 'Chất liệu: 60% bamboo, 30% cotton, 10% polyamide<br />\n<br />\nXuất xứ: Việt Nam <br />\n<br />\nThương hiệu: Mamago<br />\n<br />\nĐộ tuổi: Dành cho bé từ 0-6 tháng tuổi', '', '', '', '', '', ''),
(140, 2, 'Mũ sơ sinh cotton cho bé in hình voi Mamago', 'THÔNG TIN CHI TIẾT<br />\nXuất xứ	Việt Nam<br />\nMàu	Da cam<br />\nChất liệu	100% cotton<br />\nThương hiệu	Mamago<br />\nMÔ TẢ<br />\nMũ sơ sinh cotton cho bé in hình voi Mamago HN19D (Cam) ngộ nghĩnh<br />\nMũ sơ sinh mamago được làm từ chất liệu vải cotton co giãn tốt, vải mềm mịm, ôm khít và sát đầu của bé<br />\nTông màu chủ yếu là màu hồng nhẹ nhàng, xinh xắn. hợp  mọi loại da của các bé.<br />\n<br />\nĐộ tuổi: từ sơ sinh đến 6 tháng tuổi.<br />\n<br />\nChú ý: khi giặt mũ nên lộn trái sản phẩm lại để giặt và phơi khô.', 'Vải cotton mềm mịm<br />\n<br />\nĐộ co giãn tốt, an toàn cho bé<br />\n<br />\nĐộ tuổi: 0-6M', '', '', '', '', '', ''),
(141, 2, 'Bộ quần áo dài tay bé gái KIDSPLAZA in hình Kỳ Lân 2Y', 'THÔNG TIN CHI TIẾT<br />\nXuất xứ	Việt Nam<br />\nĐộ tuổi	2Y<br />\nChất liệu	90% cotton, 5% spandex<br />\nThương hiệu	KidsPlaza<br />\nBộ sản phẩm được làm bằng chất liệu 90% cotton, 5% spandex mềm mại, an toàn với bé. Vải co giãn, ấm áp, thấp hút mồ hôi thoải mái khi mặc lâu cả ngày dài.<br />\nTrên áo in họa tiết in hình kỳ lân trắng được cách điệu với đôi tay và chân xinh xắn, tạo điểm nhấn riêng cho sản phẩm, ống tay áo được may bó lại xinh xắn, dễ thương.<br />\n<br />\nBộ quần áo bé gái KidsPlaza in hình Kỳ Lân TT20T có màu trắng tinh khôi, bắt mắt.<br />\nQuần chun mềm co giãn, không làm in hằn da của trẻ. Được in hình kỳ lân với những đám mây và cầu vồng sắc màu.<br />\n<br />\nHướng dẫn sử dụng: hạn chế dùng sản phẩm giặt tẩy, không ngâm, không giặt chung với nước nóng >40 độ C. Nên ủi mặt trái sản phẩm.<br />\n<br />\nSản phẩm có đủ các size cho bé yêu 1Y, 2Y, 3Y, 4Y, 5Y, 6Y.<br />\n<br />\nThương hiệu: KidsPlaza<br />\n<br />\nChất liệu: 90% cotton, 5% spandex<br />\n<br />\nSản xuất: tại Việt Nam<br />\n<br />\nCảnh báo: sản phẩm dễ cháy<br />\n<br />\nNăm sản xuất: 2020<br />\n<br />\nXuất xứ: Việt Nam', 'Thương hiệu KidsPlaza<br />\n<br />\nMàu sắc nổi bật<br />\n<br />\nVải cao cấp mềm mại<br />\n<br />\nĐộ tuổi từ 1-6Y', '', '', '', '', '', ''),
(142, 2, 'Bộ quần áo dài tay bé gái KIDSPLAZA in hình Sóc con 5Y', 'THÔNG TIN CHI TIẾT<br />\nXuất xứ	Việt Nam<br />\nĐộ tuổi	5Y<br />\nChất liệu	90% cotton, 5% spandex<br />\nThương hiệu	KidsPlaza<br />\nBộ quần áo dài tay bé gái KidsPlaza là mẫu quần áo thu đông dài tay được làm hoàn toàn bằng chất liệu 90% cotton, 5% spandex mềm mại, an toàn. Vải bền đẹp, co giãn đàn hồi, thấm hút mồ hôi thoải mái dễ chịu khi mặc.<br />\nThiết kế kiểu dáng dài tay bo ống dày dặn, ấm áp, thoải mái vận động. Họa tiết chú Sóc con dễ thương, đáng yêu vô cùng.<br />\nQuần chun mềm co giãn, không làm in hằn da của trẻ.<br />\n<br />\nHướng dẫn sử dụng: hạn chế dùng sản phẩm giặt tẩy, không ngâm, không giặt chung với nước nóng >40 độ C. Nên ủi mặt trái sản phẩm.<br />\n<br />\nSản phẩm có đủ các size cho bé yêu 1Y, 2Y, 3Y, 4Y, 5Y, 6Y.<br />\n<br />\nThương hiệu: KidsPlaza<br />\n<br />\nChất liệu: 90% cotton, 5% spandex<br />\n<br />\nSản xuất: tại Việt Nam<br />\n<br />\nCảnh báo: sản phẩm dễ cháy<br />\n<br />\nNăm sản xuất: 2020<br />\n<br />\nXuất xứ: Việt Nam', 'Chất liệu cao cấp<br />\n<br />\nMàu sắc vàng tươi<br />\n<br />\nThương hiệu KidsPlaza', '', '', '', '', '', ''),
(143, 2, 'Bộ quần áo dài tay bé trai KIDSPLAZA in hình Gấu Đội Nón 4Y ', 'THÔNG TIN CHI TIẾT<br />\nXuất xứ	Việt Nam<br />\nĐộ tuổi	4Y<br />\nChất liệu	90% cotton, 5% spandex<br />\nThương hiệu	KidsPlaza<br />\nBộ quần áo dài tay bé trai KidsPlaza là mẫu quần áo thu đông dài tay được làm hoàn toàn bằng chất liệu 90% cotton, 5% spandex mềm mại, an toàn. Vải bền đẹp, co giãn đàn hồi, thấm hút mồ hôi thoải mái dễ chịu khi mặc<br />\nQuần chun mềm co giãn có túi xỏ tay hai bên hông, không làm in hằn da của trẻ.<br />\n<br />\nHướng dẫn sử dụng: hạn chế dùng sản phẩm giặt tẩy, không ngâm, không giặt chung với nước nóng >40 độ C. Nên ủi mặt trái sản phẩm.<br />\n<br />\nSản phẩm có đủ các size cho bé yêu 1Y, 2Y, 3Y, 4Y, 5Y, 6Y.<br />\n<br />\nThương hiệu: KidsPlaza<br />\n<br />\nChất liệu: 90% cotton, 5% spandex<br />\n<br />\nSản xuất: tại Việt Nam<br />\n<br />\nCảnh báo: sản phẩm dễ cháy<br />\n<br />\nNăm sản xuất: 2020<br />\n<br />\nXuất xứ: Việt Nam', 'Chất liệu vải cao cấp<br />\n<br />\nMềm mại, thoáng mát, an toàn<br />\n<br />\nMàu sắc hài hòa, đẹp mắt<br />\n<br />\nThương hiệu KidsPlaza', '', '', '', '', '', ''),
(144, 2, 'Bộ quần áo dài tay bé trai KIDSPLAZA in thêu hình Cá Voi 4Y', 'THÔNG TIN CHI TIẾT<br />\nXuất xứ	Việt Nam<br />\nĐộ tuổi	4Y<br />\nChất liệu	90% cotton, 5% spandex<br />\nThương hiệu	KidsPlaza<br />\nBộ quần áo dài tay bé trai KidsPlaza là mẫu quần áo thu đông dài tay được làm hoàn toàn bằng chất liệu 90% cotton, 5% spandex mềm mại, an toàn. Vải bền đẹp, co giãn đàn hồi, thấm hút mồ hôi thoải mái dễ chịu khi mặc<br />\nQuần chun mềm co giãn có túi xỏ tay hai bên hông, không làm in hằn da của trẻ.<br />\n<br />\nHướng dẫn sử dụng: hạn chế dùng sản phẩm giặt tẩy, không ngâm, không giặt chung với nước nóng >40 độ C. Nên ủi mặt trái sản phẩm.<br />\n<br />\nSản phẩm có đủ các size cho bé yêu 1Y, 2Y, 3Y, 4Y, 5Y, 6Y.<br />\n<br />\nThương hiệu: KidsPlaza<br />\n<br />\nChất liệu: 90% cotton, 5% spandex<br />\n<br />\nSản xuất: tại Việt Nam<br />\n<br />\nCảnh báo: sản phẩm dễ cháy<br />\n<br />\nNăm sản xuất: 2020<br />\n<br />\nXuất xứ: Việt Nam', 'Chất liệu vải cao cấp<br />\n<br />\nMềm mại, thoáng mát, an toàn<br />\n<br />\nMàu sắc hài hòa, đẹp mắt<br />\n<br />\nThương hiệu KidsPlaza', '', '', '', '', '', ''),
(145, 2, 'Váy dài cổ cánh sen 2 lớp in hạc hồng Mamago', 'THÔNG TIN CHI TIẾT<br />\nMàu	Hồng<br />\nThương hiệu	Mamago<br />\nMÔ TẢ<br />\nVáy dài cổ cánh sen 2 lớp in hạc hồng Mamago M19T<br />\nThiết kế kiểu dáng váy xòe, tay bèo điệu đà, xinh xắn, đáng yêu.<br />\n<br />\nCổ cánh sen in hình hạc lôi cuốn khiến bé càng dễ thương hơn khi mặc.<br />\n<br />\nVáy dài cổ cánh sen 2 lớp in hạc hồng Mamago M19T có màu hồng dễ thương.<br />\nPhù hợp với bé gái từ 1-5 tuổi.<br />\n<br />\nChất liệu 95% cotton, 5% spandex mềm mại, thấm hút mồ hôi tốt, an toàn tuyệt đối khi mặc.<br />\n<br />\nSản phẩm mang thương hiệu Mamago sản xuất tại Việt Nam.', 'Thiết kế váy hồng cổ cánh sen xinh xắn<br />\n<br />\nChất liệu 95% cotton, 5% spandex an toàn<br />\n<br />\nDành cho bé từ 1-5 tuổi', '', '', '', '', '', ''),
(146, 2, 'Váy dài Mamago cổ cánh sen họa tiết hoa M19T', 'THÔNG TIN CHI TIẾT<br />\nThương hiệu	Mamago<br />\nMÔ TẢ<br />\nVáy dài Mamago cổ cánh sen họa tiết hoa M19T xinh xắn<br />\nThiết kế kiểu dáng váy xòe, tay bèo điệu đà, xinh xắn, đáng yêu.<br />\n<br />\nCổ ren cánh sen in hoa lôi cuốn khiến bé càng dễ thương hơn khi mặc.<br />\nThiết kế cúc cài giữa tiện lợi, dễ dàng thay mặc váy.<br />\n<br />\nVáy dài Mamago cổ cánh sen họa tiết hoa M19T có màu trắng nhã nhặn.<br />\n<br />\nPhù hợp với bé gái từ 1-5 tuổi.<br />\n<br />\nChất liệu 95% cotton, 5% spandex mềm mại, thấm hút mồ hôi tốt, an toàn tuyệt đối khi mặc.<br />\n<br />\nSản phẩm mang thương hiệu Mamago sản xuất tại Việt Nam.', 'Thiết kế váy ren cổ cánh sen xinh xắn<br />\n<br />\nChất liệu 95% cotton, 5% spandex an toàn<br />\n<br />\nDành cho bé từ 1-5 tuổi', '', '', '', '', '', ''),
(147, 2, 'Váy dài Mamago họa tiết lá đỏ', 'THÔNG TIN CHI TIẾT<br />\nThương hiệu	Mamago<br />\nMÔ TẢ<br />\nVáy dài Mamago họa tiết lá đỏ M19T xinh xắn, dễ thương<br />\nĐược làm bằng chất liệu 95% cotton, 5% spandex cao cấp, bền đẹp, an toàn.<br />\n<br />\nVải bền, co giãn tốt, cho bé thỏa sức vui đùa mà không cảm thấy bí bách, khó chịu.<br />\nTrên váy trang trí hình lá đỏ đáng yêu khiến bé càng dễ thương hơn khi mặc.<br />\n<br />\nVáy dài Mamago họa tiết lá đỏ M19T có màu trắng và đỏ trang nhã, tôn da, phù hợp bé đi chơi, đi học, đi tiệc,...<br />\n<br />\nSản phẩm thiết kế phù hợp với bé gái từ 1-5 tuổi.<br />\n<br />\nThương hiệu Mamago sản xuất tại Việt Nam.<br />\n', 'Chất liệu 95% cotton, 5% spandex cao cấp, an toàn<br />\n<br />\nKiểu dáng váy dài xinh xắn<br />\n<br />\nTrang trí hình lá đỏ đáng yêu<br />\n<br />\nDành cho bé từ 1-5 tuổi', '', '', '', '', '', ''),
(148, 2, 'Váy cho bé gái Mamago in hình quả', 'THÔNG TIN CHI TIẾT<br />\nXuất xứ	Việt Nam<br />\nMàu	Vàng<br />\nChất liệu	95% cotton, 5% spandex<br />\nThương hiệu	Mamago<br />\nMÔ TẢ<br />\nVáy cho bé gái Mamago in hình quả M19T (Vàng) cho bé từ 1-5 tuổi<br />\nVáy là một trong những trang phục được rất nhiều mẹ lựa chọn cho bé yêu nhà mình bởi nó không chỉ tôn lên dáng mà tăng thêm nét điệu đà, nữ tính cho bé gái. Váy cho bé gái Mamago in hình quả M19T (Vàng) là 1 trong 3 mẫu váy được ưu chuộng tại Kids Plaza. <br />\n<br />\nĐặc điểm váy cho bé gái Mamago in hình quả M19T (Vàng) <br />\nChất liệu: 95% cotton, 5% spandex mềm mại, an toàn tuyệt đối cho bé khi mặc<br />\nThiết kế: váy xòe bồng bềnh, xinh xắn, điệu đà, nữ tính. Cúc cài sau dễ thay mặc<br />\nĐộ tuổi: dành cho bé gái từ 1-5 tuổi<br />\n<br />\nMàu sắc: vàng tươi sáng<br />\n<br />\nHọa tiết: in hình quả lôi cuốn<br />\n<br />\nKích cỡ: 5 size (1Y, 2Y, 3Y, 4Y, 5Y)<br />\n<br />\nThương hiệu: Mamago<br />\n<br />\nXuất xứ: Việt Nam', 'Chất liệu 95% cotton, 5% spandex mềm mại, an toàn<br />\n<br />\nThiết kế váy xòe in quả lôi cuốn<br />\n<br />\nDành cho bé gái từ 1-5 tuổi<br />\n<br />\nMàu vàng tươi tắn', '', '', '', '', '', ''),
(149, 2, 'Quây cũi 3D gấp gọn 10 cánh Meetbaby', 'THÔNG TIN CHI TIẾT<br />\nXuất xứ	Trung Quốc<br />\nChất liệu	Nhựa PP cao cấp<br />\nMÔ TẢ<br />\nQuây cũi 3D gấp gọn 10 cánh Meetbaby BFP009 an toàn với bé<br />\nThương hiệu: Meetbaby<br />\n<br />\nChất liệu: Nhựa PP cao cấp<br />\n<br />\nMàu sắc: Xanh + Hồng<br />\n<br />\nKích thước mở: 112x112x66cm hoặc 150x68x66cm<br />\n<br />\nKích thước đóng: 76x22x66cm<br />\n<br />\nKhối lượng: 10.5kg, đóng gói: 12kg<br />\n<br />\nXuất xứ: Trung Quốc<br />\nĐặc điểm nổi bật quây cũi 3D gấp gọn 10 cánh Meetbaby BFP009<br />\nChất liệu nhựa chắc chắn, an toàn<br />\n<br />\n+ Được sản xuất từ chất liệu nhựa PP an toàn, với độ chịu lực cao, bền đẹp, không độc hại, thân thiện với môi trường và không gây ảnh hưởng tới sức khỏe của bé khi vui chơi.<br />\n<br />\n+ Bề mặt sản phẩm trơn nhẵn, không chứa chi tiết sắc nhọn, không gây trầy xước hay nguy hiểm tới bé.<br />\n<br />\nThiết kế gấp gọn siêu thông minh, tiện lợi<br />\n<br />\n+ Bộ quây cũi bao gồm 8 cánh nhỏ, 2 cánh cửa chính với khóa chốt có thể tháo mở để dễ dàng lắp ghép các cánh với nhau khi bố mẹ muốn thay đổi kích thước quây cũi.<br />\n+ Đặc biệt, chức năng gấp gọn mở ra vô cùng tiện lợi khi bố mẹ không cần phải lắp đặt mất nhiều thời gian mà chỉ cần mở sản phẩm ra là có thể dùng ngay. Sau khi bé chơi xong, bố mẹ có thể gấp gọn và cất đi.<br />\n<br />\n+ Kích thước linh hoạt có 2 loại: 112x112x66cm hoặc 150x68x66cm tùy bố mẹ thay đổi sao cho phù hợp với không gian căn phòng.<br />\n<br />\nCác lỗ thoáng trên từng miếng quây làm nên tính thẩm mỹ cao cho sản phẩm, đồng thời giúp cho không gian bên trong thông thoáng, bố mẹ cũng dễ dàng nhìn thấy bé dù đứng ở xa.<br />\n<br />\nMàu sắc trang nhã, tươi mới<br />\n<br />\n+ Bộ quây cũi nhẹ nhàng với tông màu pastel, phù hợp với nhiều không gian gia đình. Các miếng ghép với họa tiết bắt mắt, ngộ nghĩnh, cho bé thêm hứng khởi trong những giờ phút vui chơi.<br />\n<br />\nSản phẩm hỗ trợ bố mẹ rất tốt trong việc trông con, tạo không gian cho con vui chơi, tập bò, vận động<br />\n<br />\n+ Có trò chơi trên cánh cửa lớn, giúp bé vui chơi mà không bị nhàm chán.<br />\n<br />\n+ Với thiết kế chắc chắn, sản phẩm tạo nên không gian vui chơi lành mạnh và bổ ích cho bé. Bé có thể vui chơi cùng những trái bóng, những bạn gấu bông hoặc cùng bạn bè chơi trò chơi gia đình, đồ hàng thú vị, từ đó không những tăng cường thể lực mà còn phát triển tư duy, các kỹ năng, khả năng giao tiếp, và ngay cả cảm xúc hay nhân cách cũng được trau dồi tốt hơn.<br />\n<br />\nBộ quây cũi giúp trông giữ an toàn các bé đang trong độ tuổi tập bò, tập đi. Vui chơi bên trong bộ quây bóng, bé cũng có thể bám, vịn lên thành để men theo tập đi hiệu quả.<br />\n', 'Chất liệu nhựa PP cao cấp, an toàn<br />\n<br />\nThiết kế gấp gọn thông minh, tiện lợi<br />\n<br />\nMàu sắc trang nhã', '', '', '', '', '', ''),
(150, 2, 'Set giường cũi cho bé KidsPlaza Natural Compact 568', 'THÔNG TIN CHI TIẾT<br />\nXuất xứ	Trung Quốc<br />\nĐộ tuổi	0M<br />\nChất liệu	Gỗ thông nhập khẩu từ New Zealand<br />\nThương hiệu	KidsPlaza<br />\nMÔ TẢ<br />\nSet giường cũi KidsPlaza Natural Compact 568 chăm sóc giấc ngủ bé yêu mỗi ngày<br />\nChất liệu gỗ thông được nhập khẩu từ New Zealand, vô cùng cao cấp, chắc chắn, an toàn.<br />\n<br />\nBề mặt các thanh nan được xử lý trơn mịn, không gây xước, tổn thương cho da của bé nếu tiếp xúc vào.', 'Gỗ thông được nhập khẩu từ New Zealand<br />\n<br />\nCó 3 mức điều chỉnh độ cao<br />\n<br />\nCó màn chống muỗi đi kèm<br />\n<br />\nĐơn giản, dễ sử dụng', '', '', '', '', '', ''),
(151, 2, 'Set giường cũi gỗ cho bé KidsPlaza 4in1 White Lux ', 'THÔNG TIN CHI TIẾT<br />\nXuất xứ	Trung Quốc<br />\nChất liệu	Gỗ thông được nhập khẩu từ New Zealand<br />\nThương hiệu	KidsPlaza<br />\nMÔ TẢ<br />\nChăm sóc giấc ngủ của bé mỗi ngày với set giường cũi gỗ cho bé KidsPlaza 4in1 White Lux 716B <br />\nSản phẩm được làm hoàn toàn từ gỗ thông được nhập khẩu từ New Zealand, vô cùng cao cấp, chắc chắn.<br />\n<br />\nGỗ set giường cũi gỗ cho bé Kids Plaza 4in1 White Lux 716B đã được xử lý chống mối mọt, cong vênh<br />\nBên ngoài còn được phủ lớp sơn tĩnh điện sinh học màu trắng, không chì, không độc hại, đã được kiểm định chất lượng.<br />\nBề mặt các thanh nan được xử lý nhẵn mịn, không gây xước, tổn thương cho da của bé khi tiếp xúc với cũi. Hơn nữa khoảng cách giữa các thanh nan được tính toán kỹ lưỡng đảm bảo an toàn tuyệt đối cho bé.<br />\n<br />\nCũi gỗ KidsPlaza 4in1 White Lux 716B gồm 2 tầng ram giường được bọc lớp vải đệm êm ái. Tầng trên có thể tháo ra được, thêm vào đó có 3 mức điều chỉnh độ cao, do đó bố mẹ có thể tùy mục đích mà sử dụng 2 tầng ram này cũng như điều chỉnh độ cao sao cho phù hợp.<br />\n', 'Gỗ thông nhập khẩu Newzealand<br />\n<br />\nThiết kế 4in1 giường cũi, giường quây, giường ngủ và bàn học<br />\n<br />\nCó màn chống muỗi<br />\n<br />\nCó thể tháo rời mặt trước và bên cạnh tăng kích thước<br />\n<br />\nDành cho bé từ sơ sinh trở lên', '', '', '', '', '', ''),
(152, 2, 'Nôi rung tự động Autoru 5 sao (màu gỗ)', 'THÔNG TIN CHI TIẾT<br />\nThương hiệu	Autoru<br />\nMÔ TẢ<br />\nVì sao được đánh giá là Autoru 5 sao?<br />\nAutoru đã nhanh chống khẳng định mình tại thị trường Việt Nam bằng các phiên bản nôi tự động từ 1 sao đến 5 sao. Với chất lượng vượt trội cũng như tính tiện dụng mà nó mang lại.<br />\n<br />\nCác mẫu nôi điện từ 1 sao đến 5 sao sẽ có chất lượng cũng như tính năng khác nhau theo chiều hướng tăng dần. Đối với phiên bản Autoru 5 sao, đây được đánh giá là phiên bản cao cấp nhất trong dòng sản phẩm nôi điện Autoru. Thay thế hoàn toàn bằng chất liệu gỗ tự nhiên so với với các phiên bản trước.', 'Nôi điện đẳng cấp 5 sao<br />\n<br />\nHàng Việt Nam chất lượng cao<br />\n<br />\n2 chức năng trong 1', '', '', '', '', '', ''),
(153, 2, 'Bảng gỗ xếp hình cho bé A-3033', 'THÔNG TIN CHI TIẾT<br />\nXuất xứ	Việt Nam<br />\nĐộ tuổi	3Y<br />\nChất liệu	Gỗ<br />\nMÔ TẢ<br />\nBảng gỗ xếp hình A-3033 cho bé yêu vừa học, vừa chơi<br />\nBảng gỗ xếp hình cho bé được làm bằng chất liệu gỗ cao cấp, từ các thớ gỗ mịn bề mặn gỗ đã được xử lý trơn, và nhẵn không gây xước da tay của bé hay bất cứ tổn thương nào cho bé. Mẹ còn chờ gì nữa mà không rinh ngay 1 bộ bảng gỗ xếp hình về nhà cho bé yêu học nhận biết các con vật.', 'Vật liệu: gỗ tự nhiên, cao cấp<br />\n<br />\nHình ảnh: sắc nét, bắt mắt<br />\n<br />\nGỗ mịn, có núm cầm tay', '', '', '', '', '', ''),
(154, 2, 'Đồ chơi bảng xếp hình gỗ IM.A-1149', 'THÔNG TIN CHI TIẾT<br />\nChất liệu	Gỗ<br />\nThương hiệu	KidsPlaza<br />\nMÔ TẢ<br />\nĐồ chơi bảng xếp hình gỗ IM.A-3035 cho bé yêu - Chủ đề con vật:<br />\nTrẻ nhỏ cần những trò chơi lắp ghép đơn giản để hoàn thiện tư duy và sự phối hợp cơ thể. Đồ chơi bảng xếp hình gỗ dành cho bé trên 2 tuổi núm gỗ là sản phẩm tương thích với trẻ em ở nhiều lứa tuổi.<br />\n', 'Bộ sản phẩm gồm 7 loại hình hoa quả khác nhau<br />\n<br />\nMàu sắc bắt mắt, sắc nét, rõ ràng<br />\n<br />\nVật liệu : Gỗ tự nhiên cao cấp, tươi sáng<br />\n', '', '', '', '', '', ''),
(155, 2, 'Đồ chơi bảng xếp hình gỗ IM.A-3040', 'THÔNG TIN CHI TIẾT<br />\nXuất xứ	Trung Quốc<br />\nĐộ tuổi	6M<br />\nChất liệu	gỗ<br />\nThương hiệu	KidsPlaza<br />\nMÔ TẢ<br />\nĐồ chơi bảng xếp hình gỗ IM.A-3040 cho con yêu - Chủ đề hoa quả:<br />\nBao gồm 7 loại hình hoa quả khác nhau đa dạng màu sắc, đồ chơi bảng xếp hình gỗ IM.A-3040 sau đây sẽ mang đến cho bé những giây phút học mà chơi vô cùng nhẹ nhàng, thú vị, đơn giản mà thật bổ ích. Bộ đồ chơi cho bé được làm bằng chất liệu gỗ cao cấp, đảm bảo an toàn cho sức khỏe của trẻ nhỏ khi sử dụng, giúp bố mẹ có thể yên tâm lựa chọn đồ chơi cho bé yêu. Cùng với những loại hoa quả vốn rất quen thuộc, còn có hình ảnh chi tiết bên trong mỗi loại hoa quả được thiết kế hết sức dễ thương giúp trẻ tăng khả năng hoàn thiện tư duy và sự phối hợp cơ thể. Đồ chơi bảng xếp hình núm gỗ là sản phẩm tương thích với trẻ em ở nhiều lứa tuổi.', 'Bộ sản phẩm gồm 7 loại hình hoa quả khác nhau.<br />\n<br />\nMàu sắc bắt mắt, sắc nét, rõ ràng.<br />\n<br />\nVật liệu : Gỗ tự nhiên cao cấp, tươi sáng.<br />\n<br />\nHình ảnh hoạt hình dễ thương.', '', '', '', '', '', ''),
(156, 2, 'Đồ chơi bảng xếp hình gỗ IM.A-3037', 'THÔNG TIN CHI TIẾT<br />\nXuất xứ	Trung Quốc<br />\nChất liệu	Gỗ<br />\nThương hiệu	KidsPlaza<br />\nMÔ TẢ<br />\nĐồ chơi bảng xếp hình gỗ IM.A-3037 cho con yêu - chuyên đề con vật dưới biển:<br />\nBảng đồ chơi xếp hình gỗ cho bé trên 2 tuổi giúp bé nhận biết các con vật dưới biển, có núm bằng gỗ 100%, vừa học vừa chơi, có núm cầm được làm từ chất liệu gỗ an toàn với các chi tiết được xử lý nhẵn mịn, an toàn khi sử dụng. Nhiệm vụ của bé là đặt các miếng ghép vào đúng vị trí của nó trên bảng. Các miếng ghép có núm cầm, cho phép bé dễ dàng thao tác. Loại đồ chơi cho trẻ em 2 tuổi trở lên này giúp bé không chỉ chơi vui mà còn nhận biết và làm quen với những hình ảnh quen thuộc của cuộc sống.', 'Vật liệu: gỗ tự nhiên, cao cấp<br />\n<br />\nHình ảnh: sắc nét, bắt mắt<br />\n<br />\nMàu sắc: sinh động, hấp dẫn, nhiều màu cho bé học.<br />\n<br />\nGỗ mịn, có núm cầm tay.', '', '', '', '', '', ''),
(157, 2, 'Máy hút sữa điện đôi Swing Maxi Flex', 'THÔNG TIN CHI TIẾT<br />\nXuất xứ	Thụy Sĩ<br />\nThương hiệu	Medela<br />\nMÔ TẢ<br />\nMáy hút sữa điện đôi Swing Maxi Flex - Thụy Sĩ<br />\nMáy hút sữa điện đôi Swing Maxi Flex 2 Phase Expression đặc biệt với 2 size phễu đì kèm máy<br />\n<br />\nVới thiết kế máy gọn nhẹ rất lý tưởng cho các bà mẹ đang tìm kiếm một giải pháp hút sữa đơn giản, kinh tế và tiết kiệm thời gian. Lý tưởng để tăng nguồn sữa mẹ và để sử dụng hàng ngày.<br />\n<br />\nMáy hút sữa điện đôi Swing Maxi Flex™: là máy hút sữa cá nhân có thể kích thích sữa trở lại cho các bà mẹ đã ngừng cho con bú và nay lại muốn duy trì nguồn sữa mẹ nuôi con.<br />\n<br />\nHút sữa hiệu quả cao, thoải mái và nhanh chóng<br />\n<br />\nDuy trì nguồn sữa mẹ khi đi làm: hút sữa đôi giúp tăng cường và duy trì nguồn sữa mẹ lâu dài.<br />\n<br />\nHiệu quả hơn với công nghệ hút sữa 2 phase với chế độ kích thích phản xạ bài tiết sữa của người mẹ giúp sữa về nhanh hơn và rút ngắn tối đa thời gian hút sữa<br />\n<br />\nTạo sự thoải mái tối đa: máy cho phép bạn điều chỉnh mức áp lực hút phù hợp với cơ thể của mình<br />\n<br />\nSử dụng dễ dàng: việc tháo lắp, sử dụng và vệ sinh máy rất đơn giản và dễ dàng<br />\n<br />\nLinh hoạt: với thiết kế nhỏ, gọn giúp cho các bà mẹ có thể hút sữa tại nhà và tại nơi làm việc rất, máy có thể dùng điện hoặc pin', 'Công nghệ hút sữa 2 phase kích thích phản xạ tiết sữa nhanh và ngắn thời gian<br />\n<br />\nThiết kế nhỏ gọn, linh hoạt có thể hút moi nơi<br />\n<br />\nDễ dàng sử dụng và vệ sinh<br />\n<br />\nCó hai size phễu giúp mẹ có thể dễ dàng lựa chọn', '', '', '', '', '', ''),
(158, 2, 'Bình sữa Nano Silver 150ml Baby One (cổ hẹp)', 'THÔNG TIN CHI TIẾT<br />\nDung tích	150ml<br />\nXuất xứ	Hàn Quốc<br />\nMÔ TẢ<br />\nBình sữa Nano Silver Baby One 150ml (cổ hẹp) có tốt không?<br />\nĐặc điểm<br />\nBình sữa Nano Silver Baby One 150ml cao cấp sử dụng công nghệ Nano Silver (Công nghệ Nano Silver sử dụng Ag+ để diệt khuẩn, một chất liệu đã được dùng trị bệnh từ hàng trăm năm trước. Ag+ có tác động rất mạnh đối với lớp vỏ của các vi khuẩn, làm thay đổi cấu trúc của các đại phân tử sinh học, làm chúng trở nên mất tác dụng trong tế bào. Chính vì vậy mà tính sát khuẩn của Ag+ rất là cao thậm chí có thể tấn công và phá vỡ màng tế bào của gần 650 loại vi khuẩn đơn bào gây hại, đặc biệt là 2 chủng Staphylococcus (gây ung thư) và E coli (gây tiêu chảy)).<br />\n<br />\nCông nghệ tráng bạc, diệt khuẩn 99.99% với tính năng vượt trội<br />\n<br />\nBình sữa có khả năng tiêu độc, khử mùi hôi, phòng chống các bệnh tiêu chảy, kiết lị ở trẻ.<br />\n<br />\nSử dụng công nghệ Nano Silver, nổi tiếng với khả năng siêu diệt khuẩn từ hơn 5.000 năm trước tiêu diệt đến 650 loại vi khuẩn mà không cần đun sôi.<br />\n<br />\nThành phần<br />\nBình sữa Nano Silver 150ml sản xuất bằng chất liệu PES cao cấp<br />\n<br />\nCó độ cứng và đàn hồi cao nên không bị vở hỏng khi va chạm mạnh<br />\n<br />\nBiến dạng ở nhiệt độ cao và dễ dàng cọ rửa bình.<br />\n<br />\nSản phẩm không có núm ty đi kèm.', 'Công nghệ tráng bạc, diệt khuẩn<br />\n<br />\nChất liệu PE cao cấp<br />\n<br />\nCó độ cứng và đàn hồi cao<br />\n<br />\nDung tích: 150ml', '', '', '', '', '', ''),
(159, 2, 'Bình trữ sữa Medela 150ml BPA free', 'THÔNG TIN CHI TIẾT<br />\nThương hiệu	Medela<br />\nDung tích	150ml<br />\nXuất xứ	Thụy Sĩ<br />\nMÔ TẢ<br />\nBình trữ sữa Medela 150ml BPA free sự lựa chọn thông minh<br />\nBạn đang mong muốn tìm một loại bình trữ sữa có dung tích 150ml? Medela là bình trữ sữa mà bạn nên nghĩ ngay đến đầu tiên. Với chất lượng vượt trội cùng với công nghệ hàng đầu hiện nay, Medela được đánh giá là sản phẩm được ưu chuộng nhất hiện nay.<br />\nChất liệu<br />\n<br />\nBình trữ sữa Medela được làm 100% bằng nhựa Polypropylene (PP), an toàn cho sức khỏe của trẻ. Thể tích 150 ml. Hai đơn vị đo ml và US- fl oz. Hoàn toàn không có chất Bisphenol-A, DEHP (Phthalate) hoặc Latex.<br />\n<br />\nNắp bình cũng làm bằng nhựa PP.<br />\nThiết kế<br />\n<br />\nBình trữ sữa Medela thân tròn, cổ rộng nên thuận tiện khi vệ sinh bình.<br />\n<br />\nNắp chặn chống rò rỉ sữa ra ngoài khi trữ sữa hay di chuyển.<br />\n<br />\nTrên thân của bình có in vạch chia thể tích nên mẹ sẽ kiểm soát được lượng sữa một cách chính xác.<br />\n', 'Bình sữa nhập khẩu Thụy Sỹ<br />\nKhông BPA an toàn cho bé<br />\nChất lượng vượt trội', '', '', '', '', '', ''),
(160, 2, 'Tắm gội hướng dương 700ml Pigeon New', 'THÔNG TIN CHI TIẾT<br />\nXuất xứ	Nhật Bản<br />\nMÔ TẢ<br />\nTắm gội cho bé hướng dương 2in1 700ml Pigeon<br />\nTắm gội cho bé là sự kết hợp 2 trong 1 giữa sữa tắm và dầu gội giúp tiết kiệm được thời gian, công sức vệ sinh bé, bên cạnh đấy, tắm gội hướng dương 2 trong 1 phù hợp với mọi lại da, giúp cho mái tóc của bé mềm mượt, mềm mại cùng với làn da căng mịn. <br />\n<br />\nThành phần được làm từ tinh dầu hướng dương cùng với các thần phần tự nhiên khác khiến mẹ yên tâm và lựa chọn cho con mình. <br />\n<br />\nĐây là dòng sản phẩm nhập khẩu từ Nhật Bản, với dây chuyền công nghệ tiên tiến - Là thương hiệu dầu gội sữa tắm nổi tiếng trong và ngoài nước. <br />\n', 'Thương hiệu: Pigeon (Nhật)<br />\n<br />\nXuất xứ: Việt Nam<br />\n<br />\nDung tích: 700ml <br />\n', '', '', '', '', '', ''),
(161, 2, 'Nước giặt xả vải Dnee 3000ml màu xanh, tím, hồng', 'THÔNG TIN CHI TIẾT<br />\nXuất xứ	Thái Lan<br />\nThương hiệu	D-nee<br />\nMÔ TẢ<br />\nNguồn gốc nước giặt Dnee<br />\nNước giặt Dnee là sản phẩm của Thái Lan được nhập khẩu vào Việt Nam khá nhiều. Về chất lượng cũng như giá thành của nước giặt Dnee rất tốt nên được lòng khá nhiều khách hàng. Do vậy, các mẹ có thể hoàn toàn yên tâm sử dụng nước giặt Dnee cho bé.<br />\n<br />\nDung dịch giặt xả vải Dnee 3000ml an toàn với làn da bé yêu<br />\nMột bình nước giặt xả vải mềm có mùi thơm phù hợp và an toàn cho làn da bé là điều không thể thiếu trong tủ đồ sơ sinh của bé. Sau đây, Kidsplaza mang đến cho bạn sản phẩm nước xả vải đang được các bà mẹ Thái Lan rất yêu thích: dung dịch giặt xả Dnee 3000ml.', 'Xuất xứ: Thái Lan<br />\n<br />\nDung tích: 3000ml', '', '', '', '', '', ''),
(162, 2, 'Sữa tắm Lactacyd BB 250ml cho bé', 'THÔNG TIN CHI TIẾT<br />\nThương hiệu	Lactacyd<br />\nMÔ TẢ<br />\nSữa tắm Lactacyd trị rôm sảy cho bé<br />\nTheo các bác sĩ nhi khoa thì làn da của trẻ nhỏ rất mỏng manh, cấu trúc và chức năng chưa hoàn thiện, khả năng đề kháng yếu. Khi thời tiết thay đổi, da chính là bộ phận chịu ảnh hưởng nhiều nhất.<br />\n<br />\nCác bệnh thường gặp ở da trẻ nhỏ  trong mùa nóng là hăm kẽ và rôm sảy. Bệnh này tuy không gây nguy hiểm đến tính mạng của bé nhưng sẽ làm bé yêu của bạn ngứa ngáy, khó chịu và làm cho các ông bố bà mẹ phải mất rất nhiều thời gian vào việc chăm sóc thân thể cho bé.', 'Thành phần dưỡng chất tự nhiên, an toàn cho da<br />\n<br />\nTrị và phòng ngừa rôm sảy, hăm kẽ<br />\n<br />\nDành cho trẻ sơ sinh và trẻ nhỏ', '', '', '', '', '', ''),
(163, 2, 'Sữa tắm gội Arau Baby 450ml', 'THÔNG TIN CHI TIẾT<br />\nXuất xứ	Nhật Bản<br />\nThương hiệu	Arau<br />\nMÔ TẢ<br />\nSữa tắm Arau Baby an toàn cho làn da bé yêu<br />\nSữa tắm Arau Baby Nhật Bản chiết xuất từ thảo mộc, không chứa phụ gia. Đây là một loại nước tắm bọt an toàn dành cho sức khỏe của bé yêu.<br />\n<br />\nSữa tắm bọt Arau Baby có tác dụng làm sạch và nuôi dưỡng làn da nhạy cảm của các bé. Với công thức tạo bọt tự nhiên, không có chất hóa học. Các mẹ có thể yên tâm cho con vui đùa khi tắm. Đồng thời hương thơm dịu nhẹ của sữa tắm Arau Baby lưu lại trên da của bé khiến bé yêu có mùi thơm suốt cả ngày.<br />\n<br />\nSữa tắm gội Arau Baby 450ml cho bé với từng hạt bọt bé li ti nhẹ nhàng làm sạch làn da và mái tóc của bé yêu, mang lại cho bé cảm giác thoải mái, sảng khoái khi tắm. Chai sữa tắm trẻ em Arau được thiết kế đầu bơm tạo bọt tức thời tạo điều kiện cho mẹ dễ dàng sử dụng một tay để lấy sữa tắm khi tắm cho bé.', 'Giúp làm sạch các loại vi khuẩn.<br />\n<br />\nGiữ độ ẩm cho da.<br />\n<br />\nKhông gây dị ứng cho bé<br />\n<br />\nAn toàn cho làn da nhạy cảm của trẻ nhỏ.', '', '', '', '', '', ''),
(164, 2, 'Địu ngồi cho bé Hip Seat Mamago Foldable Aluminum (Xanh)', 'THÔNG TIN CHI TIẾT<br />\nXuất xứ	Trung Quốc<br />\nChất liệu	100% Polyester, khung nhôm siêu nhẹ.<br />\nThương hiệu	Mamago<br />\nModel	638<br />\nMÔ TẢ<br />\nĐịu ngồi cho bé Hip Seat Mamago Foldable Aluminum lựa chọn số 1 tại Việt Nam<br />\nĐịu ngồi Hip Seat được biết đến là dòng địu cho bé có 1 chiếc bục cố định quanh hông mẹ, em bé có thể ngồi lên đó như ngồi lên 1 chiếc ghế. Đây là dòng địu được rất nhiều bà mẹ trên thế giới tin tưởng và lựa chọn cho con yêu của mình bởi vừa mang đến cảm giác thoải mái cho bé vừa thoải mái cho mẹ.<br />\n<br />\nTuy nhiên đối với các bà mẹ Việt Nam thì địu ngồi Hip Seat lại không được đánh giá cao do kích thước của nó thường kồng kềnh hơn các loại địu khác, không để vừa cốp xe thông thường.<br />\n<br />\nHiểu được tâm lý khách hàng, Kids Plaza nghiên cứu và đưa ra thị trường dòng sản phẩm địu ngồi Hip Seat Mamago Foldable Aluminum. Không chỉ giải quyết được vấn đề kích thước của sản phẩm mà còn được thiết kế với rất nhiều ưu điểm vuột trội mang đến trải nghiểm tuyệt vời cho cha mẹ.<br />\nThông số chính sản phẩm<br />\n<br />\nModel No: 638<br />\n<br />\nChất liệu: 100% Polyester, khung nhôm siêu nhẹ.<br />\n<br />\nKích thước:<br />\n<br />\nMặt trước: 33x25x60cm.<br />\n<br />\nVòng đai: 95cm<br />\n<br />\nĐệm ngồi: 25x15x15cm<br />\n<br />\nMũ trùm đầu: 26x22cm<br />\n<br />\nHộp (D x R x C cm): 27 x 19 x 21cm<br />\n<br />\nTrọng lượng: 0.7kg<br />\n<br />\nTuổi sử dụng: 4-36 tháng tuổi, cân nặng tối đa 14.9kg<br />\n<br />\nThương hiệu: Mamago<br />\n<br />\nXuất xứ: Trung Quốc', 'Chất liệu địu cao cấp, bền đẹp, an toàn<br />\n<br />\nBề mặt ghế ngồi được trang bị lớp silicon chống trơn trượt<br />\n<br />\nGhế có thể gập gọn 1 góc 90 độ tiện lợi khi mang theo<br />\n<br />\nĐịu được 6 tư thế khác nhau<br />\n<br />\nDành cho bé từ 4-36 tháng tuổi', '', '', '', '', '', ''),
(165, 2, 'Địu ngồi cho bé Hip Seat Premium Mamago ', 'THÔNG TIN CHI TIẾT<br />\nXuất xứ	Trung Quốc<br />\nĐộ tuổi	4-36M<br />\nChất liệu	Cotton / Polyester<br />\nThương hiệu	Mamago<br />\nMÔ TẢ<br />\nĐịu ngồi cho bé Hip seat premium mamago C04 cho bé 4 - 36 tháng tuổi<br />\nBạn là 1 ông bố bà mẹ hiện đại luôn cập nhật những thứ mới nhất với nhiều tính năng thông minh, mang lại nhiều lợi ích hơn cho con yêu của mình. Bạn đang muốn tìm cho bé một chiếc địu có thể địu được nhiều tư thế cùng nhiều tính năng khác biệt so với những dòng địu thông thường khác? Vậy thì mẹ đừng bao giờ bỏ qua chiếc địu ngồi cho bé Hip seat premium mamago C04 đến từ thương hiệu Bébéar đẳng cấp thế giới được làm bằng chất liệu cao cấp nhất, thiết kế sang trọng - hiện đại nhất và đặc biệt có nhiều tính năng nổi trội nhất hiện nay chắc chắn sẽ đáp ứng đầy đủ những yêu cầu của cha mẹ giúp mẹ chăm sóc bé an toàn - tiện lợi nhất. Mẹ vừa có thể địu trẻ đi chơi, đi mua sắm, làm việc nhà thậm chí khi đi xe máy mẹ có thể sử dụng địu em bé đi xe máy đảm bảo sự an toàn nhất cho trẻ.<br />\nThông tin sản phẩm địu cho bé Hip seat premium mamago C04<br />\n<br />\nChất liệu: Cotton / Polyester                          <br />\n<br />\n5 tư thế: hướng mặt vào trong, hướng mặt ra ngoài, địu sau lưng, bế ngang hông, bế phía trước. <br />\n<br />\nTuổi sử dụng: 4-36 tháng.<br />\n<br />\nTrọng lượng tối đa: 3,5 - 20kg<br />\n<br />\nTiêu chuẩn chất lượng: SGS; ICTI, IAF, CNAS, EN13209-2:2005,EN71-3 ISO14 184-1, AZO FREE<br />\n<br />\nSản xuất: Trung Quốc', 'Chất liệu cao cấp, mềm mại, an toàn<br />\n<br />\nThiết kế 4 in 1<br />\n<br />\nKiểu dáng hiện đại, sang trọng<br />\n<br />\nPhù hợp với bé từ 4 tới 36 tháng tuổi', '', '', '', '', '', ''),
(166, 2, 'Địu em bé Mamago 3 tư thế 3 in 1 ', 'THÔNG TIN CHI TIẾT<br />\nXuất xứ	Trung Quốc<br />\nĐộ tuổi	0-12M<br />\nChất liệu	Cotton / Polyester<br />\nThương hiệu	Mamago<br />\nMÔ TẢ<br />\nĐịu em bé 3 in 1 Mamago MM6608<br />\nĐịu em bé Mamago 3 in 1 Kids Plaza nổi tiếng bởi chất liệu sản phẩm , thiết kế cũng như tính năng ưu việt. Nhờ đó mà hiện nay, sản phẩm đã và đang được hàng ngàn gia đình Việt tin tưởng lựa chọn. Các ưu điểm nổi bật của sản phẩm phải kể đến như:<br />\n<br />\nChất liệu<br />\n<br />\nĐịu em bé Mamago MM6608 được làm bằng vải cotton, viền Polyester đảm bảo sự mềm mại và thoáng mái tối đa, mang lại sự dễ chịu nhất cho cả mẹ và bé khi địu liên tục nhiều giờ liền.<br />\n<br />\nVới chất liệu cao cấp này, mẹ có thể thoải mái giặt địu bằng máy mà không lo ảnh hưởng đến màu sắc, kiểu dáng của địu.', 'Dành cho bé từ 0-12 tháng tuổi, chịu lực tới 12kg.<br />\n<br />\nThiết kế thông minh, dễ sử dụng.<br />\n<br />\nChất liệu cao cấp, an toàn.', '', '', '', '', '', ''),
(167, 2, 'Địu cho bé Kiza 2 tư thế cao cấp', 'THÔNG TIN CHI TIẾT<br />\nThương hiệu	Kiza<br />\nMÔ TẢ<br />\nĐịu em bé cao cấp Kiza 100% Polyester cao cấp<br />\nBế bé có thể là việc mà bạn rất yêu thích nhưng nếu phải bế thường xuyên, liên tục trong thời gian dài, đặc biệt là lúc đi ra ngoài thì sẽ rất vất vả, bất tiện. Kiza – Thương hiệu đồ sơ sinh được các bà mẹ tin dùng không chỉ bởi chất lượng sản phẩm mà còn ở thiết kế thông minh, tiện dụng nhất dành cho mẹ và bé. Sản phẩm địu cho bé Kiza cao cấp, an toàn giúp mẹ thuận tiện hơn khi cùng bé dạo phố, đi chơi,… Bạn có thể địu bé theo 2 cách khác nhau : Địu xuôi chiều ( người bé hướng vào trong mẹ) và địu ngược chiều (người bé hướng ra phía ngoài). <br />\n', 'Độ tuổi sử dụng: 3-18 tháng tuổi, cân nặng tối đa 12kg.<br />\n<br />\nKích thước: 41.5 x 25 x 40cm<br />\n<br />\nTiêu chuẩn: EN 13209-2:2005, ASTM F2236-09a', '', '', '', '', '', ''),
(168, 2, 'Xe đẩy Mamago Friendly C06 (Xám)', 'THÔNG TIN CHI TIẾT<br />\nXuất xứ	Trung Quốc<br />\nMàu	Màu Xám<br />\nĐộ tuổi	1-3Y<br />\nChất liệu	Thép, nhựa, vải Line<br />\nThương hiệu	Mamago<br />\nBảo hành	12 tháng<br />\nMÔ TẢ<br />\nXe đẩy Mamago Friendly C06 (Xám) an toàn và tiện lợi tuyệt đối<br />\nMẫu xe đẩy Mamago Friendly C05 ra đời đạt được thành công ngoài sức mong đợi nhờ thiết kế đẹp mắt, chất liệu an toàn, tiện lợi, dễ dàng sử dụng giúp các mẹ chăm sóc bé yêu hiệu quả.<br />\n<br />\nXe đẩy Mamago Friendly Plus C06 được làm bằng chất liệu vải linen cao cấp. Đây là loại vải được ưu chuộng trên thế giới với chất lượng tuyệt hảo có khả năng thấm hút vượt trội, thông thoáng, không bí bách nên rất thích hợp với thời tiết khắc nghiệt của Việt Nam. Hơn nữa sản phẩm có khả năng gấp gọn dễ dàng, tiện lợi khi mang đi xa.<br />\n<br />\nXe đẩy trẻ em Mamago Friendly C06 (Đỏ) có mức giá vô cùng hấp dẫn so với các dòng xe đẩy trẻ em cùng phân khúc chắc chắn sẽ là sự lựa chọn hoàn hảo không thể bỏ qua.', 'Chất liệu an toàn tuyệt đối<br />\n<br />\nThiết kế 3 tư thế ngồi, nằm, ngửa thoải mái<br />\n<br />\nDễ dàng gấp gọn, mang theo<br />\n<br />\nPhù hợp với bé từ 0-36 tháng tuổi', '', '', '', '', '', ''),
(169, 2, 'Xe đẩy Mamago Friendly Plus C05 màu hồng', 'THÔNG TIN CHI TIẾT<br />\nXuất xứ	Trung Quốc<br />\nMàu	Hồng<br />\nĐộ tuổi	1-3Y<br />\nChất liệu	Thép, nhựa, vải Line<br />\nThương hiệu	Mamago<br />\nBảo hành	6 tháng<br />\nMÔ TẢ<br />\nXe đẩy Mamago Friendly Plus C05 màu hồng thành công tiếp nối thành công<br />\nTiếp nối các dòng xe đẩy của thương hiệu Mamago trước đó, dòng xe đẩy Mamago Friendly Plus 05 màu hồng với thiết kế nổi bật, màu sắc hấp dẫn hứa hẹn thu hút sự tin dùng của người tiêu dùng.<br />\n<br />\nXe đẩy Mamago Friendly Plus C05 với thiết kế độc đáo, lôi cuốn vẫn được giữ nguyên và được thay đổi bằng chất liệu vải linen cao cấp. Đây là loại vải được ưu chuộng trên thế giới với chất lượng tuyệt hảo khả năng thấm hút mồ hôi rất tốt, thoáng mát, không bí bách rất phù hợp với thời tiết khắc nghiệt của Việt Nam. Đây là sự khác biệt hoàn toàn só với chất liệu vải của chiếc C05 trước.<br />\n<br />\nMặc dù có cải tiến vượt trội về chất liệu vải nhưng giá thành của sản phẩm không hề thay đổi. Còn chần trừ gì nữa mà hãy đến ngay Kids Plaza để rinh ngay một chiếc xe đẩy trẻ em về cho bé yêu nhà mình. Hoặc liên hệ 1800 6608 để được tư vấn và đặt hàng tốt nhất các mẹ nhé', 'Độ tuổi: Dành cho bé từ 0 tới 4 tuổi<br />\n<br />\nMàu sắc: Màu xanh, hồng, kaki<br />\n<br />\nChất liệu: Thép, nhựa, vải Line<br />\n<br />\nTrọng lượng: 5.9kg<br />\n<br />\nTrọng lượng tối đa: 18kg<br />\n<br />\nKích thước cả thùng: 45 x 26 x 83cm<br />\n<br />\nĐường kính bánh xe: 3.6 inch<br />\n<br />\nThương hiệu: Mamago<br />\n<br />\nBảo hành: 6 tháng', '', '', '', '', '', ''),
(170, 2, 'Xe đẩy cho bé Mamago Compact 316 (Màu xanh nõn)', 'THÔNG TIN CHI TIẾT<br />\nXuất xứ	Trung Quốc<br />\nMàu	Xanh<br />\nChất liệu	Nhôm siêu nhẹ<br />\nThương hiệu	Mamago<br />\nBảo hành	6 tháng<br />\nMÔ TẢ<br />\nXe đẩy cho bé Mamago Compact 316 siêu nhẹ, siêu thoáng mát<br />\nViệt Nam nằm trong vùng khí hậu nhiệt đới gió mùa nên mùa hè thường rất nóng và khó chịu bởi vậy việc lựa chọn một chiếc xe đẩy có thể mang đến sự thoải mái cho bé mỗi khi ra ngoài trong thời tiết nóng nực là điều mà cha mẹ cần lưu ý. <br />\n<br />\nXe đẩy siêu nhẹ Mamago Compact 316 với chất liệu vải siêu thoáng mát cùng thiết kế tinh tế với ô cửa sổ rộng rãi kèm lưới lót bên dưới sẽ là sự lựa chọn hoàn hảo trong cái thời tiết oi bức của mùa hè. Hơn nữa với trọng lượng siêu nhẹ chỉ 3,7 kg giúp bạn có thể mang theo chiếc xe đẩy này đi bất cứ nơi đâu. ', 'Trọng lượng: 3,7kg<br />\n<br />\nChất liệu: nhôm siêu nhẹ<br />\n<br />\nMàu: đỏ, xanh lá mạ, tím than, đen<br />\n<br />\nLoại: xe đẩy 1 chiều<br />\n<br />\nDành cho bé từ sơ sinh tới 3 tuổi<br />\n<br />\nThương hiệu: Mamago<br />\n<br />\nXuất xứ: Trung Quốc', '', '', '', '', '', ''),
(171, 2, 'Xe đẩy cho bé Mamago Compact 316 (Màu xanh navy)', 'THÔNG TIN CHI TIẾT<br />\nXuất xứ	Trung Quốc<br />\nMàu	Xanh<br />\nChất liệu	Nhôm siêu nhẹ<br />\nThương hiệu	Mamago<br />\nBảo hành	6 tháng<br />\nMÔ TẢ<br />\nXe đẩy cho bé Mamago Compact 316 siêu nhẹ, siêu thoáng mát<br />\nViệt Nam nằm trong vùng khí hậu nhiệt đới gió mùa nên mùa hè thường rất nóng và khó chịu bởi vậy việc lựa chọn một chiếc xe đẩy có thể mang đến sự thoải mái cho bé mỗi khi ra ngoài trong thời tiết nóng nực là điều mà cha mẹ cần lưu ý. <br />\n<br />\nXe đẩy siêu nhẹ Mamago Compact 316 với chất liệu vải siêu thoáng mát cùng thiết kế tinh tế với ô cửa sổ rộng rãi kèm lưới lót bên dưới sẽ là sự lựa chọn hoàn hảo trong cái thời tiết oi bức của mùa hè. Hơn nữa với trọng lượng siêu nhẹ chỉ 3,7 kg giúp bạn có thể mang theo chiếc xe đẩy này đi bất cứ nơi đâu. ', 'Trọng lượng: 3,7kg<br />\n<br />\nChất liệu: nhôm siêu nhẹ<br />\n<br />\nMàu: đỏ, xanh lá mạ, tím than, đen<br />\n<br />\nLoại: xe đẩy 1 chiều<br />\n<br />\nDành cho bé từ sơ sinh tới 3 tuổi<br />\n<br />\nThương hiệu: Mamago<br />\n<br />\nXuất xứ: Trung Quốc', '', '', '', '', '', ''),
(172, 2, 'Bỉm - Tã quần Bobby Extra Soft-Dry size S 70 miếng (Cho bé 4-8 kg)', 'THÔNG TIN CHI TIẾT<br />\nXuất xứ	Việt Nam<br />\nSize	S<br />\nSố lượng	70 miếng<br />\nSize bỉm	S - Nhỏ<br />\nThương hiệu	Bobby<br />\nMÔ TẢ<br />\nBỉm - Tã quần Bobby Extra Soft-Dry size S 70 miếng (Cho bé 4-8 kg) mềm mại, thân thiện da bé<br />\nTrong các dòng sản phẩm của Bobby thì bỉm tã dán bobby Extra Soft-Dry size S 70 miếng (Cho bé 4-8 kg) là dòng sản phẩm mới cao cấp nhất được sản xuất dưới công nghệ Unicharm độc quyền, với thiết kế tạo sự nổi trội về tính năng mềm mại, êm dịu cho da non nớt và nhạy cảm của bé. Hơn nữa, với thun lưng co giãn Soft – Fit, bé yêu sẽ luôn thoải mái trong từng vận động để tự do vui đùa mà không làm in hằn, khó chịu lên da của bé.', 'Thiết kế rãnh thấm kim cương thấm hút nhanh<br />\n<br />\nCó chỉ thị báo thay tã khi đầy<br />\n<br />\nMàng đáy xốp êm, thoáng khí<br />\n<br />\nSize S 70 cho bé 4-8kg', '', '', '', '', '', ''),
(173, 2, 'Bỉm - Tã dán Moony Natural size S 58 miếng (Cho bé 4 - 8kg)', 'THÔNG TIN CHI TIẾT<br />\nXuất xứ	Nhật Bản<br />\nSize bỉm	S - Nhỏ<br />\nThương hiệu	Moony<br />\nMÔ TẢ<br />\nBỉm - Tã dán Moony Natural size S 58 miếng (Cho bé 4 - 8kg) - Nhật Bản<br />\nBỉm moony baby Natural size S 58 miếng (Cho bé 4 - 8kg) nằm trong dòng bỉm cao cấp Moony - 1 trong những thương hiệu bỉm dành cho trẻ nhỏ nổi tiếng của Unicharm Nhật Bản với các công nghệ hiện đại, khép kín giúp bố mẹ chăm sóc trẻ một cách hiệu quả và ân tâm hơn khi bé sử dụng. Đặc biệt đây sản phẩm bỉm - tã siêu cao cấp này sử dụng bề mặt Organic đầu tiên tại Nhật Bản bảo đảm an toàn tuyệt đối cho làn da mỏng manh - nhạy cảm của bé.', 'Bề mặt Organic an toàn với làn da mỏng manh của bé<br />\n<br />\nBỉm được thiết kế rãnh rốn Oheso<br />\n<br />\nCó vạch chỉ thị báo thời điểm thay tã<br />\n<br />\nDành cho bé từ 4-8kg<br />\n<br />\nSize S - 58 miếng<br />\n', '', '', '', '', '', ''),
(174, 2, 'Bỉm - Tã quần Huggies size M 54 miếng (cho bé 6 - 11kg)', 'THÔNG TIN CHI TIẾT<br />\nSố lượng	54 miếng<br />\nSize bỉm	M - Trung bình<br />\nThương hiệu	Huggies<br />\nMÔ TẢ<br />\nƯu điểm vượt trội của tã quần Huggies size M<br />\nThiết kế dạng quần tiện lợi <br />\nTã bỉm huggies size M 54 miếng cho bé 6 - 11kg được thiết kế dạng quần cho phép mẹ nhanh chóng và dễ dàng thay tã cho bé mà không làm gián đoạn vui chơi hay các hoạt động của bé đồng thời bé thoải mái vận động mà không lo bỉm bị lệch. <br />\n', 'Lưng thun đệm mây co giãn chống hằn đỏ<br />\n<br />\n1000 phễu siêu thấm vượt trội<br />\n<br />\nKhóa chặt chất lỏng bên trong<br />\n<br />\nDành cho bé 6 - 11kg.<br />\n<br />\nThương hiệu: Huggies', '', '', '', '', '', ''),
(175, 2, 'Bỉm - tã quần Merries size M 58 miếng (cho bé 6-11kg)', 'THÔNG TIN CHI TIẾT<br />\nXuất xứ	Nhật Bản<br />\nSố lượng	58 miếng<br />\nSize bỉm	M - Trung bình<br />\nThương hiệu	Merries<br />\nMÔ TẢ<br />\nBỉm tã quần Merries size M - bỉm sơ sinh số 1 Nhật Bản<br />\nBỉm tã quần Merries size M 58 được sản xuất bởi tập đoàn KAO nổi tiếng hàng đầu trên toàn thế giới. Được sản xuất với công nghệ hiện đại cùng với tiêu chí tiên phong “Luôn mềm mại và thông thoáng cho da bé”, sản phẩm đã nhận được hài lòng và sự tin tưởng của các bà mẹ cũng như mang lại sự an toàn tuyệt đối cho bé yêu<br />\n', 'Dành cho bé từ 6-11kg<br />\n<br />\nĐóng gói: 58 miếng/bịch<br />\n<br />\nLoại: Bỉm quần<br />\n<br />\nXuất xứ: Merries - Nhật Bản', '', '', '', '', '', ''),
(176, 2, 'Sữa bột Lactel Eveil Growing up 800g', 'Độ tuổi : Trên 12 tháng tuổi <br />\n<br />\nTrọng lượng: 800g<br />\n<br />\nNhập khẩu: Pháp<br />\n<br />\nSữa bột Lactel Eveil Growing up 800g<br />\nSữa bột Lactel Eveil Growing với hàm lượng canxi và Vitamin D cân bằng góp phần phát triển xương và răng nhằm thúc đẩy tối ưu quá trình tăng trưởng chiều cao của trẻ.<br />\nChú ý tiệt trùng bình sữa trước khi sử dụng<br />\n<br />\nĐổ lượng nước khuyến nghị vào bình sữa. Sử dụng nước phù hợp cho trẻ em với hàm lượng khoáng chất thấp, hoặc đun sôi nước sạch trong 5 phút. Nước không được vượt quá 40 độ C.<br />\n<br />\nĐong sữa vào bình bằng muỗng gạt trong hộp<br />\n<br />\nĐóng nắp bình sữa và lắc<br />\n<br />\nKiểm tra nhiệt độ của sữa (cần ấm ở 37 độ C) bằng cách nhỏ 1 vài giọt ra cổ tay của bạn. sau khi ăn xong, bỏ đi phần sữa không sử dụng hết.', 'Độ tuổi : Trên 12 tháng tuổi <br />\n<br />\nTrọng lượng: 800g<br />\n<br />\nNhập khẩu: Pháp', '', '', '', '', '', ''),
(177, 2, 'Sữa Friso Gold 4 1500g (2 - 4 tuổi)', 'Chế độ dinh dưỡng hoàn hảo ngay từ đầu, chính là nền tảng vững chắc về sau. Cùng sữa friso chăm sóc bé yêu trọn vẹn ngay từ những năm đầu đời với sữa bột Friso Gold 4 1500g. Với công thức cải tiến mới, gồm sự kết hợp tối ưu giữa Synbiotics và các dưỡng chất cần thiết như: Kẽm, Nucleotides và Selen giúp hỗ trợ hệ miễn dịch và bảo vệ bé từ bên trong. Ngoài ra, sữa Friso Gold 4 1,5kg còn cung cấp các dưỡng chất quan trọng hỗ trợ cho sự phát triển về thể chất và trí não. <br />\nriso là một trong những thương hiệu sữa hàng đầu tại Hà Lan, trực thuộc tập đoàn thực phẩm Royal FrieslandFoods, với hơn 130 kinh nghiệm hoạt động trên toàn thế giới. Từ những nghiên cứu và tìm hiểu quá trình phát triển - tăng trưởng tự nhiên mà bé có được do nguồn dinh dưỡng từ sữa mẹ, Friso đã cho ra đời các sản phẩm dinh dưỡng cao cấp với công thức độc đáo, cân đối những dưỡng chất cần thiết, đáp ứng trọn vẹn nhu cầu dinh dưỡng theo từng giai đoạn phát triển của trẻ. Friso được kiểm định tiêu chuẩn chất lượng nghiêm ngặt, cung cấp đầy đủ các dưỡng chất, phù hợp với từng giao đoạn phát triển khác nhau của bé.<br />\n<br />\nNgười Hà Lan có chiều cao trung bình cao nhất thế giới, thể lực tốt, là 1 trong những nước có tuổi thọ trung bình cao nhất thế giới. Không khí sạch, tự nhiên, nhiều cây xanh, cùng với giống bò sữa tốt nhất thế giới nên bò sữa ở đây đạt có chất lượng sữa rất cao, vì vậy HL đạt được những thành tưu cao về ngành sx sữa bột, mang đẳng cấp thế giới.<br />\nXuất xứ:	Hà Lan<br />\nĐộ tuổi:	2-4Y<br />\nTrọng lượng:	1,5 kg<br />\nThương hiệu:	Friso', 'SA và DHA hỗ trợ sự phát triển trí não của bé phát triển<br />\n<br />\nHệ dưỡng chất Synbiotics tăng cường hệ miễn dịch tối đa<br />\n<br />\nVitamin D và canxi giúp xương chắc khỏe<br />\n<br />\n1500gr - Dành cho bé từ 2-4 tuổi', '', '', '', '', '', ''),
(178, 2, 'Sữa Morinaga số 3 Hương Vani 850g (trên 3 tuổi) New', 'THÔNG TIN CHI TIẾT<br />\nXuất xứ:	Nhật Bản<br />\nĐộ tuổi:	3Y+<br />\nThương hiệu:	Morinaga<br />\nMÔ TẢ<br />\nSữa Morinaga số 3 Hương Vani 850g (trên 3 tuổi) New<br />\nSữa Morinaga số 3 (850g) là sữa được nhập khẩu nguyên bao bì từ Nhật Bản, dành cho trẻ trên tuổi, giàu dưỡng chất giúp trẻ phát triển toàn diện với một hệ tiêu hóa khỏe mạnh.<br />\nMorinaga ra đời năm 1917 chuyên sản xuất sữa và các sản phẩm liên quan đến sữa, Thương hiệu Morinaga sữa hàng đầu tại Nhật Bản , chất lượng ISO9001. Morinaga là sữa của Nhật, do công ty Moringa - có trụ sở tại Tokyo, nhà máy thì tại Kobe, xuất cảng tại cảng Kobe - sản xuất. <br />\n<br />\nSữa morigana được sản xuất tại Nhật được nhiều người còn chuộng hơn cả Meiji .Sữa Nhật thì hay đc gọi là \"sữa rau\", vì nó mát và thích hợp với nhiều bé. Uống sữa này sẽ ko bụ, nhưng bù lại thì sẽ ko lo con táo bón, và còn tràn đầy hy vọng là nó sẽ tăng trưởng đồng đều cả chiều cao lẫn cân nặng vì Nhật nói chung và Morinaga nói riêng rất chú trọng về chiều cao và cân nặng của trẻ.<br />\n<br />\nMorinaga là loại sữa mà ở Viện \"Nhi\" của Nhật thường được sử dụng cho các bé. Loại sữa này có nhiều rau và mát hơn Meiji.', 'Phát triển nhận thức và hành vi<br />\n<br />\nTăng cường sự phát triển trí não và hệ thần kinh trung ương<br />\n<br />\nTăng cường miễn dịch với các bệnh dị ứng và viêm da dị ứng<br />\n<br />\nTăng cường sự phát triển về chức năng thị giác và chức năng võng mạc', '', '', '', '', '', ''),
(179, 2, 'Bột ăn dặm Vinamilk Organic Gold gạo sữa 200g (cho bé 6 - 24 tháng)', 'THÔNG TIN CHI TIẾT<br />\nThương hiệu	Vinamilk<br />\nTrọng lượng	200g<br />\nXuất xứ	Việt Nam<br />\nMÔ TẢ<br />\nThông tin bột ăn dặm Vinamilk Organic Gold gạo sữa 200g (cho bé 6 - 24 tháng)<br />\nBột ăn dặm Organic Gold Gạo sữa cho bé 6 - 24 tháng với 100% nguồn gốc hữu cơ tự nhiên, đạt chuẩn 3 KHÔNG của EU Organic Châu Âu:<br />\n<br />\nHỗ trợ hệ tiêu hóa khỏe mạnh với hệ men vi sinh Bifidobacterium, BB-12TM<br />\n<br />\nTăng cường sức đề kháng nhờ thành phần Vitamin A, C, D3, Kẽm<br />\n<br />\nGiúp hệ xương chắc khỏe nhờ Canxi, Phốt pho, Vitamin D3<br />\n<br />\nThành phần bột ăn dặm Organic Gold Gạo sữa <br />\nBột gạo hữu cơ (40%), sữa bột hữu cơ (32.4%), maltodextrin hữu cơ, đường hữu cơ, dầu thực vật, lactose hữu cơ, Bifidobacterium, BB-12TM, các vitamin (natri ascorbat, niacin (PP), E, calci D-pantothenat, B1, B6, A, B2, acid folic, phylloquinon (K1), biotin, D3), các khoáng chất (sắt, pyrophosphat, tricalci phosphat, kẽm sulfat, kali iodid) - Có chứa sữa<br />\n<br />\nTHÔNG TIN SẢN PHẨM<br />\n- Thương hiệu: Vinamilk<br />\n<br />\n- Xuất xứ : Việt Nam<br />\n<br />\n- Trọng lượng : 200g<br />\n<br />\n- Đối tượng sử dụng : Dành cho trẻ từ 6 - 24 tháng tuổi<br />\n<br />\n- Hạn sử dụng : 18 tháng kể từ ngày sản xuất<br />\n<br />\nHƯỚNG DẪN CÁCH SỬ DỤNG VÀ BẢO QUẢN<br />\n- Rót nước ấm khoảng 50oC vào tô, rắc nhẹ từng muỗng bột ăn dặm Vinamilk Organic Gold theo định lượng như bảng hướng dẫn nuôi dưỡng trẻ.<br />\n<br />\n- Khuấy đều cho đến khi bột mịn hoàn toàn và cho trẻ ăn bằng muỗng sạch.<br />\n<br />\n- Lưu ý:<br />\n<br />\n+ Không giữ lại phần thức ăn thừa.<br />\n<br />\n+ Không cần pha thêm sữa và dầu thực vật<br />\n<br />\n+ Nhu cầu mỗi trẻ có thể khác nhau, các bà mẹ nên tăng giảm lượng bột cho phù hợp với trẻ.<br />\n<br />\n- Bảo quản:<br />\n<br />\n+ Gấp kín sau mỗi lần sử dụng.<br />\n<br />\n+ Để nơi thoáng mát và khô ráo.<br />\n<br />\n+ Không bảo quản trong tủ lạnh.<br />\n<br />\n+ Nên sử dụng trong vòng 3 tuần sau khi mở bao bì.', 'Thương hiệu: Vinamilk<br />\n<br />\nXuất xứ : Việt Nam<br />\n<br />\nTrọng lượng : 200g<br />\n<br />\nĐối tượng sử dụng : bé 6 - 24 tháng tuổi', '', '', '', '', '', '');


-- oc_product_image PRIMARY KEY (`product_image_id`)
INSERT IGNORE INTO `oc_product_image` (`product_image_id`, `product_id`, `image`, `image_alt`, `sort_order`) VALUES
(120, 100, 'https://res.cloudinary.com/novaonx2/image/upload/v1558665195/x2-8888.bestme.test/31.png', '', 0),
(121, 100, 'https://res.cloudinary.com/novaonx2/image/upload/v1558665189/x2-8888.bestme.test/30.png', '', 1),
(122, 101, 'https://res.cloudinary.com/novaonx2/image/upload/v1558665272/x2-8888.bestme.test/33.png', '', 0),
(130, 102, 'https://res.cloudinary.com/novaonx2/image/upload/v1558665494/x2-8888.bestme.test/35.png', '', 2),
(129, 102, 'https://res.cloudinary.com/novaonx2/image/upload/v1558665497/x2-8888.bestme.test/36.png', '', 1),
(128, 102, 'https://res.cloudinary.com/novaonx2/image/upload/v1558665502/x2-8888.bestme.test/37.png', '', 0),
(143, 149, 'https://kidsplaza-1.cdn.vccloud.vn/media/wysiwyg/product/treo-cui-tham-choi-gia-chu-a/quay-cui-3d-gap-gon-10-canh-meetbaby-bfp009-5.jpg', '', 0),
(144, 161, 'https://kidsplaza-1.cdn.vccloud.vn/media/wysiwyg/product/Giat-xa/dung-dich-nuoc-giat-xa-vai-dnee-3000ml-4.jpg', '', 0);


-- oc_product_to_category PRIMARY KEY (`product_id`,`category_id`)
INSERT IGNORE INTO `oc_product_to_category` (`product_id`, `category_id`) VALUES
(132, 32),
(133, 33),
(133, 34),
(134, 33),
(134, 34),
(135, 33),
(135, 34),
(136, 33),
(136, 34),
(137, 33),
(137, 35),
(138, 33),
(138, 35),
(139, 33),
(139, 36),
(140, 33),
(140, 36),
(141, 37),
(141, 38),
(142, 37),
(142, 38),
(143, 37),
(143, 39),
(144, 37),
(144, 39),
(145, 37),
(145, 38),
(146, 37),
(146, 38),
(147, 37),
(147, 38),
(148, 37),
(148, 38),
(149, 40),
(150, 40),
(151, 40),
(152, 40),
(153, 41),
(154, 41),
(155, 41),
(156, 41),
(157, 32),
(158, 32),
(159, 32),
(160, 42),
(161, 42),
(162, 42),
(163, 42),
(164, 43),
(165, 43),
(166, 43),
(167, 43),
(168, 43),
(169, 43),
(170, 43),
(171, 43),
(172, 44),
(173, 44),
(174, 44),
(175, 44),
(176, 45),
(176, 46),
(177, 45),
(177, 46),
(178, 45),
(178, 46),
(179, 45),
(179, 47),
(179, 48);


-- oc_product_to_store PRIMARY KEY (`product_id`,`store_id`)
INSERT IGNORE INTO `oc_product_to_store` (`product_id`, `store_id`, `product_version_id`, `quantity`, `cost_price`) VALUES
(159, 0, 0, 100, '0.0000'),
(158, 0, 0, 100, '0.0000'),
(157, 0, 0, 100, '0.0000'),
(156, 0, 0, 100, '0.0000'),
(155, 0, 0, 100, '0.0000'),
(154, 0, 0, 100, '0.0000'),
(153, 0, 0, 100, '0.0000'),
(152, 0, 0, 100, '0.0000'),
(151, 0, 0, 100, '0.0000'),
(150, 0, 0, 100, '0.0000'),
(149, 0, 0, 100, '0.0000'),
(148, 0, 0, 100, '0.0000'),
(147, 0, 0, 100, '0.0000'),
(146, 0, 0, 100, '0.0000'),
(145, 0, 0, 100, '0.0000'),
(144, 0, 0, 100, '0.0000'),
(143, 0, 0, 100, '0.0000'),
(142, 0, 0, 100, '0.0000'),
(141, 0, 0, 100, '0.0000'),
(140, 0, 0, 100, '0.0000'),
(139, 0, 0, 100, '0.0000'),
(138, 0, 0, 100, '0.0000'),
(137, 0, 0, 100, '0.0000'),
(136, 0, 0, 100, '0.0000'),
(135, 0, 0, 100, '0.0000'),
(134, 0, 0, 100, '0.0000'),
(133, 0, 0, 100, '0.0000'),
(132, 0, 0, 100, '0.0000'),
(160, 0, 0, 100, '0.0000'),
(161, 0, 0, 100, '0.0000'),
(162, 0, 0, 100, '0.0000'),
(163, 0, 0, 100, '0.0000'),
(164, 0, 0, 100, '0.0000'),
(165, 0, 0, 100, '0.0000'),
(166, 0, 0, 100, '0.0000'),
(167, 0, 0, 100, '0.0000'),
(168, 0, 0, 100, '0.0000'),
(169, 0, 0, 100, '0.0000'),
(170, 0, 0, 100, '0.0000'),
(171, 0, 0, 100, '0.0000'),
(172, 0, 0, 100, '0.0000'),
(173, 0, 0, 100, '0.0000'),
(174, 0, 0, 100, '0.0000'),
(175, 0, 0, 100, '0.0000'),
(176, 0, 0, 100, '0.0000'),
(177, 0, 0, 100, '0.0000'),
(178, 0, 0, 100, '0.0000'),
(179, 0, 0, 100, '0.0000');
