-- oc_category PRIMARY KEY (`category_id`)
INSERT IGNORE INTO `oc_category` (`category_id`, `image`, `parent_id`, `top`, `column`, `sort_order`, `status`, `date_added`, `date_modified`) VALUES
(41, '', 32, 0, 0, 0, 1, '2020-09-21 10:27:28', '2020-09-21 10:27:28'),
(40, '', 32, 0, 0, 0, 1, '2020-09-21 10:27:28', '2020-09-21 10:27:28'),
(39, '', 32, 0, 0, 0, 1, '2020-09-21 10:27:28', '2020-09-21 10:27:28'),
(38, '', 32, 0, 0, 0, 1, '2020-09-21 10:27:28', '2020-09-21 10:27:28'),
(37, '', 32, 0, 0, 0, 1, '2020-09-21 10:27:28', '2020-09-21 10:27:28'),
(32, '', 0, 0, 0, 0, 1, '2020-09-21 10:21:11', '2020-09-21 10:27:28'),
(33, '', 32, 0, 0, 0, 1, '2020-09-21 10:27:28', '2020-09-21 10:30:18'),
(34, '', 32, 0, 0, 0, 1, '2020-09-21 10:27:28', '2020-09-21 10:27:28'),
(35, '', 32, 0, 0, 0, 1, '2020-09-21 10:27:28', '2020-09-21 10:27:28'),
(36, '', 32, 0, 0, 0, 1, '2020-09-21 10:27:28', '2020-09-21 10:27:28'),
(42, '', 32, 0, 0, 0, 1, '2020-09-21 10:27:28', '2020-09-21 10:27:28'),
(43, '', 32, 0, 0, 0, 1, '2020-09-21 10:27:28', '2020-09-21 10:27:28'),
(44, '', 32, 0, 0, 0, 1, '2020-09-21 10:27:28', '2020-09-21 10:27:28'),
(45, '', 32, 0, 0, 0, 1, '2020-09-21 10:27:28', '2020-09-21 10:27:28'),
(46, '', 32, 0, 0, 0, 1, '2020-09-21 10:27:28', '2020-09-21 10:27:28'),
(47, '', 32, 0, 0, 0, 1, '2020-09-21 10:27:28', '2020-09-21 10:27:28'),
(48, '', 32, 0, 0, 0, 1, '2020-09-21 10:27:28', '2020-09-21 10:27:28'),
(49, '', 32, 0, 0, 0, 1, '2020-09-21 10:27:28', '2020-09-21 10:27:28'),
(50, '', 32, 0, 0, 0, 1, '2020-09-21 10:27:28', '2020-09-21 10:27:28'),
(51, '', 33, 0, 0, 0, 1, '2020-09-21 10:30:18', '2020-09-21 10:30:18'),
(52, '', 33, 0, 0, 0, 1, '2020-09-21 10:30:18', '2020-09-21 10:30:18'),
(72, '', 0, 0, 0, 0, 1, '2020-09-21 11:14:20', '2020-09-21 11:14:20'),
(74, '', 72, 0, 0, 0, 1, '2020-09-21 11:14:20', '2020-09-21 11:14:20'),
(73, '', 72, 0, 0, 0, 1, '2020-09-21 11:14:20', '2020-09-21 11:14:20'),
(57, '', 0, 0, 0, 0, 1, '2020-09-21 11:07:22', '2020-09-21 11:07:22'),
(58, '', 57, 0, 0, 0, 1, '2020-09-21 11:07:22', '2020-09-21 11:07:22'),
(59, '', 57, 0, 0, 0, 1, '2020-09-21 11:07:22', '2020-09-21 11:07:22'),
(60, '', 57, 0, 0, 0, 1, '2020-09-21 11:07:22', '2020-09-21 11:07:22'),
(61, '', 0, 0, 0, 0, 1, '2020-09-21 11:09:00', '2020-09-21 11:09:00'),
(62, '', 61, 0, 0, 0, 1, '2020-09-21 11:09:00', '2020-09-21 11:09:00'),
(63, '', 61, 0, 0, 0, 1, '2020-09-21 11:09:00', '2020-09-21 11:09:00'),
(64, '', 61, 0, 0, 0, 1, '2020-09-21 11:09:00', '2020-09-21 11:09:00'),
(65, '', 61, 0, 0, 0, 1, '2020-09-21 11:09:00', '2020-09-21 11:09:00'),
(66, '', 61, 0, 0, 0, 1, '2020-09-21 11:09:00', '2020-09-21 11:09:00'),
(67, '', 0, 0, 0, 0, 1, '2020-09-21 11:10:36', '2020-09-21 11:10:36'),
(68, '', 67, 0, 0, 0, 1, '2020-09-21 11:10:36', '2020-09-21 11:10:36'),
(69, '', 67, 0, 0, 0, 1, '2020-09-21 11:10:36', '2020-09-21 11:10:36'),
(70, '', 67, 0, 0, 0, 1, '2020-09-21 11:10:36', '2020-09-21 11:10:36'),
(71, '', 67, 0, 0, 0, 1, '2020-09-21 11:10:36', '2020-09-21 11:10:36'),
(75, '', 72, 0, 0, 0, 1, '2020-09-21 11:14:20', '2020-09-21 11:14:20'),
(76, '', 0, 0, 0, 0, 1, '2020-09-21 11:15:15', '2020-09-21 11:15:15'),
(77, '', 76, 0, 0, 0, 1, '2020-09-21 11:15:15', '2020-09-21 11:15:15'),
(78, '', 76, 0, 0, 0, 1, '2020-09-21 11:15:15', '2020-09-21 11:15:15'),
(79, '', 76, 0, 0, 0, 1, '2020-09-21 11:15:15', '2020-09-22 10:00:53'),
(80, '', 0, 0, 0, 0, 1, '2020-09-22 09:57:58', '2020-09-22 09:59:09'),
(81, '', 80, 0, 0, 0, 1, '2020-09-22 09:59:09', '2020-09-22 09:59:09'),
(82, '', 80, 0, 0, 0, 1, '2020-09-22 09:59:09', '2020-09-22 09:59:09'),
(83, '', 0, 0, 0, 0, 1, '2020-09-22 09:59:35', '2020-09-22 09:59:35'),
(84, '', 79, 0, 0, 0, 1, '2020-09-22 10:00:53', '2020-09-22 10:00:53'),
(85, '', 79, 0, 0, 0, 1, '2020-09-22 10:00:53', '2020-09-22 10:00:53');

-- oc_category_description PRIMARY KEY (`category_id`,`language_id`)
INSERT IGNORE INTO `oc_category_description` (`category_id`, `language_id`, `name`, `description`, `meta_title`, `meta_description`, `meta_keyword`) VALUES
(41, 2, 'Chân Nến Bằng Đồng', 'Chân Nến Bằng Đồng', '', '', ''),
(40, 1, 'Hoàng Phi Câu Đối', 'Hoàng Phi Câu Đối', '', '', ''),
(40, 2, 'Hoàng Phi Câu Đối', 'Hoàng Phi Câu Đối', '', '', ''),
(39, 2, 'Đỉnh Đồng', 'Đỉnh Đồng', '', '', ''),
(39, 1, 'Đỉnh Đồng', 'Đỉnh Đồng', '', '', ''),
(38, 1, 'Cửa Võng Bằng Đồng', 'Cửa Võng Bằng Đồng', '', '', ''),
(38, 2, 'Cửa Võng Bằng Đồng', 'Cửa Võng Bằng Đồng', '', '', ''),
(37, 1, 'Đài Thờ Bằng Đồng', 'Đài Thờ Bằng Đồng', '', '', ''),
(36, 1, 'Ngai Chén Thờ Bằng Đồng', 'Ngai Chén Thờ Bằng Đồng', '', '', ''),
(37, 2, 'Đài Thờ Bằng Đồng', 'Đài Thờ Bằng Đồng', '', '', ''),
(36, 2, 'Ngai Chén Thờ Bằng Đồng', 'Ngai Chén Thờ Bằng Đồng', '', '', ''),
(35, 2, 'Lọ Hoa Bằng Đồng', 'Lọ Hoa Bằng Đồng', '', '', ''),
(35, 1, 'Lọ Hoa Bằng Đồng', 'Lọ Hoa Bằng Đồng', '', '', ''),
(34, 1, 'Lư Hương Bằng Đồng', 'Lư Hương Bằng Đồng', '', '', ''),
(32, 2, 'Đồ Thờ Cúng', 'Đồ Thờ Cúng', '', '', ''),
(32, 1, 'Đồ Thờ Cúng', 'Đồ Thờ Cúng', '', '', ''),
(33, 2, 'Bộ Tam Sự, Ngũ Sự Bằng Đồng', 'Bộ Tam Sự, Ngũ Sự Bằng Đồng', '', '', ''),
(33, 1, 'Bộ Tam Sự, Ngũ Sự Bằng Đồng', 'Bộ Tam Sự, Ngũ Sự Bằng Đồng', '', '', ''),
(34, 2, 'Lư Hương Bằng Đồng', 'Lư Hương Bằng Đồng', '', '', ''),
(41, 1, 'Chân Nến Bằng Đồng', 'Chân Nến Bằng Đồng', '', '', ''),
(42, 2, 'Mâm Bồng Bằng Đồng', 'Mâm Bồng Bằng Đồng', '', '', ''),
(42, 1, 'Mâm Bồng Bằng Đồng', 'Mâm Bồng Bằng Đồng', '', '', ''),
(43, 2, 'Khám Thờ, Ngai Thờ Bằng Đồng', 'Khám Thờ, Ngai Thờ Bằng Đồng', '', '', ''),
(43, 1, 'Khám Thờ, Ngai Thờ Bằng Đồng', 'Khám Thờ, Ngai Thờ Bằng Đồng', '', '', ''),
(44, 2, 'Hạc Thờ Bằng Đồng', 'Hạc Thờ Bằng Đồng', '', '', ''),
(44, 1, 'Hạc Thờ Bằng Đồng', 'Hạc Thờ Bằng Đồng', '', '', ''),
(45, 2, 'Bát Hương Bằng Đồng', 'Bát Hương Bằng Đồng', '', '', ''),
(45, 1, 'Bát Hương Bằng Đồng', 'Bát Hương Bằng Đồng', '', '', ''),
(46, 2, 'Đèn Thờ Bằng Đồng', 'Đèn Thờ Bằng Đồng', '', '', ''),
(46, 1, 'Đèn Thờ Bằng Đồng', 'Đèn Thờ Bằng Đồng', '', '', ''),
(47, 2, 'Ống Đựng Hương Bằng Đồng', 'Ống Đựng Hương Bằng Đồng', '', '', ''),
(47, 1, 'Ống Đựng Hương Bằng Đồng', 'Ống Đựng Hương Bằng Đồng', '', '', ''),
(48, 2, 'Khung Ảnh Thờ, Bài Vị Bằng Đồng', 'Khung Ảnh Thờ, Bài Vị Bằng Đồng', '', '', ''),
(48, 1, 'Khung Ảnh Thờ, Bài Vị Bằng Đồng', 'Khung Ảnh Thờ, Bài Vị Bằng Đồng', '', '', ''),
(49, 2, 'Bàn Thờ Thần Tài', 'Bàn Thờ Thần Tài', '', '', ''),
(49, 1, 'Bàn Thờ Thần Tài', 'Bàn Thờ Thần Tài', '', '', ''),
(50, 2, 'Đồ Thờ Bằng Đồng Khác', 'Đồ Thờ Bằng Đồng Khác', '', '', ''),
(50, 1, 'Đồ Thờ Bằng Đồng Khác', 'Đồ Thờ Bằng Đồng Khác', '', '', ''),
(51, 2, 'Đồng Cát Tút', 'Đồng Cát Tút', '', '', ''),
(51, 1, 'Đồng Cát Tút', 'Đồng Cát Tút', '', '', ''),
(52, 2, 'Đồng Dapha', 'Đồng Dapha', '', '', ''),
(52, 1, 'Đồng Dapha', 'Đồng Dapha', '', '', ''),
(72, 2, 'Trống Đồng', 'Trống Đồng', '', '', ''),
(72, 1, 'Trống Đồng', 'Trống Đồng', '', '', ''),
(73, 2, 'Trống Đồng Ngọc Lũ', 'Trống Đồng Ngọc Lũ', '', '', ''),
(73, 1, 'Trống Đồng Ngọc Lũ', 'Trống Đồng Ngọc Lũ', '', '', ''),
(74, 2, 'Trống Đồng Lưu Niệm', 'Trống Đồng Lưu Niệm', '', '', ''),
(74, 1, 'Trống Đồng Lưu Niệm', 'Trống Đồng Lưu Niệm', '', '', ''),
(57, 2, 'Đồ Đồng Phong Thuỷ', 'Đồ Đồng Phong Thuỷ', '', '', ''),
(57, 1, 'Đồ Đồng Phong Thuỷ', 'Đồ Đồng Phong Thuỷ', '', '', ''),
(58, 2, '12 Con Giáp Bằng Đồng', '12 Con Giáp Bằng Đồng', '', '', ''),
(58, 1, '12 Con Giáp Bằng Đồng', '12 Con Giáp Bằng Đồng', '', '', ''),
(59, 2, 'Các Con Vật Phong Thuỷ Khác', 'Các Con Vật Phong Thuỷ Khác', '', '', ''),
(59, 1, 'Các Con Vật Phong Thuỷ Khác', 'Các Con Vật Phong Thuỷ Khác', '', '', ''),
(60, 2, 'Lư Đốt Trầm Bằng Đồng', 'Lư Đốt Trầm Bằng Đồng', '', '', ''),
(60, 1, 'Lư Đốt Trầm Bằng Đồng', 'Lư Đốt Trầm Bằng Đồng', '', '', ''),
(61, 2, 'Tranh Đồng', 'Tranh Đồng', '', '', ''),
(61, 1, 'Tranh Đồng', 'Tranh Đồng', '', '', ''),
(62, 2, 'Tranh Chữ Bằng Đồng', 'Tranh Chữ Bằng Đồng', '', '', ''),
(62, 1, 'Tranh Chữ Bằng Đồng', 'Tranh Chữ Bằng Đồng', '', '', ''),
(63, 2, 'Tranh Đồng Phong Thuỷ', 'Tranh Đồng Phong Thuỷ', '', '', ''),
(63, 1, 'Tranh Đồng Phong Thuỷ', 'Tranh Đồng Phong Thuỷ', '', '', ''),
(64, 2, 'Tranh Tứ Quý Bằng Đồng', 'Tranh Tứ Quý Bằng Đồng', '', '', ''),
(64, 1, 'Tranh Tứ Quý Bằng Đồng', 'Tranh Tứ Quý Bằng Đồng', '', '', ''),
(65, 2, 'Tranh Mừng Thọ Bằng Đồng', 'Tranh Mừng Thọ Bằng Đồng', '', '', ''),
(65, 1, 'Tranh Mừng Thọ Bằng Đồng', 'Tranh Mừng Thọ Bằng Đồng', '', '', ''),
(66, 2, 'Tranh Đồng Mạ Vàng', 'Tranh Đồng Mạ Vàng', '', '', ''),
(66, 1, 'Tranh Đồng Mạ Vàng', 'Tranh Đồng Mạ Vàng', '', '', ''),
(67, 2, 'Tượng Đồng', 'Tượng Đồng', '', '', ''),
(67, 1, 'Tượng Đồng', 'Tượng Đồng', '', '', ''),
(68, 2, 'Tượng Phật Bằng Đồng', 'Tượng Phật Bằng Đồng', '', '', ''),
(68, 1, 'Tượng Phật Bằng Đồng', 'Tượng Phật Bằng Đồng', '', '', ''),
(69, 2, 'Tượng Danh Nhân', 'Tượng Danh Nhân', '', '', ''),
(69, 1, 'Tượng Danh Nhân', 'Tượng Danh Nhân', '', '', ''),
(70, 2, 'Tượng Để Xe Ô Tô', 'Tượng Để Xe Ô Tô', '', '', ''),
(70, 1, 'Tượng Để Xe Ô Tô', 'Tượng Để Xe Ô Tô', '', '', ''),
(71, 2, 'Tượng Đồng Mỹ Nghệ Khác', 'Tượng Đồng Mỹ Nghệ Khác', '', '', ''),
(71, 1, 'Tượng Đồng Mỹ Nghệ Khác', 'Tượng Đồng Mỹ Nghệ Khác', '', '', ''),
(75, 2, 'Mặt Trống Đồng', 'Mặt Trống Đồng', '', '', ''),
(75, 1, 'Mặt Trống Đồng', 'Mặt Trống Đồng', '', '', ''),
(76, 2, 'Chuông Đồng', 'Chuông Đồng', '', '', ''),
(76, 1, 'Chuông Đồng', 'Chuông Đồng', '', '', ''),
(77, 2, 'Đúc Chuông Đồng', 'Đúc Chuông Đồng', '', '', ''),
(77, 1, 'Đúc Chuông Đồng', 'Đúc Chuông Đồng', '', '', ''),
(78, 2, 'Khánh Đồng', 'Khánh Đồng', '', '', ''),
(78, 1, 'Khánh Đồng', 'Khánh Đồng', '', '', ''),
(79, 2, 'Chiêng Đồng', 'Chiêng Đồng', '', '', ''),
(79, 1, 'Chiêng Đồng', 'Chiêng Đồng', '', '', ''),
(80, 2, 'Đồ Đồng Cao Cấp', 'Đồ Đồng Cao Cấp', '', '', ''),
(80, 1, 'Đồ Đồng Cao Cấp', 'Đồ Đồng Cao Cấp', '', '', ''),
(81, 2, 'Bộ Bát Bửu', 'Bộ Bát Bửu', '', '', ''),
(81, 1, 'Bộ Bát Bửu', 'Bộ Bát Bửu', '', '', ''),
(82, 2, 'Lọ Lộc Bình', 'Lọ Lộc Bình', '', '', ''),
(82, 1, 'Lọ Lộc Bình', 'Lọ Lộc Bình', '', '', ''),
(83, 2, 'Quà Tặng Bằng Đồng', 'Quà Tặng Bằng Đồng', '', '', ''),
(83, 1, 'Quà Tặng Bằng Đồng', 'Quà Tặng Bằng Đồng', '', '', ''),
(84, 2, 'Đồng Xanh Nguyên Chất', 'Đồng Xanh Nguyên Chất', '', '', ''),
(84, 1, 'Đồng Xanh Nguyên Chất', 'Đồng Xanh Nguyên Chất', '', '', ''),
(85, 2, 'Đồng Vàng', 'Đồng Vàng', '', '', ''),
(85, 1, 'Đồng Vàng', 'Đồng Vàng', '', '', '');

-- oc_category_path PRIMARY KEY (`category_id`,`path_id`)
INSERT IGNORE INTO `oc_category_path` (`category_id`, `path_id`, `level`) VALUES
(43, 43, 1),
(43, 32, 0),
(42, 42, 1),
(42, 32, 0),
(41, 41, 1),
(41, 32, 0),
(40, 40, 1),
(40, 32, 0),
(39, 39, 1),
(32, 32, 0),
(33, 32, 0),
(33, 33, 1),
(34, 32, 0),
(39, 32, 0),
(38, 38, 1),
(35, 32, 0),
(34, 34, 1),
(38, 32, 0),
(37, 37, 1),
(37, 32, 0),
(36, 36, 1),
(36, 32, 0),
(35, 35, 1),
(44, 32, 0),
(44, 44, 1),
(45, 32, 0),
(45, 45, 1),
(46, 32, 0),
(46, 46, 1),
(47, 32, 0),
(47, 47, 1),
(48, 32, 0),
(48, 48, 1),
(49, 32, 0),
(49, 49, 1),
(50, 32, 0),
(50, 50, 1),
(51, 32, 0),
(51, 33, 1),
(51, 51, 2),
(52, 32, 0),
(52, 33, 1),
(52, 52, 2),
(75, 75, 1),
(75, 72, 0),
(74, 74, 1),
(74, 72, 0),
(73, 73, 1),
(73, 72, 0),
(72, 72, 0),
(57, 57, 0),
(58, 57, 0),
(58, 58, 1),
(59, 57, 0),
(59, 59, 1),
(60, 57, 0),
(60, 60, 1),
(61, 61, 0),
(62, 61, 0),
(62, 62, 1),
(63, 61, 0),
(63, 63, 1),
(64, 61, 0),
(64, 64, 1),
(65, 61, 0),
(65, 65, 1),
(66, 61, 0),
(66, 66, 1),
(67, 67, 0),
(68, 67, 0),
(68, 68, 1),
(69, 67, 0),
(69, 69, 1),
(70, 67, 0),
(70, 70, 1),
(71, 67, 0),
(71, 71, 1),
(76, 76, 0),
(77, 76, 0),
(77, 77, 1),
(78, 76, 0),
(78, 78, 1),
(79, 76, 0),
(79, 79, 1),
(80, 80, 0),
(81, 80, 0),
(81, 81, 1),
(82, 80, 0),
(82, 82, 1),
(83, 83, 0),
(84, 76, 0),
(84, 79, 1),
(84, 84, 2),
(85, 76, 0),
(85, 79, 1),
(85, 85, 2);

-- oc_category_to_store PRIMARY KEY (`category_id`,`store_id`)
INSERT IGNORE INTO `oc_category_to_store` (`category_id`, `store_id`) VALUES
(32, 0),
(33, 0),
(34, 0),
(35, 0),
(36, 0),
(37, 0),
(38, 0),
(39, 0),
(40, 0),
(41, 0),
(42, 0),
(43, 0),
(44, 0),
(45, 0),
(46, 0),
(47, 0),
(48, 0),
(49, 0),
(50, 0),
(51, 0),
(52, 0),
(57, 0),
(58, 0),
(59, 0),
(60, 0),
(61, 0),
(62, 0),
(63, 0),
(64, 0),
(65, 0),
(66, 0),
(67, 0),
(68, 0),
(69, 0),
(70, 0),
(71, 0),
(72, 0),
(73, 0),
(74, 0),
(75, 0),
(76, 0),
(77, 0),
(78, 0),
(79, 0),
(80, 0),
(81, 0),
(82, 0),
(83, 0),
(84, 0),
(85, 0);