-- oc_product PRIMARY KEY (`product_id`)
-- delete first
INSERT IGNORE INTO `oc_product` (`product_id`, `model`, `sku`, `common_barcode`, `common_sku`, `common_compare_price`, `common_price`, `common_cost_price`, `barcode`, `upc`, `ean`, `jan`, `isbn`, `mpn`, `location`, `quantity`, `sale_on_out_of_stock`, `stock_status_id`, `image`, `image_alt`, `multi_versions`, `manufacturer_id`, `shipping`, `price`, `price_currency_id`, `compare_price`, `c_price_currency_id`, `points`, `tax_class_id`, `date_available`, `weight`, `weight_class_id`, `length`, `width`, `height`, `length_class_id`, `subtract`, `minimum`, `sort_order`, `status`, `channel`, `viewed`, `demo`, `deleted`, `default_store_id`, `user_create_id`, `date_added`, `date_modified`) VALUES
(163, '', '', '', '', '0.0000', '0.0000', '0.0000', '', '', '', '', '', '', '', 0, 1, 0, 'https://cdn.bestme.asia/images/x2/td3.jpg', '', 0, 0, 1, '0.0000', 1, '7400000.0000', 1, 0, 0, '0000-00-00', '100.00000000', 1, '0.00000000', '0.00000000', '0.00000000', 0, 1, 1, 0, 1, 2, 0, 1, NULL, 0, 1, '2020-09-22 09:55:26', '2020-09-22 09:55:26'),
(162, '', '', '', '', '0.0000', '0.0000', '0.0000', '', '', '', '', '', '', '', 0, 1, 0, 'https://cdn.bestme.asia/images/x2/td4.png', '', 0, 0, 1, '0.0000', 1, '8700000.0000', 1, 0, 0, '0000-00-00', '100.00000000', 1, '0.00000000', '0.00000000', '0.00000000', 0, 1, 1, 0, 1, 2, 0, 1, NULL, 0, 1, '2020-09-22 09:54:37', '2020-09-22 09:54:37'),
(161, '', '', '', '', '0.0000', '0.0000', '0.0000', '', '', '', '', '', '', '', 0, 1, 0, 'https://cdn.bestme.asia/images/x2/trong2.png', '', 0, 0, 1, '0.0000', 1, '4700000.0000', 1, 0, 0, '0000-00-00', '100.00000000', 1, '0.00000000', '0.00000000', '0.00000000', 0, 1, 1, 0, 1, 2, 0, 1, NULL, 0, 1, '2020-09-22 09:31:33', '2020-09-22 09:31:33'),
(160, '', '', '', '', '0.0000', '0.0000', '0.0000', '', '', '', '', '', '', '', 0, 1, 0, 'https://cdn.bestme.asia/images/x2/trong3.png', '', 0, 0, 1, '0.0000', 1, '4900000.0000', 1, 0, 0, '0000-00-00', '100.00000000', 1, '0.00000000', '0.00000000', '0.00000000', 0, 1, 1, 0, 1, 2, 0, 1, NULL, 0, 1, '2020-09-22 09:30:02', '2020-09-22 09:30:02'),
(159, '', '', '', '', '0.0000', '0.0000', '0.0000', '', '', '', '', '', '', '', 0, 1, 0, 'https://cdn.bestme.asia/images/x2/trong4.png', '', 0, 0, 1, '0.0000', 1, '6100000.0000', 1, 0, 0, '0000-00-00', '100.00000000', 1, '0.00000000', '0.00000000', '0.00000000', 0, 1, 1, 0, 1, 2, 0, 1, NULL, 0, 1, '2020-09-22 09:29:06', '2020-09-22 09:29:06'),
(158, '', '', '', '', '0.0000', '0.0000', '0.0000', '', '', '', '', '', '', '', 0, 1, 0, 'https://cdn.bestme.asia/images/x2/trong1.png', '', 0, 0, 1, '0.0000', 1, '5100000.0000', 1, 0, 0, '0000-00-00', '100.00000000', 1, '0.00000000', '0.00000000', '0.00000000', 0, 1, 1, 0, 1, 2, 0, 1, NULL, 0, 1, '2020-09-22 09:28:19', '2020-09-22 09:28:19'),
(157, '', '', '', '', '0.0000', '0.0000', '0.0000', '', '', '', '', '', '', '', 0, 1, 0, 'https://cdn.bestme.asia/images/x2/tranh3.png', '', 0, 0, 1, '0.0000', 1, '6100000.0000', 1, 0, 0, '0000-00-00', '100.00000000', 1, '0.00000000', '0.00000000', '0.00000000', 0, 1, 1, 0, 1, 2, 0, 1, NULL, 0, 1, '2020-09-22 09:09:49', '2020-09-22 09:09:49'),
(156, '', '', '', '', '0.0000', '0.0000', '0.0000', '', '', '', '', '', '', '', 0, 1, 0, 'https://cdn.bestme.asia/images/x2/tranh2.png', '', 0, 0, 1, '0.0000', 1, '1900000.0000', 1, 0, 0, '0000-00-00', '100.00000000', 1, '0.00000000', '0.00000000', '0.00000000', 0, 1, 1, 0, 1, 2, 0, 1, NULL, 0, 1, '2020-09-22 09:08:54', '2020-09-22 09:08:54'),
(155, '', '', '', '', '0.0000', '0.0000', '0.0000', '', '', '', '', '', '', '', 0, 1, 0, 'https://cdn.bestme.asia/images/x2/thiet-ke-khong-ten-4_58I8we9.png', '', 0, 0, 1, '0.0000', 1, '2100000.0000', 1, 0, 0, '0000-00-00', '100.00000000', 1, '0.00000000', '0.00000000', '0.00000000', 0, 1, 1, 0, 1, 2, 0, 1, NULL, 0, 1, '2020-09-22 09:08:00', '2020-09-22 09:08:00'),
(154, '', '', '', '', '0.0000', '0.0000', '0.0000', '', '', '', '', '', '', '', 0, 1, 0, 'https://cdn.bestme.asia/images/x2/tranh1.png', '', 0, 0, 1, '0.0000', 1, '4100000.0000', 1, 0, 0, '0000-00-00', '100.00000000', 1, '0.00000000', '0.00000000', '0.00000000', 0, 1, 1, 0, 1, 2, 0, 1, NULL, 0, 1, '2020-09-22 09:06:51', '2020-09-22 09:06:51'),
(153, '', '', '', '', '0.0000', '0.0000', '0.0000', '', '', '', '', '', '', '', 0, 1, 0, 'https://cdn.bestme.asia/images/x2/thiet-ke-khong-ten-3_xKFOIwL.png', '', 0, 0, 1, '0.0000', 1, '580000.0000', 1, 0, 0, '0000-00-00', '100.00000000', 1, '0.00000000', '0.00000000', '0.00000000', 0, 1, 1, 0, 1, 2, 0, 1, NULL, 0, 1, '2020-09-22 08:37:46', '2020-09-22 08:37:46'),
(152, '', '', '', '', '0.0000', '0.0000', '0.0000', '', '', '', '', '', '', '', 0, 1, 0, 'https://cdn.bestme.asia/images/x2/0w2giwpqywzyjphwm19ysw-removebg-preview.png', '', 0, 0, 1, '0.0000', 1, '1980000.0000', 1, 0, 0, '0000-00-00', '100.00000000', 1, '0.00000000', '0.00000000', '0.00000000', 0, 1, 1, 0, 1, 2, 0, 1, NULL, 0, 1, '2020-09-22 08:25:50', '2020-09-22 08:25:50'),
(151, '', '', '', '', '0.0000', '0.0000', '0.0000', '', '', '', '', '', '', '', 0, 1, 0, 'https://cdn.bestme.asia/images/x2/thiet-ke-khong-ten-2_YAO8oas.png', '', 0, 0, 1, '0.0000', 1, '2100000.0000', 1, 0, 0, '0000-00-00', '100.00000000', 1, '0.00000000', '0.00000000', '0.00000000', 0, 1, 1, 0, 1, 2, 0, 1, NULL, 0, 1, '2020-09-22 08:24:50', '2020-09-22 08:24:50'),
(150, '', '', '', '', '0.0000', '0.0000', '0.0000', '', '', '', '', '', '', '', 0, 1, 0, 'https://cdn.bestme.asia/images/x2/2013020639paireflambeauxlaiton1n-removebg-preview.png', '', 0, 0, 1, '0.0000', 1, '610000.0000', 1, 0, 0, '0000-00-00', '100.00000000', 1, '0.00000000', '0.00000000', '0.00000000', 0, 1, 1, 0, 1, 2, 0, 1, NULL, 0, 1, '2020-09-22 08:21:05', '2020-09-22 08:21:05'),
(149, '', '', '', '', '0.0000', '0.0000', '0.0000', '', '', '', '', '', '', '', 0, 1, 0, 'https://cdn.bestme.asia/images/x2/tb1fmr1kpxxxxabxvxxxxxxxxxx0-itempic-removebg-preview.png', '', 0, 0, 1, '0.0000', 1, '4120000.0000', 1, 0, 0, '0000-00-00', '100.00000000', 1, '0.00000000', '0.00000000', '0.00000000', 0, 1, 1, 0, 1, 2, 0, 1, NULL, 0, 1, '2020-09-21 12:01:43', '2020-09-21 12:01:43'),
(148, '', '', '', '', '0.0000', '0.0000', '0.0000', '', '', '', '', '', '', '', 0, 1, 0, 'https://cdn.bestme.asia/images/x2/22019543459116228.jpg', '', 0, 0, 1, '0.0000', 1, '3410000.0000', 1, 0, 0, '0000-00-00', '100.00000000', 1, '0.00000000', '0.00000000', '0.00000000', 0, 1, 1, 0, 1, 2, 0, 1, NULL, 0, 1, '2020-09-21 11:56:39', '2020-09-21 11:56:39'),
(146, '', '', '', '', '0.0000', '0.0000', '0.0000', '', '', '', '', '', '', '', 0, 1, 0, 'https://cdn.bestme.asia/images/x2/linh-vat-heo-phong-thuy-1.jpg', '', 0, 0, 1, '0.0000', 1, '2100000.0000', 1, 0, 0, '0000-00-00', '100.00000000', 1, '0.00000000', '0.00000000', '0.00000000', 0, 1, 1, 0, 1, 2, 0, 1, NULL, 0, 1, '2020-09-21 11:51:10', '2020-09-21 11:52:43'),
(147, '', '', '', '', '0.0000', '0.0000', '0.0000', '', '', '', '', '', '', '', 0, 1, 0, 'https://cdn.bestme.asia/images/x2/iryiscqml2-re0jxmbjauw-removebg-preview.png', '', 0, 0, 1, '0.0000', 1, '2310000.0000', 1, 0, 0, '0000-00-00', '100.00000000', 1, '0.00000000', '0.00000000', '0.00000000', 0, 1, 1, 0, 1, 2, 0, 1, NULL, 0, 1, '2020-09-21 11:54:52', '2020-09-21 11:54:52'),
(145, '', '', '', '', '0.0000', '0.0000', '0.0000', '', '', '', '', '', '', '', 0, 1, 0, 'https://cdn.bestme.asia/images/x2/thiet-ke-khong-ten-1_pZqwwXY.png', '', 0, 0, 1, '0.0000', 1, '830000.0000', 1, 0, 0, '0000-00-00', '100.00000000', 1, '0.00000000', '0.00000000', '0.00000000', 0, 1, 1, 0, 1, 2, 0, 1, NULL, 0, 1, '2020-09-21 11:43:06', '2020-09-21 11:43:06'),
(144, '', '', '', '', '0.0000', '0.0000', '0.0000', '', '', '', '', '', '', '', 0, 1, 0, 'https://cdn.bestme.asia/images/x2/vyom-shop-brass-nepali-bell-medium-vyom-shop-brass-nepali-bell-medium-vdn7wi.jpg', '', 0, 0, 1, '0.0000', 1, '790000.0000', 1, 0, 0, '0000-00-00', '100.00000000', 1, '0.00000000', '0.00000000', '0.00000000', 0, 1, 1, 0, 1, 2, 0, 1, NULL, 0, 1, '2020-09-21 11:39:39', '2020-09-21 11:39:39'),
(142, '', '', '', '', '0.0000', '0.0000', '0.0000', '', '', '', '', '', '', '', 0, 1, 0, 'https://cdn.bestme.asia/images/x2/vintage-dragon-font-b-bell-b-font-hang-decoration-buddhist-font-b-bell-b-font-ornament.jpg', '', 0, 0, 1, '0.0000', 1, '310000.0000', 1, 0, 0, '0000-00-00', '100.00000000', 1, '0.00000000', '0.00000000', '0.00000000', 0, 1, 1, 0, 1, 2, 0, 1, NULL, 0, 1, '2020-09-21 11:22:54', '2020-09-21 11:22:54'),
(143, '', '', '', '', '0.0000', '0.0000', '0.0000', '', '', '', '', '', '', '', 0, 1, 0, 'https://cdn.bestme.asia/images/x2/thiet-ke-khong-ten_EqtV6Wb.png', '', 0, 0, 1, '0.0000', 1, '490000.0000', 1, 0, 0, '0000-00-00', '100.00000000', 1, '0.00000000', '0.00000000', '0.00000000', 0, 1, 1, 0, 1, 2, 0, 1, NULL, 0, 1, '2020-09-21 11:36:55', '2020-09-21 11:36:55'),
(164, '', '', '', '', '0.0000', '0.0000', '0.0000', '', '', '', '', '', '', '', 0, 1, 0, 'https://cdn.bestme.asia/images/x2/td2.png', '', 0, 0, 1, '0.0000', 1, '6300000.0000', 1, 0, 0, '0000-00-00', '100.00000000', 1, '0.00000000', '0.00000000', '0.00000000', 0, 1, 1, 0, 1, 2, 0, 1, NULL, 0, 1, '2020-09-22 09:56:11', '2020-09-22 09:56:11'),
(165, '', '', '', '', '0.0000', '0.0000', '0.0000', '', '', '', '', '', '', '', 0, 1, 0, 'https://cdn.bestme.asia/images/x2/td1.png', '', 0, 0, 1, '0.0000', 1, '8300000.0000', 1, 0, 0, '0000-00-00', '100.00000000', 1, '0.00000000', '0.00000000', '0.00000000', 0, 1, 1, 0, 1, 2, 0, 1, NULL, 0, 1, '2020-09-22 09:57:02', '2020-09-22 09:57:02'),
(166, '', '', '', '', '0.0000', '0.0000', '0.0000', '', '', '', '', '', '', '', 0, 1, 0, 'https://cdn.bestme.asia/images/x2/cc3.png', '', 0, 0, 1, '0.0000', 1, '9700000.0000', 1, 0, 0, '0000-00-00', '100.00000000', 1, '0.00000000', '0.00000000', '0.00000000', 0, 1, 1, 0, 1, 2, 0, 1, NULL, 0, 1, '2020-09-23 10:50:28', '2020-09-23 10:50:28'),
(167, '', '', '', '', '0.0000', '0.0000', '0.0000', '', '', '', '', '', '', '', 0, 1, 0, 'https://cdn.bestme.asia/images/x2/cc2.png', '', 0, 0, 1, '0.0000', 1, '11300000.0000', 1, 0, 0, '0000-00-00', '100.00000000', 1, '0.00000000', '0.00000000', '0.00000000', 0, 1, 1, 0, 1, 2, 0, 1, NULL, 0, 1, '2020-09-23 10:51:38', '2020-09-23 10:51:38'),
(168, '', '', '', '', '0.0000', '0.0000', '0.0000', '', '', '', '', '', '', '', 0, 1, 0, 'https://cdn.bestme.asia/images/x2/cc1.png', '', 0, 0, 1, '0.0000', 1, '5100000.0000', 1, 0, 0, '0000-00-00', '100.00000000', 1, '0.00000000', '0.00000000', '0.00000000', 0, 1, 1, 0, 1, 2, 0, 1, NULL, 0, 1, '2020-09-23 10:53:09', '2020-09-23 10:53:09'),
(169, '', '', '', '', '0.0000', '0.0000', '0.0000', '', '', '', '', '', '', '', 0, 1, 0, 'https://cdn.bestme.asia/images/x2/cc.png', '', 0, 0, 1, '0.0000', 1, '12000000.0000', 1, 0, 0, '0000-00-00', '100.00000000', 1, '0.00000000', '0.00000000', '0.00000000', 0, 1, 1, 0, 1, 2, 0, 1, NULL, 0, 1, '2020-09-23 10:54:12', '2020-09-23 10:54:12'),
(170, '', '', '', '', '0.0000', '0.0000', '0.0000', '', '', '', '', '', '', '', 0, 1, 0, 'https://cdn.bestme.asia/images/x2/qt4.png', '', 0, 0, 1, '0.0000', 1, '6100000.0000', 1, 0, 0, '0000-00-00', '100.00000000', 1, '0.00000000', '0.00000000', '0.00000000', 0, 1, 1, 0, 1, 2, 0, 1, NULL, 0, 1, '2020-09-23 11:07:25', '2020-09-23 11:07:25'),
(171, '', '', '', '', '0.0000', '0.0000', '0.0000', '', '', '', '', '', '', '', 0, 1, 0, 'https://cdn.bestme.asia/images/x2/qt3.png', '', 0, 0, 1, '0.0000', 1, '640000.0000', 1, 0, 0, '0000-00-00', '100.00000000', 1, '0.00000000', '0.00000000', '0.00000000', 0, 1, 1, 0, 1, 2, 0, 1, NULL, 0, 1, '2020-09-23 11:08:20', '2020-09-23 11:08:20'),
(172, '', '', '', '', '0.0000', '0.0000', '0.0000', '', '', '', '', '', '', '', 0, 1, 0, 'https://cdn.bestme.asia/images/x2/qt2.png', '', 0, 0, 1, '0.0000', 1, '1600000.0000', 1, 0, 0, '0000-00-00', '100.00000000', 1, '0.00000000', '0.00000000', '0.00000000', 0, 1, 1, 0, 1, 2, 0, 1, NULL, 0, 1, '2020-09-23 11:09:03', '2020-09-23 11:09:03'),
(173, '', '', '', '', '0.0000', '0.0000', '0.0000', '', '', '', '', '', '', '', 0, 1, 0, 'https://cdn.bestme.asia/images/x2/qt1.png', '', 0, 0, 1, '0.0000', 1, '5600000.0000', 1, 0, 0, '0000-00-00', '100.00000000', 1, '0.00000000', '0.00000000', '0.00000000', 0, 1, 1, 0, 1, 2, 0, 1, NULL, 0, 1, '2020-09-23 11:09:44', '2020-09-23 11:09:44');

-- restore soft-deleted products if demo
UPDATE `oc_product` SET `deleted` = NULL
WHERE `demo` = 1
  AND `product_id` IN (
   163,
   162,
   161,
   160,
   159,
   158,
   157,
   156,
   155,
   154,
   153,
   152,
   151,
   150,
   149,
   148,
   146,
   147,
   145,
   144,
   142,
   143,
   164,
   165,
   166,
   167,
   168,
   169,
   170,
   171,
   172,
   173
  );

-- oc_product_collection PRIMARY KEY (`product_collection_id`)
INSERT IGNORE INTO `oc_product_collection` (`product_collection_id`, `product_id`, `collection_id`, `sort_order`) VALUES
(168, 146, 19, 0),
(237, 150, 21, 4),
(163, 147, 18, 0),
(165, 148, 18, 0),
(166, 149, 19, 0),
(164, 149, 18, 0),
(236, 151, 21, 3),
(169, 147, 19, 0),
(233, 152, 22, 4),
(167, 148, 19, 0),
(232, 153, 22, 3),
(162, 146, 18, 0),
(235, 152, 21, 2),
(234, 153, 21, 1),
(231, 150, 22, 2),
(230, 151, 22, 1),
(229, 150, 23, 4),
(228, 152, 23, 3),
(227, 153, 23, 2),
(226, 151, 23, 1),
(194, 160, 24, 0),
(195, 161, 24, 0),
(196, 158, 24, 0),
(197, 159, 24, 0),
(198, 172, 25, 0),
(199, 171, 25, 0),
(200, 170, 25, 0),
(201, 173, 25, 0),
(202, 162, 26, 0),
(203, 164, 26, 0),
(204, 165, 26, 0),
(205, 163, 26, 0),
(206, 166, 27, 0),
(207, 168, 27, 0),
(208, 169, 27, 0),
(209, 167, 27, 0),
(210, 143, 28, 0),
(211, 144, 28, 0),
(212, 142, 28, 0),
(213, 145, 28, 0);

-- oc_product_description PRIMARY KEY (`product_id`,`language_id`)
INSERT IGNORE INTO `oc_product_description` (`product_id`, `language_id`, `name`, `description`, `sub_description`, `seo_title`, `seo_description`, `tag`, `meta_title`, `meta_description`, `meta_keyword`) VALUES
(142, 2, 'Chuông Đồng Treo Trang Trí Hình Rồng', '', '', '', '', '', '', '', ''),
(143, 2, 'Chuông Đồng Hình Phật', '', '', '', '', '', '', '', ''),
(144, 2, 'Chuông Đồng Hoa Văn', '', '', '', '', '', '', '', ''),
(145, 2, 'Chuông Đồng Tượng', '', '', '', '', '', '', '', ''),
(146, 2, 'Tượng Heo Phong Thuỷ (mẫu)', '&lt;h2&gt;Tượng heo phong thủy kích thước dài 17cm, cao 19cm, ngang 11cm, nặng 1,5kg, được đúc theo phong thủy của gia chủ. Đồng phong thủy chuyên cung cấp tượng phong thủy, tượng đồng, linh vật đồng phong thủy,...&lt;/h2&gt;\r\n\r\n&lt;p&gt;&lt;img alt=&quot;linh vật heo phong thủy&quot; data-mce-src=&quot;//file.hstatic.net/1000163445/file/linh-vat-heo-phong-thuy-1.jpg&quot; src=&quot;https://file.hstatic.net/1000163445/file/linh-vat-heo-phong-thuy-1.jpg&quot; /&gt;&lt;/p&gt;\r\n\r\n&lt;p&gt;&lt;img alt=&quot;linh vật heo phong thủy&quot; data-mce-src=&quot;//file.hstatic.net/1000163445/file/t__ng-heo-phong-thuy.jpg&quot; src=&quot;https://file.hstatic.net/1000163445/file/t__ng-heo-phong-thuy.jpg&quot; /&gt;&lt;/p&gt;', '&lt;p&gt;Kích thước: Dài 17cm cao 19cm ngang 11cm.&lt;/p&gt;\r\n\r\n&lt;p&gt;Khối lượng: 1.5 Kg.&lt;/p&gt;\r\n\r\n&lt;p&gt;Vật liệu: Đồng vàng nguyên chất.&lt;/p&gt;\r\n\r\n&lt;p&gt;Xuất xứ: Việt Nam.&lt;/p&gt;\r\n\r\n&lt;p&gt; &lt;/p&gt;', '', '', '', '', '', ''),
(147, 2, 'Tượng Khỉ Tài Lộc', '', '', '', '', '', '', '', ''),
(148, 2, 'Tượng Lân', '', '', '', '', '', '', '', ''),
(149, 2, 'Tượng Rồng', '', '', '', '', '', '', '', ''),
(150, 2, 'Chân Nến Bằng Đồng', '', '', '', '', '', '', '', ''),
(151, 2, 'Bát Hương Bằng Đồng', '', '', '', '', '', '', '', ''),
(152, 2, 'Đèn Thờ Bằng Đồng', '', '', '', '', '', '', '', ''),
(153, 2, 'Chén Thờ Bằng Đồng', '', '', '', '', '', '', '', ''),
(154, 2, 'Tranh Đồng Hoa Sen', '', '', '', '', '', '', '', ''),
(155, 2, 'Tranh Đồng Chữ Thọ', '', '', '', '', '', '', '', ''),
(156, 2, 'Tranh Đồng Hình Rồng Phượng', '', '', '', '', '', '', '', ''),
(157, 2, 'Tranh Đồng Phong Cảnh', '', '', '', '', '', '', '', ''),
(158, 2, 'Mặt Trống Đồng Đông Sơn', '', '', '', '', '', '', '', ''),
(159, 2, 'Trống Đồng Lưu Niệm', '', '', '', '', '', '', '', ''),
(160, 2, 'Mặt Trống Đồng Lạc Việt', '', '', '', '', '', '', '', ''),
(161, 2, 'Mặt Trống Đồng Lưu Niệm', '', '', '', '', '', '', '', ''),
(162, 2, 'Tượng Khổng Tử', '', '', '', '', '', '', '', ''),
(163, 2, 'Tượng Đồng La Hán', '', '', '', '', '', '', '', ''),
(164, 2, 'Tượng Phật Đồng', '', '', '', '', '', '', '', ''),
(165, 2, 'Tượng Quan Công', '', '', '', '', '', '', '', ''),
(166, 2, 'Bình Đồng Hoa Văn Cao Cấp', '', '', '', '', '', '', '', ''),
(167, 2, 'Đỉnh Đồng Cao Cấp Hoa Văn Rồng', '', '', '', '', '', '', '', ''),
(168, 2, 'Chén Đồng Cao Cấp Hoa Văn Đẹp', '', '', '', '', '', '', '', ''),
(169, 2, 'Đỉnh Đồng Cao Cấp Hình Sư Tử', '', '', '', '', '', '', '', ''),
(170, 2, 'Biểu Tượng Danh Vọng Bằng Đồng', '', '', '', '', '', '', '', ''),
(171, 2, 'Móc Đeo Bằng Đồng', '', '', '', '', '', '', '', ''),
(172, 2, 'Bút Máy Bằng Đồng', '', '', '', '', '', '', '', ''),
(173, 2, 'Bộ Chuông Đồng Văn Phòng', '', '', '', '', '', '', '', '');

-- oc_product_image PRIMARY KEY (`product_image_id`)
INSERT IGNORE INTO `oc_product_image` (`product_image_id`, `product_id`, `image`, `image_alt`, `sort_order`) VALUES
(143, 146, 'https://res.cloudinary.com/bestme-support/image/upload/v1600663951/28828/tng-heo-phong-thuy.jpg', '', 0);

-- oc_product_to_category PRIMARY KEY (`product_id`,`category_id`)
INSERT IGNORE INTO `oc_product_to_category` (`product_id`, `category_id`) VALUES
(142, 76),
(143, 76),
(144, 76),
(145, 76),
(146, 58),
(147, 58),
(148, 59),
(149, 59),
(150, 41),
(151, 45),
(152, 46),
(153, 36),
(154, 62),
(155, 65),
(156, 66),
(157, 63),
(158, 75),
(159, 74),
(160, 75),
(161, 74),
(162, 69),
(163, 71),
(164, 68),
(165, 69),
(166, 80),
(166, 82),
(167, 39),
(167, 80),
(168, 80),
(169, 39),
(169, 80),
(170, 83),
(171, 83),
(172, 83),
(173, 83);

-- oc_product_to_store PRIMARY KEY (`product_id`,`store_id`)
INSERT IGNORE INTO `oc_product_to_store` (`product_id`, `store_id`, `product_version_id`, `quantity`, `cost_price`) VALUES
(169, 0, 0, 0, '0.0000'),
(168, 0, 0, 0, '0.0000'),
(167, 0, 0, 0, '0.0000'),
(166, 0, 0, 0, '0.0000'),
(165, 0, 0, 0, '0.0000'),
(164, 0, 0, 0, '0.0000'),
(163, 0, 0, 0, '0.0000'),
(162, 0, 0, 0, '0.0000'),
(161, 0, 0, 0, '0.0000'),
(160, 0, 0, 0, '0.0000'),
(159, 0, 0, 0, '0.0000'),
(158, 0, 0, 0, '0.0000'),
(157, 0, 0, 0, '0.0000'),
(156, 0, 0, 0, '0.0000'),
(155, 0, 0, 0, '0.0000'),
(154, 0, 0, 0, '0.0000'),
(153, 0, 0, 0, '0.0000'),
(152, 0, 0, 0, '0.0000'),
(143, 0, 0, 0, '0.0000'),
(144, 0, 0, 0, '0.0000'),
(145, 0, 0, 0, '0.0000'),
(146, 0, 0, 0, '0.0000'),
(147, 0, 0, 0, '0.0000'),
(148, 0, 0, 0, '0.0000'),
(149, 0, 0, 0, '0.0000'),
(150, 0, 0, 0, '0.0000'),
(151, 0, 0, 0, '0.0000'),
(142, 0, 0, 0, '0.0000'),
(170, 0, 0, 0, '0.0000'),
(171, 0, 0, 0, '0.0000'),
(172, 0, 0, 0, '0.0000'),
(173, 0, 0, 0, '0.0000');