-- oc_product PRIMARY KEY (`product_id`)
-- delete first
INSERT IGNORE INTO `oc_product` (`product_id`, `model`, `sku`, `common_barcode`, `common_sku`, `common_compare_price`, `common_price`, `common_cost_price`, `barcode`, `upc`, `ean`, `jan`, `isbn`, `mpn`, `location`, `quantity`, `sale_on_out_of_stock`, `stock_status_id`, `image`, `image_alt`, `multi_versions`, `manufacturer_id`, `shipping`, `price`, `price_currency_id`, `compare_price`, `c_price_currency_id`, `points`, `tax_class_id`, `date_available`, `weight`, `weight_class_id`, `length`, `width`, `height`, `length_class_id`, `subtract`, `minimum`, `sort_order`, `status`, `channel`, `viewed`, `demo`, `deleted`, `default_store_id`, `date_added`, `date_modified`) VALUES
(147, '', 'TB016', '', '', '0.0000', '0.0000', '0.0000', '', '', '', '', '', '', '', 0, 0, 0, 'https://cf.shopee.vn/file/0a22005e73b509c83527d371019901ca', '', 0, 26, 1, '42000.0000', 1, '54000.0000', 1, 0, 0, '0000-00-00', '1.00000000', 1, '0.00000000', '0.00000000', '0.00000000', 0, 1, 1, 0, 1, 2, 0, 1, NULL, 0, '2020-12-10 18:47:14', '2020-12-10 18:47:15'),
(146, '', 'TB015', '', '', '0.0000', '0.0000', '0.0000', '', '', '', '', '', '', '', 0, 0, 0, 'https://cf.shopee.vn/file/910f41c0c28880f2cafae45d77704d56', '', 0, 26, 1, '0.0000', 1, '10000.0000', 1, 0, 0, '0000-00-00', '1.00000000', 1, '0.00000000', '0.00000000', '0.00000000', 0, 1, 1, 0, 1, 2, 0, 1, NULL, 0, '2020-12-10 18:47:14', '2020-12-10 18:47:15'),
(145, '', 'TB014', '', '', '0.0000', '0.0000', '0.0000', '', '', '', '', '', '', '', 0, 0, 0, 'https://dungcuykhoabachhue.com/uploads/product/1390016637keo-y-te-thang-nhon-pakistan.jpg', '', 0, 26, 1, '39000.0000', 1, '47000.0000', 1, 0, 0, '0000-00-00', '1.00000000', 1, '0.00000000', '0.00000000', '0.00000000', 0, 1, 1, 0, 1, 2, 0, 1, NULL, 0, '2020-12-10 18:47:14', '2020-12-10 18:47:15'),
(144, '', 'TB013', '', '', '0.0000', '0.0000', '0.0000', '', '', '', '', '', '', '', 0, 0, 0, 'https://cdn.shopify.com/s/files/1/0293/6432/2403/products/b-braun-b-braun-intrafix-safeset-iv-administration-set-with-neutrapur-tubing-i147-49-15899572961379_800x.jpg?v=1602937433', '', 0, 26, 1, '0.0000', 1, '35000.0000', 1, 0, 0, '0000-00-00', '1.00000000', 1, '0.00000000', '0.00000000', '0.00000000', 0, 1, 1, 0, 1, 2, 0, 1, NULL, 0, '2020-12-10 18:47:14', '2020-12-10 18:47:15'),
(143, '', 'TB012', '', '', '0.0000', '0.0000', '0.0000', '', '', '', '', '', '', '', 0, 0, 0, 'https://5.imimg.com/data5/YB/IN/UV/SELLER-19882614/jelco-iv-catheter-needle-500x500.jpg', '', 0, 26, 1, '399000.0000', 1, '450000.0000', 1, 0, 0, '0000-00-00', '1.00000000', 1, '0.00000000', '0.00000000', '0.00000000', 0, 1, 1, 0, 1, 2, 0, 1, NULL, 0, '2020-12-10 18:47:14', '2020-12-10 18:47:15'),
(142, '', 'TB011', '', '', '0.0000', '0.0000', '0.0000', '', '', '', '', '', '', '', 0, 0, 0, 'https://www.bbraun.no/content/dam/catalog/bbraun/bbraunProductCatalog/S/AEM2015/no-no/b/perifix-completeset.jpeg', '', 0, 26, 1, '0.0000', 1, '260000.0000', 1, 0, 0, '0000-00-00', '1.00000000', 1, '0.00000000', '0.00000000', '0.00000000', 0, 1, 1, 0, 1, 2, 0, 1, NULL, 0, '2020-12-10 18:47:14', '2020-12-10 18:47:15'),
(141, '', 'TB010', '', '', '0.0000', '0.0000', '0.0000', '', '', '', '', '', '', '', 0, 0, 0, 'https://cf.shopee.vn/file/5fc39e1d500e8f7d778ecd3ec378e1d7', '', 0, 26, 1, '25000.0000', 1, '35000.0000', 1, 0, 0, '0000-00-00', '1.00000000', 1, '0.00000000', '0.00000000', '0.00000000', 0, 1, 1, 0, 1, 2, 0, 1, NULL, 0, '2020-12-10 18:47:14', '2020-12-10 18:47:15'),
(139, '', 'TB008', '', '', '0.0000', '0.0000', '0.0000', '', '', '', '', '', '', '', 0, 0, 0, 'https://bizweb.dktcdn.net/thumb/1024x1024/100/347/027/products/2338011bm2001-1-copy-jpeg.jpg?v=1550481395773', '', 0, 26, 1, '1099000.0000', 1, '1200000.0000', 1, 0, 0, '0000-00-00', '1.00000000', 1, '0.00000000', '0.00000000', '0.00000000', 0, 1, 1, 0, 1, 2, 0, 1, NULL, 0, '2020-12-10 18:47:14', '2020-12-10 18:47:14'),
(140, '', 'TB009', '', '', '0.0000', '0.0000', '0.0000', '', '', '', '', '', '', '', 0, 0, 0, 'https://bizweb.dktcdn.net/thumb/1024x1024/100/347/027/products/1000374hi3013-jpeg.jpg?v=1550481316607', '', 0, 26, 1, '1500000.0000', 1, '1660000.0000', 1, 0, 0, '0000-00-00', '1.00000000', 1, '0.00000000', '0.00000000', '0.00000000', 0, 1, 1, 0, 1, 2, 0, 1, NULL, 0, '2020-12-10 18:47:14', '2020-12-10 18:47:15'),
(138, '', 'TB007', '', '', '0.0000', '0.0000', '0.0000', '', '', '', '', '', '', '', 0, 0, 0, 'https://media.bizwebmedia.net/Sites/53633/Data/images/2014/1/huyetaplaica.jpg', '', 0, 26, 1, '0.0000', 1, '1100000.0000', 1, 0, 0, '0000-00-00', '1.00000000', 1, '0.00000000', '0.00000000', '0.00000000', 0, 1, 1, 0, 1, 2, 0, 1, NULL, 0, '2020-12-10 18:47:14', '2020-12-10 18:47:14'),
(137, '', 'TB006', '', '', '0.0000', '0.0000', '0.0000', '', '', '', '', '', '', '', 0, 0, 0, 'https://media.bizwebmedia.net/Sites/53634/Data/images/2014/1/1808540may_xong_mui_hong.jpg', '', 0, 26, 1, '0.0000', 1, '1450000.0000', 1, 0, 0, '0000-00-00', '1.00000000', 1, '0.00000000', '0.00000000', '0.00000000', 0, 1, 1, 0, 1, 2, 0, 1, NULL, 0, '2020-12-10 18:47:14', '2020-12-10 18:47:14'),
(135, '', 'TB004', '', '', '0.0000', '0.0000', '0.0000', '', '', '', '', '', '', '', 0, 0, 0, 'https://media.bizwebmedia.net/sites/53634/data/Upload/2015/11/th3106.jpg', '', 0, 26, 1, '0.0000', 1, '99000.0000', 1, 0, 0, '0000-00-00', '1.00000000', 1, '0.00000000', '0.00000000', '0.00000000', 0, 1, 1, 0, 1, 2, 0, 1, NULL, 0, '2020-12-10 18:47:14', '2020-12-10 18:47:14'),
(136, '', 'TB005', '', '', '0.0000', '0.0000', '0.0000', '', '', '', '', '', '', '', 0, 0, 0, 'https://media.bizwebmedia.net/Sites/53634/Data/images/2014/1/0107317huyet_ap_co_tay_bm1004.jpg', '', 0, 26, 1, '0.0000', 1, '780000.0000', 1, 0, 0, '0000-00-00', '1.00000000', 1, '0.00000000', '0.00000000', '0.00000000', 0, 1, 1, 0, 1, 2, 0, 1, NULL, 0, '2020-12-10 18:47:14', '2020-12-10 18:47:14'),
(134, '', 'TB003', '', '', '0.0000', '0.0000', '0.0000', '', '', '', '', '', '', '', 0, 0, 0, 'https://media.bizwebmedia.net/Sites/53634/data/upload/2015/11/bc1004.jpg?0', '', 0, 26, 1, '0.0000', 1, '860000.0000', 1, 0, 0, '0000-00-00', '1.00000000', 1, '0.00000000', '0.00000000', '0.00000000', 0, 1, 1, 0, 1, 2, 0, 1, NULL, 0, '2020-12-10 18:47:14', '2020-12-10 18:47:14'),
(132, '', 'TB001', '', '', '0.0000', '0.0000', '0.0000', '', '', '', '', '', '', '', 0, 0, 0, 'https://media.bizwebmedia.net/sites/53634/data/Upload/2015/11/th3302.jpg', '', 0, 26, 1, '0.0000', 1, '120000.0000', 1, 0, 0, '0000-00-00', '1.00000000', 1, '0.00000000', '0.00000000', '0.00000000', 0, 1, 1, 0, 1, 2, 0, 1, NULL, 0, '2020-12-10 18:47:14', '2020-12-10 18:47:14'),
(133, '', 'TB002', '', '', '0.0000', '0.0000', '0.0000', '', '', '', '', '', '', '', 0, 0, 0, 'https://media.bizwebmedia.net/sites/53634/data/Upload/2015/11/ne1005.jpg', '', 0, 26, 1, '756000.0000', 1, '980000.0000', 1, 0, 0, '0000-00-00', '1.00000000', 1, '0.00000000', '0.00000000', '0.00000000', 0, 1, 1, 0, 1, 2, 0, 1, NULL, 0, '2020-12-10 18:47:14', '2020-12-10 18:47:14');

-- restore soft-deleted products if demo
UPDATE `oc_product` SET `deleted` = NULL
WHERE `demo` = 1
  AND `product_id` IN (
    147,
    146,
    145,
    144,
    143,
    142,
    141,
    139,
    140,
    138,
    137,
    135,
    136,
    134,
    132,
    133
  );

-- oc_product_collection PRIMARY KEY (`product_collection_id`)
INSERT IGNORE INTO `oc_product_collection` (`product_collection_id`, `product_id`, `collection_id`, `sort_order`) VALUES
(163, 144, 10, 0),
(162, 142, 10, 0),
(161, 146, 10, 0),
(160, 147, 10, 0),
(159, 137, 9, 8),
(158, 134, 9, 7),
(157, 138, 9, 6),
(156, 142, 9, 5),
(155, 141, 9, 4),
(154, 139, 9, 3),
(153, 144, 9, 2),
(152, 146, 9, 1),
(164, 141, 10, 0),
(165, 134, 10, 0),
(166, 135, 10, 0),
(167, 137, 10, 0),
(168, 133, 11, 0),
(169, 142, 11, 0),
(170, 139, 11, 0),
(171, 141, 11, 0),
(172, 137, 11, 0),
(173, 135, 11, 0),
(174, 134, 11, 0),
(175, 138, 11, 0),
(183, 132, 13, 2),
(182, 135, 13, 1),
(187, 145, 14, 4),
(186, 143, 14, 3),
(185, 144, 14, 2),
(184, 142, 14, 1);

-- oc_product_description PRIMARY KEY (`product_id`,`language_id`)
INSERT IGNORE INTO `oc_product_description` (`product_id`, `language_id`, `name`, `description`, `sub_description`, `seo_title`, `seo_description`, `tag`, `meta_title`, `meta_description`, `meta_keyword`) VALUES
(132, 2, 'Nhiệt kế điện tử đầu mềm LAICA TH3302', 'Sự thay đổi nhiệt độ cơ thể là một trong những dấu hiệu quan trọng để chẩn đoán bệnh. Vì vậy kết quả đo nhiệt độ chính xác là rất cần thiết.  Trước kia, các gia đình thường đo cho con em mình bằng nhiệt kế thủy ngân nhưng do tính chất đo lâu và rất dễ vỡ mà chất thủy ngân trong nhiệt kế lại rất độc hại nếu chẳng may nuốt hoặc hít phải. Chính vì lý do đó mà Nhiệt kế điện tử ra đời để thay thể cho cặp nhiệt độ thủy ngân.<br />\n<br />\nVới các tính năng vượt trội về độ chính xác cao, thời gian đo cực nhanh chỉ từ 1 – 60 giây, dễ sử dụng, và đặc biệt an toàn với trẻ sơ sinh và trẻ nhỏ. Có rất nhiều dòng phù hợp với từng gia đình.<br />\n<br />\nHãng LAICA - ITALY muốn giới thiệu cho quý khách hàng sản phẩm nhiệt kế điện tử đầu mềm LAICA TH3302 được sản xuất bằng công nghệ tiên tiến theo tiêu chuẩn Châu Âu. Đây là dòng nhiệt kế dạng kẹp, đầu đo mềm, dễ sử dụng, tốc độ đo siêu nhanh với độ chính xác cao, giá thành rẻ.<br />\n<br />\nĐặc điểm nổi bật của nhiệt kế điện tử đầu mềm LAICA TH3302<br />\nLà loại nhiệt kế điện tử đầu mềm.<br />\n<br />\nNhiệt kế dạng bút có thể dùng để đo nhiệt độ cơ thể bé ở 3 vị trí mồm, nách và hậu môn<br />\n<br />\nBộ nhớ nhiệt kế lưu lại 1 kết quả đo lần đo gần nhất giúp mẹ dễ dàng so sách 2 kết quả trước và sau.<br />\n<br />\nMột cục pin có thể đo tối đa được khoảng 5000 lần<br />\n<br />\nKhi không sử dụng sản phẩm nhiệt kế sẽ tự động tắt sau 10 phút .<br />\n', 'Loại sản phẩm:<br />\n<br />\nHãng sản xuất:', '', '', '', '', '', ''),
(133, 2, 'Bình xông mũi họng LAICA NE1005', 'Bình xông mũi họng LAICA NE1005 khá hiệu quả trong việc điều trị các chứng bệnh liên quan đến đường hô hấp như viêm phổi, viêm xoang, hen suyễn nhờ được ứng dụng công nghệ xông khí dung siêu âm cho hiệu qủa xông hơi cao. Bình xông mũi họng LAICA NE1005 siêu nhẹ, siêu bền được rất nhiều khách hàng tin dùng và đối tượng sử dụng cũng rất đa dạng, có thể sử dụng ở bắt kỳ đâu, phù hợp cho mọi lứa tuổi.<br />\n<br />\n<br />\n<br />\nBình xông mũi họng LAICA NE1005 xuất xứ chính hãng Ý, được nhập khẩu nguyên chiếc và chính sách bảo hành hoàn hảo trong vòng 24 tháng.<br />\n<br />\n​<br />\n<br />\nTính năng nổi bật:<br />\n<br />\n– Công nghệ xông khí dung siêu âm cho hiệu quả xông hơi cao. <br />\n<br />\n– Máy xông có hình dáng nhỏ, gọn, nhẹ. <br />\n<br />\n– Thích hợp cho mọi lứa tuổi.<br />\n<br />\n– Hoạt động êm ái.<br />\n<br />\n– Có thể đem theo bên mình xông ở mọi nơi', 'Loại sản phẩm:<br />\n<br />\nHãng sản xuất:', '', '', '', '', '', ''),
(134, 2, 'Máy hâm sữa LAICA BC1004', 'Máy hâm sữa bằng hơi nước LAICA BC1004 được sản xuất bằng công nghệ tiên tiến theo tiêu chuẩn Châu Âu, giúp làm ấm bình sữa, bình đựng thức ăn một cách nhanh chóng và cực kì an toàn.<br />\n<br />\nĐược thiết kế với kiểu dáng sang trọng, màn hình LCD và các nút điều chỉnh thời gian hoạt động giúp bạn có thể làm nóng đồ ăn cho con trẻ một cách chính xác, tiện lợi và an toàn tùy theo lượng chất lỏng hoặc đồ ăn.<br />\n<br />\nHƯỚNG DẪN SỬ DỤNG:<br />\n<br />\nKhông bật thiết bị trước khi đổ nước vào khoang chứa nước.<br />\n<br />\nTrước khi sử dụng bình hâm sữa:<br />\n<br />\nĐặt máy lên một mặt phẳng cứng, khô ráo<br />\nĐổ chính xác 20 ml nước lạnh vào trong khoang chứa nước. Sử dụng cốc đo lượng nước được cung cấp đi kèm.<br />\nLắp giá đỡ bình sữa vào máy, lắp vòng khóa cố định.<br />\nĐặt bình sữa hoặc bình đựng đồ ăn (có đậy nắp) vào giá đỡ. Trong trường hợp thể tích bình lớn, bạn có thể không cần sử dụng đến vòng khóa cố định.<br />\nCắm dây nguồn vào nguồn điện, đèn “POWER” sẽ sáng<br />\nẤn nút nguồn sau đó lựa chọn thời gian hâm nóng bằng cách sử dụng nút p (để tăng thời gian) và nút q (để giảm thời gian). Chọn thời gian cài đặt là 3 phút (Thời gian Cài đặt tối đa là 12 phút, tối thiểu là 1 phút). Sau đó ấn nguồn để hoàn thành cài đặt. Đèn “HEAT” sẽ sáng báo hiệu thiết bị bắt đầu hâm nóng, trên màn hình xuất hiện thời gian được đếm lùi dưới dạng phút. Khi thời gian còn lại dưới 1 phút màn hình sẽ chuyển về dạng đếm giây.<br />\nKhi hết thời gian cài đặt màn hình hiển thị 0:0, thiết bị sẽ phát ra ba âm thanh ngắn và tự động ngắt.<br />\n<br />\nKhi khoang chứa nước đã hết trong khi thời gian cài đặt của bạn vẫn còn, thiết bị sẽ tự động ngắt và báo hiệu nhấp nháy thời gian còn lại trên màn hình, phát âm báo dài rồi sau đó tự động tắt, đèn POWER sáng.<br />\n<br />\nChú ý:Hãy đặc biệt chú ý để tránh bị bỏng vì máy tạo ra hơi nước trong quá trình hoạt động.<br />\n<br />\nSau mỗi lần kết thúc quá trình hoạt động, thiết bị đều phát ra  ba âm thanh ngắn và sau đó tự động ngắt. Tuy nhiên khi đang sử dụng bạn có thể ngắt thiết bị bất cứ khi nào bằng cách ấn nút nguồn sau đó rút phích cắm ra khỏi nguồn điện.<br />\nĐể tiếp tục sử dụng máy lần nữa, hãy để thiết bị nguội bớt trong vài phút, nhấc giá đỡ bình sữa ra khỏi máy, bỏ lượng nước thừa phía bên trong khoang chứa, lau khô máy bằng khăn khô và sạch.<br />\nVà bây giờ, thiết bị của bạn đã sẵn sàng để sử dụng.Hãy làm lại từ đầu các bước nêu trên.<br />\n<br />\nSử dụng miếng vải khô để nhấc bình sữa hoặc bình chứa thức ăn ra khỏi máy để tránh bị bỏng.<br />\nLắc nhẹ bình và có thể đổ một vài giọt ra  tay để kiểm tra nhiệt độ. Hãy chắc chắn rằng nắp bình đã được đóng chặt trước khi lắc. Đồ ăn trẻ em cần được trộn một cách cẩn thận và nếm thử trước khi cho trẻ dùng để tránh bị bỏng.<br />\n<br />\nNếu không tiếp tục sử dụng hãy để thiết bị nguội bớt trong vài phút, nhấc giá đỡ bình ra khỏi máy, đổ phần nước thừa trong máy đi, lau khô bằng khăn sạch.<br />\nLuôn luôn đổ hết nước còn lại trong máy sau mỗi lần sử dụng, tránh để phích cắm tiếp xúc với nước. Lau sạch cả trong và ngoài máy bằng vải khô.', 'Loại sản phẩm:<br />\n<br />\nHãng sản xuất:', '', '', '', '', '', ''),
(135, 2, 'Nhiệt kế đầu cứng LAICA TH3106', 'Sốt thường là triệu chứng đầu tiên mỗi khi bạn ốm hay mắc phải các chứng bệnh như: sốt xuất huyết, sốt siêu vi, chân tay miệng… Vì thế, với mỗi gia đình, việc chăm sóc sức khỏe cho tất cả các thành viên đã không thể thiếu được chiếc nhiệt kế. LAICA - ITALY giới thiệu đến bạn Nhiệt kế điện tử đầu cứng LAICA TH3106, sản phẩm có thể giúp bạn việc theo dõi nhiệt độ cơ thể để xác định tình trạng sức khỏe của các thành viên trong gia đình, đặc biệt là với các em nhỏ khi có những biểu hiện đáng ngờ.<br />\n<br />\n <br />\n<br />\n<br />\n<br />\nLà sản phảm của hãng LAICA - ITALY, thiết bị là tinh hoa của công nghệ Ý, với mục tiêu mang lại sự tiện lợi và tuyệt đối an toàn cho người tiêu dùng, hãng cho ra đời sản phẩm chuyên dành cho các bé ở độ tuổi mọc răng, các bé rát ngứa lợi, các bé có thẻ cắn, chơi mà không nguy hiểm như loại nhiệt kế thủy ngân thông thường.<br />\n<br />\n- Nhiệt kế điện tử đầu cứng LAICA TH3106 cặp nách được thiết kế với kiểu dáng thanh lịch, tiện lợi, dễ dàng sử dụng đo nhiệt độ ở nách, miệng...<br />\n<br />\n- Rất dễ sử dụng, dùng như nhiệt kế thủy ngân thông thường.<br />\n<br />\n- Thao tác đo đơng giản, chỉ cần bật nút công tắc là đo được. Pin dễ kiếm, tiết kiệm pin.<br />\n<br />\n- An toàn khi sử dụng cho nhiều người, không chạm vào cơ thể, tránh bệnh truyền nhiễm lây lan', 'Loại sản phẩm:<br />\n<br />\nHãng sản xuất:', '', '', '', '', '', ''),
(136, 2, 'Huyết áp cổ tay LAICA BM1004', 'Bạn hay người thân của bạn trên 50 tuổi, cơ thể thường xuyên cảm thấy người mệt mỏi, chóng mặt, hoa mắt, dễ nổi nóng, hồi hộp, đau tức ngực,.... Thay vì tự suy đoán hay phải lo lắng chờ đợi hàng giờ tại phòng khám để biết kết quả tình trạng sức khỏe của mình… Hãy chủ động tự theo dõi bằng cách trang bị máy đo huyết áp tự động trong ngôi nhà của bạn để có thể sống tự tin và khỏe mạnh hơn cũng như tránh mọi nguy cơ tai biến mạch máu não, suy tim, đột quỵ, liệt người, hôn mê…hay các hậu quả đáng tiếc khác do bị bệnh liên quan đến tim mạch nhưng bạn để nó ngoài tầm kiểm soát!<br />\n<br />\n<br />\n<br />\nThông tin sản phẩm<br />\n<br />\n- Sử dụng pin 2x 1.5V Alkaline AAA (Đi kèm)<br />\n<br />\n- CE0434: (ed. 93/42/EEC)<br />\n<br />\n-  Dữ liệu: Huyết áp tối đa / huyết áp tối thiểu và tần số nhịp tim/ phút.<br />\n<br />\n-  Kích thước: 8,6 x 6,8 x 3,2 cm<br />\n<br />\n-  LCD: 3,9 x 4,4 cm<br />\n<br />\n-  Bộ nhớ: nhớ được 60 lần đo<br />\n<br />\n- Tự động bơm và xả khí, rất dễ dàng khi sử dụng<br />\n<br />\n- Hoàn toàn không ảnh hưởng đến sức khỏe người đo. BM1004 kiểm tra các thông số về huyết áp cũng như nhịp tim dựa trên bảng phân loại huyết áp của WHO (Tổ chứcY tế Thế giới)<br />\n<br />\n- Công nghệ Oscillometric cho độ chính xác và độ tin cậy cao.<br />\n<br />\n- Màn hình LCD lớn và dễ đọc<br />\n<br />\n- Bộ nhớ lưu được 60 lần đo<br />\n<br />\n- Bộ nhớ lưu các giá trị: Huyết áp tối đa/ tối thiểu, tần số nhịp tim, ngày và giờ của các phép đo dựa trên bảng phân loại huyết áp của WHO (Tổ chức Y tế Thế giới)<br />\n<br />\n- Hộp đựng và sách hướng dẫn. Bảo hành 24 tháng.<br />\n<br />\n- CE 0434: (sản phẩm được chứng nhận đạt tiêu chuẩn 93/42/EEC của Châu Âu về \"Tư vấn Y tế \").<br />\n<br />\nThiết kế nhỏ gọn, thanh lịch và dễ sử dụng, máy đo huyết áp cổ tay Laica BM1004 sản xuất theo tiêu chuẩn y tế CE 0434 của Khối Cộng Đồng Chung Châu Âu và WHO - Tổ chức y tế thế giới, giúp nhanh chóng kiểm tra được huyết áp tối đa, huyết áp tối thiểu và nhịp tim một cách chính xác nhất.<br />\n<br />\nNgoài ra, bên cạnh chức năng hiển thị kết quả đo được bằng số, một cột hiển thị tự động so sánh giúp phân loại huyết áp của bạn theo tiêu chuẩn W.H.O tương ứng với bốn cấp độ là: Huyết áp bình thường - Huyết áp hơi cao - Huyết áp ao và Huyết áp rất cao.<br />\n<br />\nMáy còn có chức năng cảnh báo tim bất thường nếu phát hiện triệu chứng này trong quá trình kiểm tra, bộ nhớ lưu được kết quả của 60 lần đo giúp bạn và bác sĩ của bạn dễ dàng tham khảo khi cần thiết.', 'Loại sản phẩm:<br />\n<br />\nHãng sản xuất:', '', '', '', '', '', ''),
(137, 2, 'Máy xông mũi họng MD6026', 'Với cơ chế xông siêu âm cùng thiết kế tinh tế và công nghệ hoàn toàn mới, đặc trưng bởi hiệu năng cao với cơ chế chống ồn.\nMD6026 như một máy thở chuyển đổi thuốc từ dạng chất lỏng sang dạng sương giúp việc hít thở dễ dàng hơn.\nLà công cụ tuyệt vời cho gia đình, thiết thực và dễ dàng sử dụng cũng như việc bảo quản bảo trì máy.\nMD6026 sử dụng tốt cho trẻ em, những người gặp khó khăn trong việc sử dụng thuốc phun hay những người mắc bệnh suyễn nặng.\n\nTính năng sản phẩm:\n\n• Bao gồm: mặt nạ dành cho người lớn, trẻ em, ống tẩu, kết nối, ống xông, bóng thuốc. \n• ce0434: (dir. 93/42/EEC) \n• Kích cỡ: 15 x 11,6 x 9.7 cm \n• Xông rất nhanh chóng, êm và hiệu quả \n• Thiết thực và dễ sử dụng \n• Mains powered: Đèn chỉ thị ON / OFF  \n• Màu sắc: trắng \n• Hướng dẫn sử dụng cho 12 ngôn ngữ \n• Được trang bị với: Ống phun thuốc (cùng phụ kiện), ống khí kết nối, mặt nạ cho người lớn, mặt nạ cho trẻ em, máy phun…\n• Nguồn cung cấp: 230V AC / DC 13,5 V \n• Điều kiện hoạt động: \n   - Nhiệt độ: 5 ° C đến 45 ° C \n   - Độ ẩm: < 85%\n\n• Điều kiện bảo quản: \n   - Nhiệt độ: 0 ° C đến 65 ° C \n  - Độ ẩm: < 95%\n\n• Siêu âm tần: 1.7 MHz \n• Hiệu suất: khoảng 0,4 ml / phút \n• Tỷ lệ phần trăm lượng thuốc hấp thu: 60% hạt <5 μm \n• Trung bình kích thước của các hạt: 3,4μm \n• Bầu dịch: 8 ml = 8 cc \n• Kích thước: 235 x 145 x 285 mm \n• Trọng lượng: 350 g \n• Sản phẩm được chứng nhận đạt tiêu chuẩn 93/42/EEC \"Thiết bị Y tế\"', 'Loại sản phẩm:<br />\n<br />\nHãng sản xuất:', '', '', '', '', '', ''),
(138, 2, 'Huyết áp LAICA BM2301', 'Máy đo huyết áp bắp tay Laica BM2301 sản xuất theo tiêu chuẩn y tế CE 0434 của Khối Cộng Đồng Chung Châu Âu và WHO - Tổ chức Y tế Thế giới, giúp nhanh chóng kiểm tra được huyết áp tối đa, huyết áp tối thiểu và nhịp tim một cách chính xác nhất.<br />\n<br />\nThông tin sản phẩm<br />\n<br />\n- Sử dụng 4pin x 1.5V Alkaline AAA (Đi kèm)<br />\n<br />\n-  Kích thước: 15.8 x 10.9 x 8.2 cm<br />\n<br />\n-  Màn hình LCD: 5.5 x 8.2 cm<br />\n<br />\n-  Bộ nhớ: nhớ được 120 lần đo x 04 người<br />\n<br />\n- Tự động bơm và xả khí, rất dễ dàng khi sử dụng<br />\n<br />\n- Công nghệ Oscillometric cho độ chính xác và độ tin cậy cao<br />\n<br />\n- Bộ nhớ lưu các giá trị: Huyết áp tối đa / tối thiểu, nhịp tim, ngày giờ của các lần đo<br />\n<br />\n- CE 0434: (Sản phẩm được chứng nhận đạt tiêu chuẩn 93/42/EEC của Châu Âu về \"Tư vấn Y tế \")', 'Loại sản phẩm:<br />\n<br />\nHãng sản xuất:', '', '', '', '', '', ''),
(139, 2, 'Huyết áp bắp tay BM2001', 'Bạn hay người thân của bạn trên 50 tuổi, cơ thể thường xuyên cảm thấy người mệt mỏi, chóng mặt, hoa mắt, dễ nổi nóng, hồi hộp, đau tức ngực.... Thay vì tự suy đoán hay phải lo lắng chờ đợi hàng giờ tại phòng khám để biết kết quả tình trạng sức khỏe của mình. Hãy chủ động tự theo dõi bằng cách trang bị máy đo huyết áp tự động trong ngôi nhà của bạn. Cả nhà sẽ khỏe mạnh hơn cũng như tránh mọi nguy cơ tai biến, đột quỵ, liệt người… hay các hậu quả đáng tiếc khác do bị bệnh liên quan đến tim mạch.<br />\n<br />\n <br />\n<br />\n <br />\nThông tin sản phẩm:<br />\n- Sử dụng pin 4 x 1.5V Alkaline AAA (Đi kèm), có Adapter (dùng điện được).<br />\n- Kích thước: 8,6 x 6,8 x 3,2 cm.<br />\n- LCD: 3,9 x 4,4 cm.<br />\n- Tự động bơm và xả khí, rất dễ dàng khi sử dụng.<br />\n- Công nghệ Oscillometric cho độ chính xác và độ tin cậy cao.<br />\n- Bộ nhớ lưu được 60 lần đo.<br />\n- Bộ nhớ lưu các giá trị: Huyết áp tối đa/ tối thiểu, tần số nhịp tim, ngày và giờ của các phép đo dựa trên bảng phân loại huyết áp của WHO (Tổ chức Y tế Thế giới).<br />\n- Hộp đựng và sách hướng dẫn. Bảo hành 24 tháng.<br />\n- CE 0434: (sản phẩm được chứng nhận đạt tiêu chuẩn 93/42/EEC của Châu Âu về \"Tư vấn Y tế\").<br />\n ', 'Loại sản phẩm:<br />\n<br />\nHãng sản xuất:', '', '', '', '', '', ''),
(140, 2, 'Máy tạo hơi ẩm HI3013', 'Không khí trong phòng của bạn sẽ trở lên ngột ngạt do thiếu oxi và độ ẩm khi thời tiết hanh khô hoặc khi sử dụng điều hòa hay chăn điện, quạt sưởi, dàn sưởi ấm … Vì thế da bạn bị khô nẻ, niêm mạc mũi bị bong khô làm mất khả năng bảo vệ nên dễ mắc các chứng bệnh viêm nhiễm đường hô hấp…THẾ NHƯNG BẠN KHÔNG CẦN PHẢI LO LẮNG vì bạn sẽ điều hòa được không khí trong phòng bằng máy tạo độ ẩm siêu âm LAICA.<br />\n<br />\nVới công nghệ tiên tiến, thiết kế độc đáo máy tạo ẩm siêu âm là một công cụ hữu ích giúp không khí trong phòng làm việc, phòng khách hay phòng ngủ của bạn trở lên mát mẻ và trong lành hơn. Máy sử dụng sóng siêu âm làm bốc hơi các phân tử nước, do đó hơi ẩm được toả ra dưới dạng sương mù mỏng và nhẹ như làn khói cung cấp thêm oxi cho căn phòng của bạn.<br />\n<br />\nNhững chỉ dẫn chung:<br />\n<br />\nSử dụng máy cần chú ý những quy tắc cơ bản sau đây:<br />\n<br />\n- Rút phích cắm của máy ra khỏi nguồn điện sau khi sử dụng hoặc trước khi lau chùi hay tháo lắp các thiết bị phụ trợ của máy.<br />\n<br />\n- Không tắt nguồn bằng cách kéo dây nguồn hoặc máy.<br />\n<br />\n- Nếu máy bị rơi xuống nước phải rút dây nguồn ra ngay lập tức, không cố gắng cho hoạt động lại.<br />\n<br />\n- Không nhúng máy vào nước hay bất kỳ dung dịch nào.<br />\n<br />\n- Không để trẻ em, người già và người khuyết tật tự sử dụng máy khi không có sự theo dõi hướng dẫn của người có hiểu biết về sản phẩm.<br />\n<br />\n- Máy chỉ được sử dụng duy nhất cho mục đích mà nó đã được chế tạo theo hướng dẫn sử dụng. Nếu không nó có thể hoạt động không chính xác và gây nguy hiểm. Nhà sản xuất sẽ không chịu trách nhiệm do cách sử dụng sai quy định gây ra.<br />\n<br />\n- Trước khi sử dụng máy phải quan sát, kiểm tra thật kỹ để chắc chắn rằng máy không có bất kỳ hư hại nào, nếu phát hiện lỗi tuyệt đối không được sử dụng và phải liên hệ với nhà phân phối để được giải quyết.<br />\n<br />\n- Giữ máy xa những nơi có nhiệt độ cao.<br />\n<br />\n- Phải chắc chắn tay của bạn luôn khô khi sử dụng máy.<br />\n<br />\n- Sử dụng máy với đúng nguồn điện quy định của nhà sản xuất (220V – 230V).<br />\n<br />\n- Không được để máy ngoài trời mưa, dưới ánh nắng trực tiếp hay gần các thiết bị điện khác.<br />\n<br />\n- Phải rút phích cắm của máy ra khỏi nguồn điện khi không sử dụng.<br />\n<br />\nChú ý:<br />\n<br />\nKhông được cắm phích cắm của máy vào nguồn điện khi khoang chứa nước chưa được lắp vào thân máy chính.<br />\n<br />\nKhông được sử dụng máy khi trong khoang chứa không có nước. Chỉ sử dụng nước sạch đã được lọc khoáng, không sử dụng nước chứa nhiều khoáng, tạp chất (như nước cứng, nước giếng khoan, nước bị nhiễm phèn, nhiễm mặn), tuyệt đối không cho dầu thơm, nước hoa, thuốc hoặc bất kỳ dung dịch nào khác vào trong nước.<br />\n<br />\nPhải tắt máy và rút phích cắm ra khỏi nguồn điện khi tháo lắp khoang chứa nước.<br />\n<br />\nĐặt máy trên một mặt phẳng, cứng, chắc chắn và khô ráo.<br />\n<br />\nKhông được để bất kỳ vật gì bịt kín cửa thông gió ở dưới đáy thân máy chính cũng như ống toả hơi nước của máy.<br />\n<br />\nKhông được sờ vào phần cảm biến của máy hay nước trong khoang chứa trong khi máy đang chạy.<br />\n<br />\nKhi nước trong khoang chứa bốc hơi hết cần phải tắt mắy và rút phích cắm ra khỏi nguồn điện. Nếu muốn tiếp tục sử dụng hãy đổ nước vào khoang chứa và thực hiện theo đúng hướng dẫn sử dụng.<br />\n<br />\nKhông được đổ nước vào máy qua ống toả hơi nước.<br />\n<br />\nKhông đổ trực tiếp nước vào thân máy chính.<br />\n<br />\nCác phần/ thiết bị của máy:<br />\n<br />\nKhoang chứa nước.<br />\n<br />\nTay cầm khoang chứa nước.<br />\n<br />\nỐng toả hơi nước.<br />\n<br />\nNắp máy.<br />\n<br />\nNắp khoang chứa nước.<br />\n<br />\nThân máy chính.<br />\n<br />\nĐèn báo hiệu nguồn.<br />\n<br />\nĐèn màu trang trí.<br />\n<br />\nDây nguồn của máy.<br />\n<br />\nCông tắc và núm điều chỉnh tốc độ máy.<br />\n<br />\nPhao cảm biến.<br />\n<br />\nPhần tạo sóng siêu âm<br />\n<br />\nHướng dẫn sử dụng:<br />\n<br />\nKhông được bật máy khi trong khoang chứa nước không có nước.<br />\n<br />\nTháo nắp máy.<br />\n<br />\nLấy khoang chứa nước ra khỏi thân máy chính. Tìm nắp khoang chứa phía đáy và mở ra bằng cách vặn ngược chiều kim đồng hồ. Đổ nước sạch vào trong khoang chứa (Khoang chứa có dung tích 3,00 lít) không được cho dầu thơm, nước hoa,…vào trong nước.<br />\n<br />\nĐóng nắp khoang chứa lại bằng cách vặn theo chiều kim đồng hồ và kiểm tra nếu nước không bị chảy ra là được (Các khớp của nắp khoang chứa phải được lắp chặt khít với nhau). Nếu nguồn nước mà bạn sử dụng có chứa nhiều khoáng chất hay muối thì cần phải sử dụng nước đã khử khoáng.<br />\n<br />\nĐặt khoang chứa vào thân máy chính. Cắm phích cắm vào nguồn điện, bật máy lên, đèn cảnh báo sẽ có màu xanh. Chỉ sau vài phút hơi nước sẽ lan toả khắp phòng của bạn. Khi khoang chứa nước được đổ đầy bạn có thể dùng liên tục trong khoảng 10 giờ. Để thay đổi tốc độ luồng hơi nước toả ra bạn chỉ cần điều chỉnh “núm điều chỉnh tốc độ” trên thân máy chính theo chiều mũi tên hoặc ngược lại.<br />\n<br />\nKhi nước trong khoang chứa đã bay hơi hết, máy tự động ngắt và đèn cảnh báo sẽ chuyển màu đỏ. Bạn cần phải tắt máy (Vặn núm điều chỉnh về vị trí OFF) và rút phích cắm ra khỏi nguồn điện. Nếu muốn tiếp tục sử dụng hãy đổ đầy nước vào khoang chứa và thực hiện lại như hướng dẫn sử dụng ở trên.<br />\n<br />\nLau chùi và bảo quản máy:<br />\n<br />\nTrước lau chùi và bảo quản máy cần phải tắt máy và rút phích cắm ra khỏi nguồn điện. Tháo nắp máy và khoang chứa, đổ hết nước còn lại trong khoang chứa và thân máy chính ra ngoài. Vệ sinh khoang chứa nước bằng cách rửa với nước sạch, không được dùng các chất tảy rửa. Dùng vải mềm và khô để lau chùi cho khô ráo.<br />\n<br />\nLau chùi vỏ thân máy chính bằng vải mềm và khô, tuyệt đối không được để nước hay bất kỳ dung dịch nào lọt vào phần máy bên trong. Đối với phần tạo sóng siêu âm (Phần chính giữa máy) cần phải lau nhẹ nhàng nếu không sẽ làm ảnh hưởng tới máy.<br />\n<br />\nKhoang chứa nước của máy nên vệ sinh 1 lần/1 tuần với nước có pha 1 - 2 giọt Amoniac (Ngâm khoảng 20 phút sau đó dùng vải mềm và khô để lau chùi sạch).<br />\n<br />\nQua thời gian sử dụng phần tạo sóng siêu âm của máy có thể bị bám cặn bẩn. Để tẩy sạch các cặn bẩn này bạn hãy sử dụng một miếng vải mềm được làm ẩm bằng dung nước có pha dấm (Với tỷ lệ 50% dấm và 50% nước) và lau chùi nhẹ nhàng.<br />\n<br />\nLau chùi xong cần phải lắp đặt các phần của máy theo đúng qui định.<br />\n<br />\nmay-tao-do-am-sieu-am-laica-hl3013<br />\n<br />\nmay-tao-do-am-sieu-am-laica-hl3013<br />\n<br />\nMột số lỗi có thể gặp và cách khắc phục:<br />\n<br />\n+ Đèn báo hiệu không sáng:<br />\n<br />\nKiểm tra lại phích cắm của máy.<br />\n<br />\nKiểm tra lại công tắc nguồn của máy.<br />\n<br />\n+  Không có hơi toả ra khi bật máy:<br />\n<br />\nKiểm tra mức nước có trong khoang chứa.<br />\n<br />\nKiểm tra lại vị trí đặt máy và đặt lại đúng qui định.<br />\n<br />\nKiểm tra phần tạo sóng siêu âm (Xem có bị cặn bẩn bám không)<br />\n<br />\n+ Bị ngưng đọng hơi nước trên các đồ vật trong phòng:<br />\n<br />\nĐể mức hơi toả ra lớn trong khi không gian phòng của bạn chật.<br />\n<br />\n+ Bị đóng cặn bẩn trên tường hay ngay trên thân máy:<br />\n<br />\nNguồn nước sử dụng có nhiều khoáng chất, cần phải sử dụng nước đã lọc khoáng.<br />\n<br />\nCác thông số kỹ thuật:<br />\n<br />\n+Nguồn điện sử dụng: 220 - 230V/ AC 50-60HZ 25W.<br />\n<br />\n+Thể tích khoang chứa: 3,00 lít sử dụng liên tục 10h.<br />\n<br />\nChế độ bảo hành:<br />\n<br />\n-Thời gian bảo hành: 12 tháng cho những lỗi được xác định thuộc về nhà sản xuất.<br />\n<br />\n-Sản phẩm không được bảo hành nếu tem/ phiếu bảo hành của nhà sản xuất bị rách rời, tẩy xoá hay hết thời gian bảo hành. Sản phẩm sử dụng không đúng hướng dẫn của nhà sản xuất, bị hỏng do va đập, bị rơi xuống nước, bảo quản không đúng cách…', 'Loại sản phẩm:<br />\n<br />\nHãng sản xuất:', '', '', '', '', '', ''),
(141, 2, 'Mặt nạ xông khí dung (size trẻ sơ sinh)', 'Đặc điểm kỹ thuật:<br />\n<br />\n+ Mask khí thở (Mặt nạ thở) Sturdy được thiết kế mềm, trong suốt, với kích cỡ mặt nạ lớn giúp cho bệnh nhân dễ dàng điều chỉnh dây đeo đàn hồi và mũi theo vị trí đúng của mặt nạ<br />\n<br />\n+ Mặt nạ được làm từ 100% Silicone<br />\n<br />\n+ Mặt nạ có kết nối hệ thống thông gió tự động hoặc bằng tay recusciators, để cung cấp bảo vệ cho bản thân.<br />\n<br />\nCông dụng: <br />\n<br />\n+ Mask khí thở (Mặt nạ thở) Sturdy là mặt nạ dùng để tích hợp với các máy cung cấp khí, trong trường hợp bệnh nhân trong tình trạng cấp cứu và gặp nhiều khó khăn trong quá trình hô hấp<br />\n<br />\nKích cỡ/Dung tích: Người lớn, trẻ em, sơ sinh', 'Loại sản phẩm:<br />\n<br />\nHãng sản xuất:', '', '', '', '', '', ''),
(142, 2, 'Bộ Gây Tê Ngoài Màng Cứng Perifix 421 Complete Set (1 Bộ)', 'Bộ gây tê ngoài màng cứng Perifix 421 Complete set<br />\n<br />\nĐặc điểm kỹ thuật:<br />\n<br />\n+ Bộ gây tê ngoài màng cứng Perifix 421 Complete set được sản xuất từ nhiều chất liệu như sau: ABS, PA, PS, PC, PE, PEBA, PP, SAN, thép không ghỉ, TPE,<br />\n<br />\nCông dụng:<br />\n<br />\n+ Bộ gây tê ngoài màng cứng Perifix 421 Complete set được các y bác sĩ dùng trong phẫu thuật sản phụ khoa, phẫu thuật tiệt niệu sinh dục, phẫu thuật hai chi dưới.Giúp gây tê ngoài màng cứng trong quá trình phẫu thuật.<br />\n<br />\nSản phẩm bao gồm:<br />\n<br />\n+ Kim Perican, đầu kim Tuohy<br />\n<br />\n+ Catheter Perifix, 1000 mm<br />\n<br />\n+ Connector<br />\n<br />\n+ Perifix Filter 0.2 μm<br />\n<br />\n+ Perifix PinPad<br />\n<br />\n+ Bơm Perifix L.O.R., không latex<br />\n<br />\n+ Bơm tiêm sử dụng một lần<br />\n<br />\n+ Kim tiêm sử dụng một lần<br />\n<br />\n+ Nhãn catheter<br />\n<br />\nLưu ý: <br />\n<br />\n+ Gây tê ngoài màng cứng là một kỹ thuật gây tê vùng cột sống được tiến hành bằng cách đưa thuốc tê vào khoang ngoài màng cứng để ức chế dẫn truyền thần kinh ở một vùng nhất định do các rễ thần kinh chi phối.<br />\n<br />\n+ Phương pháp này chỉ giúp hạn chế các cơn đau, không ức chế khả năng vận động của sản phụ và các cơn co tử cung dẫn đến đau nhức vẫn xuất hiện bình thường.<br />\n<br />\n-Tác dụng phụ:<br />\n+ Hạ huyết áp: Một số trường hợp bị hạ một ít huyết áp khi sử dụng phương pháp này. Bác sĩ gây mê sẽ truyền dịch và thuốc để từ nâng huyết áp về mức bình thường.<br />\n<br />\n+ Bí tiểu: Các sợi thần kinh thực hiện chức năng của bàng quang sẽ bị ảnh hưởng khi sử dụng qua phương pháp này. Một ống thông sẽ được đưa vào bàng quang để dẫn lưu nước tiểu. Điều này thường dùng sau một cuộc phẫu thuật lớn.<br />\n<br />\n+ Ngứa: Gây ra do một số tác dụng phụ của các loại thuốc giảm đau được dùng khi gây tê ngoài màng cứng. Các thuốc kháng histamine thường được dùng để điều trị tác dụng phụ này hoặc có thể thay đổi loại thuốc dùng gây tê ngoài màng cứng.<br />\n<br />\n+ Buồn nôn: Ít xảy ra so với các phương pháp giảm đau khác. Tình trạng này được điều trị bằng các thuốc kháng nôn.<br />\n<br />\n+ Không đủ giảm đau: Phương pháp này có thể không hoàn toàn giảm đau cho bệnh nhân. Bác sĩ gây mê sẽ quyết định có nên tiếp tục sử dụng phương pháp này hay cần phải thử ư một phương pháp giảm đau khác.<br />\n<br />\nQuy cách đóng gói: 1 bộ', ' Hãng Sản Xuất: Bbraun<br />\n<br />\n+Xuất Xứ: Đức<br />\n<br />\nBộ Gây Tê Ngoài Màng Cứng Perifix 421 Complete Set Được Các Y Bác Sĩ Dùng Trong Phẫu Thuật Sản Phụ Khoa, Phẫu Thuật Tiệt Niệu Sinh Dục, Phẫu Thuật Hai Chi Dưới', '', '', '', '', '', ''),
(143, 2, 'Kim ống nhựa IV', 'Product Specification<br />\nDisposable	Yes<br />\nMaterial	Plastic<br />\nMaterial Type	Plastic<br />\nUnit Length	32 mm<br />\nUsage/Application	Medical Industry<br />\nAbout the Company<br />\nYear of Establishment<br />\n2018<br />\nLegal Status of Firm<br />\nIndividual - Proprietor<br />\nNature of Business<br />\nWholesale Trader<br />\nNumber of Employees<br />\nUpto 10 People<br />\nAnnual Turnover<br />\nRs. 5 - 10 Crore<br />\nIndiaMART Member Since<br />\nAug 2015<br />\nGST<br />\n07CQJPM0690R1Z2<br />\nImport Export Code (IEC)<br />\nCQJPM*****<br />\nAdvit Medlife is one of the renowned traders of a wide range of Diagnostic Catheter, Guide Wire, Inflation Device etc. These products are designed and manufactured in line with the latest trends and standards of the industry. The entire range of products offered by us is very popular in the markets for their afford ability and high durability nature.', 'Disposable	Yes<br />\nMaterial	Plastic<br />\nMaterial Type	Plastic<br />\nUnit Length	32 mm<br />\nUsage/Application	Medical Industry', '', '', '', '', '', ''),
(144, 2, 'Dây Truyền Dịch OMIGA (10 Bộ Dây Truyền)', 'Công dụng Dây truyền dịch OMIGA:<br />\n<br />\n+Dây chuyền dịch OMIGA dùng để đưa dung dịch và thuốc vào cơ thể bệnh nhân<br />\n<br />\nHướng dẫn sử dụng:<br />\n<br />\n+Đóng kín khóa chỉnh giọt<br />\n<br />\n+Cắm kim chai vào chai dịch chuyền<br />\n<br />\n+Treo lên giá,chỉnh lượng dịch đầy tới ½ thân bầu nhỏ giọt<br />\n<br />\n+Mở nút thông khí và khóa chỉnh giọt,đuổi hết khí trong ống dây<br />\n<br />\n+Cắm chặt dây chuyền vào kim, chỉnh tốc độ nhỏ giọt hợp lý và bắt đầu truyền dịch.<br />\n<br />\nChủng loại:<br />\n<br />\n+Có bầu đếm giọt tự động<br />\n<br />\n+Có kim cánh bướm<br />\n<br />\nQuy cách đóng gói: một bộ dây truyền/gói<br />\n', 'Loại sản phẩm:<br />\n<br />\nHãng sản xuất:', '', '', '', '', '', ''),
(145, 2, 'Kéo Cắt Băng Dài 20cm Pakistan (1 Cái)', 'Kéo cắt băng dài 20cm Pakistan<br />\n<br />\n<br />\nĐặc điểm kỹ thuật:<br />\n<br />\n+ Kéo cắt băng được làm từ nguyên liệu: Thép không gỉ với công nghệ cao,ứng dụng trong y tế bệnh viện, phòng khám, gia đình.<br />\n<br />\nCông dụng:<br />\n<br />\n+ Kéo cắt băng dài 20cm Pakistan dùng để thay băng cho bệnh nhân, cắt gòn, hoặc có thể sử dụng để cắt đồ dùng trong gia đình.<br />\n<br />\nKích cỡ/Dung tích: 20cm<br />\n<br />\nQuy cách đóng gói: 1 cái<br />\n<br />\nCAM KẾT BÁN HÀNG CỦA KHO VẬT TƯ Y TẾ<br />\n<br />\nKho vật tư y tế: Cam kết tuyệt đối không bán hàng giả, hàng nhái thương hiệu, hàng kém chất lượng.<br />\nTất cả sản phẩm của Kho vật tư y tế phân phối đều có nguồn gốc xuất xứ rõ ràng, minh bạch, chính hãng từ các nhà sản xuất.<br />\nKho vật tư y tế cam kết bán hàng đúng giá – đúng chất lượng.<br />\nKho vật tư y tế đảm bảo hàng hóa bán ra đều được bảo hành theo tiêu chuẩn của nhà sản xuất.', 'Loại sản phẩm:<br />\n<br />\nHãng sản xuất:', '', '', '', '', '', ''),
(146, 2, 'Băng Dính Cuộn Vải Lụa Y Tế UGOTANA 1,25cm X 5m (1 Cuộn/Hộp)', 'Đặc điểm kỹ thuật:<br />\n<br />\n+ Phần nền: Băng vải lụa.<br />\n<br />\n+ Keo: Oxyd kẽm không chứa dung môi.<br />\n<br />\nCông dụng:<br />\n<br />\n+ Băng dính cuộn vải lụa UGOTANA được dùng để băng bó các vết thương, vết mổ trong phẫu thuật hoặc sử dụng để cố định catheter, kim truyền…<br />\n<br />\nHướng dẫn sử dụng:<br />\n<br />\n+ Khử khuẩn và làm sạch da<br />\n<br />\n+ Lau khô vết thương bằng vải sạch trước khi băng<br />\n<br />\n+ Hằng ngày phải thay băng mới<br />\n<br />\nKích cỡ/Dung tích: 1,25cm x 5m<br />\n<br />\nQuy cách đóng gói: Hộp 1 cuộn, 24 hộp/hộp to,25 hộp to/kiện\\<br />\n<br />\nTiêu chuẩn chất lượng: ISO 13485:2003', 'Loại sản phẩm:<br />\n<br />\nHãng sản xuất:', '', '', '', '', '', ''),
(147, 2, 'Băng Dính Cá Nhân Y Tế UGOTANA Cho Gia Đình', 'Đặc điểm kỹ thuật:<br />\n<br />\n+ Băng: Được làm từ vải Viscose và Polyamide co giãn (hoặc không co giãn).<br />\n<br />\n+ Gạc: Màu trắng, được phủ lên bởi lớp lưới Polyethylene chống dính.<br />\n<br />\n+ Keo: Oxyd kẽm không chứa dung môi.<br />\n<br />\nCông dụng:<br />\n<br />\n+ Băng dính cá nhân là sản phẩm được dùng trong trường hợp bảo vệ da khi có các vết thương nhỏ, vết trầy, xước, rách da và vết kim đâm…đồng thời với khả năng chống thấm nước, Băng dính cá nhân UGOTANA cho Gia đình giúp bảo vệ vết thương khỏi nước.<br />\n<br />\nHướng dẫn sử dụng:<br />\n<br />\n+ Khử trùng và làm sạch vết thương bằng nước hoặc cồn y tế…<br />\n<br />\n+ Bóc UGOTANA và căn chỉnh để băng dính cá nhân che phủ toàn bộ vết thương.<br />\n<br />\n+ Sử dụng tay miết nhẹ phần mép của UGOTANA để cố định miếng dính trên bề mặt vết thương<br />\n<br />\n+ Thay băng cá nhân mỗi 8 tiếng, và tiếp tục thay băng cho đến khi vết thương khỏi.<br />\n<br />\nNhưng lưu ý khi sử dụng băng dính cá nhân:<br />\n+ Tuyệt đối không để tiếp xúc với nước, nếu như vết thương bị dính nước thì cần phải thay băng dính cá nhân khác cho dù các loại băng dính siêu dính chất lượng cao vẫn đảm bảo độ dính<br />\n<br />\n+ Chú ý tới kích thước của vết thương và băng dán, chỉ nên dán những vết thương có kích thước nhỏ hơn. Vết thương lớn hơn không bịt kín được bằng băng keo rất dễ tổn hại tới vết thương.<br />\n<br />\nKích cỡ/Dung tích: 19mmx72mm<br />\n<br />\nQuy cách đóng gói: Hộp 10 vỉ, 10 miếng/vỉ, 200 hộp/kiện<br />\n<br />\nTiêu chuẩn chất lượng: ISO 13485:2016.', 'Loại sản phẩm:<br />\n<br />\nHãng sản xuất:', '', '', '', '', '', '');

-- oc_product_image PRIMARY KEY (`product_image_id`)
INSERT IGNORE INTO `oc_product_image` (`product_image_id`, `product_id`, `image`, `image_alt`, `sort_order`) VALUES
(147, 133, 'https://media.bizwebmedia.net/sites/53634/data/Upload/2015/11/ne1005_1.jpg', '', 0),
(148, 136, 'https://bizweb.dktcdn.net/thumb/medium/100/347/027/products/2759039bm1004-1-jpeg.jpg?v=1550481401463', '', 0),
(149, 139, 'https://bizweb.dktcdn.net/thumb/1024x1024/100/347/027/products/2335343bm2001-copy-jpeg.jpg?v=1550481397417', '', 0),
(150, 140, 'https://bizweb.dktcdn.net/thumb/1024x1024/100/347/027/products/1010607may-phun-suong-tao-am-laica-hi3013-y-19-jpeg.jpg?v=1550481377510', '', 0);

-- oc_product_to_category PRIMARY KEY (`product_id`,`category_id`)
-- nothing to insert

-- oc_product_to_store PRIMARY KEY (`product_id`,`store_id`)
INSERT IGNORE INTO `oc_product_to_store` (`product_id`, `store_id`, `product_version_id`, `quantity`, `cost_price`) VALUES
(133, 0, 0, 20, '0.0000'),
(146, 0, 0, 20, '0.0000'),
(145, 0, 0, 20, '0.0000'),
(132, 0, 0, 20, '0.0000'),
(144, 0, 0, 20, '0.0000'),
(143, 0, 0, 20, '0.0000'),
(142, 0, 0, 20, '0.0000'),
(141, 0, 0, 20, '0.0000'),
(139, 0, 0, 20, '0.0000'),
(138, 0, 0, 20, '0.0000'),
(137, 0, 0, 20, '0.0000'),
(136, 0, 0, 20, '0.0000'),
(135, 0, 0, 20, '0.0000'),
(134, 0, 0, 20, '0.0000'),
(147, 0, 0, 20, '0.0000'),
(140, 0, 0, 20, '0.0000');