-- oc_product PRIMARY KEY (`product_id`)
-- delete first
INSERT IGNORE INTO `oc_product` (`product_id`, `model`, `sku`, `common_barcode`, `common_sku`, `common_compare_price`, `common_price`, `common_cost_price`, `barcode`, `upc`, `ean`, `jan`, `isbn`, `mpn`, `location`, `quantity`, `sale_on_out_of_stock`, `stock_status_id`, `image`, `image_alt`, `multi_versions`, `manufacturer_id`, `shipping`, `price`, `price_currency_id`, `compare_price`, `c_price_currency_id`, `points`, `tax_class_id`, `date_available`, `weight`, `weight_class_id`, `length`, `width`, `height`, `length_class_id`, `subtract`, `minimum`, `sort_order`, `status`, `channel`, `viewed`, `demo`, `deleted`, `default_store_id`, `user_create_id`, `date_added`, `date_modified`) VALUES
(155, '', '', '', '', '0.0000', '0.0000', '0.0000', '', '', '', '', '', '', '', 0, 0, 0, 'https://cdn.bestme.asia/images/x2/sus-p-1_WHc2mcv.jpg', '', 0, 26, 1, '700000.0000', 1, '1200000.0000', 1, 0, 0, '0000-00-00', '1.00000000', 1, '0.00000000', '0.00000000', '0.00000000', 0, 1, 1, 0, 1, 2, 0, 0, NULL, 0, 1, '2020-12-21 09:45:02', '2020-12-21 09:45:02'),
(154, '', '', '', '', '0.0000', '0.0000', '0.0000', '', '', '', '', '', '', '', 0, 0, 0, 'https://cdn.bestme.asia/images/x2/sus-p-10-1_5Qg3jpp.jpg', '', 0, 26, 1, '0.0000', 1, '400000.0000', 1, 0, 0, '0000-00-00', '1.00000000', 1, '0.00000000', '0.00000000', '0.00000000', 0, 1, 1, 0, 1, 2, 0, 0, NULL, 0, 1, '2020-12-21 09:45:02', '2020-12-21 09:45:02'),
(153, '', '', '', '', '0.0000', '0.0000', '0.0000', '', '', '', '', '', '', '', 0, 0, 0, 'https://cdn.bestme.asia/images/x2/sus-p-4-1_9eiyfIf.jpg', '', 0, 26, 1, '0.0000', 1, '1600000.0000', 1, 0, 0, '0000-00-00', '1.00000000', 1, '0.00000000', '0.00000000', '0.00000000', 0, 1, 1, 0, 1, 2, 0, 0, NULL, 0, 1, '2020-12-21 09:45:02', '2020-12-21 09:45:02'),
(152, '', '', '', '', '0.0000', '0.0000', '0.0000', '', '', '', '', '', '', '', 0, 0, 0, 'https://cdn.bestme.asia/images/x2/sus-p-7-1_yNB860t.jpg', '', 0, 26, 1, '0.0000', 1, '2000000.0000', 1, 0, 0, '0000-00-00', '1.00000000', 1, '0.00000000', '0.00000000', '0.00000000', 0, 1, 1, 0, 1, 2, 0, 0, NULL, 0, 1, '2020-12-21 09:45:02', '2020-12-21 09:45:02'),
(151, '', '', '', '', '0.0000', '0.0000', '0.0000', '', '', '', '', '', '', '', 0, 0, 0, 'https://cdn.bestme.asia/images/x2/e-p-9-1_YBmYBzY.jpg', '', 0, 26, 1, '0.0000', 1, '2100000.0000', 1, 0, 0, '0000-00-00', '1.00000000', 1, '0.00000000', '0.00000000', '0.00000000', 0, 1, 1, 0, 1, 2, 0, 0, NULL, 0, 1, '2020-12-21 09:45:02', '2020-12-21 09:45:02'),
(150, '', '', '', '', '0.0000', '0.0000', '0.0000', '', '', '', '', '', '', '', 0, 0, 0, 'https://cdn.bestme.asia/images/x2/282k216724l1450561863ba-7248-4404-b4db-3f8ebd32460d_W1ddTt9.jpg', '', 0, 26, 1, '0.0000', 1, '2100000.0000', 1, 0, 0, '0000-00-00', '1.00000000', 1, '0.00000000', '0.00000000', '0.00000000', 0, 1, 1, 0, 1, 2, 0, 0, NULL, 0, 1, '2020-12-21 09:45:02', '2020-12-21 09:45:02'),
(149, '', '', '', '', '0.0000', '0.0000', '0.0000', '', '', '', '', '', '', '', 0, 0, 0, 'https://cdn.bestme.asia/images/x2/e-p-3_GF6ScSR.jpg', '', 0, 26, 1, '2800000.0000', 1, '3200000.0000', 1, 0, 0, '0000-00-00', '1.00000000', 1, '0.00000000', '0.00000000', '0.00000000', 0, 1, 1, 0, 1, 2, 0, 0, NULL, 0, 1, '2020-12-21 09:45:02', '2020-12-21 09:45:02'),
(148, '', '', '', '', '0.0000', '0.0000', '0.0000', '', '', '', '', '', '', '', 0, 0, 0, 'https://cdn.bestme.asia/images/x2/e-p-1_giY8gpB.jpg', '', 0, 26, 1, '550000.0000', 1, '610000.0000', 1, 0, 0, '0000-00-00', '1.00000000', 1, '0.00000000', '0.00000000', '0.00000000', 0, 1, 1, 0, 1, 2, 0, 0, NULL, 0, 1, '2020-12-21 09:45:02', '2020-12-21 09:45:02'),
(147, '', '', '', '', '0.0000', '0.0000', '0.0000', '', '', '', '', '', '', '', 0, 0, 0, 'https://cdn.bestme.asia/images/x2/oil-p-10-1_w87UbtK.jpg', '', 0, 26, 1, '0.0000', 1, '780000.0000', 1, 0, 0, '0000-00-00', '1.00000000', 1, '0.00000000', '0.00000000', '0.00000000', 0, 1, 1, 0, 1, 2, 0, 0, NULL, 0, 1, '2020-12-21 09:45:02', '2020-12-21 09:45:02'),
(146, '', '', '', '', '0.0000', '0.0000', '0.0000', '', '', '', '', '', '', '', 0, 0, 0, 'https://cdn.bestme.asia/images/x2/oil-p-9-1_SXznN9Q.jpg', '', 0, 26, 1, '0.0000', 1, '999000.0000', 1, 0, 0, '0000-00-00', '1.00000000', 1, '0.00000000', '0.00000000', '0.00000000', 0, 1, 1, 0, 1, 2, 0, 0, NULL, 0, 1, '2020-12-21 09:45:02', '2020-12-21 09:45:02'),
(144, '', '', '', '', '0.0000', '0.0000', '0.0000', '', '', '', '', '', '', '', 0, 0, 0, 'https://cdn.bestme.asia/images/x2/oil-p-7-1_P5O1ZHn.jpg', '', 0, 26, 1, '0.0000', 1, '1400000.0000', 1, 0, 0, '0000-00-00', '1.00000000', 1, '0.00000000', '0.00000000', '0.00000000', 0, 1, 1, 0, 1, 2, 0, 0, NULL, 0, 1, '2020-12-21 09:45:02', '2020-12-21 09:45:02'),
(145, '', '', '', '', '0.0000', '0.0000', '0.0000', '', '', '', '', '', '', '', 0, 0, 0, 'https://cdn.bestme.asia/images/x2/oil-p-5-1_IstUgkI.jpg', '', 0, 26, 1, '0.0000', 1, '2700000.0000', 1, 0, 0, '0000-00-00', '1.00000000', 1, '0.00000000', '0.00000000', '0.00000000', 0, 1, 1, 0, 1, 2, 0, 0, NULL, 0, 1, '2020-12-21 09:45:02', '2020-12-21 09:45:02'),
(143, '', '', '', '', '0.0000', '0.0000', '0.0000', '', '', '', '', '', '', '', 0, 0, 0, 'https://cdn.bestme.asia/images/x2/tire-2_YMrD9c8.jpg', '', 0, 26, 1, '0.0000', 1, '3200000.0000', 1, 0, 0, '0000-00-00', '1.00000000', 1, '0.00000000', '0.00000000', '0.00000000', 0, 1, 1, 0, 1, 2, 0, 0, NULL, 0, 1, '2020-12-21 09:45:02', '2020-12-21 09:45:02'),
(141, '', '', '', '', '0.0000', '0.0000', '0.0000', '', '', '', '', '', '', '', 0, 0, 0, 'https://cdn.bestme.asia/images/x2/tire-8_cCLCrMy.jpg', '', 0, 26, 1, '0.0000', 1, '1900000.0000', 1, 0, 0, '0000-00-00', '1.00000000', 1, '0.00000000', '0.00000000', '0.00000000', 0, 1, 1, 0, 1, 2, 0, 0, NULL, 0, 1, '2020-12-21 09:45:02', '2020-12-21 09:45:02'),
(142, '', '', '', '', '0.0000', '0.0000', '0.0000', '', '', '', '', '', '', '', 0, 0, 0, 'https://cdn.bestme.asia/images/x2/tire-4_38xo3RP.jpg', '', 0, 26, 1, '0.0000', 1, '20000000.0000', 1, 0, 0, '0000-00-00', '1.00000000', 1, '0.00000000', '0.00000000', '0.00000000', 0, 1, 1, 0, 1, 2, 0, 0, NULL, 0, 1, '2020-12-21 09:45:02', '2020-12-21 09:45:02'),
(139, '', '', '', '', '0.0000', '0.0000', '0.0000', '', '', '', '', '', '', '', 0, 0, 0, 'https://cdn.bestme.asia/images/x2/st-p-2_5H5VY10.jpg', '', 0, 26, 1, '4300000.0000', 1, '5000000.0000', 1, 0, 0, '0000-00-00', '1.00000000', 1, '0.00000000', '0.00000000', '0.00000000', 0, 1, 1, 0, 1, 2, 0, 0, NULL, 0, 1, '2020-12-21 09:45:02', '2020-12-21 09:45:02'),
(140, '', '', '', '', '0.0000', '0.0000', '0.0000', '', '', '', '', '', '', '', 0, 0, 0, 'https://cdn.bestme.asia/images/x2/tire-5_5Znf86K.jpg', '', 0, 26, 1, '0.0000', 1, '2600000.0000', 1, 0, 0, '0000-00-00', '1.00000000', 1, '0.00000000', '0.00000000', '0.00000000', 0, 1, 1, 0, 1, 2, 0, 0, NULL, 0, 1, '2020-12-21 09:45:02', '2020-12-21 09:45:02'),
(137, '', '', '', '', '0.0000', '0.0000', '0.0000', '', '', '', '', '', '', '', 0, 0, 0, 'https://cdn.bestme.asia/images/x2/st-p-1_5GfbyUI.jpg', '', 0, 26, 1, '0.0000', 1, '2000000.0000', 1, 0, 0, '0000-00-00', '1.00000000', 1, '0.00000000', '0.00000000', '0.00000000', 0, 1, 1, 0, 1, 2, 0, 0, NULL, 0, 1, '2020-12-21 09:45:02', '2020-12-21 09:45:02'),
(138, '', '', '', '', '0.0000', '0.0000', '0.0000', '', '', '', '', '', '', '', 0, 0, 0, 'https://cdn.bestme.asia/images/x2/st-p-6-1_UFGXV7Y.jpg', '', 0, 26, 1, '0.0000', 1, '11000000.0000', 1, 0, 0, '0000-00-00', '1.00000000', 1, '0.00000000', '0.00000000', '0.00000000', 0, 1, 1, 0, 1, 2, 0, 0, NULL, 0, 1, '2020-12-21 09:45:02', '2020-12-21 09:45:02'),
(135, '', '', '', '', '0.0000', '0.0000', '0.0000', '', '', '', '', '', '', '', 0, 0, 0, 'https://cdn.bestme.asia/images/x2/o-1_2GLFBd6.jpg', '', 0, 26, 1, '0.0000', 1, '2700000.0000', 1, 0, 0, '0000-00-00', '1.00000000', 1, '0.00000000', '0.00000000', '0.00000000', 0, 1, 1, 0, 1, 2, 0, 0, NULL, 0, 1, '2020-12-21 09:45:02', '2020-12-21 09:45:02'),
(136, '', '', '', '', '0.0000', '0.0000', '0.0000', '', '', '', '', '', '', '', 0, 0, 0, 'https://cdn.bestme.asia/images/x2/o-4_rCWqy2z.jpg', '', 0, 26, 1, '0.0000', 1, '5600000.0000', 1, 0, 0, '0000-00-00', '1.00000000', 1, '0.00000000', '0.00000000', '0.00000000', 0, 1, 1, 0, 1, 2, 0, 0, NULL, 0, 1, '2020-12-21 09:45:02', '2020-12-21 09:45:02'),
(134, '', '', '', '', '0.0000', '0.0000', '0.0000', '', '', '', '', '', '', '', 0, 0, 0, 'https://cdn.bestme.asia/images/x2/o-5_3Iphp40.jpg', '', 0, 26, 1, '0.0000', 1, '1200000.0000', 1, 0, 0, '0000-00-00', '1.00000000', 1, '0.00000000', '0.00000000', '0.00000000', 0, 1, 1, 0, 1, 2, 0, 0, NULL, 0, 1, '2020-12-21 09:45:02', '2020-12-21 09:45:02'),
(132, '', '', '', '', '0.0000', '0.0000', '0.0000', '', '', '', '', '', '', '', 0, 0, 0, 'https://cdn.bestme.asia/images/x2/st-p-5-1_hwoJj8z.jpg', '', 0, 26, 1, '0.0000', 1, '1800000.0000', 1, 0, 0, '0000-00-00', '1.00000000', 1, '0.00000000', '0.00000000', '0.00000000', 0, 1, 1, 0, 1, 2, 0, 0, NULL, 0, 1, '2020-12-21 09:45:02', '2020-12-21 09:45:02'),
(133, '', '', '', '', '0.0000', '0.0000', '0.0000', '', '', '', '', '', '', '', 0, 0, 0, 'https://cdn.bestme.asia/images/x2/o-9_LT4y4dm.jpg', '', 0, 26, 1, '1300000.0000', 1, '1800000.0000', 1, 0, 0, '0000-00-00', '1.00000000', 1, '0.00000000', '0.00000000', '0.00000000', 0, 1, 1, 0, 1, 2, 0, 0, NULL, 0, 1, '2020-12-21 09:45:02', '2020-12-21 09:45:02'),
(156, '', '', '', '', '0.0000', '0.0000', '0.0000', '', '', '', '', '', '', '', 0, 0, 0, 'https://cdn.bestme.asia/images/x2/b-p-7_peMOdMd.jpg', '', 0, 26, 1, '2300000.0000', 1, '2900000.0000', 1, 0, 0, '0000-00-00', '1.00000000', 1, '0.00000000', '0.00000000', '0.00000000', 0, 1, 1, 0, 1, 2, 0, 0, NULL, 0, 1, '2020-12-21 09:45:02', '2020-12-21 09:45:02'),
(157, '', '', '', '', '0.0000', '0.0000', '0.0000', '', '', '', '', '', '', '', 0, 0, 0, 'https://cdn.bestme.asia/images/x2/b-p-9_9Uj4vbp.jpg', '', 0, 26, 1, '0.0000', 1, '2300000.0000', 1, 0, 0, '0000-00-00', '1.00000000', 1, '0.00000000', '0.00000000', '0.00000000', 0, 1, 1, 0, 1, 2, 0, 0, NULL, 0, 1, '2020-12-21 09:45:02', '2020-12-21 09:45:02'),
(158, '', '', '', '', '0.0000', '0.0000', '0.0000', '', '', '', '', '', '', '', 0, 0, 0, 'https://cdn.bestme.asia/images/x2/b-p-3_psq2vWg.jpg', '', 0, 26, 1, '340000.0000', 1, '650000.0000', 1, 0, 0, '0000-00-00', '1.00000000', 1, '0.00000000', '0.00000000', '0.00000000', 0, 1, 1, 0, 1, 2, 0, 0, NULL, 0, 1, '2020-12-21 09:45:02', '2020-12-21 09:45:02'),
(159, '', '', '', '', '0.0000', '0.0000', '0.0000', '', '', '', '', '', '', '', 0, 0, 0, 'https://cdn.bestme.asia/images/x2/b-p-4_KU3jnQg.jpg', '', 0, 26, 1, '1300000.0000', 1, '1800000.0000', 1, 0, 0, '0000-00-00', '1.00000000', 1, '0.00000000', '0.00000000', '0.00000000', 0, 1, 1, 0, 1, 2, 0, 0, NULL, 0, 1, '2020-12-21 09:45:02', '2020-12-21 09:45:02'),
(160, '', '', '', '', '0.0000', '0.0000', '0.0000', '', '', '', '', '', '', '', 0, 0, 0, 'https://cdn.bestme.asia/images/x2/sk-p-1-1_2vOHNsV.jpg', '', 0, 26, 1, '0.0000', 1, '1100000.0000', 1, 0, 0, '0000-00-00', '1.00000000', 1, '0.00000000', '0.00000000', '0.00000000', 0, 1, 1, 0, 1, 2, 0, 0, NULL, 0, 1, '2020-12-21 09:45:02', '2020-12-21 09:45:02'),
(161, '', '', '', '', '0.0000', '0.0000', '0.0000', '', '', '', '', '', '', '', 0, 0, 0, 'https://cdn.bestme.asia/images/x2/sk-p-7-3-600x600_55GejQx.jpg', '', 0, 26, 1, '500000.0000', 1, '830000.0000', 1, 0, 0, '0000-00-00', '1.00000000', 1, '0.00000000', '0.00000000', '0.00000000', 0, 1, 1, 0, 1, 2, 0, 0, NULL, 0, 1, '2020-12-21 09:45:02', '2020-12-21 09:45:02'),
(162, '', '', '', '', '0.0000', '0.0000', '0.0000', '', '', '', '', '', '', '', 0, 0, 0, 'https://cdn.bestme.asia/images/x2/sk-p-4-1_Yr1SilD.jpg', '', 0, 26, 1, '300000.0000', 1, '338000.0000', 1, 0, 0, '0000-00-00', '1.00000000', 1, '0.00000000', '0.00000000', '0.00000000', 0, 1, 1, 0, 1, 2, 0, 0, NULL, 0, 1, '2020-12-21 09:45:02', '2020-12-21 09:45:02'),
(163, '', '', '', '', '0.0000', '0.0000', '0.0000', '', '', '', '', '', '', '', 0, 0, 0, 'https://cdn.bestme.asia/images/x2/sk-p-8-1_JdMY1g7.jpg', '', 0, 26, 1, '1423000.0000', 1, '1585000.0000', 1, 0, 0, '0000-00-00', '1.00000000', 1, '0.00000000', '0.00000000', '0.00000000', 0, 1, 1, 0, 1, 2, 0, 0, NULL, 0, 1, '2020-12-21 09:45:02', '2020-12-21 09:45:02');

-- restore soft-deleted products if demo
UPDATE `oc_product` SET `deleted` = NULL
WHERE `demo` = 1
  AND `product_id` IN (
      155,
      154,
      153,
      152,
      151,
      150,
      149,
      148,
      147,
      146,
      144,
      145,
      143,
      141,
      142,
      139,
      140,
      137,
      138,
      135,
      136,
      134,
      132,
      133,
      156,
      157,
      158,
      159,
      160,
      161,
      162,
      163
  );

-- oc_product_collection PRIMARY KEY (`product_collection_id`)
INSERT IGNORE INTO `oc_product_collection` (`product_collection_id`, `product_id`, `collection_id`, `sort_order`) VALUES
(159, 140, 13, 0),
(158, 139, 9, 0),
(157, 138, 9, 0),
(156, 137, 12, 0),
(155, 137, 9, 0),
(154, 136, 11, 0),
(153, 136, 10, 0),
(152, 135, 10, 0),
(151, 134, 11, 0),
(150, 134, 10, 0),
(149, 133, 10, 0),
(148, 132, 9, 0),
(160, 141, 13, 0),
(161, 142, 13, 0),
(162, 143, 13, 0),
(163, 144, 14, 0),
(164, 145, 14, 0),
(165, 146, 14, 0),
(166, 147, 14, 0),
(167, 148, 15, 0),
(168, 149, 15, 0),
(169, 150, 15, 0),
(170, 151, 15, 0),
(171, 152, 16, 0),
(172, 153, 16, 0),
(173, 154, 16, 0),
(174, 154, 12, 0),
(175, 155, 16, 0),
(176, 156, 17, 0),
(177, 157, 17, 0),
(178, 158, 17, 0),
(179, 159, 17, 0),
(180, 160, 18, 0),
(181, 161, 18, 0),
(182, 162, 18, 0),
(183, 163, 18, 0),
(184, 136, 19, 0),
(185, 143, 19, 0),
(186, 161, 19, 0),
(187, 146, 19, 0),
(188, 145, 19, 0),
(189, 144, 19, 0),
(190, 142, 19, 0),
(191, 133, 19, 0),
(192, 163, 20, 0),
(193, 144, 20, 0),
(194, 152, 20, 0),
(195, 139, 20, 0),
(196, 148, 20, 0),
(197, 132, 20, 0),
(198, 155, 20, 0),
(199, 158, 20, 0),
(200, 134, 21, 0),
(201, 154, 21, 0),
(202, 163, 21, 0),
(203, 150, 21, 0),
(204, 145, 21, 0),
(205, 155, 21, 0),
(206, 138, 21, 0),
(207, 133, 21, 0);

-- oc_product_description PRIMARY KEY (`product_id`,`language_id`)
INSERT IGNORE INTO `oc_product_description` (`product_id`, `language_id`, `name`, `description`, `sub_description`, `seo_title`, `seo_description`, `tag`, `meta_title`, `meta_description`, `meta_keyword`) VALUES
(132, 2, 'Vòng bi Hiltex Race &amp; Seal Driver Master Set Wheel Axle Bearings Puller Mechanics Tool', '*Nhà sản xuất:<br />\n*Xuất xứ: <br />\n*Trọng lượng: <br />\n*Kích thước: <br />\n*Thông số kĩ thuật: <br />\n*Năm sản xuất: ', '*Thông số kỹ thuật:<br />\n*Mã sản phẩm:  ', '', '', '', '', '', ''),
(133, 2, 'Máy nén STANLEY 1000500 Amp Jump Starter w120 PSI (J5C09)', '*Nhà sản xuất:<br />\n*Xuất xứ: <br />\n*Trọng lượng: <br />\n*Kích thước: <br />\n*Thông số kĩ thuật: <br />\n*Năm sản xuất: ', '*Thông số kỹ thuật:<br />\n*Mã sản phẩm:  ', '', '', '', '', '', ''),
(134, 2, 'Ắc quy ô tô axit chì ValuePower, Nhóm 24F', '*Nhà sản xuất:<br />\n*Xuất xứ: <br />\n*Trọng lượng: <br />\n*Kích thước: <br />\n*Thông số kĩ thuật: <br />\n*Năm sản xuất: ', '*Thông số kỹ thuật:<br />\n*Mã sản phẩm:  ', '', '', '', '', '', ''),
(135, 2, 'Pin hai mục đích OPTIMA YellowTop, Nhóm d34 / 78', '*Nhà sản xuất:<br />\n*Xuất xứ: <br />\n*Trọng lượng: <br />\n*Kích thước: <br />\n*Thông số kĩ thuật: <br />\n*Năm sản xuất: ', '*Thông số kỹ thuật:<br />\n*Mã sản phẩm:  ', '', '', '', '', '', ''),
(136, 2, 'Ắc quy ô tô axit chì EverStart Maxx, Kích thước nhóm 24F', '*Nhà sản xuất:<br />\n*Xuất xứ: <br />\n*Trọng lượng: <br />\n*Kích thước: <br />\n*Thông số kĩ thuật: <br />\n*Năm sản xuất: ', '*Thông số kỹ thuật:<br />\n*Mã sản phẩm:  ', '', '', '', '', '', ''),
(137, 2, 'Bộ lắp ráp trung tâm đoạn giới thiệu với bạn bè và áo ngực của Chrome - Vòng bi ID 1 inch', '*Nhà sản xuất:<br />\n*Xuất xứ: <br />\n*Trọng lượng: <br />\n*Kích thước: <br />\n*Thông số kĩ thuật: <br />\n*Năm sản xuất: ', '*Thông số kỹ thuật:<br />\n*Mã sản phẩm:  ', '', '', '', '', '', ''),
(138, 2, 'Lắp ráp vòng bi trục bánh trước Thay thế cho xe bán tải Chevrolet GMC SUV cũ 7470013', '*Nhà sản xuất:<br />\n*Xuất xứ: <br />\n*Trọng lượng: <br />\n*Kích thước: <br />\n*Thông số kĩ thuật: <br />\n*Năm sản xuất: ', '*Thông số kỹ thuật:<br />\n*Mã sản phẩm:  ', '', '', '', '', '', ''),
(139, 2, 'TKOOFN 3 chiếc Ấm áp bằng len mềm mại sang trọng Bao bọc tay lái bằng lông mịn Bộ phụ kiện ô tô màu', '*Nhà sản xuất:<br />\n*Xuất xứ: <br />\n*Trọng lượng: <br />\n*Kích thước: <br />\n*Thông số kĩ thuật: <br />\n*Năm sản xuất: ', '*Thông số kỹ thuật:<br />\n*Mã sản phẩm:  ', '', '', '', '', '', ''),
(140, 2, 'DISC bởi ATDNitto NTGTT TRAIL GRAPPLER MT Tire LT29565R2010', '*Nhà sản xuất:<br />\n*Xuất xứ: <br />\n*Trọng lượng: <br />\n*Kích thước: <br />\n*Thông số kĩ thuật: <br />\n*Năm sản xuất: ', '*Thông số kỹ thuật:<br />\n*Mã sản phẩm:  ', '', '', '', '', '', ''),
(141, 2, 'Nitto DISC by ATDNitto NT555R Tyre P24550R16 P24550R16 TyreNitto DISC by ATDNitto NT555R Tyre P24550', '*Nhà sản xuất:<br />\n*Xuất xứ: <br />\n*Trọng lượng: <br />\n*Kích thước: <br />\n*Thông số kĩ thuật: <br />\n*Năm sản xuất: ', '*Thông số kỹ thuật:<br />\n*Mã sản phẩm:  ', '', '', '', '', '', ''),
(142, 2, 'DISC bởi ATDNitto Neo Gen Tyre 20540ZR18XL', '*Nhà sản xuất:<br />\n*Xuất xứ: <br />\n*Trọng lượng: <br />\n*Kích thước: <br />\n*Thông số kĩ thuật: <br />\n*Năm sản xuất: ', '*Thông số kỹ thuật:<br />\n*Mã sản phẩm:  ', '', '', '', '', '', ''),
(143, 2, 'Allstar Performance 16 Grit 7 in OD Đĩa mài lốp đầu đinh PN 44183', '*Nhà sản xuất:<br />\n*Xuất xứ: <br />\n*Trọng lượng: <br />\n*Kích thước: <br />\n*Thông số kĩ thuật: <br />\n*Năm sản xuất: ', '*Thông số kỹ thuật:<br />\n*Mã sản phẩm:  ', '', '', '', '', '', ''),
(144, 2, 'Dầu động cơ tổng hợp hoàn toàn tiết kiệm nhiên liệu tiên tiến Mobil 1 0W-20, 5 qt', '*Nhà sản xuất:<br />\n*Xuất xứ: <br />\n*Trọng lượng: <br />\n*Kích thước: <br />\n*Thông số kĩ thuật: <br />\n*Năm sản xuất: ', '*Thông số kỹ thuật:<br />\n*Mã sản phẩm:  ', '', '', '', '', '', ''),
(145, 2, 'Dầu động cơ tổng hợp hoàn toàn Pennzoil Platinum SAE 0W-20 Dexos, 5 qt', '*Nhà sản xuất:<br />\n*Xuất xứ: <br />\n*Trọng lượng: <br />\n*Kích thước: <br />\n*Thông số kĩ thuật: <br />\n*Năm sản xuất: ', '*Thông số kỹ thuật:<br />\n*Mã sản phẩm:  ', '', '', '', '', '', ''),
(146, 2, 'Castrol GTX High Mileage 10W-30 Dầu động cơ tổng hợp, 5 QT', '*Nhà sản xuất:<br />\n*Xuất xứ: <br />\n*Trọng lượng: <br />\n*Kích thước: <br />\n*Thông số kĩ thuật: <br />\n*Năm sản xuất: ', '*Thông số kỹ thuật:<br />\n*Mã sản phẩm:  ', '', '', '', '', '', ''),
(147, 2, 'Castrol EDGE 0W-40 A3B4 Dầu động cơ tổng hợp hoàn toàn cao cấp, 5 QT', '*Nhà sản xuất:<br />\n*Xuất xứ: <br />\n*Trọng lượng: <br />\n*Kích thước: <br />\n*Thông số kĩ thuật: <br />\n*Năm sản xuất: ', '*Thông số kỹ thuật:<br />\n*Mã sản phẩm:  ', '', '', '', '', '', ''),
(148, 2, 'VMS Racing BLACK OIL CAP LS1 5.7L bằng nhôm phôi tương thích với Pontiac Trans Am Firebird WS6 98-02', '*Nhà sản xuất:<br />\n*Xuất xứ: <br />\n*Trọng lượng: <br />\n*Kích thước: <br />\n*Thông số kĩ thuật: <br />\n*Năm sản xuất: ', '*Thông số kỹ thuật:<br />\n*Mã sản phẩm:  ', '', '', '', '', '', ''),
(149, 2, 'Năng lượng tinh khiết tái sản xuất Bộ tăng áp động lực 6.0L F250 F350 - Turbo đã được kiểm tra đầy đ', '*Nhà sản xuất:<br />\n*Xuất xứ: <br />\n*Trọng lượng: <br />\n*Kích thước: <br />\n*Thông số kĩ thuật: <br />\n*Năm sản xuất: ', '*Thông số kỹ thuật:<br />\n*Mã sản phẩm:  ', '', '', '', '', '', ''),
(150, 2, 'Chevy 305 327 350 400 Ultimate Cam Kit - 254264 Thời lượng - Mô men xoắn cao + Thanh đẩy cứng (42044', '*Nhà sản xuất:<br />\n*Xuất xứ: <br />\n*Trọng lượng: <br />\n*Kích thước: <br />\n*Thông số kĩ thuật: <br />\n*Năm sản xuất: ', '*Thông số kỹ thuật:<br />\n*Mã sản phẩm:  ', '', '', '', '', '', ''),
(151, 2, 'Sản phẩm đua xe tấn công PC2000 Khối nhỏ Chevy Mặt phẳng kép được đánh bóng Cửa hút nhôm Idle-5500 R', '*Nhà sản xuất:<br />\n*Xuất xứ: <br />\n*Trọng lượng: <br />\n*Kích thước: <br />\n*Thông số kĩ thuật: <br />\n*Năm sản xuất: ', '*Thông số kỹ thuật:<br />\n*Mã sản phẩm:  ', '', '', '', '', '', ''),
(152, 2, 'LeftR Right phía sau Thanh chống được lắp ráp hoàn chỉnh + Hệ thống treo lò xo cuộn', '*Nhà sản xuất:<br />\n*Xuất xứ: <br />\n*Trọng lượng: <br />\n*Kích thước: <br />\n*Thông số kĩ thuật: <br />\n*Năm sản xuất: ', '*Thông số kỹ thuật:<br />\n*Mã sản phẩm:  ', '', '', '', '', '', ''),
(153, 2, 'Công cụ &amp; thiết bị OTC 4244 Dụng cụ lót ống treo sau nặng 15 tấn', '*Nhà sản xuất:<br />\n*Xuất xứ: <br />\n*Trọng lượng: <br />\n*Kích thước: <br />\n*Thông số kĩ thuật: <br />\n*Năm sản xuất: ', '*Thông số kỹ thuật:<br />\n*Mã sản phẩm:  ', '', '', '', '', '', ''),
(154, 2, 'Bộ dụng cụ &amp; Bộ điều hợp công cụ loại bỏ khớp nối &amp; ống lót', '*Nhà sản xuất:<br />\n*Xuất xứ: <br />\n*Trọng lượng: <br />\n*Kích thước: <br />\n*Thông số kĩ thuật: <br />\n*Năm sản xuất: ', '*Thông số kỹ thuật:<br />\n*Mã sản phẩm:  ', '', '', '', '', '', ''),
(155, 2, 'Hệ thống treo tối cao - Chevy + GMC K1500 + Tahoe + Yukon + Suburban 3 Thang treo trước + 2 Bộ nâng', '*Nhà sản xuất:<br />\n*Xuất xứ: <br />\n*Trọng lượng: <br />\n*Kích thước: <br />\n*Thông số kĩ thuật: <br />\n*Năm sản xuất: ', '*Thông số kỹ thuật:<br />\n*Mã sản phẩm:  ', '', '', '', '', '', ''),
(156, 2, 'Trước 274,5 mm OE 5 Lug cao cấp [2] Rotor đĩa phanh + [4] Miếng phanh bằng gốm + Kẹp', '*Nhà sản xuất:<br />\n*Xuất xứ: <br />\n*Trọng lượng: <br />\n*Kích thước: <br />\n*Thông số kĩ thuật: <br />\n*Năm sản xuất: ', '*Thông số kỹ thuật:<br />\n*Mã sản phẩm:  ', '', '', '', '', '', ''),
(157, 2, 'CCK01950 FRONT + REAR Bột tráng màu đỏ [4] Calipers + [4] Cánh quạt DS mạ kẽm + Bụi thấp [8] Miếng', '*Nhà sản xuất:<br />\n*Xuất xứ: <br />\n*Trọng lượng: <br />\n*Kích thước: <br />\n*Thông số kĩ thuật: <br />\n*Năm sản xuất: ', '*Thông số kỹ thuật:<br />\n*Mã sản phẩm:  ', '', '', '', '', '', ''),
(158, 2, 'Bộ phanh tối đa phía trước Elite', '*Nhà sản xuất:<br />\n*Xuất xứ: <br />\n*Trọng lượng: <br />\n*Kích thước: <br />\n*Thông số kĩ thuật: <br />\n*Năm sản xuất: ', '*Thông số kỹ thuật:<br />\n*Mã sản phẩm:  ', '', '', '', '', '', ''),
(159, 2, 'Full Kit Đĩa quay phanh có rãnh cắt ngang và Đĩa đệm bằng gốm Camaro, Firebird', '*Nhà sản xuất:<br />\n*Xuất xứ: <br />\n*Trọng lượng: <br />\n*Kích thước: <br />\n*Thông số kĩ thuật: <br />\n*Năm sản xuất: ', '*Thông số kỹ thuật:<br />\n*Mã sản phẩm:  ', '', '', '', '', '', ''),
(160, 2, 'Bộ lọc dầu Mopar, MO-409', '*Nhà sản xuất:<br />\n*Xuất xứ: <br />\n*Trọng lượng: <br />\n*Kích thước: <br />\n*Thông số kĩ thuật: <br />\n*Năm sản xuất: ', '*Thông số kỹ thuật:<br />\n*Mã sản phẩm:  ', '', '', '', '', '', ''),
(161, 2, 'Bộ lọc dầu bảo vệ bổ sung FRAM, PH7317', '*Nhà sản xuất:<br />\n*Xuất xứ: <br />\n*Trọng lượng: <br />\n*Kích thước: <br />\n*Thông số kĩ thuật: <br />\n*Năm sản xuất: ', '*Thông số kỹ thuật:<br />\n*Mã sản phẩm:  ', '', '', '', '', '', ''),
(162, 2, 'Bộ lọc dầu siêu tổng hợp FRAM, XG7317', '*Nhà sản xuất:<br />\n*Xuất xứ: <br />\n*Trọng lượng: <br />\n*Kích thước: <br />\n*Thông số kĩ thuật: <br />\n*Năm sản xuất: ', '*Thông số kỹ thuật:<br />\n*Mã sản phẩm:  ', '', '', '', '', '', ''),
(163, 2, 'Bộ lọc không khí trong cabin FRAM Fresh Breeze, CF11809', '*Nhà sản xuất:<br />\n*Xuất xứ: <br />\n*Trọng lượng: <br />\n*Kích thước: <br />\n*Thông số kĩ thuật: <br />\n*Năm sản xuất: ', '*Thông số kỹ thuật:<br />\n*Mã sản phẩm:  ', '', '', '', '', '', '');

-- oc_product_image PRIMARY KEY (`product_image_id`)
-- INSERT IGNORE INTO `oc_product_image` (`product_image_id`, `product_id`, `image`, `image_alt`, `sort_order`) VALUES
-- nothing

-- oc_product_to_category PRIMARY KEY (`product_id`,`category_id`)
INSERT IGNORE INTO `oc_product_to_category` (`product_id`, `category_id`) VALUES
(132, 32),
(133, 33),
(134, 33),
(135, 33),
(136, 33),
(137, 32),
(138, 32),
(139, 32),
(140, 34),
(141, 34),
(142, 34),
(143, 34),
(144, 35),
(145, 36),
(146, 36),
(147, 36),
(148, 37),
(149, 37),
(150, 37),
(151, 37),
(152, 38),
(153, 39),
(154, 40),
(155, 41),
(156, 42),
(157, 42),
(158, 42),
(159, 42),
(160, 43),
(161, 43),
(162, 43),
(163, 44);

-- oc_product_to_store PRIMARY KEY (`product_id`,`store_id`)
INSERT IGNORE INTO `oc_product_to_store` (`product_id`, `store_id`, `product_version_id`, `quantity`, `cost_price`) VALUES
(159, 0, 0, 50, '0.0000'),
(158, 0, 0, 50, '0.0000'),
(157, 0, 0, 50, '0.0000'),
(156, 0, 0, 50, '0.0000'),
(155, 0, 0, 50, '0.0000'),
(154, 0, 0, 50, '0.0000'),
(153, 0, 0, 50, '0.0000'),
(152, 0, 0, 50, '0.0000'),
(151, 0, 0, 50, '0.0000'),
(150, 0, 0, 50, '0.0000'),
(149, 0, 0, 50, '0.0000'),
(148, 0, 0, 50, '0.0000'),
(147, 0, 0, 50, '0.0000'),
(146, 0, 0, 50, '0.0000'),
(145, 0, 0, 50, '0.0000'),
(144, 0, 0, 50, '0.0000'),
(143, 0, 0, 50, '0.0000'),
(142, 0, 0, 50, '0.0000'),
(141, 0, 0, 50, '0.0000'),
(140, 0, 0, 50, '0.0000'),
(139, 0, 0, 50, '0.0000'),
(138, 0, 0, 50, '0.0000'),
(137, 0, 0, 50, '0.0000'),
(136, 0, 0, 50, '0.0000'),
(135, 0, 0, 50, '0.0000'),
(134, 0, 0, 50, '0.0000'),
(133, 0, 0, 50, '0.0000'),
(132, 0, 0, 50, '0.0000'),
(160, 0, 0, 50, '0.0000'),
(161, 0, 0, 50, '0.0000'),
(162, 0, 0, 50, '0.0000'),
(163, 0, 0, 50, '0.0000');