-- oc_category PRIMARY KEY (`category_id`)
INSERT IGNORE INTO `oc_category` (`category_id`, `image`, `parent_id`, `top`, `column`, `sort_order`, `status`, `date_added`, `date_modified`) VALUES
(42, '', 40, 0, 0, 0, 1, '2020-09-25 13:25:47', '2020-09-25 13:25:47'),
(41, '', 40, 0, 0, 0, 1, '2020-09-25 13:25:47', '2020-09-25 13:25:47'),
(40, '', 0, 0, 0, 0, 1, '2020-09-25 13:25:47', '2020-09-25 13:25:47'),
(39, '', 0, 0, 0, 0, 1, '2020-09-25 13:24:30', '2020-09-25 13:24:30'),
(38, '', 36, 0, 0, 0, 1, '2020-09-25 13:23:36', '2020-09-25 13:23:36'),
(37, '', 36, 0, 0, 0, 1, '2020-09-25 13:23:36', '2020-09-25 13:23:36'),
(36, '', 0, 0, 0, 0, 1, '2020-09-25 13:23:36', '2020-09-25 13:23:36'),
(35, '', 32, 0, 0, 0, 1, '2020-09-25 13:19:32', '2020-09-25 13:19:32'),
(32, '', 0, 0, 0, 0, 1, '2020-09-25 13:19:32', '2020-09-25 13:19:32'),
(33, '', 32, 0, 0, 0, 1, '2020-09-25 13:19:32', '2020-09-25 13:19:32'),
(34, '', 32, 0, 0, 0, 1, '2020-09-25 13:19:32', '2020-09-25 13:19:32'),
(43, '', 40, 0, 0, 0, 1, '2020-09-25 13:25:47', '2020-09-25 13:25:47'),
(44, '', 40, 0, 0, 0, 1, '2020-09-25 13:25:47', '2020-09-25 13:25:47'),
(45, '', 0, 0, 0, 0, 1, '2020-09-25 13:32:05', '2020-09-25 13:32:05'),
(46, '', 45, 0, 0, 0, 1, '2020-09-25 13:32:05', '2020-09-25 13:32:05'),
(47, '', 45, 0, 0, 0, 1, '2020-09-25 13:32:05', '2020-09-25 13:32:05'),
(48, '', 45, 0, 0, 0, 1, '2020-09-25 13:32:05', '2020-09-25 13:32:05'),
(49, '', 45, 0, 0, 0, 1, '2020-09-25 13:32:05', '2020-09-25 13:32:05'),
(50, '', 45, 0, 0, 0, 1, '2020-09-25 13:32:06', '2020-09-25 13:32:06'),
(51, '', 45, 0, 0, 0, 1, '2020-09-25 13:32:06', '2020-09-25 13:32:06'),
(52, '', 45, 0, 0, 0, 1, '2020-09-25 13:32:06', '2020-09-25 13:32:06'),
(53, '', 45, 0, 0, 0, 1, '2020-09-25 13:32:06', '2020-09-25 13:32:06'),
(54, '', 45, 0, 0, 0, 1, '2020-09-25 13:32:06', '2020-09-25 13:32:06'),
(55, '', 45, 0, 0, 0, 1, '2020-09-25 13:32:06', '2020-09-25 13:32:06'),
(56, '', 45, 0, 0, 0, 1, '2020-09-25 13:32:06', '2020-09-25 13:32:06'),
(57, '', 45, 0, 0, 0, 1, '2020-09-25 13:32:06', '2020-09-25 13:32:06'),
(58, '', 45, 0, 0, 0, 1, '2020-09-25 13:32:06', '2020-09-25 13:32:06'),
(59, '', 45, 0, 0, 0, 1, '2020-09-25 13:32:06', '2020-09-25 13:32:06'),
(60, '', 45, 0, 0, 0, 1, '2020-09-25 13:32:06', '2020-09-25 13:32:06'),
(61, '', 0, 0, 0, 0, 1, '2020-09-25 13:33:15', '2020-09-25 13:33:15'),
(62, '', 61, 0, 0, 0, 1, '2020-09-25 13:33:15', '2020-09-25 13:33:15'),
(63, '', 61, 0, 0, 0, 1, '2020-09-25 13:33:15', '2020-09-25 13:33:15'),
(64, '', 61, 0, 0, 0, 1, '2020-09-25 13:33:15', '2020-09-25 13:33:15'),
(65, '', 61, 0, 0, 0, 1, '2020-09-25 13:33:15', '2020-09-25 13:33:15'),
(66, NULL, 0, 0, 0, 0, 1, '2020-09-25 13:39:27', '2020-09-25 13:39:27'),
(67, NULL, 0, 0, 0, 0, 1, '2020-09-25 13:39:27', '2020-09-25 13:39:27'),
(68, NULL, 0, 0, 0, 0, 1, '2020-09-28 15:12:16', '2020-09-28 15:12:16'),
(69, NULL, 0, 0, 0, 0, 1, '2020-09-28 15:12:16', '2020-09-28 15:12:16'),
(70, NULL, 0, 0, 0, 0, 1, '2020-09-28 15:12:16', '2020-09-28 15:12:16'),
(71, NULL, 0, 0, 0, 0, 1, '2020-09-28 15:12:16', '2020-09-28 15:12:16'),
(72, NULL, 0, 0, 0, 0, 1, '2020-09-28 15:12:16', '2020-09-28 15:12:16');

-- oc_category_description PRIMARY KEY (`category_id`,`language_id`)
INSERT IGNORE INTO `oc_category_description` (`category_id`, `language_id`, `name`, `description`, `meta_title`, `meta_description`, `meta_keyword`) VALUES
(41, 1, 'Linh Vật Phong Thủy', 'Linh Vật Phong Thủy', '', '', ''),
(41, 2, 'Linh Vật Phong Thủy', 'Linh Vật Phong Thủy', '', '', ''),
(40, 1, 'Đồ Phong Thủy', 'Đồ Phong Thủy', '', '', ''),
(40, 2, 'Đồ Phong Thủy', 'Đồ Phong Thủy', '', '', ''),
(39, 1, 'Đỉnh Đồng – Lư Hương', 'Đỉnh Đồng – Lư Hương', '', '', ''),
(39, 2, 'Đỉnh Đồng – Lư Hương', 'Đỉnh Đồng – Lư Hương', '', '', ''),
(38, 1, 'Bộ Đồ Thờ Thần Tài', 'Bộ Đồ Thờ Thần Tài', '', '', ''),
(38, 2, 'Bộ Đồ Thờ Thần Tài', 'Bộ Đồ Thờ Thần Tài', '', '', ''),
(37, 1, 'Bộ Đồ Thờ Thần Linh – Gia Tiên', 'Bộ Đồ Thờ Thần Linh – Gia Tiên', '', '', ''),
(36, 1, 'Bộ Đồ Thờ', 'Bộ Đồ Thờ', '', '', ''),
(37, 2, 'Bộ Đồ Thờ Thần Linh – Gia Tiên', 'Bộ Đồ Thờ Thần Linh – Gia Tiên', '', '', ''),
(32, 2, 'Bàn Thờ', 'Bàn Thờ', '', '', ''),
(32, 1, 'Bàn Thờ', 'Bàn Thờ', '', '', ''),
(33, 2, 'Bàn Thờ Thần Tài', 'Bàn Thờ Thần Tài', '', '', ''),
(33, 1, 'Bàn Thờ Thần Tài', 'Bàn Thờ Thần Tài', '', '', ''),
(34, 2, 'Bàn Thờ Treo Tường', 'Bàn Thờ Treo Tường', '', '', ''),
(34, 1, 'Bàn Thờ Treo Tường', 'Bàn Thờ Treo Tường', '', '', ''),
(35, 2, 'Bàn Thờ Thần Linh - Gia Tiên', 'Bàn Thờ Thần Linh - Gia Tiên', '', '', ''),
(35, 1, 'Bàn Thờ Thần Linh - Gia Tiên', 'Bàn Thờ Thần Linh - Gia Tiên', '', '', ''),
(36, 2, 'Bộ Đồ Thờ', 'Bộ Đồ Thờ', '', '', ''),
(42, 2, 'Thiềm Thừ', 'Thiềm Thừ', '', '', ''),
(42, 1, 'Thiềm Thừ', 'Thiềm Thừ', '', '', ''),
(43, 2, 'Tỳ Hưu', 'Tỳ Hưu', '', '', ''),
(43, 1, 'Tỳ Hưu', 'Tỳ Hưu', '', '', ''),
(44, 2, 'Vật Phẩm Phong Thủy', 'Vật Phẩm Phong Thủy', '', '', ''),
(44, 1, 'Vật Phẩm Phong Thủy', 'Vật Phẩm Phong Thủy', '', '', ''),
(45, 2, 'Đồ Thờ', 'Đồ Thờ', '', '', ''),
(45, 1, 'Đồ Thờ', 'Đồ Thờ', '', '', ''),
(46, 2, 'Bát Hương', 'Bát Hương', '', '', ''),
(46, 1, 'Bát Hương', 'Bát Hương', '', '', ''),
(47, 2, 'Lọ Hoa', 'Lọ Hoa', '', '', ''),
(47, 1, 'Lọ Hoa', 'Lọ Hoa', '', '', ''),
(48, 2, 'Ống Đựng Hương', 'Ống Đựng Hương', '', '', ''),
(48, 1, 'Ống Đựng Hương', 'Ống Đựng Hương', '', '', ''),
(49, 2, 'Mâm Đồng', 'Mâm Đồng', '', '', ''),
(49, 1, 'Mâm Đồng', 'Mâm Đồng', '', '', ''),
(50, 2, 'Khay Cốc, Ấm Chén', 'Khay Cốc, Ấm Chén', '', '', ''),
(50, 1, 'Khay Cốc, Ấm Chén', 'Khay Cốc, Ấm Chén', '', '', ''),
(51, 2, 'Nậm Rượu', 'Nậm Rượu', '', '', ''),
(51, 1, 'Nậm Rượu', 'Nậm Rượu', '', '', ''),
(52, 2, 'Chóe (Gạo, Muối, Nước)', 'Chóe (Gạo, Muối, Nước)', '', '', ''),
(52, 1, 'Chóe (Gạo, Muối, Nước)', 'Chóe (Gạo, Muối, Nước)', '', '', ''),
(53, 2, 'Bát Cơm Cúng', 'Bát Cơm Cúng', '', '', ''),
(53, 1, 'Bát Cơm Cúng', 'Bát Cơm Cúng', '', '', ''),
(54, 2, 'Đèn Dầu', 'Đèn Dầu', '', '', ''),
(54, 1, 'Đèn Dầu', 'Đèn Dầu', '', '', ''),
(55, 2, 'Đèn Thờ', 'Đèn Thờ', '', '', ''),
(55, 1, 'Đèn Thờ', 'Đèn Thờ', '', '', ''),
(56, 2, 'Đế Gỗ', 'Đế Gỗ', '', '', ''),
(56, 1, 'Đế Gỗ', 'Đế Gỗ', '', '', ''),
(57, 2, 'Xông Trầm', 'Xông Trầm', '', '', ''),
(57, 1, 'Xông Trầm', 'Xông Trầm', '', '', ''),
(58, 2, 'Hoành Phi Câu Đối', 'Hoành Phi Câu Đối', '', '', ''),
(58, 1, 'Hoành Phi Câu Đối', 'Hoành Phi Câu Đối', '', '', ''),
(59, 2, 'Chuông – Chiêng Đồng', 'Chuông – Chiêng Đồng', '', '', ''),
(59, 1, 'Chuông – Chiêng Đồng', 'Chuông – Chiêng Đồng', '', '', ''),
(60, 2, 'Đồ Thờ Khác', 'Đồ Thờ Khác', '', '', ''),
(60, 1, 'Đồ Thờ Khác', 'Đồ Thờ Khác', '', '', ''),
(61, 2, 'Tượng Thờ', 'Tượng Thờ', '', '', ''),
(61, 1, 'Tượng Thờ', 'Tượng Thờ', '', '', ''),
(62, 2, 'Tam Đa, Tiên Thánh', 'Tam Đa, Tiên Thánh', '', '', ''),
(62, 1, 'Tam Đa, Tiên Thánh', 'Tam Đa, Tiên Thánh', '', '', ''),
(63, 2, 'Trần Quốc Tuấn, Khổng Minh, Quan Công', 'Trần Quốc Tuấn, Khổng Minh, Quan Công', '', '', ''),
(63, 1, 'Trần Quốc Tuấn, Khổng Minh, Quan Công', 'Trần Quốc Tuấn, Khổng Minh, Quan Công', '', '', ''),
(64, 2, 'Tôn Giáo', 'Tôn Giáo', '', '', ''),
(64, 1, 'Tôn Giáo', 'Tôn Giáo', '', '', ''),
(65, 2, 'Tượng Thần Tài', 'Tượng Thần Tài', '', '', ''),
(65, 1, 'Tượng Thần Tài', 'Tượng Thần Tài', '', '', ''),
(66, 2, 'Bộ Đồ Thời Thần Linh - Gia Tiên', 'Bộ Đồ Thời Thần Linh - Gia Tiên', '', '', ''),
(66, 1, 'Bộ Đồ Thời Thần Linh - Gia Tiên', 'Bộ Đồ Thời Thần Linh - Gia Tiên', '', '', ''),
(67, 2, 'Đỉnh Đồng - Lư Hương', 'Đỉnh Đồng - Lư Hương', '', '', ''),
(67, 1, 'Đỉnh Đồng - Lư Hương', 'Đỉnh Đồng - Lư Hương', '', '', ''),
(68, 2, 'Phong cách Bắc Âu - Scandinavian', 'Phong cách Bắc Âu - Scandinavian', '', '', ''),
(68, 1, 'Phong cách Bắc Âu - Scandinavian', 'Phong cách Bắc Âu - Scandinavian', '', '', ''),
(69, 2, 'Tranh Phòng Khách', 'Tranh Phòng Khách', '', '', ''),
(69, 1, 'Tranh Phòng Khách', 'Tranh Phòng Khách', '', '', ''),
(70, 2, 'Tranh Phòng Ngủ', 'Tranh Phòng Ngủ', '', '', ''),
(70, 1, 'Tranh Phòng Ngủ', 'Tranh Phòng Ngủ', '', '', ''),
(71, 2, 'Tranh Phòng Ăn', 'Tranh Phòng Ăn', '', '', ''),
(71, 1, 'Tranh Phòng Ăn', 'Tranh Phòng Ăn', '', '', ''),
(72, 2, 'Tranh Bộ ba bức', 'Tranh Bộ ba bức', '', '', ''),
(72, 1, 'Tranh Bộ ba bức', 'Tranh Bộ ba bức', '', '', '');

-- oc_category_path PRIMARY KEY (`category_id`,`path_id`)
INSERT IGNORE INTO `oc_category_path` (`category_id`, `path_id`, `level`) VALUES
(45, 45, 0),
(44, 44, 1),
(44, 40, 0),
(43, 43, 1),
(43, 40, 0),
(42, 42, 1),
(42, 40, 0),
(41, 41, 1),
(41, 40, 0),
(34, 32, 0),
(33, 33, 1),
(33, 32, 0),
(32, 32, 0),
(40, 40, 0),
(39, 39, 0),
(35, 32, 0),
(34, 34, 1),
(38, 38, 1),
(38, 36, 0),
(37, 37, 1),
(37, 36, 0),
(36, 36, 0),
(35, 35, 1),
(46, 45, 0),
(46, 46, 1),
(47, 45, 0),
(47, 47, 1),
(48, 45, 0),
(48, 48, 1),
(49, 45, 0),
(49, 49, 1),
(50, 45, 0),
(50, 50, 1),
(51, 45, 0),
(51, 51, 1),
(52, 45, 0),
(52, 52, 1),
(53, 45, 0),
(53, 53, 1),
(54, 45, 0),
(54, 54, 1),
(55, 45, 0),
(55, 55, 1),
(56, 45, 0),
(56, 56, 1),
(57, 45, 0),
(57, 57, 1),
(58, 45, 0),
(58, 58, 1),
(59, 45, 0),
(59, 59, 1),
(60, 45, 0),
(60, 60, 1),
(61, 61, 0),
(62, 61, 0),
(62, 62, 1),
(63, 61, 0),
(63, 63, 1),
(64, 61, 0),
(64, 64, 1),
(65, 61, 0),
(65, 65, 1),
(66, 66, 0),
(67, 67, 0),
(68, 68, 0),
(69, 69, 0),
(70, 70, 0),
(71, 71, 0),
(72, 72, 0);

-- oc_category_to_store PRIMARY KEY (`category_id`,`store_id`)
INSERT IGNORE INTO `oc_category_to_store` (`category_id`, `store_id`) VALUES
(32, 0),
(33, 0),
(34, 0),
(35, 0),
(36, 0),
(37, 0),
(38, 0),
(39, 0),
(40, 0),
(41, 0),
(42, 0),
(43, 0),
(44, 0),
(45, 0),
(46, 0),
(47, 0),
(48, 0),
(49, 0),
(50, 0),
(51, 0),
(52, 0),
(53, 0),
(54, 0),
(55, 0),
(56, 0),
(57, 0),
(58, 0),
(59, 0),
(60, 0),
(61, 0),
(62, 0),
(63, 0),
(64, 0),
(65, 0),
(66, 0),
(67, 0),
(68, 0),
(69, 0),
(70, 0),
(71, 0),
(72, 0);