-- oc_product PRIMARY KEY (`product_id`)
-- delete first
INSERT IGNORE INTO `oc_product` (`product_id`, `model`, `sku`, `common_barcode`, `common_sku`, `common_compare_price`, `common_price`, `common_cost_price`, `barcode`, `upc`, `ean`, `jan`, `isbn`, `mpn`, `location`, `quantity`, `sale_on_out_of_stock`, `stock_status_id`, `image`, `image_alt`, `multi_versions`, `manufacturer_id`, `shipping`, `price`, `price_currency_id`, `compare_price`, `c_price_currency_id`, `points`, `tax_class_id`, `date_available`, `weight`, `weight_class_id`, `length`, `width`, `height`, `length_class_id`, `subtract`, `minimum`, `sort_order`, `status`, `channel`, `viewed`, `demo`, `deleted`, `default_store_id`, `date_added`, `date_modified`) VALUES
(156, '', 'TT01', '', '', '0.0000', '0.0000', '0.0000', '', '', '', '', '', '', '', 0, 0, 0, 'https://2.pik.vn/2020ab01b920-5309-4712-b8ee-b112af9fe39a.jpg', '', 0, 29, 1, '0.0000', 1, '950000.0000', 1, 0, 0, '0000-00-00', '800.00000000', 1, '0.00000000', '0.00000000', '0.00000000', 0, 1, 1, 0, 1, 2, 0, 1, NULL, 0, '2020-09-25 13:39:27', '2020-09-25 13:39:27'),
(155, '', 'LV08', '', '', '0.0000', '0.0000', '0.0000', '', '', '', '', '', '', '', 0, 0, 0, 'https://2.pik.vn/20200e725970-f6ef-4d75-b97c-6b40625747ea.jpg', '', 0, 28, 1, '0.0000', 1, '540000.0000', 1, 0, 0, '0000-00-00', '1000.00000000', 1, '0.00000000', '0.00000000', '0.00000000', 0, 1, 1, 0, 1, 2, 0, 1, NULL, 0, '2020-09-25 13:39:27', '2020-09-25 13:39:27'),
(154, '', 'LV07', '', '', '0.0000', '0.0000', '0.0000', '', '', '', '', '', '', '', 0, 0, 0, 'https://2.pik.vn/202089def36a-5db9-4eb0-8ea2-bbd9930a00d9.jpg', '', 0, 28, 1, '0.0000', 1, '479000.0000', 1, 0, 0, '0000-00-00', '1000.00000000', 1, '0.00000000', '0.00000000', '0.00000000', 0, 1, 1, 0, 1, 2, 0, 1, NULL, 0, '2020-09-25 13:39:27', '2020-09-25 13:39:27'),
(153, '', 'LV06', '', '', '0.0000', '0.0000', '0.0000', '', '', '', '', '', '', '', 0, 0, 0, 'https://2.pik.vn/2020ada3722d-d0c8-4b29-aa76-911315b62ac9.jpg', '', 0, 28, 1, '0.0000', 1, '469000.0000', 1, 0, 0, '0000-00-00', '1000.00000000', 1, '0.00000000', '0.00000000', '0.00000000', 0, 1, 1, 0, 1, 2, 0, 1, NULL, 0, '2020-09-25 13:39:27', '2020-09-25 13:39:27'),
(152, '', 'LV05', '', '', '0.0000', '0.0000', '0.0000', '', '', '', '', '', '', '', 0, 0, 0, 'https://2.pik.vn/20205d295723-2ef3-40e5-a6c2-a44b91dd9f0d.jpg', '', 0, 28, 1, '0.0000', 1, '480000.0000', 1, 0, 0, '0000-00-00', '1000.00000000', 1, '0.00000000', '0.00000000', '0.00000000', 0, 1, 1, 0, 1, 2, 0, 1, NULL, 0, '2020-09-25 13:39:27', '2020-09-25 13:39:27'),
(151, '', 'LV04', '', '', '0.0000', '0.0000', '0.0000', '', '', '', '', '', '', '', 0, 0, 0, 'https://2.pik.vn/20200a3ece55-7528-4606-9bd0-fb0f1bfd8078.jpg', '', 0, 28, 1, '0.0000', 1, '532000.0000', 1, 0, 0, '0000-00-00', '1000.00000000', 1, '0.00000000', '0.00000000', '0.00000000', 0, 1, 1, 0, 1, 2, 0, 1, NULL, 0, '2020-09-25 13:39:27', '2020-09-25 13:39:27'),
(150, '', 'LV03', '', '', '0.0000', '0.0000', '0.0000', '', '', '', '', '', '', '', 0, 0, 0, 'https://2.pik.vn/20204e0206c7-4884-4c5f-951a-2bf3b85ba30c.png', '', 0, 28, 1, '512000.0000', 1, '560000.0000', 1, 0, 0, '0000-00-00', '1000.00000000', 1, '0.00000000', '0.00000000', '0.00000000', 0, 1, 1, 0, 1, 2, 0, 1, NULL, 0, '2020-09-25 13:39:27', '2020-09-25 13:39:27'),
(149, '', 'LV02', '', '', '0.0000', '0.0000', '0.0000', '', '', '', '', '', '', '', 0, 0, 0, 'https://2.pik.vn/20205f2edd97-f472-412b-a135-e625dd70239e.jpg', '', 0, 28, 1, '0.0000', 1, '540000.0000', 1, 0, 0, '0000-00-00', '1000.00000000', 1, '0.00000000', '0.00000000', '0.00000000', 0, 1, 1, 0, 1, 2, 0, 1, NULL, 0, '2020-09-25 13:39:27', '2020-09-25 13:39:27'),
(148, '', 'LV01', '', '', '0.0000', '0.0000', '0.0000', '', '', '', '', '', '', '', 0, 0, 0, 'https://2.pik.vn/2020eb443746-feb3-4762-8a94-213ef394e4d5.png', '', 0, 28, 1, '0.0000', 1, '560000.0000', 1, 0, 0, '0000-00-00', '1000.00000000', 1, '0.00000000', '0.00000000', '0.00000000', 0, 1, 1, 0, 1, 2, 0, 1, NULL, 0, '2020-09-25 13:39:27', '2020-09-25 13:39:27'),
(147, '', 'LH03', '', '', '0.0000', '0.0000', '0.0000', '', '', '', '', '', '', '', 0, 0, 0, 'https://2.pik.vn/20208be81651-e10d-4b37-b2c4-8de3537b2af4.jpg', '', 0, 28, 1, '585000.0000', 1, '610000.0000', 1, 0, 0, '0000-00-00', '7000.00000000', 1, '0.00000000', '0.00000000', '0.00000000', 0, 1, 1, 0, 1, 2, 0, 1, NULL, 0, '2020-09-25 13:39:27', '2020-09-25 13:39:27'),
(146, '', 'LH02', '', '', '0.0000', '0.0000', '0.0000', '', '', '', '', '', '', '', 0, 0, 0, 'https://2.pik.vn/202033c8a732-d1dc-48b7-af83-7bd8d3c44d9b.png', '', 0, 28, 1, '0.0000', 1, '560000.0000', 1, 0, 0, '0000-00-00', '7000.00000000', 1, '0.00000000', '0.00000000', '0.00000000', 0, 1, 1, 0, 1, 2, 0, 1, NULL, 0, '2020-09-25 13:39:27', '2020-09-25 13:39:27'),
(145, '', 'LH01', '', '', '0.0000', '0.0000', '0.0000', '', '', '', '', '', '', '', 0, 0, 0, 'https://2.pik.vn/202005e3a921-4272-4692-bc5f-2401185455ec.jpg', '', 0, 28, 1, '0.0000', 1, '520000.0000', 1, 0, 0, '0000-00-00', '7000.00000000', 1, '0.00000000', '0.00000000', '0.00000000', 0, 1, 1, 0, 1, 2, 0, 1, NULL, 0, '2020-09-25 13:39:27', '2020-09-25 13:39:27'),
(144, '', 'ĐH01', '', '', '0.0000', '0.0000', '0.0000', '', '', '', '', '', '', '', 0, 0, 0, 'https://2.pik.vn/2020b4dc51e1-2d1c-473f-afed-cd223bba6ba5.png', '', 0, 28, 1, '0.0000', 1, '700000.0000', 1, 0, 0, '0000-00-00', '7000.00000000', 1, '0.00000000', '0.00000000', '0.00000000', 0, 1, 1, 0, 1, 2, 0, 1, NULL, 0, '2020-09-25 13:39:27', '2020-09-25 13:39:27'),
(141, '', 'ĐL02', '', '', '0.0000', '0.0000', '0.0000', '', '', '', '', '', '', '', 0, 0, 0, 'https://2.pik.vn/20205c38e404-cf4f-4037-b46c-cf8a81299296.png', '', 0, 27, 1, '0.0000', 1, '570000.0000', 1, 0, 0, '0000-00-00', '7000.00000000', 1, '0.00000000', '0.00000000', '0.00000000', 0, 1, 1, 0, 1, 2, 0, 1, NULL, 0, '2020-09-25 13:39:27', '2020-09-25 13:39:27'),
(142, '', 'NS01', '', '', '0.0000', '0.0000', '0.0000', '', '', '', '', '', '', '', 0, 0, 0, 'https://2.pik.vn/2020d5a342a6-e1bf-4fe8-ae2f-5d0345db445a.jpg', '', 0, 28, 1, '690000.0000', 1, '760000.0000', 1, 0, 0, '0000-00-00', '7000.00000000', 1, '0.00000000', '0.00000000', '0.00000000', 0, 1, 1, 0, 1, 2, 0, 1, NULL, 0, '2020-09-25 13:39:27', '2020-09-25 13:39:27'),
(143, '', 'NS02', '', '', '0.0000', '0.0000', '0.0000', '', '', '', '', '', '', '', 0, 0, 0, 'https://2.pik.vn/202008f3da9c-edca-41e9-a26e-2becaccdfc52.jpg', '', 0, 28, 1, '0.0000', 1, '680000.0000', 1, 0, 0, '0000-00-00', '7000.00000000', 1, '0.00000000', '0.00000000', '0.00000000', 0, 1, 1, 0, 1, 2, 0, 1, NULL, 0, '2020-09-25 13:39:27', '2020-09-25 13:39:27'),
(140, '', 'ĐL01', '', '', '0.0000', '0.0000', '0.0000', '', '', '', '', '', '', '', 0, 0, 0, 'https://2.pik.vn/202054f497d3-9df1-4dec-be3a-37ac2acdba93.png', '', 0, 27, 1, '0.0000', 1, '570000.0000', 1, 0, 0, '0000-00-00', '7000.00000000', 1, '0.00000000', '0.00000000', '0.00000000', 0, 1, 1, 0, 1, 2, 0, 1, NULL, 0, '2020-09-25 13:39:27', '2020-09-25 13:39:27'),
(137, '', 'BĐT06', '', '', '0.0000', '0.0000', '0.0000', '', '', '', '', '', '', '', 0, 0, 0, 'https://2.pik.vn/202002c769bb-6365-46a7-b322-6254ae8fe6e7.jpg', '', 0, 26, 1, '0.0000', 1, '6100000.0000', 1, 0, 0, '0000-00-00', '7000.00000000', 1, '0.00000000', '0.00000000', '0.00000000', 0, 1, 1, 0, 1, 2, 0, 1, NULL, 0, '2020-09-25 13:39:27', '2020-09-25 13:39:27'),
(138, '', 'BĐT07', '', '', '0.0000', '0.0000', '0.0000', '', '', '', '', '', '', '', 0, 0, 0, 'https://2.pik.vn/2020432bfa2d-99ed-4067-b67c-d7d9a5bb11ce.jpg', '', 0, 26, 1, '0.0000', 1, '4500000.0000', 1, 0, 0, '0000-00-00', '7000.00000000', 1, '0.00000000', '0.00000000', '0.00000000', 0, 1, 1, 0, 1, 2, 0, 1, NULL, 0, '2020-09-25 13:39:27', '2020-09-25 13:39:27'),
(139, '', 'BĐT08', '', '', '0.0000', '0.0000', '0.0000', '', '', '', '', '', '', '', 0, 0, 0, 'https://2.pik.vn/2020944eb240-9953-457c-aedb-94e75ad5e2b9.jpg', '', 0, 26, 1, '0.0000', 1, '3900000.0000', 1, 0, 0, '0000-00-00', '7000.00000000', 1, '0.00000000', '0.00000000', '0.00000000', 0, 1, 1, 0, 1, 2, 0, 1, NULL, 0, '2020-09-25 13:39:27', '2020-09-25 13:39:27'),
(136, '', 'BĐT05', '', '', '0.0000', '0.0000', '0.0000', '', '', '', '', '', '', '', 0, 0, 0, 'https://2.pik.vn/20209b5f4764-c42e-472d-9b3c-8ff52b861117.jpg', '', 0, 26, 1, '0.0000', 1, '5400000.0000', 1, 0, 0, '0000-00-00', '7000.00000000', 1, '0.00000000', '0.00000000', '0.00000000', 0, 1, 1, 0, 1, 2, 0, 1, NULL, 0, '2020-09-25 13:39:27', '2020-09-25 13:39:27'),
(135, '', 'BĐT04', '', '', '0.0000', '0.0000', '0.0000', '', '', '', '', '', '', '', 0, 0, 0, 'https://2.pik.vn/2020330707ff-61d7-426a-b4f9-025a88dc68f3.jpg', '', 0, 26, 1, '0.0000', 1, '5200000.0000', 1, 0, 0, '0000-00-00', '7000.00000000', 1, '0.00000000', '0.00000000', '0.00000000', 0, 1, 1, 0, 1, 2, 0, 1, NULL, 0, '2020-09-25 13:39:27', '2020-09-25 13:39:27'),
(132, '', 'BĐT01', '', '', '0.0000', '0.0000', '0.0000', '', '', '', '', '', '', '', 0, 0, 0, 'https://2.pik.vn/2020f38179ab-923b-4ca4-9d60-b051106c527a.jpg', '', 0, 26, 1, '4650000.0000', 1, '5000000.0000', 1, 0, 0, '0000-00-00', '7500.00000000', 1, '0.00000000', '0.00000000', '0.00000000', 0, 1, 1, 0, 1, 2, 0, 1, NULL, 0, '2020-09-25 13:39:27', '2020-09-25 13:39:27'),
(133, '', 'BĐT02', '', '', '0.0000', '0.0000', '0.0000', '', '', '', '', '', '', '', 0, 0, 0, 'https://2.pik.vn/202070e2b57e-1216-4503-8e90-8c8ccefd90db.jpg', '', 0, 26, 1, '0.0000', 1, '4500000.0000', 1, 0, 0, '0000-00-00', '7000.00000000', 1, '0.00000000', '0.00000000', '0.00000000', 0, 1, 1, 0, 1, 2, 0, 1, NULL, 0, '2020-09-25 13:39:27', '2020-09-25 13:39:27'),
(134, '', 'BĐT03', '', '', '0.0000', '0.0000', '0.0000', '', '', '', '', '', '', '', 0, 0, 0, 'https://2.pik.vn/2020cb34ef54-64a4-4ec1-8817-b94e5af01723.jpg', '', 0, 26, 1, '4500000.0000', 1, '4800000.0000', 1, 0, 0, '0000-00-00', '7000.00000000', 1, '0.00000000', '0.00000000', '0.00000000', 0, 1, 1, 0, 1, 2, 0, 1, NULL, 0, '2020-09-25 13:39:27', '2020-09-25 13:39:27'),
(157, '', 'TT02', '', '', '0.0000', '0.0000', '0.0000', '', '', '', '', '', '', '', 0, 0, 0, 'https://2.pik.vn/20205dc5fbc4-9012-490c-b7f0-578571569930.jpg', '', 0, 29, 1, '1760000.0000', 1, '1890000.0000', 1, 0, 0, '0000-00-00', '800.00000000', 1, '0.00000000', '0.00000000', '0.00000000', 0, 1, 1, 0, 1, 2, 0, 1, NULL, 0, '2020-09-25 13:39:27', '2020-09-25 13:39:27'),
(158, '', 'TT03', '', '', '0.0000', '0.0000', '0.0000', '', '', '', '', '', '', '', 0, 0, 0, 'https://2.pik.vn/20209d95b1ab-29dd-4085-9d4c-fee9fbca5e84.jpg', '', 0, 29, 1, '0.0000', 1, '976000.0000', 1, 0, 0, '0000-00-00', '800.00000000', 1, '0.00000000', '0.00000000', '0.00000000', 0, 1, 1, 0, 1, 2, 0, 1, NULL, 0, '2020-09-25 13:39:27', '2020-09-25 13:39:27'),
(159, '', 'TT04', '', '', '0.0000', '0.0000', '0.0000', '', '', '', '', '', '', '', 0, 0, 0, 'https://2.pik.vn/2020edba1d78-1c2b-43e2-9bda-5c522e2b78b3.jpg', '', 0, 29, 1, '0.0000', 1, '899000.0000', 1, 0, 0, '0000-00-00', '800.00000000', 1, '0.00000000', '0.00000000', '0.00000000', 0, 1, 1, 0, 1, 2, 0, 1, NULL, 0, '2020-09-25 13:39:27', '2020-09-25 13:39:27'),
(160, '', 'DT01', '', '', '0.0000', '0.0000', '0.0000', '', '', '', '', '', '', '', 0, 0, 0, 'https://2.pik.vn/20203d6e800c-94b2-4774-bc56-b4ac1847d62b.jpg', '', 0, 26, 1, '0.0000', 1, '1230000.0000', 1, 0, 0, '0000-00-00', '4500.00000000', 1, '0.00000000', '0.00000000', '0.00000000', 0, 1, 1, 0, 1, 2, 0, 1, NULL, 0, '2020-09-25 13:39:27', '2020-09-25 13:39:27'),
(161, '', 'DT02', '', '', '0.0000', '0.0000', '0.0000', '', '', '', '', '', '', '', 0, 0, 0, 'https://2.pik.vn/2020eaa072af-6dd0-4bf3-bab2-d29cc56a8168.jpg', '', 0, 26, 1, '850000.0000', 1, '1000000.0000', 1, 0, 0, '0000-00-00', '4500.00000000', 1, '0.00000000', '0.00000000', '0.00000000', 0, 1, 1, 0, 1, 2, 0, 1, NULL, 0, '2020-09-25 13:39:27', '2020-09-25 13:39:27'),
(162, '', 'DT03', '', '', '0.0000', '0.0000', '0.0000', '', '', '', '', '', '', '', 0, 0, 0, 'https://2.pik.vn/20203066d714-30b0-4d7d-86e0-695457db4576.jpg', '', 0, 26, 1, '0.0000', 1, '946000.0000', 1, 0, 0, '0000-00-00', '4500.00000000', 1, '0.00000000', '0.00000000', '0.00000000', 0, 1, 1, 0, 1, 2, 0, 1, NULL, 0, '2020-09-25 13:39:27', '2020-09-25 13:39:27'),
(163, '', 'DT04', '', '', '0.0000', '0.0000', '0.0000', '', '', '', '', '', '', '', 0, 0, 0, 'https://2.pik.vn/2020f8d514c3-de9b-460c-8966-c0c892fec21b.jpg', '', 0, 26, 1, '0.0000', 1, '890000.0000', 1, 0, 0, '0000-00-00', '4500.00000000', 1, '0.00000000', '0.00000000', '0.00000000', 0, 1, 1, 0, 1, 2, 0, 1, NULL, 0, '2020-09-25 13:39:27', '2020-09-25 13:39:27'),
(164, '', 'DT05', '', '', '0.0000', '0.0000', '0.0000', '', '', '', '', '', '', '', 0, 0, 0, 'https://2.pik.vn/2020e84eed00-750a-4d2c-973c-5817e65e7080.jpg', '', 0, 26, 1, '0.0000', 1, '1420000.0000', 1, 0, 0, '0000-00-00', '4500.00000000', 1, '0.00000000', '0.00000000', '0.00000000', 0, 1, 1, 0, 1, 2, 0, 1, NULL, 0, '2020-09-25 13:39:27', '2020-09-25 13:39:27'),
(165, '', 'DT06', '', '', '0.0000', '0.0000', '0.0000', '', '', '', '', '', '', '', 0, 0, 0, 'https://2.pik.vn/2020bfed0cbd-e3cf-41cc-942d-d2c6621cc15f.jpg', '', 0, 26, 1, '0.0000', 1, '1450000.0000', 1, 0, 0, '0000-00-00', '4500.00000000', 1, '0.00000000', '0.00000000', '0.00000000', 0, 1, 1, 0, 1, 2, 0, 1, NULL, 0, '2020-09-25 13:39:27', '2020-09-25 13:39:27'),
(166, '', 'DT07', '', '', '0.0000', '0.0000', '0.0000', '', '', '', '', '', '', '', 0, 0, 0, 'https://2.pik.vn/20203059b8d1-464d-4a00-b29a-3fcfaf2dbf48.jpg', '', 0, 26, 1, '0.0000', 1, '650000.0000', 1, 0, 0, '0000-00-00', '4500.00000000', 1, '0.00000000', '0.00000000', '0.00000000', 0, 1, 1, 0, 1, 2, 0, 1, NULL, 0, '2020-09-25 13:39:27', '2020-09-25 13:39:27'),
(167, '', 'DT08', '', '', '0.0000', '0.0000', '0.0000', '', '', '', '', '', '', '', 0, 0, 0, 'https://2.pik.vn/2020b8d13caf-f05f-4a1d-9033-1c1401d654c6.jpg', '', 0, 26, 1, '0.0000', 1, '760000.0000', 1, 0, 0, '0000-00-00', '4500.00000000', 1, '0.00000000', '0.00000000', '0.00000000', 0, 1, 1, 0, 1, 2, 0, 1, NULL, 0, '2020-09-25 13:39:27', '2020-09-25 13:39:27'),
(168, '', 'TD01', '', '', '0.0000', '0.0000', '0.0000', '', '', '', '', '', '', '', 0, 0, 0, 'https://2.pik.vn/2020c2445385-69df-4328-a9c7-8ca6b8e67974.jpg', '', 0, 26, 1, '0.0000', 1, '750000.0000', 1, 0, 0, '0000-00-00', '5000.00000000', 1, '0.00000000', '0.00000000', '0.00000000', 0, 1, 1, 0, 1, 2, 0, 1, NULL, 0, '2020-09-25 13:39:27', '2020-09-25 13:39:27'),
(169, '', 'TD02', '', '', '0.0000', '0.0000', '0.0000', '', '', '', '', '', '', '', 0, 0, 0, 'https://2.pik.vn/2020fce234c3-c31e-4084-a3e7-aee144adc096.jpg', '', 0, 26, 1, '0.0000', 1, '760000.0000', 1, 0, 0, '0000-00-00', '5000.00000000', 1, '0.00000000', '0.00000000', '0.00000000', 0, 1, 1, 0, 1, 2, 0, 1, NULL, 0, '2020-09-25 13:39:27', '2020-09-25 13:39:27'),
(170, '', 'TD03', '', '', '0.0000', '0.0000', '0.0000', '', '', '', '', '', '', '', 0, 0, 0, 'https://2.pik.vn/20207238d6b2-751c-4bbd-9d54-5734265ca206.jpg', '', 0, 26, 1, '0.0000', 1, '680000.0000', 1, 0, 0, '0000-00-00', '5000.00000000', 1, '0.00000000', '0.00000000', '0.00000000', 0, 1, 1, 0, 1, 2, 0, 1, NULL, 0, '2020-09-25 13:39:27', '2020-09-25 13:39:27'),
(171, '', 'TD04', '', '', '0.0000', '0.0000', '0.0000', '', '', '', '', '', '', '', 0, 0, 0, 'https://2.pik.vn/2020b7bbf88f-ff40-4d29-bdd0-5b0d6a63141e.png', '', 0, 26, 1, '0.0000', 1, '690000.0000', 1, 0, 0, '0000-00-00', '5000.00000000', 1, '0.00000000', '0.00000000', '0.00000000', 0, 1, 1, 0, 1, 2, 0, 1, NULL, 0, '2020-09-25 13:39:27', '2020-09-25 13:39:27'),
(172, '', 'TD05', '', '', '0.0000', '0.0000', '0.0000', '', '', '', '', '', '', '', 0, 0, 0, 'https://2.pik.vn/2020639914f0-3819-47c4-b259-7187c37f252f.jpg', '', 0, 26, 1, '0.0000', 1, '759000.0000', 1, 0, 0, '0000-00-00', '5000.00000000', 1, '0.00000000', '0.00000000', '0.00000000', 0, 1, 1, 0, 1, 2, 0, 1, NULL, 0, '2020-09-25 13:39:27', '2020-09-25 13:39:27'),
(173, '', 'TD06', '', '', '0.0000', '0.0000', '0.0000', '', '', '', '', '', '', '', 0, 0, 0, 'https://2.pik.vn/20202ed8bda6-1ef4-4a56-8043-8f13d04a1c05.png', '', 0, 26, 1, '0.0000', 1, '764000.0000', 1, 0, 0, '0000-00-00', '5000.00000000', 1, '0.00000000', '0.00000000', '0.00000000', 0, 1, 1, 0, 1, 2, 0, 1, NULL, 0, '2020-09-25 13:39:27', '2020-09-25 13:39:27'),
(174, '', 'TD07', '', '', '0.0000', '0.0000', '0.0000', '', '', '', '', '', '', '', 0, 0, 0, 'https://2.pik.vn/2020e33ba3dd-6cb7-4323-8e08-abccac6c9e6c.jpg', '', 0, 26, 1, '0.0000', 1, '789000.0000', 1, 0, 0, '0000-00-00', '5000.00000000', 1, '0.00000000', '0.00000000', '0.00000000', 0, 1, 1, 0, 1, 2, 0, 1, NULL, 0, '2020-09-25 13:39:27', '2020-09-25 13:39:27'),
(175, '', 'TD08', '', '', '0.0000', '0.0000', '0.0000', '', '', '', '', '', '', '', 0, 0, 0, 'https://2.pik.vn/20209492ddad-35b1-496e-ba37-a58dd62631d1.png', '', 0, 26, 1, '0.0000', 1, '698000.0000', 1, 0, 0, '0000-00-00', '5000.00000000', 1, '0.00000000', '0.00000000', '0.00000000', 0, 1, 1, 0, 1, 2, 0, 1, NULL, 0, '2020-09-25 13:39:27', '2020-09-25 13:39:27'),
(176, '', 'BT01', '', '', '0.0000', '0.0000', '0.0000', '', '', '', '', '', '', '', 0, 0, 0, 'https://2.pik.vn/20205849fa06-0739-48fb-bfb6-dc418bee779d.jpg', '', 0, 29, 1, '0.0000', 1, '2300000.0000', 1, 0, 0, '0000-00-00', '6000.00000000', 1, '0.00000000', '0.00000000', '0.00000000', 0, 1, 1, 0, 1, 2, 0, 1, NULL, 0, '2020-09-25 13:39:27', '2020-09-25 13:39:27'),
(177, '', 'BT02', '', '', '0.0000', '0.0000', '0.0000', '', '', '', '', '', '', '', 0, 0, 0, 'https://2.pik.vn/202075c15a24-214d-4544-9de9-f84b2aaf6687.jpg', '', 0, 29, 1, '0.0000', 1, '2410000.0000', 1, 0, 0, '0000-00-00', '6000.00000000', 1, '0.00000000', '0.00000000', '0.00000000', 0, 1, 1, 0, 1, 2, 0, 1, NULL, 0, '2020-09-25 13:39:27', '2020-09-25 13:39:27'),
(178, '', 'BT03', '', '', '0.0000', '0.0000', '0.0000', '', '', '', '', '', '', '', 0, 0, 0, 'https://2.pik.vn/20205870ed88-f675-4cd5-a112-b8ee3c49e45d.jpg', '', 0, 29, 1, '0.0000', 1, '1950000.0000', 1, 0, 0, '0000-00-00', '6000.00000000', 1, '0.00000000', '0.00000000', '0.00000000', 0, 1, 1, 0, 1, 2, 0, 1, NULL, 0, '2020-09-25 13:39:27', '2020-09-25 13:39:27'),
(179, '', 'BT04', '', '', '0.0000', '0.0000', '0.0000', '', '', '', '', '', '', '', 0, 0, 0, 'https://2.pik.vn/20205a70e664-ed9d-4d2e-9de4-a37b2647501b.jpg', '', 0, 29, 1, '0.0000', 1, '1999000.0000', 1, 0, 0, '0000-00-00', '6000.00000000', 1, '0.00000000', '0.00000000', '0.00000000', 0, 1, 1, 0, 1, 2, 0, 1, NULL, 0, '2020-09-25 13:39:27', '2020-09-25 13:39:27');

-- restore soft-deleted products if demo
UPDATE `oc_product` SET `deleted` = NULL
WHERE `demo` = 1
  AND `product_id` IN (
    156,
    155,
    154,
    153,
    152,
    151,
    150,
    149,
    148,
    147,
    146,
    145,
    144,
    141,
    142,
    143,
    140,
    137,
    138,
    139,
    136,
    135,
    132,
    133,
    134,
    157,
    158,
    159,
    160,
    161,
    162,
    163,
    164,
    165,
    166,
    167,
    168,
    169,
    170,
    171,
    172,
    173,
    174,
    175,
    176,
    177,
    178,
    179
  );

-- oc_product_collection PRIMARY KEY (`product_collection_id`)
INSERT IGNORE INTO `oc_product_collection` (`product_collection_id`, `product_id`, `collection_id`, `sort_order`) VALUES
(164, 144, 11, 0),
(158, 178, 10, 0),
(157, 177, 10, 0),
(156, 176, 10, 0),
(155, 139, 9, 0),
(154, 138, 9, 0),
(153, 137, 9, 0),
(152, 136, 9, 0),
(151, 135, 9, 0),
(150, 134, 9, 0),
(148, 132, 9, 0),
(149, 133, 9, 0),
(163, 141, 11, 0),
(162, 140, 11, 0),
(161, 143, 11, 0),
(160, 142, 11, 0),
(159, 179, 10, 0),
(165, 147, 11, 0),
(166, 145, 11, 0),
(167, 146, 11, 0),
(168, 160, 12, 0),
(169, 161, 12, 0),
(170, 162, 12, 0),
(171, 163, 12, 0),
(172, 164, 12, 0),
(173, 165, 12, 0),
(174, 166, 12, 0),
(175, 167, 12, 0),
(176, 151, 13, 0),
(177, 149, 13, 0),
(178, 150, 13, 0),
(179, 152, 13, 0),
(180, 159, 13, 0),
(181, 158, 13, 0),
(182, 156, 13, 0),
(183, 157, 13, 0),
(184, 148, 13, 0),
(185, 153, 13, 0),
(186, 154, 13, 0),
(187, 155, 13, 0),
(188, 168, 14, 0),
(189, 169, 14, 0),
(190, 170, 14, 0),
(191, 171, 14, 0),
(192, 172, 14, 0),
(193, 173, 14, 0),
(194, 174, 14, 0),
(195, 175, 14, 0);

-- oc_product_description PRIMARY KEY (`product_id`,`language_id`)
INSERT IGNORE INTO `oc_product_description` (`product_id`, `language_id`, `name`, `description`, `sub_description`, `seo_title`, `seo_description`, `tag`, `meta_title`, `meta_description`, `meta_keyword`) VALUES
(132, 2, 'Bộ đồ thờ đắp nổi men rạn Bát Tràng 01', 'Chất liệu: Dát vàng, Sứ cao cấp<br />\nLoại Men: Men rạn<br />\nNơi sản xuất: Bát Tràng<br />\n                                                                                                                                                                                                                                                       Được đánh giá dòng Men đẹp và khó làm nhất hiện nay, bộ đồ thờ cúng Men đắp nổi Bát Tràng  khẳng định vị thế gia tộc, toát lên sự trang nghêm, hoài cổ, mang giá trị tâm linh cao quý để cung tiến về từ đường, là sự lựa chọn của nhiều gia chủ để sắp xếp, bài trí cho ban thờ, án gian thờ gia tiên, gia đình.', 'Chất liệu: Dát vàng, Sứ cao cấp<br />\nLoại men: Men rạn<br />\nNơi sản xuất: Bát Tràng', '', '', '', '', '', ''),
(133, 2, 'Bộ đồ thờ đắp nổi men rạn Bát Tràng 02', 'Chất liệu: Dát vàng, Sứ cao cấp<br />\nLoại Men: Men rạn<br />\nNơi sản xuất: Bát Tràng<br />\n                                                                                                                                                                                                                                                       Được đánh giá dòng Men đẹp và khó làm nhất hiện nay, bộ đồ thờ cúng Men đắp nổi Bát Tràng  khẳng định vị thế gia tộc, toát lên sự trang nghêm, hoài cổ, mang giá trị tâm linh cao quý để cung tiến về từ đường, là sự lựa chọn của nhiều gia chủ để sắp xếp, bài trí cho ban thờ, án gian thờ gia tiên, gia đình.', 'Chất liệu: Dát vàng, Sứ cao cấp<br />\nLoại men: Men rạn<br />\nNơi sản xuất: Bát Tràng', '', '', '', '', '', ''),
(134, 2, 'Bộ đồ thờ đắp nổi men rạn Bát Tràng 03', 'Chất liệu: Dát vàng, Sứ cao cấp<br />\nLoại Men: Men rạn<br />\nNơi sản xuất: Bát Tràng<br />\n                                                                                                                                                                                                                                                       Được đánh giá dòng Men đẹp và khó làm nhất hiện nay, bộ đồ thờ cúng Men đắp nổi Bát Tràng  khẳng định vị thế gia tộc, toát lên sự trang nghêm, hoài cổ, mang giá trị tâm linh cao quý để cung tiến về từ đường, là sự lựa chọn của nhiều gia chủ để sắp xếp, bài trí cho ban thờ, án gian thờ gia tiên, gia đình.', 'Chất liệu: Dát vàng, Sứ cao cấp<br />\nLoại men: Men rạn<br />\nNơi sản xuất: Bát Tràng', '', '', '', '', '', ''),
(135, 2, 'Bộ đồ thờ đắp nổi men rạn Bát Tràng 04', 'Chất liệu: Dát vàng, Sứ cao cấp<br />\nLoại Men: Men rạn<br />\nNơi sản xuất: Bát Tràng<br />\n                                                                                                                                                                                                                                                       Được đánh giá dòng Men đẹp và khó làm nhất hiện nay, bộ đồ thờ cúng Men đắp nổi Bát Tràng  khẳng định vị thế gia tộc, toát lên sự trang nghêm, hoài cổ, mang giá trị tâm linh cao quý để cung tiến về từ đường, là sự lựa chọn của nhiều gia chủ để sắp xếp, bài trí cho ban thờ, án gian thờ gia tiên, gia đình.', 'Chất liệu: Dát vàng, Sứ cao cấp<br />\nLoại men: Men rạn<br />\nNơi sản xuất: Bát Tràng', '', '', '', '', '', ''),
(136, 2, 'Bộ đồ thờ đắp nổi men rạn Bát Tràng 05', 'Chất liệu: Dát vàng, Sứ cao cấp<br />\nLoại Men: Men rạn<br />\nNơi sản xuất: Bát Tràng<br />\n                                                                                                                                                                                                                                                       Được đánh giá dòng Men đẹp và khó làm nhất hiện nay, bộ đồ thờ cúng Men đắp nổi Bát Tràng  khẳng định vị thế gia tộc, toát lên sự trang nghêm, hoài cổ, mang giá trị tâm linh cao quý để cung tiến về từ đường, là sự lựa chọn của nhiều gia chủ để sắp xếp, bài trí cho ban thờ, án gian thờ gia tiên, gia đình.', 'Chất liệu: Dát vàng, Sứ cao cấp<br />\nLoại men: Men rạn<br />\nNơi sản xuất: Bát Tràng', '', '', '', '', '', ''),
(137, 2, 'Bộ đồ thờ đắp nổi men rạn Bát Tràng 06', 'Chất liệu: Dát vàng, Sứ cao cấp<br />\nLoại Men: Men rạn<br />\nNơi sản xuất: Bát Tràng<br />\n                                                                                                                                                                                                                                                       Được đánh giá dòng Men đẹp và khó làm nhất hiện nay, bộ đồ thờ cúng Men đắp nổi Bát Tràng  khẳng định vị thế gia tộc, toát lên sự trang nghêm, hoài cổ, mang giá trị tâm linh cao quý để cung tiến về từ đường, là sự lựa chọn của nhiều gia chủ để sắp xếp, bài trí cho ban thờ, án gian thờ gia tiên, gia đình.', 'Chất liệu: Dát vàng, Sứ cao cấp<br />\nLoại men: Men rạn<br />\nNơi sản xuất: Bát Tràng', '', '', '', '', '', ''),
(138, 2, 'Bộ đồ thờ đắp nổi men rạn Bát Tràng 07', 'Chất liệu: Dát vàng, Sứ cao cấp<br />\nLoại Men: Men rạn<br />\nNơi sản xuất: Bát Tràng<br />\n                                                                                                                                                                                                                                                       Được đánh giá dòng Men đẹp và khó làm nhất hiện nay, bộ đồ thờ cúng Men đắp nổi Bát Tràng  khẳng định vị thế gia tộc, toát lên sự trang nghêm, hoài cổ, mang giá trị tâm linh cao quý để cung tiến về từ đường, là sự lựa chọn của nhiều gia chủ để sắp xếp, bài trí cho ban thờ, án gian thờ gia tiên, gia đình.', 'Chất liệu: Dát vàng, Sứ cao cấp<br />\nLoại men: Men rạn<br />\nNơi sản xuất: Bát Tràng', '', '', '', '', '', ''),
(139, 2, 'Bộ đồ thờ đắp nổi men rạn Bát Tràng 08', 'Chất liệu: Dát vàng, Sứ cao cấp<br />\nLoại Men: Men rạn<br />\nNơi sản xuất: Bát Tràng<br />\n                                                                                                                                                                                                                                                       Được đánh giá dòng Men đẹp và khó làm nhất hiện nay, bộ đồ thờ cúng Men đắp nổi Bát Tràng  khẳng định vị thế gia tộc, toát lên sự trang nghêm, hoài cổ, mang giá trị tâm linh cao quý để cung tiến về từ đường, là sự lựa chọn của nhiều gia chủ để sắp xếp, bài trí cho ban thờ, án gian thờ gia tiên, gia đình.', 'Chất liệu: Dát vàng, Sứ cao cấp<br />\nLoại men: Men rạn<br />\nNơi sản xuất: Bát Tràng', '', '', '', '', '', ''),
(140, 2, 'Bộ Đỉnh Hạc Gốm Lục', 'Chất liệu: Gốm Sứ Cao Cấp<br />\nLoại men: Men lục thủy<br />\nNơi sản xuất: Chu Đậu<br />\nĐược đánh giá dòng Men đẹp và khó, bộ đỉnh hạc  khẳng định vị thế gia tộc, toát lên sự trang nghêm, hoài cổ, mang giá trị tâm linh cao quý để cung tiến về từ đường, là sự lựa chọn của nhiều gia chủ để sắp xếp, bài trí cho ban thờ, án gian thờ gia tiên, gia đình.', 'Chất liệu: Gốm Sứ Cao Cấp<br />\nLoại men: Men lục thủy<br />\nNơi sản xuất: Chu Đậu', '', '', '', '', '', ''),
(141, 2, 'Bộ Đỉnh Hạc Gốm Nâu', 'Chất liệu: Gốm Sứ Cao Cấp<br />\nLoại men: Men lục thủy<br />\nNơi sản xuất: Chu Đậu<br />\nĐược đánh giá dòng Men đẹp và khó, bộ đỉnh hạc  khẳng định vị thế gia tộc, toát lên sự trang nghêm, hoài cổ, mang giá trị tâm linh cao quý để cung tiến về từ đường, là sự lựa chọn của nhiều gia chủ để sắp xếp, bài trí cho ban thờ, án gian thờ gia tiên, gia đình.', 'Chất liệu: Gốm Sứ Cao Cấp<br />\nLoại men: Men lục thủy<br />\nNơi sản xuất: Chu Đậu', '', '', '', '', '', ''),
(142, 2, 'Bộ Ngũ Sự Đỉnh Đồng', 'Chất liệu: Đồng<br />\nNơi Sản Xuất:<br />\nKích thước: ', 'Chất liệu: Đồng<br />\nNSX:<br />\nKích thước:', '', '', '', '', '', ''),
(143, 2, 'Bộ Tam Sự Đỉnh Đồng', 'Chất liệu: Đồng<br />\nNơi Sản Xuất:<br />\nKích thước: ', 'Chất liệu: Đồng<br />\nNSX:<br />\nKích thước:', '', '', '', '', '', ''),
(144, 2, 'Bộ Đỉnh Hạc Đồng', 'Chất liệu: Đồng<br />\nNơi Sản Xuất:<br />\nKích thước: ', 'Chất liệu: Đồng<br />\nNSX:<br />\nKích thước:', '', '', '', '', '', ''),
(145, 2, 'Lư Hương Đồng Hoa Văn Chạm Nổi', 'Chất liệu: Đồng<br />\nNơi Sản Xuất:<br />\nKích thước: ', 'Chất liệu: Đồng<br />\nNSX:<br />\nKích thước:', '', '', '', '', '', ''),
(146, 2, 'Lư Hương Đồng Rồng Chạm Nổi', 'Chất liệu: Đồng<br />\nNơi Sản Xuất:<br />\nKích thước: ', 'Chất liệu: Đồng<br />\nNSX:<br />\nKích thước:', '', '', '', '', '', ''),
(147, 2, 'Lư Hương Lân Chạm Nổi', 'Chất liệu: Đồng<br />\nNơi Sản Xuất:<br />\nKích thước: ', 'Chất liệu: Đồng<br />\nNSX:<br />\nKích thước:', '', '', '', '', '', ''),
(148, 2, 'Mã Truy Phong', 'Chất liệu: Đồng<br />\nNơi Sản Xuất:<br />\nKích thước: ', 'Chất liệu: Đồng<br />\nNSX:<br />\nKích thước:', '', '', '', '', '', ''),
(149, 2, 'Song Ngư Quần Tụ', 'Chất liệu: Đồng<br />\nNơi Sản Xuất:<br />\nKích thước: ', 'Chất liệu: Đồng<br />\nNSX:<br />\nKích thước:', '', '', '', '', '', ''),
(150, 2, 'Tượng Con Giáp Phú Quý', 'Chất liệu: Đồng<br />\nNơi Sản Xuất:<br />\nKích thước: ', 'Chất liệu: Đồng<br />\nNSX:<br />\nKích thước:', '', '', '', '', '', ''),
(151, 2, 'Mã Thượng Phong', 'Chất liệu: Đồng<br />\nNơi Sản Xuất:<br />\nKích thước: ', 'Chất liệu: Đồng<br />\nNSX:<br />\nKích thước:', '', '', '', '', '', ''),
(152, 2, 'Kỳ Lân Phong Thủy', 'Chất liệu: Đồng<br />\nNơi Sản Xuất:<br />\nKích thước: ', 'Chất liệu: Đồng<br />\nNSX:<br />\nKích thước:', '', '', '', '', '', ''),
(153, 2, 'Rồng Cầm Ngọc', 'Chất liệu: Đồng<br />\nNơi Sản Xuất:<br />\nKích thước: ', 'Chất liệu: Đồng<br />\nNSX:<br />\nKích thước:', '', '', '', '', '', ''),
(154, 2, 'Rồng Chầu Ngọc', 'Chất liệu: Đồng<br />\nNơi Sản Xuất:<br />\nKích thước: ', 'Chất liệu: Đồng<br />\nNSX:<br />\nKích thước:', '', '', '', '', '', ''),
(155, 2, 'Rồng Nhả Ngọc', 'Chất liệu: Đồng<br />\nNơi Sản Xuất:<br />\nKích thước: ', 'Chất liệu: Đồng<br />\nNSX:<br />\nKích thước:', '', '', '', '', '', ''),
(156, 2, 'Thiềm Thừ Kim Ngọc', 'Chất liệu: <br />\nNơi Sản Xuất:<br />\nKích thước: ', 'Chất liệu: <br />\nNơi Sản Xuất:<br />\nKích thước: ', '', '', '', '', '', ''),
(157, 2, 'Thiềm Thừ Mạ Vàng', 'Chất liệu: <br />\nNơi Sản Xuất:<br />\nKích thước: ', 'Chất liệu: <br />\nNơi Sản Xuất:<br />\nKích thước: ', '', '', '', '', '', ''),
(158, 2, 'Thiềm Thừ Lục Ngọc', 'Chất liệu: <br />\nNơi Sản Xuất:<br />\nKích thước: ', 'Chất liệu: <br />\nNơi Sản Xuất:<br />\nKích thước: ', '', '', '', '', '', ''),
(159, 2, 'Thiềm Thừ Ngọc Xahana', 'Chất liệu: <br />\nNơi Sản Xuất:<br />\nKích thước: ', 'Chất liệu: <br />\nNơi Sản Xuất:<br />\nKích thước: ', '', '', '', '', '', ''),
(160, 2, 'Bát Cơm Cúng Men Rạn Bát Tràng', 'Chất liệu: Dát vàng, Sứ cao cấp<br />\nLoại Men: Men rạn<br />\nNơi sản xuất: Bát Tràng<br />\n                                                                                                                                                                                                                                                       Được đánh giá dòng Men đẹp và khó làm nhất hiện nay, bộ đồ thờ cúng Men đắp nổi Bát Tràng  khẳng định vị thế gia tộc, toát lên sự trang nghêm, hoài cổ, mang giá trị tâm linh cao quý để cung tiến về từ đường, là sự lựa chọn của nhiều gia chủ để sắp xếp, bài trí cho ban thờ, án gian thờ gia tiên, gia đình.', 'Chất liệu: <br />\nNơi Sản Xuất:<br />\nKích thước: ', '', '', '', '', '', ''),
(161, 2, 'Bát Sâm Thờ', 'Chất liệu: Dát vàng, Sứ cao cấp<br />\nLoại Men: Men rạn<br />\nNơi sản xuất: Bát Tràng<br />\n                                                                                                                                                                                                                                                       Được đánh giá dòng Men đẹp và khó làm nhất hiện nay, bộ đồ thờ cúng Men đắp nổi Bát Tràng  khẳng định vị thế gia tộc, toát lên sự trang nghêm, hoài cổ, mang giá trị tâm linh cao quý để cung tiến về từ đường, là sự lựa chọn của nhiều gia chủ để sắp xếp, bài trí cho ban thờ, án gian thờ gia tiên, gia đình.', 'Chất liệu: <br />\nNơi Sản Xuất:<br />\nKích thước: ', '', '', '', '', '', ''),
(162, 2, 'Cây Nến Men Rạn Đắp Nổi Rồng', 'Chất liệu: Dát vàng, Sứ cao cấp<br />\nLoại Men: Men rạn<br />\nNơi sản xuất: Bát Tràng<br />\n                                                                                                                                                                                                                                                       Được đánh giá dòng Men đẹp và khó làm nhất hiện nay, bộ đồ thờ cúng Men đắp nổi Bát Tràng  khẳng định vị thế gia tộc, toát lên sự trang nghêm, hoài cổ, mang giá trị tâm linh cao quý để cung tiến về từ đường, là sự lựa chọn của nhiều gia chủ để sắp xếp, bài trí cho ban thờ, án gian thờ gia tiên, gia đình.', 'Chất liệu: <br />\nNơi Sản Xuất:<br />\nKích thước: ', '', '', '', '', '', ''),
(163, 2, 'Chóe Thờ Long Cuốn Thủy Men Rạn', 'Chất liệu: Dát vàng, Sứ cao cấp<br />\nLoại Men: Men rạn<br />\nNơi sản xuất: Bát Tràng<br />\n                                                                                                                                                                                                                                                       Được đánh giá dòng Men đẹp và khó làm nhất hiện nay, bộ đồ thờ cúng Men đắp nổi Bát Tràng  khẳng định vị thế gia tộc, toát lên sự trang nghêm, hoài cổ, mang giá trị tâm linh cao quý để cung tiến về từ đường, là sự lựa chọn của nhiều gia chủ để sắp xếp, bài trí cho ban thờ, án gian thờ gia tiên, gia đình.', 'Chất liệu: <br />\nNơi Sản Xuất:<br />\nKích thước: ', '', '', '', '', '', ''),
(164, 2, 'Đèn Dầu Thờ Men Rạn', 'Chất liệu: Dát vàng, Sứ cao cấp<br />\nLoại Men: Men rạn<br />\nNơi sản xuất: Bát Tràng<br />\n                                                                                                                                                                                                                                                       Được đánh giá dòng Men đẹp và khó làm nhất hiện nay, bộ đồ thờ cúng Men đắp nổi Bát Tràng  khẳng định vị thế gia tộc, toát lên sự trang nghêm, hoài cổ, mang giá trị tâm linh cao quý để cung tiến về từ đường, là sự lựa chọn của nhiều gia chủ để sắp xếp, bài trí cho ban thờ, án gian thờ gia tiên, gia đình.', 'Chất liệu: <br />\nNơi Sản Xuất:<br />\nKích thước: ', '', '', '', '', '', ''),
(165, 2, 'Bộ Kỷ 5 Ngai Men Rạn Gạo Nếp Dát Vàng', 'Chất liệu: Dát vàng, Sứ cao cấp<br />\nLoại Men: Men rạn<br />\nNơi sản xuất: Bát Tràng<br />\n                                                                                                                                                                                                                                                       Được đánh giá dòng Men đẹp và khó làm nhất hiện nay, bộ đồ thờ cúng Men đắp nổi Bát Tràng  khẳng định vị thế gia tộc, toát lên sự trang nghêm, hoài cổ, mang giá trị tâm linh cao quý để cung tiến về từ đường, là sự lựa chọn của nhiều gia chủ để sắp xếp, bài trí cho ban thờ, án gian thờ gia tiên, gia đình.', 'Chất liệu: <br />\nNơi Sản Xuất:<br />\nKích thước: ', '', '', '', '', '', ''),
(166, 2, 'Nậm Rượu Thờ Cúng Long Cuốn Thủy', 'Chất liệu: Dát vàng, Sứ cao cấp<br />\nLoại Men: Men rạn<br />\nNơi sản xuất: Bát Tràng<br />\n                                                                                                                                                                                                                                                       Được đánh giá dòng Men đẹp và khó làm nhất hiện nay, bộ đồ thờ cúng Men đắp nổi Bát Tràng  khẳng định vị thế gia tộc, toát lên sự trang nghêm, hoài cổ, mang giá trị tâm linh cao quý để cung tiến về từ đường, là sự lựa chọn của nhiều gia chủ để sắp xếp, bài trí cho ban thờ, án gian thờ gia tiên, gia đình.', 'Chất liệu: <br />\nNơi Sản Xuất:<br />\nKích thước: ', '', '', '', '', '', ''),
(167, 2, 'Ống Hương Men Thủy Lưu Ly', 'Chất liệu: Dát vàng, Sứ cao cấp<br />\nLoại Men: Men rạn<br />\nNơi sản xuất: Bát Tràng<br />\n                                                                                                                                                                                                                                                       Được đánh giá dòng Men đẹp và khó làm nhất hiện nay, bộ đồ thờ cúng Men đắp nổi Bát Tràng  khẳng định vị thế gia tộc, toát lên sự trang nghêm, hoài cổ, mang giá trị tâm linh cao quý để cung tiến về từ đường, là sự lựa chọn của nhiều gia chủ để sắp xếp, bài trí cho ban thờ, án gian thờ gia tiên, gia đình.', 'Chất liệu: <br />\nNơi Sản Xuất:<br />\nKích thước: ', '', '', '', '', '', ''),
(168, 2, 'Tượng Thờ Tam Đa 01', 'Chất liệu: <br />\nNơi Sản Xuất:<br />\nKích thước: ', 'Chất liệu: <br />\nNơi Sản Xuất:<br />\nKích thước: ', '', '', '', '', '', ''),
(169, 2, 'Tượng Thờ Tam Đa 02', 'Chất liệu: <br />\nNơi Sản Xuất:<br />\nKích thước: ', 'Chất liệu: <br />\nNơi Sản Xuất:<br />\nKích thước: ', '', '', '', '', '', ''),
(170, 2, 'Tượng Thờ Tam Đa 03', 'Chất liệu: <br />\nNơi Sản Xuất:<br />\nKích thước: ', 'Chất liệu: <br />\nNơi Sản Xuất:<br />\nKích thước: ', '', '', '', '', '', ''),
(171, 2, 'Tượng Thờ Tam Đa 04', 'Chất liệu: <br />\nNơi Sản Xuất:<br />\nKích thước: ', 'Chất liệu: <br />\nNơi Sản Xuất:<br />\nKích thước: ', '', '', '', '', '', ''),
(172, 2, 'Tượng Thờ Tam Đa 05', 'Chất liệu: <br />\nNơi Sản Xuất:<br />\nKích thước: ', 'Chất liệu: <br />\nNơi Sản Xuất:<br />\nKích thước: ', '', '', '', '', '', ''),
(173, 2, 'Tượng Thờ Tam Đa 06', 'Chất liệu: <br />\nNơi Sản Xuất:<br />\nKích thước: ', 'Chất liệu: <br />\nNơi Sản Xuất:<br />\nKích thước: ', '', '', '', '', '', ''),
(174, 2, 'Tượng Thờ Tam Đa 07', 'Chất liệu: <br />\nNơi Sản Xuất:<br />\nKích thước: ', 'Chất liệu: <br />\nNơi Sản Xuất:<br />\nKích thước: ', '', '', '', '', '', ''),
(175, 2, 'Tượng Thờ Tam Đa 08', 'Chất liệu: <br />\nNơi Sản Xuất:<br />\nKích thước: ', 'Chất liệu: <br />\nNơi Sản Xuất:<br />\nKích thước: ', '', '', '', '', '', ''),
(176, 2, 'Bàn Thờ Thần Tài 01', 'Chất liệu: <br />\nNơi Sản Xuất:<br />\nKích thước: ', 'Chất liệu: <br />\nNơi Sản Xuất:<br />\nKích thước: ', '', '', '', '', '', ''),
(177, 2, 'Bàn Thờ Thần Tài 02', 'Chất liệu: <br />\nNơi Sản Xuất:<br />\nKích thước: ', 'Chất liệu: <br />\nNơi Sản Xuất:<br />\nKích thước: ', '', '', '', '', '', ''),
(178, 2, 'Bàn Thờ Thần Tài 03', 'Chất liệu: <br />\nNơi Sản Xuất:<br />\nKích thước: ', 'Chất liệu: <br />\nNơi Sản Xuất:<br />\nKích thước: ', '', '', '', '', '', ''),
(179, 2, 'Bàn Thờ Thần Tài 04', 'Chất liệu: <br />\nNơi Sản Xuất:<br />\nKích thước: ', 'Chất liệu: <br />\nNơi Sản Xuất:<br />\nKích thước: ', '', '', '', '', '', '');

-- oc_product_image PRIMARY KEY (`product_image_id`)
INSERT IGNORE INTO `oc_product_image` (`product_image_id`, `product_id`, `image`, `image_alt`, `sort_order`) VALUES
(143, 161, 'https://2.pik.vn/2020a67b5bfc-d27c-408d-9d8b-8fbda9290626.jpg', '', 0),
(144, 164, 'https://2.pik.vn/2020369cafe0-cb04-40fb-876e-c5be4b4851c8.jpg', '', 0),
(145, 165, 'https://2.pik.vn/2020b5217c46-de14-4532-b8fa-c8cb46a50002.jpg', '', 0);

-- oc_product_to_category PRIMARY KEY (`product_id`,`category_id`)
INSERT IGNORE INTO `oc_product_to_category` (`product_id`, `category_id`) VALUES
(132, 36),
(132, 66),
(133, 36),
(133, 66),
(134, 36),
(134, 66),
(135, 36),
(135, 66),
(136, 36),
(136, 66),
(137, 36),
(137, 66),
(138, 36),
(138, 66),
(139, 36),
(139, 66),
(140, 67),
(141, 67),
(142, 67),
(143, 67),
(144, 67),
(145, 67),
(146, 67),
(147, 67),
(148, 40),
(148, 41),
(149, 40),
(149, 41),
(150, 40),
(150, 41),
(151, 40),
(151, 41),
(152, 40),
(152, 41),
(153, 40),
(153, 41),
(154, 40),
(154, 41),
(155, 40),
(155, 41),
(156, 40),
(156, 42),
(157, 40),
(157, 42),
(158, 40),
(158, 42),
(159, 40),
(159, 42),
(160, 45),
(160, 53),
(161, 45),
(161, 50),
(162, 45),
(162, 55),
(163, 45),
(163, 52),
(164, 45),
(164, 54),
(165, 45),
(165, 50),
(166, 45),
(166, 51),
(167, 45),
(167, 48),
(168, 61),
(168, 62),
(169, 61),
(169, 62),
(170, 61),
(170, 62),
(171, 61),
(171, 62),
(172, 61),
(172, 62),
(173, 61),
(173, 62),
(174, 61),
(174, 62),
(175, 61),
(175, 62),
(176, 32),
(176, 33),
(177, 32),
(177, 33),
(178, 32),
(178, 33),
(179, 32),
(179, 33);

-- oc_product_to_store PRIMARY KEY (`product_id`,`store_id`)
INSERT IGNORE INTO `oc_product_to_store` (`product_id`, `store_id`, `product_version_id`, `quantity`, `cost_price`) VALUES
(160, 0, 0, 60, '0.0000'),
(159, 0, 0, 15, '0.0000'),
(158, 0, 0, 15, '0.0000'),
(157, 0, 0, 15, '0.0000'),
(156, 0, 0, 15, '0.0000'),
(155, 0, 0, 25, '0.0000'),
(154, 0, 0, 25, '0.0000'),
(153, 0, 0, 25, '0.0000'),
(152, 0, 0, 25, '0.0000'),
(151, 0, 0, 25, '0.0000'),
(150, 0, 0, 25, '0.0000'),
(149, 0, 0, 25, '0.0000'),
(148, 0, 0, 25, '0.0000'),
(147, 0, 0, 10, '0.0000'),
(146, 0, 0, 10, '0.0000'),
(145, 0, 0, 10, '0.0000'),
(144, 0, 0, 10, '0.0000'),
(143, 0, 0, 10, '0.0000'),
(141, 0, 0, 25, '0.0000'),
(142, 0, 0, 15, '0.0000'),
(139, 0, 0, 10, '0.0000'),
(138, 0, 0, 30, '0.0000'),
(136, 0, 0, 30, '0.0000'),
(137, 0, 0, 30, '0.0000'),
(135, 0, 0, 30, '0.0000'),
(134, 0, 0, 30, '0.0000'),
(132, 0, 0, 15, '0.0000'),
(133, 0, 0, 30, '0.0000'),
(161, 0, 0, 60, '0.0000'),
(162, 0, 0, 60, '0.0000'),
(163, 0, 0, 60, '0.0000'),
(164, 0, 0, 60, '0.0000'),
(165, 0, 0, 60, '0.0000'),
(166, 0, 0, 60, '0.0000'),
(167, 0, 0, 60, '0.0000'),
(168, 0, 0, 50, '0.0000'),
(169, 0, 0, 50, '0.0000'),
(170, 0, 0, 50, '0.0000'),
(171, 0, 0, 50, '0.0000'),
(172, 0, 0, 50, '0.0000'),
(173, 0, 0, 50, '0.0000'),
(174, 0, 0, 50, '0.0000'),
(175, 0, 0, 50, '0.0000'),
(176, 0, 0, 20, '0.0000'),
(177, 0, 0, 20, '0.0000'),
(178, 0, 0, 20, '0.0000'),
(179, 0, 0, 20, '0.0000');