-- oc_category PRIMARY KEY (`category_id`)
INSERT IGNORE INTO `oc_category` (`category_id`, `image`, `parent_id`, `top`, `column`, `sort_order`, `status`, `date_added`, `date_modified`) VALUES
(41, '', 39, 0, 0, 0, 1, '2020-09-23 09:04:39', '2020-10-01 12:02:06'),
(40, '', 39, 0, 0, 0, 1, '2020-09-23 09:04:39', '2020-10-01 12:02:06'),
(39, 'https://cdn.bestme.asia/images/x2/boy.png', 0, 0, 0, 0, 1, '2020-09-23 09:04:39', '2020-10-01 12:02:06'),
(38, '', 33, 0, 0, 0, 1, '2020-09-23 09:04:07', '2020-10-01 12:02:21'),
(37, '', 33, 0, 0, 0, 1, '2020-09-23 09:04:07', '2020-10-01 12:02:21'),
(34, '', 33, 0, 0, 0, 1, '2020-09-23 09:04:07', '2020-10-01 12:02:21'),
(35, '', 33, 0, 0, 0, 1, '2020-09-23 09:04:07', '2020-10-01 12:02:21'),
(36, '', 33, 0, 0, 0, 1, '2020-09-23 09:04:07', '2020-10-01 12:02:21'),
(33, 'https://cdn.bestme.asia/images/x2/girl.png', 0, 0, 0, 0, 1, '2020-09-23 09:04:07', '2020-10-01 12:02:21'),
(32, 'https://cdn.bestme.asia/images/x2/baby.png', 0, 0, 0, 0, 1, '2020-09-23 09:03:27', '2020-10-01 12:02:35'),
(42, '', 39, 0, 0, 0, 1, '2020-09-23 09:04:39', '2020-10-01 12:02:06'),
(43, '', 39, 0, 0, 0, 1, '2020-09-23 09:04:39', '2020-10-01 12:02:06'),
(44, 'https://cdn.bestme.asia/images/x2/wall-clock.png', 0, 0, 0, 0, 1, '2020-09-23 09:05:16', '2020-10-01 12:01:51'),
(45, '', 44, 0, 0, 0, 1, '2020-09-23 09:05:16', '2020-10-01 12:01:51'),
(46, '', 44, 0, 0, 0, 1, '2020-09-23 09:05:16', '2020-10-01 12:01:51'),
(56, 'https://cdn.bestme.asia/images/x2/bag.png', 0, 0, 0, 0, 1, '2020-10-01 11:56:11', '2020-10-01 11:56:11'),
(54, 'https://cdn.bestme.asia/images/x2/teddy-bear.png', 0, 0, 0, 0, 1, '2020-10-01 11:53:22', '2020-10-01 12:01:27'),
(49, '', 44, 0, 0, 0, 1, '2020-09-23 09:05:16', '2020-10-01 12:01:51'),
(50, 'https://cdn.bestme.asia/images/x2/shoes.png', 0, 0, 0, 0, 1, '2020-09-23 09:05:52', '2020-10-01 12:01:41'),
(51, '', 50, 0, 0, 0, 1, '2020-09-23 09:05:52', '2020-10-01 12:01:41'),
(52, '', 50, 0, 0, 0, 1, '2020-09-23 09:05:52', '2020-10-01 12:01:41'),
(55, 'https://cdn.bestme.asia/images/x2/scarf.png', 0, 0, 0, 0, 1, '2020-10-01 11:53:43', '2020-10-01 12:00:13'),
(57, 'https://cdn.bestme.asia/images/x2/sun-glasses.png', 0, 0, 0, 0, 1, '2020-10-01 11:57:25', '2020-10-01 11:57:25'),
(58, 'https://cdn.bestme.asia/images/x2/scarf.png', 0, 0, 0, 0, 1, '2020-10-01 11:59:31', '2020-10-01 11:59:31');

-- oc_category_description PRIMARY KEY (`category_id`,`language_id`)
INSERT IGNORE INTO `oc_category_description` (`category_id`, `language_id`, `name`, `description`, `meta_title`, `meta_description`, `meta_keyword`) VALUES
(44, 2, 'Phụ kiện cho bé', 'Phụ kiện cho bé', '', '', ''),
(44, 1, 'Phụ kiện cho bé', 'Phụ kiện cho bé', '', '', ''),
(43, 1, 'Áo khoác bé trai', 'Áo khoác bé trai', '', '', ''),
(43, 2, 'Áo khoác bé trai', 'Áo khoác bé trai', '', '', ''),
(42, 1, 'Quần bé trai', 'Quần bé trai', '', '', ''),
(42, 2, 'Quần bé trai', 'Quần bé trai', '', '', ''),
(41, 2, 'Áo bé trai', 'Áo bé trai', '', '', ''),
(41, 1, 'Áo bé trai', 'Áo bé trai', '', '', ''),
(40, 1, 'Đồ bộ đồ bé trai', 'Đồ bộ đồ bé trai', '', '', ''),
(40, 2, 'Đồ bộ đồ bé trai', 'Đồ bộ đồ bé trai', '', '', ''),
(39, 1, 'Bé trai', 'Bé trai', '', '', ''),
(32, 2, 'Sơ sinh', 'Sơ sinh', '', '', ''),
(32, 1, 'Sơ sinh', 'Sơ sinh', '', '', ''),
(33, 2, 'Bé gái', 'Bé gái', '', '', ''),
(33, 1, 'Bé gái', 'Bé gái', '', '', ''),
(34, 2, 'Đồ bộ bé gái', 'Đồ bộ bé gái', '', '', ''),
(34, 1, 'Đồ bộ bé gái', 'Đồ bộ bé gái', '', '', ''),
(35, 2, 'Áo bé gái', 'Áo bé gái', '', '', ''),
(35, 1, 'Áo bé gái', 'Áo bé gái', '', '', ''),
(36, 2, 'Quần bé gái', 'Quần bé gái', '', '', ''),
(36, 1, 'Quần bé gái', 'Quần bé gái', '', '', ''),
(37, 2, 'Váy bé gái', 'Váy bé gái', '', '', ''),
(37, 1, 'Váy bé gái', 'Váy bé gái', '', '', ''),
(38, 2, 'Áo khoác', 'Áo khoác', '', '', ''),
(38, 1, 'Áo khoác', 'Áo khoác', '', '', ''),
(39, 2, 'Bé trai', 'Bé trai', '', '', ''),
(45, 2, 'Tất cho bé', 'Tất cho bé', '', '', ''),
(45, 1, 'Tất cho bé', 'Tất cho bé', '', '', ''),
(46, 2, 'Khăn mũ', 'Khăn mũ', '', '', ''),
(46, 1, 'Khăn mũ', 'Khăn mũ', '', '', ''),
(56, 2, 'Balo - túi sách', 'Balo - túi sách', '', '', ''),
(56, 1, 'Balo - túi sách', 'Balo - túi sách', '', '', ''),
(54, 2, 'Thú nhồi bông', 'Thú nhồi bông', '', '', ''),
(54, 1, 'Thú nhồi bông', 'Thú nhồi bông', '', '', ''),
(49, 2, 'Balo-Vali-Túi sách', 'Balo-Vali-Túi sách', '', '', ''),
(49, 1, 'Balo-Vali-Túi sách', 'Balo-Vali-Túi sách', '', '', ''),
(50, 2, 'Giày dép cho bé', 'Giày dép cho bé', '', '', ''),
(50, 1, 'Giày dép cho bé', 'Giày dép cho bé', '', '', ''),
(51, 2, 'Giày dép bé gái', 'Giày dép bé gái', '', '', ''),
(51, 1, 'Giày dép bé gái', 'Giày dép bé gái', '', '', ''),
(52, 2, 'Giày dép bé trai', 'Giày dép bé trai', '', '', ''),
(52, 1, 'Giày dép bé trai', 'Giày dép bé trai', '', '', ''),
(55, 2, 'Nơ- Băng Đô', 'Nơ- Băng Đô', '', '', ''),
(55, 1, 'Nơ- Băng Đô', 'Nơ- Băng Đô', '', '', ''),
(57, 2, 'Kính trẻ em', 'Kính trẻ em', '', '', ''),
(57, 1, 'Kính trẻ em', 'Kính trẻ em', '', '', ''),
(58, 2, 'Khăn quàng cổ', 'Khăn quàng cổ', '', '', ''),
(58, 1, 'Khăn quàng cổ', 'Khăn quàng cổ', '', '', '');

-- oc_category_path PRIMARY KEY (`category_id`,`path_id`)
INSERT IGNORE INTO `oc_category_path` (`category_id`, `path_id`, `level`) VALUES
(45, 44, 0),
(44, 44, 0),
(43, 43, 1),
(43, 39, 0),
(42, 42, 1),
(42, 39, 0),
(41, 41, 1),
(41, 39, 0),
(40, 40, 1),
(34, 34, 1),
(35, 33, 0),
(35, 35, 1),
(32, 32, 0),
(40, 39, 0),
(39, 39, 0),
(33, 33, 0),
(34, 33, 0),
(38, 38, 1),
(38, 33, 0),
(37, 37, 1),
(37, 33, 0),
(36, 36, 1),
(36, 33, 0),
(45, 45, 1),
(46, 44, 0),
(46, 46, 1),
(57, 57, 0),
(56, 56, 0),
(55, 55, 0),
(54, 54, 0),
(49, 44, 0),
(49, 49, 1),
(50, 50, 0),
(51, 50, 0),
(51, 51, 1),
(52, 50, 0),
(52, 52, 1),
(58, 58, 0);

-- oc_category_to_store PRIMARY KEY (`category_id`,`store_id`)
INSERT IGNORE INTO `oc_category_to_store` (`category_id`, `store_id`) VALUES
(32, 0),
(33, 0),
(34, 0),
(35, 0),
(36, 0),
(37, 0),
(38, 0),
(39, 0),
(40, 0),
(41, 0),
(42, 0),
(43, 0),
(44, 0),
(45, 0),
(46, 0),
(49, 0),
(50, 0),
(51, 0),
(52, 0),
(54, 0),
(55, 0),
(56, 0),
(57, 0),
(58, 0);