-- oc_product PRIMARY KEY (`product_id`)
-- delete first
INSERT IGNORE INTO `oc_product` (`product_id`, `model`, `sku`, `common_barcode`, `common_sku`, `common_compare_price`, `common_price`, `common_cost_price`, `barcode`, `upc`, `ean`, `jan`, `isbn`, `mpn`, `location`, `quantity`, `sale_on_out_of_stock`, `stock_status_id`, `image`, `image_alt`, `multi_versions`, `manufacturer_id`, `shipping`, `price`, `price_currency_id`, `compare_price`, `c_price_currency_id`, `points`, `tax_class_id`, `date_available`, `weight`, `weight_class_id`, `length`, `width`, `height`, `length_class_id`, `subtract`, `minimum`, `sort_order`, `status`, `channel`, `viewed`, `demo`, `deleted`, `default_store_id`, `user_create_id`, `date_added`, `date_modified`) VALUES
(188, '', '', '', '', '0.0000', '0.0000', '0.0000', '', '', '', '', '', '', '', 0, 0, 0, 'https://2.pik.vn/2020fb18622e-025e-4764-ab79-08eb26d5beac.jpg', '', 1, 26, 1, '0.0000', 1, '0.0000', 1, 0, 0, '0000-00-00', '100.00000000', 1, '0.00000000', '0.00000000', '0.00000000', 0, 1, 1, 0, 1, 2, 0, 1, NULL, 0, 1, '2020-09-23 09:10:42', '2020-09-23 09:10:42'),
(189, '', '', '', '', '0.0000', '0.0000', '0.0000', '', '', '', '', '', '', '', 0, 0, 0, 'https://3.pik.vn/20208d3e937c-edf5-4db5-b4cd-c8c9f78fab77.jpg', '', 1, 26, 1, '0.0000', 1, '0.0000', 1, 0, 0, '0000-00-00', '100.00000000', 1, '0.00000000', '0.00000000', '0.00000000', 0, 1, 1, 0, 1, 2, 0, 1, NULL, 0, 1, '2020-09-23 09:10:42', '2020-09-23 09:10:42'),
(190, '', '', '', '', '0.0000', '0.0000', '0.0000', '', '', '', '', '', '', '', 0, 0, 0, 'https://2.pik.vn/2020878e3a1f-0dac-49a5-ba3d-efe915ee5f61.jpg', '', 1, 26, 1, '0.0000', 1, '0.0000', 1, 0, 0, '0000-00-00', '100.00000000', 1, '0.00000000', '0.00000000', '0.00000000', 0, 1, 1, 0, 1, 2, 0, 1, NULL, 0, 1, '2020-09-23 09:10:42', '2020-09-23 09:10:42'),
(191, '', '', '', '', '0.0000', '0.0000', '0.0000', '', '', '', '', '', '', '', 0, 0, 0, 'https://cdn.bestme.asia/images/x2/16112020111135z2078876360982a1948e05dae6bf1092dcc15d9aac9c62.jpg', '', 1, 26, 1, '0.0000', 1, '0.0000', 1, 0, 0, '0000-00-00', '100.00000000', 1, '0.00000000', '0.00000000', '0.00000000', 0, 1, 1, 0, 1, 2, 0, 1, NULL, 0, 1, '2020-09-23 09:10:42', '2020-09-23 11:44:51'),
(192, '', '', '', '', '0.0000', '0.0000', '0.0000', '', '', '', '', '', '', '', 0, 0, 0, 'https://2.pik.vn/20208a013b13-cd9f-43cf-9e98-7a1a6d7a17a7.jpg', '', 1, 26, 1, '0.0000', 1, '0.0000', 1, 0, 0, '0000-00-00', '100.00000000', 1, '0.00000000', '0.00000000', '0.00000000', 0, 1, 1, 0, 1, 2, 0, 1, NULL, 0, 1, '2020-09-23 09:10:42', '2020-09-23 09:10:42'),
(193, '', '', '', '', '0.0000', '0.0000', '0.0000', '', '', '', '', '', '', '', 0, 0, 0, 'https://2.pik.vn/2020c3ef5d4a-86bf-41bc-927a-f731c73f0ce7.jpg', '', 1, 26, 1, '0.0000', 1, '0.0000', 1, 0, 0, '0000-00-00', '100.00000000', 1, '0.00000000', '0.00000000', '0.00000000', 0, 1, 1, 0, 1, 2, 0, 1, NULL, 0, 1, '2020-09-23 09:10:42', '2020-09-23 09:10:42'),
(194, '', '', '', '', '0.0000', '0.0000', '0.0000', '', '', '', '', '', '', '', 0, 0, 0, 'https://2.pik.vn/2020bf18041f-6fdf-422c-8887-fd205e50a695.jpg', '', 1, 26, 1, '0.0000', 1, '0.0000', 1, 0, 0, '0000-00-00', '100.00000000', 1, '0.00000000', '0.00000000', '0.00000000', 0, 1, 1, 0, 1, 2, 0, 1, NULL, 0, 1, '2020-09-23 09:10:42', '2020-09-23 09:10:42'),
(195, '', '', '', '', '0.0000', '0.0000', '0.0000', '', '', '', '', '', '', '', 0, 0, 0, 'https://2.pik.vn/20200d4cc94c-c371-490d-af0b-da3d8746f54b.jpg', '', 1, 26, 1, '0.0000', 1, '0.0000', 1, 0, 0, '0000-00-00', '100.00000000', 1, '0.00000000', '0.00000000', '0.00000000', 0, 1, 1, 0, 1, 2, 0, 1, NULL, 0, 1, '2020-09-23 09:10:42', '2020-09-23 09:10:42'),
(196, '', '', '', '', '0.0000', '0.0000', '0.0000', '', '', '', '', '', '', '', 0, 0, 0, 'https://2.pik.vn/2020c996e544-e3d3-407a-b578-9b09d22987e0.jpg', '', 1, 26, 1, '0.0000', 1, '0.0000', 1, 0, 0, '0000-00-00', '100.00000000', 1, '0.00000000', '0.00000000', '0.00000000', 0, 1, 1, 0, 1, 2, 0, 1, NULL, 0, 1, '2020-09-23 09:10:42', '2020-09-23 09:10:42'),
(197, '', '', '', '', '0.0000', '0.0000', '0.0000', '', '', '', '', '', '', '', 0, 0, 0, 'https://2.pik.vn/20202a43ff27-bdbb-44b1-a384-d15f20e887c2.jpg', '', 1, 26, 1, '0.0000', 1, '0.0000', 1, 0, 0, '0000-00-00', '100.00000000', 1, '0.00000000', '0.00000000', '0.00000000', 0, 1, 1, 0, 1, 2, 0, 1, NULL, 0, 1, '2020-09-23 09:10:42', '2020-09-23 09:10:42'),
(198, '', '', '', '', '0.0000', '0.0000', '0.0000', '', '', '', '', '', '', '', 0, 0, 0, 'https://2.pik.vn/202014bfc272-390e-4ce5-8607-76a4e2db74b4.jpg', '', 1, 26, 1, '0.0000', 1, '0.0000', 1, 0, 0, '0000-00-00', '100.00000000', 1, '0.00000000', '0.00000000', '0.00000000', 0, 1, 1, 0, 1, 2, 0, 1, NULL, 0, 1, '2020-09-23 09:10:42', '2020-09-23 09:10:42'),
(199, '', '', '', '', '0.0000', '0.0000', '0.0000', '', '', '', '', '', '', '', 0, 0, 0, 'https://2.pik.vn/2020c11f9697-613a-47d4-92db-3129f21991d8.jpg', '', 1, 26, 1, '0.0000', 1, '0.0000', 1, 0, 0, '0000-00-00', '100.00000000', 1, '0.00000000', '0.00000000', '0.00000000', 0, 1, 1, 0, 1, 2, 0, 1, NULL, 0, 1, '2020-09-23 09:10:42', '2020-09-23 09:10:42'),
(200, '', '', '', '', '0.0000', '0.0000', '0.0000', '', '', '', '', '', '', '', 0, 0, 0, 'https://2.pik.vn/2020b2d4969c-a762-4c5f-a202-1993dd98debd.jpg', '', 1, 26, 1, '0.0000', 1, '0.0000', 1, 0, 0, '0000-00-00', '100.00000000', 1, '0.00000000', '0.00000000', '0.00000000', 0, 1, 1, 0, 1, 2, 0, 1, NULL, 0, 1, '2020-09-23 09:10:42', '2020-09-23 11:46:22'),
(201, '', '', '', '', '0.0000', '0.0000', '0.0000', '', '', '', '', '', '', '', 0, 0, 0, 'https://2.pik.vn/20207b6e0ff2-a6d3-4676-9c63-6611709f2c1e.jpg', '', 1, 26, 1, '0.0000', 1, '0.0000', 1, 0, 0, '0000-00-00', '100.00000000', 1, '0.00000000', '0.00000000', '0.00000000', 0, 1, 1, 0, 1, 2, 0, 1, NULL, 0, 1, '2020-09-23 09:10:42', '2020-09-23 09:10:42'),
(202, '', '', '', '', '0.0000', '0.0000', '0.0000', '', '', '', '', '', '', '', 0, 0, 0, 'https://2.pik.vn/2020c7c37b2d-a5bb-46ac-b052-b7608b220981.jpg', '', 1, 26, 1, '0.0000', 1, '0.0000', 1, 0, 0, '0000-00-00', '100.00000000', 1, '0.00000000', '0.00000000', '0.00000000', 0, 1, 1, 0, 1, 2, 0, 1, NULL, 0, 1, '2020-09-23 09:10:42', '2020-09-23 09:10:42'),
(203, '', '', '', '', '0.0000', '0.0000', '0.0000', '', '', '', '', '', '', '', 0, 0, 0, 'https://2.pik.vn/2020be4187e6-55b2-42d1-bbf7-b8cc66993e37.jpg', '', 1, 26, 1, '0.0000', 1, '0.0000', 1, 0, 0, '0000-00-00', '100.00000000', 1, '0.00000000', '0.00000000', '0.00000000', 0, 1, 1, 0, 1, 2, 0, 1, NULL, 0, 1, '2020-09-23 09:10:42', '2020-09-23 09:10:42'),
(204, '', '', '', '', '0.0000', '0.0000', '0.0000', '', '', '', '', '', '', '', 0, 0, 0, 'https://2.pik.vn/2020d685c4a7-7075-47f7-b593-fae97f494cc7.png', '', 0, 26, 1, '0.0000', 1, '80000.0000', 1, 0, 0, '0000-00-00', '50.00000000', 1, '0.00000000', '0.00000000', '0.00000000', 0, 1, 1, 0, 1, 2, 0, 1, NULL, 0, 1, '2020-09-23 09:10:42', '2020-09-23 11:45:22'),
(205, '', '', '', '', '0.0000', '0.0000', '0.0000', '', '', '', '', '', '', '', 0, 0, 0, 'https://2.pik.vn/2020646ad88a-4b4e-4874-8930-d86623314217.png', '', 0, 26, 1, '0.0000', 1, '60000.0000', 1, 0, 0, '0000-00-00', '50.00000000', 1, '0.00000000', '0.00000000', '0.00000000', 0, 1, 1, 0, 1, 2, 0, 1, NULL, 0, 1, '2020-09-23 09:10:42', '2020-09-23 11:47:06'),
(206, '', '', '', '', '0.0000', '0.0000', '0.0000', '', '', '', '', '', '', '', 0, 0, 0, 'https://2.pik.vn/2020248c4542-dbe6-427a-bf2a-603d50954228.png', '', 0, 26, 1, '0.0000', 1, '56000.0000', 1, 0, 0, '0000-00-00', '50.00000000', 1, '0.00000000', '0.00000000', '0.00000000', 0, 1, 1, 0, 1, 2, 0, 1, NULL, 0, 1, '2020-09-23 09:10:42', '2020-09-23 11:46:11'),
(207, '', '', '', '', '0.0000', '0.0000', '0.0000', '', '', '', '', '', '', '', 0, 0, 0, 'https://2.pik.vn/20207564f846-a934-402a-a969-cf55f0006b4f.png', '', 0, 26, 1, '0.0000', 1, '65000.0000', 1, 0, 0, '0000-00-00', '50.00000000', 1, '0.00000000', '0.00000000', '0.00000000', 0, 1, 1, 0, 1, 2, 0, 1, NULL, 0, 1, '2020-09-23 09:10:42', '2020-09-23 11:51:50'),
(208, '', '', '', '', '0.0000', '0.0000', '0.0000', '', '', '', '', '', '', '', 0, 0, 0, 'https://2.pik.vn/202065b69bd9-7c82-43a1-b6b8-93bf74c0c9ab.png', '', 0, 26, 1, '0.0000', 1, '85000.0000', 1, 0, 0, '0000-00-00', '50.00000000', 1, '0.00000000', '0.00000000', '0.00000000', 0, 1, 1, 0, 1, 2, 0, 1, NULL, 0, 1, '2020-09-23 09:10:42', '2020-09-23 11:48:03'),
(209, '', '', '', '', '0.0000', '0.0000', '0.0000', '', '', '', '', '', '', '', 0, 0, 0, 'https://2.pik.vn/20205eb1185a-6492-4fab-8d9d-764190821505.png', '', 0, 26, 1, '0.0000', 1, '45000.0000', 1, 0, 0, '0000-00-00', '50.00000000', 1, '0.00000000', '0.00000000', '0.00000000', 0, 1, 1, 0, 1, 2, 0, 1, NULL, 0, 1, '2020-09-23 09:10:42', '2020-09-23 11:47:27'),
(210, '', '', '', '', '0.0000', '0.0000', '0.0000', '', '', '', '', '', '', '', 0, 0, 0, 'https://2.pik.vn/2020e8d9b514-11b0-402f-8525-ebd0c76838b2.png', '', 0, 26, 1, '0.0000', 1, '56000.0000', 1, 0, 0, '0000-00-00', '50.00000000', 1, '0.00000000', '0.00000000', '0.00000000', 0, 1, 1, 0, 1, 2, 0, 1, NULL, 0, 1, '2020-09-23 09:10:42', '2020-09-23 11:49:38'),
(211, '', '', '', '', '0.0000', '0.0000', '0.0000', '', '', '', '', '', '', '', 0, 0, 0, 'https://2.pik.vn/2020db79656f-4c97-46be-a8f6-256d84c34184.png', '', 0, 26, 1, '0.0000', 1, '69000.0000', 1, 0, 0, '0000-00-00', '50.00000000', 1, '0.00000000', '0.00000000', '0.00000000', 0, 1, 1, 0, 1, 2, 0, 1, NULL, 0, 1, '2020-09-23 09:10:42', '2020-09-23 11:51:32'),
(212, '', '', '', '', '0.0000', '0.0000', '0.0000', '', '', '', '', '', '', '', 0, 0, 0, 'https://2.pik.vn/2020b4a7f2e0-4851-4148-aa2c-04faa58df4a4.png', '', 0, 26, 1, '0.0000', 1, '125000.0000', 1, 0, 0, '0000-00-00', '50.00000000', 1, '0.00000000', '0.00000000', '0.00000000', 0, 1, 1, 0, 1, 2, 0, 1, NULL, 0, 1, '2020-09-23 09:10:42', '2020-09-23 11:55:38'),
(213, '', '', '', '', '0.0000', '0.0000', '0.0000', '', '', '', '', '', '', '', 0, 0, 0, 'https://2.pik.vn/20201ec20141-a2ed-49c2-bc15-b230bc78ea62.png', '', 0, 26, 1, '0.0000', 1, '130000.0000', 1, 0, 0, '0000-00-00', '50.00000000', 1, '0.00000000', '0.00000000', '0.00000000', 0, 1, 1, 0, 1, 2, 0, 1, NULL, 0, 1, '2020-09-23 09:10:42', '2020-09-23 11:52:38'),
(214, '', '', '', '', '0.0000', '0.0000', '0.0000', '', '', '', '', '', '', '', 0, 0, 0, 'https://2.pik.vn/202028227a0d-8b23-4d6c-8493-555021283e93.png', '', 0, 26, 1, '0.0000', 1, '145000.0000', 1, 0, 0, '0000-00-00', '50.00000000', 1, '0.00000000', '0.00000000', '0.00000000', 0, 1, 1, 0, 1, 2, 0, 1, NULL, 0, 1, '2020-09-23 09:10:42', '2020-09-23 11:47:50'),
(215, '', '', '', '', '0.0000', '0.0000', '0.0000', '', '', '', '', '', '', '', 0, 0, 0, 'https://2.pik.vn/20203024cac4-1e79-4cd7-bfc5-28552fcb0b36.png', '', 0, 26, 1, '0.0000', 1, '155000.0000', 1, 0, 0, '0000-00-00', '50.00000000', 1, '0.00000000', '0.00000000', '0.00000000', 0, 1, 1, 0, 1, 2, 0, 1, NULL, 0, 1, '2020-09-23 09:10:42', '2020-09-23 11:45:53'),
(216, '', '', '', '', '0.0000', '0.0000', '0.0000', '', '', '', '', '', '', '', 0, 0, 0, 'https://2.pik.vn/202058f1c623-9a9a-4417-a040-ebef57dd868f.png', '', 0, 26, 1, '0.0000', 1, '95000.0000', 1, 0, 0, '0000-00-00', '50.00000000', 1, '0.00000000', '0.00000000', '0.00000000', 0, 1, 1, 0, 1, 2, 0, 1, NULL, 0, 1, '2020-09-23 09:10:42', '2020-09-23 11:45:38'),
(217, '', '', '', '', '0.0000', '0.0000', '0.0000', '', '', '', '', '', '', '', 0, 0, 0, 'https://2.pik.vn/2020071459ce-8ffa-40fd-819f-d285561e1ae2.png', '', 0, 26, 1, '0.0000', 1, '65000.0000', 1, 0, 0, '0000-00-00', '50.00000000', 1, '0.00000000', '0.00000000', '0.00000000', 0, 1, 1, 0, 1, 2, 0, 1, NULL, 0, 1, '2020-09-23 09:10:42', '2020-09-23 11:55:59'),
(218, '', '', '', '', '0.0000', '0.0000', '0.0000', '', '', '', '', '', '', '', 0, 0, 0, 'https://2.pik.vn/2020ba92cb25-069d-4715-bd72-b383326d2748.png', '', 0, 26, 1, '0.0000', 1, '85000.0000', 1, 0, 0, '0000-00-00', '50.00000000', 1, '0.00000000', '0.00000000', '0.00000000', 0, 1, 1, 0, 1, 2, 0, 1, NULL, 0, 1, '2020-09-23 09:10:42', '2020-09-23 11:52:59'),
(219, '', '', '', '', '0.0000', '0.0000', '0.0000', '', '', '', '', '', '', '', 0, 0, 0, 'https://2.pik.vn/2020665d0fb6-9462-48b5-9713-1058f6c147f9.png', '', 0, 26, 1, '0.0000', 1, '95000.0000', 1, 0, 0, '0000-00-00', '50.00000000', 1, '0.00000000', '0.00000000', '0.00000000', 0, 1, 1, 0, 1, 2, 0, 1, NULL, 0, 1, '2020-09-23 09:10:42', '2020-09-23 11:48:29'),
(220, '', '', '', '', '0.0000', '0.0000', '0.0000', '', '', '', '', '', '', '', 0, 0, 0, 'https://2.pik.vn/2020bf12ec6f-8a27-43d3-8fb7-897ba8c1fe3b.png', '', 0, 26, 1, '0.0000', 1, '250000.0000', 1, 0, 0, '0000-00-00', '50.00000000', 1, '0.00000000', '0.00000000', '0.00000000', 0, 1, 1, 0, 1, 2, 0, 1, NULL, 0, 1, '2020-09-23 09:10:42', '2020-09-23 11:48:54'),
(221, '', '', '', '', '0.0000', '0.0000', '0.0000', '', '', '', '', '', '', '', 0, 0, 0, 'https://2.pik.vn/2020bf12ec6f-8a27-43d3-8fb7-897ba8c1fe3b.png', '', 0, 26, 1, '0.0000', 1, '230000.0000', 1, 0, 0, '0000-00-00', '50.00000000', 1, '0.00000000', '0.00000000', '0.00000000', 0, 1, 1, 0, 1, 2, 0, 1, NULL, 0, 1, '2020-09-23 09:10:42', '2020-09-23 11:47:39'),
(222, '', '', '', '', '0.0000', '0.0000', '0.0000', '', '', '', '', '', '', '', 0, 0, 0, 'https://2.pik.vn/2020c1a26ade-05c4-485c-b7a6-417bdbf87e07.png', '', 0, 26, 1, '0.0000', 1, '199000.0000', 1, 0, 0, '0000-00-00', '50.00000000', 1, '0.00000000', '0.00000000', '0.00000000', 0, 1, 1, 0, 1, 2, 0, 1, NULL, 0, 1, '2020-09-23 09:10:42', '2020-09-23 11:56:13'),
(223, '', '', '', '', '0.0000', '0.0000', '0.0000', '', '', '', '', '', '', '', 0, 0, 0, 'https://2.pik.vn/202008d47c36-fa85-4ebd-9da8-36f13cdce662.png', '', 0, 26, 1, '0.0000', 1, '256000.0000', 1, 0, 0, '0000-00-00', '50.00000000', 1, '0.00000000', '0.00000000', '0.00000000', 0, 1, 1, 0, 1, 2, 0, 1, NULL, 0, 1, '2020-09-23 09:10:42', '2020-09-23 11:54:24'),
(224, '', '', '', '', '0.0000', '0.0000', '0.0000', '', '', '', '', '', '', '', 0, 0, 0, 'https://2.pik.vn/202013b0692d-dc60-458e-950f-26d66957a035.png', '', 0, 26, 1, '0.0000', 1, '236000.0000', 1, 0, 0, '0000-00-00', '50.00000000', 1, '0.00000000', '0.00000000', '0.00000000', 0, 1, 1, 0, 1, 2, 0, 1, NULL, 0, 1, '2020-09-23 09:10:42', '2020-09-23 11:46:47'),
(225, '', '', '', '', '0.0000', '0.0000', '0.0000', '', '', '', '', '', '', '', 0, 0, 0, 'https://2.pik.vn/20208fa4550f-9386-46f2-8478-f18cdd9d70fa.png', '', 0, 26, 1, '0.0000', 1, '256000.0000', 1, 0, 0, '0000-00-00', '50.00000000', 1, '0.00000000', '0.00000000', '0.00000000', 0, 1, 1, 0, 1, 2, 0, 1, NULL, 0, 1, '2020-09-23 09:10:42', '2020-09-23 11:49:51'),
(226, '', '', '', '', '0.0000', '0.0000', '0.0000', '', '', '', '', '', '', '', 0, 0, 0, 'https://2.pik.vn/2020b782772a-83a5-4e3a-bbe8-161aaaff6e14.png', '', 0, 26, 1, '0.0000', 1, '265000.0000', 1, 0, 0, '0000-00-00', '50.00000000', 1, '0.00000000', '0.00000000', '0.00000000', 0, 1, 1, 0, 1, 2, 0, 1, NULL, 0, 1, '2020-09-23 09:10:42', '2020-09-23 11:50:24'),
(227, '', '', '', '', '0.0000', '0.0000', '0.0000', '', '', '', '', '', '', '', 0, 0, 0, 'https://2.pik.vn/202069f87faf-7043-4946-b824-21ff4a1bb59c.png', '', 0, 26, 1, '0.0000', 1, '356000.0000', 1, 0, 0, '0000-00-00', '50.00000000', 1, '0.00000000', '0.00000000', '0.00000000', 0, 1, 1, 0, 1, 2, 0, 1, NULL, 0, 1, '2020-09-23 09:10:42', '2020-09-23 11:58:04'),
(228, '', '', '', '', '0.0000', '0.0000', '0.0000', '', '', '', '', '', '', '', 0, 0, 0, 'https://2.pik.vn/2020b3aac330-98b7-4e84-b8ea-ef1c4014691c.png', '', 0, 26, 1, '0.0000', 1, '213000.0000', 1, 0, 0, '0000-00-00', '50.00000000', 1, '0.00000000', '0.00000000', '0.00000000', 0, 1, 1, 0, 1, 2, 0, 1, NULL, 0, 1, '2020-09-23 09:10:42', '2020-09-23 11:45:00'),
(229, '', '', '', '', '0.0000', '0.0000', '0.0000', '', '', '', '', '', '', '', 0, 0, 0, 'https://2.pik.vn/20206c366ab3-a47d-472b-8229-2d92a1a4be67.png', '', 0, 26, 1, '0.0000', 1, '199000.0000', 1, 0, 0, '0000-00-00', '50.00000000', 1, '0.00000000', '0.00000000', '0.00000000', 0, 1, 1, 0, 1, 2, 0, 1, NULL, 0, 1, '2020-09-23 09:10:42', '2020-09-23 11:50:04'),
(230, '', '', '', '', '0.0000', '0.0000', '0.0000', '', '', '', '', '', '', '', 0, 0, 0, 'https://2.pik.vn/20202128d83f-b7d7-492b-bb6e-ebdd2c8a8857.png', '', 0, 26, 1, '0.0000', 1, '175000.0000', 1, 0, 0, '0000-00-00', '50.00000000', 1, '0.00000000', '0.00000000', '0.00000000', 0, 1, 1, 0, 1, 2, 0, 1, NULL, 0, 1, '2020-09-23 09:10:42', '2020-09-23 11:48:15'),
(231, '', '', '', '', '0.0000', '0.0000', '0.0000', '', '', '', '', '', '', '', 0, 0, 0, 'https://2.pik.vn/2020548a2cb8-1f59-4609-b72c-619f8eabb330.png', '', 0, 26, 1, '0.0000', 1, '156000.0000', 1, 0, 0, '0000-00-00', '50.00000000', 1, '0.00000000', '0.00000000', '0.00000000', 0, 1, 1, 0, 1, 2, 0, 1, NULL, 0, 1, '2020-09-23 09:10:42', '2020-09-23 11:51:16'),
(232, '', '', '', '', '0.0000', '0.0000', '0.0000', '', '', '', '', '', '', '', 0, 0, 0, 'https://2.pik.vn/20209a3a9ff9-1557-4891-a26b-f34c5350aaf7.png', '', 0, 26, 1, '0.0000', 1, '145000.0000', 1, 0, 0, '0000-00-00', '50.00000000', 1, '0.00000000', '0.00000000', '0.00000000', 0, 1, 1, 0, 1, 2, 0, 1, NULL, 0, 1, '2020-09-23 09:10:42', '2020-09-23 11:56:51'),
(233, '', '', '', '', '0.0000', '0.0000', '0.0000', '', '', '', '', '', '', '', 0, 0, 0, 'https://2.pik.vn/20201089c9fc-6fa1-4749-9a34-8f93eb11efe0.png', '', 0, 26, 1, '0.0000', 1, '123000.0000', 1, 0, 0, '0000-00-00', '50.00000000', 1, '0.00000000', '0.00000000', '0.00000000', 0, 1, 1, 0, 1, 2, 0, 1, NULL, 0, 1, '2020-09-23 09:10:42', '2020-09-23 11:47:17'),
(234, '', '', '', '', '0.0000', '0.0000', '0.0000', '', '', '', '', '', '', '', 0, 0, 0, 'https://2.pik.vn/20203bf58bdb-160f-45f9-8012-2653187d6ace.png', '', 0, 26, 1, '0.0000', 1, '154000.0000', 1, 0, 0, '0000-00-00', '50.00000000', 1, '0.00000000', '0.00000000', '0.00000000', 0, 1, 1, 0, 1, 2, 0, 1, NULL, 0, 1, '2020-09-23 09:10:42', '2020-09-23 11:54:07'),
(235, '', '', '', '', '0.0000', '0.0000', '0.0000', '', '', '', '', '', '', '', 0, 0, 0, 'https://2.pik.vn/202013627d5a-65e5-432a-9a16-274eb8c941be.png', '', 0, 26, 1, '0.0000', 1, '136000.0000', 1, 0, 0, '0000-00-00', '50.00000000', 1, '0.00000000', '0.00000000', '0.00000000', 0, 1, 1, 0, 1, 2, 0, 1, NULL, 0, 1, '2020-09-23 09:10:42', '2020-09-23 11:50:56'),
(236, '', '', '', '', '0.0000', '0.0000', '0.0000', '', '', '', '', '', '', '', 0, 0, 0, 'https://2.pik.vn/20206527eb17-2b8d-4041-bfe1-cac106fa9169.png', '', 0, 26, 1, '0.0000', 1, '156000.0000', 1, 0, 0, '0000-00-00', '50.00000000', 1, '0.00000000', '0.00000000', '0.00000000', 0, 1, 1, 0, 1, 2, 0, 1, NULL, 0, 1, '2020-09-23 09:10:42', '2020-09-23 11:53:30'),
(237, '', '', '', '', '0.0000', '0.0000', '0.0000', '', '', '', '', '', '', '', 0, 0, 0, 'https://2.pik.vn/2020e85c277b-9171-41c8-981b-049accc4773b.png', '', 0, 26, 1, '0.0000', 1, '145000.0000', 1, 0, 0, '0000-00-00', '50.00000000', 1, '0.00000000', '0.00000000', '0.00000000', 0, 1, 1, 0, 1, 2, 0, 1, NULL, 0, 1, '2020-09-23 09:10:42', '2020-09-23 11:53:48'),
(238, '', '', '', '', '0.0000', '0.0000', '0.0000', '', '', '', '', '', '', '', 0, 0, 0, 'https://2.pik.vn/20203aab5366-dbb7-474b-a8e4-034073ca09a1.png', '', 0, 26, 1, '0.0000', 1, '165000.0000', 1, 0, 0, '0000-00-00', '50.00000000', 1, '0.00000000', '0.00000000', '0.00000000', 0, 1, 1, 0, 1, 2, 0, 1, NULL, 0, 1, '2020-09-23 09:10:42', '2020-09-23 11:46:34'),
(239, '', '', '', '', '0.0000', '0.0000', '0.0000', '', '', '', '', '', '', '', 0, 0, 0, 'https://2.pik.vn/2020fd82898b-a8a6-4ad8-a0ea-5cc9982e634a.png', '', 0, 26, 1, '0.0000', 1, '132000.0000', 1, 0, 0, '0000-00-00', '50.00000000', 1, '0.00000000', '0.00000000', '0.00000000', 0, 1, 1, 0, 1, 2, 0, 1, NULL, 0, 1, '2020-09-23 09:10:42', '2020-09-23 11:56:29'),
(240, '', '', '', '', '0.0000', '0.0000', '0.0000', '', '', '', '', '', '', '', 0, 0, 0, 'https://2.pik.vn/20204e7a9ff0-f608-4f28-8ea9-dc9888863aed.png', '', 0, 26, 1, '0.0000', 1, '142000.0000', 1, 0, 0, '0000-00-00', '50.00000000', 1, '0.00000000', '0.00000000', '0.00000000', 0, 1, 1, 0, 1, 2, 0, 1, NULL, 0, 1, '2020-09-23 09:10:42', '2020-09-23 11:45:10'),
(241, '', '', '', '', '0.0000', '0.0000', '0.0000', '', '', '', '', '', '', '', 0, 0, 0, 'https://2.pik.vn/2020f6773e68-e352-4459-95ef-206a78b62044.png', '', 0, 26, 1, '0.0000', 1, '175000.0000', 1, 0, 0, '0000-00-00', '50.00000000', 1, '0.00000000', '0.00000000', '0.00000000', 0, 1, 1, 0, 1, 2, 0, 1, NULL, 0, 1, '2020-09-23 09:10:42', '2020-09-23 11:55:12'),
(242, '', '', '', '', '0.0000', '0.0000', '0.0000', '', '', '', '', '', '', '', 0, 0, 0, 'https://2.pik.vn/2020a38d8bbc-c156-4a1b-bb96-2ad5fb85c38b.png', '', 0, 26, 1, '0.0000', 1, '174000.0000', 1, 0, 0, '0000-00-00', '50.00000000', 1, '0.00000000', '0.00000000', '0.00000000', 0, 1, 1, 0, 1, 2, 0, 1, NULL, 0, 1, '2020-09-23 09:10:42', '2020-09-23 11:54:49'),
(243, '', '', '', '', '0.0000', '0.0000', '0.0000', '', '', '', '', '', '', '', 0, 0, 0, 'https://2.pik.vn/2020230b0d81-bb30-4bec-8297-32fb25bdd279.png', '', 0, 26, 1, '0.0000', 1, '145000.0000', 1, 0, 0, '0000-00-00', '50.00000000', 1, '0.00000000', '0.00000000', '0.00000000', 0, 1, 1, 0, 1, 2, 0, 1, NULL, 0, 1, '2020-09-23 09:10:42', '2020-09-23 11:49:12');

-- restore soft-deleted products if demo
UPDATE `oc_product` SET `deleted` = NULL
WHERE `demo` = 1
  AND `product_id` IN (
                       188,
                       189,
                       190,
                       191,
                       192,
                       193,
                       194,
                       195,
                       196,
                       197,
                       198,
                       199,
                       200,
                       201,
                       202,
                       203,
                       204,
                       205,
                       206,
                       207,
                       208,
                       209,
                       210,
                       211,
                       212,
                       213,
                       214,
                       215,
                       216,
                       217,
                       218,
                       219,
                       220,
                       221,
                       222,
                       223,
                       224,
                       225,
                       226,
                       227,
                       228,
                       229,
                       230,
                       231,
                       232,
                       233,
                       234,
                       235,
                       236,
                       237,
                       238,
                       239,
                       240,
                       241,
                       242,
                       243
  );

-- oc_product_collection PRIMARY KEY (`product_collection_id`)
INSERT IGNORE INTO `oc_product_collection` (`product_collection_id`, `product_id`, `collection_id`, `sort_order`) VALUES
(159, 190, 10, 0),
(158, 188, 10, 0),
(157, 192, 10, 0),
(156, 189, 10, 0),
(241, 212, 9, 0),
(219, 214, 9, 0),
(209, 216, 9, 0),
(242, 217, 9, 0),
(222, 219, 9, 0),
(234, 218, 9, 0),
(210, 215, 9, 0),
(233, 213, 9, 0),
(160, 195, 10, 0),
(161, 193, 10, 0),
(162, 194, 10, 0),
(205, 191, 10, 0),
(164, 196, 11, 0),
(165, 197, 11, 0),
(166, 198, 11, 0),
(167, 199, 11, 0),
(212, 200, 11, 0),
(169, 201, 11, 0),
(170, 202, 11, 0),
(171, 203, 11, 0),
(208, 204, 12, 0),
(215, 205, 12, 0),
(211, 206, 12, 0),
(232, 207, 12, 0),
(220, 208, 12, 0),
(217, 209, 12, 0),
(225, 210, 12, 0),
(231, 211, 12, 0),
(206, 228, 13, 0),
(227, 229, 13, 0),
(221, 230, 13, 0),
(230, 231, 13, 0),
(245, 232, 13, 0),
(216, 233, 13, 0),
(237, 234, 13, 0),
(229, 235, 13, 0),
(239, 242, 14, 0),
(207, 240, 14, 0),
(244, 239, 14, 0),
(240, 241, 14, 0),
(213, 238, 14, 0),
(236, 237, 14, 0),
(235, 236, 14, 0),
(224, 243, 14, 0),
(238, 223, 15, 0),
(223, 220, 15, 0),
(218, 221, 15, 0),
(228, 226, 15, 0),
(214, 224, 15, 0),
(243, 222, 15, 0),
(226, 225, 15, 0),
(247, 227, 15, 0);

-- oc_product_description PRIMARY KEY (`product_id`,`language_id`)
INSERT IGNORE INTO `oc_product_description` (`product_id`, `language_id`, `name`, `description`, `sub_description`, `seo_title`, `seo_description`, `tag`, `meta_title`, `meta_description`, `meta_keyword`) VALUES
(188, 2, 'Đồ bộ xám hồng ', 'Mô tả sản phẩm <br />\n- Chất liệu<br />\n- Kiểu dáng<br />\n- Màu sắc<br />\n- Xuất xứ<br />\n<br />\n', '', '', '', '', '', '', ''),
(189, 2, 'Áo hoa cúc nhí ', 'Mô tả sản phẩm <br />\n- Chất liệu<br />\n- Kiểu dáng<br />\n- Màu sắc<br />\n- Xuất xứ<br />\n<br />\n', '', '', '', '', '', '', ''),
(190, 2, 'Váy trắng xinh ', 'Mô tả sản phẩm <br />\n- Chất liệu<br />\n- Kiểu dáng<br />\n- Màu sắc<br />\n- Xuất xứ<br />\n<br />\n', '', '', '', '', '', '', ''),
(192, 2, 'Áo khoác ', 'Mô tả sản phẩm <br />\n- Chất liệu<br />\n- Kiểu dáng<br />\n- Màu sắc<br />\n- Xuất xứ<br />\n<br />\n', '', '', '', '', '', '', ''),
(193, 2, 'Set yếm trắng ', 'Mô tả sản phẩm <br />\n- Chất liệu<br />\n- Kiểu dáng<br />\n- Màu sắc<br />\n- Xuất xứ<br />\n<br />\n', '', '', '', '', '', '', ''),
(194, 2, 'Set váy áo cadigan ', 'Mô tả sản phẩm <br />\n- Chất liệu<br />\n- Kiểu dáng<br />\n- Màu sắc<br />\n- Xuất xứ<br />\n<br />\n', '', '', '', '', '', '', ''),
(195, 2, 'Váy ren sữa ', 'Mô tả sản phẩm <br />\n- Chất liệu<br />\n- Kiểu dáng<br />\n- Màu sắc<br />\n- Xuất xứ<br />\n<br />\n', '', '', '', '', '', '', ''),
(196, 2, 'Sơ mi caro ', 'Mô tả sản phẩm <br />\n- Chất liệu<br />\n- Kiểu dáng<br />\n- Màu sắc<br />\n- Xuất xứ<br />\n<br />\n', '', '', '', '', '', '', ''),
(197, 2, 'Áo khoác màu kem ', 'Mô tả sản phẩm <br />\n- Chất liệu<br />\n- Kiểu dáng<br />\n- Màu sắc<br />\n- Xuất xứ<br />\n<br />\n', '', '', '', '', '', '', ''),
(198, 2, 'Áo khoác Army ', 'Mô tả sản phẩm <br />\n- Chất liệu<br />\n- Kiểu dáng<br />\n- Màu sắc<br />\n- Xuất xứ<br />\n<br />\n', '', '', '', '', '', '', ''),
(199, 2, 'Áo sơ mi ', 'Mô tả sản phẩm <br />\n- Chất liệu<br />\n- Kiểu dáng<br />\n- Màu sắc<br />\n- Xuất xứ<br />\n<br />\n', '', '', '', '', '', '', ''),
(200, 2, 'Quần Jean nam', '&lt;p&gt;Mô tả sản phẩm&lt;br /&gt;\r\n- Chất liệu&lt;br /&gt;\r\n- Kiểu dáng&lt;br /&gt;\r\n- Màu sắc&lt;br /&gt;\r\n- Xuất xứ&lt;br /&gt;\r\n &lt;/p&gt;', '', '', '', '', '', '', ''),
(201, 2, 'Quần kaki ', 'Mô tả sản phẩm <br />\n- Chất liệu<br />\n- Kiểu dáng<br />\n- Màu sắc<br />\n- Xuất xứ<br />\n<br />\n', '', '', '', '', '', '', ''),
(202, 2, 'Set NY ', 'Mô tả sản phẩm <br />\n- Chất liệu<br />\n- Kiểu dáng<br />\n- Màu sắc<br />\n- Xuất xứ<br />\n<br />\n', '', '', '', '', '', '', ''),
(203, 2, 'Set áo tươi ', 'Mô tả sản phẩm <br />\n- Chất liệu<br />\n- Kiểu dáng<br />\n- Màu sắc<br />\n- Xuất xứ<br />\n<br />\n', '', '', '', '', '', '', ''),
(204, 2, 'Tất trẻ em 001', '&lt;p&gt;Mô tả sản phẩm&lt;br /&gt;\r\n- Chất liệu&lt;br /&gt;\r\n- Kiểu dáng&lt;br /&gt;\r\n- Màu sắc&lt;br /&gt;\r\n- Xuất xứ&lt;br /&gt;\r\n &lt;/p&gt;', '', '', '', '', '', '', ''),
(205, 2, 'Tất trẻ em 002', '&lt;p&gt;Mô tả sản phẩm&lt;br /&gt;\r\n- Chất liệu&lt;br /&gt;\r\n- Kiểu dáng&lt;br /&gt;\r\n- Màu sắc&lt;br /&gt;\r\n- Xuất xứ&lt;br /&gt;\r\n &lt;/p&gt;', '', '', '', '', '', '', ''),
(206, 2, 'Tất trẻ em 003', '&lt;p&gt;Mô tả sản phẩm&lt;br /&gt;\r\n- Chất liệu&lt;br /&gt;\r\n- Kiểu dáng&lt;br /&gt;\r\n- Màu sắc&lt;br /&gt;\r\n- Xuất xứ&lt;br /&gt;\r\n &lt;/p&gt;', '', '', '', '', '', '', ''),
(207, 2, 'Tất trẻ em 004', '&lt;p&gt;Mô tả sản phẩm&lt;br /&gt;\r\n- Chất liệu&lt;br /&gt;\r\n- Kiểu dáng&lt;br /&gt;\r\n- Màu sắc&lt;br /&gt;\r\n- Xuất xứ&lt;br /&gt;\r\n &lt;/p&gt;', '', '', '', '', '', '', ''),
(208, 2, 'Tất trẻ em 005', '&lt;p&gt;Mô tả sản phẩm&lt;br /&gt;\r\n- Chất liệu&lt;br /&gt;\r\n- Kiểu dáng&lt;br /&gt;\r\n- Màu sắc&lt;br /&gt;\r\n- Xuất xứ&lt;br /&gt;\r\n &lt;/p&gt;', '', '', '', '', '', '', ''),
(209, 2, 'Tất trẻ em 006', '&lt;p&gt;Mô tả sản phẩm&lt;br /&gt;\r\n- Chất liệu&lt;br /&gt;\r\n- Kiểu dáng&lt;br /&gt;\r\n- Màu sắc&lt;br /&gt;\r\n- Xuất xứ&lt;br /&gt;\r\n &lt;/p&gt;', '', '', '', '', '', '', ''),
(210, 2, 'Tất trẻ em 007', '&lt;p&gt;Mô tả sản phẩm&lt;br /&gt;\r\n- Chất liệu&lt;br /&gt;\r\n- Kiểu dáng&lt;br /&gt;\r\n- Màu sắc&lt;br /&gt;\r\n- Xuất xứ&lt;br /&gt;\r\n &lt;/p&gt;', '', '', '', '', '', '', ''),
(211, 2, 'Tất trẻ em 008', '&lt;p&gt;Mô tả sản phẩm&lt;br /&gt;\r\n- Chất liệu&lt;br /&gt;\r\n- Kiểu dáng&lt;br /&gt;\r\n- Màu sắc&lt;br /&gt;\r\n- Xuất xứ&lt;br /&gt;\r\n &lt;/p&gt;', '', '', '', '', '', '', ''),
(212, 2, 'Đồ bộ hồng', '&lt;p&gt;Mô tả sản phẩm&lt;br /&gt;\r\n- Chất liệu&lt;br /&gt;\r\n- Kiểu dáng&lt;br /&gt;\r\n- Màu sắc&lt;br /&gt;\r\n- Xuất xứ&lt;br /&gt;\r\n &lt;/p&gt;', '', '', '', '', '', '', ''),
(213, 2, 'Áo sơ sinh 01', '&lt;p&gt;Mô tả sản phẩm&lt;br /&gt;\r\n- Chất liệu&lt;br /&gt;\r\n- Kiểu dáng&lt;br /&gt;\r\n- Màu sắc&lt;br /&gt;\r\n- Xuất xứ&lt;br /&gt;\r\n &lt;/p&gt;', '', '', '', '', '', '', ''),
(214, 2, 'Set sơ sinh', '&lt;p&gt;Mô tả sản phẩm&lt;br /&gt;\r\n- Chất liệu&lt;br /&gt;\r\n- Kiểu dáng&lt;br /&gt;\r\n- Màu sắc&lt;br /&gt;\r\n- Xuất xứ&lt;br /&gt;\r\n &lt;/p&gt;', '', '', '', '', '', '', ''),
(215, 2, 'Áo sơ sinh 02', '&lt;p&gt;Mô tả sản phẩm&lt;br /&gt;\r\n- Chất liệu&lt;br /&gt;\r\n- Kiểu dáng&lt;br /&gt;\r\n- Màu sắc&lt;br /&gt;\r\n- Xuất xứ&lt;br /&gt;\r\n &lt;/p&gt;', '', '', '', '', '', '', ''),
(216, 2, 'Quần sơ sinh ngắn', '&lt;p&gt;Mô tả sản phẩm&lt;br /&gt;\r\n- Chất liệu&lt;br /&gt;\r\n- Kiểu dáng&lt;br /&gt;\r\n- Màu sắc&lt;br /&gt;\r\n- Xuất xứ&lt;br /&gt;\r\n &lt;/p&gt;', '', '', '', '', '', '', ''),
(217, 2, 'Quần sơ sinh dài', '&lt;p&gt;Mô tả sản phẩm&lt;br /&gt;\r\n- Chất liệu&lt;br /&gt;\r\n- Kiểu dáng&lt;br /&gt;\r\n- Màu sắc&lt;br /&gt;\r\n- Xuất xứ&lt;br /&gt;\r\n &lt;/p&gt;', '', '', '', '', '', '', ''),
(218, 2, 'Set sơ sinh 02', '&lt;p&gt;Mô tả sản phẩm&lt;br /&gt;\r\n- Chất liệu&lt;br /&gt;\r\n- Kiểu dáng&lt;br /&gt;\r\n- Màu sắc&lt;br /&gt;\r\n- Xuất xứ&lt;br /&gt;\r\n &lt;/p&gt;', '', '', '', '', '', '', ''),
(219, 2, 'Set sơ sinh 03', '&lt;p&gt;Mô tả sản phẩm&lt;br /&gt;\r\n- Chất liệu&lt;br /&gt;\r\n- Kiểu dáng&lt;br /&gt;\r\n- Màu sắc&lt;br /&gt;\r\n- Xuất xứ&lt;br /&gt;\r\n &lt;/p&gt;', '', '', '', '', '', '', ''),
(220, 2, 'Giày nam LV', '&lt;p&gt;Mô tả sản phẩm&lt;br /&gt;\r\n- Chất liệu&lt;br /&gt;\r\n- Kiểu dáng&lt;br /&gt;\r\n- Màu sắc&lt;br /&gt;\r\n- Xuất xứ&lt;br /&gt;\r\n &lt;/p&gt;', '', '', '', '', '', '', ''),
(221, 2, 'Giày thể thao YZ', '&lt;p&gt;Mô tả sản phẩm&lt;br /&gt;\r\n- Chất liệu&lt;br /&gt;\r\n- Kiểu dáng&lt;br /&gt;\r\n- Màu sắc&lt;br /&gt;\r\n- Xuất xứ&lt;br /&gt;\r\n &lt;/p&gt;', '', '', '', '', '', '', ''),
(222, 2, 'Sandan nữ', '&lt;p&gt;Mô tả sản phẩm&lt;br /&gt;\r\n- Chất liệu&lt;br /&gt;\r\n- Kiểu dáng&lt;br /&gt;\r\n- Màu sắc&lt;br /&gt;\r\n- Xuất xứ&lt;br /&gt;\r\n &lt;/p&gt;', '', '', '', '', '', '', ''),
(223, 2, 'Giày da nam', '&lt;p&gt;Mô tả sản phẩm&lt;br /&gt;\r\n- Chất liệu&lt;br /&gt;\r\n- Kiểu dáng&lt;br /&gt;\r\n- Màu sắc&lt;br /&gt;\r\n- Xuất xứ&lt;br /&gt;\r\n &lt;/p&gt;', '', '', '', '', '', '', ''),
(224, 2, 'Dép nữ nơ', '&lt;p&gt;Mô tả sản phẩm&lt;br /&gt;\r\n- Chất liệu&lt;br /&gt;\r\n- Kiểu dáng&lt;br /&gt;\r\n- Màu sắc&lt;br /&gt;\r\n- Xuất xứ&lt;br /&gt;\r\n &lt;/p&gt;', '', '', '', '', '', '', ''),
(225, 2, 'Sandan trắng', '&lt;p&gt;Mô tả sản phẩm&lt;br /&gt;\r\n- Chất liệu&lt;br /&gt;\r\n- Kiểu dáng&lt;br /&gt;\r\n- Màu sắc&lt;br /&gt;\r\n- Xuất xứ&lt;br /&gt;\r\n &lt;/p&gt;', '', '', '', '', '', '', ''),
(226, 2, 'Giày  đế phát sáng', '&lt;p&gt;Mô tả sản phẩm&lt;br /&gt;\r\n- Chất liệu&lt;br /&gt;\r\n- Kiểu dáng&lt;br /&gt;\r\n- Màu sắc&lt;br /&gt;\r\n- Xuất xứ&lt;br /&gt;\r\n &lt;/p&gt;', '', '', '', '', '', '', ''),
(228, 2, 'Mũ bé gái 001', '&lt;p&gt;Mô tả sản phẩm&lt;br /&gt;\r\n- Chất liệu&lt;br /&gt;\r\n- Kiểu dáng&lt;br /&gt;\r\n- Màu sắc&lt;br /&gt;\r\n- Xuất xứ&lt;br /&gt;\r\n &lt;/p&gt;', '', '', '', '', '', '', ''),
(229, 2, 'Mũ bé gái 002', '&lt;p&gt;Mô tả sản phẩm&lt;br /&gt;\r\n- Chất liệu&lt;br /&gt;\r\n- Kiểu dáng&lt;br /&gt;\r\n- Màu sắc&lt;br /&gt;\r\n- Xuất xứ&lt;br /&gt;\r\n &lt;/p&gt;', '', '', '', '', '', '', ''),
(230, 2, 'Mũ bé gái 003', '&lt;p&gt;Mô tả sản phẩm&lt;br /&gt;\r\n- Chất liệu&lt;br /&gt;\r\n- Kiểu dáng&lt;br /&gt;\r\n- Màu sắc&lt;br /&gt;\r\n- Xuất xứ&lt;br /&gt;\r\n &lt;/p&gt;', '', '', '', '', '', '', ''),
(231, 2, 'Mũ bé gái 004', '&lt;p&gt;Mô tả sản phẩm&lt;br /&gt;\r\n- Chất liệu&lt;br /&gt;\r\n- Kiểu dáng&lt;br /&gt;\r\n- Màu sắc&lt;br /&gt;\r\n- Xuất xứ&lt;br /&gt;\r\n &lt;/p&gt;', '', '', '', '', '', '', ''),
(232, 2, 'Mũ bé gái 005', '&lt;p&gt;Mô tả sản phẩm&lt;br /&gt;\r\n- Chất liệu&lt;br /&gt;\r\n- Kiểu dáng&lt;br /&gt;\r\n- Màu sắc&lt;br /&gt;\r\n- Xuất xứ&lt;br /&gt;\r\n &lt;/p&gt;', '', '', '', '', '', '', ''),
(233, 2, 'Mũ bé gái 006', '&lt;p&gt;Mô tả sản phẩm&lt;br /&gt;\r\n- Chất liệu&lt;br /&gt;\r\n- Kiểu dáng&lt;br /&gt;\r\n- Màu sắc&lt;br /&gt;\r\n- Xuất xứ&lt;br /&gt;\r\n &lt;/p&gt;', '', '', '', '', '', '', ''),
(234, 2, 'Mũ bé gái 007', '&lt;p&gt;Mô tả sản phẩm&lt;br /&gt;\r\n- Chất liệu&lt;br /&gt;\r\n- Kiểu dáng&lt;br /&gt;\r\n- Màu sắc&lt;br /&gt;\r\n- Xuất xứ&lt;br /&gt;\r\n &lt;/p&gt;', '', '', '', '', '', '', ''),
(235, 2, 'Mũ bé gái 008', '&lt;p&gt;Mô tả sản phẩm&lt;br /&gt;\r\n- Chất liệu&lt;br /&gt;\r\n- Kiểu dáng&lt;br /&gt;\r\n- Màu sắc&lt;br /&gt;\r\n- Xuất xứ&lt;br /&gt;\r\n &lt;/p&gt;', '', '', '', '', '', '', ''),
(236, 2, 'Balo đeo chéo Super', '&lt;p&gt;Mô tả sản phẩm&lt;br /&gt;\r\n- Chất liệu&lt;br /&gt;\r\n- Kiểu dáng&lt;br /&gt;\r\n- Màu sắc&lt;br /&gt;\r\n- Xuất xứ&lt;br /&gt;\r\n &lt;/p&gt;', '', '', '', '', '', '', ''),
(237, 2, 'Balo đeo chéo mỏ vịt', '&lt;p&gt;Mô tả sản phẩm&lt;br /&gt;\r\n- Chất liệu&lt;br /&gt;\r\n- Kiểu dáng&lt;br /&gt;\r\n- Màu sắc&lt;br /&gt;\r\n- Xuất xứ&lt;br /&gt;\r\n &lt;/p&gt;', '', '', '', '', '', '', ''),
(238, 2, 'Balo oto', '&lt;p&gt;Mô tả sản phẩm&lt;br /&gt;\r\n- Chất liệu&lt;br /&gt;\r\n- Kiểu dáng&lt;br /&gt;\r\n- Màu sắc&lt;br /&gt;\r\n- Xuất xứ&lt;br /&gt;\r\n &lt;/p&gt;', '', '', '', '', '', '', ''),
(239, 2, 'Balo khủng long', '&lt;p&gt;Mô tả sản phẩm&lt;br /&gt;\r\n- Chất liệu&lt;br /&gt;\r\n- Kiểu dáng&lt;br /&gt;\r\n- Màu sắc&lt;br /&gt;\r\n- Xuất xứ&lt;br /&gt;\r\n &lt;/p&gt;', '', '', '', '', '', '', ''),
(240, 2, 'Balo Hello kitty', '&lt;p&gt;Mô tả sản phẩm&lt;br /&gt;\r\n- Chất liệu&lt;br /&gt;\r\n- Kiểu dáng&lt;br /&gt;\r\n- Màu sắc&lt;br /&gt;\r\n- Xuất xứ&lt;br /&gt;\r\n &lt;/p&gt;', '', '', '', '', '', '', ''),
(241, 2, 'Balo Minion', '&lt;p&gt;Mô tả sản phẩm&lt;br /&gt;\r\n- Chất liệu&lt;br /&gt;\r\n- Kiểu dáng&lt;br /&gt;\r\n- Màu sắc&lt;br /&gt;\r\n- Xuất xứ&lt;br /&gt;\r\n &lt;/p&gt;', '', '', '', '', '', '', ''),
(242, 2, 'Balo bé trai', '&lt;p&gt;Mô tả sản phẩm&lt;br /&gt;\r\n- Chất liệu&lt;br /&gt;\r\n- Kiểu dáng&lt;br /&gt;\r\n- Màu sắc&lt;br /&gt;\r\n- Xuất xứ&lt;br /&gt;\r\n &lt;/p&gt;', '', '', '', '', '', '', ''),
(243, 2, 'Túi sách nữ', '&lt;p&gt;Mô tả sản phẩm&lt;br /&gt;\r\n- Chất liệu&lt;br /&gt;\r\n- Kiểu dáng&lt;br /&gt;\r\n- Màu sắc&lt;br /&gt;\r\n- Xuất xứ&lt;br /&gt;\r\n &lt;/p&gt;', '', '', '', '', '', '', ''),
(191, 2, 'Set áo trắng ôm', '&lt;p&gt;Mô tả sản phẩm&lt;br /&gt;\r\n- Chất liệu&lt;br /&gt;\r\n- Kiểu dáng&lt;br /&gt;\r\n- Màu sắc&lt;br /&gt;\r\n- Xuất xứ&lt;br /&gt;\r\n &lt;/p&gt;', '', '', '', '', '', '', ''),
(227, 2, 'boot nhung nữ', '&lt;p&gt;Mô tả sản phẩm&lt;br /&gt;\r\n- Chất liệu&lt;br /&gt;\r\n- Kiểu dáng&lt;br /&gt;\r\n- Màu sắc&lt;br /&gt;\r\n- Xuất xứ&lt;br /&gt;\r\n &lt;/p&gt;', '', '', '', '', '', '', '');

-- oc_product_image PRIMARY KEY (`product_image_id`)
INSERT IGNORE INTO `oc_product_image` (`product_image_id`, `product_id`, `image`, `image_alt`, `sort_order`) VALUES
(146, 191, '', '', 0);

-- oc_product_to_category PRIMARY KEY (`product_id`,`category_id`)
INSERT IGNORE INTO `oc_product_to_category` (`product_id`, `category_id`) VALUES
(188, 33),
(189, 33),
(190, 33),
(191, 33),
(192, 33),
(193, 33),
(194, 33),
(195, 33),
(196, 39),
(197, 39),
(198, 39),
(199, 39),
(200, 39),
(201, 39),
(202, 39),
(203, 39),
(204, 45),
(205, 45),
(206, 45),
(207, 45),
(208, 45),
(209, 45),
(210, 45),
(211, 45),
(212, 32),
(213, 32),
(214, 32),
(215, 32),
(216, 32),
(217, 32),
(218, 32),
(219, 32),
(220, 50),
(221, 50),
(222, 50),
(223, 50),
(224, 50),
(225, 50),
(226, 50),
(227, 50),
(228, 46),
(229, 46),
(230, 46),
(231, 46),
(232, 46),
(233, 46),
(234, 46),
(235, 46),
(236, 49),
(237, 49),
(238, 49),
(239, 49),
(240, 49),
(241, 49),
(242, 49),
(243, 49);

-- oc_product_to_store PRIMARY KEY (`product_id`,`store_id`)
INSERT IGNORE INTO `oc_product_to_store` (`product_id`, `store_id`, `product_version_id`, `quantity`, `cost_price`) VALUES
(233, 0, 0, 50, '0.0000'),
(234, 0, 0, 50, '0.0000'),
(235, 0, 0, 50, '0.0000'),
(236, 0, 0, 50, '0.0000'),
(188, 0, 68, 50, '0.0000'),
(189, 0, 69, 50, '0.0000'),
(189, 0, 70, 50, '0.0000'),
(189, 0, 71, 50, '0.0000'),
(203, 0, 128, 50, '0.0000'),
(204, 0, 0, 50, '0.0000'),
(205, 0, 0, 50, '0.0000'),
(206, 0, 0, 50, '0.0000'),
(197, 0, 103, 50, '0.0000'),
(197, 0, 104, 50, '0.0000'),
(198, 0, 105, 50, '0.0000'),
(198, 0, 106, 50, '0.0000'),
(227, 0, 0, 50, '0.0000'),
(228, 0, 0, 50, '0.0000'),
(221, 0, 0, 50, '0.0000'),
(220, 0, 0, 50, '0.0000'),
(219, 0, 0, 50, '0.0000'),
(218, 0, 0, 50, '0.0000'),
(192, 0, 81, 50, '0.0000'),
(191, 0, 80, 50, '0.0000'),
(191, 0, 79, 50, '0.0000'),
(191, 0, 78, 50, '0.0000'),
(230, 0, 0, 50, '0.0000'),
(229, 0, 0, 50, '0.0000'),
(195, 0, 93, 50, '0.0000'),
(194, 0, 92, 50, '0.0000'),
(194, 0, 91, 50, '0.0000'),
(194, 0, 90, 50, '0.0000'),
(201, 0, 118, 50, '0.0000'),
(201, 0, 117, 50, '0.0000'),
(200, 0, 113, 50, '0.0000'),
(200, 0, 114, 50, '0.0000'),
(211, 0, 0, 50, '0.0000'),
(210, 0, 0, 50, '0.0000'),
(209, 0, 0, 50, '0.0000'),
(208, 0, 0, 50, '0.0000'),
(193, 0, 85, 50, '0.0000'),
(192, 0, 84, 50, '0.0000'),
(192, 0, 83, 50, '0.0000'),
(192, 0, 82, 50, '0.0000'),
(240, 0, 0, 50, '0.0000'),
(239, 0, 0, 50, '0.0000'),
(238, 0, 0, 50, '0.0000'),
(237, 0, 0, 50, '0.0000'),
(199, 0, 110, 50, '0.0000'),
(199, 0, 109, 50, '0.0000'),
(198, 0, 108, 50, '0.0000'),
(198, 0, 107, 50, '0.0000'),
(190, 0, 76, 50, '0.0000'),
(190, 0, 75, 50, '0.0000'),
(190, 0, 74, 50, '0.0000'),
(190, 0, 73, 50, '0.0000'),
(216, 0, 0, 50, '0.0000'),
(215, 0, 0, 50, '0.0000'),
(214, 0, 0, 50, '0.0000'),
(213, 0, 0, 50, '0.0000'),
(196, 0, 97, 50, '0.0000'),
(195, 0, 96, 50, '0.0000'),
(195, 0, 95, 50, '0.0000'),
(195, 0, 94, 50, '0.0000'),
(202, 0, 123, 50, '0.0000'),
(242, 0, 0, 50, '0.0000'),
(201, 0, 119, 50, '0.0000'),
(222, 0, 0, 50, '0.0000'),
(193, 0, 86, 50, '0.0000'),
(203, 0, 125, 50, '0.0000'),
(199, 0, 111, 50, '0.0000'),
(188, 0, 67, 50, '0.0000'),
(224, 0, 0, 50, '0.0000'),
(196, 0, 99, 50, '0.0000'),
(243, 0, 0, 50, '0.0000'),
(202, 0, 124, 50, '0.0000'),
(200, 0, 115, 50, '0.0000'),
(217, 0, 0, 50, '0.0000'),
(194, 0, 89, 50, '0.0000'),
(241, 0, 0, 50, '0.0000'),
(202, 0, 122, 50, '0.0000'),
(197, 0, 102, 50, '0.0000'),
(212, 0, 0, 50, '0.0000'),
(191, 0, 77, 50, '0.0000'),
(232, 0, 0, 50, '0.0000'),
(200, 0, 116, 50, '0.0000'),
(193, 0, 88, 50, '0.0000'),
(207, 0, 0, 50, '0.0000'),
(202, 0, 121, 50, '0.0000'),
(231, 0, 0, 50, '0.0000'),
(197, 0, 101, 50, '0.0000'),
(188, 0, 65, 50, '0.0000'),
(203, 0, 127, 50, '0.0000'),
(196, 0, 100, 50, '0.0000'),
(225, 0, 0, 50, '0.0000'),
(189, 0, 72, 50, '0.0000'),
(226, 0, 0, 50, '0.0000'),
(199, 0, 112, 50, '0.0000'),
(193, 0, 87, 50, '0.0000'),
(203, 0, 126, 50, '0.0000'),
(201, 0, 120, 50, '0.0000'),
(223, 0, 0, 50, '0.0000'),
(196, 0, 98, 50, '0.0000'),
(188, 0, 66, 50, '0.0000');