-- oc_product PRIMARY KEY (`product_id`)
-- delete first
INSERT IGNORE INTO `oc_product` (`product_id`, `model`, `sku`, `common_barcode`, `common_sku`, `common_compare_price`, `common_price`, `common_cost_price`, `barcode`, `upc`, `ean`, `jan`, `isbn`, `mpn`, `location`, `quantity`, `sale_on_out_of_stock`, `stock_status_id`, `image`, `image_alt`, `multi_versions`, `manufacturer_id`, `shipping`, `price`, `price_currency_id`, `compare_price`, `c_price_currency_id`, `points`, `tax_class_id`, `date_available`, `weight`, `weight_class_id`, `length`, `width`, `height`, `length_class_id`, `subtract`, `minimum`, `sort_order`, `status`, `channel`, `viewed`, `demo`, `deleted`, `default_store_id`, `user_create_id`, `date_added`, `date_modified`) VALUES
(272, '', '', '', '', '0.0000', '0.0000', '0.0000', '', '', '', '', '', '', '', 0, 0, 0, 'https://2.pik.vn/20203412fb82-0f57-4eab-975e-1f233f571738.jpg', '', 0, 26, 1, '0.0000', 1, '20000.0000', 1, 0, 0, '0000-00-00', '190.00000000', 1, '0.00000000', '0.00000000', '0.00000000', 0, 1, 1, 0, 1, 2, 0, 1, NULL, 0, 1, '2020-08-25 21:20:13', '2020-08-29 16:27:29'),
(273, '', '', '', '', '0.0000', '0.0000', '0.0000', '', '', '', '', '', '', '', 0, 0, 0, 'https://2.pik.vn/20204c50ad63-8bfd-4548-8c6b-57e697377795.jpg', '', 0, 27, 1, '0.0000', 1, '20000.0000', 1, 0, 0, '0000-00-00', '30.00000000', 1, '0.00000000', '0.00000000', '0.00000000', 0, 1, 1, 0, 1, 2, 0, 1, NULL, 0, 1, '2020-08-25 21:20:13', '2020-08-29 16:27:17'),
(274, '', '', '', '', '0.0000', '0.0000', '0.0000', '', '', '', '', '', '', '', 0, 0, 0, 'https://2.pik.vn/2020461f4251-9c0b-4e62-a09c-572549621e08.jpg', '', 0, 28, 1, '0.0000', 1, '30000.0000', 1, 0, 0, '0000-00-00', '22.00000000', 1, '0.00000000', '0.00000000', '0.00000000', 0, 1, 1, 0, 1, 2, 0, 1, NULL, 0, 1, '2020-08-25 21:20:13', '2020-08-29 16:23:17'),
(275, '', '', '', '', '0.0000', '0.0000', '0.0000', '', '', '', '', '', '', '', 0, 0, 0, 'https://2.pik.vn/2020d23ba8de-1ce5-4abd-adcd-075912067ee4.jpg', '', 0, 29, 1, '50000.0000', 1, '55000.0000', 1, 0, 0, '0000-00-00', '150.00000000', 1, '0.00000000', '0.00000000', '0.00000000', 0, 1, 1, 0, 1, 2, 0, 1, NULL, 0, 1, '2020-08-25 21:20:13', '2020-08-29 16:24:58'),
(276, '', '', '', '', '0.0000', '0.0000', '0.0000', '', '', '', '', '', '', '', 0, 0, 0, 'https://2.pik.vn/20207776be10-9de4-48fe-b0f2-4026208787bb.jpg', '', 0, 30, 1, '0.0000', 1, '18000.0000', 1, 0, 0, '0000-00-00', '80.00000000', 1, '0.00000000', '0.00000000', '0.00000000', 0, 1, 1, 0, 1, 2, 0, 1, NULL, 0, 1, '2020-08-25 21:20:13', '2020-08-29 16:24:20'),
(277, '', '', '', '', '0.0000', '0.0000', '0.0000', '', '', '', '', '', '', '', 0, 0, 0, 'https://2.pik.vn/2020455c1990-87f6-45aa-b16b-8f78c527581a.jpg', '', 0, 31, 1, '0.0000', 1, '18000.0000', 1, 0, 0, '0000-00-00', '120.00000000', 1, '0.00000000', '0.00000000', '0.00000000', 0, 1, 1, 0, 1, 2, 0, 1, NULL, 0, 1, '2020-08-25 21:20:13', '2020-08-29 16:26:56'),
(278, '', '', '', '', '0.0000', '0.0000', '0.0000', '', '', '', '', '', '', '', 0, 0, 0, 'https://2.pik.vn/202090974ddb-24f0-4644-a538-f02c1e3bbfa0.jpg', '', 0, 32, 1, '95000.0000', 1, '100000.0000', 1, 0, 0, '0000-00-00', '100.00000000', 1, '0.00000000', '0.00000000', '0.00000000', 0, 1, 1, 0, 1, 2, 0, 1, NULL, 0, 1, '2020-08-25 21:20:13', '2020-08-29 16:26:11'),
(279, '', '', '', '', '0.0000', '0.0000', '0.0000', '', '', '', '', '', '', '', 0, 0, 0, 'https://2.pik.vn/2020233d9885-4109-4eb6-813b-2342aa47e892.jpg', '', 0, 26, 1, '0.0000', 1, '15000.0000', 1, 0, 0, '0000-00-00', '100.00000000', 1, '0.00000000', '0.00000000', '0.00000000', 0, 1, 1, 0, 1, 2, 0, 1, NULL, 0, 1, '2020-08-25 21:20:13', '2020-08-29 16:23:06'),
(280, '', '', '', '', '0.0000', '0.0000', '0.0000', '', '', '', '', '', '', '', 0, 0, 0, 'https://2.pik.vn/20209a170a21-c218-4aea-88e2-1da3bd23be4d.jpg', '', 0, 33, 1, '8000.0000', 1, '9000.0000', 1, 0, 0, '0000-00-00', '330.00000000', 1, '0.00000000', '0.00000000', '0.00000000', 0, 1, 1, 0, 1, 2, 0, 1, NULL, 0, 1, '2020-08-25 21:20:13', '2020-08-29 16:23:56'),
(281, '', '', '', '', '0.0000', '0.0000', '0.0000', '', '', '', '', '', '', '', 0, 0, 0, 'https://2.pik.vn/20205cec6e8d-3080-427a-b0a7-fd85ba1f59ca.jpg', '', 0, 33, 1, '0.0000', 1, '8000.0000', 1, 0, 0, '0000-00-00', '330.00000000', 1, '0.00000000', '0.00000000', '0.00000000', 0, 1, 1, 0, 1, 2, 0, 1, NULL, 0, 1, '2020-08-25 21:20:13', '2020-08-29 16:24:06'),
(282, '', '', '', '', '0.0000', '0.0000', '0.0000', '', '', '', '', '', '', '', 0, 0, 0, 'https://2.pik.vn/2020810b15f7-ee5f-463b-a4a4-bbc1bef0333b.jpg', '', 0, 33, 1, '0.0000', 1, '8500.0000', 1, 0, 0, '0000-00-00', '330.00000000', 1, '0.00000000', '0.00000000', '0.00000000', 0, 1, 1, 0, 1, 2, 0, 1, NULL, 0, 1, '2020-08-25 21:20:13', '2020-08-29 16:26:46'),
(283, '', '', '', '', '0.0000', '0.0000', '0.0000', '', '', '', '', '', '', '', 0, 0, 0, 'https://2.pik.vn/2020f2c8e960-5eaa-4f1e-98bd-31aa2dad37cf.jpg', '', 0, 33, 1, '0.0000', 1, '8000.0000', 1, 0, 0, '0000-00-00', '250.00000000', 1, '0.00000000', '0.00000000', '0.00000000', 0, 1, 1, 0, 1, 2, 0, 1, NULL, 0, 1, '2020-08-25 21:20:13', '2020-08-29 16:26:01'),
(284, '', '', '', '', '0.0000', '0.0000', '0.0000', '', '', '', '', '', '', '', 0, 0, 0, 'https://2.pik.vn/2020da0ac729-3cfc-4c8e-a73c-f5cacbc13f7c.jpg', '', 0, 33, 1, '0.0000', 1, '15000.0000', 1, 0, 0, '0000-00-00', '1500.00000000', 1, '0.00000000', '0.00000000', '0.00000000', 0, 1, 1, 0, 1, 2, 0, 1, NULL, 0, 1, '2020-08-25 21:20:13', '2020-08-29 16:27:59'),
(285, '', '', '', '', '0.0000', '0.0000', '0.0000', '', '', '', '', '', '', '', 0, 0, 0, 'https://2.pik.vn/202033a42553-5801-4f51-9541-edee64b6c6b8.jpg', '', 0, 33, 1, '9000.0000', 1, '10000.0000', 1, 0, 0, '0000-00-00', '330.00000000', 1, '0.00000000', '0.00000000', '0.00000000', 0, 1, 1, 0, 1, 2, 0, 1, NULL, 0, 1, '2020-08-25 21:20:13', '2020-08-29 16:22:54'),
(286, '', '', '', '', '0.0000', '0.0000', '0.0000', '', '', '', '', '', '', '', 0, 0, 0, 'https://2.pik.vn/20206b1c6f0a-54d7-406a-911a-3d1c7954f95d.jpg', '', 0, 33, 1, '0.0000', 1, '10000.0000', 1, 0, 0, '0000-00-00', '330.00000000', 1, '0.00000000', '0.00000000', '0.00000000', 0, 1, 1, 0, 1, 2, 0, 1, NULL, 0, 1, '2020-08-25 21:20:13', '2020-08-29 16:23:40'),
(287, '', '', '', '', '0.0000', '0.0000', '0.0000', '', '', '', '', '', '', '', 0, 0, 0, 'https://2.pik.vn/202004be2d55-5d81-4561-a4e7-6c9d0b7bb9cf.jpg', '', 0, 33, 1, '0.0000', 1, '9000.0000', 1, 0, 0, '0000-00-00', '330.00000000', 1, '0.00000000', '0.00000000', '0.00000000', 0, 1, 1, 0, 1, 2, 0, 1, NULL, 0, 1, '2020-08-25 21:20:13', '2020-08-29 16:25:51'),
(288, '', '', '', '', '0.0000', '0.0000', '0.0000', '', '', '', '', '', '', '', 0, 0, 0, 'https://2.pik.vn/2020bb011236-40f8-441a-808c-aaacbc9b430b.jpg', '', 0, 34, 1, '85000.0000', 1, '100000.0000', 1, 0, 0, '0000-00-00', '1.00000000', 1, '0.00000000', '0.00000000', '0.00000000', 0, 1, 1, 0, 1, 2, 0, 1, NULL, 0, 1, '2020-08-25 21:20:13', '2020-08-29 16:25:21'),
(289, '', '', '', '', '0.0000', '0.0000', '0.0000', '', '', '', '', '', '', '', 0, 0, 0, 'https://2.pik.vn/202088b034c5-4ccd-4eb4-b4c1-aebd65c4659e.jpg', '', 0, 34, 1, '0.0000', 1, '30000.0000', 1, 0, 0, '0000-00-00', '1.00000000', 1, '0.00000000', '0.00000000', '0.00000000', 0, 1, 1, 0, 1, 2, 0, 1, NULL, 0, 1, '2020-08-25 21:20:13', '2020-08-29 16:27:51'),
(290, '', '', '', '', '0.0000', '0.0000', '0.0000', '', '', '', '', '', '', '', 0, 0, 0, 'https://2.pik.vn/2020e850c36b-5c3d-4e76-9a74-ff98b50ee3fb.jpg', '', 0, 34, 1, '100000.0000', 1, '120000.0000', 1, 0, 0, '0000-00-00', '1.00000000', 1, '0.00000000', '0.00000000', '0.00000000', 0, 1, 1, 0, 1, 2, 0, 1, NULL, 0, 1, '2020-08-25 21:20:13', '2020-08-29 16:22:27'),
(291, '', '', '', '', '0.0000', '0.0000', '0.0000', '', '', '', '', '', '', '', 0, 0, 0, 'https://2.pik.vn/2020711af92a-881c-4a70-8980-49864ee1ba2b.jpg', '', 0, 34, 1, '220000.0000', 1, '250000.0000', 1, 0, 0, '0000-00-00', '1.00000000', 1, '0.00000000', '0.00000000', '0.00000000', 0, 1, 1, 0, 1, 2, 0, 1, NULL, 0, 1, '2020-08-25 21:20:13', '2020-08-29 16:21:38'),
(292, '', '', '', '', '0.0000', '0.0000', '0.0000', '', '', '', '', '', '', '', 0, 0, 0, 'https://2.pik.vn/2020ce1423e1-1f9b-4f76-91b0-bf127de09154.jpg', '', 0, 34, 1, '55000.0000', 1, '65000.0000', 1, 0, 0, '0000-00-00', '1.00000000', 1, '0.00000000', '0.00000000', '0.00000000', 0, 1, 1, 0, 1, 2, 0, 1, NULL, 0, 1, '2020-08-25 21:20:13', '2020-08-29 16:25:39'),
(293, '', '', '', '', '0.0000', '0.0000', '0.0000', '', '', '', '', '', '', '', 0, 0, 0, 'https://2.pik.vn/2020cdcfd69e-98b2-4440-b9be-3382a585f02a.jpg', '', 0, 34, 1, '58000.0000', 1, '70000.0000', 1, 0, 0, '0000-00-00', '1.00000000', 1, '0.00000000', '0.00000000', '0.00000000', 0, 1, 1, 0, 1, 2, 0, 1, NULL, 0, 1, '2020-08-25 21:20:13', '2020-08-29 16:22:43'),
(294, '', '', '', '', '0.0000', '0.0000', '0.0000', '', '', '', '', '', '', '', 0, 0, 0, 'https://2.pik.vn/20209b3c26dd-e212-4a46-9385-aadf837bbd66.jpg', '', 0, 34, 1, '0.0000', 1, '40000.0000', 1, 0, 0, '0000-00-00', '1.00000000', 1, '0.00000000', '0.00000000', '0.00000000', 0, 1, 1, 0, 1, 2, 0, 1, NULL, 0, 1, '2020-08-25 21:20:13', '2020-08-29 16:27:38'),
(295, '', '', '', '', '0.0000', '0.0000', '0.0000', '', '', '', '', '', '', '', 0, 0, 0, 'https://2.pik.vn/202012598d0d-13b6-4363-a46c-0e8c45e3e075.jpg', '', 0, 34, 1, '80000.0000', 1, '95000.0000', 1, 0, 0, '0000-00-00', '1.00000000', 1, '0.00000000', '0.00000000', '0.00000000', 0, 1, 1, 0, 1, 2, 0, 1, NULL, 0, 1, '2020-08-25 21:20:13', '2020-08-29 16:22:09'),
(296, '', '', '', '', '0.0000', '0.0000', '0.0000', '', '', '', '', '', '', '', 0, 0, 0, 'https://2.pik.vn/2020a0fb4cb9-86b7-4b0e-8535-7f0fac3bf8c7.jpg', '', 0, 35, 1, '0.0000', 1, '12000.0000', 1, 0, 0, '0000-00-00', '60.00000000', 1, '0.00000000', '0.00000000', '0.00000000', 0, 1, 1, 0, 1, 2, 0, 1, NULL, 0, 1, '2020-08-25 21:20:13', '2020-08-29 16:27:06'),
(297, '', '', '', '', '0.0000', '0.0000', '0.0000', '', '', '', '', '', '', '', 0, 0, 0, 'https://2.pik.vn/2020a5fcdd4f-ff8a-4413-a42f-0f539d7f0648.jpg', '', 0, 36, 1, '7000.0000', 1, '10000.0000', 1, 0, 0, '0000-00-00', '60.00000000', 1, '0.00000000', '0.00000000', '0.00000000', 0, 1, 1, 0, 1, 2, 0, 1, NULL, 0, 1, '2020-08-25 21:20:13', '2020-08-29 16:23:28'),
(298, '', '', '', '', '0.0000', '0.0000', '0.0000', '', '', '', '', '', '', '', 0, 0, 0, 'https://2.pik.vn/2020e52a8f39-e123-4d43-909c-fb847342566f.jpg', '', 0, 36, 1, '0.0000', 1, '10000.0000', 1, 0, 0, '0000-00-00', '60.00000000', 1, '0.00000000', '0.00000000', '0.00000000', 0, 1, 1, 0, 1, 2, 0, 1, NULL, 0, 1, '2020-08-25 21:20:13', '2020-08-25 21:50:42'),
(299, '', '', '', '', '0.0000', '0.0000', '0.0000', '', '', '', '', '', '', '', 0, 0, 0, 'https://2.pik.vn/2020ba517730-aba4-469e-9e0a-62a5ab613f4a.jpg', '', 0, 36, 1, '0.0000', 1, '10000.0000', 1, 0, 0, '0000-00-00', '60.00000000', 1, '0.00000000', '0.00000000', '0.00000000', 0, 1, 1, 0, 1, 2, 0, 1, NULL, 0, 1, '2020-08-25 21:20:13', '2020-08-29 16:34:04'),
(300, '', '', '', '', '0.0000', '0.0000', '0.0000', '', '', '', '', '', '', '', 0, 0, 0, 'https://2.pik.vn/2020512176a7-7cee-4273-9de6-d29d006e4581.jpg', '', 0, 36, 1, '0.0000', 1, '10000.0000', 1, 0, 0, '0000-00-00', '60.00000000', 1, '0.00000000', '0.00000000', '0.00000000', 0, 1, 1, 0, 1, 2, 0, 1, NULL, 0, 1, '2020-08-25 21:20:13', '2020-08-25 21:50:42'),
(301, '', '', '', '', '0.0000', '0.0000', '0.0000', '', '', '', '', '', '', '', 0, 0, 0, 'https://2.pik.vn/2020c0ee44fb-3c01-4166-96ed-b7dfaa9c3f33.jpg', '', 0, 35, 1, '10000.0000', 1, '12000.0000', 1, 0, 0, '0000-00-00', '60.00000000', 1, '0.00000000', '0.00000000', '0.00000000', 0, 1, 1, 0, 1, 2, 0, 1, NULL, 0, 1, '2020-08-25 21:20:13', '2020-08-29 16:40:18'),
(302, '', '', '', '', '0.0000', '0.0000', '0.0000', '', '', '', '', '', '', '', 0, 0, 0, 'https://2.pik.vn/2020b28fabf2-a790-4e56-83d5-eb19fc5b599f.jpg', '', 0, 35, 1, '0.0000', 1, '12000.0000', 1, 0, 0, '0000-00-00', '60.00000000', 1, '0.00000000', '0.00000000', '0.00000000', 0, 1, 1, 0, 1, 2, 0, 1, NULL, 0, 1, '2020-08-25 21:20:13', '2020-08-29 16:36:46'),
(303, '', '', '', '', '0.0000', '0.0000', '0.0000', '', '', '', '', '', '', '', 0, 0, 0, 'https://2.pik.vn/20203e2a420a-a563-4b28-b612-b243775c98c4.jpg', '', 0, 36, 1, '1000.0000', 1, '12000.0000', 1, 0, 0, '0000-00-00', '60.00000000', 1, '0.00000000', '0.00000000', '0.00000000', 0, 1, 1, 0, 1, 2, 0, 1, NULL, 0, 1, '2020-08-25 21:20:13', '2020-08-29 16:36:38'),
(304, '', '', '', '', '0.0000', '0.0000', '0.0000', '', '', '', '', '', '', '', 0, 0, 0, 'https://2.pik.vn/20209f204852-c102-4111-be8b-c848034ed4b1.jpg', '', 0, 37, 1, '0.0000', 1, '4000.0000', 1, 0, 0, '0000-00-00', '75.00000000', 1, '0.00000000', '0.00000000', '0.00000000', 0, 1, 1, 0, 1, 2, 0, 1, NULL, 0, 1, '2020-08-25 21:20:13', '2020-08-29 16:28:50'),
(305, '', '', '', '', '0.0000', '0.0000', '0.0000', '', '', '', '', '', '', '', 0, 0, 0, 'https://2.pik.vn/2020adeb0e68-bed3-472a-8796-94aff1e69c43.jpg', '', 0, 38, 1, '0.0000', 1, '8000.0000', 1, 0, 0, '0000-00-00', '75.00000000', 1, '0.00000000', '0.00000000', '0.00000000', 0, 1, 1, 0, 1, 2, 0, 1, NULL, 0, 1, '2020-08-25 21:20:13', '2020-08-25 21:50:42'),
(306, '', '', '', '', '0.0000', '0.0000', '0.0000', '', '', '', '', '', '', '', 0, 0, 0, 'https://2.pik.vn/20204f35349d-4d4c-4ff1-8f6c-5c394f91241a.jpg', '', 0, 38, 1, '0.0000', 1, '15000.0000', 1, 0, 0, '0000-00-00', '75.00000000', 1, '0.00000000', '0.00000000', '0.00000000', 0, 1, 1, 0, 1, 2, 0, 1, NULL, 0, 1, '2020-08-25 21:20:13', '2020-08-29 16:39:57'),
(307, '', '', '', '', '0.0000', '0.0000', '0.0000', '', '', '', '', '', '', '', 0, 0, 0, 'https://2.pik.vn/202006c8d6b8-4275-4c23-afad-33f5a7b3c207.jpg', '', 0, 37, 1, '0.0000', 1, '5000.0000', 1, 0, 0, '0000-00-00', '75.00000000', 1, '0.00000000', '0.00000000', '0.00000000', 0, 1, 1, 0, 1, 2, 0, 1, NULL, 0, 1, '2020-08-25 21:20:13', '2020-08-29 16:33:55'),
(308, '', '', '', '', '0.0000', '0.0000', '0.0000', '', '', '', '', '', '', '', 0, 0, 0, 'https://cdn.bestme.asia/images/x2/65db6637fe4e0b3155c10ad10bc40f7c.jpg', '', 0, 38, 1, '0.0000', 1, '8000.0000', 1, 0, 0, '0000-00-00', '75.00000000', 1, '0.00000000', '0.00000000', '0.00000000', 0, 1, 1, 0, 1, 2, 0, 1, NULL, 0, 1, '2020-08-25 21:20:13', '2020-08-29 16:36:27'),
(309, '', '', '', '', '0.0000', '0.0000', '0.0000', '', '', '', '', '', '', '', 0, 0, 0, 'https://2.pik.vn/2020033fb846-3cb8-46c1-9881-20518d954d3a.jpg', '', 0, 39, 1, '0.0000', 1, '3500.0000', 1, 0, 0, '0000-00-00', '75.00000000', 1, '0.00000000', '0.00000000', '0.00000000', 0, 1, 1, 0, 1, 2, 0, 1, NULL, 0, 1, '2020-08-25 21:20:13', '2020-08-29 16:28:39'),
(310, '', '', '', '', '0.0000', '0.0000', '0.0000', '', '', '', '', '', '', '', 0, 0, 0, 'https://2.pik.vn/20204396fbdf-661c-4939-959f-5f295898bd6f.jpg', '', 0, 39, 1, '0.0000', 1, '3500.0000', 1, 0, 0, '0000-00-00', '75.00000000', 1, '0.00000000', '0.00000000', '0.00000000', 0, 1, 1, 0, 1, 2, 0, 1, NULL, 0, 1, '2020-08-25 21:20:13', '2020-08-25 21:50:42'),
(311, '', '', '', '', '0.0000', '0.0000', '0.0000', '', '', '', '', '', '', '', 0, 0, 0, 'https://2.pik.vn/202039d7179f-5001-4865-9f2d-c8421b57d384.jpg', '', 0, 39, 1, '0.0000', 1, '3500.0000', 1, 0, 0, '0000-00-00', '75.00000000', 1, '0.00000000', '0.00000000', '0.00000000', 0, 1, 1, 0, 1, 2, 0, 1, NULL, 0, 1, '2020-08-25 21:20:13', '2020-08-29 16:39:46'),
(312, '', '', '', '', '0.0000', '0.0000', '0.0000', '', '', '', '', '', '', '', 0, 0, 0, 'https://2.pik.vn/202072cb1ac3-662a-4bcd-ba38-f8e05c01edb2.jpg', '', 0, 40, 1, '0.0000', 1, '350000.0000', 1, 0, 0, '0000-00-00', '1.00000000', 1, '0.00000000', '0.00000000', '0.00000000', 0, 1, 1, 0, 1, 2, 0, 1, NULL, 0, 1, '2020-08-25 21:20:13', '2020-08-29 16:37:06'),
(313, '', '', '', '', '0.0000', '0.0000', '0.0000', '', '', '', '', '', '', '', 0, 0, 0, 'https://2.pik.vn/2020819031a2-9be8-4876-88b3-d25d6fd07035.png', '', 0, 40, 1, '0.0000', 1, '350000.0000', 1, 0, 0, '0000-00-00', '1.00000000', 1, '0.00000000', '0.00000000', '0.00000000', 0, 1, 1, 0, 1, 2, 0, 1, NULL, 0, 1, '2020-08-25 21:20:13', '2020-08-29 16:34:13'),
(314, '', '', '', '', '0.0000', '0.0000', '0.0000', '', '', '', '', '', '', '', 0, 0, 0, 'https://2.pik.vn/202056c7df89-a395-4a46-85e8-41aa1bf47070.jpg', '', 0, 40, 1, '0.0000', 1, '1500000.0000', 1, 0, 0, '0000-00-00', '1.00000000', 1, '0.00000000', '0.00000000', '0.00000000', 0, 1, 1, 0, 1, 2, 0, 1, NULL, 0, 1, '2020-08-25 21:20:13', '2020-08-29 16:41:01'),
(315, '', '', '', '', '0.0000', '0.0000', '0.0000', '', '', '', '', '', '', '', 0, 0, 0, 'https://2.pik.vn/2020ce74f657-7beb-4f29-b51d-1ac22c43793b.jpg', '', 0, 40, 1, '0.0000', 1, '350000.0000', 1, 0, 0, '0000-00-00', '1.00000000', 1, '0.00000000', '0.00000000', '0.00000000', 0, 1, 1, 0, 1, 2, 0, 1, NULL, 0, 1, '2020-08-25 21:20:13', '2020-08-25 21:50:42'),
(316, '', '', '', '', '0.0000', '0.0000', '0.0000', '', '', '', '', '', '', '', 0, 0, 0, 'https://2.pik.vn/2020d0a9fe25-11c7-43da-83e8-e40c492ae206.jpg', '', 0, 41, 1, '0.0000', 1, '200000.0000', 1, 0, 0, '0000-00-00', '1.00000000', 1, '0.00000000', '0.00000000', '0.00000000', 0, 1, 1, 0, 1, 2, 0, 1, NULL, 0, 1, '2020-08-25 21:20:13', '2020-08-29 16:36:57'),
(317, '', '', '', '', '0.0000', '0.0000', '0.0000', '', '', '', '', '', '', '', 0, 0, 0, 'https://2.pik.vn/2020956129b1-6094-412c-bbfa-e0098e64858d.jpg', '', 0, 42, 1, '0.0000', 1, '190000.0000', 1, 0, 0, '0000-00-00', '1.00000000', 1, '0.00000000', '0.00000000', '0.00000000', 0, 1, 1, 0, 1, 2, 0, 1, NULL, 0, 1, '2020-08-25 21:20:13', '2020-08-29 16:34:53'),
(318, '', '', '', '', '0.0000', '0.0000', '0.0000', '', '', '', '', '', '', '', 0, 0, 0, 'https://2.pik.vn/2020da6f14ae-766f-4dc5-b647-d7c20b234cc9.jpg', '', 0, 43, 1, '0.0000', 1, '170000.0000', 1, 0, 0, '0000-00-00', '1.00000000', 1, '0.00000000', '0.00000000', '0.00000000', 0, 1, 1, 0, 1, 2, 0, 1, NULL, 0, 1, '2020-08-25 21:20:13', '2020-08-29 16:41:11'),
(319, '', '', '', '', '0.0000', '0.0000', '0.0000', '', '', '', '', '', '', '', 0, 0, 0, 'https://2.pik.vn/2020e9bbb009-75e7-409b-8685-f8ab451d568a.jpg', '', 0, 44, 1, '0.0000', 1, '350000.0000', 1, 0, 0, '0000-00-00', '1.00000000', 1, '0.00000000', '0.00000000', '0.00000000', 0, 1, 1, 0, 1, 2, 0, 1, NULL, 0, 1, '2020-08-25 21:20:13', '2020-08-29 16:28:28'),
(320, '', '', '', '', '0.0000', '0.0000', '0.0000', '', '', '', '', '', '', '', 0, 0, 0, 'https://2.pik.vn/2020cb058203-ef6f-4019-894c-248c1fa64184.jpg', '', 0, 44, 1, '0.0000', 1, '2200000.0000', 1, 0, 0, '0000-00-00', '1.00000000', 1, '0.00000000', '0.00000000', '0.00000000', 0, 1, 1, 0, 1, 2, 0, 1, NULL, 0, 1, '2020-08-25 21:20:13', '2020-08-29 16:40:52'),
(321, '', '', '', '', '0.0000', '0.0000', '0.0000', '', '', '', '', '', '', '', 0, 0, 0, 'https://2.pik.vn/20205cbebd96-060f-4501-a557-cac4c860e650.jpg', '', 0, 44, 1, '0.0000', 1, '120000.0000', 1, 0, 0, '0000-00-00', '1.00000000', 1, '0.00000000', '0.00000000', '0.00000000', 0, 1, 1, 0, 1, 2, 0, 1, NULL, 0, 1, '2020-08-25 21:20:13', '2020-08-29 16:37:15'),
(322, '', '', '', '', '0.0000', '0.0000', '0.0000', '', '', '', '', '', '', '', 0, 0, 0, 'https://2.pik.vn/2020290809e3-4f22-4761-b047-0db4528d971f.jpg', '', 0, 44, 1, '3200000.0000', 1, '3500000.0000', 1, 0, 0, '0000-00-00', '1.00000000', 1, '0.00000000', '0.00000000', '0.00000000', 0, 1, 1, 0, 1, 2, 0, 1, NULL, 0, 1, '2020-08-25 21:20:13', '2020-08-25 21:50:42'),
(323, '', '', '', '', '0.0000', '0.0000', '0.0000', '', '', '', '', '', '', '', 0, 0, 0, 'https://2.pik.vn/2020f332d862-d572-41eb-9c23-8e2f96ef5c20.jpg', '', 0, 44, 1, '0.0000', 1, '2000000.0000', 1, 0, 0, '0000-00-00', '1.00000000', 1, '0.00000000', '0.00000000', '0.00000000', 0, 1, 1, 0, 1, 2, 0, 1, NULL, 0, 1, '2020-08-25 21:20:13', '2020-08-29 16:34:43'),
(324, '', '', '', '', '0.0000', '0.0000', '0.0000', '', '', '', '', '', '', '', 0, 0, 0, 'https://2.pik.vn/2020801a7cdf-9650-4c39-b081-702bd5f9d052.jpg', '', 0, 44, 1, '0.0000', 1, '1750000.0000', 1, 0, 0, '0000-00-00', '1.00000000', 1, '0.00000000', '0.00000000', '0.00000000', 0, 1, 1, 0, 1, 2, 0, 1, NULL, 0, 1, '2020-08-25 21:20:13', '2020-08-25 21:50:42'),
(325, '', '', '', '', '0.0000', '0.0000', '0.0000', '', '', '', '', '', '', '', 0, 0, 0, 'https://2.pik.vn/20205aa26ea8-c2ed-4105-a5aa-d897455391f0.jpg', '', 0, 44, 1, '4500000.0000', 1, '5000000.0000', 1, 0, 0, '0000-00-00', '1.00000000', 1, '0.00000000', '0.00000000', '0.00000000', 0, 1, 1, 0, 1, 2, 0, 1, NULL, 0, 1, '2020-08-25 21:20:13', '2020-08-29 16:40:43'),
(326, '', '', '', '', '0.0000', '0.0000', '0.0000', '', '', '', '', '', '', '', 0, 0, 0, 'https://2.pik.vn/2020e5b09a1e-1b22-483b-a28f-2efefe1854ec.jpg', '', 0, 44, 1, '2300000.0000', 1, '2500000.0000', 1, 0, 0, '0000-00-00', '1.00000000', 1, '0.00000000', '0.00000000', '0.00000000', 0, 1, 1, 0, 1, 2, 0, 1, NULL, 0, 1, '2020-08-25 21:20:13', '2020-08-29 16:35:12'),
(327, '', '', '', '', '0.0000', '0.0000', '0.0000', '', '', '', '', '', '', '', 0, 0, 0, 'https://2.pik.vn/2020ad195aed-8cc0-435c-9f9d-da209de383bd.jpg', '', 0, 45, 1, '0.0000', 1, '150000.0000', 1, 0, 0, '0000-00-00', '10.00000000', 1, '0.00000000', '0.00000000', '0.00000000', 0, 1, 1, 0, 1, 2, 0, 1, NULL, 0, 1, '2020-08-25 21:20:13', '2020-08-29 16:42:43'),
(328, '', '', '', '', '0.0000', '0.0000', '0.0000', '', '', '', '', '', '', '', 0, 0, 0, 'https://2.pik.vn/202091de116c-72a0-4ab7-b06f-350f2efb41d3.jpg', '', 0, 45, 1, '145000.0000', 1, '170000.0000', 1, 0, 0, '0000-00-00', '10.00000000', 1, '0.00000000', '0.00000000', '0.00000000', 0, 1, 1, 0, 1, 2, 0, 1, NULL, 0, 1, '2020-08-25 21:20:13', '2020-08-29 16:35:02'),
(329, '', '', '', '', '0.0000', '0.0000', '0.0000', '', '', '', '', '', '', '', 0, 0, 0, 'https://2.pik.vn/2020323fe0e2-a3cd-42e6-929a-7eecf6f29b98.jpg', '', 0, 45, 1, '145000.0000', 1, '170000.0000', 1, 0, 0, '0000-00-00', '10.00000000', 1, '0.00000000', '0.00000000', '0.00000000', 0, 1, 1, 0, 1, 2, 0, 1, NULL, 0, 1, '2020-08-25 21:20:13', '2020-08-25 21:50:42'),
(330, '', '', '', '', '0.0000', '0.0000', '0.0000', '', '', '', '', '', '', '', 0, 0, 0, 'https://2.pik.vn/20202f3de460-46eb-4a90-bc58-b93a67b7b861.jpg', '', 0, 45, 1, '145000.0000', 1, '170000.0000', 1, 0, 0, '0000-00-00', '10.00000000', 1, '0.00000000', '0.00000000', '0.00000000', 0, 1, 1, 0, 1, 2, 0, 1, NULL, 0, 1, '2020-08-25 21:20:13', '2020-08-29 16:40:29'),
(331, '', '', '', '', '0.0000', '0.0000', '0.0000', '', '', '', '', '', '', '', 0, 0, 0, 'https://2.pik.vn/2020f8460796-80ab-46f6-a5e0-a9c39fab1b00.jpg', '', 0, 45, 1, '0.0000', 1, '25000.0000', 1, 0, 0, '0000-00-00', '10.00000000', 1, '0.00000000', '0.00000000', '0.00000000', 0, 1, 1, 0, 1, 2, 0, 1, NULL, 0, 1, '2020-08-25 21:20:13', '2020-08-29 16:28:09'),
(332, '', '', '', '', '0.0000', '0.0000', '0.0000', '', '', '', '', '', '', '', 0, 0, 0, 'https://2.pik.vn/2020dfa41f37-dc22-447d-a510-c72dac4982e1.jpg', '', 0, 45, 1, '0.0000', 1, '30000.0000', 1, 0, 0, '0000-00-00', '10.00000000', 1, '0.00000000', '0.00000000', '0.00000000', 0, 1, 1, 0, 1, 2, 0, 1, NULL, 0, 1, '2020-08-25 21:20:13', '2020-08-29 16:41:25'),
(333, '', '', '', '', '0.0000', '0.0000', '0.0000', '', '', '', '', '', '', '', 0, 0, 0, 'https://2.pik.vn/202080794ab2-c7b1-44ae-a50d-209c289bbf01.jpg', '', 0, 45, 1, '90000.0000', 1, '100000.0000', 1, 0, 0, '0000-00-00', '10.00000000', 1, '0.00000000', '0.00000000', '0.00000000', 0, 1, 1, 0, 1, 2, 0, 1, NULL, 0, 1, '2020-08-25 21:20:13', '2020-08-29 16:34:26'),
(334, '', '', '', '', '0.0000', '0.0000', '0.0000', '', '', '', '', '', '', '', 0, 0, 0, 'https://2.pik.vn/2020cdf7afa5-1ca2-4f5c-947b-294f26a81798.jpg', '', 0, 45, 1, '12000.0000', 1, '15000.0000', 1, 0, 0, '0000-00-00', '10.00000000', 1, '0.00000000', '0.00000000', '0.00000000', 0, 1, 1, 0, 1, 2, 0, 1, NULL, 0, 1, '2020-08-25 21:20:14', '2020-08-25 21:50:42'),
(335, '', '', '', '', '0.0000', '0.0000', '0.0000', '', '', '', '', '', '', '', 0, 0, 0, 'https://2.pik.vn/202095c77582-3423-407e-adc1-3b374bbbfd46.jpg', '', 0, 46, 1, '0.0000', 1, '2500000.0000', 1, 0, 0, '0000-00-00', '5.00000000', 1, '0.00000000', '0.00000000', '0.00000000', 0, 1, 1, 0, 1, 2, 0, 1, NULL, 0, 1, '2020-08-25 21:20:14', '2020-08-29 16:40:07'),
(336, '', '', '', '', '0.0000', '0.0000', '0.0000', '', '', '', '', '', '', '', 0, 0, 0, 'https://2.pik.vn/202023f8f7df-64e0-4249-aebf-3dea127945ca.jpg', '', 0, 46, 1, '2800000.0000', 1, '3000000.0000', 1, 0, 0, '0000-00-00', '5.00000000', 1, '0.00000000', '0.00000000', '0.00000000', 0, 1, 1, 0, 1, 2, 0, 1, NULL, 0, 1, '2020-08-25 21:20:14', '2020-08-25 21:50:42'),
(337, '', '', '', '', '0.0000', '0.0000', '0.0000', '', '', '', '', '', '', '', 0, 0, 0, 'https://2.pik.vn/2020c83c22e5-f8d0-4a21-bf08-8318d5220296.jpg', '', 0, 47, 1, '3200000.0000', 1, '3500000.0000', 1, 0, 0, '0000-00-00', '5.00000000', 1, '0.00000000', '0.00000000', '0.00000000', 0, 1, 1, 0, 1, 2, 0, 1, NULL, 0, 1, '2020-08-25 21:20:14', '2020-08-29 16:39:37'),
(338, '', '', '', '', '0.0000', '0.0000', '0.0000', '', '', '', '', '', '', '', 0, 0, 0, 'https://2.pik.vn/20201442dfb6-84cc-4a10-afa2-6ebca87de6f0.jpg', '', 0, 45, 1, '0.0000', 1, '1500000.0000', 1, 0, 0, '0000-00-00', '5.00000000', 1, '0.00000000', '0.00000000', '0.00000000', 0, 1, 1, 0, 1, 2, 0, 1, NULL, 0, 1, '2020-08-25 21:20:14', '2020-08-29 16:28:18'),
(339, '', '', '', '', '0.0000', '0.0000', '0.0000', '', '', '', '', '', '', '', 0, 0, 0, 'https://2.pik.vn/2020fc823be9-e0e0-4874-aff1-8a3e8ca09ae6.jpg', '', 0, 46, 1, '0.0000', 1, '5500000.0000', 1, 0, 0, '0000-00-00', '5.00000000', 1, '0.00000000', '0.00000000', '0.00000000', 0, 1, 1, 0, 1, 2, 0, 1, NULL, 0, 1, '2020-08-25 21:20:14', '2020-08-25 21:50:42'),
(340, '', '', '', '', '0.0000', '0.0000', '0.0000', '', '', '', '', '', '', '', 0, 0, 0, 'https://2.pik.vn/20203105ed62-81ae-489b-9f29-ed37fb54a869.jpg', '', 0, 48, 1, '3850000.0000', 1, '4000000.0000', 1, 0, 0, '0000-00-00', '5.00000000', 1, '0.00000000', '0.00000000', '0.00000000', 0, 1, 1, 0, 1, 2, 0, 1, NULL, 0, 1, '2020-08-25 21:20:14', '2020-08-29 16:37:23'),
(341, '', '', '', '', '0.0000', '0.0000', '0.0000', '', '', '', '', '', '', '', 0, 0, 0, 'https://2.pik.vn/202023b2d4cd-ed66-4c60-8c06-55c416fe4d44.jpg', '', 0, 46, 1, '0.0000', 1, '5000000.0000', 1, 0, 0, '0000-00-00', '5.00000000', 1, '0.00000000', '0.00000000', '0.00000000', 0, 1, 1, 0, 1, 2, 0, 1, NULL, 0, 1, '2020-08-25 21:20:14', '2020-08-25 21:50:42'),
(342, '', '', '', '', '0.0000', '0.0000', '0.0000', '', '', '', '', '', '', '', 0, 1, 0, 'https://cdn.bestme.asia/images/x2/bot-canh-thien-huong-goi-195g.jpg', '', 0, 49, 1, '0.0000', 1, '5000.0000', 1, 0, 0, '0000-00-00', '400.00000000', 1, '0.00000000', '0.00000000', '0.00000000', 0, 1, 1, 0, 1, 2, 0, 1, NULL, 0, 1, '2020-08-25 22:12:00', '2020-08-25 22:12:00'),
(343, '', '', '', '', '0.0000', '0.0000', '0.0000', '', '', '', '', '', '', '', 0, 1, 0, 'https://cdn.bestme.asia/images/x2/bot-canh-nam-huong-cholimex-goi-180g.jpg', '', 0, 50, 1, '0.0000', 1, '5000.0000', 1, 0, 0, '0000-00-00', '400.00000000', 1, '0.00000000', '0.00000000', '0.00000000', 0, 1, 1, 0, 1, 2, 0, 1, NULL, 0, 1, '2020-08-25 22:17:55', '2020-08-25 22:17:55'),
(344, '', '', '', '', '0.0000', '0.0000', '0.0000', '', '', '', '', '', '', '', 0, 1, 0, 'https://cdn.bestme.asia/images/x2/21183d8d0eb4590c15e37548f7a0b8c9.jpg', '', 0, 36, 1, '0.0000', 1, '40000.0000', 1, 0, 0, '0000-00-00', '1000.00000000', 1, '0.00000000', '0.00000000', '0.00000000', 0, 1, 1, 0, 1, 2, 0, 1, NULL, 0, 1, '2020-08-25 22:18:47', '2020-08-25 22:18:47'),
(345, '', '', '', '', '0.0000', '0.0000', '0.0000', '', '', '', '', '', '', '', 0, 1, 0, 'https://cdn.bestme.asia/images/x2/4da86c7447ea421b89f41e380ff15faa.jpg', '', 0, 51, 1, '0.0000', 1, '3000.0000', 1, 0, 0, '0000-00-00', '10.00000000', 1, '0.00000000', '0.00000000', '0.00000000', 0, 1, 1, 0, 1, 2, 0, 1, NULL, 0, 1, '2020-08-25 22:19:34', '2020-08-25 22:19:34'),
(346, '', '', '', '', '0.0000', '0.0000', '0.0000', '', '', '', '', '', '', '', 0, 1, 0, 'https://cdn.bestme.asia/images/x2/p032561l.jpg', '', 0, 52, 1, '0.0000', 1, '65000.0000', 1, 0, 0, '0000-00-00', '800.00000000', 1, '0.00000000', '0.00000000', '0.00000000', 0, 1, 1, 0, 1, 2, 0, 1, NULL, 0, 1, '2020-08-25 22:20:52', '2020-08-25 22:20:52'),
(347, '', '', '', '', '0.0000', '0.0000', '0.0000', '', '', '', '', '', '', '', 0, 1, 0, 'https://cdn.bestme.asia/images/x2/giay-ve-sinh-khong-loi-coop-happy-2-lop-loc-18-cuon.jpg', '', 0, 53, 1, '0.0000', 1, '45000.0000', 1, 0, 0, '0000-00-00', '800.00000000', 1, '0.00000000', '0.00000000', '0.00000000', 0, 1, 1, 0, 1, 2, 0, 1, NULL, 0, 1, '2020-08-25 22:21:45', '2020-08-25 22:21:45'),
(348, '', '', '', '', '0.0000', '0.0000', '0.0000', '', '', '', '', '', '', '', 0, 1, 0, 'https://cdn.bestme.asia/images/x2/giay-ve-sinh-an-an-loc-12-4.jpg', '', 0, 54, 1, '0.0000', 1, '50000.0000', 1, 0, 0, '0000-00-00', '800.00000000', 1, '0.00000000', '0.00000000', '0.00000000', 0, 1, 1, 0, 1, 2, 0, 1, NULL, 0, 1, '2020-08-25 22:22:31', '2020-08-25 22:22:31'),
(349, '', '', '', '', '0.0000', '0.0000', '0.0000', '', '', '', '', '', '', '', 0, 1, 0, 'https://cdn.bestme.asia/images/x2/b763b6f84892d32a15f64cc9410a2245.jpg', '', 0, 55, 1, '0.0000', 1, '60000.0000', 1, 0, 0, '0000-00-00', '800.00000000', 1, '0.00000000', '0.00000000', '0.00000000', 0, 1, 1, 0, 1, 2, 0, 1, NULL, 0, 1, '2020-08-25 22:23:31', '2020-08-29 16:21:21'),
(350, '', '', '', '', '0.0000', '0.0000', '0.0000', '', '', '', '', '', '', '', 0, 1, 0, 'https://cdn.bestme.asia/images/x2/nuoc-lau-san-sunlight-1kg-min.jpg', '', 0, 56, 1, '0.0000', 1, '40000.0000', 1, 0, 0, '0000-00-00', '1000.00000000', 1, '0.00000000', '0.00000000', '0.00000000', 0, 1, 1, 0, 1, 2, 0, 1, NULL, 0, 1, '2020-08-25 22:25:54', '2020-08-29 16:20:42'),
(351, '', '', '', '', '0.0000', '0.0000', '0.0000', '', '', '', '', '', '', '', 0, 1, 0, 'https://cdn.bestme.asia/images/x2/88069bb1b2c971e2ecfc2834790178ee.jpg', '', 0, 56, 1, '0.0000', 1, '40000.0000', 1, 0, 0, '0000-00-00', '1000.00000000', 1, '0.00000000', '0.00000000', '0.00000000', 0, 1, 1, 0, 1, 2, 0, 1, NULL, 0, 1, '2020-08-25 22:26:37', '2020-08-29 16:20:31'),
(352, '', '', '', '', '0.0000', '0.0000', '0.0000', '', '', '', '', '', '', '', 0, 1, 0, 'https://cdn.bestme.asia/images/x2/23d55285b2b583a07eb75a6a333d6032.jpg', '', 0, 57, 1, '0.0000', 1, '25000.0000', 1, 0, 0, '0000-00-00', '800.00000000', 1, '0.00000000', '0.00000000', '0.00000000', 0, 1, 1, 0, 1, 2, 0, 1, NULL, 0, 1, '2020-08-25 22:27:25', '2020-08-29 16:20:22'),
(353, '', '', '', '', '0.0000', '0.0000', '0.0000', '', '', '', '', '', '', '', 0, 1, 0, 'https://cdn.bestme.asia/images/x2/9e47f121e298685a54b7baa81509a32c.jpg', '', 0, 58, 1, '0.0000', 1, '35000.0000', 1, 0, 0, '0000-00-00', '800.00000000', 1, '0.00000000', '0.00000000', '0.00000000', 0, 1, 1, 0, 1, 2, 0, 1, NULL, 0, 1, '2020-08-25 22:28:16', '2020-08-29 16:20:12'),
(354, '', '', '', '', '0.0000', '0.0000', '0.0000', '', '', '', '', '', '', '', 0, 1, 0, 'https://cdn.bestme.asia/images/x2/ec20dacf8ef652cf8511e5940c20b7d6.jpg', '', 0, 45, 1, '0.0000', 1, '400000.0000', 1, 0, 0, '0000-00-00', '500.00000000', 1, '0.00000000', '0.00000000', '0.00000000', 0, 1, 1, 0, 1, 2, 0, 1, NULL, 0, 1, '2020-08-25 22:30:56', '2020-08-29 16:20:04'),
(355, '', '', '', '', '0.0000', '0.0000', '0.0000', '', '', '', '', '', '', '', 0, 1, 0, 'https://cdn.bestme.asia/images/x2/0476a449bd725018cc07df0e3b74119a.jpg', '', 0, 45, 1, '0.0000', 1, '350000.0000', 1, 0, 0, '0000-00-00', '500.00000000', 1, '0.00000000', '0.00000000', '0.00000000', 0, 1, 1, 0, 1, 2, 0, 1, NULL, 0, 1, '2020-08-25 22:31:50', '2020-08-29 16:19:53'),
(356, '', '', '', '', '0.0000', '0.0000', '0.0000', '', '', '', '', '', '', '', 0, 1, 0, 'https://cdn.bestme.asia/images/x2/450a1d3f0fd2911fa50f558fdbbea850.jpg', '', 0, 45, 1, '0.0000', 1, '400000.0000', 1, 0, 0, '0000-00-00', '550.00000000', 1, '0.00000000', '0.00000000', '0.00000000', 0, 1, 1, 0, 1, 2, 0, 1, NULL, 0, 1, '2020-08-25 22:32:50', '2020-08-29 16:19:44'),
(357, '', '', '', '', '0.0000', '0.0000', '0.0000', '', '', '', '', '', '', '', 0, 1, 0, 'https://cdn.bestme.asia/images/x2/c3c21b242a9c14bed0ae145d9cad77c8.jpg', '', 0, 45, 1, '0.0000', 1, '300000.0000', 1, 0, 0, '0000-00-00', '400.00000000', 1, '0.00000000', '0.00000000', '0.00000000', 0, 1, 1, 0, 1, 2, 0, 1, NULL, 0, 1, '2020-08-25 22:33:36', '2020-08-29 16:19:31'),
(358, '', '', '', '', '0.0000', '0.0000', '0.0000', '', '', '', '', '', '', '', 0, 1, 0, 'https://cdn.bestme.asia/images/x2/nuoc-mam-ca-com-momby-40-do-dam-60ml.jpg', '', 0, 59, 1, '0.0000', 1, '40000.0000', 1, 0, 0, '0000-00-00', '600.00000000', 1, '0.00000000', '0.00000000', '0.00000000', 0, 1, 1, 0, 1, 2, 0, 1, NULL, 0, 1, '2020-08-25 22:41:11', '2020-08-29 16:19:12'),
(359, '', '', '', '', '0.0000', '0.0000', '0.0000', '', '', '', '', '', '', '', 0, 1, 0, 'https://cdn.bestme.asia/images/x2/a7673b48297a76ec751491dc65616b4a.jpg', '', 0, 60, 1, '0.0000', 1, '20000.0000', 1, 0, 0, '0000-00-00', '800.00000000', 1, '0.00000000', '0.00000000', '0.00000000', 0, 1, 1, 0, 1, 2, 0, 1, NULL, 0, 1, '2020-08-25 22:41:54', '2020-08-29 16:10:01'),
(360, '', '', '', '', '0.0000', '0.0000', '0.0000', '', '', '', '', '', '', '', 0, 1, 0, 'https://cdn.bestme.asia/images/x2/86921e9c0c1013bf84156b6bf9f3bafd.jpg', '', 0, 61, 1, '0.0000', 1, '24000.0000', 1, 0, 0, '0000-00-00', '700.00000000', 1, '0.00000000', '0.00000000', '0.00000000', 0, 1, 1, 0, 1, 2, 0, 1, NULL, 0, 1, '2020-08-25 22:46:10', '2020-08-29 16:13:44'),
(361, '', '', '', '', '0.0000', '0.0000', '0.0000', '', '', '', '', '', '', '', 0, 1, 0, 'https://cdn.bestme.asia/images/x2/b9cb2dbab4526e0a397a6f29da2d5945.jpg', '', 0, 61, 1, '0.0000', 1, '19000.0000', 1, 0, 0, '0000-00-00', '800.00000000', 1, '0.00000000', '0.00000000', '0.00000000', 0, 1, 1, 0, 1, 2, 0, 1, NULL, 0, 1, '2020-08-25 22:46:58', '2020-08-29 16:13:34'),
(362, '', '', '', '', '0.0000', '0.0000', '0.0000', '', '', '', '', '', '', '', 0, 1, 0, 'https://cdn.bestme.asia/images/x2/bim-quan-pamper-m-032563.jpg', '', 0, 62, 1, '0.0000', 1, '0.0000', 1, 0, 0, '0000-00-00', '1.00000000', 1, '0.00000000', '0.00000000', '0.00000000', 0, 1, 1, 0, 1, 2, 0, 1, NULL, 0, 1, '2020-08-25 23:03:33', '2020-08-29 16:13:25'),
(363, '', '', '', '', '0.0000', '0.0000', '0.0000', '', '', '', '', '', '', '', 0, 1, 0, 'https://cdn.bestme.asia/images/x2/bim-ta-quan-huggies-m74.jpg', '', 0, 63, 1, '0.0000', 1, '0.0000', 1, 0, 0, '0000-00-00', '1.00000000', 1, '0.00000000', '0.00000000', '0.00000000', 0, 1, 1, 0, 1, 2, 0, 1, NULL, 0, 1, '2020-08-25 23:04:15', '2020-08-29 16:11:49'),
(364, '', '', '', '', '0.0000', '0.0000', '0.0000', '', '', '', '', '', '', '', 0, 1, 0, 'https://cdn.bestme.asia/images/x2/bim-quan-bobby-m60-10.jpg', '', 0, 64, 1, '0.0000', 1, '0.0000', 1, 0, 0, '0000-00-00', '1.00000000', 1, '0.00000000', '0.00000000', '0.00000000', 0, 1, 1, 0, 1, 2, 0, 1, NULL, 0, 1, '2020-08-25 23:05:02', '2020-08-29 16:13:15'),
(365, '', '', '', '', '0.0000', '0.0000', '0.0000', '', '', '', '', '', '', '', 0, 1, 0, 'https://cdn.bestme.asia/images/x2/bim-merries-ta-dan-s82-nhat-ban-5.jpg', '', 0, 65, 1, '0.0000', 1, '0.0000', 1, 0, 0, '0000-00-00', '1.00000000', 1, '0.00000000', '0.00000000', '0.00000000', 0, 1, 1, 0, 1, 2, 0, 1, NULL, 0, 1, '2020-08-25 23:06:03', '2020-08-29 16:11:40'),
(366, '', '', '', '', '0.0000', '0.0000', '0.0000', '', '', '', '', '', '', '', 0, 1, 0, 'https://cdn.bestme.asia/images/x2/2f596f4f6285b3b39c3f5add9e1bcbc4.jpg', '', 0, 66, 1, '740000.0000', 1, '800000.0000', 1, 0, 0, '0000-00-00', '1000.00000000', 1, '0.00000000', '0.00000000', '0.00000000', 0, 1, 1, 0, 1, 2, 0, 1, NULL, 0, 1, '2020-08-25 23:12:53', '2020-08-29 16:11:30'),
(367, '', '', '', '', '0.0000', '0.0000', '0.0000', '', '', '', '', '', '', '', 0, 1, 0, 'https://cdn.bestme.asia/images/x2/09deffe397bee06a2c4e02b10beb6831.jpg', '', 0, 67, 1, '0.0000', 1, '300000.0000', 1, 0, 0, '0000-00-00', '650.00000000', 1, '0.00000000', '0.00000000', '0.00000000', 0, 1, 1, 0, 1, 2, 0, 1, NULL, 0, 1, '2020-08-25 23:13:45', '2020-08-29 16:11:23'),
(368, '', '', '', '', '0.0000', '0.0000', '0.0000', '', '', '', '', '', '', '', 0, 1, 0, 'https://cdn.bestme.asia/images/x2/0674e4c9b697195d59c8c24e64d78dd4.jpg', '', 0, 66, 1, '0.0000', 1, '350000.0000', 1, 0, 0, '0000-00-00', '350.00000000', 1, '0.00000000', '0.00000000', '0.00000000', 0, 1, 1, 0, 1, 2, 0, 1, NULL, 0, 1, '2020-08-25 23:14:32', '2020-08-29 16:10:42'),
(369, '', '', '', '', '0.0000', '0.0000', '0.0000', '', '', '', '', '', '', '', 0, 1, 0, 'https://cdn.bestme.asia/images/x2/6237e1b8ad9ed07f8c6aa793c6229d32.jpg', '', 0, 68, 1, '0.0000', 1, '300000.0000', 1, 0, 0, '0000-00-00', '650.00000000', 1, '0.00000000', '0.00000000', '0.00000000', 0, 1, 1, 0, 1, 2, 0, 1, NULL, 0, 1, '2020-08-25 23:15:19', '2020-08-29 16:10:36'),
(370, '', '', '', '', '0.0000', '0.0000', '0.0000', '', '', '', '', '', '', '', 0, 1, 0, 'https://cdn.bestme.asia/images/x2/dau-goi-va-dau-xa-tresemme-thai-lan.jpg', '', 0, 69, 1, '450000.0000', 1, '500000.0000', 1, 0, 0, '0000-00-00', '1200.00000000', 1, '0.00000000', '0.00000000', '0.00000000', 0, 1, 1, 0, 1, 2, 0, 1, NULL, 0, 1, '2020-08-25 23:16:09', '2020-08-29 16:10:30'),
(371, '', '', '', '', '0.0000', '0.0000', '0.0000', '', '', '', '', '', '', '', 0, 1, 0, 'https://cdn.bestme.asia/images/x2/diem-danh-10-dau-goi-cho-toc-dau-va-mong-tot-nhat-ma-ban-nen-dung-22112018172212.jpg', '', 0, 70, 1, '720000.0000', 1, '800000.0000', 1, 0, 0, '0000-00-00', '1200.00000000', 1, '0.00000000', '0.00000000', '0.00000000', 0, 1, 1, 0, 1, 2, 0, 1, NULL, 0, 1, '2020-08-25 23:17:07', '2020-08-29 16:10:23'),
(372, '', '', '', '', '0.0000', '0.0000', '0.0000', '', '', '', '', '', '', '', 0, 1, 0, 'https://cdn.bestme.asia/images/x2/eed690faec59f606b160c3e8fba76e05.jpg', '', 0, 70, 1, '0.0000', 1, '250000.0000', 1, 0, 0, '0000-00-00', '600.00000000', 1, '0.00000000', '0.00000000', '0.00000000', 0, 1, 1, 0, 1, 2, 0, 1, NULL, 0, 1, '2020-08-25 23:17:51', '2020-08-29 16:10:13'),
(373, '', '', '', '', '0.0000', '0.0000', '0.0000', '', '', '', '', '', '', '', 0, 1, 0, 'https://cdn.bestme.asia/images/x2/f2dd17833cd2ddbe5ddb778af4f7913e.jpg', '', 0, 71, 1, '0.0000', 1, '350000.0000', 1, 0, 0, '0000-00-00', '650.00000000', 1, '0.00000000', '0.00000000', '0.00000000', 0, 1, 1, 0, 1, 2, 0, 1, NULL, 0, 1, '2020-08-25 23:18:53', '2020-08-29 16:10:07');

-- restore soft-deleted products if demo
UPDATE `oc_product` SET `deleted` = NULL
WHERE `demo` = 1
  AND `product_id` IN (
                       272,
                       273,
                       274,
                       275,
                       276,
                       277,
                       278,
                       279,
                       280,
                       281,
                       282,
                       283,
                       284,
                       285,
                       286,
                       287,
                       288,
                       289,
                       290,
                       291,
                       292,
                       293,
                       294,
                       295,
                       296,
                       297,
                       298,
                       299,
                       300,
                       301,
                       302,
                       303,
                       304,
                       305,
                       306,
                       307,
                       308,
                       309,
                       310,
                       311,
                       312,
                       313,
                       314,
                       315,
                       316,
                       317,
                       318,
                       319,
                       320,
                       321,
                       322,
                       323,
                       324,
                       325,
                       326,
                       327,
                       328,
                       329,
                       330,
                       331,
                       332,
                       333,
                       334,
                       335,
                       336,
                       337,
                       338,
                       339,
                       340,
                       341,
                       342,
                       343,
                       344,
                       345,
                       346,
                       347,
                       348,
                       349,
                       350,
                       351,
                       352,
                       353,
                       354,
                       355,
                       356,
                       357,
                       358,
                       359,
                       360,
                       361,
                       362,
                       363,
                       364,
                       365,
                       366,
                       367,
                       368,
                       369,
                       370,
                       371,
                       372,
                       373
  );

-- oc_product_collection PRIMARY KEY (`product_collection_id`)
INSERT IGNORE INTO `oc_product_collection` (`product_collection_id`, `product_id`, `collection_id`, `sort_order`) VALUES
(336, 277, 9, 0),
(381, 327, 10, 0),
(352, 333, 10, 0),
(372, 330, 10, 0),
(305, 358, 11, 0),
(170, 334, 10, 3),
(303, 361, 11, 0),
(343, 331, 10, 0),
(380, 332, 10, 0),
(290, 359, 11, 0),
(171, 329, 10, 4),
(304, 360, 11, 0),
(327, 275, 9, 0),
(355, 328, 10, 0),
(339, 272, 9, 0),
(320, 279, 9, 0),
(334, 278, 9, 0),
(338, 273, 9, 0),
(321, 274, 9, 0),
(326, 276, 9, 0),
(379, 318, 12, 0),
(364, 312, 12, 0),
(351, 313, 12, 0),
(187, 315, 12, 0),
(362, 316, 12, 0),
(377, 314, 12, 0),
(358, 308, 13, 0),
(369, 306, 13, 0),
(348, 307, 13, 0),
(193, 305, 13, 0),
(194, 310, 13, 0),
(346, 309, 13, 0),
(368, 311, 13, 0),
(347, 304, 13, 0),
(307, 356, 14, 0),
(308, 355, 14, 0),
(306, 357, 14, 0),
(309, 354, 14, 0),
(310, 353, 15, 0),
(311, 352, 15, 0),
(313, 350, 15, 0),
(312, 351, 15, 0),
(206, 348, 16, 0),
(207, 346, 16, 0),
(208, 347, 16, 0),
(314, 349, 16, 0),
(210, 344, 17, 0),
(211, 342, 17, 0),
(212, 343, 17, 0),
(213, 345, 17, 0),
(359, 303, 18, 0),
(215, 298, 18, 0),
(322, 297, 18, 0),
(217, 300, 18, 0),
(349, 299, 18, 0),
(371, 301, 18, 0),
(337, 296, 18, 0),
(360, 302, 18, 0),
(341, 289, 19, 0),
(331, 292, 19, 0),
(315, 291, 19, 0),
(318, 293, 19, 0),
(316, 295, 19, 0),
(317, 290, 19, 0),
(328, 288, 19, 0),
(340, 294, 19, 0),
(374, 325, 19, 0),
(373, 325, 20, 0),
(365, 321, 20, 0),
(345, 319, 20, 0),
(353, 323, 20, 0),
(375, 320, 20, 0),
(356, 326, 20, 0),
(282, 324, 20, 2),
(281, 322, 20, 1),
(335, 282, 21, 0),
(342, 284, 21, 0),
(323, 286, 21, 0),
(319, 285, 21, 0),
(324, 280, 21, 0),
(333, 283, 21, 0),
(332, 287, 21, 0),
(325, 281, 21, 0),
(344, 338, 22, 0),
(370, 335, 22, 0),
(249, 336, 22, 0),
(250, 339, 22, 0),
(251, 341, 22, 0),
(366, 340, 22, 0),
(367, 337, 22, 0),
(361, 316, 23, 0),
(255, 315, 23, 0),
(350, 313, 23, 0),
(363, 312, 23, 0),
(378, 318, 23, 0),
(354, 317, 23, 0),
(376, 314, 23, 0),
(294, 370, 24, 0),
(291, 373, 24, 0),
(295, 369, 24, 0),
(296, 368, 24, 0),
(297, 367, 24, 0),
(292, 372, 24, 0),
(298, 366, 24, 0),
(293, 371, 24, 0),
(301, 364, 26, 0),
(300, 363, 26, 0),
(302, 362, 26, 0),
(299, 365, 26, 0);

-- oc_product_description PRIMARY KEY (`product_id`,`language_id`)
INSERT IGNORE INTO `oc_product_description` (`product_id`, `language_id`, `name`, `description`, `sub_description`, `seo_title`, `seo_description`, `tag`, `meta_title`, `meta_description`, `meta_keyword`) VALUES
(272, 2, 'Kẹo Mút Chupa Chups Bó Hoa', '&lt;p&gt;Bó hoa 19c x 10g&lt;/p&gt;\r\n\r\n&lt;p&gt;- Mô tả sản phẩm&lt;/p&gt;\r\n\r\n&lt;p&gt;- Mã sản phẩm:&lt;/p&gt;\r\n\r\n&lt;p&gt;- Mẫu sản phẩm:&lt;/p&gt;\r\n\r\n&lt;p&gt;- Thương hiệu:&lt;/p&gt;\r\n\r\n&lt;p&gt;- Kích thước:&lt;/p&gt;', '', '', '', '', '', '', ''),
(273, 2, 'Kẹo Nổ Striking Popping Candy', '&lt;p&gt;Gói to có 20 gói nhỏ bên trong&lt;/p&gt;', '', '', '', '', '', '', ''),
(274, 2, 'Kẹo Play Candy', '&lt;p&gt;- Mô tả sản phẩm&lt;/p&gt;\r\n\r\n&lt;p&gt;- Mã sản phẩm:&lt;/p&gt;\r\n\r\n&lt;p&gt;- Mẫu sản phẩm:&lt;/p&gt;\r\n\r\n&lt;p&gt;- Thương hiệu:&lt;/p&gt;\r\n\r\n&lt;p&gt;- Kích thước:&lt;/p&gt;', '', '', '', '', '', '', ''),
(275, 2, 'Kẹo Dẻo Atiso', '&lt;p&gt;- Mô tả sản phẩm&lt;/p&gt;\r\n\r\n&lt;p&gt;- Mã sản phẩm:&lt;/p&gt;\r\n\r\n&lt;p&gt;- Mẫu sản phẩm:&lt;/p&gt;\r\n\r\n&lt;p&gt;- Thương hiệu:&lt;/p&gt;\r\n\r\n&lt;p&gt;- Kích thước:&lt;/p&gt;', '', '', '', '', '', '', ''),
(276, 2, 'Kẹo Xốp Bông Gòn Marshies', '&lt;p&gt;- Mô tả sản phẩm&lt;/p&gt;\r\n\r\n&lt;p&gt;- Mã sản phẩm:&lt;/p&gt;\r\n\r\n&lt;p&gt;- Mẫu sản phẩm:&lt;/p&gt;\r\n\r\n&lt;p&gt;- Thương hiệu:&lt;/p&gt;\r\n\r\n&lt;p&gt;- Kích thước:&lt;/p&gt;', '', '', '', '', '', '', ''),
(277, 2, 'Kẹo Hương Kem Dâu Alpenliebe', '&lt;p&gt;- Mô tả sản phẩm&lt;/p&gt;\r\n\r\n&lt;p&gt;- Mã sản phẩm:&lt;/p&gt;\r\n\r\n&lt;p&gt;- Mẫu sản phẩm:&lt;/p&gt;\r\n\r\n&lt;p&gt;- Thương hiệu:&lt;/p&gt;\r\n\r\n&lt;p&gt;- Kích thước:&lt;/p&gt;', '', '', '', '', '', '', ''),
(278, 2, 'Kẹo Milo Cube', '&lt;p&gt;- Mô tả sản phẩm&lt;/p&gt;\r\n\r\n&lt;p&gt;- Mã sản phẩm:&lt;/p&gt;\r\n\r\n&lt;p&gt;- Mẫu sản phẩm:&lt;/p&gt;\r\n\r\n&lt;p&gt;- Thương hiệu:&lt;/p&gt;\r\n\r\n&lt;p&gt;- Kích thước:&lt;/p&gt;', '', '', '', '', '', '', ''),
(279, 2, 'Kẹo Mút Chupa Chups Gói Mix', '&lt;p&gt;- Mô tả sản phẩm&lt;/p&gt;\r\n\r\n&lt;p&gt;- Mã sản phẩm:&lt;/p&gt;\r\n\r\n&lt;p&gt;- Mẫu sản phẩm:&lt;/p&gt;\r\n\r\n&lt;p&gt;- Thương hiệu:&lt;/p&gt;\r\n\r\n&lt;p&gt;- Kích thước:&lt;/p&gt;', '', '', '', '', '', '', ''),
(280, 2, 'Fanta Hương Cam Lon Lớn', '&lt;p&gt;- Mô tả sản phẩm&lt;/p&gt;\r\n\r\n&lt;p&gt;- Mã sản phẩm:&lt;/p&gt;\r\n\r\n&lt;p&gt;- Mẫu sản phẩm:&lt;/p&gt;\r\n\r\n&lt;p&gt;- Thương hiệu:&lt;/p&gt;\r\n\r\n&lt;p&gt;- Kích thước:&lt;/p&gt;', '', '', '', '', '', '', ''),
(281, 2, 'Sprite Hương Chanh Tự Nhiên', '&lt;p&gt;- Mô tả sản phẩm&lt;/p&gt;\r\n\r\n&lt;p&gt;- Mã sản phẩm:&lt;/p&gt;\r\n\r\n&lt;p&gt;- Mẫu sản phẩm:&lt;/p&gt;\r\n\r\n&lt;p&gt;- Thương hiệu:&lt;/p&gt;\r\n\r\n&lt;p&gt;- Kích thước:&lt;/p&gt;', '', '', '', '', '', '', ''),
(282, 2, 'CoCa CoLa', '&lt;p&gt;- Mô tả sản phẩm&lt;/p&gt;\r\n\r\n&lt;p&gt;- Mã sản phẩm:&lt;/p&gt;\r\n\r\n&lt;p&gt;- Mẫu sản phẩm:&lt;/p&gt;\r\n\r\n&lt;p&gt;- Thương hiệu:&lt;/p&gt;\r\n\r\n&lt;p&gt;- Kích thước:&lt;/p&gt;', '', '', '', '', '', '', ''),
(283, 2, 'Fanta Hương Cam Lon Nhỏ', '&lt;p&gt;- Mô tả sản phẩm&lt;/p&gt;\r\n\r\n&lt;p&gt;- Mã sản phẩm:&lt;/p&gt;\r\n\r\n&lt;p&gt;- Mẫu sản phẩm:&lt;/p&gt;\r\n\r\n&lt;p&gt;- Thương hiệu:&lt;/p&gt;\r\n\r\n&lt;p&gt;- Kích thước:&lt;/p&gt;', '', '', '', '', '', '', ''),
(284, 2, 'CoCa CoLa Chai Lớn', '&lt;p&gt;- Mô tả sản phẩm&lt;/p&gt;\r\n\r\n&lt;p&gt;- Mã sản phẩm:&lt;/p&gt;\r\n\r\n&lt;p&gt;- Mẫu sản phẩm:&lt;/p&gt;\r\n\r\n&lt;p&gt;- Thương hiệu:&lt;/p&gt;\r\n\r\n&lt;p&gt;- Kích thước:&lt;/p&gt;', '', '', '', '', '', '', ''),
(285, 2, 'CoCa CoLa Original', '&lt;p&gt;- Mô tả sản phẩm&lt;/p&gt;\r\n\r\n&lt;p&gt;- Mã sản phẩm:&lt;/p&gt;\r\n\r\n&lt;p&gt;- Mẫu sản phẩm:&lt;/p&gt;\r\n\r\n&lt;p&gt;- Thương hiệu:&lt;/p&gt;\r\n\r\n&lt;p&gt;- Kích thước:&lt;/p&gt;', '', '', '', '', '', '', ''),
(286, 2, 'CoCa CoLa Cherry', '&lt;p&gt;- Mô tả sản phẩm&lt;/p&gt;\r\n\r\n&lt;p&gt;- Mã sản phẩm:&lt;/p&gt;\r\n\r\n&lt;p&gt;- Mẫu sản phẩm:&lt;/p&gt;\r\n\r\n&lt;p&gt;- Thương hiệu:&lt;/p&gt;\r\n\r\n&lt;p&gt;- Kích thước:&lt;/p&gt;', '', '', '', '', '', '', ''),
(287, 2, 'Fanta Hương Việt Quất', '&lt;p&gt;- Mô tả sản phẩm&lt;/p&gt;\r\n\r\n&lt;p&gt;- Mã sản phẩm:&lt;/p&gt;\r\n\r\n&lt;p&gt;- Mẫu sản phẩm:&lt;/p&gt;\r\n\r\n&lt;p&gt;- Thương hiệu:&lt;/p&gt;\r\n\r\n&lt;p&gt;- Kích thước:&lt;/p&gt;', '', '', '', '', '', '', ''),
(288, 2, 'Khay Tủ Đựng Đồ Đa Năng', '&lt;p&gt;- Mô tả sản phẩm&lt;/p&gt;\r\n\r\n&lt;p&gt;- Mã sản phẩm:&lt;/p&gt;\r\n\r\n&lt;p&gt;- Mẫu sản phẩm:&lt;/p&gt;\r\n\r\n&lt;p&gt;- Thương hiệu:&lt;/p&gt;\r\n\r\n&lt;p&gt;- Kích thước:&lt;/p&gt;', '', '', '', '', '', '', ''),
(289, 2, 'Dụng Cụ Cắt Hoa Quả', '&lt;p&gt;- Mô tả sản phẩm&lt;/p&gt;\r\n\r\n&lt;p&gt;- Mã sản phẩm:&lt;/p&gt;\r\n\r\n&lt;p&gt;- Mẫu sản phẩm:&lt;/p&gt;\r\n\r\n&lt;p&gt;- Thương hiệu:&lt;/p&gt;\r\n\r\n&lt;p&gt;- Kích thước:&lt;/p&gt;', '', '', '', '', '', '', ''),
(290, 2, 'Kệ Đựng Gia Vị', '&lt;p&gt;- Mô tả sản phẩm&lt;/p&gt;\r\n\r\n&lt;p&gt;- Mã sản phẩm:&lt;/p&gt;\r\n\r\n&lt;p&gt;- Mẫu sản phẩm:&lt;/p&gt;\r\n\r\n&lt;p&gt;- Thương hiệu:&lt;/p&gt;\r\n\r\n&lt;p&gt;- Kích thước:&lt;/p&gt;', '', '', '', '', '', '', ''),
(291, 2, 'Hộp Đựng Bàn Chải Thông Minh', '&lt;p&gt;- Mô tả sản phẩm&lt;/p&gt;\r\n\r\n&lt;p&gt;- Mã sản phẩm:&lt;/p&gt;\r\n\r\n&lt;p&gt;- Mẫu sản phẩm:&lt;/p&gt;\r\n\r\n&lt;p&gt;- Thương hiệu:&lt;/p&gt;\r\n\r\n&lt;p&gt;- Kích thước:&lt;/p&gt;', '', '', '', '', '', '', ''),
(292, 2, 'Giá Đỡ Điện Thoại', '&lt;p&gt;- Mô tả sản phẩm&lt;/p&gt;\r\n\r\n&lt;p&gt;- Mã sản phẩm:&lt;/p&gt;\r\n\r\n&lt;p&gt;- Mẫu sản phẩm:&lt;/p&gt;\r\n\r\n&lt;p&gt;- Thương hiệu:&lt;/p&gt;\r\n\r\n&lt;p&gt;- Kích thước:&lt;/p&gt;', '', '', '', '', '', '', ''),
(293, 2, 'Hộp Đựng Gia Vị Nhà Bếp', '&lt;p&gt;- Mô tả sản phẩm&lt;/p&gt;\r\n\r\n&lt;p&gt;- Mã sản phẩm:&lt;/p&gt;\r\n\r\n&lt;p&gt;- Mẫu sản phẩm:&lt;/p&gt;\r\n\r\n&lt;p&gt;- Thương hiệu:&lt;/p&gt;\r\n\r\n&lt;p&gt;- Kích thước:&lt;/p&gt;', '', '', '', '', '', '', ''),
(294, 2, 'Khay Đựng Thực Phẩm Tủ Lạnh', '&lt;p&gt;- Mô tả sản phẩm&lt;/p&gt;\r\n\r\n&lt;p&gt;- Mã sản phẩm:&lt;/p&gt;\r\n\r\n&lt;p&gt;- Mẫu sản phẩm:&lt;/p&gt;\r\n\r\n&lt;p&gt;- Thương hiệu:&lt;/p&gt;\r\n\r\n&lt;p&gt;- Kích thước:&lt;/p&gt;', '', '', '', '', '', '', ''),
(295, 2, 'Kệ Treo Góc Nhà Tắm', '&lt;p&gt;- Mô tả sản phẩm&lt;/p&gt;\r\n\r\n&lt;p&gt;- Mã sản phẩm:&lt;/p&gt;\r\n\r\n&lt;p&gt;- Mẫu sản phẩm:&lt;/p&gt;\r\n\r\n&lt;p&gt;- Thương hiệu:&lt;/p&gt;\r\n\r\n&lt;p&gt;- Kích thước:&lt;/p&gt;', '', '', '', '', '', '', ''),
(296, 2, 'Gia Vị Thịt Kho Tàu Knorr', '&lt;p&gt;- Mô tả sản phẩm&lt;/p&gt;\r\n\r\n&lt;p&gt;- Mã sản phẩm:&lt;/p&gt;\r\n\r\n&lt;p&gt;- Mẫu sản phẩm:&lt;/p&gt;\r\n\r\n&lt;p&gt;- Thương hiệu:&lt;/p&gt;\r\n\r\n&lt;p&gt;- Kích thước:&lt;/p&gt;', '', '', '', '', '', '', ''),
(297, 2, 'Gia Vị Lẩu Thái Aji-Quick', '&lt;p&gt;- Mô tả sản phẩm&lt;/p&gt;\r\n\r\n&lt;p&gt;- Mã sản phẩm:&lt;/p&gt;\r\n\r\n&lt;p&gt;- Mẫu sản phẩm:&lt;/p&gt;\r\n\r\n&lt;p&gt;- Thương hiệu:&lt;/p&gt;\r\n\r\n&lt;p&gt;- Kích thước:&lt;/p&gt;', '', '', '', '', '', '', ''),
(298, 2, 'Gia Vị Cá Kho Aji-Quick', '', '', '', '', '', '', '', ''),
(299, 2, 'Gia Vị Thịt Kho Tàu Aji-Quick', '&lt;p&gt;- Mô tả sản phẩm&lt;/p&gt;\r\n\r\n&lt;p&gt;- Mã sản phẩm:&lt;/p&gt;\r\n\r\n&lt;p&gt;- Mẫu sản phẩm:&lt;/p&gt;\r\n\r\n&lt;p&gt;- Thương hiệu:&lt;/p&gt;\r\n\r\n&lt;p&gt;- Kích thước:&lt;/p&gt;', '', '', '', '', '', '', ''),
(300, 2, 'Gia Vị Thịt Kho Aji-Quick', '', '', '', '', '', '', '', ''),
(301, 2, 'Gia Vị Canh Chua Knorr', '&lt;p&gt;- Mô tả sản phẩm&lt;/p&gt;\r\n\r\n&lt;p&gt;- Mã sản phẩm:&lt;/p&gt;\r\n\r\n&lt;p&gt;- Mẫu sản phẩm:&lt;/p&gt;\r\n\r\n&lt;p&gt;- Thương hiệu:&lt;/p&gt;\r\n\r\n&lt;p&gt;- Kích thước:&lt;/p&gt;', '', '', '', '', '', '', ''),
(302, 2, 'Gia Vị Hoàn Chỉnh Canh Chua Ngọt', '&lt;p&gt;- Mô tả sản phẩm&lt;/p&gt;\r\n\r\n&lt;p&gt;- Mã sản phẩm:&lt;/p&gt;\r\n\r\n&lt;p&gt;- Mẫu sản phẩm:&lt;/p&gt;\r\n\r\n&lt;p&gt;- Thương hiệu:&lt;/p&gt;\r\n\r\n&lt;p&gt;- Kích thước:&lt;/p&gt;', '', '', '', '', '', '', ''),
(303, 2, 'Gia Vị Bún Bò Huế Aji-Quick', '&lt;p&gt;- Mô tả sản phẩm&lt;/p&gt;\r\n\r\n&lt;p&gt;- Mã sản phẩm:&lt;/p&gt;\r\n\r\n&lt;p&gt;- Mẫu sản phẩm:&lt;/p&gt;\r\n\r\n&lt;p&gt;- Thương hiệu:&lt;/p&gt;\r\n\r\n&lt;p&gt;- Kích thước:&lt;/p&gt;', '', '', '', '', '', '', ''),
(304, 2, 'Mì Tôm Chua Cay 3 Miền', '&lt;p&gt;- Mô tả sản phẩm&lt;/p&gt;\r\n\r\n&lt;p&gt;- Mã sản phẩm:&lt;/p&gt;\r\n\r\n&lt;p&gt;- Mẫu sản phẩm:&lt;/p&gt;\r\n\r\n&lt;p&gt;- Thương hiệu:&lt;/p&gt;\r\n\r\n&lt;p&gt;- Kích thước:&lt;/p&gt;', '', '', '', '', '', '', ''),
(305, 2, 'Mì Cup Noodles', '', '', '', '', '', '', '', ''),
(306, 2, 'Mì Cay', '&lt;p&gt;- Mô tả sản phẩm&lt;/p&gt;\r\n\r\n&lt;p&gt;- Mã sản phẩm:&lt;/p&gt;\r\n\r\n&lt;p&gt;- Mẫu sản phẩm:&lt;/p&gt;\r\n\r\n&lt;p&gt;- Thương hiệu:&lt;/p&gt;\r\n\r\n&lt;p&gt;- Kích thước:&lt;/p&gt;', '', '', '', '', '', '', ''),
(307, 2, 'Mì Chay Lá Đa 3 Miền', '&lt;p&gt;- Mô tả sản phẩm&lt;/p&gt;\r\n\r\n&lt;p&gt;- Mã sản phẩm:&lt;/p&gt;\r\n\r\n&lt;p&gt;- Mẫu sản phẩm:&lt;/p&gt;\r\n\r\n&lt;p&gt;- Thương hiệu:&lt;/p&gt;\r\n\r\n&lt;p&gt;- Kích thước:&lt;/p&gt;', '', '', '', '', '', '', ''),
(309, 2, 'Mì Hảo Hảo Sườn heo Tỏi Phi', '&lt;p&gt;- Mô tả sản phẩm&lt;/p&gt;\r\n\r\n&lt;p&gt;- Mã sản phẩm:&lt;/p&gt;\r\n\r\n&lt;p&gt;- Mẫu sản phẩm:&lt;/p&gt;\r\n\r\n&lt;p&gt;- Thương hiệu:&lt;/p&gt;\r\n\r\n&lt;p&gt;- Kích thước:&lt;/p&gt;', '', '', '', '', '', '', ''),
(310, 2, 'Mì Hảo Hảo Sa Tế Hành Tím', '', '', '', '', '', '', '', ''),
(311, 2, 'Mì Hảo Hảo Vị Sate Hành Tím', '&lt;p&gt;- Mô tả sản phẩm&lt;/p&gt;\r\n\r\n&lt;p&gt;- Mã sản phẩm:&lt;/p&gt;\r\n\r\n&lt;p&gt;- Mẫu sản phẩm:&lt;/p&gt;\r\n\r\n&lt;p&gt;- Thương hiệu:&lt;/p&gt;\r\n\r\n&lt;p&gt;- Kích thước:&lt;/p&gt;', '', '', '', '', '', '', ''),
(312, 2, 'Son 3CE Matte Lip Color 909', '&lt;p&gt;- Mô tả sản phẩm&lt;/p&gt;\r\n\r\n&lt;p&gt;- Mã sản phẩm:&lt;/p&gt;\r\n\r\n&lt;p&gt;- Mẫu sản phẩm:&lt;/p&gt;\r\n\r\n&lt;p&gt;- Thương hiệu:&lt;/p&gt;\r\n\r\n&lt;p&gt;- Kích thước:&lt;/p&gt;', '', '', '', '', '', '', ''),
(313, 2, 'Son 3CE Matte Lip Color 908', '&lt;p&gt;- Mô tả sản phẩm&lt;/p&gt;\r\n\r\n&lt;p&gt;- Mã sản phẩm:&lt;/p&gt;\r\n\r\n&lt;p&gt;- Mẫu sản phẩm:&lt;/p&gt;\r\n\r\n&lt;p&gt;- Thương hiệu:&lt;/p&gt;\r\n\r\n&lt;p&gt;- Kích thước:&lt;/p&gt;', '', '', '', '', '', '', ''),
(314, 2, 'Bộ Makeup 3CE', '&lt;p&gt;- Mô tả sản phẩm&lt;/p&gt;\r\n\r\n&lt;p&gt;- Mã sản phẩm:&lt;/p&gt;\r\n\r\n&lt;p&gt;- Mẫu sản phẩm:&lt;/p&gt;\r\n\r\n&lt;p&gt;- Thương hiệu:&lt;/p&gt;\r\n\r\n&lt;p&gt;- Kích thước:&lt;/p&gt;', '', '', '', '', '', '', ''),
(315, 2, 'Son 3CE Matte Lip Color 907', '', '', '', '', '', '', '', ''),
(316, 2, 'Kem Dưỡng ASTALIFT', '&lt;p&gt;- Mô tả sản phẩm&lt;/p&gt;\r\n\r\n&lt;p&gt;- Mã sản phẩm:&lt;/p&gt;\r\n\r\n&lt;p&gt;- Mẫu sản phẩm:&lt;/p&gt;\r\n\r\n&lt;p&gt;- Thương hiệu:&lt;/p&gt;\r\n\r\n&lt;p&gt;- Kích thước:&lt;/p&gt;', '', '', '', '', '', '', ''),
(317, 2, 'Nước Hoa Hồng Hatomugi', '&lt;p&gt;- Mô tả sản phẩm&lt;/p&gt;\r\n\r\n&lt;p&gt;- Mã sản phẩm:&lt;/p&gt;\r\n\r\n&lt;p&gt;- Mẫu sản phẩm:&lt;/p&gt;\r\n\r\n&lt;p&gt;- Thương hiệu:&lt;/p&gt;\r\n\r\n&lt;p&gt;- Kích thước:&lt;/p&gt;', '', '', '', '', '', '', ''),
(318, 2, 'Sữa Rửa Mặt Hada-Labo', '&lt;p&gt;- Mô tả sản phẩm&lt;/p&gt;\r\n\r\n&lt;p&gt;- Mã sản phẩm:&lt;/p&gt;\r\n\r\n&lt;p&gt;- Mẫu sản phẩm:&lt;/p&gt;\r\n\r\n&lt;p&gt;- Thương hiệu:&lt;/p&gt;\r\n\r\n&lt;p&gt;- Kích thước:&lt;/p&gt;', '', '', '', '', '', '', ''),
(319, 2, 'Chảo Inox', '&lt;p&gt;- Mô tả sản phẩm&lt;/p&gt;\r\n\r\n&lt;p&gt;- Mã sản phẩm:&lt;/p&gt;\r\n\r\n&lt;p&gt;- Mẫu sản phẩm:&lt;/p&gt;\r\n\r\n&lt;p&gt;- Thương hiệu:&lt;/p&gt;\r\n\r\n&lt;p&gt;- Kích thước:&lt;/p&gt;', '', '', '', '', '', '', ''),
(320, 2, 'Bộ 4 Nồi SUNHOUSE', '&lt;p&gt;- Mô tả sản phẩm&lt;/p&gt;\r\n\r\n&lt;p&gt;- Mã sản phẩm:&lt;/p&gt;\r\n\r\n&lt;p&gt;- Mẫu sản phẩm:&lt;/p&gt;\r\n\r\n&lt;p&gt;- Thương hiệu:&lt;/p&gt;\r\n\r\n&lt;p&gt;- Kích thước:&lt;/p&gt;', '', '', '', '', '', '', ''),
(321, 2, 'Hũ Đựng Gia Vị', '&lt;p&gt;- Mô tả sản phẩm&lt;/p&gt;\r\n\r\n&lt;p&gt;- Mã sản phẩm:&lt;/p&gt;\r\n\r\n&lt;p&gt;- Mẫu sản phẩm:&lt;/p&gt;\r\n\r\n&lt;p&gt;- Thương hiệu:&lt;/p&gt;\r\n\r\n&lt;p&gt;- Kích thước:&lt;/p&gt;', '', '', '', '', '', '', ''),
(322, 2, 'Combo Nấu ăn', '', '', '', '', '', '', '', ''),
(323, 2, 'Bộ 4 Nồi Xanh', '&lt;p&gt;- Mô tả sản phẩm&lt;/p&gt;\r\n\r\n&lt;p&gt;- Mã sản phẩm:&lt;/p&gt;\r\n\r\n&lt;p&gt;- Mẫu sản phẩm:&lt;/p&gt;\r\n\r\n&lt;p&gt;- Thương hiệu:&lt;/p&gt;\r\n\r\n&lt;p&gt;- Kích thước:&lt;/p&gt;', '', '', '', '', '', '', ''),
(324, 2, 'Bộ 3 Nồi ANOD', '', '', '', '', '', '', '', ''),
(325, 2, 'Máy Hút Mùi', '&lt;p&gt;- Mô tả sản phẩm&lt;/p&gt;\r\n\r\n&lt;p&gt;- Mã sản phẩm:&lt;/p&gt;\r\n\r\n&lt;p&gt;- Mẫu sản phẩm:&lt;/p&gt;\r\n\r\n&lt;p&gt;- Thương hiệu:&lt;/p&gt;\r\n\r\n&lt;p&gt;- Kích thước:&lt;/p&gt;', '', '', '', '', '', '', ''),
(326, 2, 'Bộ 4 Nồi ANOD', '&lt;p&gt;- Mô tả sản phẩm&lt;/p&gt;\r\n\r\n&lt;p&gt;- Mã sản phẩm:&lt;/p&gt;\r\n\r\n&lt;p&gt;- Mẫu sản phẩm:&lt;/p&gt;\r\n\r\n&lt;p&gt;- Thương hiệu:&lt;/p&gt;\r\n\r\n&lt;p&gt;- Kích thước:&lt;/p&gt;', '', '', '', '', '', '', ''),
(327, 2, 'Set Nơ Đẹp 001', '&lt;p&gt;- Mô tả sản phẩm&lt;/p&gt;\r\n\r\n&lt;p&gt;- Mã sản phẩm:&lt;/p&gt;\r\n\r\n&lt;p&gt;- Mẫu sản phẩm:&lt;/p&gt;\r\n\r\n&lt;p&gt;- Thương hiệu:&lt;/p&gt;\r\n\r\n&lt;p&gt;- Kích thước:&lt;/p&gt;', '', '', '', '', '', '', ''),
(328, 2, 'Set Nơ Đỏ Kèm Hộp', '&lt;p&gt;- Mô tả sản phẩm&lt;/p&gt;\r\n\r\n&lt;p&gt;- Mã sản phẩm:&lt;/p&gt;\r\n\r\n&lt;p&gt;- Mẫu sản phẩm:&lt;/p&gt;\r\n\r\n&lt;p&gt;- Thương hiệu:&lt;/p&gt;\r\n\r\n&lt;p&gt;- Kích thước:&lt;/p&gt;', '', '', '', '', '', '', ''),
(329, 2, 'Set Nơ Kèm Hộp', '', '', '', '', '', '', '', ''),
(330, 2, 'Set Nơ Hồng Kèm Hộp', '&lt;p&gt;- Mô tả sản phẩm&lt;/p&gt;\r\n\r\n&lt;p&gt;- Mã sản phẩm:&lt;/p&gt;\r\n\r\n&lt;p&gt;- Mẫu sản phẩm:&lt;/p&gt;\r\n\r\n&lt;p&gt;- Thương hiệu:&lt;/p&gt;\r\n\r\n&lt;p&gt;- Kích thước:&lt;/p&gt;', '', '', '', '', '', '', ''),
(331, 2, 'Bờm Tóc Đáng Yêu', '&lt;p&gt;- Mô tả sản phẩm&lt;/p&gt;\r\n\r\n&lt;p&gt;- Mã sản phẩm:&lt;/p&gt;\r\n\r\n&lt;p&gt;- Mẫu sản phẩm:&lt;/p&gt;\r\n\r\n&lt;p&gt;- Thương hiệu:&lt;/p&gt;\r\n\r\n&lt;p&gt;- Kích thước:&lt;/p&gt;', '', '', '', '', '', '', ''),
(332, 2, 'Bờm Tóc Unicorn', '&lt;p&gt;- Mô tả sản phẩm&lt;/p&gt;\r\n\r\n&lt;p&gt;- Mã sản phẩm:&lt;/p&gt;\r\n\r\n&lt;p&gt;- Mẫu sản phẩm:&lt;/p&gt;\r\n\r\n&lt;p&gt;- Thương hiệu:&lt;/p&gt;\r\n\r\n&lt;p&gt;- Kích thước:&lt;/p&gt;', '', '', '', '', '', '', ''),
(333, 2, 'Set Kẹp Tóc Xinh Cho Bé', '&lt;p&gt;- Mô tả sản phẩm&lt;/p&gt;\r\n\r\n&lt;p&gt;- Mã sản phẩm:&lt;/p&gt;\r\n\r\n&lt;p&gt;- Mẫu sản phẩm:&lt;/p&gt;\r\n\r\n&lt;p&gt;- Thương hiệu:&lt;/p&gt;\r\n\r\n&lt;p&gt;- Kích thước:&lt;/p&gt;', '', '', '', '', '', '', ''),
(334, 2, 'Kẹp Cotton Clip', '', '', '', '', '', '', '', ''),
(335, 2, 'Rượu Vang Contrada Del Falco', '&lt;p&gt;- Mô tả sản phẩm&lt;/p&gt;\r\n\r\n&lt;p&gt;- Mã sản phẩm:&lt;/p&gt;\r\n\r\n&lt;p&gt;- Mẫu sản phẩm:&lt;/p&gt;\r\n\r\n&lt;p&gt;- Thương hiệu:&lt;/p&gt;\r\n\r\n&lt;p&gt;- Kích thước:&lt;/p&gt;', '', '', '', '', '', '', ''),
(336, 2, 'Rượu Vang Hennessy', '', '', '', '', '', '', '', ''),
(337, 2, 'Rượu Vang Wine Star', '&lt;p&gt;- Mô tả sản phẩm&lt;/p&gt;\r\n\r\n&lt;p&gt;- Mã sản phẩm:&lt;/p&gt;\r\n\r\n&lt;p&gt;- Mẫu sản phẩm:&lt;/p&gt;\r\n\r\n&lt;p&gt;- Thương hiệu:&lt;/p&gt;\r\n\r\n&lt;p&gt;- Kích thước:&lt;/p&gt;', '', '', '', '', '', '', ''),
(338, 2, 'Rượu Nho Phú Quý', '&lt;p&gt;- Mô tả sản phẩm&lt;/p&gt;\r\n\r\n&lt;p&gt;- Mã sản phẩm:&lt;/p&gt;\r\n\r\n&lt;p&gt;- Mẫu sản phẩm:&lt;/p&gt;\r\n\r\n&lt;p&gt;- Thương hiệu:&lt;/p&gt;\r\n\r\n&lt;p&gt;- Kích thước:&lt;/p&gt;', '', '', '', '', '', '', ''),
(339, 2, 'Rượu Vang Hennessy X.O', '', '', '', '', '', '', '', ''),
(340, 2, 'Rượu Vang Valdivieso', '&lt;p&gt;- Mô tả sản phẩm&lt;/p&gt;\r\n\r\n&lt;p&gt;- Mã sản phẩm:&lt;/p&gt;\r\n\r\n&lt;p&gt;- Mẫu sản phẩm:&lt;/p&gt;\r\n\r\n&lt;p&gt;- Thương hiệu:&lt;/p&gt;\r\n\r\n&lt;p&gt;- Kích thước:&lt;/p&gt;', '', '', '', '', '', '', ''),
(341, 2, 'Rượu Vang La Grave Firea', '', '', '', '', '', '', '', ''),
(342, 2, 'Bột Canh Thiên Hương', '', '', '', '', '', '', '', ''),
(343, 2, 'Bột Canh Nấm Hương', '', '', '', '', '', '', '', ''),
(344, 2, 'Bột Ngọt Ajinomoto', '', '', '', '', '', '', '', ''),
(345, 2, 'Bột Canh Tôm VIFON', '', '', '', '', '', '', '', ''),
(346, 2, 'Giấy Vệ Sinh E\'mos', '', '', '', '', '', '', '', ''),
(347, 2, 'Giấy Vệ Sinh Coop Happy', '', '', '', '', '', '', '', ''),
(348, 2, 'Giấy Vệ Sinh An AN', '', '', '', '', '', '', '', ''),
(349, 2, 'Giấy Vệ Sinh Vietnam Airlines', '&lt;p&gt;- Mô tả sản phẩm&lt;/p&gt;\r\n\r\n&lt;p&gt;- Mã sản phẩm:&lt;/p&gt;\r\n\r\n&lt;p&gt;- Mẫu sản phẩm:&lt;/p&gt;\r\n\r\n&lt;p&gt;- Thương hiệu:&lt;/p&gt;\r\n\r\n&lt;p&gt;- Kích thước:&lt;/p&gt;', '', '', '', '', '', '', ''),
(350, 2, 'Nước Lau Sàn Sunlight Hương Hoa Hè', '&lt;p&gt;- Mô tả sản phẩm&lt;/p&gt;\r\n\r\n&lt;p&gt;- Mã sản phẩm:&lt;/p&gt;\r\n\r\n&lt;p&gt;- Mẫu sản phẩm:&lt;/p&gt;\r\n\r\n&lt;p&gt;- Thương hiệu:&lt;/p&gt;\r\n\r\n&lt;p&gt;- Kích thước:&lt;/p&gt;', '', '', '', '', '', '', ''),
(351, 2, 'Nước Lau Sàn Sunlight Hương Hoa Thiên Nhiên', '&lt;p&gt;- Mô tả sản phẩm&lt;/p&gt;\r\n\r\n&lt;p&gt;- Mã sản phẩm:&lt;/p&gt;\r\n\r\n&lt;p&gt;- Mẫu sản phẩm:&lt;/p&gt;\r\n\r\n&lt;p&gt;- Thương hiệu:&lt;/p&gt;\r\n\r\n&lt;p&gt;- Kích thước:&lt;/p&gt;', '', '', '', '', '', '', ''),
(352, 2, 'Dung Dịch Tẩy Rửa DUCK', '&lt;p&gt;- Mô tả sản phẩm&lt;/p&gt;\r\n\r\n&lt;p&gt;- Mã sản phẩm:&lt;/p&gt;\r\n\r\n&lt;p&gt;- Mẫu sản phẩm:&lt;/p&gt;\r\n\r\n&lt;p&gt;- Thương hiệu:&lt;/p&gt;\r\n\r\n&lt;p&gt;- Kích thước:&lt;/p&gt;', '', '', '', '', '', '', ''),
(353, 2, 'Dung Dịch Tẩy Rửa VIM', '&lt;p&gt;- Mô tả sản phẩm&lt;/p&gt;\r\n\r\n&lt;p&gt;- Mã sản phẩm:&lt;/p&gt;\r\n\r\n&lt;p&gt;- Mẫu sản phẩm:&lt;/p&gt;\r\n\r\n&lt;p&gt;- Thương hiệu:&lt;/p&gt;\r\n\r\n&lt;p&gt;- Kích thước:&lt;/p&gt;', '', '', '', '', '', '', ''),
(354, 2, 'Máy Xông Tinh Dầu Tự Động Hẹn Giờ', '&lt;p&gt;- Mô tả sản phẩm&lt;/p&gt;\r\n\r\n&lt;p&gt;- Mã sản phẩm:&lt;/p&gt;\r\n\r\n&lt;p&gt;- Mẫu sản phẩm:&lt;/p&gt;\r\n\r\n&lt;p&gt;- Thương hiệu:&lt;/p&gt;\r\n\r\n&lt;p&gt;- Kích thước:&lt;/p&gt;', '', '', '', '', '', '', ''),
(355, 2, 'Máy Xông Tinh Dầu Hồ Điệp', '&lt;p&gt;- Mô tả sản phẩm&lt;/p&gt;\r\n\r\n&lt;p&gt;- Mã sản phẩm:&lt;/p&gt;\r\n\r\n&lt;p&gt;- Mẫu sản phẩm:&lt;/p&gt;\r\n\r\n&lt;p&gt;- Thương hiệu:&lt;/p&gt;\r\n\r\n&lt;p&gt;- Kích thước:&lt;/p&gt;', '', '', '', '', '', '', ''),
(356, 2, 'Máy Xông Tinh Dầu Gỗ Hương', '&lt;p&gt;- Mô tả sản phẩm&lt;/p&gt;\r\n\r\n&lt;p&gt;- Mã sản phẩm:&lt;/p&gt;\r\n\r\n&lt;p&gt;- Mẫu sản phẩm:&lt;/p&gt;\r\n\r\n&lt;p&gt;- Thương hiệu:&lt;/p&gt;\r\n\r\n&lt;p&gt;- Kích thước:&lt;/p&gt;', '', '', '', '', '', '', ''),
(357, 2, 'Máy Xông Tinh Dầu Lục Cầu', '&lt;p&gt;- Mô tả sản phẩm&lt;/p&gt;\r\n\r\n&lt;p&gt;- Mã sản phẩm:&lt;/p&gt;\r\n\r\n&lt;p&gt;- Mẫu sản phẩm:&lt;/p&gt;\r\n\r\n&lt;p&gt;- Thương hiệu:&lt;/p&gt;\r\n\r\n&lt;p&gt;- Kích thước:&lt;/p&gt;', '', '', '', '', '', '', ''),
(358, 2, 'Nước Mắm Cá Cơm', '&lt;p&gt;- Mô tả sản phẩm&lt;/p&gt;\r\n\r\n&lt;p&gt;- Mã sản phẩm:&lt;/p&gt;\r\n\r\n&lt;p&gt;- Mẫu sản phẩm:&lt;/p&gt;\r\n\r\n&lt;p&gt;- Thương hiệu:&lt;/p&gt;\r\n\r\n&lt;p&gt;- Kích thước:&lt;/p&gt;', '', '', '', '', '', '', ''),
(359, 2, 'Nước Mắm Thái Long', '&lt;p&gt;- Mô tả sản phẩm&lt;/p&gt;\r\n\r\n&lt;p&gt;- Mã sản phẩm:&lt;/p&gt;\r\n\r\n&lt;p&gt;- Mẫu sản phẩm:&lt;/p&gt;\r\n\r\n&lt;p&gt;- Thương hiệu:&lt;/p&gt;\r\n\r\n&lt;p&gt;- Kích thước:&lt;/p&gt;', '', '', '', '', '', '', ''),
(360, 2, 'Nước Mắm Nam Ngư', '&lt;p&gt;- Mô tả sản phẩm&lt;/p&gt;\r\n\r\n&lt;p&gt;- Mã sản phẩm:&lt;/p&gt;\r\n\r\n&lt;p&gt;- Mẫu sản phẩm:&lt;/p&gt;\r\n\r\n&lt;p&gt;- Thương hiệu:&lt;/p&gt;\r\n\r\n&lt;p&gt;- Kích thước:&lt;/p&gt;', '', '', '', '', '', '', ''),
(361, 2, 'Nước Mắm Đệ Nhị', '&lt;p&gt;- Mô tả sản phẩm&lt;/p&gt;\r\n\r\n&lt;p&gt;- Mã sản phẩm:&lt;/p&gt;\r\n\r\n&lt;p&gt;- Mẫu sản phẩm:&lt;/p&gt;\r\n\r\n&lt;p&gt;- Thương hiệu:&lt;/p&gt;\r\n\r\n&lt;p&gt;- Kích thước:&lt;/p&gt;', '', '', '', '', '', '', ''),
(362, 2, 'Tã Quần Pampers', '&lt;p&gt;- Mô tả sản phẩm&lt;/p&gt;\r\n\r\n&lt;p&gt;- Mã sản phẩm:&lt;/p&gt;\r\n\r\n&lt;p&gt;- Mẫu sản phẩm:&lt;/p&gt;\r\n\r\n&lt;p&gt;- Thương hiệu:&lt;/p&gt;\r\n\r\n&lt;p&gt;- Kích thước:&lt;/p&gt;', '', '', '', '', '', '', ''),
(363, 2, 'Tã Quần Huggies', '&lt;p&gt;- Mô tả sản phẩm&lt;/p&gt;\r\n\r\n&lt;p&gt;- Mã sản phẩm:&lt;/p&gt;\r\n\r\n&lt;p&gt;- Mẫu sản phẩm:&lt;/p&gt;\r\n\r\n&lt;p&gt;- Thương hiệu:&lt;/p&gt;\r\n\r\n&lt;p&gt;- Kích thước:&lt;/p&gt;', '', '', '', '', '', '', ''),
(364, 2, 'Tã Quần Bobbies', '&lt;p&gt;- Mô tả sản phẩm&lt;/p&gt;\r\n\r\n&lt;p&gt;- Mã sản phẩm:&lt;/p&gt;\r\n\r\n&lt;p&gt;- Mẫu sản phẩm:&lt;/p&gt;\r\n\r\n&lt;p&gt;- Thương hiệu:&lt;/p&gt;\r\n\r\n&lt;p&gt;- Kích thước:&lt;/p&gt;', '', '', '', '', '', '', ''),
(365, 2, 'Bỉm Merries', '&lt;p&gt;- Mô tả sản phẩm&lt;/p&gt;\r\n\r\n&lt;p&gt;- Mã sản phẩm:&lt;/p&gt;\r\n\r\n&lt;p&gt;- Mẫu sản phẩm:&lt;/p&gt;\r\n\r\n&lt;p&gt;- Thương hiệu:&lt;/p&gt;\r\n\r\n&lt;p&gt;- Kích thước:&lt;/p&gt;', '', '', '', '', '', '', ''),
(366, 2, 'Combo Chăm Sóc Tóc L\'ORÉAL', '&lt;p&gt;- Mô tả sản phẩm&lt;/p&gt;\r\n\r\n&lt;p&gt;- Mã sản phẩm:&lt;/p&gt;\r\n\r\n&lt;p&gt;- Mẫu sản phẩm:&lt;/p&gt;\r\n\r\n&lt;p&gt;- Thương hiệu:&lt;/p&gt;\r\n\r\n&lt;p&gt;- Kích thước:&lt;/p&gt;', '', '', '', '', '', '', ''),
(367, 2, 'Dầu Gội Oriflame', '&lt;p&gt;- Mô tả sản phẩm&lt;/p&gt;\r\n\r\n&lt;p&gt;- Mã sản phẩm:&lt;/p&gt;\r\n\r\n&lt;p&gt;- Mẫu sản phẩm:&lt;/p&gt;\r\n\r\n&lt;p&gt;- Thương hiệu:&lt;/p&gt;\r\n\r\n&lt;p&gt;- Kích thước:&lt;/p&gt;', '', '', '', '', '', '', ''),
(368, 2, 'Dầu Gội L\'ORÉAL', '&lt;p&gt;- Mô tả sản phẩm&lt;/p&gt;\r\n\r\n&lt;p&gt;- Mã sản phẩm:&lt;/p&gt;\r\n\r\n&lt;p&gt;- Mẫu sản phẩm:&lt;/p&gt;\r\n\r\n&lt;p&gt;- Thương hiệu:&lt;/p&gt;\r\n\r\n&lt;p&gt;- Kích thước:&lt;/p&gt;', '', '', '', '', '', '', ''),
(369, 2, 'Dầu Gội Khải Thiên Phú', '&lt;p&gt;- Mô tả sản phẩm&lt;/p&gt;\r\n\r\n&lt;p&gt;- Mã sản phẩm:&lt;/p&gt;\r\n\r\n&lt;p&gt;- Mẫu sản phẩm:&lt;/p&gt;\r\n\r\n&lt;p&gt;- Thương hiệu:&lt;/p&gt;\r\n\r\n&lt;p&gt;- Kích thước:&lt;/p&gt;', '', '', '', '', '', '', ''),
(370, 2, 'Dầu Gội + Xả TRESemmé', '&lt;p&gt;- Mô tả sản phẩm&lt;/p&gt;\r\n\r\n&lt;p&gt;- Mã sản phẩm:&lt;/p&gt;\r\n\r\n&lt;p&gt;- Mẫu sản phẩm:&lt;/p&gt;\r\n\r\n&lt;p&gt;- Thương hiệu:&lt;/p&gt;\r\n\r\n&lt;p&gt;- Kích thước:&lt;/p&gt;', '', '', '', '', '', '', ''),
(371, 2, 'Combo Chăm Sóc Tóc RYO', '&lt;p&gt;- Mô tả sản phẩm&lt;/p&gt;\r\n\r\n&lt;p&gt;- Mã sản phẩm:&lt;/p&gt;\r\n\r\n&lt;p&gt;- Mẫu sản phẩm:&lt;/p&gt;\r\n\r\n&lt;p&gt;- Thương hiệu:&lt;/p&gt;\r\n\r\n&lt;p&gt;- Kích thước:&lt;/p&gt;', '', '', '', '', '', '', ''),
(372, 2, 'Dầu Gội RYO', '&lt;p&gt;- Mô tả sản phẩm&lt;/p&gt;\r\n\r\n&lt;p&gt;- Mã sản phẩm:&lt;/p&gt;\r\n\r\n&lt;p&gt;- Mẫu sản phẩm:&lt;/p&gt;\r\n\r\n&lt;p&gt;- Thương hiệu:&lt;/p&gt;\r\n\r\n&lt;p&gt;- Kích thước:&lt;/p&gt;', '', '', '', '', '', '', ''),
(373, 2, 'Dầu Gội Huile Saigon', '&lt;p&gt;- Mô tả sản phẩm&lt;/p&gt;\r\n\r\n&lt;p&gt;- Mã sản phẩm:&lt;/p&gt;\r\n\r\n&lt;p&gt;- Mẫu sản phẩm:&lt;/p&gt;\r\n\r\n&lt;p&gt;- Thương hiệu:&lt;/p&gt;\r\n\r\n&lt;p&gt;- Kích thước:&lt;/p&gt;', '', '', '', '', '', '', ''),
(308, 2, 'Mì KOKOMI Đại', '&lt;p&gt;- Mô tả sản phẩm&lt;/p&gt;\r\n\r\n&lt;p&gt;- Mã sản phẩm:&lt;/p&gt;\r\n\r\n&lt;p&gt;- Mẫu sản phẩm:&lt;/p&gt;\r\n\r\n&lt;p&gt;- Thương hiệu:&lt;/p&gt;\r\n\r\n&lt;p&gt;- Kích thước:&lt;/p&gt;', '', '', '', '', '', '', '');

-- oc_product_image PRIMARY KEY (`product_image_id`)
INSERT IGNORE INTO `oc_product_image` (`product_image_id`, `product_id`, `image`, `image_alt`, `sort_order`) VALUES
(145, 246, 'https://2.pik.vn/2020b266cd6e-1ea9-431a-b14c-a6677311d624.jpg', '', 0),
(146, 267, 'https://2.pik.vn/20205bff0f89-c689-42b1-aa77-f53179791883.jpg', '', 0),
(151, 316, 'https://2.pik.vn/2020b266cd6e-1ea9-431a-b14c-a6677311d624.jpg', '', 0),
(152, 337, 'https://2.pik.vn/20205bff0f89-c689-42b1-aa77-f53179791883.jpg', '', 0);

-- oc_product_to_category PRIMARY KEY (`product_id`,`category_id`)
INSERT IGNORE INTO `oc_product_to_category` (`product_id`, `category_id`) VALUES
(272, 32),
(273, 32),
(274, 32),
(275, 32),
(276, 32),
(277, 32),
(278, 32),
(279, 32),
(280, 33),
(281, 33),
(282, 33),
(283, 33),
(284, 33),
(285, 33),
(286, 33),
(287, 33),
(288, 34),
(289, 34),
(290, 34),
(291, 34),
(292, 34),
(293, 34),
(294, 34),
(295, 34),
(296, 35),
(297, 35),
(298, 35),
(299, 35),
(300, 35),
(301, 35),
(302, 35),
(303, 35),
(304, 36),
(305, 36),
(306, 36),
(307, 36),
(308, 36),
(309, 36),
(310, 36),
(311, 36),
(312, 37),
(313, 37),
(314, 37),
(315, 37),
(316, 37),
(317, 37),
(318, 37),
(319, 38),
(320, 38),
(321, 38),
(322, 38),
(323, 38),
(324, 38),
(325, 38),
(326, 38),
(327, 39),
(328, 39),
(329, 39),
(330, 39),
(331, 39),
(332, 39),
(333, 39),
(334, 39),
(335, 40),
(336, 40),
(337, 40),
(338, 40),
(339, 40),
(340, 40),
(341, 40),
(342, 41),
(343, 41),
(344, 41),
(345, 41),
(346, 42),
(347, 42),
(348, 42),
(349, 42),
(350, 43),
(351, 43),
(352, 43),
(353, 43),
(354, 44),
(355, 44),
(356, 44),
(357, 44),
(358, 45),
(359, 45),
(360, 45),
(361, 45),
(362, 46),
(363, 46),
(364, 46),
(365, 46),
(366, 48),
(367, 48),
(368, 48),
(369, 48),
(370, 48),
(371, 48),
(372, 48),
(373, 48);

-- oc_product_to_store PRIMARY KEY (`product_id`,`store_id`)
INSERT IGNORE INTO `oc_product_to_store` (`product_id`, `store_id`, `product_version_id`, `quantity`, `cost_price`) VALUES
(315, 0, 0, 25, '0.0000'),
(289, 0, 0, 15, '0.0000'),
(282, 0, 0, 30, '0.0000'),
(294, 0, 0, 15, '0.0000'),
(325, 0, 0, 10, '0.0000'),
(283, 0, 0, 30, '0.0000'),
(336, 0, 0, 1000, '0.0000'),
(290, 0, 0, 15, '0.0000'),
(334, 0, 0, 10, '0.0000'),
(287, 0, 0, 30, '0.0000'),
(305, 0, 0, 25, '0.0000'),
(296, 0, 0, 20, '0.0000'),
(337, 0, 0, 1000, '0.0000'),
(313, 0, 0, 25, '0.0000'),
(279, 0, 0, 30, '0.0000'),
(312, 0, 0, 25, '0.0000'),
(322, 0, 0, 10, '0.0000'),
(286, 0, 0, 30, '0.0000'),
(308, 0, 0, 25, '0.0000'),
(297, 0, 0, 20, '0.0000'),
(332, 0, 0, 10, '0.0000'),
(306, 0, 0, 25, '0.0000'),
(326, 0, 0, 10, '0.0000'),
(304, 0, 0, 25, '0.0000'),
(307, 0, 0, 25, '0.0000'),
(303, 0, 0, 20, '0.0000'),
(329, 0, 0, 10, '0.0000'),
(320, 0, 0, 10, '0.0000'),
(339, 0, 0, 2500, '0.0000'),
(338, 0, 0, 1000, '0.0000'),
(298, 0, 0, 20, '0.0000'),
(318, 0, 0, 25, '0.0000'),
(323, 0, 0, 10, '0.0000'),
(340, 0, 0, 1000, '0.0000'),
(274, 0, 0, 30, '0.0000'),
(291, 0, 0, 15, '0.0000'),
(278, 0, 0, 30, '0.0000'),
(316, 0, 0, 25, '0.0000'),
(275, 0, 0, 30, '0.0000'),
(324, 0, 0, 10, '0.0000'),
(285, 0, 0, 30, '0.0000'),
(284, 0, 0, 30, '0.0000'),
(301, 0, 0, 20, '0.0000'),
(330, 0, 0, 10, '0.0000'),
(292, 0, 0, 15, '0.0000'),
(302, 0, 0, 20, '0.0000'),
(272, 0, 0, 30, '0.0000'),
(335, 0, 0, 1000, '0.0000'),
(273, 0, 0, 30, '0.0000'),
(300, 0, 0, 20, '0.0000'),
(293, 0, 0, 15, '0.0000'),
(341, 0, 0, 1000, '0.0000'),
(333, 0, 0, 10, '0.0000'),
(314, 0, 0, 25, '0.0000'),
(331, 0, 0, 10, '0.0000'),
(321, 0, 0, 10, '0.0000'),
(276, 0, 0, 30, '0.0000'),
(288, 0, 0, 15, '0.0000'),
(281, 0, 0, 30, '0.0000'),
(280, 0, 0, 30, '0.0000'),
(311, 0, 0, 25, '0.0000'),
(328, 0, 0, 10, '0.0000'),
(319, 0, 0, 10, '0.0000'),
(295, 0, 0, 15, '0.0000'),
(317, 0, 0, 25, '0.0000'),
(327, 0, 0, 10, '0.0000'),
(309, 0, 0, 25, '0.0000'),
(277, 0, 0, 30, '0.0000'),
(299, 0, 0, 20, '0.0000'),
(310, 0, 0, 25, '0.0000'),
(342, 0, 0, 0, '0.0000'),
(343, 0, 0, 10, '0.0000'),
(344, 0, 0, 10, '0.0000'),
(345, 0, 0, 10, '0.0000'),
(346, 0, 0, 15, '0.0000'),
(347, 0, 0, 15, '0.0000'),
(348, 0, 0, 10, '0.0000'),
(349, 0, 0, 10, '0.0000'),
(350, 0, 0, 0, '0.0000'),
(351, 0, 0, 10, '0.0000'),
(352, 0, 0, 10, '0.0000'),
(353, 0, 0, 15, '0.0000'),
(354, 0, 0, 10, '0.0000'),
(355, 0, 0, 10, '0.0000'),
(356, 0, 0, 10, '0.0000'),
(357, 0, 0, 15, '0.0000'),
(358, 0, 0, 10, '0.0000'),
(359, 0, 0, 0, '0.0000'),
(360, 0, 0, 10, '0.0000'),
(361, 0, 0, 15, '0.0000'),
(362, 0, 0, 5, '0.0000'),
(363, 0, 0, 14, '0.0000'),
(364, 0, 0, 10, '0.0000'),
(365, 0, 0, 10, '0.0000'),
(366, 0, 0, 10, '0.0000'),
(367, 0, 0, 15, '0.0000'),
(368, 0, 0, 20, '0.0000'),
(369, 0, 0, 20, '0.0000'),
(370, 0, 0, 0, '0.0000'),
(371, 0, 0, 0, '0.0000'),
(372, 0, 0, 10, '0.0000'),
(373, 0, 0, 5, '0.0000');