-- oc_product PRIMARY KEY (`product_id`)
-- delete first
INSERT IGNORE INTO `oc_product` (`product_id`, `model`, `sku`, `common_barcode`, `common_sku`, `common_compare_price`, `common_price`, `common_cost_price`, `barcode`, `upc`, `ean`, `jan`, `isbn`, `mpn`, `location`, `quantity`, `sale_on_out_of_stock`, `stock_status_id`, `image`, `image_alt`, `multi_versions`, `manufacturer_id`, `shipping`, `price`, `price_currency_id`, `compare_price`, `c_price_currency_id`, `points`, `tax_class_id`, `date_available`, `weight`, `weight_class_id`, `length`, `width`, `height`, `length_class_id`, `subtract`, `minimum`, `sort_order`, `status`, `channel`, `viewed`, `demo`, `deleted`, `default_store_id`, `user_create_id`, `date_added`, `date_modified`) VALUES
(104, '', '', '', '', '0.0000', '0.0000', '0.0000', 'https://2.pik.vn/20201b73faea-e4a8-457a-84a4-6db09b238c30.png', '', '', '', '', '', '', 0, 0, 0, 'https://2.pik.vn/20204d79d7c0-7346-4b4b-ae45-bb893a59a173.png', '', 0, 26, 1, '0.0000', 1, '0.0000', 1, 0, 0, '0000-00-00', '100.00000000', 1, '0.00000000', '0.00000000', '0.00000000', 0, 1, 1, 0, 1, 2, 0, 1, NULL, 0, 1, '2020-08-05 13:49:40', '2020-08-05 13:49:40'),
(105, '', '', '', '', '0.0000', '0.0000', '0.0000', 'https://2.pik.vn/2020f8d4f190-206b-4b9a-bf9b-7bc5e7c65827.png', '', '', '', '', '', '', 0, 0, 0, 'https://2.pik.vn/20201b73faea-e4a8-457a-84a4-6db09b238c30.png', '', 0, 26, 1, '0.0000', 1, '0.0000', 1, 0, 0, '0000-00-00', '100.00000000', 1, '0.00000000', '0.00000000', '0.00000000', 0, 1, 1, 0, 1, 2, 0, 1, NULL, 0, 1, '2020-08-05 13:49:40', '2020-08-05 13:49:40'),
(106, '', '', '', '', '0.0000', '0.0000', '0.0000', 'https://2.pik.vn/2020ce9899b3-5bd1-4f08-9c46-f62ceaee2193.png', '', '', '', '', '', '', 0, 0, 0, 'https://2.pik.vn/2020f8d4f190-206b-4b9a-bf9b-7bc5e7c65827.png', '', 0, 26, 1, '0.0000', 1, '0.0000', 1, 0, 0, '0000-00-00', '100.00000000', 1, '0.00000000', '0.00000000', '0.00000000', 0, 1, 1, 0, 1, 2, 0, 1, NULL, 0, 1, '2020-08-05 13:49:40', '2020-08-05 13:49:40'),
(107, '', '', '', '', '0.0000', '0.0000', '0.0000', 'https://2.pik.vn/202046720c90-63cd-4bd0-9bf5-669f1cc539e7.png', '', '', '', '', '', '', 0, 0, 0, 'https://2.pik.vn/2020ce9899b3-5bd1-4f08-9c46-f62ceaee2193.png', '', 0, 26, 1, '0.0000', 1, '0.0000', 1, 0, 0, '0000-00-00', '100.00000000', 1, '0.00000000', '0.00000000', '0.00000000', 0, 1, 1, 0, 1, 2, 0, 1, NULL, 0, 1, '2020-08-05 13:49:40', '2020-08-05 13:49:40'),
(108, '', '', '', '', '0.0000', '0.0000', '0.0000', 'https://2.pik.vn/202057c81e1e-9358-476a-be13-647c55f6823c.png', '', '', '', '', '', '', 0, 0, 0, 'https://2.pik.vn/202046720c90-63cd-4bd0-9bf5-669f1cc539e7.png', '', 0, 26, 1, '0.0000', 1, '0.0000', 1, 0, 0, '0000-00-00', '100.00000000', 1, '0.00000000', '0.00000000', '0.00000000', 0, 1, 1, 0, 1, 2, 0, 1, NULL, 0, 1, '2020-08-05 13:49:40', '2020-08-05 13:49:40'),
(109, '', '', '', '', '0.0000', '0.0000', '0.0000', 'https://2.pik.vn/2020f8a7a5c0-47ee-467e-bf6c-f41e22dea416.png', '', '', '', '', '', '', 0, 0, 0, 'https://2.pik.vn/202057c81e1e-9358-476a-be13-647c55f6823c.png', '', 0, 26, 1, '0.0000', 1, '0.0000', 1, 0, 0, '0000-00-00', '100.00000000', 1, '0.00000000', '0.00000000', '0.00000000', 0, 1, 1, 0, 1, 2, 0, 1, NULL, 0, 1, '2020-08-05 13:49:40', '2020-08-05 13:49:40'),
(110, '', '', '', '', '0.0000', '0.0000', '0.0000', 'https://2.pik.vn/20206f0281b8-dad2-49d1-a69c-da88c44ca9f7.png', '', '', '', '', '', '', 0, 0, 0, 'https://2.pik.vn/2020f8a7a5c0-47ee-467e-bf6c-f41e22dea416.png', '', 0, 26, 1, '0.0000', 1, '0.0000', 1, 0, 0, '0000-00-00', '100.00000000', 1, '0.00000000', '0.00000000', '0.00000000', 0, 1, 1, 0, 1, 2, 0, 1, NULL, 0, 1, '2020-08-05 13:49:40', '2020-08-05 13:49:40'),
(111, '', '', '', '', '0.0000', '0.0000', '0.0000', 'https://2.pik.vn/20204d79d7c0-7346-4b4b-ae45-bb893a59a173.png', '', '', '', '', '', '', 0, 0, 0, 'https://2.pik.vn/20206f0281b8-dad2-49d1-a69c-da88c44ca9f7.png', '', 0, 26, 1, '0.0000', 1, '0.0000', 1, 0, 0, '0000-00-00', '100.00000000', 1, '0.00000000', '0.00000000', '0.00000000', 0, 1, 1, 0, 1, 2, 0, 1, NULL, 0, 1, '2020-08-05 13:49:40', '2020-08-05 13:49:40'),
(112, '', '', '', '', '0.0000', '0.0000', '0.0000', 'https://2.pik.vn/20204743c4a7-6659-4410-882a-2e94b490534b.png', '', '', '', '', '', '', 0, 0, 0, 'https://2.pik.vn/20208d492dcb-d281-4cda-b7e9-e15432dd2479.png', '', 0, 26, 1, '0.0000', 1, '0.0000', 1, 0, 0, '0000-00-00', '100.00000000', 1, '0.00000000', '0.00000000', '0.00000000', 0, 1, 1, 0, 1, 2, 0, 1, NULL, 0, 1, '2020-08-05 13:49:40', '2020-08-05 13:49:40'),
(113, '', '', '', '', '0.0000', '0.0000', '0.0000', 'https://2.pik.vn/2020595c5e0f-2c68-4811-815a-1fa02b11e918.png', '', '', '', '', '', '', 0, 0, 0, 'https://2.pik.vn/20204743c4a7-6659-4410-882a-2e94b490534b.png', '', 0, 26, 1, '0.0000', 1, '0.0000', 1, 0, 0, '0000-00-00', '100.00000000', 1, '0.00000000', '0.00000000', '0.00000000', 0, 1, 1, 0, 1, 2, 0, 1, NULL, 0, 1, '2020-08-05 13:49:40', '2020-08-05 13:49:40'),
(114, '', '', '', '', '0.0000', '0.0000', '0.0000', 'https://2.pik.vn/2020b2f2eece-dd94-4236-ad18-3efa2ccd2769.png', '', '', '', '', '', '', 0, 0, 0, 'https://2.pik.vn/2020595c5e0f-2c68-4811-815a-1fa02b11e918.png', '', 0, 26, 1, '0.0000', 1, '0.0000', 1, 0, 0, '0000-00-00', '100.00000000', 1, '0.00000000', '0.00000000', '0.00000000', 0, 1, 1, 0, 1, 2, 0, 1, NULL, 0, 1, '2020-08-05 13:49:40', '2020-08-05 13:49:40'),
(115, '', '', '', '', '0.0000', '0.0000', '0.0000', 'https://2.pik.vn/2020f0b87528-2f03-411e-a6fb-edb6547b706e.png', '', '', '', '', '', '', 0, 0, 0, 'https://2.pik.vn/2020b2f2eece-dd94-4236-ad18-3efa2ccd2769.png', '', 0, 26, 1, '0.0000', 1, '0.0000', 1, 0, 0, '0000-00-00', '100.00000000', 1, '0.00000000', '0.00000000', '0.00000000', 0, 1, 1, 0, 1, 2, 0, 1, NULL, 0, 1, '2020-08-05 13:49:40', '2020-08-05 13:49:40'),
(116, '', '', '', '', '0.0000', '0.0000', '0.0000', 'https://2.pik.vn/20205e13408b-8fb7-4204-8f42-242c92f9cd6c.png', '', '', '', '', '', '', 0, 0, 0, 'https://2.pik.vn/2020f0b87528-2f03-411e-a6fb-edb6547b706e.png', '', 0, 26, 1, '0.0000', 1, '0.0000', 1, 0, 0, '0000-00-00', '100.00000000', 1, '0.00000000', '0.00000000', '0.00000000', 0, 1, 1, 0, 1, 2, 0, 1, NULL, 0, 1, '2020-08-05 13:49:40', '2020-08-05 13:49:40'),
(117, '', '', '', '', '0.0000', '0.0000', '0.0000', 'https://2.pik.vn/20208f36664c-c930-438e-93b2-307dde13f1e9.png', '', '', '', '', '', '', 0, 0, 0, 'https://2.pik.vn/20205e13408b-8fb7-4204-8f42-242c92f9cd6c.png', '', 0, 26, 1, '0.0000', 1, '0.0000', 1, 0, 0, '0000-00-00', '100.00000000', 1, '0.00000000', '0.00000000', '0.00000000', 0, 1, 1, 0, 1, 2, 0, 1, NULL, 0, 1, '2020-08-05 13:49:40', '2020-08-05 13:49:40'),
(118, '', '', '', '', '0.0000', '0.0000', '0.0000', 'https://2.pik.vn/20207e1bbd07-e16b-48bd-9b9b-b63ed97868a2.png', '', '', '', '', '', '', 0, 0, 0, 'https://2.pik.vn/20208f36664c-c930-438e-93b2-307dde13f1e9.png', '', 0, 26, 1, '0.0000', 1, '0.0000', 1, 0, 0, '0000-00-00', '100.00000000', 1, '0.00000000', '0.00000000', '0.00000000', 0, 1, 1, 0, 1, 2, 0, 1, NULL, 0, 1, '2020-08-05 13:49:40', '2020-08-05 13:49:40'),
(119, '', '', '', '', '0.0000', '0.0000', '0.0000', 'https://2.pik.vn/20208d492dcb-d281-4cda-b7e9-e15432dd2479.png', '', '', '', '', '', '', 0, 0, 0, 'https://2.pik.vn/20207e1bbd07-e16b-48bd-9b9b-b63ed97868a2.png', '', 0, 26, 1, '0.0000', 1, '0.0000', 1, 0, 0, '0000-00-00', '100.00000000', 1, '0.00000000', '0.00000000', '0.00000000', 0, 1, 1, 0, 1, 2, 0, 1, NULL, 0, 1, '2020-08-05 13:49:40', '2020-08-05 13:49:40'),
(120, '', '', '', '', '0.0000', '0.0000', '0.0000', 'https://2.pik.vn/202015fa73e0-35b3-4796-8c04-89367bf5a235.png', '', '', '', '', '', '', 0, 0, 0, 'https://2.pik.vn/2020d29ffbfb-8a94-4171-8865-fb65decd5006.png', '', 0, 26, 1, '0.0000', 1, '0.0000', 1, 0, 0, '0000-00-00', '100.00000000', 1, '0.00000000', '0.00000000', '0.00000000', 0, 1, 1, 0, 1, 2, 0, 1, NULL, 0, 1, '2020-08-05 13:49:40', '2020-08-05 13:49:40'),
(121, '', '', '', '', '0.0000', '0.0000', '0.0000', 'https://2.pik.vn/20208a259c0a-5a33-4093-b876-8492dc9c4f19.png', '', '', '', '', '', '', 0, 0, 0, 'https://2.pik.vn/202015fa73e0-35b3-4796-8c04-89367bf5a235.png', '', 0, 26, 1, '0.0000', 1, '0.0000', 1, 0, 0, '0000-00-00', '100.00000000', 1, '0.00000000', '0.00000000', '0.00000000', 0, 1, 1, 0, 1, 2, 0, 1, NULL, 0, 1, '2020-08-05 13:49:40', '2020-08-05 13:49:40'),
(122, '', '', '', '', '0.0000', '0.0000', '0.0000', 'https://2.pik.vn/20201470aed5-fac7-480e-9290-f805c60407d7.png', '', '', '', '', '', '', 0, 0, 0, 'https://2.pik.vn/20208a259c0a-5a33-4093-b876-8492dc9c4f19.png', '', 0, 26, 1, '0.0000', 1, '0.0000', 1, 0, 0, '0000-00-00', '100.00000000', 1, '0.00000000', '0.00000000', '0.00000000', 0, 1, 1, 0, 1, 2, 0, 1, NULL, 0, 1, '2020-08-05 13:49:40', '2020-08-05 13:49:40'),
(123, '', '', '', '', '0.0000', '0.0000', '0.0000', 'https://2.pik.vn/2020a1230000-0971-44e0-8d51-6a30700ef099.png', '', '', '', '', '', '', 0, 0, 0, 'https://2.pik.vn/20201470aed5-fac7-480e-9290-f805c60407d7.png', '', 0, 26, 1, '0.0000', 1, '0.0000', 1, 0, 0, '0000-00-00', '100.00000000', 1, '0.00000000', '0.00000000', '0.00000000', 0, 1, 1, 0, 1, 2, 0, 1, NULL, 0, 1, '2020-08-05 13:49:40', '2020-08-05 13:49:40'),
(124, '', '', '', '', '0.0000', '0.0000', '0.0000', 'https://2.pik.vn/2020ac9d477a-c2db-4a5f-abfa-cdb0a57dc581.png', '', '', '', '', '', '', 0, 0, 0, 'https://2.pik.vn/2020a1230000-0971-44e0-8d51-6a30700ef099.png', '', 0, 26, 1, '0.0000', 1, '0.0000', 1, 0, 0, '0000-00-00', '100.00000000', 1, '0.00000000', '0.00000000', '0.00000000', 0, 1, 1, 0, 1, 2, 0, 1, NULL, 0, 1, '2020-08-05 13:49:40', '2020-08-05 13:49:40'),
(125, '', '', '', '', '0.0000', '0.0000', '0.0000', 'https://2.pik.vn/2020c42c300b-89d6-47b5-901e-f6beb3d73bd6.png', '', '', '', '', '', '', 0, 0, 0, 'https://2.pik.vn/2020ac9d477a-c2db-4a5f-abfa-cdb0a57dc581.png', '', 0, 26, 1, '0.0000', 1, '0.0000', 1, 0, 0, '0000-00-00', '100.00000000', 1, '0.00000000', '0.00000000', '0.00000000', 0, 1, 1, 0, 1, 2, 0, 1, NULL, 0, 1, '2020-08-05 13:49:40', '2020-08-05 13:49:40'),
(126, '', '', '', '', '0.0000', '0.0000', '0.0000', 'https://2.pik.vn/20201245c03e-207a-40fa-946e-19abf54059af.png', '', '', '', '', '', '', 0, 0, 0, 'https://2.pik.vn/2020c42c300b-89d6-47b5-901e-f6beb3d73bd6.png', '', 0, 26, 1, '0.0000', 1, '0.0000', 1, 0, 0, '0000-00-00', '100.00000000', 1, '0.00000000', '0.00000000', '0.00000000', 0, 1, 1, 0, 1, 2, 0, 1, NULL, 0, 1, '2020-08-05 13:49:40', '2020-08-05 13:49:40'),
(127, '', '', '', '', '0.0000', '0.0000', '0.0000', 'https://2.pik.vn/2020d29ffbfb-8a94-4171-8865-fb65decd5006.png', '', '', '', '', '', '', 0, 0, 0, 'https://2.pik.vn/20201245c03e-207a-40fa-946e-19abf54059af.png', '', 0, 26, 1, '0.0000', 1, '0.0000', 1, 0, 0, '0000-00-00', '100.00000000', 1, '0.00000000', '0.00000000', '0.00000000', 0, 1, 1, 0, 1, 2, 0, 1, NULL, 0, 1, '2020-08-05 13:49:40', '2020-08-05 13:49:40'),
(128, '', '', '', '', '0.0000', '0.0000', '0.0000', 'https://2.pik.vn/20206f9d0cb8-375d-42c8-be56-621c189ef31d.png', '', '', '', '', '', '', 0, 0, 0, 'https://2.pik.vn/202095adfc47-c1f7-4a7c-96e8-7cd2ca0e6495.png', '', 0, 26, 1, '0.0000', 1, '0.0000', 1, 0, 0, '0000-00-00', '100.00000000', 1, '0.00000000', '0.00000000', '0.00000000', 0, 1, 1, 0, 1, 2, 0, 1, NULL, 0, 1, '2020-08-05 13:49:40', '2020-08-05 13:49:40'),
(129, '', '', '', '', '0.0000', '0.0000', '0.0000', 'https://2.pik.vn/2020e4836373-fb9c-433e-9509-b704db65c800.png', '', '', '', '', '', '', 0, 0, 0, 'https://2.pik.vn/20206f9d0cb8-375d-42c8-be56-621c189ef31d.png', '', 0, 26, 1, '0.0000', 1, '0.0000', 1, 0, 0, '0000-00-00', '100.00000000', 1, '0.00000000', '0.00000000', '0.00000000', 0, 1, 1, 0, 1, 2, 0, 1, NULL, 0, 1, '2020-08-05 13:49:40', '2020-08-05 13:49:40'),
(130, '', '', '', '', '0.0000', '0.0000', '0.0000', 'https://2.pik.vn/2020fa350ec4-a64f-478b-a693-f5fd162cf07d.png', '', '', '', '', '', '', 0, 0, 0, 'https://2.pik.vn/2020e4836373-fb9c-433e-9509-b704db65c800.png', '', 0, 26, 1, '0.0000', 1, '0.0000', 1, 0, 0, '0000-00-00', '100.00000000', 1, '0.00000000', '0.00000000', '0.00000000', 0, 1, 1, 0, 1, 2, 0, 1, NULL, 0, 1, '2020-08-05 13:49:40', '2020-08-05 13:49:40'),
(131, '', '', '', '', '0.0000', '0.0000', '0.0000', 'https://2.pik.vn/202029f1271a-0246-4753-be1d-9f92cc0903d9.png', '', '', '', '', '', '', 0, 0, 0, 'https://2.pik.vn/2020fa350ec4-a64f-478b-a693-f5fd162cf07d.png', '', 0, 26, 1, '0.0000', 1, '0.0000', 1, 0, 0, '0000-00-00', '100.00000000', 1, '0.00000000', '0.00000000', '0.00000000', 0, 1, 1, 0, 1, 2, 0, 1, NULL, 0, 1, '2020-08-05 13:49:40', '2020-08-05 13:49:40'),
(132, '', '', '', '', '0.0000', '0.0000', '0.0000', 'https://2.pik.vn/202051d156b1-37fa-4f0b-8d62-2db489bb3f37.png', '', '', '', '', '', '', 0, 0, 0, 'https://2.pik.vn/202029f1271a-0246-4753-be1d-9f92cc0903d9.png', '', 0, 26, 1, '0.0000', 1, '0.0000', 1, 0, 0, '0000-00-00', '100.00000000', 1, '0.00000000', '0.00000000', '0.00000000', 0, 1, 1, 0, 1, 2, 0, 1, NULL, 0, 1, '2020-08-05 13:49:40', '2020-08-05 13:49:40'),
(133, '', '', '', '', '0.0000', '0.0000', '0.0000', 'https://2.pik.vn/2020e0b4645a-39b9-484b-928c-7fc34e1c025b.png', '', '', '', '', '', '', 0, 0, 0, 'https://2.pik.vn/202051d156b1-37fa-4f0b-8d62-2db489bb3f37.png', '', 0, 26, 1, '0.0000', 1, '0.0000', 1, 0, 0, '0000-00-00', '100.00000000', 1, '0.00000000', '0.00000000', '0.00000000', 0, 1, 1, 0, 1, 2, 0, 1, NULL, 0, 1, '2020-08-05 13:49:40', '2020-08-05 13:49:40'),
(134, '', '', '', '', '0.0000', '0.0000', '0.0000', 'https://2.pik.vn/202025c18c54-74e6-43cc-b36e-862a06e83f0f.png', '', '', '', '', '', '', 0, 0, 0, 'https://2.pik.vn/2020e0b4645a-39b9-484b-928c-7fc34e1c025b.png', '', 0, 26, 1, '0.0000', 1, '0.0000', 1, 0, 0, '0000-00-00', '100.00000000', 1, '0.00000000', '0.00000000', '0.00000000', 0, 1, 1, 0, 1, 2, 0, 1, NULL, 0, 1, '2020-08-05 13:49:40', '2020-08-05 13:49:40'),
(135, '', '', '', '', '0.0000', '0.0000', '0.0000', 'https://2.pik.vn/202095adfc47-c1f7-4a7c-96e8-7cd2ca0e6495.png', '', '', '', '', '', '', 0, 0, 0, 'https://2.pik.vn/202025c18c54-74e6-43cc-b36e-862a06e83f0f.png', '', 0, 26, 1, '350000.0000', 1, '500000.0000', 1, 0, 0, '0000-00-00', '100.00000000', 1, '0.00000000', '0.00000000', '0.00000000', 0, 1, 1, 0, 1, 2, 0, 1, NULL, 0, 1, '2020-08-05 13:49:40', '2020-08-05 13:49:40'),
(136, '', '', '', '', '0.0000', '0.0000', '0.0000', 'https://2.pik.vn/2020f53e0ffb-f8e6-4125-aca7-72c6ffb0c60f.png', '', '', '', '', '', '', 0, 0, 0, 'https://2.pik.vn/20200e69238b-2a3b-4d51-881e-930fe4936f49.png', '', 0, 26, 1, '350000.0000', 1, '500000.0000', 1, 0, 0, '0000-00-00', '100.00000000', 1, '0.00000000', '0.00000000', '0.00000000', 0, 1, 1, 0, 1, 2, 0, 1, NULL, 0, 1, '2020-08-05 13:49:40', '2020-08-05 13:49:40'),
(137, '', '', '', '', '0.0000', '0.0000', '0.0000', 'https://2.pik.vn/2020e8087e43-a031-4e89-834b-f0ee6d6ff87b.png', '', '', '', '', '', '', 0, 0, 0, 'https://2.pik.vn/2020f53e0ffb-f8e6-4125-aca7-72c6ffb0c60f.png', '', 0, 26, 1, '350000.0000', 1, '500000.0000', 1, 0, 0, '0000-00-00', '100.00000000', 1, '0.00000000', '0.00000000', '0.00000000', 0, 1, 1, 0, 1, 2, 0, 1, NULL, 0, 1, '2020-08-05 13:49:40', '2020-08-05 13:49:40'),
(138, '', '', '', '', '0.0000', '0.0000', '0.0000', 'https://2.pik.vn/20200dd1f7a8-d882-48a4-94a8-a51c02b1f65d.png', '', '', '', '', '', '', 0, 0, 0, 'https://2.pik.vn/2020e8087e43-a031-4e89-834b-f0ee6d6ff87b.png', '', 0, 26, 1, '350000.0000', 1, '500000.0000', 1, 0, 0, '0000-00-00', '100.00000000', 1, '0.00000000', '0.00000000', '0.00000000', 0, 1, 1, 0, 1, 2, 0, 1, NULL, 0, 1, '2020-08-05 13:49:40', '2020-08-05 13:49:40'),
(139, '', '', '', '', '0.0000', '0.0000', '0.0000', 'https://2.pik.vn/20203ec28186-fb3c-4b55-a238-9d7b706266bb.png', '', '', '', '', '', '', 0, 0, 0, 'https://2.pik.vn/20200dd1f7a8-d882-48a4-94a8-a51c02b1f65d.png', '', 0, 26, 1, '350000.0000', 1, '500000.0000', 1, 0, 0, '0000-00-00', '100.00000000', 1, '0.00000000', '0.00000000', '0.00000000', 0, 1, 1, 0, 1, 2, 0, 1, NULL, 0, 1, '2020-08-05 13:49:40', '2020-08-05 13:49:40'),
(140, '', '', '', '', '0.0000', '0.0000', '0.0000', 'https://2.pik.vn/20208d143143-c4eb-4f00-8095-83167e8c865d.png', '', '', '', '', '', '', 0, 0, 0, 'https://2.pik.vn/20203ec28186-fb3c-4b55-a238-9d7b706266bb.png', '', 0, 26, 1, '350000.0000', 1, '500000.0000', 1, 0, 0, '0000-00-00', '100.00000000', 1, '0.00000000', '0.00000000', '0.00000000', 0, 1, 1, 0, 1, 2, 0, 1, NULL, 0, 1, '2020-08-05 13:49:40', '2020-08-05 13:49:40'),
(141, '', '', '', '', '0.0000', '0.0000', '0.0000', 'https://2.pik.vn/2020453ca066-7e92-44b7-8947-0f74c7125c8e.png', '', '', '', '', '', '', 0, 0, 0, 'https://2.pik.vn/20208d143143-c4eb-4f00-8095-83167e8c865d.png', '', 0, 26, 1, '350000.0000', 1, '500000.0000', 1, 0, 0, '0000-00-00', '100.00000000', 1, '0.00000000', '0.00000000', '0.00000000', 0, 1, 1, 0, 1, 2, 0, 1, NULL, 0, 1, '2020-08-05 13:49:40', '2020-08-05 13:49:40'),
(142, '', '', '', '', '0.0000', '0.0000', '0.0000', 'https://2.pik.vn/2020b9f15588-152a-4e7d-a3fe-b2f969996d41.png', '', '', '', '', '', '', 0, 0, 0, 'https://2.pik.vn/2020453ca066-7e92-44b7-8947-0f74c7125c8e.png', '', 0, 26, 1, '350000.0000', 1, '500000.0000', 1, 0, 0, '0000-00-00', '100.00000000', 1, '0.00000000', '0.00000000', '0.00000000', 0, 1, 1, 0, 1, 2, 0, 1, NULL, 0, 1, '2020-08-05 13:49:40', '2020-08-05 13:49:40'),
(143, '', '', '', '', '0.0000', '0.0000', '0.0000', 'https://2.pik.vn/20200e69238b-2a3b-4d51-881e-930fe4936f49.png', '', '', '', '', '', '', 0, 0, 0, 'https://2.pik.vn/2020b9f15588-152a-4e7d-a3fe-b2f969996d41.png', '', 0, 26, 1, '350000.0000', 1, '500000.0000', 1, 0, 0, '0000-00-00', '100.00000000', 1, '0.00000000', '0.00000000', '0.00000000', 0, 1, 1, 0, 1, 2, 0, 1, NULL, 0, 1, '2020-08-05 13:49:40', '2020-08-05 13:49:40'),
(144, '', '', '', '', '0.0000', '0.0000', '0.0000', 'https://2.pik.vn/20207586cd09-2331-4779-9344-06e95bd2a00e.png', '', '', '', '', '', '', 0, 0, 0, 'https://2.pik.vn/20200be58f8e-e244-4b57-bf5c-a20fefb83c5b.png', '', 0, 26, 1, '290000.0000', 1, '350000.0000', 1, 0, 0, '0000-00-00', '100.00000000', 1, '0.00000000', '0.00000000', '0.00000000', 0, 1, 1, 0, 1, 2, 0, 1, NULL, 0, 1, '2020-08-05 13:49:40', '2020-08-05 13:49:40'),
(145, '', '', '', '', '0.0000', '0.0000', '0.0000', 'https://2.pik.vn/202032c3be74-f34d-4895-90ab-836b57fb9a18.png', '', '', '', '', '', '', 0, 0, 0, 'https://2.pik.vn/20207586cd09-2331-4779-9344-06e95bd2a00e.png', '', 0, 26, 1, '290000.0000', 1, '350000.0000', 1, 0, 0, '0000-00-00', '100.00000000', 1, '0.00000000', '0.00000000', '0.00000000', 0, 1, 1, 0, 1, 2, 0, 1, NULL, 0, 1, '2020-08-05 13:49:40', '2020-08-05 13:49:40'),
(146, '', '', '', '', '0.0000', '0.0000', '0.0000', 'https://2.pik.vn/2020f2be7d44-09ce-4e55-9df2-f30ef6a49737.png', '', '', '', '', '', '', 0, 0, 0, 'https://2.pik.vn/202032c3be74-f34d-4895-90ab-836b57fb9a18.png', '', 0, 26, 1, '290000.0000', 1, '350000.0000', 1, 0, 0, '0000-00-00', '100.00000000', 1, '0.00000000', '0.00000000', '0.00000000', 0, 1, 1, 0, 1, 2, 0, 1, NULL, 0, 1, '2020-08-05 13:49:40', '2020-08-05 13:49:40'),
(147, '', '', '', '', '0.0000', '0.0000', '0.0000', 'https://2.pik.vn/2020675a4c03-62ee-44d1-94ee-710263a46083.png', '', '', '', '', '', '', 0, 0, 0, 'https://2.pik.vn/2020f2be7d44-09ce-4e55-9df2-f30ef6a49737.png', '', 0, 26, 1, '290000.0000', 1, '350000.0000', 1, 0, 0, '0000-00-00', '100.00000000', 1, '0.00000000', '0.00000000', '0.00000000', 0, 1, 1, 0, 1, 2, 0, 1, NULL, 0, 1, '2020-08-05 13:49:40', '2020-08-05 13:49:40'),
(148, '', '', '', '', '0.0000', '0.0000', '0.0000', 'https://2.pik.vn/20202bdf65db-9451-4301-8254-4a8af5d3cc9d.png', '', '', '', '', '', '', 0, 0, 0, 'https://2.pik.vn/2020675a4c03-62ee-44d1-94ee-710263a46083.png', '', 0, 26, 1, '290000.0000', 1, '350000.0000', 1, 0, 0, '0000-00-00', '100.00000000', 1, '0.00000000', '0.00000000', '0.00000000', 0, 1, 1, 0, 1, 2, 0, 1, NULL, 0, 1, '2020-08-05 13:49:40', '2020-08-05 13:49:40'),
(149, '', '', '', '', '0.0000', '0.0000', '0.0000', 'https://2.pik.vn/20208057f7aa-0b03-4a8f-9ef3-85a65ce0d3dc.png', '', '', '', '', '', '', 0, 0, 0, 'https://2.pik.vn/20202bdf65db-9451-4301-8254-4a8af5d3cc9d.png', '', 0, 26, 1, '290000.0000', 1, '350000.0000', 1, 0, 0, '0000-00-00', '100.00000000', 1, '0.00000000', '0.00000000', '0.00000000', 0, 1, 1, 0, 1, 2, 0, 1, NULL, 0, 1, '2020-08-05 13:49:41', '2020-08-05 13:49:41'),
(150, '', '', '', '', '0.0000', '0.0000', '0.0000', 'https://2.pik.vn/2020591a8e08-6508-4643-b1c6-79965d3d780c.png', '', '', '', '', '', '', 0, 0, 0, 'https://2.pik.vn/20208057f7aa-0b03-4a8f-9ef3-85a65ce0d3dc.png', '', 0, 26, 1, '290000.0000', 1, '350000.0000', 1, 0, 0, '0000-00-00', '100.00000000', 1, '0.00000000', '0.00000000', '0.00000000', 0, 1, 1, 0, 1, 2, 0, 1, NULL, 0, 1, '2020-08-05 13:49:41', '2020-08-05 13:49:41'),
(151, '', '', '', '', '0.0000', '0.0000', '0.0000', 'https://2.pik.vn/2020ff082fac-22f2-49d3-81da-79bc79d17764.png', '', '', '', '', '', '', 0, 0, 0, 'https://2.pik.vn/2020591a8e08-6508-4643-b1c6-79965d3d780c.png', '', 0, 26, 1, '290000.0000', 1, '350000.0000', 1, 0, 0, '0000-00-00', '100.00000000', 1, '0.00000000', '0.00000000', '0.00000000', 0, 1, 1, 0, 1, 2, 0, 1, NULL, 0, 1, '2020-08-05 13:49:41', '2020-08-05 13:49:41'),
(152, '', '', '', '', '0.0000', '0.0000', '0.0000', 'https://2.pik.vn/20200be58f8e-e244-4b57-bf5c-a20fefb83c5b.png', '', '', '', '', '', '', 0, 0, 0, 'https://2.pik.vn/2020ff082fac-22f2-49d3-81da-79bc79d17764.png', '', 0, 26, 1, '290000.0000', 1, '350000.0000', 1, 0, 0, '0000-00-00', '100.00000000', 1, '0.00000000', '0.00000000', '0.00000000', 0, 1, 1, 0, 1, 2, 0, 1, NULL, 0, 1, '2020-08-05 13:49:41', '2020-08-05 13:49:41'),
(153, '', '', '', '', '0.0000', '0.0000', '0.0000', 'https://2.pik.vn/202012e9dbdf-bbc7-4211-8bcf-8d0c2a7dd10e.png', '', '', '', '', '', '', 0, 0, 0, 'https://2.pik.vn/2020d6aa4774-2b05-43e8-9062-7fbd1fa9c757.png', '', 0, 26, 1, '0.0000', 1, '0.0000', 1, 0, 0, '0000-00-00', '100.00000000', 1, '0.00000000', '0.00000000', '0.00000000', 0, 1, 1, 0, 1, 2, 0, 1, NULL, 0, 1, '2020-08-05 14:15:42', '2020-08-05 14:15:42'),
(154, '', '', '', '', '0.0000', '0.0000', '0.0000', 'https://2.pik.vn/202086ec39dd-ad18-4171-bb3a-ca44a474d40e.png', '', '', '', '', '', '', 0, 0, 0, 'https://2.pik.vn/202012e9dbdf-bbc7-4211-8bcf-8d0c2a7dd10e.png', '', 0, 26, 1, '0.0000', 1, '0.0000', 1, 0, 0, '0000-00-00', '100.00000000', 1, '0.00000000', '0.00000000', '0.00000000', 0, 1, 1, 0, 1, 2, 0, 1, NULL, 0, 1, '2020-08-05 14:15:42', '2020-08-05 14:15:42'),
(155, '', '', '', '', '0.0000', '0.0000', '0.0000', 'https://2.pik.vn/20202e8375e9-5c89-47d5-9b9d-cff0bb2e9125.png', '', '', '', '', '', '', 0, 0, 0, 'https://2.pik.vn/202086ec39dd-ad18-4171-bb3a-ca44a474d40e.png', '', 0, 26, 1, '0.0000', 1, '0.0000', 1, 0, 0, '0000-00-00', '100.00000000', 1, '0.00000000', '0.00000000', '0.00000000', 0, 1, 1, 0, 1, 2, 0, 1, NULL, 0, 1, '2020-08-05 14:15:42', '2020-08-05 14:15:42'),
(156, '', '', '', '', '0.0000', '0.0000', '0.0000', 'https://2.pik.vn/2020f0feb2c6-c118-440b-b86e-f0c2728505ba.png', '', '', '', '', '', '', 0, 0, 0, 'https://2.pik.vn/20202e8375e9-5c89-47d5-9b9d-cff0bb2e9125.png', '', 0, 26, 1, '0.0000', 1, '0.0000', 1, 0, 0, '0000-00-00', '100.00000000', 1, '0.00000000', '0.00000000', '0.00000000', 0, 1, 1, 0, 1, 2, 0, 1, NULL, 0, 1, '2020-08-05 14:15:42', '2020-08-05 14:15:42'),
(157, '', '', '', '', '0.0000', '0.0000', '0.0000', 'https://2.pik.vn/20208963b683-6212-4c8b-8918-78bdacdd1b02.png', '', '', '', '', '', '', 0, 0, 0, 'https://2.pik.vn/2020f0feb2c6-c118-440b-b86e-f0c2728505ba.png', '', 0, 26, 1, '0.0000', 1, '0.0000', 1, 0, 0, '0000-00-00', '100.00000000', 1, '0.00000000', '0.00000000', '0.00000000', 0, 1, 1, 0, 1, 2, 0, 1, NULL, 0, 1, '2020-08-05 14:15:42', '2020-08-05 14:15:42'),
(158, '', '', '', '', '0.0000', '0.0000', '0.0000', 'https://2.pik.vn/20202b54716a-cd0e-4d86-a225-78c6d50e7d9f.png', '', '', '', '', '', '', 0, 0, 0, 'https://2.pik.vn/20208963b683-6212-4c8b-8918-78bdacdd1b02.png', '', 0, 26, 1, '0.0000', 1, '0.0000', 1, 0, 0, '0000-00-00', '100.00000000', 1, '0.00000000', '0.00000000', '0.00000000', 0, 1, 1, 0, 1, 2, 0, 1, NULL, 0, 1, '2020-08-05 14:15:42', '2020-08-05 14:15:42'),
(159, '', '', '', '', '0.0000', '0.0000', '0.0000', 'https://2.pik.vn/2020829eac5c-fc89-4fe2-a8be-c6da9d1f4928.png', '', '', '', '', '', '', 0, 0, 0, 'https://2.pik.vn/20202b54716a-cd0e-4d86-a225-78c6d50e7d9f.png', '', 0, 26, 1, '0.0000', 1, '0.0000', 1, 0, 0, '0000-00-00', '100.00000000', 1, '0.00000000', '0.00000000', '0.00000000', 0, 1, 1, 0, 1, 2, 0, 1, NULL, 0, 1, '2020-08-05 14:15:42', '2020-08-05 14:15:42'),
(160, '', '', '', '', '0.0000', '0.0000', '0.0000', 'https://2.pik.vn/2020d6aa4774-2b05-43e8-9062-7fbd1fa9c757.png', '', '', '', '', '', '', 0, 0, 0, 'https://2.pik.vn/2020829eac5c-fc89-4fe2-a8be-c6da9d1f4928.png', '', 0, 26, 1, '0.0000', 1, '0.0000', 1, 0, 0, '0000-00-00', '100.00000000', 1, '0.00000000', '0.00000000', '0.00000000', 0, 1, 1, 0, 1, 2, 0, 1, NULL, 0, 1, '2020-08-05 14:15:42', '2020-08-05 14:15:42'),
(161, '', '', '', '', '200000.0000', '180000.0000', '80000.0000', '', '', '', '', '', '', '', 0, 1, 0, 'https://cdn.bestme.asia/images/x2/banner1-100-1.jpg', '', 1, 0, 1, '0.0000', 1, '0.0000', 1, 0, 0, '0000-00-00', '800.00000000', 1, '0.00000000', '0.00000000', '0.00000000', 0, 1, 1, 0, 1, 2, 0, 1, NULL, 0, 1, '2020-08-12 17:16:45', '2020-08-12 17:29:13');

-- restore soft-deleted products if demo
UPDATE `oc_product` SET `deleted` = NULL
WHERE `demo` = 1
  AND `product_id` IN (
   104,
   105,
   106,
   107,
   108,
   109,
   110,
   111,
   112,
   113,
   114,
   115,
   116,
   117,
   118,
   119,
   120,
   121,
   122,
   123,
   124,
   125,
   126,
   127,
   128,
   129,
   130,
   131,
   132,
   133,
   134,
   135,
   136,
   137,
   138,
   139,
   140,
   141,
   142,
   143,
   144,
   145,
   146,
   147,
   148,
   149,
   150,
   151,
   152,
   153,
   154,
   155,
   156,
   157,
   158,
   159,
   160,
   161
  );

-- oc_product_collection PRIMARY KEY (`product_collection_id`)
INSERT IGNORE INTO `oc_product_collection` (`product_collection_id`, `product_id`, `collection_id`, `sort_order`) VALUES
(151, 120, 10, 0),
(230, 135, 9, 8),
(229, 134, 9, 7),
(228, 133, 9, 6),
(227, 132, 9, 5),
(226, 131, 9, 4),
(225, 130, 9, 3),
(224, 129, 9, 2),
(223, 128, 9, 1),
(142, 119, 8, 0),
(141, 118, 8, 0),
(140, 117, 8, 0),
(139, 116, 8, 0),
(138, 115, 8, 0),
(137, 114, 8, 0),
(136, 113, 8, 0),
(135, 112, 8, 0),
(152, 121, 10, 0),
(153, 122, 10, 0),
(154, 123, 10, 0),
(155, 124, 10, 0),
(156, 125, 10, 0),
(157, 126, 10, 0),
(158, 127, 10, 0),
(222, 160, 11, 8),
(221, 159, 11, 7),
(220, 158, 11, 6),
(219, 157, 11, 5),
(218, 156, 11, 4),
(217, 155, 11, 3),
(216, 154, 11, 2),
(215, 153, 11, 1),
(214, 143, 12, 8),
(213, 142, 12, 7),
(212, 141, 12, 6),
(211, 140, 12, 5),
(210, 139, 12, 4),
(209, 138, 12, 3),
(208, 137, 12, 2),
(207, 136, 12, 1),
(175, 104, 13, 0),
(176, 105, 13, 0),
(177, 106, 13, 0),
(178, 107, 13, 0),
(179, 108, 13, 0),
(180, 109, 13, 0),
(181, 110, 13, 0),
(182, 111, 13, 0),
(183, 154, 14, 0),
(184, 155, 14, 0),
(185, 156, 14, 0),
(186, 136, 14, 0),
(187, 137, 14, 0),
(188, 138, 14, 0),
(189, 121, 14, 0),
(190, 122, 14, 0),
(206, 151, 15, 8),
(205, 150, 15, 7),
(204, 149, 15, 6),
(203, 148, 15, 5),
(202, 147, 15, 4),
(201, 146, 15, 3),
(200, 145, 15, 2),
(199, 144, 15, 1),
(242, 161, 18, 0),
(238, 111, 18, 0),
(237, 110, 18, 0),
(236, 109, 18, 0),
(235, 108, 18, 0),
(234, 107, 18, 0),
(233, 106, 18, 0),
(232, 105, 18, 0),
(231, 104, 18, 0);

-- oc_product_description PRIMARY KEY (`product_id`,`language_id`)
INSERT IGNORE INTO `oc_product_description` (`product_id`, `language_id`, `name`, `description`, `sub_description`, `seo_title`, `seo_description`, `tag`, `meta_title`, `meta_description`, `meta_keyword`) VALUES
(104, 2, 'Áo cưới VMTX - 366 Minimalist tùng xòe cổ thuyền tay lửng đính ren A01', 'Váy cưới Carla cổ yếm trẻ trung, gợi cảm giúp cô dâu khoe khéo được bờ vai gầy mềm mại. Phong cách truyền thống kết hợp với hiện đại làm cho cô dâu vừa cổ điển sang trọng vừa trẻ trung, gợi cảm. \n\nVáy cưới Carla giúp cô dâu tỏa sáng như một nàng công chúa kiều diễm với chiếc váy cưới cổ yếm đắp ren sang trọng, tinh tế cùng thân váy voan xòe bồng bềnh. Gam màu trắng thanh lịch cũng giúp làm nổi bật làn da của cô dâu dưới ánh đèn đêm tiệc', ' - Giá thuê: 6,000,000 VNĐ \n\n- Giá bán váy có sẵn: 8,000,000  VNĐ\n\n- Giá may mới theo số đo (chất liệu và họa tiết có thể thay đổi tùy thời điểm): 12,000,000 VNĐ', '', '', '', '', '', ''),
(105, 2, 'Áo cưới VMTX - 366 Minimalist tùng xòe cổ thuyền tay lửng đính ren A02', 'Váy cưới Carla cổ yếm trẻ trung, gợi cảm giúp cô dâu khoe khéo được bờ vai gầy mềm mại. Phong cách truyền thống kết hợp với hiện đại làm cho cô dâu vừa cổ điển sang trọng vừa trẻ trung, gợi cảm. \n\nVáy cưới Carla giúp cô dâu tỏa sáng như một nàng công chúa kiều diễm với chiếc váy cưới cổ yếm đắp ren sang trọng, tinh tế cùng thân váy voan xòe bồng bềnh. Gam màu trắng thanh lịch cũng giúp làm nổi bật làn da của cô dâu dưới ánh đèn đêm tiệc', ' - Giá thuê: 6,000,000 VNĐ \n\n- Giá bán váy có sẵn: 8,000,000  VNĐ\n\n- Giá may mới theo số đo (chất liệu và họa tiết có thể thay đổi tùy thời điểm): 12,000,000 VNĐ', '', '', '', '', '', ''),
(106, 2, 'Áo cưới VMTX - 366 Minimalist tùng xòe cổ thuyền tay lửng đính ren A03', 'Váy cưới Carla cổ yếm trẻ trung, gợi cảm giúp cô dâu khoe khéo được bờ vai gầy mềm mại. Phong cách truyền thống kết hợp với hiện đại làm cho cô dâu vừa cổ điển sang trọng vừa trẻ trung, gợi cảm. \n\nVáy cưới Carla giúp cô dâu tỏa sáng như một nàng công chúa kiều diễm với chiếc váy cưới cổ yếm đắp ren sang trọng, tinh tế cùng thân váy voan xòe bồng bềnh. Gam màu trắng thanh lịch cũng giúp làm nổi bật làn da của cô dâu dưới ánh đèn đêm tiệc', ' - Giá thuê: 6,000,000 VNĐ \n\n- Giá bán váy có sẵn: 8,000,000  VNĐ\n\n- Giá may mới theo số đo (chất liệu và họa tiết có thể thay đổi tùy thời điểm): 12,000,000 VNĐ', '', '', '', '', '', ''),
(107, 2, 'Áo cưới VMTX - 366 Minimalist tùng xòe cổ thuyền tay lửng đính ren A04', 'Váy cưới Carla cổ yếm trẻ trung, gợi cảm giúp cô dâu khoe khéo được bờ vai gầy mềm mại. Phong cách truyền thống kết hợp với hiện đại làm cho cô dâu vừa cổ điển sang trọng vừa trẻ trung, gợi cảm. \n\nVáy cưới Carla giúp cô dâu tỏa sáng như một nàng công chúa kiều diễm với chiếc váy cưới cổ yếm đắp ren sang trọng, tinh tế cùng thân váy voan xòe bồng bềnh. Gam màu trắng thanh lịch cũng giúp làm nổi bật làn da của cô dâu dưới ánh đèn đêm tiệc', ' - Giá thuê: 6,000,000 VNĐ \n\n- Giá bán váy có sẵn: 8,000,000  VNĐ\n\n- Giá may mới theo số đo (chất liệu và họa tiết có thể thay đổi tùy thời điểm): 12,000,000 VNĐ', '', '', '', '', '', ''),
(108, 2, 'Áo cưới VMTX - 366 Minimalist tùng xòe cổ thuyền tay lửng đính ren A05', 'Váy cưới Carla cổ yếm trẻ trung, gợi cảm giúp cô dâu khoe khéo được bờ vai gầy mềm mại. Phong cách truyền thống kết hợp với hiện đại làm cho cô dâu vừa cổ điển sang trọng vừa trẻ trung, gợi cảm. \n\nVáy cưới Carla giúp cô dâu tỏa sáng như một nàng công chúa kiều diễm với chiếc váy cưới cổ yếm đắp ren sang trọng, tinh tế cùng thân váy voan xòe bồng bềnh. Gam màu trắng thanh lịch cũng giúp làm nổi bật làn da của cô dâu dưới ánh đèn đêm tiệc', ' - Giá thuê: 6,000,000 VNĐ \n\n- Giá bán váy có sẵn: 8,000,000  VNĐ\n\n- Giá may mới theo số đo (chất liệu và họa tiết có thể thay đổi tùy thời điểm): 12,000,000 VNĐ', '', '', '', '', '', ''),
(109, 2, 'Áo cưới VMTX - 366 Minimalist tùng xòe cổ thuyền tay lửng đính ren A06', 'Váy cưới Carla cổ yếm trẻ trung, gợi cảm giúp cô dâu khoe khéo được bờ vai gầy mềm mại. Phong cách truyền thống kết hợp với hiện đại làm cho cô dâu vừa cổ điển sang trọng vừa trẻ trung, gợi cảm. \n\nVáy cưới Carla giúp cô dâu tỏa sáng như một nàng công chúa kiều diễm với chiếc váy cưới cổ yếm đắp ren sang trọng, tinh tế cùng thân váy voan xòe bồng bềnh. Gam màu trắng thanh lịch cũng giúp làm nổi bật làn da của cô dâu dưới ánh đèn đêm tiệc', ' - Giá thuê: 6,000,000 VNĐ \n\n- Giá bán váy có sẵn: 8,000,000  VNĐ\n\n- Giá may mới theo số đo (chất liệu và họa tiết có thể thay đổi tùy thời điểm): 12,000,000 VNĐ', '', '', '', '', '', ''),
(110, 2, 'Áo cưới VMTX - 366 Minimalist tùng xòe cổ thuyền tay lửng đính ren A07', 'Váy cưới Carla cổ yếm trẻ trung, gợi cảm giúp cô dâu khoe khéo được bờ vai gầy mềm mại. Phong cách truyền thống kết hợp với hiện đại làm cho cô dâu vừa cổ điển sang trọng vừa trẻ trung, gợi cảm. \n\nVáy cưới Carla giúp cô dâu tỏa sáng như một nàng công chúa kiều diễm với chiếc váy cưới cổ yếm đắp ren sang trọng, tinh tế cùng thân váy voan xòe bồng bềnh. Gam màu trắng thanh lịch cũng giúp làm nổi bật làn da của cô dâu dưới ánh đèn đêm tiệc', ' - Giá thuê: 6,000,000 VNĐ \n\n- Giá bán váy có sẵn: 8,000,000  VNĐ\n\n- Giá may mới theo số đo (chất liệu và họa tiết có thể thay đổi tùy thời điểm): 12,000,000 VNĐ', '', '', '', '', '', ''),
(111, 2, 'Áo cưới VMTX - 366 Minimalist tùng xòe cổ thuyền tay lửng đính ren A08', 'Váy cưới Carla cổ yếm trẻ trung, gợi cảm giúp cô dâu khoe khéo được bờ vai gầy mềm mại. Phong cách truyền thống kết hợp với hiện đại làm cho cô dâu vừa cổ điển sang trọng vừa trẻ trung, gợi cảm. \n\nVáy cưới Carla giúp cô dâu tỏa sáng như một nàng công chúa kiều diễm với chiếc váy cưới cổ yếm đắp ren sang trọng, tinh tế cùng thân váy voan xòe bồng bềnh. Gam màu trắng thanh lịch cũng giúp làm nổi bật làn da của cô dâu dưới ánh đèn đêm tiệc', ' - Giá thuê: 6,000,000 VNĐ \n\n- Giá bán váy có sẵn: 8,000,000  VNĐ\n\n- Giá may mới theo số đo (chất liệu và họa tiết có thể thay đổi tùy thời điểm): 12,000,000 VNĐ', '', '', '', '', '', ''),
(112, 2, 'Váy cưới cho mẹ bầu xinh đẹp B01', 'Váy cưới Carla cổ yếm trẻ trung, gợi cảm giúp cô dâu khoe khéo được bờ vai gầy mềm mại. Phong cách truyền thống kết hợp với hiện đại làm cho cô dâu vừa cổ điển sang trọng vừa trẻ trung, gợi cảm. \n\nVáy cưới Carla giúp cô dâu tỏa sáng như một nàng công chúa kiều diễm với chiếc váy cưới cổ yếm đắp ren sang trọng, tinh tế cùng thân váy voan xòe bồng bềnh. Gam màu trắng thanh lịch cũng giúp làm nổi bật làn da của cô dâu dưới ánh đèn đêm tiệc', ' - Giá thuê: 6,000,000 VNĐ \n\n- Giá bán váy có sẵn: 8,000,000  VNĐ\n\n- Giá may mới theo số đo (chất liệu và họa tiết có thể thay đổi tùy thời điểm): 12,000,000 VNĐ', '', '', '', '', '', ''),
(113, 2, 'Váy cưới cho mẹ bầu xinh đẹp B02', 'Váy cưới Carla cổ yếm trẻ trung, gợi cảm giúp cô dâu khoe khéo được bờ vai gầy mềm mại. Phong cách truyền thống kết hợp với hiện đại làm cho cô dâu vừa cổ điển sang trọng vừa trẻ trung, gợi cảm. \n\nVáy cưới Carla giúp cô dâu tỏa sáng như một nàng công chúa kiều diễm với chiếc váy cưới cổ yếm đắp ren sang trọng, tinh tế cùng thân váy voan xòe bồng bềnh. Gam màu trắng thanh lịch cũng giúp làm nổi bật làn da của cô dâu dưới ánh đèn đêm tiệc', ' - Giá thuê: 6,000,000 VNĐ \n\n- Giá bán váy có sẵn: 8,000,000  VNĐ\n\n- Giá may mới theo số đo (chất liệu và họa tiết có thể thay đổi tùy thời điểm): 12,000,000 VNĐ', '', '', '', '', '', ''),
(114, 2, 'Váy cưới cho mẹ bầu xinh đẹp B03', 'Váy cưới Carla cổ yếm trẻ trung, gợi cảm giúp cô dâu khoe khéo được bờ vai gầy mềm mại. Phong cách truyền thống kết hợp với hiện đại làm cho cô dâu vừa cổ điển sang trọng vừa trẻ trung, gợi cảm. \n\nVáy cưới Carla giúp cô dâu tỏa sáng như một nàng công chúa kiều diễm với chiếc váy cưới cổ yếm đắp ren sang trọng, tinh tế cùng thân váy voan xòe bồng bềnh. Gam màu trắng thanh lịch cũng giúp làm nổi bật làn da của cô dâu dưới ánh đèn đêm tiệc', ' - Giá thuê: 6,000,000 VNĐ \n\n- Giá bán váy có sẵn: 8,000,000  VNĐ\n\n- Giá may mới theo số đo (chất liệu và họa tiết có thể thay đổi tùy thời điểm): 12,000,000 VNĐ', '', '', '', '', '', ''),
(115, 2, 'Váy cưới cho mẹ bầu xinh đẹp B04', 'Váy cưới Carla cổ yếm trẻ trung, gợi cảm giúp cô dâu khoe khéo được bờ vai gầy mềm mại. Phong cách truyền thống kết hợp với hiện đại làm cho cô dâu vừa cổ điển sang trọng vừa trẻ trung, gợi cảm. \n\nVáy cưới Carla giúp cô dâu tỏa sáng như một nàng công chúa kiều diễm với chiếc váy cưới cổ yếm đắp ren sang trọng, tinh tế cùng thân váy voan xòe bồng bềnh. Gam màu trắng thanh lịch cũng giúp làm nổi bật làn da của cô dâu dưới ánh đèn đêm tiệc', ' - Giá thuê: 6,000,000 VNĐ \n\n- Giá bán váy có sẵn: 8,000,000  VNĐ\n\n- Giá may mới theo số đo (chất liệu và họa tiết có thể thay đổi tùy thời điểm): 12,000,000 VNĐ', '', '', '', '', '', ''),
(116, 2, 'Váy cưới cho mẹ bầu xinh đẹp B05', 'Váy cưới Carla cổ yếm trẻ trung, gợi cảm giúp cô dâu khoe khéo được bờ vai gầy mềm mại. Phong cách truyền thống kết hợp với hiện đại làm cho cô dâu vừa cổ điển sang trọng vừa trẻ trung, gợi cảm. \n\nVáy cưới Carla giúp cô dâu tỏa sáng như một nàng công chúa kiều diễm với chiếc váy cưới cổ yếm đắp ren sang trọng, tinh tế cùng thân váy voan xòe bồng bềnh. Gam màu trắng thanh lịch cũng giúp làm nổi bật làn da của cô dâu dưới ánh đèn đêm tiệc', ' - Giá thuê: 6,000,000 VNĐ \n\n- Giá bán váy có sẵn: 8,000,000  VNĐ\n\n- Giá may mới theo số đo (chất liệu và họa tiết có thể thay đổi tùy thời điểm): 12,000,000 VNĐ', '', '', '', '', '', ''),
(117, 2, 'Váy cưới cho mẹ bầu xinh đẹp B06', 'Váy cưới Carla cổ yếm trẻ trung, gợi cảm giúp cô dâu khoe khéo được bờ vai gầy mềm mại. Phong cách truyền thống kết hợp với hiện đại làm cho cô dâu vừa cổ điển sang trọng vừa trẻ trung, gợi cảm. \n\nVáy cưới Carla giúp cô dâu tỏa sáng như một nàng công chúa kiều diễm với chiếc váy cưới cổ yếm đắp ren sang trọng, tinh tế cùng thân váy voan xòe bồng bềnh. Gam màu trắng thanh lịch cũng giúp làm nổi bật làn da của cô dâu dưới ánh đèn đêm tiệc', ' - Giá thuê: 6,000,000 VNĐ \n\n- Giá bán váy có sẵn: 8,000,000  VNĐ\n\n- Giá may mới theo số đo (chất liệu và họa tiết có thể thay đổi tùy thời điểm): 12,000,000 VNĐ', '', '', '', '', '', ''),
(118, 2, 'Váy cưới cho mẹ bầu xinh đẹp B07', 'Váy cưới Carla cổ yếm trẻ trung, gợi cảm giúp cô dâu khoe khéo được bờ vai gầy mềm mại. Phong cách truyền thống kết hợp với hiện đại làm cho cô dâu vừa cổ điển sang trọng vừa trẻ trung, gợi cảm. \n\nVáy cưới Carla giúp cô dâu tỏa sáng như một nàng công chúa kiều diễm với chiếc váy cưới cổ yếm đắp ren sang trọng, tinh tế cùng thân váy voan xòe bồng bềnh. Gam màu trắng thanh lịch cũng giúp làm nổi bật làn da của cô dâu dưới ánh đèn đêm tiệc', ' - Giá thuê: 6,000,000 VNĐ \n\n- Giá bán váy có sẵn: 8,000,000  VNĐ\n\n- Giá may mới theo số đo (chất liệu và họa tiết có thể thay đổi tùy thời điểm): 12,000,000 VNĐ', '', '', '', '', '', ''),
(119, 2, 'Váy cưới cho mẹ bầu xinh đẹp B08', 'Váy cưới Carla cổ yếm trẻ trung, gợi cảm giúp cô dâu khoe khéo được bờ vai gầy mềm mại. Phong cách truyền thống kết hợp với hiện đại làm cho cô dâu vừa cổ điển sang trọng vừa trẻ trung, gợi cảm. \n\nVáy cưới Carla giúp cô dâu tỏa sáng như một nàng công chúa kiều diễm với chiếc váy cưới cổ yếm đắp ren sang trọng, tinh tế cùng thân váy voan xòe bồng bềnh. Gam màu trắng thanh lịch cũng giúp làm nổi bật làn da của cô dâu dưới ánh đèn đêm tiệc', ' - Giá thuê: 6,000,000 VNĐ \n\n- Giá bán váy có sẵn: 8,000,000  VNĐ\n\n- Giá may mới theo số đo (chất liệu và họa tiết có thể thay đổi tùy thời điểm): 12,000,000 VNĐ', '', '', '', '', '', ''),
(120, 2, 'Váy cưới bó sát - Minimalist - M01', 'Váy cưới Carla cổ yếm trẻ trung, gợi cảm giúp cô dâu khoe khéo được bờ vai gầy mềm mại. Phong cách truyền thống kết hợp với hiện đại làm cho cô dâu vừa cổ điển sang trọng vừa trẻ trung, gợi cảm. \n\nVáy cưới Carla giúp cô dâu tỏa sáng như một nàng công chúa kiều diễm với chiếc váy cưới cổ yếm đắp ren sang trọng, tinh tế cùng thân váy voan xòe bồng bềnh. Gam màu trắng thanh lịch cũng giúp làm nổi bật làn da của cô dâu dưới ánh đèn đêm tiệc', ' - Giá thuê: 6,000,000 VNĐ \n\n- Giá bán váy có sẵn: 8,000,000  VNĐ\n\n- Giá may mới theo số đo (chất liệu và họa tiết có thể thay đổi tùy thời điểm): 12,000,000 VNĐ', '', '', '', '', '', ''),
(121, 2, 'Váy cưới bó sát - Minimalist - M02', 'Váy cưới Carla cổ yếm trẻ trung, gợi cảm giúp cô dâu khoe khéo được bờ vai gầy mềm mại. Phong cách truyền thống kết hợp với hiện đại làm cho cô dâu vừa cổ điển sang trọng vừa trẻ trung, gợi cảm. \n\nVáy cưới Carla giúp cô dâu tỏa sáng như một nàng công chúa kiều diễm với chiếc váy cưới cổ yếm đắp ren sang trọng, tinh tế cùng thân váy voan xòe bồng bềnh. Gam màu trắng thanh lịch cũng giúp làm nổi bật làn da của cô dâu dưới ánh đèn đêm tiệc', ' - Giá thuê: 6,000,000 VNĐ \n\n- Giá bán váy có sẵn: 8,000,000  VNĐ\n\n- Giá may mới theo số đo (chất liệu và họa tiết có thể thay đổi tùy thời điểm): 12,000,000 VNĐ', '', '', '', '', '', ''),
(122, 2, 'Váy cưới bó sát - Minimalist - M03', 'Váy cưới Carla cổ yếm trẻ trung, gợi cảm giúp cô dâu khoe khéo được bờ vai gầy mềm mại. Phong cách truyền thống kết hợp với hiện đại làm cho cô dâu vừa cổ điển sang trọng vừa trẻ trung, gợi cảm. \n\nVáy cưới Carla giúp cô dâu tỏa sáng như một nàng công chúa kiều diễm với chiếc váy cưới cổ yếm đắp ren sang trọng, tinh tế cùng thân váy voan xòe bồng bềnh. Gam màu trắng thanh lịch cũng giúp làm nổi bật làn da của cô dâu dưới ánh đèn đêm tiệc', ' - Giá thuê: 6,000,000 VNĐ \n\n- Giá bán váy có sẵn: 8,000,000  VNĐ\n\n- Giá may mới theo số đo (chất liệu và họa tiết có thể thay đổi tùy thời điểm): 12,000,000 VNĐ', '', '', '', '', '', ''),
(123, 2, 'Váy cưới bó sát - Minimalist - M04', 'Váy cưới Carla cổ yếm trẻ trung, gợi cảm giúp cô dâu khoe khéo được bờ vai gầy mềm mại. Phong cách truyền thống kết hợp với hiện đại làm cho cô dâu vừa cổ điển sang trọng vừa trẻ trung, gợi cảm. \n\nVáy cưới Carla giúp cô dâu tỏa sáng như một nàng công chúa kiều diễm với chiếc váy cưới cổ yếm đắp ren sang trọng, tinh tế cùng thân váy voan xòe bồng bềnh. Gam màu trắng thanh lịch cũng giúp làm nổi bật làn da của cô dâu dưới ánh đèn đêm tiệc', ' - Giá thuê: 6,000,000 VNĐ \n\n- Giá bán váy có sẵn: 8,000,000  VNĐ\n\n- Giá may mới theo số đo (chất liệu và họa tiết có thể thay đổi tùy thời điểm): 12,000,000 VNĐ', '', '', '', '', '', ''),
(124, 2, 'Váy cưới bó sát - Minimalist - M05', 'Váy cưới Carla cổ yếm trẻ trung, gợi cảm giúp cô dâu khoe khéo được bờ vai gầy mềm mại. Phong cách truyền thống kết hợp với hiện đại làm cho cô dâu vừa cổ điển sang trọng vừa trẻ trung, gợi cảm. \n\nVáy cưới Carla giúp cô dâu tỏa sáng như một nàng công chúa kiều diễm với chiếc váy cưới cổ yếm đắp ren sang trọng, tinh tế cùng thân váy voan xòe bồng bềnh. Gam màu trắng thanh lịch cũng giúp làm nổi bật làn da của cô dâu dưới ánh đèn đêm tiệc', ' - Giá thuê: 6,000,000 VNĐ \n\n- Giá bán váy có sẵn: 8,000,000  VNĐ\n\n- Giá may mới theo số đo (chất liệu và họa tiết có thể thay đổi tùy thời điểm): 12,000,000 VNĐ', '', '', '', '', '', ''),
(125, 2, 'Váy cưới bó sát - Minimalist - M06', 'Váy cưới Carla cổ yếm trẻ trung, gợi cảm giúp cô dâu khoe khéo được bờ vai gầy mềm mại. Phong cách truyền thống kết hợp với hiện đại làm cho cô dâu vừa cổ điển sang trọng vừa trẻ trung, gợi cảm. \n\nVáy cưới Carla giúp cô dâu tỏa sáng như một nàng công chúa kiều diễm với chiếc váy cưới cổ yếm đắp ren sang trọng, tinh tế cùng thân váy voan xòe bồng bềnh. Gam màu trắng thanh lịch cũng giúp làm nổi bật làn da của cô dâu dưới ánh đèn đêm tiệc', ' - Giá thuê: 6,000,000 VNĐ \n\n- Giá bán váy có sẵn: 8,000,000  VNĐ\n\n- Giá may mới theo số đo (chất liệu và họa tiết có thể thay đổi tùy thời điểm): 12,000,000 VNĐ', '', '', '', '', '', ''),
(126, 2, 'Váy cưới bó sát - Minimalist - M07', 'Váy cưới Carla cổ yếm trẻ trung, gợi cảm giúp cô dâu khoe khéo được bờ vai gầy mềm mại. Phong cách truyền thống kết hợp với hiện đại làm cho cô dâu vừa cổ điển sang trọng vừa trẻ trung, gợi cảm. \n\nVáy cưới Carla giúp cô dâu tỏa sáng như một nàng công chúa kiều diễm với chiếc váy cưới cổ yếm đắp ren sang trọng, tinh tế cùng thân váy voan xòe bồng bềnh. Gam màu trắng thanh lịch cũng giúp làm nổi bật làn da của cô dâu dưới ánh đèn đêm tiệc', ' - Giá thuê: 6,000,000 VNĐ \n\n- Giá bán váy có sẵn: 8,000,000  VNĐ\n\n- Giá may mới theo số đo (chất liệu và họa tiết có thể thay đổi tùy thời điểm): 12,000,000 VNĐ', '', '', '', '', '', ''),
(127, 2, 'Váy cưới bó sát - Minimalist - M08', 'Váy cưới Carla cổ yếm trẻ trung, gợi cảm giúp cô dâu khoe khéo được bờ vai gầy mềm mại. Phong cách truyền thống kết hợp với hiện đại làm cho cô dâu vừa cổ điển sang trọng vừa trẻ trung, gợi cảm. \n\nVáy cưới Carla giúp cô dâu tỏa sáng như một nàng công chúa kiều diễm với chiếc váy cưới cổ yếm đắp ren sang trọng, tinh tế cùng thân váy voan xòe bồng bềnh. Gam màu trắng thanh lịch cũng giúp làm nổi bật làn da của cô dâu dưới ánh đèn đêm tiệc', ' - Giá thuê: 6,000,000 VNĐ \n\n- Giá bán váy có sẵn: 8,000,000  VNĐ\n\n- Giá may mới theo số đo (chất liệu và họa tiết có thể thay đổi tùy thời điểm): 12,000,000 VNĐ', '', '', '', '', '', ''),
(128, 2, 'VEST CƯỚI ĐẸP XU HƯỚNG 2020 CHO MỌI CHÚ RỂ - V01', 'Thông tin về bộ vest đồng phục DPV0001\nBộ sản phẩm bao gồm: áo vest nam, quần âu\n\nMàu sắc: Màu đen\n\nChất liệu: vải terin ford nhập\n\nKiểu dáng: Áo vest nam được thiết kế dáng ôm cực kỳ tôn dáng, năng động, trẻ trung. Phù hợp với nhiều kiểu dáng người, mang lại cảm giác thanh thoát, cao ráo cho nam giới. Thiết kế đơn giản với điểm nhấn tại cổ áo, chiết eo 2 bên hông áo. Đồng phục vest DPV001 phù hợp cho các bạn nam trẻ trung, năng động.\n\nĐối tượng sử dụng: nhân viên công sở, nhân viên khách sạn, nhân viên công ty', ' - Chúng tôi cam kết tới khách hàng những sản phẩm tốt nhất với chi phí thấp nhất\n- Giao hàng Miễn phí toàn quốc cho mọi đơn hàng\n- Thời gian làm việc từ 8h – 17h30\n\nLàm việc từ T2 – T7', '', '', '', '', '', ''),
(129, 2, 'VEST CƯỚI ĐẸP XU HƯỚNG 2020 CHO MỌI CHÚ RỂ - V02', 'Thông tin về bộ vest đồng phục DPV0001\nBộ sản phẩm bao gồm: áo vest nam, quần âu\n\nMàu sắc: Màu đen\n\nChất liệu: vải terin ford nhập\n\nKiểu dáng: Áo vest nam được thiết kế dáng ôm cực kỳ tôn dáng, năng động, trẻ trung. Phù hợp với nhiều kiểu dáng người, mang lại cảm giác thanh thoát, cao ráo cho nam giới. Thiết kế đơn giản với điểm nhấn tại cổ áo, chiết eo 2 bên hông áo. Đồng phục vest DPV001 phù hợp cho các bạn nam trẻ trung, năng động.\n\nĐối tượng sử dụng: nhân viên công sở, nhân viên khách sạn, nhân viên công ty', ' - Chúng tôi cam kết tới khách hàng những sản phẩm tốt nhất với chi phí thấp nhất\n- Giao hàng Miễn phí toàn quốc cho mọi đơn hàng\n- Thời gian làm việc từ 8h – 17h30\n\nLàm việc từ T2 – T7', '', '', '', '', '', ''),
(130, 2, 'VEST CƯỚI ĐẸP XU HƯỚNG 2020 CHO MỌI CHÚ RỂ - V03', 'Thông tin về bộ vest đồng phục DPV0001\nBộ sản phẩm bao gồm: áo vest nam, quần âu\n\nMàu sắc: Màu đen\n\nChất liệu: vải terin ford nhập\n\nKiểu dáng: Áo vest nam được thiết kế dáng ôm cực kỳ tôn dáng, năng động, trẻ trung. Phù hợp với nhiều kiểu dáng người, mang lại cảm giác thanh thoát, cao ráo cho nam giới. Thiết kế đơn giản với điểm nhấn tại cổ áo, chiết eo 2 bên hông áo. Đồng phục vest DPV001 phù hợp cho các bạn nam trẻ trung, năng động.\n\nĐối tượng sử dụng: nhân viên công sở, nhân viên khách sạn, nhân viên công ty', ' - Chúng tôi cam kết tới khách hàng những sản phẩm tốt nhất với chi phí thấp nhất\n- Giao hàng Miễn phí toàn quốc cho mọi đơn hàng\n- Thời gian làm việc từ 8h – 17h30\n\nLàm việc từ T2 – T7', '', '', '', '', '', ''),
(131, 2, 'VEST CƯỚI ĐẸP XU HƯỚNG 2020 CHO MỌI CHÚ RỂ - V04', 'Thông tin về bộ vest đồng phục DPV0001\nBộ sản phẩm bao gồm: áo vest nam, quần âu\n\nMàu sắc: Màu đen\n\nChất liệu: vải terin ford nhập\n\nKiểu dáng: Áo vest nam được thiết kế dáng ôm cực kỳ tôn dáng, năng động, trẻ trung. Phù hợp với nhiều kiểu dáng người, mang lại cảm giác thanh thoát, cao ráo cho nam giới. Thiết kế đơn giản với điểm nhấn tại cổ áo, chiết eo 2 bên hông áo. Đồng phục vest DPV001 phù hợp cho các bạn nam trẻ trung, năng động.\n\nĐối tượng sử dụng: nhân viên công sở, nhân viên khách sạn, nhân viên công ty', ' - Chúng tôi cam kết tới khách hàng những sản phẩm tốt nhất với chi phí thấp nhất\n- Giao hàng Miễn phí toàn quốc cho mọi đơn hàng\n- Thời gian làm việc từ 8h – 17h30\n\nLàm việc từ T2 – T7', '', '', '', '', '', ''),
(132, 2, 'VEST CƯỚI ĐẸP XU HƯỚNG 2020 CHO MỌI CHÚ RỂ - V05', 'Thông tin về bộ vest đồng phục DPV0001\nBộ sản phẩm bao gồm: áo vest nam, quần âu\n\nMàu sắc: Màu đen\n\nChất liệu: vải terin ford nhập\n\nKiểu dáng: Áo vest nam được thiết kế dáng ôm cực kỳ tôn dáng, năng động, trẻ trung. Phù hợp với nhiều kiểu dáng người, mang lại cảm giác thanh thoát, cao ráo cho nam giới. Thiết kế đơn giản với điểm nhấn tại cổ áo, chiết eo 2 bên hông áo. Đồng phục vest DPV001 phù hợp cho các bạn nam trẻ trung, năng động.\n\nĐối tượng sử dụng: nhân viên công sở, nhân viên khách sạn, nhân viên công ty', ' - Chúng tôi cam kết tới khách hàng những sản phẩm tốt nhất với chi phí thấp nhất\n- Giao hàng Miễn phí toàn quốc cho mọi đơn hàng\n- Thời gian làm việc từ 8h – 17h30\n\nLàm việc từ T2 – T7', '', '', '', '', '', ''),
(133, 2, 'VEST CƯỚI ĐẸP XU HƯỚNG 2020 CHO MỌI CHÚ RỂ - V06', 'Thông tin về bộ vest đồng phục DPV0001\nBộ sản phẩm bao gồm: áo vest nam, quần âu\n\nMàu sắc: Màu đen\n\nChất liệu: vải terin ford nhập\n\nKiểu dáng: Áo vest nam được thiết kế dáng ôm cực kỳ tôn dáng, năng động, trẻ trung. Phù hợp với nhiều kiểu dáng người, mang lại cảm giác thanh thoát, cao ráo cho nam giới. Thiết kế đơn giản với điểm nhấn tại cổ áo, chiết eo 2 bên hông áo. Đồng phục vest DPV001 phù hợp cho các bạn nam trẻ trung, năng động.\n\nĐối tượng sử dụng: nhân viên công sở, nhân viên khách sạn, nhân viên công ty', ' - Chúng tôi cam kết tới khách hàng những sản phẩm tốt nhất với chi phí thấp nhất\n- Giao hàng Miễn phí toàn quốc cho mọi đơn hàng\n- Thời gian làm việc từ 8h – 17h30\n\nLàm việc từ T2 – T7', '', '', '', '', '', ''),
(134, 2, 'VEST CƯỚI ĐẸP XU HƯỚNG 2020 CHO MỌI CHÚ RỂ - V07', 'Thông tin về bộ vest đồng phục DPV0001\nBộ sản phẩm bao gồm: áo vest nam, quần âu\n\nMàu sắc: Màu đen\n\nChất liệu: vải terin ford nhập\n\nKiểu dáng: Áo vest nam được thiết kế dáng ôm cực kỳ tôn dáng, năng động, trẻ trung. Phù hợp với nhiều kiểu dáng người, mang lại cảm giác thanh thoát, cao ráo cho nam giới. Thiết kế đơn giản với điểm nhấn tại cổ áo, chiết eo 2 bên hông áo. Đồng phục vest DPV001 phù hợp cho các bạn nam trẻ trung, năng động.\n\nĐối tượng sử dụng: nhân viên công sở, nhân viên khách sạn, nhân viên công ty', ' - Chúng tôi cam kết tới khách hàng những sản phẩm tốt nhất với chi phí thấp nhất\n- Giao hàng Miễn phí toàn quốc cho mọi đơn hàng\n- Thời gian làm việc từ 8h – 17h30\n\nLàm việc từ T2 – T7', '', '', '', '', '', ''),
(135, 2, 'VEST CƯỚI ĐẸP XU HƯỚNG 2020 CHO MỌI CHÚ RỂ - V08', 'Thông tin về bộ vest đồng phục DPV0001\nBộ sản phẩm bao gồm: áo vest nam, quần âu\n\nMàu sắc: Màu đen\n\nChất liệu: vải terin ford nhập\n\nKiểu dáng: Áo vest nam được thiết kế dáng ôm cực kỳ tôn dáng, năng động, trẻ trung. Phù hợp với nhiều kiểu dáng người, mang lại cảm giác thanh thoát, cao ráo cho nam giới. Thiết kế đơn giản với điểm nhấn tại cổ áo, chiết eo 2 bên hông áo. Đồng phục vest DPV001 phù hợp cho các bạn nam trẻ trung, năng động.\n\nĐối tượng sử dụng: nhân viên công sở, nhân viên khách sạn, nhân viên công ty', ' - Chúng tôi cam kết tới khách hàng những sản phẩm tốt nhất với chi phí thấp nhất\n- Giao hàng Miễn phí toàn quốc cho mọi đơn hàng\n- Thời gian làm việc từ 8h – 17h30\n\nLàm việc từ T2 – T7', '', '', '', '', '', ''),
(136, 2, 'Hoa cưới sang trọng - tinh tế H01', 'Bó hoa tone trắng xanh phù hợp với hầu hết cô dâu, yêu thích sự nhẹ nhàng và thuần khiết. Bó hoa với phong cách tự nhiên và mềm mại chắc chắn sẽ là phụ kiện cưới không thể bỏ qua \n\nNgoài ra bó hoa còn phù hợp với những bạn đang muốn decor trang trí nhà cửa của mình , các bạn chỉ cần thả nhưng bó hoa này vào một chiếc bình với chiều cao phù hợp là đã có những bình hoa vô cùng xinh đẹp trang trí cho ngôi nhà của bạn :\")', ' - Chúng tôi cam kết tới khách hàng những sản phẩm tốt nhất với chi phí thấp nhất\n- Giao hàng Miễn phí toàn quốc cho mọi đơn hàng\n- Thời gian làm việc từ 8h – 17h30\n\nLàm việc từ T2 – T7', '', '', '', '', '', ''),
(137, 2, 'Hoa cưới sang trọng - tinh tế H02', 'Bó hoa tone trắng xanh phù hợp với hầu hết cô dâu, yêu thích sự nhẹ nhàng và thuần khiết. Bó hoa với phong cách tự nhiên và mềm mại chắc chắn sẽ là phụ kiện cưới không thể bỏ qua \n\nNgoài ra bó hoa còn phù hợp với những bạn đang muốn decor trang trí nhà cửa của mình , các bạn chỉ cần thả nhưng bó hoa này vào một chiếc bình với chiều cao phù hợp là đã có những bình hoa vô cùng xinh đẹp trang trí cho ngôi nhà của bạn :\")', ' - Chúng tôi cam kết tới khách hàng những sản phẩm tốt nhất với chi phí thấp nhất\n- Giao hàng Miễn phí toàn quốc cho mọi đơn hàng\n- Thời gian làm việc từ 8h – 17h30\n\nLàm việc từ T2 – T7', '', '', '', '', '', ''),
(138, 2, 'Hoa cưới sang trọng - tinh tế H03', 'Bó hoa tone trắng xanh phù hợp với hầu hết cô dâu, yêu thích sự nhẹ nhàng và thuần khiết. Bó hoa với phong cách tự nhiên và mềm mại chắc chắn sẽ là phụ kiện cưới không thể bỏ qua \n\nNgoài ra bó hoa còn phù hợp với những bạn đang muốn decor trang trí nhà cửa của mình , các bạn chỉ cần thả nhưng bó hoa này vào một chiếc bình với chiều cao phù hợp là đã có những bình hoa vô cùng xinh đẹp trang trí cho ngôi nhà của bạn :\")', ' - Chúng tôi cam kết tới khách hàng những sản phẩm tốt nhất với chi phí thấp nhất\n- Giao hàng Miễn phí toàn quốc cho mọi đơn hàng\n- Thời gian làm việc từ 8h – 17h30\n\nLàm việc từ T2 – T7', '', '', '', '', '', ''),
(139, 2, 'Hoa cưới sang trọng - tinh tế H04', 'Bó hoa tone trắng xanh phù hợp với hầu hết cô dâu, yêu thích sự nhẹ nhàng và thuần khiết. Bó hoa với phong cách tự nhiên và mềm mại chắc chắn sẽ là phụ kiện cưới không thể bỏ qua \n\nNgoài ra bó hoa còn phù hợp với những bạn đang muốn decor trang trí nhà cửa của mình , các bạn chỉ cần thả nhưng bó hoa này vào một chiếc bình với chiều cao phù hợp là đã có những bình hoa vô cùng xinh đẹp trang trí cho ngôi nhà của bạn :\")', ' - Chúng tôi cam kết tới khách hàng những sản phẩm tốt nhất với chi phí thấp nhất\n- Giao hàng Miễn phí toàn quốc cho mọi đơn hàng\n- Thời gian làm việc từ 8h – 17h30\n\nLàm việc từ T2 – T7', '', '', '', '', '', ''),
(140, 2, 'Hoa cưới sang trọng - tinh tế H05', 'Bó hoa tone trắng xanh phù hợp với hầu hết cô dâu, yêu thích sự nhẹ nhàng và thuần khiết. Bó hoa với phong cách tự nhiên và mềm mại chắc chắn sẽ là phụ kiện cưới không thể bỏ qua \n\nNgoài ra bó hoa còn phù hợp với những bạn đang muốn decor trang trí nhà cửa của mình , các bạn chỉ cần thả nhưng bó hoa này vào một chiếc bình với chiều cao phù hợp là đã có những bình hoa vô cùng xinh đẹp trang trí cho ngôi nhà của bạn :\")', ' - Chúng tôi cam kết tới khách hàng những sản phẩm tốt nhất với chi phí thấp nhất\n- Giao hàng Miễn phí toàn quốc cho mọi đơn hàng\n- Thời gian làm việc từ 8h – 17h30\n\nLàm việc từ T2 – T7', '', '', '', '', '', ''),
(141, 2, 'Hoa cưới sang trọng - tinh tế H06', 'Bó hoa tone trắng xanh phù hợp với hầu hết cô dâu, yêu thích sự nhẹ nhàng và thuần khiết. Bó hoa với phong cách tự nhiên và mềm mại chắc chắn sẽ là phụ kiện cưới không thể bỏ qua \n\nNgoài ra bó hoa còn phù hợp với những bạn đang muốn decor trang trí nhà cửa của mình , các bạn chỉ cần thả nhưng bó hoa này vào một chiếc bình với chiều cao phù hợp là đã có những bình hoa vô cùng xinh đẹp trang trí cho ngôi nhà của bạn :\")', ' - Chúng tôi cam kết tới khách hàng những sản phẩm tốt nhất với chi phí thấp nhất\n- Giao hàng Miễn phí toàn quốc cho mọi đơn hàng\n- Thời gian làm việc từ 8h – 17h30\n\nLàm việc từ T2 – T7', '', '', '', '', '', ''),
(142, 2, 'Hoa cưới sang trọng - tinh tế H07', 'Bó hoa tone trắng xanh phù hợp với hầu hết cô dâu, yêu thích sự nhẹ nhàng và thuần khiết. Bó hoa với phong cách tự nhiên và mềm mại chắc chắn sẽ là phụ kiện cưới không thể bỏ qua \n\nNgoài ra bó hoa còn phù hợp với những bạn đang muốn decor trang trí nhà cửa của mình , các bạn chỉ cần thả nhưng bó hoa này vào một chiếc bình với chiều cao phù hợp là đã có những bình hoa vô cùng xinh đẹp trang trí cho ngôi nhà của bạn :\")', ' - Chúng tôi cam kết tới khách hàng những sản phẩm tốt nhất với chi phí thấp nhất\n- Giao hàng Miễn phí toàn quốc cho mọi đơn hàng\n- Thời gian làm việc từ 8h – 17h30\n\nLàm việc từ T2 – T7', '', '', '', '', '', ''),
(143, 2, 'Hoa cưới sang trọng - tinh tế H08', 'Bó hoa tone trắng xanh phù hợp với hầu hết cô dâu, yêu thích sự nhẹ nhàng và thuần khiết. Bó hoa với phong cách tự nhiên và mềm mại chắc chắn sẽ là phụ kiện cưới không thể bỏ qua \n\nNgoài ra bó hoa còn phù hợp với những bạn đang muốn decor trang trí nhà cửa của mình , các bạn chỉ cần thả nhưng bó hoa này vào một chiếc bình với chiều cao phù hợp là đã có những bình hoa vô cùng xinh đẹp trang trí cho ngôi nhà của bạn :\")', ' - Chúng tôi cam kết tới khách hàng những sản phẩm tốt nhất với chi phí thấp nhất\n- Giao hàng Miễn phí toàn quốc cho mọi đơn hàng\n- Thời gian làm việc từ 8h – 17h30\n\nLàm việc từ T2 – T7', '', '', '', '', '', ''),
(144, 2, 'Thiệp cưới nhẹ nhàng - Tinh tế - Sang trọng T01', 'ƯU ĐÃI\n\n1. IN 200 THIỆP TRỞ LÊN ĐƯỢC TẶNG 10 thiệp\n\n2. IN 500 THIỆP TRỞ LÊN DC TẶNG 10 thiệp + Vorcher 50k\n\n3. IN 800 THIỆP TRỞ LÊN DC TẶNG 20 thiệp + vorcher 100k\n\nIN CÀNG NHIỀU CÀNG ĐƯỢC ƯU ĐÃI', ' - Chúng tôi cam kết tới khách hàng những sản phẩm tốt nhất với chi phí thấp nhất\n- Giao hàng Miễn phí toàn quốc cho mọi đơn hàng\n- Thời gian làm việc từ 8h – 17h30\n\nLàm việc từ T2 – T7', '', '', '', '', '', ''),
(145, 2, 'Thiệp cưới nhẹ nhàng - Tinh tế - Sang trọng T02', 'ƯU ĐÃI\n\n1. IN 200 THIỆP TRỞ LÊN ĐƯỢC TẶNG 10 thiệp\n\n2. IN 500 THIỆP TRỞ LÊN DC TẶNG 10 thiệp + Vorcher 50k\n\n3. IN 800 THIỆP TRỞ LÊN DC TẶNG 20 thiệp + vorcher 100k\n\nIN CÀNG NHIỀU CÀNG ĐƯỢC ƯU ĐÃI', ' - Chúng tôi cam kết tới khách hàng những sản phẩm tốt nhất với chi phí thấp nhất\n- Giao hàng Miễn phí toàn quốc cho mọi đơn hàng\n- Thời gian làm việc từ 8h – 17h30\n\nLàm việc từ T2 – T7', '', '', '', '', '', ''),
(146, 2, 'Thiệp cưới nhẹ nhàng - Tinh tế - Sang trọng T03', 'ƯU ĐÃI\n\n1. IN 200 THIỆP TRỞ LÊN ĐƯỢC TẶNG 10 thiệp\n\n2. IN 500 THIỆP TRỞ LÊN DC TẶNG 10 thiệp + Vorcher 50k\n\n3. IN 800 THIỆP TRỞ LÊN DC TẶNG 20 thiệp + vorcher 100k\n\nIN CÀNG NHIỀU CÀNG ĐƯỢC ƯU ĐÃI', ' - Chúng tôi cam kết tới khách hàng những sản phẩm tốt nhất với chi phí thấp nhất\n- Giao hàng Miễn phí toàn quốc cho mọi đơn hàng\n- Thời gian làm việc từ 8h – 17h30\n\nLàm việc từ T2 – T7', '', '', '', '', '', ''),
(147, 2, 'Thiệp cưới nhẹ nhàng - Tinh tế - Sang trọng T04', 'ƯU ĐÃI\n\n1. IN 200 THIỆP TRỞ LÊN ĐƯỢC TẶNG 10 thiệp\n\n2. IN 500 THIỆP TRỞ LÊN DC TẶNG 10 thiệp + Vorcher 50k\n\n3. IN 800 THIỆP TRỞ LÊN DC TẶNG 20 thiệp + vorcher 100k\n\nIN CÀNG NHIỀU CÀNG ĐƯỢC ƯU ĐÃI', ' - Chúng tôi cam kết tới khách hàng những sản phẩm tốt nhất với chi phí thấp nhất\n- Giao hàng Miễn phí toàn quốc cho mọi đơn hàng\n- Thời gian làm việc từ 8h – 17h30\n\nLàm việc từ T2 – T7', '', '', '', '', '', ''),
(148, 2, 'Thiệp cưới nhẹ nhàng - Tinh tế - Sang trọng T05', 'ƯU ĐÃI\n\n1. IN 200 THIỆP TRỞ LÊN ĐƯỢC TẶNG 10 thiệp\n\n2. IN 500 THIỆP TRỞ LÊN DC TẶNG 10 thiệp + Vorcher 50k\n\n3. IN 800 THIỆP TRỞ LÊN DC TẶNG 20 thiệp + vorcher 100k\n\nIN CÀNG NHIỀU CÀNG ĐƯỢC ƯU ĐÃI', ' - Chúng tôi cam kết tới khách hàng những sản phẩm tốt nhất với chi phí thấp nhất\n- Giao hàng Miễn phí toàn quốc cho mọi đơn hàng\n- Thời gian làm việc từ 8h – 17h30\n\nLàm việc từ T2 – T7', '', '', '', '', '', ''),
(149, 2, 'Thiệp cưới nhẹ nhàng - Tinh tế - Sang trọng T06', 'ƯU ĐÃI\n\n1. IN 200 THIỆP TRỞ LÊN ĐƯỢC TẶNG 10 thiệp\n\n2. IN 500 THIỆP TRỞ LÊN DC TẶNG 10 thiệp + Vorcher 50k\n\n3. IN 800 THIỆP TRỞ LÊN DC TẶNG 20 thiệp + vorcher 100k\n\nIN CÀNG NHIỀU CÀNG ĐƯỢC ƯU ĐÃI', ' - Chúng tôi cam kết tới khách hàng những sản phẩm tốt nhất với chi phí thấp nhất\n- Giao hàng Miễn phí toàn quốc cho mọi đơn hàng\n- Thời gian làm việc từ 8h – 17h30\n\nLàm việc từ T2 – T7', '', '', '', '', '', ''),
(150, 2, 'Thiệp cưới nhẹ nhàng - Tinh tế - Sang trọng T07', 'ƯU ĐÃI\n\n1. IN 200 THIỆP TRỞ LÊN ĐƯỢC TẶNG 10 thiệp\n\n2. IN 500 THIỆP TRỞ LÊN DC TẶNG 10 thiệp + Vorcher 50k\n\n3. IN 800 THIỆP TRỞ LÊN DC TẶNG 20 thiệp + vorcher 100k\n\nIN CÀNG NHIỀU CÀNG ĐƯỢC ƯU ĐÃI', ' - Chúng tôi cam kết tới khách hàng những sản phẩm tốt nhất với chi phí thấp nhất\n- Giao hàng Miễn phí toàn quốc cho mọi đơn hàng\n- Thời gian làm việc từ 8h – 17h30\n\nLàm việc từ T2 – T7', '', '', '', '', '', ''),
(151, 2, 'Thiệp cưới nhẹ nhàng - Tinh tế - Sang trọng T08', 'ƯU ĐÃI\n\n1. IN 200 THIỆP TRỞ LÊN ĐƯỢC TẶNG 10 thiệp\n\n2. IN 500 THIỆP TRỞ LÊN DC TẶNG 10 thiệp + Vorcher 50k\n\n3. IN 800 THIỆP TRỞ LÊN DC TẶNG 20 thiệp + vorcher 100k\n\nIN CÀNG NHIỀU CÀNG ĐƯỢC ƯU ĐÃI', ' - Chúng tôi cam kết tới khách hàng những sản phẩm tốt nhất với chi phí thấp nhất\n- Giao hàng Miễn phí toàn quốc cho mọi đơn hàng\n- Thời gian làm việc từ 8h – 17h30\n\nLàm việc từ T2 – T7', '', '', '', '', '', ''),
(152, 2, 'Thiệp cưới nhẹ nhàng - Tinh tế - Sang trọng T09', 'ƯU ĐÃI\n\n1. IN 200 THIỆP TRỞ LÊN ĐƯỢC TẶNG 10 thiệp\n\n2. IN 500 THIỆP TRỞ LÊN DC TẶNG 10 thiệp + Vorcher 50k\n\n3. IN 800 THIỆP TRỞ LÊN DC TẶNG 20 thiệp + vorcher 100k\n\nIN CÀNG NHIỀU CÀNG ĐƯỢC ƯU ĐÃI', ' - Chúng tôi cam kết tới khách hàng những sản phẩm tốt nhất với chi phí thấp nhất\n- Giao hàng Miễn phí toàn quốc cho mọi đơn hàng\n- Thời gian làm việc từ 8h – 17h30\n\nLàm việc từ T2 – T7', '', '', '', '', '', ''),
(153, 2, 'Áo cưới VMTX - màu sắc A01', 'Váy cưới Carla cổ yếm trẻ trung, gợi cảm giúp cô dâu khoe khéo được bờ vai gầy mềm mại. Phong cách truyền thống kết hợp với hiện đại làm cho cô dâu vừa cổ điển sang trọng vừa trẻ trung, gợi cảm. \n\nVáy cưới Carla giúp cô dâu tỏa sáng như một nàng công chúa kiều diễm với chiếc váy cưới cổ yếm đắp ren sang trọng, tinh tế cùng thân váy voan xòe bồng bềnh. Gam màu trắng thanh lịch cũng giúp làm nổi bật làn da của cô dâu dưới ánh đèn đêm tiệc', ' - Giá thuê: 6,000,000 VNĐ \n\n- Giá bán váy có sẵn: 8,000,000  VNĐ\n\n- Giá may mới theo số đo (chất liệu và họa tiết có thể thay đổi tùy thời điểm): 12,000,000 VNĐ', '', '', '', '', '', ''),
(154, 2, 'Áo cưới VMTX - màu sắc A02', 'Váy cưới Carla cổ yếm trẻ trung, gợi cảm giúp cô dâu khoe khéo được bờ vai gầy mềm mại. Phong cách truyền thống kết hợp với hiện đại làm cho cô dâu vừa cổ điển sang trọng vừa trẻ trung, gợi cảm. \n\nVáy cưới Carla giúp cô dâu tỏa sáng như một nàng công chúa kiều diễm với chiếc váy cưới cổ yếm đắp ren sang trọng, tinh tế cùng thân váy voan xòe bồng bềnh. Gam màu trắng thanh lịch cũng giúp làm nổi bật làn da của cô dâu dưới ánh đèn đêm tiệc', ' - Giá thuê: 6,000,000 VNĐ \n\n- Giá bán váy có sẵn: 8,000,000  VNĐ\n\n- Giá may mới theo số đo (chất liệu và họa tiết có thể thay đổi tùy thời điểm): 12,000,000 VNĐ', '', '', '', '', '', ''),
(155, 2, 'Áo cưới VMTX - màu sắc A03', 'Váy cưới Carla cổ yếm trẻ trung, gợi cảm giúp cô dâu khoe khéo được bờ vai gầy mềm mại. Phong cách truyền thống kết hợp với hiện đại làm cho cô dâu vừa cổ điển sang trọng vừa trẻ trung, gợi cảm. \n\nVáy cưới Carla giúp cô dâu tỏa sáng như một nàng công chúa kiều diễm với chiếc váy cưới cổ yếm đắp ren sang trọng, tinh tế cùng thân váy voan xòe bồng bềnh. Gam màu trắng thanh lịch cũng giúp làm nổi bật làn da của cô dâu dưới ánh đèn đêm tiệc', ' - Giá thuê: 6,000,000 VNĐ \n\n- Giá bán váy có sẵn: 8,000,000  VNĐ\n\n- Giá may mới theo số đo (chất liệu và họa tiết có thể thay đổi tùy thời điểm): 12,000,000 VNĐ', '', '', '', '', '', ''),
(156, 2, 'Áo cưới VMTX - màu sắc A04', 'Váy cưới Carla cổ yếm trẻ trung, gợi cảm giúp cô dâu khoe khéo được bờ vai gầy mềm mại. Phong cách truyền thống kết hợp với hiện đại làm cho cô dâu vừa cổ điển sang trọng vừa trẻ trung, gợi cảm. \n\nVáy cưới Carla giúp cô dâu tỏa sáng như một nàng công chúa kiều diễm với chiếc váy cưới cổ yếm đắp ren sang trọng, tinh tế cùng thân váy voan xòe bồng bềnh. Gam màu trắng thanh lịch cũng giúp làm nổi bật làn da của cô dâu dưới ánh đèn đêm tiệc', ' - Giá thuê: 6,000,000 VNĐ \n\n- Giá bán váy có sẵn: 8,000,000  VNĐ\n\n- Giá may mới theo số đo (chất liệu và họa tiết có thể thay đổi tùy thời điểm): 12,000,000 VNĐ', '', '', '', '', '', ''),
(157, 2, 'Áo cưới VMTX - màu sắc A05', 'Váy cưới Carla cổ yếm trẻ trung, gợi cảm giúp cô dâu khoe khéo được bờ vai gầy mềm mại. Phong cách truyền thống kết hợp với hiện đại làm cho cô dâu vừa cổ điển sang trọng vừa trẻ trung, gợi cảm. \n\nVáy cưới Carla giúp cô dâu tỏa sáng như một nàng công chúa kiều diễm với chiếc váy cưới cổ yếm đắp ren sang trọng, tinh tế cùng thân váy voan xòe bồng bềnh. Gam màu trắng thanh lịch cũng giúp làm nổi bật làn da của cô dâu dưới ánh đèn đêm tiệc', ' - Giá thuê: 6,000,000 VNĐ \n\n- Giá bán váy có sẵn: 8,000,000  VNĐ\n\n- Giá may mới theo số đo (chất liệu và họa tiết có thể thay đổi tùy thời điểm): 12,000,000 VNĐ', '', '', '', '', '', ''),
(158, 2, 'Áo cưới VMTX - màu sắc A06', 'Váy cưới Carla cổ yếm trẻ trung, gợi cảm giúp cô dâu khoe khéo được bờ vai gầy mềm mại. Phong cách truyền thống kết hợp với hiện đại làm cho cô dâu vừa cổ điển sang trọng vừa trẻ trung, gợi cảm. \n\nVáy cưới Carla giúp cô dâu tỏa sáng như một nàng công chúa kiều diễm với chiếc váy cưới cổ yếm đắp ren sang trọng, tinh tế cùng thân váy voan xòe bồng bềnh. Gam màu trắng thanh lịch cũng giúp làm nổi bật làn da của cô dâu dưới ánh đèn đêm tiệc', ' - Giá thuê: 6,000,000 VNĐ \n\n- Giá bán váy có sẵn: 8,000,000  VNĐ\n\n- Giá may mới theo số đo (chất liệu và họa tiết có thể thay đổi tùy thời điểm): 12,000,000 VNĐ', '', '', '', '', '', ''),
(159, 2, 'Áo cưới VMTX - màu sắc A07', 'Váy cưới Carla cổ yếm trẻ trung, gợi cảm giúp cô dâu khoe khéo được bờ vai gầy mềm mại. Phong cách truyền thống kết hợp với hiện đại làm cho cô dâu vừa cổ điển sang trọng vừa trẻ trung, gợi cảm. \n\nVáy cưới Carla giúp cô dâu tỏa sáng như một nàng công chúa kiều diễm với chiếc váy cưới cổ yếm đắp ren sang trọng, tinh tế cùng thân váy voan xòe bồng bềnh. Gam màu trắng thanh lịch cũng giúp làm nổi bật làn da của cô dâu dưới ánh đèn đêm tiệc', ' - Giá thuê: 6,000,000 VNĐ \n\n- Giá bán váy có sẵn: 8,000,000  VNĐ\n\n- Giá may mới theo số đo (chất liệu và họa tiết có thể thay đổi tùy thời điểm): 12,000,000 VNĐ', '', '', '', '', '', ''),
(160, 2, 'Áo cưới VMTX - màu sắc A08', 'Váy cưới Carla cổ yếm trẻ trung, gợi cảm giúp cô dâu khoe khéo được bờ vai gầy mềm mại. Phong cách truyền thống kết hợp với hiện đại làm cho cô dâu vừa cổ điển sang trọng vừa trẻ trung, gợi cảm. \n\nVáy cưới Carla giúp cô dâu tỏa sáng như một nàng công chúa kiều diễm với chiếc váy cưới cổ yếm đắp ren sang trọng, tinh tế cùng thân váy voan xòe bồng bềnh. Gam màu trắng thanh lịch cũng giúp làm nổi bật làn da của cô dâu dưới ánh đèn đêm tiệc', ' - Giá thuê: 6,000,000 VNĐ \n\n- Giá bán váy có sẵn: 8,000,000  VNĐ\n\n- Giá may mới theo số đo (chất liệu và họa tiết có thể thay đổi tùy thời điểm): 12,000,000 VNĐ', '', '', '', '', '', ''),
(161, 2, 'Sản phẩm test', '&lt;p&gt;Vui òng xem thêm &lt;a href=&quot;https://dh-wedding.bestme.asia/san-pham/vay-cuoi-cho-me-bau-xinh-dep&quot;&gt;Tại đây&lt;/a&gt;&lt;br /&gt;\r\nfghjkl;ghjklghjkl &lt;a href=&quot;https://dh-wedding.bestme.asia/san-pham/vay-trang&quot;&gt;Tại đây&lt;/a&gt;&lt;br /&gt;\r\nĐăg sp mẫu &lt;a href=&quot;tel:0982263268&quot;&gt;Hotline&lt;/a&gt; &lt;br /&gt;\r\n&lt;a href=&quot;mailto:Quynhnt1@gmail.com?subject=sdfghj&amp;amp;body=dfgdhfh&quot;&gt;Gmail&lt;/a&gt;&lt;/p&gt;\r\n\r\n&lt;p&gt;&lt;img src=&quot;https://res.cloudinary.com/novaonx2/image/upload/v1597227904/26980/thiet-ke-khong-ten-33.png&quot; style=&quot;max-width: 100%;&quot; /&gt;&lt;/p&gt;\r\n\r\n&lt;p&gt;&lt;iframe allow=&quot;accelerometer; autoplay; encrypted-media; gyroscope; picture-in-picture&quot; allowfullscreen=&quot;&quot; frameborder=&quot;0&quot; height=&quot;100%&quot; src=&quot;https://www.youtube.com/embed/GtKp4maMJbU&quot; width=&quot;100%&quot;&gt;&lt;/iframe&gt;&lt;/p&gt;', '&lt;p&gt;.fjkvmgrm;lmm&lt;/p&gt;', '', '', '', '', '', '');

-- oc_product_image PRIMARY KEY (`product_image_id`)
INSERT IGNORE INTO `oc_product_image` (`product_image_id`, `product_id`, `image`, `image_alt`, `sort_order`) VALUES
(146, 161, 'https://cdn.bestme.asia/images/x2/logo-1_OQWEmrA.png', '', 0);

-- oc_product_to_category PRIMARY KEY (`product_id`,`category_id`)
INSERT IGNORE INTO `oc_product_to_category` (`product_id`, `category_id`) VALUES
(104, 21),
(104, 22),
(104, 23),
(104, 24),
(105, 21),
(105, 22),
(105, 23),
(105, 24),
(106, 21),
(106, 22),
(106, 23),
(106, 24),
(107, 21),
(107, 22),
(107, 23),
(107, 24),
(108, 21),
(108, 22),
(108, 23),
(108, 24),
(109, 21),
(109, 22),
(109, 23),
(109, 24),
(110, 21),
(110, 22),
(110, 23),
(110, 24),
(111, 21),
(111, 22),
(111, 23),
(111, 24),
(112, 21),
(112, 22),
(112, 23),
(112, 24),
(113, 21),
(113, 22),
(113, 23),
(113, 24),
(114, 21),
(114, 22),
(114, 23),
(114, 24),
(115, 21),
(115, 22),
(115, 23),
(115, 24),
(116, 21),
(116, 22),
(116, 23),
(116, 24),
(117, 21),
(117, 22),
(117, 23),
(117, 24),
(118, 21),
(118, 22),
(118, 23),
(118, 24),
(119, 21),
(119, 22),
(119, 23),
(119, 24),
(120, 21),
(120, 22),
(120, 23),
(120, 24),
(121, 21),
(121, 22),
(121, 23),
(121, 24),
(122, 21),
(122, 22),
(122, 23),
(122, 24),
(123, 21),
(123, 22),
(123, 23),
(123, 24),
(124, 21),
(124, 22),
(124, 23),
(124, 24),
(125, 21),
(125, 22),
(125, 23),
(125, 24),
(126, 21),
(126, 22),
(126, 23),
(126, 24),
(127, 21),
(127, 22),
(127, 23),
(127, 24),
(128, 21),
(128, 22),
(128, 23),
(128, 24),
(129, 21),
(129, 22),
(129, 23),
(129, 24),
(130, 21),
(130, 22),
(130, 23),
(130, 24),
(131, 21),
(131, 22),
(131, 23),
(131, 24),
(132, 21),
(132, 22),
(132, 23),
(132, 24),
(133, 21),
(133, 22),
(133, 23),
(133, 24),
(134, 21),
(134, 22),
(134, 23),
(134, 24),
(135, 25),
(136, 25),
(137, 25),
(138, 25),
(139, 25),
(140, 25),
(141, 25),
(142, 25),
(143, 25),
(144, 26),
(145, 26),
(146, 26),
(147, 26),
(148, 26),
(149, 26),
(150, 26),
(151, 26),
(152, 26),
(153, 21),
(153, 22),
(153, 23),
(153, 24),
(154, 21),
(154, 22),
(154, 23),
(154, 24),
(155, 21),
(155, 22),
(155, 23),
(155, 24),
(156, 21),
(156, 22),
(156, 23),
(156, 24),
(157, 21),
(157, 22),
(157, 23),
(157, 24),
(158, 21),
(158, 22),
(158, 23),
(158, 24),
(159, 21),
(159, 22),
(159, 23),
(159, 24),
(160, 21),
(160, 22),
(160, 23),
(160, 24),
(161, 27);

-- oc_product_to_store PRIMARY KEY (`product_id`,`store_id`)
INSERT IGNORE INTO `oc_product_to_store` (`product_id`, `store_id`, `product_version_id`, `quantity`, `cost_price`) VALUES
(113, 0, 0, 30, '0.0000'),
(112, 0, 0, 30, '0.0000'),
(111, 0, 0, 30, '0.0000'),
(110, 0, 0, 30, '0.0000'),
(109, 0, 0, 30, '0.0000'),
(108, 0, 0, 30, '0.0000'),
(107, 0, 0, 30, '0.0000'),
(106, 0, 0, 30, '0.0000'),
(105, 0, 0, 30, '0.0000'),
(104, 0, 0, 30, '0.0000'),
(114, 0, 0, 30, '0.0000'),
(115, 0, 0, 30, '0.0000'),
(116, 0, 0, 30, '0.0000'),
(117, 0, 0, 30, '0.0000'),
(118, 0, 0, 30, '0.0000'),
(119, 0, 0, 30, '0.0000'),
(120, 0, 0, 30, '0.0000'),
(121, 0, 0, 30, '0.0000'),
(122, 0, 0, 30, '0.0000'),
(123, 0, 0, 30, '0.0000'),
(124, 0, 0, 30, '0.0000'),
(125, 0, 0, 30, '0.0000'),
(126, 0, 0, 30, '0.0000'),
(127, 0, 0, 30, '0.0000'),
(128, 0, 0, 30, '0.0000'),
(129, 0, 0, 30, '0.0000'),
(130, 0, 0, 30, '0.0000'),
(131, 0, 0, 30, '0.0000'),
(132, 0, 0, 30, '0.0000'),
(133, 0, 0, 30, '0.0000'),
(134, 0, 0, 30, '0.0000'),
(135, 0, 0, 30, '0.0000'),
(136, 0, 0, 30, '0.0000'),
(137, 0, 0, 30, '0.0000'),
(138, 0, 0, 30, '0.0000'),
(139, 0, 0, 30, '0.0000'),
(140, 0, 0, 30, '0.0000'),
(141, 0, 0, 30, '0.0000'),
(142, 0, 0, 30, '0.0000'),
(143, 0, 0, 30, '0.0000'),
(144, 0, 0, 30, '0.0000'),
(145, 0, 0, 30, '0.0000'),
(146, 0, 0, 30, '0.0000'),
(147, 0, 0, 30, '0.0000'),
(148, 0, 0, 30, '0.0000'),
(149, 0, 0, 30, '0.0000'),
(150, 0, 0, 30, '0.0000'),
(151, 0, 0, 30, '0.0000'),
(152, 0, 0, 30, '0.0000'),
(153, 0, 0, 30, '0.0000'),
(154, 0, 0, 30, '0.0000'),
(155, 0, 0, 30, '0.0000'),
(156, 0, 0, 30, '0.0000'),
(157, 0, 0, 30, '0.0000'),
(158, 0, 0, 30, '0.0000'),
(159, 0, 0, 30, '0.0000'),
(160, 0, 0, 30, '0.0000'),
(161, 0, 1, 0, '80000.0000'),
(161, 0, 2, 0, '80000.0000'),
(161, 0, 3, 0, '80000.0000');