-- oc_category PRIMARY KEY (`category_id`)
INSERT IGNORE INTO `oc_category` (`category_id`, `image`, `parent_id`, `top`, `column`, `sort_order`, `status`, `date_added`, `date_modified`) VALUES
(41, '', 39, 0, 0, 0, 1, '2020-08-20 13:47:47', '2020-08-20 13:47:47'),
(40, '', 39, 0, 0, 0, 1, '2020-08-20 13:46:01', '2020-08-20 13:47:47'),
(39, '', 0, 0, 0, 0, 1, '2020-08-20 13:46:01', '2020-08-20 13:47:47'),
(38, '', 32, 0, 0, 0, 1, '2020-08-20 13:35:59', '2020-08-20 13:35:59'),
(37, '', 32, 0, 0, 0, 1, '2020-08-20 13:33:21', '2020-08-20 13:35:59'),
(36, '', 32, 0, 0, 0, 1, '2020-08-20 13:33:21', '2020-08-20 13:35:59'),
(35, '', 32, 0, 0, 0, 1, '2020-08-20 13:33:21', '2020-08-20 13:35:59'),
(32, '', 0, 0, 0, 0, 1, '2020-08-20 13:33:20', '2020-08-20 13:35:59'),
(33, '', 32, 0, 0, 0, 1, '2020-08-20 13:33:20', '2020-08-20 13:35:59'),
(34, '', 32, 0, 0, 0, 1, '2020-08-20 13:33:21', '2020-08-20 13:35:59'),
(42, '', 39, 0, 0, 0, 1, '2020-08-20 13:47:47', '2020-08-20 13:47:47'),
(43, '', 39, 0, 0, 0, 1, '2020-08-20 13:47:47', '2020-08-20 13:47:47'),
(44, '', 39, 0, 0, 0, 1, '2020-08-20 13:47:47', '2020-08-20 13:47:47'),
(45, '', 39, 0, 0, 0, 1, '2020-08-20 13:47:47', '2020-08-20 13:47:47'),
(46, '', 0, 0, 0, 0, 1, '2020-08-20 13:51:54', '2020-08-20 13:51:54'),
(47, '', 46, 0, 0, 0, 1, '2020-08-20 13:51:54', '2020-08-20 13:51:54'),
(48, '', 46, 0, 0, 0, 1, '2020-08-20 13:51:54', '2020-08-20 13:51:54'),
(49, '', 46, 0, 0, 0, 1, '2020-08-20 13:51:54', '2020-08-20 13:51:54'),
(50, '', 46, 0, 0, 0, 1, '2020-08-20 13:51:54', '2020-08-20 13:51:54'),
(51, '', 46, 0, 0, 0, 1, '2020-08-20 13:51:54', '2020-08-20 13:51:54'),
(12, NULL, 0, 0, 0, 0, 1, '2019-05-20 16:48:18', '2019-05-20 16:48:18'),
(14, NULL, 0, 0, 0, 0, 1, '2019-05-20 17:45:50', '2019-05-20 17:45:50'),
(17, NULL, 0, 0, 0, 0, 1, '2019-05-21 15:36:21', '2019-05-21 15:36:21'),
(18, NULL, 0, 0, 0, 0, 1, '2019-05-21 15:44:23', '2019-05-21 15:44:23'),
(19, NULL, 0, 0, 0, 0, 1, '2019-05-21 15:47:12', '2019-05-21 15:47:12'),
(20, NULL, 0, 0, 0, 0, 1, '2019-05-21 16:20:38', '2019-05-21 16:20:38');

-- oc_category_description PRIMARY KEY (`category_id`,`language_id`)
INSERT IGNORE INTO `oc_category_description` (`category_id`, `language_id`, `name`, `description`, `meta_title`, `meta_description`, `meta_keyword`) VALUES
(39, 1, 'Trang Phục Và Phụ Kiện', 'Trang Phục Và Phụ Kiện', '', '', ''),
(40, 1, 'Quần Áo Tập Nam', 'Quần Áo Tập Nam', '', '', ''),
(40, 2, 'Quần Áo Tập Nam', 'Quần Áo Tập Nam', '', '', ''),
(39, 2, 'Trang Phục Và Phụ Kiện', 'Trang Phục Và Phụ Kiện', '', '', ''),
(38, 1, 'Gói Tập Cho Dân Chuyên', 'Gói Tập Cho Dân Chuyên', '', '', ''),
(38, 2, 'Gói Tập Cho Dân Chuyên', 'Gói Tập Cho Dân Chuyên', '', '', ''),
(37, 1, 'Gói Tập Fitness Studio (Học Cùng HLV)', 'Gói Tập Fitness Studio (Học Cùng HLV)', '', '', ''),
(37, 2, 'Gói Tập Fitness Studio (Học Cùng HLV)', 'Gói Tập Fitness Studio (Học Cùng HLV)', '', '', ''),
(36, 2, 'Gói Tập Thể Hình Săn Chắc', 'Gói Tập Thể Hình Săn Chắc', '', '', ''),
(36, 1, 'Gói Tập Thể Hình Săn Chắc', 'Gói Tập Thể Hình Săn Chắc', '', '', ''),
(32, 2, 'Các Gói Dịch Vụ', 'Các Gói Dịch Vụ', '', '', ''),
(32, 1, 'Các Gói Dịch Vụ', 'Các Gói Dịch Vụ', '', '', ''),
(33, 2, 'Gói Tập Thể Hình Tăng Cơ Bắp', 'Gói Tập Thể Hình Tăng Cơ Bắp', '', '', ''),
(33, 1, 'Gói Tập Thể Hình Tăng Cơ Bắp', 'Gói Tập Thể Hình Tăng Cơ Bắp', '', '', ''),
(34, 2, 'Gói Tập Yoga', 'Gói Tập Yoga', '', '', ''),
(34, 1, 'Gói Tập Yoga', 'Gói Tập Yoga', '', '', ''),
(35, 2, 'Gói Tập Tăng Cân', 'Gói Tập Tăng Cân', '', '', ''),
(35, 1, 'Gói Tập Tăng Cân', 'Gói Tập Tăng Cân', '', '', ''),
(41, 2, 'Quần Áo Tập Nữ', 'Quần Áo Tập Nữ', '', '', ''),
(41, 1, 'Quần Áo Tập Nữ', 'Quần Áo Tập Nữ', '', '', ''),
(42, 2, 'Giày', 'Giày', '', '', ''),
(42, 1, 'Giày', 'Giày', '', '', ''),
(43, 2, 'Túi Tập', 'Túi Tập', '', '', ''),
(43, 1, 'Túi Tập', 'Túi Tập', '', '', ''),
(44, 2, 'Phụ Kiện Tập Gym', 'Phụ Kiện Tập Gym', '', '', ''),
(44, 1, 'Phụ Kiện Tập Gym', 'Phụ Kiện Tập Gym', '', '', ''),
(45, 2, 'Phụ Kiện Tập Yoga', 'Phụ Kiện Tập Yoga', '', '', ''),
(45, 1, 'Phụ Kiện Tập Yoga', 'Phụ Kiện Tập Yoga', '', '', ''),
(46, 2, 'Dụng Cụ, Máy Tập', 'Dụng Cụ, Máy Tập', '', '', ''),
(46, 1, 'Dụng Cụ, Máy Tập', 'Dụng Cụ, Máy Tập', '', '', ''),
(47, 2, 'Máy Chạy Bộ', 'Máy Chạy Bộ', '', '', ''),
(47, 1, 'Máy Chạy Bộ', 'Máy Chạy Bộ', '', '', ''),
(48, 2, 'Ghế Massage', 'Ghế Massage', '', '', ''),
(48, 1, 'Ghế Massage', 'Ghế Massage', '', '', ''),
(49, 2, 'Xe Đạp Tập', 'Xe Đạp Tập', '', '', ''),
(49, 1, 'Xe Đạp Tập', 'Xe Đạp Tập', '', '', ''),
(50, 2, 'Thiết Bị Tập Luyện', 'Thiết Bị Tập Luyện', '', '', ''),
(50, 1, 'Thiết Bị Tập Luyện', 'Thiết Bị Tập Luyện', '', '', ''),
(51, 2, 'Thiết Bị Thi Đấu', 'Thiết Bị Thi Đấu', '', '', ''),
(51, 1, 'Thiết Bị Thi Đấu', 'Thiết Bị Thi Đấu', '', '', ''),
(12, 2, 'Giày cổ điển', 'Giày cổ điển', '', '', ''),
(12, 1, 'Giày cổ điển', 'Giày cổ điển', '', '', ''),
(14, 2, 'Giày cao gót', 'Giày cao gót', '', '', ''),
(14, 1, 'Giày cao gót', 'Giày cao gót', '', '', ''),
(17, 2, 'Giày valen', 'Giày valen', '', '', ''),
(17, 1, 'Giày valen', 'Giày valen', '', '', ''),
(18, 2, 'Giày sandal', 'Giày sandal', '', '', ''),
(18, 1, 'Giày sandal', 'Giày sandal', '', '', ''),
(19, 2, 'Dép sandal', 'Dép sandal', '', '', ''),
(19, 1, 'Dép sandal', 'Dép sandal', '', '', ''),
(20, 2, 'Giày đúp', 'Giày đúp', '', '', ''),
(20, 1, 'Giày đúp', 'Giày đúp', '', '', '');

-- oc_category_path PRIMARY KEY (`category_id`,`path_id`)
INSERT IGNORE INTO `oc_category_path` (`category_id`, `path_id`, `level`) VALUES
(44, 39, 0),
(43, 43, 1),
(43, 39, 0),
(42, 42, 1),
(42, 39, 0),
(41, 41, 1),
(41, 39, 0),
(40, 40, 1),
(40, 39, 0),
(34, 32, 0),
(33, 33, 1),
(33, 32, 0),
(32, 32, 0),
(39, 39, 0),
(38, 38, 1),
(35, 32, 0),
(34, 34, 1),
(38, 32, 0),
(37, 37, 1),
(37, 32, 0),
(36, 36, 1),
(36, 32, 0),
(35, 35, 1),
(44, 44, 1),
(45, 39, 0),
(45, 45, 1),
(46, 46, 0),
(47, 46, 0),
(47, 47, 1),
(48, 46, 0),
(48, 48, 1),
(49, 46, 0),
(49, 49, 1),
(50, 46, 0),
(50, 50, 1),
(51, 46, 0),
(51, 51, 1),
(12, 12, 0),
(14, 14, 0),
(17, 17, 0),
(18, 18, 0),
(19, 19, 0),
(20, 20, 0);

-- oc_category_to_store PRIMARY KEY (`category_id`,`store_id`)
INSERT IGNORE INTO `oc_category_to_store` (`category_id`, `store_id`) VALUES
(12, 0),
(14, 0),
(17, 0),
(18, 0),
(19, 0),
(20, 0),
(32, 0),
(33, 0),
(34, 0),
(35, 0),
(36, 0),
(37, 0),
(38, 0),
(39, 0),
(40, 0),
(41, 0),
(42, 0),
(43, 0),
(44, 0),
(45, 0),
(46, 0),
(47, 0),
(48, 0),
(49, 0),
(50, 0),
(51, 0);