-- oc_product PRIMARY KEY (`product_id`)
-- delete first
INSERT IGNORE INTO `oc_product` (`product_id`, `model`, `sku`, `common_barcode`, `common_sku`, `common_compare_price`, `common_price`, `common_cost_price`, `barcode`, `upc`, `ean`, `jan`, `isbn`, `mpn`, `location`, `quantity`, `sale_on_out_of_stock`, `stock_status_id`, `image`, `image_alt`, `multi_versions`, `manufacturer_id`, `shipping`, `price`, `price_currency_id`, `compare_price`, `c_price_currency_id`, `points`, `tax_class_id`, `date_available`, `weight`, `weight_class_id`, `length`, `width`, `height`, `length_class_id`, `subtract`, `minimum`, `sort_order`, `status`, `channel`, `viewed`, `demo`, `deleted`, `default_store_id`, `user_create_id`, `date_added`, `date_modified`) VALUES
(154, '', '', '', '', '0.0000', '0.0000', '0.0000', '', '', '', '', '', '', '', 0, 1, 0, 'https://cdn.bestme.asia/images/x2/111.jpg', '', 0, 0, 1, '270000.0000', 1, '310000.0000', 1, 0, 0, '0000-00-00', '20.00000000', 1, '0.00000000', '0.00000000', '0.00000000', 0, 1, 1, 0, 1, 2, 0, 1, NULL, 0, 1, '2020-08-24 23:10:18', '2020-08-28 17:05:53'),
(153, '', '', '', '', '0.0000', '0.0000', '0.0000', '', '', '', '', '', '', '', 0, 1, 0, 'https://cdn.bestme.asia/images/x2/thiet-ke-khong-ten-2020-08-24t230552504.png', '', 0, 0, 1, '830000.0000', 1, '870000.0000', 1, 0, 0, '0000-00-00', '20.00000000', 1, '0.00000000', '0.00000000', '0.00000000', 0, 1, 1, 0, 1, 2, 0, 1, NULL, 0, 1, '2020-08-24 23:08:48', '2020-08-28 17:02:46'),
(152, '', '', '', '', '0.0000', '0.0000', '0.0000', '', '', '', '', '', '', '', 0, 1, 0, 'https://cdn.bestme.asia/images/x2/quan-co-tay-tap-gym-nutrabio.jpg', '', 0, 0, 1, '390000.0000', 1, '460000.0000', 1, 0, 0, '0000-00-00', '20.00000000', 1, '0.00000000', '0.00000000', '0.00000000', 0, 1, 1, 0, 1, 2, 0, 1, NULL, 0, 1, '2020-08-24 23:08:04', '2020-08-28 17:01:18'),
(151, '', '', '', '', '0.0000', '0.0000', '0.0000', '', '', '', '', '', '', '', 0, 1, 0, 'https://cdn.bestme.asia/images/x2/thiet-ke-khong-ten-2020-08-24t230356604.png', '', 0, 0, 1, '990000.0000', 1, '1100000.0000', 1, 0, 0, '0000-00-00', '100.00000000', 1, '0.00000000', '0.00000000', '0.00000000', 0, 1, 1, 0, 1, 2, 0, 1, NULL, 0, 1, '2020-08-24 23:07:06', '2020-08-28 16:58:40'),
(150, '', '', '', '', '0.0000', '0.0000', '0.0000', '', '', '', '', '', '', '', 0, 1, 0, 'https://cdn.bestme.asia/images/x2/10.jpg', '', 0, 0, 1, '1500000.0000', 1, '1800000.0000', 1, 0, 0, '0000-00-00', '50.00000000', 1, '0.00000000', '0.00000000', '0.00000000', 0, 1, 1, 0, 1, 2, 0, 1, NULL, 0, 1, '2020-08-24 22:58:39', '2020-08-24 22:58:39'),
(149, '', '', '', '', '0.0000', '0.0000', '0.0000', '', '', '', '', '', '', '', 0, 1, 0, 'https://cdn.bestme.asia/images/x2/15.jpg', '', 0, 0, 1, '4150000.0000', 1, '4700000.0000', 1, 0, 0, '0000-00-00', '50.00000000', 1, '0.00000000', '0.00000000', '0.00000000', 0, 1, 1, 0, 1, 2, 0, 1, NULL, 0, 1, '2020-08-24 22:57:49', '2020-08-24 22:57:49'),
(148, '', '', '', '', '0.0000', '0.0000', '0.0000', '', '', '', '', '', '', '', 0, 1, 0, 'https://cdn.bestme.asia/images/x2/100.jpg', '', 0, 0, 1, '2900000.0000', 1, '3100000.0000', 1, 0, 0, '0000-00-00', '100.00000000', 1, '0.00000000', '0.00000000', '0.00000000', 0, 1, 1, 0, 1, 2, 0, 1, NULL, 0, 1, '2020-08-24 22:56:35', '2020-08-24 22:56:35'),
(147, '', '', '', '', '0.0000', '0.0000', '0.0000', '', '', '', '', '', '', '', 0, 1, 0, 'https://cdn.bestme.asia/images/x2/0000198743284nike-844736001ab02.jpg', '', 0, 0, 1, '1700000.0000', 1, '2100000.0000', 1, 0, 0, '0000-00-00', '100.00000000', 1, '0.00000000', '0.00000000', '0.00000000', 0, 1, 1, 0, 1, 2, 0, 1, NULL, 0, 1, '2020-08-24 22:54:29', '2020-08-24 22:54:29'),
(146, '', '', '', '', '0.0000', '0.0000', '0.0000', '', '', '', '', '', '', '', 0, 1, 0, 'https://cdn.bestme.asia/images/x2/thiet-ke-khong-ten-2_20TeBSI.png', '', 0, 0, 1, '510000.0000', 1, '630000.0000', 1, 0, 0, '0000-00-00', '30.00000000', 1, '0.00000000', '0.00000000', '0.00000000', 0, 1, 1, 0, 1, 2, 0, 1, NULL, 0, 1, '2020-08-21 14:52:38', '2020-08-25 12:42:20'),
(145, '', '', '', '', '0.0000', '0.0000', '0.0000', '', '', '', '', '', '', '', 0, 1, 0, 'https://cdn.bestme.asia/images/x2/thiet-ke-khong-ten-1_MGPPh0j.png', '', 0, 0, 1, '490000.0000', 1, '510000.0000', 1, 0, 0, '0000-00-00', '30.00000000', 1, '0.00000000', '0.00000000', '0.00000000', 0, 1, 1, 0, 1, 2, 0, 1, NULL, 0, 1, '2020-08-21 14:49:32', '2020-08-25 12:42:34'),
(144, '', '', '', '', '0.0000', '0.0000', '0.0000', '', '', '', '', '', '', '', 0, 1, 0, 'https://cdn.bestme.asia/images/x2/thiet-ke-khong-ten_d7nuwwM.png', '', 0, 0, 1, '999000.0000', 1, '1200000.0000', 1, 0, 0, '0000-00-00', '30.00000000', 1, '0.00000000', '0.00000000', '0.00000000', 0, 1, 1, 0, 1, 0, 0, 1, NULL, 0, 1, '2020-08-21 14:48:13', '2020-08-25 12:42:47'),
(143, '', '', '', '', '0.0000', '0.0000', '0.0000', '', '', '', '', '', '', '', 0, 1, 0, 'https://cdn.bestme.asia/images/x2/thiet-ke-khong-ten-3_tuNp3wL.png', '', 0, 0, 1, '850000.0000', 1, '910000.0000', 1, 0, 0, '0000-00-00', '30.00000000', 1, '0.00000000', '0.00000000', '0.00000000', 0, 1, 1, 0, 1, 2, 0, 1, NULL, 0, 1, '2020-08-21 14:46:37', '2020-08-25 12:44:38'),
(142, '', '', '', '', '0.0000', '0.0000', '0.0000', '', '', '', '', '', '', '', 0, 1, 0, 'https://cdn.bestme.asia/images/x2/1637avaginttf79.jpg', '', 0, 0, 1, '13900000.0000', 1, '15100000.0000', 1, 0, 0, '0000-00-00', '30000.00000000', 1, '0.00000000', '0.00000000', '0.00000000', 0, 1, 1, 0, 1, 2, 0, 1, NULL, 0, 1, '2020-08-21 14:38:16', '2020-08-28 16:49:07'),
(141, '', '', '', '', '0.0000', '0.0000', '0.0000', '', '', '', '', '', '', '', 0, 1, 0, 'https://cdn.bestme.asia/images/x2/may-tap-eo-impulse-it9318.jpg', '', 0, 0, 1, '8100000.0000', 1, '9600000.0000', 1, 0, 0, '0000-00-00', '40000.00000000', 1, '0.00000000', '0.00000000', '0.00000000', 0, 1, 1, 0, 1, 2, 0, 1, NULL, 0, 1, '2020-08-21 14:35:20', '2020-08-28 16:48:11'),
(140, '', '', '', '', '0.0000', '0.0000', '0.0000', '', '', '', '', '', '', '', 0, 1, 0, 'https://cdn.bestme.asia/images/x2/untitled-1_GKDihFp.jpg', '', 0, 0, 1, '14300000.0000', 1, '15100000.0000', 1, 0, 0, '0000-00-00', '20.00000000', 1, '0.00000000', '0.00000000', '0.00000000', 0, 1, 1, 0, 1, 2, 0, 1, NULL, 0, 1, '2020-08-21 14:31:41', '2020-08-28 16:46:49'),
(139, '', '', '', '', '0.0000', '0.0000', '0.0000', '', '', '', '', '', '', '', 0, 1, 0, 'https://cdn.bestme.asia/images/x2/unnamed-1_06ZmaaH.jpg', '', 0, 0, 1, '11000000.0000', 1, '12100000.0000', 1, 0, 0, '0000-00-00', '20000.00000000', 1, '0.00000000', '0.00000000', '0.00000000', 0, 1, 1, 0, 1, 2, 0, 1, NULL, 0, 1, '2020-08-21 14:23:10', '2020-08-28 16:47:40'),
(138, '', '', '', '', '0.0000', '0.0000', '0.0000', '', '', '', '', '', '', '', 0, 1, 0, 'https://cdn.bestme.asia/images/x2/x2-1000x1000.jpg', '', 0, 0, 1, '0.0000', 1, '0.0000', 1, 0, 0, '0000-00-00', '30.00000000', 1, '0.00000000', '0.00000000', '0.00000000', 0, 1, 1, 0, 1, 0, 0, 1, NULL, 0, 1, '2020-08-20 15:39:05', '2020-08-28 10:41:38'),
(137, '', '', '', '', '0.0000', '0.0000', '0.0000', '', '', '', '', '', '', '', 0, 1, 0, 'https://cdn.bestme.asia/images/x2/untitled-2_x6z9kxc.jpg', '', 0, 0, 1, '0.0000', 1, '0.0000', 1, 0, 0, '0000-00-00', '30.00000000', 1, '0.00000000', '0.00000000', '0.00000000', 0, 1, 1, 0, 1, 0, 0, 1, NULL, 0, 1, '2020-08-20 14:54:11', '2020-08-27 13:06:11'),
(136, '', '', '', '', '0.0000', '0.0000', '0.0000', '', '', '', '', '', '', '', 0, 1, 0, 'https://cdn.bestme.asia/images/x2/s1.jpg', '', 0, 0, 1, '0.0000', 1, '0.0000', 1, 0, 0, '0000-00-00', '30.00000000', 1, '0.00000000', '0.00000000', '0.00000000', 0, 1, 1, 0, 1, 0, 0, 1, NULL, 0, 1, '2020-08-20 14:51:27', '2020-08-27 12:57:47'),
(135, '', '', '', '', '0.0000', '0.0000', '0.0000', '', '', '', '', '', '', '', 0, 1, 0, 'https://cdn.bestme.asia/images/x2/untitled-3_TA5aPZH.jpg', '', 0, 0, 1, '0.0000', 1, '0.0000', 1, 0, 0, '0000-00-00', '30.00000000', 1, '0.00000000', '0.00000000', '0.00000000', 0, 1, 1, 0, 1, 0, 0, 1, NULL, 0, 1, '2020-08-20 14:34:12', '2020-08-27 13:06:39'),
(134, '', '', '', '', '0.0000', '0.0000', '0.0000', '', '', '', '', '', '', '', 0, 1, 0, 'https://cdn.bestme.asia/images/x2/s3.jpg', '', 0, 0, 1, '0.0000', 1, '0.0000', 1, 0, 0, '0000-00-00', '30.00000000', 1, '0.00000000', '0.00000000', '0.00000000', 0, 1, 1, 0, 1, 2, 0, 1, NULL, 0, 1, '2020-08-20 14:14:59', '2020-08-27 13:06:26'),
(155, '', '', '', '', '0.0000', '0.0000', '0.0000', '', '', '', '', '', '', '', 0, 1, 0, 'https://cdn.bestme.asia/images/x2/thiet-ke-khong-ten-2020-08-24t231615692.png', '', 0, 0, 1, '1100000.0000', 1, '1500000.0000', 1, 0, 0, '0000-00-00', '20.00000000', 1, '0.00000000', '0.00000000', '0.00000000', 0, 1, 1, 0, 1, 0, 0, 1, NULL, 0, 1, '2020-08-24 23:17:38', '2020-08-28 17:11:04'),
(156, '', '', '', '', '0.0000', '0.0000', '0.0000', '', '', '', '', '', '', '', 0, 1, 0, 'https://cdn.bestme.asia/images/x2/9035740ab393cfcaa563896094572d2c.jpg', '', 0, 27, 1, '290000.0000', 1, '310000.0000', 1, 0, 0, '0000-00-00', '30.00000000', 1, '0.00000000', '0.00000000', '0.00000000', 0, 1, 1, 0, 1, 2, 0, 1, NULL, 0, 1, '2020-08-24 23:18:19', '2020-08-28 17:13:48'),
(157, '', '', '', '', '0.0000', '0.0000', '0.0000', '', '', '', '', '', '', '', 0, 1, 0, 'https://cdn.bestme.asia/images/x2/tb2axwcf9tybenjsspkxxbu8vxa576881338.jpg', '', 0, 26, 1, '120000.0000', 1, '150000.0000', 1, 0, 0, '0000-00-00', '20.00000000', 1, '0.00000000', '0.00000000', '0.00000000', 0, 1, 1, 0, 1, 2, 0, 1, NULL, 0, 1, '2020-08-24 23:18:59', '2020-08-28 17:15:17'),
(158, '', '', '', '', '0.0000', '0.0000', '0.0000', '', '', '', '', '', '', '', 0, 1, 0, 'https://cdn.bestme.asia/images/x2/day-yoga-n002.jpg', '', 0, 0, 1, '71000.0000', 1, '99000.0000', 1, 0, 0, '0000-00-00', '20.00000000', 1, '0.00000000', '0.00000000', '0.00000000', 0, 1, 1, 0, 1, 2, 0, 1, NULL, 0, 1, '2020-08-24 23:19:41', '2020-08-24 23:19:41');
-- restore soft-deleted products if demo
UPDATE `oc_product` SET `deleted` = NULL
WHERE `demo` = 1
  AND `product_id` IN (
      154,
      153,
      152,
      151,
      150,
      149,
      148,
      147,
      146,
      145,
      144,
      143,
      142,
      141,
      140,
      139,
      138,
      137,
      136,
      135,
      134,
      155,
      156,
      157,
      158
  );

-- oc_product_collection PRIMARY KEY (`product_collection_id`)
INSERT IGNORE INTO `oc_product_collection` (`product_collection_id`, `product_id`, `collection_id`, `sort_order`) VALUES
(163, 147, 13, 0),
(179, 144, 12, 0),
(180, 143, 12, 0),
(194, 142, 11, 0),
(192, 139, 11, 0),
(193, 141, 11, 0),
(191, 140, 11, 0),
(190, 138, 10, 0),
(183, 136, 10, 0),
(186, 137, 10, 0),
(188, 135, 10, 0),
(187, 134, 10, 0),
(177, 146, 12, 0),
(178, 145, 12, 0),
(166, 148, 13, 0),
(165, 149, 13, 0),
(164, 150, 13, 0),
(198, 154, 14, 0),
(195, 151, 14, 0),
(197, 153, 14, 0),
(196, 152, 14, 0),
(200, 156, 15, 0),
(172, 158, 15, 0),
(201, 157, 15, 0),
(199, 155, 15, 0);

-- oc_product_description PRIMARY KEY (`product_id`,`language_id`)
INSERT IGNORE INTO `oc_product_description` (`product_id`, `language_id`, `name`, `description`, `sub_description`, `seo_title`, `seo_description`, `tag`, `meta_title`, `meta_description`, `meta_keyword`) VALUES
(134, 2, 'Gói Tập Cho Dân Chuyên', '', '', '', '', '', '', '', ''),
(135, 2, 'Gói Tập Fitness Studio', '', '', '', '', '', '', '', ''),
(136, 2, 'Gói Tập Thể Hình Tăng Cơ Bắp', '', '', '', '', '', '', '', ''),
(137, 2, 'Gói Tập Thể Hình Săn Chắc', '', '', '', '', '', '', '', ''),
(138, 2, 'Gói Tập Yoga', '', '', '', '', '', '', '', ''),
(139, 2, 'Bộ Giàn Tập Tạ Đa Năng K8', '&lt;h2&gt;&lt;strong&gt;Thông tin chi tiết giàn tập tạ đa năng K8&lt;/strong&gt;&lt;/h2&gt;\r\n\r\n&lt;ul&gt;\r\n	&lt;li&gt;Mã sản phẩm: K8&lt;/li&gt;\r\n	&lt;li&gt;Xuất xứ: Trung Quốc&lt;/li&gt;\r\n	&lt;li&gt;Khung thép chính làm từ thép hộp 70 x 50mm dày 1,8mm&lt;/li&gt;\r\n	&lt;li&gt;Sơn tĩnh điện chống xước và rỉ sét cực tốt&lt;/li&gt;\r\n	&lt;li&gt;Màu sắc: vàng cam + đen.&lt;/li&gt;\r\n	&lt;li&gt;Trọng lượng cả bộ: 106 kg.&lt;/li&gt;\r\n	&lt;li&gt;Diện tích lắp đặt: 1360 x 2100 x 2150 mm.&lt;/li&gt;\r\n	&lt;li&gt;Kích thước đóng thùng: gồm 2 kiện:&lt;/li&gt;\r\n	&lt;li&gt;Kiện 1: 1630 x 500 x 220 mm.&lt;/li&gt;\r\n	&lt;li&gt;Kiện 2: 2125 x 460 x 140 mm.&lt;/li&gt;\r\n	&lt;li&gt;Bảo hành 12 tháng&lt;/li&gt;\r\n&lt;/ul&gt;\r\n\r\n&lt;p&gt;&lt;strong&gt;Khung gánh tạ&lt;/strong&gt; được cố định sẵn trong khung máy, đòn gánh tạ đã cố định theo máy, sử dụng bánh tạ lỗ Φ52. Giúp tập luyện các bài tập Squats cực kỳ dễ dàng và an toàn. Ngoài ra ở phụ kiện còn có đệm lót đòn tạ tập squat nên bạn hãy yên tâm tập luyện.&lt;/p&gt;', '', '', '', '', '', '', ''),
(140, 2, 'Máy Chạy Bộ MTC-95B', '&lt;h2&gt;Máy chạy bộ điện cỡ lớn MCT-95B có động cơ siêu khủng lên tới 6,0HP:&lt;/h2&gt;\r\n\r\n&lt;p&gt;Máy chạy bộ điện MCT-95B là dòng máy chạy bộ điện cao cấp được thiết kế &lt;strong&gt;chuyên dụng cho phòng Gym&lt;/strong&gt; với động cơ mạnh mẽ và khung máy cực kỳ chắc chắn. &lt;strong&gt;Động cơ motor AC có công suất 4,5HP đạt đỉnh 6,0HP, tốc độ chạy tối đa lên tới 20 km/h&lt;/strong&gt; và &lt;strong&gt;bàn chạy rộng tới 63cm&lt;/strong&gt; nên máy chạy bộ điện MCT-95B xứng đáng là dòng máy có độ bền khủng.&lt;/p&gt;\r\n\r\n&lt;p&gt;&lt;img alt=&quot;Máy chạy bộ điện cỡ lớn MCT-95B có bánh xe di chuyển giúp cất giữ máy dễ dàng.&quot; height=&quot;460&quot; src=&quot;https://s.meta.com.vn/img/thumb.ashx/data/image/2016/07/26/May-chay-bo-dien-MCT-95B.jpg&quot; title=&quot;Máy chạy bộ điện cỡ lớn MCT-95B có bánh xe di chuyển giúp cất giữ máy dễ dàng.&quot; width=&quot;579&quot; /&gt;&lt;/p&gt;\r\n\r\n&lt;p&gt;Máy chạy bộ điện cỡ lớn MCT-95B có bánh xe di chuyển giúp cất giữ máy dễ dàng.&lt;/p&gt;\r\n\r\n&lt;p&gt;Máy chạy bộ &lt;strong&gt;có màn hình LED tráng gương&lt;/strong&gt; sẽ hiển thị thông số: thời gian, quãng đường, tốc độ, độ dốc, nhịp tim, calo, chương trình. &lt;strong&gt;Bảng điều khiển tích hợp hệ thống phím điều khiển nhanh, có loa khuếch đại âm thanh, cổng MP3 và khe cắm USB.&lt;/strong&gt;&lt;/p&gt;\r\n\r\n&lt;p&gt;MCT-95B&lt;strong&gt; tích hợp chế độ test máy tự động hiện đại nhất&lt;/strong&gt; hiện nay. Ngoài ra, sản phẩm còn sử dụng &lt;strong&gt;băng tải cao cấp, chuyên dụng với mật độ Urethane cao chống bài mòn, rạn nứt&lt;/strong&gt; và tạo cảm giác êm ái trong khi tập. Ngoài ra, bảng điều khiển của máy tập chạy bộ còn tích hợp hệ thống phím điều khiển nhanh giúp thao tác nhanh chóng hơn.&lt;/p&gt;', '', '', '', '', '', '', ''),
(141, 2, 'Máy Tập Eo Impulse IT9318', '&lt;h2&gt;Máy tập eo Impulse IT9318 giúp đánh tan mỡ thừa, vòng eo săn chắc.&lt;/h2&gt;\r\n\r\n&lt;p&gt;Máy tập eo Impulse IT9318 có chức năng tập giúp giảm eo, giảm mỡ bụng, hỗ trợ massage toàn thân, tăng cường và nâng cao sức khỏe hiệu quả.&lt;/p&gt;\r\n\r\n&lt;h2&gt;Thông tin về máy tập eo Impulse IT9318:&lt;/h2&gt;\r\n\r\n&lt;ul&gt;\r\n	&lt;li&gt;Dùng cho phòng tập lớn, chuyên nghiệp.&lt;/li&gt;\r\n	&lt;li&gt;Kích thước: 118 x 121 x 148,5 cm/ 46,5 x 47,6 x 58,5 inch (dài x rộng x cao).&lt;/li&gt;\r\n	&lt;li&gt;Khung máy được làm từ thép cỡ lớn, cực dày và sơn tĩnh điện cao cấp chống gỉ sét.&lt;/li&gt;\r\n	&lt;li&gt;\r\n	&lt;p&gt;Phần ghế ngồi và tiếp xúc khi tập được bọc nệm da cao cấp. Hệ thống dây cáp và bánh xe chịu lực tốt, đảm bảo an toàn cho người sử dụng.&lt;/p&gt;\r\n	&lt;/li&gt;\r\n	&lt;li&gt;\r\n	&lt;p&gt;Màu sắc: ghi xám.&lt;/p&gt;\r\n	&lt;/li&gt;\r\n	&lt;li&gt;\r\n	&lt;p&gt;Trọng lượng khung máy: 91 kg.&lt;/p&gt;\r\n	&lt;/li&gt;\r\n	&lt;li&gt;\r\n	&lt;p&gt;Trọng lượng đĩa tạ: 68 kg.&lt;/p&gt;\r\n	&lt;/li&gt;\r\n	&lt;li&gt;\r\n	&lt;p&gt;Diện tích lắp đặt: 118 x 121 x 148.5 cm (dài x rộng x cao).&lt;/p&gt;\r\n	&lt;/li&gt;\r\n&lt;/ul&gt;', '', '', '', '', '', '', ''),
(142, 2, 'Giàn Tạ Đa Năng Tech Fitness TF-79', '&lt;h2&gt;Thông số kỹ thuật chi tiết của giàn tạ đa năng TF-79&lt;/h2&gt;\r\n\r\n&lt;table&gt;\r\n	&lt;tbody&gt;\r\n		&lt;tr&gt;\r\n			&lt;td&gt;Mã sản phẩm&lt;/td&gt;\r\n			&lt;td&gt;TF-79&lt;/td&gt;\r\n		&lt;/tr&gt;\r\n		&lt;tr&gt;\r\n			&lt;td&gt;Thương hiệu&lt;/td&gt;\r\n			&lt;td&gt;Tech Fitness&lt;/td&gt;\r\n		&lt;/tr&gt;\r\n		&lt;tr&gt;\r\n			&lt;td&gt;Máu sắc&lt;/td&gt;\r\n			&lt;td&gt;Xám-đen-cam&lt;/td&gt;\r\n		&lt;/tr&gt;\r\n		&lt;tr&gt;\r\n			&lt;td&gt;Chất liệu&lt;/td&gt;\r\n			&lt;td&gt;Thép vuông 50x70 mm. Độ dày thép 1.5mm&lt;/td&gt;\r\n		&lt;/tr&gt;\r\n		&lt;tr&gt;\r\n			&lt;td&gt;Bao đấm cát&lt;/td&gt;\r\n			&lt;td&gt;1030 x30mm&lt;/td&gt;\r\n		&lt;/tr&gt;\r\n		&lt;tr&gt;\r\n			&lt;td&gt;Ghế tựa&lt;/td&gt;\r\n			&lt;td&gt; Dày 50mm - 75mm&lt;/td&gt;\r\n		&lt;/tr&gt;\r\n		&lt;tr&gt;\r\n			&lt;td&gt;Ghế dốc 45&lt;sup&gt;0&lt;/sup&gt;&lt;/td&gt;\r\n			&lt;td&gt;Dày 50 mm&lt;/td&gt;\r\n		&lt;/tr&gt;\r\n		&lt;tr&gt;\r\n			&lt;td&gt;Ghế ngồi&lt;/td&gt;\r\n			&lt;td&gt;Dày 50 mm&lt;/td&gt;\r\n		&lt;/tr&gt;\r\n		&lt;tr&gt;\r\n			&lt;td&gt;Thanh kéo xô&lt;/td&gt;\r\n			&lt;td&gt;Dài 920 mm&lt;/td&gt;\r\n		&lt;/tr&gt;\r\n		&lt;tr&gt;\r\n			&lt;td&gt;Tay ép ngực/Đẩy ngực&lt;/td&gt;\r\n			&lt;td&gt;Có&lt;/td&gt;\r\n		&lt;/tr&gt;\r\n		&lt;tr&gt;\r\n			&lt;td&gt;Thanh chống đẩy, kéo xô chân&lt;/td&gt;\r\n			&lt;td&gt;Có&lt;/td&gt;\r\n		&lt;/tr&gt;\r\n		&lt;tr&gt;\r\n			&lt;td&gt;Xà kép, ghế cong có thể gọn&lt;/td&gt;\r\n			&lt;td&gt;Có&lt;/td&gt;\r\n		&lt;/tr&gt;\r\n		&lt;tr&gt;\r\n			&lt;td&gt;Trọng lượng tạ&lt;/td&gt;\r\n			&lt;td&gt; 72/74 (Kg)&lt;/td&gt;\r\n		&lt;/tr&gt;\r\n		&lt;tr&gt;\r\n			&lt;td&gt;Trọng lượng trọn bộ&lt;/td&gt;\r\n			&lt;td&gt;101/107 (Kg)&lt;/td&gt;\r\n		&lt;/tr&gt;\r\n		&lt;tr&gt;\r\n			&lt;td&gt;Trọng lượng người tập &lt;/td&gt;\r\n			&lt;td&gt; 150kg&lt;/td&gt;\r\n		&lt;/tr&gt;\r\n		&lt;tr&gt;\r\n			&lt;td&gt;Kích thước lắp đặt&lt;/td&gt;\r\n			&lt;td&gt;2100 x 1600 x 1550 mm&lt;/td&gt;\r\n		&lt;/tr&gt;\r\n		&lt;tr&gt;\r\n			&lt;td&gt;Kích thước đóng gói&lt;/td&gt;\r\n			&lt;td&gt;\r\n			&lt;p&gt;6 thùng gồm kích thước:&lt;br /&gt;\r\n			C: 111*34*34 (cm)&lt;br /&gt;\r\n			D: 138,5*24*35 (cm)&lt;br /&gt;\r\n			E: 39,5*19*20,5 (cm)&lt;br /&gt;\r\n			F: 39,5* 19* 24,5 (cm)&lt;br /&gt;\r\n			H: 200*54*18 (cm)&lt;br /&gt;\r\n			I: 29,5*29*24,5 (cm)&lt;/p&gt;\r\n			&lt;/td&gt;\r\n		&lt;/tr&gt;\r\n	&lt;/tbody&gt;\r\n&lt;/table&gt;', '', '', '', '', '', '', ''),
(143, 2, 'Áo Tập Gym Dài Tay Bó', '', '', '', '', '', '', '', ''),
(144, 2, 'Áo Tập Gym IGH', '', '', '', '', '', '', '', ''),
(145, 2, 'Quần Gym IGH Trắng Đen', '', '', '', '', '', '', '', ''),
(146, 2, 'Quần Tập Gym Đen Xám', '', '', '', '', '', '', '', ''),
(147, 2, 'Giày Thể Thao GT1', '', '', '', '', '', '', '', ''),
(148, 2, 'Giày Thể Theo GT2', '', '', '', '', '', '', '', ''),
(149, 2, 'Giày Thể Thao Sport', '', '', '', '', '', '', '', ''),
(150, 2, 'Giày Thể Thao GT3', '', '', '', '', '', '', '', ''),
(151, 2, 'Găng Tay Tập Gym', '&lt;ul style=&quot;box-sizing:border-box; padding:0px; list-style:none; max-height:293px; overflow:auto; color:#000000; font-family:&amp;quot;Noto Sans&amp;quot;, &amp;quot;Helvetica Neue&amp;quot;, Helvetica, Roboto, Arial, sans-serif; font-size:13.92px; font-style:normal; font-variant-ligatures:normal; font-variant-caps:normal; font-weight:400; letter-spacing:normal; orphans:2; text-align:left; text-indent:0px; text-transform:none; white-space:normal; widows:2; word-spacing:0px; -webkit-text-stroke-width:0px; background-color:#ffffff; text-decoration-style:initial; text-decoration-color:initial&quot;&gt;\r\n	&lt;li style=&quot;box-sizing:border-box; padding:0px; list-style:outside none none&quot;&gt;&lt;span class=&quot;a-list-item&quot; style=&quot;box-sizing:border-box&quot;&gt;&lt;font style=&quot;box-sizing:border-box; vertical-align:inherit&quot;&gt;&lt;font style=&quot;box-sizing:border-box; vertical-align:inherit&quot;&gt;Phát triển từ nghiên cứu của các trường Đại học hàng đầu thế giới&lt;/font&gt;&lt;/font&gt;&lt;/span&gt;&lt;/li&gt;\r\n	&lt;li style=&quot;box-sizing:border-box; padding:0px; list-style:outside none none&quot;&gt;&lt;span class=&quot;a-list-item&quot; style=&quot;box-sizing:border-box&quot;&gt;&lt;font style=&quot;box-sizing:border-box; vertical-align:inherit&quot;&gt;&lt;font style=&quot;box-sizing:border-box; vertical-align:inherit&quot;&gt;Bịt cổ tay Dual-X được cấp bằng sáng chế tạo ra hỗ trợ cổ tay tối đa để có sức mạnh tối đa và ngăn ngừa thương tích&lt;/font&gt;&lt;/font&gt;&lt;/span&gt;&lt;/li&gt;\r\n	&lt;li style=&quot;box-sizing:border-box; padding:0px; list-style:outside none none&quot;&gt;&lt;span class=&quot;a-list-item&quot; style=&quot;box-sizing:border-box&quot;&gt;&lt;font style=&quot;box-sizing:border-box; vertical-align:inherit&quot;&gt;&lt;font style=&quot;box-sizing:border-box; vertical-align:inherit&quot;&gt;Thiết kế Y-Volar giúp găng tay ôm sát vào tay để tạo sự ổn định và vừa vặn tối đa&lt;/font&gt;&lt;/font&gt;&lt;/span&gt;&lt;/li&gt;\r\n	&lt;li style=&quot;box-sizing:border-box; padding:0px; list-style:outside none none&quot;&gt;&lt;span class=&quot;a-list-item&quot; style=&quot;box-sizing:border-box&quot;&gt;&lt;font style=&quot;box-sizing:border-box; vertical-align:inherit&quot;&gt;&lt;font style=&quot;box-sizing:border-box; vertical-align:inherit&quot;&gt;Tối đa hóa lực đấm bằng cách loại bỏ rò rỉ năng lượng&lt;/font&gt;&lt;/font&gt;&lt;/span&gt;&lt;/li&gt;\r\n	&lt;li style=&quot;box-sizing:border-box; padding:0px; list-style:outside none none&quot;&gt;&lt;span class=&quot;a-list-item&quot; style=&quot;box-sizing:border-box&quot;&gt;&lt;font style=&quot;box-sizing:border-box; vertical-align:inherit&quot;&gt;&lt;font style=&quot;box-sizing:border-box; vertical-align:inherit&quot;&gt;Da Vylar được chế tạo độc quyền cho hiệu suất và độ bền chưa từng có&lt;/font&gt;&lt;/font&gt;&lt;/span&gt;&lt;/li&gt;\r\n&lt;/ul&gt;', '', '', '', '', '', '', ''),
(152, 2, 'Dây Quấn Cổ Tay', '&lt;p&gt;Quấn cổ tay NutraBio màu sắc sang trọng, hỗ trợ bảo vệ cổ tay tập gym, phòng tránh chấn thương, tăng sức mạnh, sức đẩy hiệu quả trong các bài tập như : đẩy ngực, đẩy vai, tập tay trước, … hiệu quả.&lt;/p&gt;\r\n\r\n&lt;p&gt;&lt;img alt=&quot;Cách sử dụng quấn cổ tay tập gym&quot; height=&quot;1000&quot; src=&quot;https://cdn.wheyshop.vn/wp-content/uploads/2020/06/Cach-su-dung-quan-co-tay-tap-gym.jpg&quot; title=&quot;Quấn Cổ Tay Tập Gym NutraBio 4&quot; width=&quot;1000&quot; /&gt;&lt;/p&gt;\r\n\r\n&lt;h3&gt;&lt;strong&gt;Tại sao bạn nên sử dụng quấn cổ tay tập gym :&lt;/strong&gt;&lt;/h3&gt;\r\n\r\n&lt;ul&gt;\r\n	&lt;li&gt;Bảo vệ cổ tay, phòng tránh trật khớp, chấn thương trong quá trình tập luyện.&lt;/li&gt;\r\n	&lt;li&gt;Tăng cường sức mạnh, cảm nhận cơ bắp trong các bài tập gym, thể hình.&lt;/li&gt;\r\n	&lt;li&gt;Cố định cổ tay, cảm nhận cơ bắp hiệu quả hơn.&lt;/li&gt;\r\n&lt;/ul&gt;\r\n\r\n&lt;h3&gt;&lt;strong&gt;Ưu điểm của quấn cổ tay tập gym NutraBio :&lt;/strong&gt;&lt;/h3&gt;\r\n\r\n&lt;p&gt;Sản phẩm quấn cổ tay NutraBio sử dụng chất liệu vải cao cấp, có độ co giãn với độ bền tốt, sợi nilon kết hợp vải cotton cao cấp, đảm bảo dây quấn chặt cổ tay nhưng linh hoạt, không bị cứng cho khách hàng.&lt;/p&gt;\r\n\r\n&lt;p&gt;Sản phẩm dây quấn giá khuyến mãi, thiết kế hiện đại, màu sắc nam tính, dây quấn NutraBio giúp bạn tự tin hơn khi sử dụng sản phẩm tại phòng tập gym, thể hình.&lt;/p&gt;\r\n\r\n&lt;p&gt;&lt;img alt=&quot;Quấn cổ tay hỗ trợ tập gym NutraBio&quot; height=&quot;854&quot; src=&quot;https://cdn.wheyshop.vn/wp-content/uploads/2020/06/Quan-co-tay-ho-tro-tap-gym-NutraBio.jpg&quot; title=&quot;Quấn Cổ Tay Tập Gym NutraBio 5&quot; width=&quot;977&quot; /&gt;&lt;/p&gt;', '', '', '', '', '', '', ''),
(153, 2, 'Mũ Bảo Vệ Đầu', '&lt;p&gt;&lt;span class=&quot;first-half&quot; style=&quot;font-size:14px; text-align:start; text-indent:0px; -webkit-text-stroke-width:0px&quot;&gt;&lt;span style=&quot;box-sizing:border-box&quot;&gt;&lt;span style=&quot;font-family:&amp;quot;Noto Serif&amp;quot;, serif&quot;&gt;&lt;span style=&quot;color:#000000&quot;&gt;&lt;span style=&quot;font-style:normal&quot;&gt;&lt;span style=&quot;font-variant-ligatures:normal&quot;&gt;&lt;span style=&quot;font-variant-caps:normal&quot;&gt;&lt;span style=&quot;font-weight:400&quot;&gt;&lt;span style=&quot;letter-spacing:normal&quot;&gt;&lt;span style=&quot;orphans:2&quot;&gt;&lt;span style=&quot;text-transform:none&quot;&gt;&lt;span style=&quot;white-space:normal&quot;&gt;&lt;span style=&quot;widows:2&quot;&gt;&lt;span style=&quot;word-spacing:0px&quot;&gt;&lt;span style=&quot;background-color:#ffffff&quot;&gt;&lt;span style=&quot;text-decoration-style:initial&quot;&gt;&lt;span style=&quot;text-decoration-color:initial&quot;&gt;&lt;font style=&quot;box-sizing:border-box; vertical-align:inherit&quot;&gt;&lt;font style=&quot;box-sizing:border-box; vertical-align:inherit&quot;&gt;Cấu trúc nhẹ Cranial-Cast ™ Phức hợp bọt mật độ cao để hấp thụ sốc Tích hợp nắp lỗ tai và phần trên mở để thông gió tối đa Thiết kế kết hợp cho khả năng hiển thị ngoại vi tuyệt vời và bảo vệ khuôn mặt Chén cằm Hayabusa MMA Fight Gloves (Đen hoặc Trắng) Y- thiết kế hình dạng lòng bàn tay để giữ găng tay ôm sát vào bàn tay khi nắm chặt tay hoặc khi mở tay Hệ thống dây đeo chéo kép đóng theo hướng để hỗ trợ cổ tay tối đa và khả năng điều chỉnh 4 oz.&lt;/font&gt;&lt;/font&gt;&lt;/span&gt;&lt;/span&gt;&lt;/span&gt;&lt;/span&gt;&lt;/span&gt;&lt;/span&gt;&lt;/span&gt;&lt;/span&gt;&lt;/span&gt;&lt;/span&gt;&lt;/span&gt;&lt;/span&gt;&lt;/span&gt;&lt;/span&gt;&lt;/span&gt;&lt;/span&gt;&lt;/span&gt; &lt;span class=&quot;second-half&quot; style=&quot;font-size:15px; text-align:start; text-indent:0px; -webkit-text-stroke-width:0px&quot;&gt;&lt;span style=&quot;box-sizing:border-box&quot;&gt;&lt;span style=&quot;color:#000000&quot;&gt;&lt;span style=&quot;font-family:&amp;quot;Noto Serif&amp;quot;, serif&quot;&gt;&lt;span style=&quot;font-style:normal&quot;&gt;&lt;span style=&quot;font-variant-ligatures:normal&quot;&gt;&lt;span style=&quot;font-variant-caps:normal&quot;&gt;&lt;span style=&quot;font-weight:400&quot;&gt;&lt;span style=&quot;letter-spacing:normal&quot;&gt;&lt;span style=&quot;orphans:2&quot;&gt;&lt;span style=&quot;text-transform:none&quot;&gt;&lt;span style=&quot;white-space:normal&quot;&gt;&lt;span style=&quot;widows:2&quot;&gt;&lt;span style=&quot;word-spacing:0px&quot;&gt;&lt;span style=&quot;background-color:#ffffff&quot;&gt;&lt;span style=&quot;text-decoration-style:initial&quot;&gt;&lt;span style=&quot;text-decoration-color:initial&quot;&gt;&lt;font style=&quot;box-sizing:border-box; vertical-align:inherit&quot;&gt;&lt;font style=&quot;box-sizing:border-box; vertical-align:inherit&quot;&gt;Kết cấu nhẹ mang đến khả năng di chuyển và linh hoạt vô song. &lt;/font&gt;&lt;font style=&quot;box-sizing:border-box; vertical-align:inherit&quot;&gt;Cấu trúc cong, tiện dụng mang đến một bề mặt hoàn hảo nổi bật. &lt;/font&gt;&lt;font style=&quot;box-sizing:border-box; vertical-align:inherit&quot;&gt;Lớp đệm đặc biệt để bảo vệ và an toàn tối đa. &lt;/font&gt;&lt;font style=&quot;box-sizing:border-box; vertical-align:inherit&quot;&gt;Neoprene hỗ trợ để thở. &lt;/font&gt;&lt;font style=&quot;box-sizing:border-box; vertical-align:inherit&quot;&gt;Thiết kế toàn bộ mặt sau cho cảm giác vừa vặn hoàn hảo trong cả những bài tập khắc nghiệt nhất. &lt;/font&gt;&lt;font style=&quot;box-sizing:border-box; vertical-align:inherit&quot;&gt;MMA sparring cũng liên quan đến khả năng thích ứng như bất kỳ thứ gì khác. &lt;/font&gt;&lt;font style=&quot;box-sizing:border-box; vertical-align:inherit&quot;&gt;Nếu bạn có thể làm mềm đối thủ bằng cách đá họ khi họ không mong đợi, bạn có thể khiến họ mệt mỏi. &lt;/font&gt;&lt;font style=&quot;box-sizing:border-box; vertical-align:inherit&quot;&gt;Nếu đối thủ của bạn quá mệt mỏi để mong đợi rằng bạn sắp thực hiện một cuộc gỡ xuống hoàn hảo, bạn đã có chúng ngay tại nơi bạn muốn. &lt;/font&gt;&lt;font style=&quot;box-sizing:border-box; vertical-align:inherit&quot;&gt;Nếu bộ phận bảo vệ ống chân của bạn thay đổi khi bạn chạm vào tấm thảm, chúng có thể khiến bạn phải trả giá bằng cuộc chiến, hoặc ít nhất là cho đối thủ của bạn thời gian để hồi phục.&lt;/font&gt;&lt;/font&gt;&lt;/span&gt;&lt;/span&gt;&lt;/span&gt;&lt;/span&gt;&lt;/span&gt;&lt;/span&gt;&lt;/span&gt;&lt;/span&gt;&lt;/span&gt;&lt;/span&gt;&lt;/span&gt;&lt;/span&gt;&lt;/span&gt;&lt;/span&gt;&lt;/span&gt;&lt;/span&gt;&lt;/span&gt;&lt;/p&gt;', '', '', '', '', '', '', ''),
(154, 2, 'Bó Gối Tập Gym', '&lt;p&gt;Xỏ Gối Tập Gym Harbinger Compressor là phụ kiện quấn hỗ trợ bảo vệ an toàn cho khớp gối trước các bài tập nặng như gánh đùi, đạp đùi,…&lt;/p&gt;\r\n\r\n&lt;p&gt;Xỏ Gối Tập Gym Harbinger Compressor được nghiên cứu và sản xuất bởi thương hiệu Harbinger – thương hiệu phụ kiện cao cấp nhất tại Mỹ&lt;/p&gt;\r\n\r\n&lt;p&gt;Xỏ Gối Tập Gym Harbinger Compressor dạng liền, tiện lợi và vô cùng dễ dàng sử dụng, phù hợp nhiều kích thước chân, ôm sát toàn bộ phần gối tuyệt vời, an toàn , hiệu quả.&lt;/p&gt;\r\n\r\n&lt;p&gt;&lt;img alt=&quot;quan goi tap gym xo goi tap gym harbinger&quot; height=&quot;536&quot; src=&quot;https://cdn.wheyshop.vn/wp-content/uploads/2020/05/quan-goi-tap-gym-xo-goi-tap-gym-harbinger.jpg&quot; title=&quot;Xỏ Gối Tập Gym Harbinger Compressor 4&quot; width=&quot;898&quot; /&gt;&lt;/p&gt;\r\n\r\n&lt;h3&gt;&lt;strong&gt;Công dụng của Xỏ Gối Tập Gym Harbinger Compressor :&lt;/strong&gt;&lt;/h3&gt;\r\n\r\n&lt;ul&gt;\r\n	&lt;li&gt;Kích thước: 200 x 8 cm, có miếng dán chắc chắn và tiện dụng.&lt;/li&gt;\r\n	&lt;li&gt;Chất liệu: 20% cao su và 80% Polyester Cotton.&lt;/li&gt;\r\n	&lt;li&gt;Chất lượng: bền, độ đàn hồi cao phù hợp với mọi kích thước chân.&lt;/li&gt;\r\n	&lt;li&gt;Kiểu dáng: đẹp, phong cách mạnh mẽ.&lt;/li&gt;\r\n&lt;/ul&gt;\r\n\r\n&lt;p&gt;Xỏ Gối Tập Gym Harbinger Compressor nhỏ gọn tiện lợi, dễ dàng sử dụng. Được sản xuất từ nguyên liệu cao cấp với độ co giãn tốt, cố định khớp gối hiệu quả.&lt;/p&gt;\r\n\r\n&lt;p&gt;Xỏ Gối Tập Gym Harbinger Compressor là phụ kiện tập gym cần, thiết, bảo vệ khớp gối, phòng tránh chấn thương, tăng sức mạnh cho các bài tập gánh đùi, đạp đùi,… Xỏ Gối Tập Gym Harbinger Compressor được nhập khẩu trực tiếp, cam kết chất lượng tốt nhất, giá rẻ nhất Hà Nội , TpHcm&lt;/p&gt;\r\n\r\n&lt;p&gt;&lt;img alt=&quot;xo goi tap gym harbinger mua xo goi tap gym Ha Noi Tphcm&quot; height=&quot;540&quot; src=&quot;https://cdn.wheyshop.vn/wp-content/uploads/2020/05/xo-goi-tap-gym-harbinger-mua-xo-goi-tap-gym-Ha-Noi-Tphcm.jpg&quot; title=&quot;Xỏ Gối Tập Gym Harbinger Compressor 5&quot; width=&quot;904&quot; /&gt;&lt;/p&gt;', '', '', '', '', '', '', ''),
(155, 2, 'Thảm Tập Yoga', '&lt;ul style=&quot;box-sizing:border-box; padding:0px; list-style:none; max-height:293px; overflow:auto; color:#000000; font-family:&amp;quot;Noto Sans&amp;quot;, &amp;quot;Helvetica Neue&amp;quot;, Helvetica, Roboto, Arial, sans-serif; font-size:13.92px; font-style:normal; font-variant-ligatures:normal; font-variant-caps:normal; font-weight:400; letter-spacing:normal; orphans:2; text-align:left; text-indent:0px; text-transform:none; white-space:normal; widows:2; word-spacing:0px; -webkit-text-stroke-width:0px; background-color:#ffffff; text-decoration-style:initial; text-decoration-color:initial&quot;&gt;\r\n	&lt;li style=&quot;box-sizing:border-box; padding:0px; list-style:outside none none&quot;&gt;&lt;span class=&quot;a-list-item&quot; style=&quot;box-sizing:border-box&quot;&gt;&lt;font style=&quot;box-sizing:border-box; vertical-align:inherit&quot;&gt;&lt;font style=&quot;box-sizing:border-box; vertical-align:inherit&quot;&gt;Bảo vệ sàn nhà khỏi trầy xước và thấm nước trong khi làm việc. &lt;/font&gt;&lt;font style=&quot;box-sizing:border-box; vertical-align:inherit&quot;&gt;Bảo vệ gỗ cứng, thảm, ngói và tất cả các dạng sàn&lt;/font&gt;&lt;/font&gt;&lt;/span&gt;&lt;/li&gt;\r\n	&lt;li style=&quot;box-sizing:border-box; padding:0px; list-style:outside none none&quot;&gt;&lt;span class=&quot;a-list-item&quot; style=&quot;box-sizing:border-box&quot;&gt;&lt;font style=&quot;box-sizing:border-box; vertical-align:inherit&quot;&gt;&lt;font style=&quot;box-sizing:border-box; vertical-align:inherit&quot;&gt;Chất liệu PVC chống rách bền. &lt;/font&gt;&lt;font style=&quot;box-sizing:border-box; vertical-align:inherit&quot;&gt;Giảm tiếng ồn và rung động trong bất kỳ phiên tập thể dục nào&lt;/font&gt;&lt;/font&gt;&lt;/span&gt;&lt;/li&gt;\r\n	&lt;li style=&quot;box-sizing:border-box; padding:0px; list-style:outside none none&quot;&gt;&lt;span class=&quot;a-list-item&quot; style=&quot;box-sizing:border-box&quot;&gt;&lt;font style=&quot;box-sizing:border-box; vertical-align:inherit&quot;&gt;&lt;font style=&quot;box-sizing:border-box; vertical-align:inherit&quot;&gt;Có thể được sử dụng như một tấm thảm tập thể dục trên sàn để chống đẩy, ngồi lên, v.v.&lt;/font&gt;&lt;/font&gt;&lt;/span&gt;&lt;/li&gt;\r\n	&lt;li style=&quot;box-sizing:border-box; padding:0px; list-style:outside none none&quot;&gt;&lt;span class=&quot;a-list-item&quot; style=&quot;box-sizing:border-box&quot;&gt;&lt;font style=&quot;box-sizing:border-box; vertical-align:inherit&quot;&gt;&lt;font style=&quot;box-sizing:border-box; vertical-align:inherit&quot;&gt;Dễ dàng làm sạch. &lt;/font&gt;&lt;font style=&quot;box-sizing:border-box; vertical-align:inherit&quot;&gt;Dễ dàng gấp lại và cất giữ khi không sử dụng&lt;/font&gt;&lt;/font&gt;&lt;/span&gt;&lt;/li&gt;\r\n	&lt;li style=&quot;box-sizing:border-box; padding:0px; list-style:outside none none&quot;&gt;&lt;span class=&quot;a-list-item&quot; style=&quot;box-sizing:border-box&quot;&gt;&lt;font style=&quot;box-sizing:border-box; vertical-align:inherit&quot;&gt;&lt;font style=&quot;box-sizing:border-box; vertical-align:inherit&quot;&gt;Giúp cân bằng thiết bị thể dục trên thảm Plush và sàn không bằng phẳng. &lt;/font&gt;&lt;font style=&quot;box-sizing:border-box; vertical-align:inherit&quot;&gt;Bảo hành giới hạn 1 năm&lt;/font&gt;&lt;/font&gt;&lt;/span&gt;&lt;/li&gt;\r\n&lt;/ul&gt;', '', '', '', '', '', '', ''),
(156, 2, 'Bóng Tập Yoga', '&lt;h2 style=&quot;text-align:start; text-indent:0px; -webkit-text-stroke-width:0px&quot;&gt;&lt;span style=&quot;box-sizing:inherit&quot;&gt;&lt;span style=&quot;color:#000000&quot;&gt;&lt;span style=&quot;font-family:Roboto, Helvetica, Arial, sans-serif&quot;&gt;&lt;span style=&quot;font-style:normal&quot;&gt;&lt;span style=&quot;font-variant-ligatures:normal&quot;&gt;&lt;span style=&quot;font-variant-caps:normal&quot;&gt;&lt;span style=&quot;letter-spacing:0.15008px&quot;&gt;&lt;span style=&quot;orphans:2&quot;&gt;&lt;span style=&quot;text-transform:none&quot;&gt;&lt;span style=&quot;white-space:normal&quot;&gt;&lt;span style=&quot;widows:2&quot;&gt;&lt;span style=&quot;word-spacing:0px&quot;&gt;&lt;span style=&quot;background-color:#ffffff&quot;&gt;&lt;span style=&quot;text-decoration-style:initial&quot;&gt;&lt;span style=&quot;text-decoration-color:initial&quot;&gt;&lt;font style=&quot;box-sizing:inherit; vertical-align:inherit&quot;&gt;&lt;span style=&quot;font-size:16px&quot;&gt;&lt;span style=&quot;box-sizing:inherit&quot;&gt;&lt;span style=&quot;color:#000000&quot;&gt;&lt;span style=&quot;background-color:#ffffff&quot;&gt;&lt;span style=&quot;font-family:&amp;quot;Times New Roman&amp;quot;&quot;&gt;&lt;font style=&quot;box-sizing:inherit; vertical-align:inherit&quot;&gt;Yoga Brosman đặc &lt;/font&gt;&lt;/span&gt;&lt;/span&gt;&lt;/span&gt;&lt;/span&gt;&lt;/span&gt;&lt;span style=&quot;font-size:16px&quot;&gt;&lt;span style=&quot;box-sizing:inherit&quot;&gt;&lt;span style=&quot;font-family:&amp;quot;Times New Roman&amp;quot;&quot;&gt;&lt;font style=&quot;box-sizing:inherit; vertical-align:inherit&quot;&gt;điểm nổi bật&lt;/font&gt;&lt;/span&gt;&lt;/span&gt;&lt;/span&gt;&lt;/font&gt; &lt;/span&gt;&lt;/span&gt;&lt;/span&gt;&lt;/span&gt;&lt;/span&gt;&lt;/span&gt;&lt;/span&gt;&lt;/span&gt;&lt;/span&gt;&lt;/span&gt;&lt;/span&gt;&lt;/span&gt;&lt;/span&gt;&lt;/span&gt;&lt;/span&gt;&lt;/h2&gt;\r\n\r\n&lt;p style=&quot;text-align:start; text-indent:0px; -webkit-text-stroke-width:0px&quot;&gt;&lt;span style=&quot;font-size:16px&quot;&gt;&lt;span style=&quot;box-sizing:inherit&quot;&gt;&lt;span style=&quot;color:#000000&quot;&gt;&lt;span style=&quot;font-family:Roboto, Helvetica, Arial, sans-serif&quot;&gt;&lt;span style=&quot;font-style:normal&quot;&gt;&lt;span style=&quot;font-variant-ligatures:normal&quot;&gt;&lt;span style=&quot;font-variant-caps:normal&quot;&gt;&lt;span style=&quot;font-weight:400&quot;&gt;&lt;span style=&quot;letter-spacing:0.15008px&quot;&gt;&lt;span style=&quot;orphans:2&quot;&gt;&lt;span style=&quot;text-transform:none&quot;&gt;&lt;span style=&quot;white-space:normal&quot;&gt;&lt;span style=&quot;widows:2&quot;&gt;&lt;span style=&quot;word-spacing:0px&quot;&gt;&lt;span style=&quot;background-color:#ffffff&quot;&gt;&lt;span style=&quot;text-decoration-style:initial&quot;&gt;&lt;span style=&quot;text-decoration-color:initial&quot;&gt;&lt;span style=&quot;font-size:16px&quot;&gt;&lt;span style=&quot;box-sizing:inherit&quot;&gt;&lt;span style=&quot;color:rgba(0, 0, 0, 0.8)&quot;&gt;&lt;span style=&quot;background-color:#ffffff&quot;&gt;&lt;span style=&quot;font-family:&amp;quot;Times New Roman&amp;quot;&quot;&gt;&lt;font style=&quot;box-sizing:inherit; vertical-align:inherit&quot;&gt;&lt;font style=&quot;box-sizing:inherit; vertical-align:inherit&quot;&gt;Bóng tập Yoga Brosman chính hãng được làm mát từ cao su tổng hợp, có đàn hồi tốt và chống nổ khi sử dụng. &lt;/font&gt;&lt;font style=&quot;box-sizing:inherit; vertical-align:inherit&quot;&gt;Sản phẩm thiết kế cực dày, cao độ và có khả năng chịu được trọng lượng người tập đến 100kg.&lt;/font&gt;&lt;/font&gt;&lt;/span&gt;&lt;/span&gt;&lt;/span&gt;&lt;/span&gt;&lt;/span&gt;&lt;/span&gt;&lt;/span&gt;&lt;/span&gt;&lt;/span&gt;&lt;/span&gt;&lt;/span&gt;&lt;/span&gt;&lt;/span&gt;&lt;/span&gt;&lt;/span&gt;&lt;/span&gt;&lt;/span&gt;&lt;/span&gt;&lt;/span&gt;&lt;/span&gt;&lt;/span&gt;&lt;/span&gt;&lt;/p&gt;\r\n\r\n&lt;p style=&quot;text-align:start; text-indent:0px; -webkit-text-stroke-width:0px&quot;&gt;&lt;span style=&quot;font-size:16px&quot;&gt;&lt;span style=&quot;box-sizing:inherit&quot;&gt;&lt;span style=&quot;color:#000000&quot;&gt;&lt;span style=&quot;font-family:Roboto, Helvetica, Arial, sans-serif&quot;&gt;&lt;span style=&quot;font-style:normal&quot;&gt;&lt;span style=&quot;font-variant-ligatures:normal&quot;&gt;&lt;span style=&quot;font-variant-caps:normal&quot;&gt;&lt;span style=&quot;font-weight:400&quot;&gt;&lt;span style=&quot;letter-spacing:0.15008px&quot;&gt;&lt;span style=&quot;orphans:2&quot;&gt;&lt;span style=&quot;text-transform:none&quot;&gt;&lt;span style=&quot;white-space:normal&quot;&gt;&lt;span style=&quot;widows:2&quot;&gt;&lt;span style=&quot;word-spacing:0px&quot;&gt;&lt;span style=&quot;background-color:#ffffff&quot;&gt;&lt;span style=&quot;text-decoration-style:initial&quot;&gt;&lt;span style=&quot;text-decoration-color:initial&quot;&gt;&lt;span style=&quot;font-size:16px&quot;&gt;&lt;span style=&quot;box-sizing:inherit&quot;&gt;&lt;span style=&quot;color:rgba(0, 0, 0, 0.8)&quot;&gt;&lt;span style=&quot;background-color:#ffffff&quot;&gt;&lt;span style=&quot;font-family:&amp;quot;Times New Roman&amp;quot;&quot;&gt;&lt;font style=&quot;box-sizing:inherit; vertical-align:inherit&quot;&gt;&lt;font style=&quot;box-sizing:inherit; vertical-align:inherit&quot;&gt;Trọng lượng: 1,0 kg.&lt;/font&gt;&lt;/font&gt;&lt;/span&gt;&lt;/span&gt;&lt;/span&gt;&lt;/span&gt;&lt;/span&gt;&lt;/span&gt;&lt;/span&gt;&lt;/span&gt;&lt;/span&gt;&lt;/span&gt;&lt;/span&gt;&lt;/span&gt;&lt;/span&gt;&lt;/span&gt;&lt;/span&gt;&lt;/span&gt;&lt;/span&gt;&lt;/span&gt;&lt;/span&gt;&lt;/span&gt;&lt;/span&gt;&lt;/span&gt;&lt;/p&gt;\r\n\r\n&lt;p style=&quot;text-align:start; text-indent:0px; -webkit-text-stroke-width:0px&quot;&gt;&lt;span style=&quot;font-size:16px&quot;&gt;&lt;span style=&quot;box-sizing:inherit&quot;&gt;&lt;span style=&quot;color:#000000&quot;&gt;&lt;span style=&quot;font-family:Roboto, Helvetica, Arial, sans-serif&quot;&gt;&lt;span style=&quot;font-style:normal&quot;&gt;&lt;span style=&quot;font-variant-ligatures:normal&quot;&gt;&lt;span style=&quot;font-variant-caps:normal&quot;&gt;&lt;span style=&quot;font-weight:400&quot;&gt;&lt;span style=&quot;letter-spacing:0.15008px&quot;&gt;&lt;span style=&quot;orphans:2&quot;&gt;&lt;span style=&quot;text-transform:none&quot;&gt;&lt;span style=&quot;white-space:normal&quot;&gt;&lt;span style=&quot;widows:2&quot;&gt;&lt;span style=&quot;word-spacing:0px&quot;&gt;&lt;span style=&quot;background-color:#ffffff&quot;&gt;&lt;span style=&quot;text-decoration-style:initial&quot;&gt;&lt;span style=&quot;text-decoration-color:initial&quot;&gt;&lt;span style=&quot;font-size:16px&quot;&gt;&lt;span style=&quot;box-sizing:inherit&quot;&gt;&lt;span style=&quot;color:rgba(0, 0, 0, 0.8)&quot;&gt;&lt;span style=&quot;background-color:#ffffff&quot;&gt;&lt;span style=&quot;font-family:&amp;quot;Times New Roman&amp;quot;&quot;&gt;&lt;font style=&quot;box-sizing:inherit; vertical-align:inherit&quot;&gt;&lt;font style=&quot;box-sizing:inherit; vertical-align:inherit&quot;&gt;Bóng tập Yoga gồm có 2 đường kính kích thước với giá bán tương ứng như sau:&lt;/font&gt;&lt;/font&gt;&lt;/span&gt;&lt;/span&gt;&lt;/span&gt;&lt;/span&gt;&lt;/span&gt;&lt;/span&gt;&lt;/span&gt;&lt;/span&gt;&lt;/span&gt;&lt;/span&gt;&lt;/span&gt;&lt;/span&gt;&lt;/span&gt;&lt;/span&gt;&lt;/span&gt;&lt;/span&gt;&lt;/span&gt;&lt;/span&gt;&lt;/span&gt;&lt;/span&gt;&lt;/span&gt;&lt;/span&gt;&lt;/p&gt;\r\n\r\n&lt;p style=&quot;text-align:start; text-indent:0px; -webkit-text-stroke-width:0px&quot;&gt;&lt;span style=&quot;font-size:16px&quot;&gt;&lt;span style=&quot;box-sizing:inherit&quot;&gt;&lt;span style=&quot;color:#000000&quot;&gt;&lt;span style=&quot;font-family:Roboto, Helvetica, Arial, sans-serif&quot;&gt;&lt;span style=&quot;font-style:normal&quot;&gt;&lt;span style=&quot;font-variant-ligatures:normal&quot;&gt;&lt;span style=&quot;font-variant-caps:normal&quot;&gt;&lt;span style=&quot;font-weight:400&quot;&gt;&lt;span style=&quot;letter-spacing:0.15008px&quot;&gt;&lt;span style=&quot;orphans:2&quot;&gt;&lt;span style=&quot;text-transform:none&quot;&gt;&lt;span style=&quot;white-space:normal&quot;&gt;&lt;span style=&quot;widows:2&quot;&gt;&lt;span style=&quot;word-spacing:0px&quot;&gt;&lt;span style=&quot;background-color:#ffffff&quot;&gt;&lt;span style=&quot;text-decoration-style:initial&quot;&gt;&lt;span style=&quot;text-decoration-color:initial&quot;&gt;&lt;span style=&quot;font-size:16px&quot;&gt;&lt;span style=&quot;box-sizing:inherit&quot;&gt;&lt;span style=&quot;color:rgba(0, 0, 0, 0.8)&quot;&gt;&lt;span style=&quot;background-color:#ffffff&quot;&gt;&lt;span style=&quot;font-family:&amp;quot;Times New Roman&amp;quot;&quot;&gt;&lt;font style=&quot;box-sizing:inherit; vertical-align:inherit&quot;&gt;&lt;font style=&quot;box-sizing:inherit; vertical-align:inherit&quot;&gt;+ Bóng đường kính 65cm, phù hợp cho người cao dưới 1,7m có giá bán 350.000 đồng.&lt;/font&gt;&lt;/font&gt;&lt;/span&gt;&lt;/span&gt;&lt;/span&gt;&lt;/span&gt;&lt;/span&gt;&lt;/span&gt;&lt;/span&gt;&lt;/span&gt;&lt;/span&gt;&lt;/span&gt;&lt;/span&gt;&lt;/span&gt;&lt;/span&gt;&lt;/span&gt;&lt;/span&gt;&lt;/span&gt;&lt;/span&gt;&lt;/span&gt;&lt;/span&gt;&lt;/span&gt;&lt;/span&gt;&lt;/span&gt;&lt;/p&gt;\r\n\r\n&lt;p style=&quot;text-align:start; text-indent:0px; -webkit-text-stroke-width:0px&quot;&gt;&lt;span style=&quot;font-size:16px&quot;&gt;&lt;span style=&quot;box-sizing:inherit&quot;&gt;&lt;span style=&quot;color:#000000&quot;&gt;&lt;span style=&quot;font-family:Roboto, Helvetica, Arial, sans-serif&quot;&gt;&lt;span style=&quot;font-style:normal&quot;&gt;&lt;span style=&quot;font-variant-ligatures:normal&quot;&gt;&lt;span style=&quot;font-variant-caps:normal&quot;&gt;&lt;span style=&quot;font-weight:400&quot;&gt;&lt;span style=&quot;letter-spacing:0.15008px&quot;&gt;&lt;span style=&quot;orphans:2&quot;&gt;&lt;span style=&quot;text-transform:none&quot;&gt;&lt;span style=&quot;white-space:normal&quot;&gt;&lt;span style=&quot;widows:2&quot;&gt;&lt;span style=&quot;word-spacing:0px&quot;&gt;&lt;span style=&quot;background-color:#ffffff&quot;&gt;&lt;span style=&quot;text-decoration-style:initial&quot;&gt;&lt;span style=&quot;text-decoration-color:initial&quot;&gt;&lt;span style=&quot;font-size:16px&quot;&gt;&lt;span style=&quot;box-sizing:inherit&quot;&gt;&lt;span style=&quot;color:rgba(0, 0, 0, 0.8)&quot;&gt;&lt;span style=&quot;background-color:#ffffff&quot;&gt;&lt;span style=&quot;font-family:&amp;quot;Times New Roman&amp;quot;&quot;&gt;&lt;font style=&quot;box-sizing:inherit; vertical-align:inherit&quot;&gt;&lt;font style=&quot;box-sizing:inherit; vertical-align:inherit&quot;&gt;+ Bóng đường kính 75cm, phù hợp cho người cao trên 1,7m có giá bán 380.000 đồng.&lt;/font&gt;&lt;/font&gt;&lt;/span&gt;&lt;/span&gt;&lt;/span&gt;&lt;/span&gt;&lt;/span&gt;&lt;/span&gt;&lt;/span&gt;&lt;/span&gt;&lt;/span&gt;&lt;/span&gt;&lt;/span&gt;&lt;/span&gt;&lt;/span&gt;&lt;/span&gt;&lt;/span&gt;&lt;/span&gt;&lt;/span&gt;&lt;/span&gt;&lt;/span&gt;&lt;/span&gt;&lt;/span&gt;&lt;/span&gt;&lt;/p&gt;\r\n\r\n&lt;p style=&quot;text-align:start; text-indent:0px; -webkit-text-stroke-width:0px&quot;&gt;&lt;span style=&quot;font-size:16px&quot;&gt;&lt;span style=&quot;box-sizing:inherit&quot;&gt;&lt;span style=&quot;color:#000000&quot;&gt;&lt;span style=&quot;font-family:Roboto, Helvetica, Arial, sans-serif&quot;&gt;&lt;span style=&quot;font-style:normal&quot;&gt;&lt;span style=&quot;font-variant-ligatures:normal&quot;&gt;&lt;span style=&quot;font-variant-caps:normal&quot;&gt;&lt;span style=&quot;font-weight:400&quot;&gt;&lt;span style=&quot;letter-spacing:0.15008px&quot;&gt;&lt;span style=&quot;orphans:2&quot;&gt;&lt;span style=&quot;text-transform:none&quot;&gt;&lt;span style=&quot;white-space:normal&quot;&gt;&lt;span style=&quot;widows:2&quot;&gt;&lt;span style=&quot;word-spacing:0px&quot;&gt;&lt;span style=&quot;background-color:#ffffff&quot;&gt;&lt;span style=&quot;text-decoration-style:initial&quot;&gt;&lt;span style=&quot;text-decoration-color:initial&quot;&gt;&lt;span style=&quot;font-size:16px&quot;&gt;&lt;span style=&quot;box-sizing:inherit&quot;&gt;&lt;span style=&quot;color:rgba(0, 0, 0, 0.8)&quot;&gt;&lt;span style=&quot;background-color:#ffffff&quot;&gt;&lt;span style=&quot;font-family:&amp;quot;Times New Roman&amp;quot;&quot;&gt;&lt;font style=&quot;box-sizing:inherit; vertical-align:inherit&quot;&gt;&lt;font style=&quot;box-sizing:inherit; vertical-align:inherit&quot;&gt;- Yoga Brosman bóng tập được sử dụng để hỗ trợ các bài tập Yoga với bóng, tập thể dục và tập thể dục tại nhà hoặc các phòng tập chuyên nghiệp. &lt;/font&gt;&lt;font style=&quot;box-sizing:inherit; vertical-align:inherit&quot;&gt;Sử dụng bóng tập Yoga vào phù hợp tập bài sẽ giúp bạn rèn luyện sức mạnh, độ dẻo dai của cơ thể có hiệu quả. &lt;/font&gt;&lt;font style=&quot;box-sizing:inherit; vertical-align:inherit&quot;&gt;Ngoài ra, bóng có thể sử dụng để luyện nhiều bài với các tư thế khác nhau giúp cải thiện sự mềm dẻo và khả năng hoạt động của các cơ.&lt;/font&gt;&lt;/font&gt;&lt;/span&gt;&lt;/span&gt;&lt;/span&gt;&lt;/span&gt;&lt;/span&gt;&lt;/span&gt;&lt;/span&gt;&lt;/span&gt;&lt;/span&gt;&lt;/span&gt;&lt;/span&gt;&lt;/span&gt;&lt;/span&gt;&lt;/span&gt;&lt;/span&gt;&lt;/span&gt;&lt;/span&gt;&lt;/span&gt;&lt;/span&gt;&lt;/span&gt;&lt;/span&gt;&lt;/span&gt;&lt;/p&gt;\r\n\r\n&lt;h4 style=&quot;text-align:start; text-indent:0px; -webkit-text-stroke-width:0px&quot;&gt;&lt;span style=&quot;font-size:16px&quot;&gt;&lt;span style=&quot;box-sizing:inherit&quot;&gt;&lt;span style=&quot;color:#000000&quot;&gt;&lt;span style=&quot;font-family:Roboto, Helvetica, Arial, sans-serif&quot;&gt;&lt;span style=&quot;font-style:normal&quot;&gt;&lt;span style=&quot;font-variant-ligatures:normal&quot;&gt;&lt;span style=&quot;font-variant-caps:normal&quot;&gt;&lt;span style=&quot;letter-spacing:0.15008px&quot;&gt;&lt;span style=&quot;orphans:2&quot;&gt;&lt;span style=&quot;text-transform:none&quot;&gt;&lt;span style=&quot;white-space:normal&quot;&gt;&lt;span style=&quot;widows:2&quot;&gt;&lt;span style=&quot;word-spacing:0px&quot;&gt;&lt;span style=&quot;background-color:#ffffff&quot;&gt;&lt;span style=&quot;text-decoration-style:initial&quot;&gt;&lt;span style=&quot;text-decoration-color:initial&quot;&gt;&lt;span style=&quot;font-size:16px&quot;&gt;&lt;span style=&quot;box-sizing:inherit&quot;&gt;&lt;span style=&quot;color:rgba(0, 0, 0, 0.8)&quot;&gt;&lt;span style=&quot;background-color:#ffffff&quot;&gt;&lt;span style=&quot;font-family:&amp;quot;Times New Roman&amp;quot;&quot;&gt;&lt;font style=&quot;box-sizing:inherit; vertical-align:inherit&quot;&gt;&lt;font style=&quot;box-sizing:inherit; vertical-align:inherit&quot;&gt;Hướng dẫn bóng tập Yoga / Phòng tập&lt;/font&gt;&lt;/font&gt;&lt;/span&gt;&lt;/span&gt;&lt;/span&gt;&lt;/span&gt;&lt;/span&gt;&lt;/span&gt;&lt;/span&gt;&lt;/span&gt;&lt;/span&gt;&lt;/span&gt;&lt;/span&gt;&lt;/span&gt;&lt;/span&gt;&lt;/span&gt;&lt;/span&gt;&lt;/span&gt;&lt;/span&gt;&lt;/span&gt;&lt;/span&gt;&lt;/span&gt;&lt;/span&gt;&lt;/h4&gt;\r\n\r\n&lt;p style=&quot;text-align:start; text-indent:0px; -webkit-text-stroke-width:0px&quot;&gt;&lt;span style=&quot;font-size:16px&quot;&gt;&lt;span style=&quot;box-sizing:inherit&quot;&gt;&lt;span style=&quot;color:#000000&quot;&gt;&lt;span style=&quot;font-family:Roboto, Helvetica, Arial, sans-serif&quot;&gt;&lt;span style=&quot;font-style:normal&quot;&gt;&lt;span style=&quot;font-variant-ligatures:normal&quot;&gt;&lt;span style=&quot;font-variant-caps:normal&quot;&gt;&lt;span style=&quot;font-weight:400&quot;&gt;&lt;span style=&quot;letter-spacing:0.15008px&quot;&gt;&lt;span style=&quot;orphans:2&quot;&gt;&lt;span style=&quot;text-transform:none&quot;&gt;&lt;span style=&quot;white-space:normal&quot;&gt;&lt;span style=&quot;widows:2&quot;&gt;&lt;span style=&quot;word-spacing:0px&quot;&gt;&lt;span style=&quot;background-color:#ffffff&quot;&gt;&lt;span style=&quot;text-decoration-style:initial&quot;&gt;&lt;span style=&quot;text-decoration-color:initial&quot;&gt;&lt;span style=&quot;font-size:16px&quot;&gt;&lt;span style=&quot;box-sizing:inherit&quot;&gt;&lt;span style=&quot;color:rgba(0, 0, 0, 0.8)&quot;&gt;&lt;span style=&quot;background-color:#ffffff&quot;&gt;&lt;span style=&quot;font-family:&amp;quot;Times New Roman&amp;quot;&quot;&gt;&lt;font style=&quot;box-sizing:inherit; vertical-align:inherit&quot;&gt;&lt;font style=&quot;box-sizing:inherit; vertical-align:inherit&quot;&gt;Để tiện cho việc vận chuyển, bóng tập gym được đóng gói không có hơi và gấp gọn trong túi nilon. &lt;/font&gt;&lt;font style=&quot;box-sizing:inherit; vertical-align:inherit&quot;&gt;Khi sử dụng các bạn làm theo các bước sau:&lt;/font&gt;&lt;/font&gt;&lt;/span&gt;&lt;/span&gt;&lt;/span&gt;&lt;/span&gt;&lt;/span&gt;&lt;/span&gt;&lt;/span&gt;&lt;/span&gt;&lt;/span&gt;&lt;/span&gt;&lt;/span&gt;&lt;/span&gt;&lt;/span&gt;&lt;/span&gt;&lt;/span&gt;&lt;/span&gt;&lt;/span&gt;&lt;/span&gt;&lt;/span&gt;&lt;/span&gt;&lt;/span&gt;&lt;/span&gt;&lt;/p&gt;\r\n\r\n&lt;p style=&quot;text-align:start; text-indent:0px; -webkit-text-stroke-width:0px&quot;&gt;&lt;span style=&quot;font-size:16px&quot;&gt;&lt;span style=&quot;box-sizing:inherit&quot;&gt;&lt;span style=&quot;color:#000000&quot;&gt;&lt;span style=&quot;font-family:Roboto, Helvetica, Arial, sans-serif&quot;&gt;&lt;span style=&quot;font-style:normal&quot;&gt;&lt;span style=&quot;font-variant-ligatures:normal&quot;&gt;&lt;span style=&quot;font-variant-caps:normal&quot;&gt;&lt;span style=&quot;font-weight:400&quot;&gt;&lt;span style=&quot;letter-spacing:0.15008px&quot;&gt;&lt;span style=&quot;orphans:2&quot;&gt;&lt;span style=&quot;text-transform:none&quot;&gt;&lt;span style=&quot;white-space:normal&quot;&gt;&lt;span style=&quot;widows:2&quot;&gt;&lt;span style=&quot;word-spacing:0px&quot;&gt;&lt;span style=&quot;background-color:#ffffff&quot;&gt;&lt;span style=&quot;text-decoration-style:initial&quot;&gt;&lt;span style=&quot;text-decoration-color:initial&quot;&gt;&lt;span style=&quot;font-size:16px&quot;&gt;&lt;span style=&quot;box-sizing:inherit&quot;&gt;&lt;span style=&quot;color:rgba(0, 0, 0, 0.8)&quot;&gt;&lt;span style=&quot;background-color:#ffffff&quot;&gt;&lt;span style=&quot;font-family:&amp;quot;Times New Roman&amp;quot;&quot;&gt;&lt;font style=&quot;box-sizing:inherit; vertical-align:inherit&quot;&gt;&lt;font style=&quot;box-sizing:inherit; vertical-align:inherit&quot;&gt;1. Kích thước và trải bóng ra, rút ​​van chặn khí (màu trắng) ở lỗ bóng ra.&lt;/font&gt;&lt;/font&gt;&lt;/span&gt;&lt;/span&gt;&lt;/span&gt;&lt;/span&gt;&lt;/span&gt;&lt;/span&gt;&lt;/span&gt;&lt;/span&gt;&lt;/span&gt;&lt;/span&gt;&lt;/span&gt;&lt;/span&gt;&lt;/span&gt;&lt;/span&gt;&lt;/span&gt;&lt;/span&gt;&lt;/span&gt;&lt;/span&gt;&lt;/span&gt;&lt;/span&gt;&lt;/span&gt;&lt;/span&gt;&lt;/p&gt;\r\n\r\n&lt;p style=&quot;text-align:start; text-indent:0px; -webkit-text-stroke-width:0px&quot;&gt;&lt;span style=&quot;font-size:16px&quot;&gt;&lt;span style=&quot;box-sizing:inherit&quot;&gt;&lt;span style=&quot;color:#000000&quot;&gt;&lt;span style=&quot;font-family:Roboto, Helvetica, Arial, sans-serif&quot;&gt;&lt;span style=&quot;font-style:normal&quot;&gt;&lt;span style=&quot;font-variant-ligatures:normal&quot;&gt;&lt;span style=&quot;font-variant-caps:normal&quot;&gt;&lt;span style=&quot;font-weight:400&quot;&gt;&lt;span style=&quot;letter-spacing:0.15008px&quot;&gt;&lt;span style=&quot;orphans:2&quot;&gt;&lt;span style=&quot;text-transform:none&quot;&gt;&lt;span style=&quot;white-space:normal&quot;&gt;&lt;span style=&quot;widows:2&quot;&gt;&lt;span style=&quot;word-spacing:0px&quot;&gt;&lt;span style=&quot;background-color:#ffffff&quot;&gt;&lt;span style=&quot;text-decoration-style:initial&quot;&gt;&lt;span style=&quot;text-decoration-color:initial&quot;&gt;&lt;span style=&quot;font-size:16px&quot;&gt;&lt;span style=&quot;box-sizing:inherit&quot;&gt;&lt;span style=&quot;color:rgba(0, 0, 0, 0.8)&quot;&gt;&lt;span style=&quot;background-color:#ffffff&quot;&gt;&lt;span style=&quot;font-family:&amp;quot;Times New Roman&amp;quot;&quot;&gt;&lt;font style=&quot;box-sizing:inherit; vertical-align:inherit&quot;&gt;&lt;font style=&quot;box-sizing:inherit; vertical-align:inherit&quot;&gt;2. Bơm hơi vào lỗ bơm (có thể dùng bơm bóng, bơm xe hoặc ai khỏe có thể linh hoạt), vừa đủ cho bóng căng đều là mặt &lt;/font&gt;&lt;/font&gt;&lt;/span&gt;&lt;/span&gt;&lt;/span&gt;&lt;/span&gt;&lt;/span&gt;&lt;span style=&quot;font-size:16px&quot;&gt;&lt;span style=&quot;box-sizing:inherit&quot;&gt;&lt;span style=&quot;font-family:&amp;quot;Times New Roman&amp;quot;&quot;&gt;&lt;font style=&quot;box-sizing:inherit; vertical-align:inherit&quot;&gt;&lt;font style=&quot;box-sizing:inherit; vertical-align:inherit&quot;&gt;phẳng.&lt;/font&gt;&lt;/font&gt;&lt;/span&gt;&lt;/span&gt;&lt;/span&gt;&lt;/span&gt;&lt;/span&gt;&lt;/span&gt;&lt;/span&gt;&lt;/span&gt;&lt;/span&gt;&lt;/span&gt;&lt;/span&gt;&lt;/span&gt;&lt;/span&gt;&lt;/span&gt;&lt;/span&gt;&lt;/span&gt;&lt;/span&gt;&lt;/span&gt;&lt;/span&gt;&lt;/span&gt;&lt;/p&gt;\r\n\r\n&lt;p style=&quot;text-align:start; text-indent:0px; -webkit-text-stroke-width:0px&quot;&gt;&lt;span style=&quot;font-size:16px&quot;&gt;&lt;span style=&quot;box-sizing:inherit&quot;&gt;&lt;span style=&quot;color:#000000&quot;&gt;&lt;span style=&quot;font-family:Roboto, Helvetica, Arial, sans-serif&quot;&gt;&lt;span style=&quot;font-style:normal&quot;&gt;&lt;span style=&quot;font-variant-ligatures:normal&quot;&gt;&lt;span style=&quot;font-variant-caps:normal&quot;&gt;&lt;span style=&quot;font-weight:400&quot;&gt;&lt;span style=&quot;letter-spacing:0.15008px&quot;&gt;&lt;span style=&quot;orphans:2&quot;&gt;&lt;span style=&quot;text-transform:none&quot;&gt;&lt;span style=&quot;white-space:normal&quot;&gt;&lt;span style=&quot;widows:2&quot;&gt;&lt;span style=&quot;word-spacing:0px&quot;&gt;&lt;span style=&quot;background-color:#ffffff&quot;&gt;&lt;span style=&quot;text-decoration-style:initial&quot;&gt;&lt;span style=&quot;text-decoration-color:initial&quot;&gt;&lt;span style=&quot;font-size:16px&quot;&gt;&lt;span style=&quot;box-sizing:inherit&quot;&gt;&lt;span style=&quot;color:rgba(0, 0, 0, 0.8)&quot;&gt;&lt;span style=&quot;background-color:#ffffff&quot;&gt;&lt;span style=&quot;font-family:&amp;quot;Times New Roman&amp;quot;&quot;&gt;&lt;font style=&quot;box-sizing:inherit; vertical-align:inherit&quot;&gt;&lt;font style=&quot;box-sizing:inherit; vertical-align:inherit&quot;&gt;3. Ấn van chặn khí và bạn có thể sử dụng.&lt;/font&gt;&lt;/font&gt;&lt;/span&gt;&lt;/span&gt;&lt;/span&gt;&lt;/span&gt;&lt;/span&gt;&lt;/span&gt;&lt;/span&gt;&lt;/span&gt;&lt;/span&gt;&lt;/span&gt;&lt;/span&gt;&lt;/span&gt;&lt;/span&gt;&lt;/span&gt;&lt;/span&gt;&lt;/span&gt;&lt;/span&gt;&lt;/span&gt;&lt;/span&gt;&lt;/span&gt;&lt;/span&gt;&lt;/span&gt;&lt;/p&gt;', '', '', '', '', '', '', ''),
(157, 2, 'Gạch Tập Yoga', '&lt;p&gt;Những vật liệu quen thuộc như thảm và khăn yoga thì chắc chắn phải có, bên cạnh đó, còn có những công cụ hỗ trợ khác rất tốt như Gạch tập Yoga, Hôm nay Thể Thao Hải Nam xin giới thiệu tới các bạn Gạch tập Yoga làm bằng xốp PVA, hỗ trợ cực tốt khi tập luyện.&lt;/p&gt;\r\n\r\n&lt;p&gt;&lt;img alt=&quot;&quot; src=&quot;https://storage.googleapis.com/cdn.nhanh.vn/store/7354/ps/20160826/gach_tap_yoga_nhieu_mau_5_800x362.jpg&quot; /&gt;&lt;/p&gt;\r\n\r\n&lt;p&gt;Gạch Yoga là dụng cụ hỗ trợ trong một số tư thế Yoga đặc thù, chẳng hạn như hình bên dưới. Thực hiện những động tác bất động như vậy trong thời gian lâu, người tập sẽ rất mỏi và đau nhức, đây là lúc cần đến gạch tập Yoga để hỗ trợ.&lt;/p&gt;\r\n\r\n&lt;p&gt;&lt;strong&gt;Các  ưu điểm của gạch tập Yoga&lt;/strong&gt;&lt;/p&gt;\r\n\r\n&lt;ul&gt;\r\n	&lt;li&gt;Trọng lượng cực nhẹ giúp bạn dễ dàng mang theo bên mình, rất tiện lợi, bạn có thể tập mọi nơi với gạch tập Yoga như ở phòng tập, tại nhà, văn phòng, du lịch…&lt;/li&gt;\r\n	&lt;li&gt;Là một dụng cụ lý tưởng để bạn có thể nâng cao hoặc tiếp đất trong tất cả các tư thế của Yoga&lt;/li&gt;\r\n	&lt;li&gt;Gạch tập yoga còn có tác dụng tăng chiều cao và cân bằng trong tư thế đứng, hoặc bạn có thể đặt giữa hai đầu gối để hỗ trợ động tác chân.&lt;/li&gt;\r\n	&lt;li&gt;Gạch tập Yoga làm bằng xốp PVA có trọng lượng nhẹ hơn gỗ Đây là công cụ hỗ trợ an toàn trong nhiều tư thế đứng và ngồi trong bài tập yoga. Phổ biến là các bài tập vươn người và cân bằng cũng như các tư thế, động tác yoga đặc thù.&lt;/li&gt;\r\n&lt;/ul&gt;', '', '', '', '', '', '', ''),
(158, 2, 'Dây Hỗ Trợ Tập Yoga', '', '', '', '', '', '', '', '');

-- oc_product_image PRIMARY KEY (`product_image_id`)
INSERT IGNORE INTO `oc_product_image` (`product_image_id`, `product_id`, `image`, `image_alt`, `sort_order`) VALUES
(139, 83, '/catalog/view/theme/default/image/fashion_shoeszone/products/83/image1.jpg', '', 1),
(138, 84, '/catalog/view/theme/default/image/fashion_shoeszone/products/84/thumb.jpg', '', 0),
(117, 88, '/catalog/view/theme/default/image/fashion_shoeszone/products/88/image1.jpg', '', 0),
(118, 97, '/catalog/view/theme/default/image/fashion_shoeszone/products/97/thumb.jpg', '', 0),
(119, 98, '/catalog/view/theme/default/image/fashion_shoeszone/products/98/image2.jpg', '', 1),
(126, 99, '/catalog/view/theme/default/image/fashion_shoeszone/products/99/image1.jpg', '', 0),
(127, 103, '/catalog/view/theme/default/image/fashion_shoeszone/products/103/image1.jpg', '', 1);

-- oc_product_to_category PRIMARY KEY (`product_id`,`category_id`)
INSERT IGNORE INTO `oc_product_to_category` (`product_id`, `category_id`) VALUES
(134, 38),
(135, 37),
(136, 33),
(137, 36),
(138, 34),
(139, 50),
(140, 47),
(141, 50),
(142, 50),
(143, 40),
(144, 40),
(145, 40),
(146, 40),
(147, 42),
(148, 42),
(149, 42),
(150, 42),
(151, 44),
(152, 44),
(153, 44),
(154, 44),
(155, 45),
(156, 45),
(157, 45),
(158, 45);

-- oc_product_to_store PRIMARY KEY (`product_id`,`store_id`)
INSERT IGNORE INTO `oc_product_to_store` (`product_id`, `store_id`, `product_version_id`, `quantity`, `cost_price`) VALUES
(158, 0, 0, 0, '0.0000'),
(157, 0, 0, 0, '0.0000'),
(156, 0, 0, 0, '0.0000'),
(155, 0, 0, 0, '0.0000'),
(154, 0, 0, 0, '0.0000'),
(153, 0, 0, 0, '0.0000'),
(152, 0, 0, 0, '0.0000'),
(151, 0, 0, 0, '0.0000'),
(150, 0, 0, 0, '0.0000'),
(149, 0, 0, 0, '0.0000'),
(148, 0, 0, 0, '0.0000'),
(147, 0, 0, 0, '0.0000'),
(146, 0, 0, 0, '0.0000'),
(145, 0, 0, 0, '0.0000'),
(144, 0, 0, 0, '0.0000'),
(143, 0, 0, 0, '0.0000'),
(142, 0, 0, 0, '0.0000'),
(141, 0, 0, 0, '0.0000'),
(140, 0, 0, 0, '0.0000'),
(139, 0, 0, 0, '0.0000'),
(138, 0, 0, 0, '0.0000'),
(137, 0, 0, 0, '0.0000'),
(136, 0, 0, 0, '0.0000'),
(135, 0, 0, 0, '0.0000'),
(134, 0, 0, 0, '0.0000');