-- oc_product PRIMARY KEY (`product_id`)
-- delete first
INSERT IGNORE INTO `oc_product` (`product_id`, `model`, `sku`, `common_barcode`, `common_sku`, `common_compare_price`, `common_price`, `common_cost_price`, `barcode`, `upc`, `ean`, `jan`, `isbn`, `mpn`, `location`, `quantity`, `sale_on_out_of_stock`, `stock_status_id`, `image`, `image_alt`, `multi_versions`, `manufacturer_id`, `shipping`, `price`, `price_currency_id`, `compare_price`, `c_price_currency_id`, `points`, `tax_class_id`, `date_available`, `weight`, `weight_class_id`, `length`, `width`, `height`, `length_class_id`, `subtract`, `minimum`, `sort_order`, `status`, `channel`, `viewed`, `demo`, `deleted`, `default_store_id`, `date_added`, `date_modified`) VALUES
(155, '', '', '', '', '220000.0000', '200000.0000', '0.0000', '', '', '', '', '', '', '', 0, 1, 0, 'https://cdn.bestme.asia/images/lucas-shoes/shop-tre-tho-369406.jpg', '', 1, 0, 1, '0.0000', 1, '0.0000', 1, 0, 0, '0000-00-00', '1.00000000', 1, '0.00000000', '0.00000000', '0.00000000', 0, 1, 1, 0, 1, 2, 0, 1, NULL, 0, '2020-12-16 09:59:15', '2020-12-16 09:59:15'),
(154, '', '', '', '', '160000.0000', '0.0000', '0.0000', '', '', '', '', '', '', '', 0, 1, 0, 'https://cdn.bestme.asia/images/lucas-shoes/76290b09ff906cf2dbcac97a0339b01d.jpg', '', 1, 0, 1, '0.0000', 1, '0.0000', 1, 0, 0, '0000-00-00', '1.00000000', 1, '0.00000000', '0.00000000', '0.00000000', 0, 1, 1, 0, 1, 2, 0, 1, NULL, 0, '2020-12-16 09:57:47', '2020-12-16 10:07:53'),
(153, '', '', '', '', '220000.0000', '0.0000', '0.0000', '', '', '', '', '', '', '', 0, 1, 0, 'https://cdn.bestme.asia/images/lucas-shoes/096aab0e1e1f5dc4bcf08c7d52e6bbea.jpg', '', 1, 0, 1, '0.0000', 1, '0.0000', 1, 0, 0, '0000-00-00', '1.00000000', 1, '0.00000000', '0.00000000', '0.00000000', 0, 1, 1, 0, 1, 2, 0, 1, NULL, 0, '2020-12-16 09:55:31', '2020-12-16 09:55:31'),
(152, '', 'SS021', '', '', '0.0000', '0.0000', '0.0000', '', '', '', '', '', '', '', 0, 0, 0, 'https://www.upsieutoc.com/images/2020/12/14/GNLA88K68-CF-2.jpg', '', 1, 27, 1, '0.0000', 1, '0.0000', 1, 0, 0, '0000-00-00', '1.00000000', 1, '0.00000000', '0.00000000', '0.00000000', 0, 1, 1, 0, 1, 2, 0, 1, NULL, 0, '2020-12-16 09:00:59', '2020-12-16 09:00:59'),
(151, '', 'SS020', '', '', '0.0000', '0.0000', '0.0000', '', '', '', '', '', '', '', 0, 0, 0, 'https://www.upsieutoc.com/images/2020/12/14/giay-tay-nam-cao-cap-monk-strap-gnla826-352-d-2-1.jpg', '', 1, 27, 1, '0.0000', 1, '0.0000', 1, 0, 0, '0000-00-00', '1.00000000', 1, '0.00000000', '0.00000000', '0.00000000', 0, 1, 1, 0, 1, 2, 0, 1, NULL, 0, '2020-12-16 09:00:59', '2020-12-16 09:00:59'),
(150, '', 'SS019', '', '', '0.0000', '0.0000', '0.0000', '', '', '', '', '', '', '', 0, 0, 0, 'https://www.upsieutoc.com/images/2020/12/14/aaa.jpg', '', 1, 27, 1, '0.0000', 1, '0.0000', 1, 0, 0, '0000-00-00', '1.00000000', 1, '0.00000000', '0.00000000', '0.00000000', 0, 1, 1, 0, 1, 2, 0, 1, NULL, 0, '2020-12-16 09:00:59', '2020-12-16 09:00:59'),
(149, '', 'SS018', '', '', '0.0000', '0.0000', '0.0000', '', '', '', '', '', '', '', 0, 0, 0, 'https://www.upsieutoc.com/images/2020/12/14/GNLA55298-3-N-3.jpg', '', 1, 27, 1, '0.0000', 1, '0.0000', 1, 0, 0, '0000-00-00', '1.00000000', 1, '0.00000000', '0.00000000', '0.00000000', 0, 1, 1, 0, 1, 2, 0, 1, NULL, 0, '2020-12-16 09:00:59', '2020-12-16 09:00:59'),
(148, '', 'SS017', '', '', '0.0000', '0.0000', '0.0000', '', '', '', '', '', '', '', 0, 0, 0, 'https://www.upsieutoc.com/images/2020/12/14/giay-tang-chieu-cao-nam-gclaa730-k3-cf-2e63b5eadff1bc392.jpg', '', 1, 27, 1, '0.0000', 1, '0.0000', 1, 0, 0, '0000-00-00', '1.00000000', 1, '0.00000000', '0.00000000', '0.00000000', 0, 1, 1, 0, 1, 2, 0, 1, NULL, 0, '2020-12-16 09:00:59', '2020-12-16 09:00:59'),
(147, '', 'SS016', '', '', '0.0000', '0.0000', '0.0000', '', '', '', '', '', '', '', 0, 0, 0, 'https://www.upsieutoc.com/images/2020/12/14/giay-luoi-cong-so-phoi-hoa-tiet-gnla2020-d-3.jpg', '', 1, 27, 1, '0.0000', 1, '0.0000', 1, 0, 0, '0000-00-00', '1.00000000', 1, '0.00000000', '0.00000000', '0.00000000', 0, 1, 1, 0, 1, 2, 0, 1, NULL, 0, '2020-12-16 09:00:59', '2020-12-16 09:00:59'),
(146, '', 'SS015', '', '', '0.0000', '0.0000', '0.0000', '', '', '', '', '', '', '', 0, 0, 0, 'https://www.upsieutoc.com/images/2020/12/14/giay-loafer-nam-tang-chieu-cao-gclas997-16-d-4.jpg', '', 1, 27, 1, '0.0000', 1, '0.0000', 1, 0, 0, '0000-00-00', '1.00000000', 1, '0.00000000', '0.00000000', '0.00000000', 0, 1, 1, 0, 1, 2, 0, 1, NULL, 0, '2020-12-16 09:00:59', '2020-12-16 09:00:59'),
(145, '', 'SS014', '', '', '0.0000', '0.0000', '0.0000', '', '', '', '', '', '', '', 0, 0, 0, 'https://www.upsieutoc.com/images/2020/12/14/GNLA2632-C05-CF-2.jpg', '', 1, 27, 1, '0.0000', 1, '0.0000', 1, 0, 0, '0000-00-00', '1.00000000', 1, '0.00000000', '0.00000000', '0.00000000', 0, 1, 1, 0, 1, 2, 0, 1, NULL, 0, '2020-12-16 09:00:59', '2020-12-16 09:00:59'),
(143, '', 'SS012', '', '', '0.0000', '0.0000', '0.0000', '', '', '', '', '', '', '', 0, 0, 0, 'https://www.upsieutoc.com/images/2020/12/14/p293_nau2f016b530dba10e6c.jpg', '', 1, 27, 1, '0.0000', 1, '0.0000', 1, 0, 0, '0000-00-00', '1.00000000', 1, '0.00000000', '0.00000000', '0.00000000', 0, 1, 1, 0, 1, 2, 0, 1, NULL, 0, '2020-12-16 09:00:59', '2020-12-16 09:00:59'),
(142, '', 'SS011', '', '', '0.0000', '0.0000', '0.0000', '', '', '', '', '', '', '', 0, 0, 0, 'https://www.upsieutoc.com/images/2020/12/14/boot1.jpg', '', 1, 27, 1, '0.0000', 1, '0.0000', 1, 0, 0, '0000-00-00', '1.00000000', 1, '0.00000000', '0.00000000', '0.00000000', 0, 1, 1, 0, 1, 2, 0, 1, NULL, 0, '2020-12-16 09:00:59', '2020-12-16 09:00:59'),
(141, '', 'SS010', '', '', '0.0000', '0.0000', '0.0000', '', '', '', '', '', '', '', 0, 0, 0, 'https://www.upsieutoc.com/images/2020/12/14/8.4.jpg', '', 1, 27, 1, '0.0000', 1, '0.0000', 1, 0, 0, '0000-00-00', '1.00000000', 1, '0.00000000', '0.00000000', '0.00000000', 0, 1, 1, 0, 1, 2, 0, 1, NULL, 0, '2020-12-16 09:00:59', '2020-12-16 09:00:59'),
(140, '', 'SS009', '', '', '0.0000', '0.0000', '0.0000', '', '', '', '', '', '', '', 0, 0, 0, 'https://2.pik.vn/20207af2f76a-ce69-458d-8c28-8c0eecd74c8b.jpg', '', 1, 27, 1, '0.0000', 1, '0.0000', 1, 0, 0, '0000-00-00', '1.00000000', 1, '0.00000000', '0.00000000', '0.00000000', 0, 1, 1, 0, 1, 2, 0, 1, NULL, 0, '2020-12-16 09:00:59', '2020-12-16 09:00:59'),
(139, '', 'SS008', '', '', '200000.0000', '0.0000', '0.0000', '', '', '', '', '', '', '', 0, 0, 0, 'https://2.pik.vn/202005fbf861-c78d-4650-97bd-10bf93e8f871.jpg', '', 1, 27, 1, '0.0000', 1, '0.0000', 1, 0, 0, '0000-00-00', '1.00000000', 1, '0.00000000', '0.00000000', '0.00000000', 0, 1, 1, 0, 1, 2, 0, 1, NULL, 0, '2020-12-16 09:00:59', '2020-12-16 09:18:16'),
(138, '', 'SS007', '', '', '0.0000', '0.0000', '0.0000', '', '', '', '', '', '', '', 0, 0, 0, 'https://2.pik.vn/20206d4f91d6-5495-49eb-b284-654ff19de977.jpg', '', 1, 27, 1, '0.0000', 1, '0.0000', 1, 0, 0, '0000-00-00', '1.00000000', 1, '0.00000000', '0.00000000', '0.00000000', 0, 1, 1, 0, 1, 2, 0, 1, NULL, 0, '2020-12-16 09:00:59', '2020-12-16 09:00:59'),
(137, '', 'SS006', '', '', '0.0000', '0.0000', '0.0000', '', '', '', '', '', '', '', 0, 0, 0, 'https://2.pik.vn/2020686aa223-cd66-4269-94c4-9bd6465d0048.jpg', '', 1, 27, 1, '0.0000', 1, '0.0000', 1, 0, 0, '0000-00-00', '1.00000000', 1, '0.00000000', '0.00000000', '0.00000000', 0, 1, 1, 0, 1, 2, 0, 1, NULL, 0, '2020-12-16 09:00:59', '2020-12-16 09:00:59'),
(136, '', 'SS005', '', '', '0.0000', '0.0000', '0.0000', '', '', '', '', '', '', '', 0, 0, 0, 'https://2.pik.vn/20209a73b841-d082-4729-b611-f98f82202528.jpg', '', 1, 27, 1, '0.0000', 1, '0.0000', 1, 0, 0, '0000-00-00', '1.00000000', 1, '0.00000000', '0.00000000', '0.00000000', 0, 1, 1, 0, 1, 2, 0, 1, NULL, 0, '2020-12-16 09:00:58', '2020-12-16 09:00:58'),
(135, '', 'SS004', '', '', '0.0000', '0.0000', '0.0000', '', '', '', '', '', '', '', 0, 0, 0, 'https://2.pik.vn/20206de16d4b-7a19-487a-b2d1-71c58591d862.jpg', '', 1, 27, 1, '0.0000', 1, '0.0000', 1, 0, 0, '0000-00-00', '1.00000000', 1, '0.00000000', '0.00000000', '0.00000000', 0, 1, 1, 0, 1, 2, 0, 1, NULL, 0, '2020-12-16 09:00:58', '2020-12-16 09:00:58'),
(134, '', 'SS003', '', '', '0.0000', '0.0000', '0.0000', '', '', '', '', '', '', '', 0, 0, 0, 'https://2.pik.vn/2020dc07d6de-9b40-4a7d-b011-0d4e0f641f3b.jpg', '', 1, 27, 1, '0.0000', 1, '0.0000', 1, 0, 0, '0000-00-00', '1.00000000', 1, '0.00000000', '0.00000000', '0.00000000', 0, 1, 1, 0, 1, 2, 0, 1, NULL, 0, '2020-12-16 09:00:58', '2020-12-16 09:00:58'),
(133, '', 'SS002', '', '', '0.0000', '0.0000', '0.0000', '', '', '', '', '', '', '', 0, 0, 0, 'https://2.pik.vn/2020b80ccf03-26ce-4e8a-853f-7bb391bc331f.jpg', '', 1, 27, 1, '0.0000', 1, '0.0000', 1, 0, 0, '0000-00-00', '1.00000000', 1, '0.00000000', '0.00000000', '0.00000000', 0, 1, 1, 0, 1, 2, 0, 1, NULL, 0, '2020-12-16 09:00:58', '2020-12-16 09:00:58'),
(132, '', 'SS001', '', '', '0.0000', '0.0000', '0.0000', '', '', '', '', '', '', '', 0, 0, 0, 'https://2.pik.vn/20207ca39326-36b4-41c7-98ca-c772f23664e2.jpg', '', 1, 26, 1, '0.0000', 1, '0.0000', 1, 0, 0, '0000-00-00', '1.00000000', 1, '0.00000000', '0.00000000', '0.00000000', 0, 1, 1, 0, 1, 2, 0, 1, NULL, 0, '2020-12-16 09:00:58', '2020-12-16 09:00:58'),
(156, '', '', '', '', '220000.0000', '0.0000', '0.0000', '', '', '', '', '', '', '', 0, 1, 0, 'https://cdn.bestme.asia/images/lucas-shoes/sandal-sieu-nhan.jpg', '', 1, 0, 1, '0.0000', 1, '0.0000', 1, 0, 0, '0000-00-00', '1.00000000', 1, '0.00000000', '0.00000000', '0.00000000', 0, 1, 1, 0, 1, 0, 0, 1, NULL, 0, '2020-12-16 10:00:31', '2020-12-16 10:00:31'),
(157, '', '', '', '', '300000.0000', '0.0000', '0.0000', '', '', '', '', '', '', '', 0, 1, 0, 'https://cdn.bestme.asia/images/lucas-shoes/0f80a19dfe8443092ca590e7a625b5d1.jpg', '', 1, 0, 1, '0.0000', 1, '300000.0000', 1, 0, 0, '0000-00-00', '1.00000000', 1, '0.00000000', '0.00000000', '0.00000000', 0, 1, 1, 0, 1, 2, 0, 1, NULL, 0, '2020-12-16 10:02:53', '2020-12-16 10:02:53'),
(158, '', '', '', '', '300000.0000', '289000.0000', '0.0000', '', '', '', '', '', '', '', 0, 1, 0, 'https://cdn.bestme.asia/images/lucas-shoes/bd612f2022e9b64a2b48c428b9f4f11d.jpg', '', 1, 0, 1, '0.0000', 1, '0.0000', 1, 0, 0, '0000-00-00', '1.00000000', 1, '0.00000000', '0.00000000', '0.00000000', 0, 1, 1, 0, 1, 2, 0, 1, NULL, 0, '2020-12-16 10:04:48', '2020-12-16 10:04:48'),
(159, '', '', '', '', '0.0000', '0.0000', '0.0000', '', '', '', '', '', '', '', 0, 1, 0, 'https://cdn.bestme.asia/images/lucas-shoes/giay-572a.jpg', '', 0, 0, 1, '0.0000', 1, '250000.0000', 1, 0, 0, '0000-00-00', '1.00000000', 1, '0.00000000', '0.00000000', '0.00000000', 0, 1, 1, 0, 1, 2, 0, 1, NULL, 0, '2020-12-16 10:06:02', '2020-12-16 10:06:16'),
(160, '', '', '', '', '300000.0000', '260000.0000', '0.0000', '', '', '', '', '', '', '', 0, 1, 0, 'https://cdn.bestme.asia/images/lucas-shoes/giay-431.jpg', '', 1, 0, 1, '0.0000', 1, '0.0000', 1, 0, 0, '0000-00-00', '1.00000000', 1, '0.00000000', '0.00000000', '0.00000000', 0, 1, 1, 0, 1, 2, 0, 1, NULL, 0, '2020-12-16 10:07:07', '2020-12-16 10:07:07');

-- restore soft-deleted products if demo
UPDATE `oc_product` SET `deleted` = NULL
WHERE `demo` = 1
  AND `product_id` IN (
    155,
    154,
    153,
    152,
    151,
    150,
    149,
    148,
    147,
    146,
    145,
    143,
    142,
    141,
    140,
    139,
    138,
    137,
    136,
    135,
    134,
    133,
    132,
    156,
    157,
    158,
    159,
    160
  );

-- oc_product_collection PRIMARY KEY (`product_collection_id`)
INSERT IGNORE INTO `oc_product_collection` (`product_collection_id`, `product_id`, `collection_id`, `sort_order`) VALUES
(317, 136, 10, 4),
(316, 138, 10, 3),
(315, 140, 10, 2),
(314, 139, 10, 1),
(313, 147, 9, 8),
(312, 151, 9, 7),
(311, 150, 9, 6),
(310, 148, 9, 5),
(309, 149, 9, 4),
(308, 145, 9, 3),
(307, 152, 9, 2),
(306, 146, 9, 1),
(321, 133, 11, 4),
(320, 135, 11, 3),
(319, 134, 11, 2),
(318, 141, 11, 1),
(325, 136, 12, 4),
(324, 138, 12, 3),
(323, 133, 12, 2),
(322, 137, 12, 1),
(329, 154, 13, 4),
(328, 153, 13, 3),
(327, 156, 13, 2),
(326, 155, 13, 1),
(331, 143, 15, 2),
(181, 159, 14, 4),
(180, 157, 14, 3),
(179, 158, 14, 2),
(178, 160, 14, 1),
(330, 142, 15, 1),
(334, 132, 23, 0),
(340, 145, 24, 0),
(335, 139, 23, 0),
(349, 147, 25, 0),
(345, 143, 25, 0),
(343, 150, 24, 0),
(338, 146, 24, 0),
(342, 148, 24, 0),
(346, 152, 25, 0),
(332, 133, 23, 0),
(337, 136, 23, 0),
(336, 140, 23, 0),
(333, 137, 23, 0),
(348, 148, 25, 0),
(347, 149, 25, 0),
(341, 149, 24, 0),
(344, 142, 25, 0),
(339, 152, 24, 0);

-- oc_product_description PRIMARY KEY (`product_id`,`language_id`)
INSERT IGNORE INTO `oc_product_description` (`product_id`, `language_id`, `name`, `description`, `sub_description`, `seo_title`, `seo_description`, `tag`, `meta_title`, `meta_description`, `meta_keyword`) VALUES
(132, 2, 'Giày nữ gót vuông hở mũi – EM019', 'Thông tin sản phẩm: <br />\nGiày sandal cao gót Erosska thời trang mũi hở quai mảnh phối dây tinh tế cao 5cm màu tím _ EM019<br />\n<br />\n1. GIÀY SANDAL CAO GÓT HỞ MŨI CAO 5CM: Mẫu giày cao gót có một dây quai mảnh được thiết kế tinh tế vòng qua gót, giúp đôi chân của bạn trở nên hấp dẫn và thu hút người đối diện. Kiểu giày này sẽ khiến đôi chân của bạn trở nên khỏe và không gây bí bách, đau nhức vì di chuyển quá nhiều<br />\n<br />\n2. CHẤT LIỆU DA MỀM : Chất liệu da cao cấp, mềm hoạ tiết nổi bật, với 4 màu sắc đa dạng, giúp bạn có nhiều sự lựa chọn (Đen, Trắng, Nude, Cam đất, Tím). Đặc biệt loại da hạn chế nếp nhăn khi bạn di chuyển và không bong tróc.<br />\n<br />\n3. FORM DÁNG CHUẨN ÊM CHÂN: Giày cao gót Erosska được thiết kế tỉ mĩ với form dáng chuẩn đối với người Việt, giúp bảo vệ nâng niu bàn bạn chân của nàng, đảm bảo giày mềm êm chân, giữ form tốt.<br />\n<br />\n4. ĐẾ GIÀY TPR CAO CẤP ĐÀN HỒI CAO, HẠN CHẾ TIẾNG ỒN: Đế giày cao gót Erosska được làm bằng chất liệu TPR cao cấp theo tiêu chuẩn xuất khẩu, đảm bảo độ đàn hồi, mềm êm, hạn chế tiếng ồn phát ra khi di chuyển. Đặc biệt đế giày Erosska có độ BÁM DÍNH tốt, không trơn trượt.<br />\n<br />\n5. SẢN PHẨM CÓ BẢO HÀNH: Tất cả sản phẩm của Erosska đều có chính sách báo hành cho khách hàng, thông tin chi tiết xem tại website của Erosska.<br />\n<br />\n6. TRẢI NGHIỆM SẢN PHẨM TRỰC TIẾP TẠI NHÀ KA: Địa chỉ 284 Quang Trung, P10, Gò Vấp, TP.HCM<br />\n<br />\nHướng dẫn bảo quản<br />\n- Tránh mang sản phẩm khi trời mưa hoặc thời tiết xấu để chúng không bị ướt dẫn đến bong tróc.<br />\n- Nên cất giữ sản phẩm ở nơi thoáng mát để giữ gìn chất lượng của sản phẩm ở mức tốt nhất.<br />\n- Lau chùi sản phẩm thường xuyên để tránh bụi bẩn.<br />\n- Bạn sử dụng các loại xà bông, nước rửa chén, kem cạo râu để giặt.<br />\n- Chú ý là nên dùng bàn chải mềm hoặc khăn mềm để chà giặt sẽ tốt hơn cho đôi giày của bạn.<br />\n- Nên phơi đôi giày trong mát, không nên phơi trực tiếp dưới ánh nắng mặt trời.<br />\n- Sau khi giặt xong để ráo nước sử dụng giấy mềm, thấm nước, cuốn 2-3 vòng phủ toàn đôi giày.<br />\n- Sau đó bạn có thể đem phơi trực tiếp dưới nắng mà không ảnh hưởng.', 'Kiểu dáng: Giày cao gót<br />\nChất liệu: Da tổng hợp<br />\nĐộ cao: 5 cm<br />\nMàu sắc: Đen – Nude – Trắng – Vàng bò<br />\nKích cỡ: 35 – 36 – 37- 38 – 39', '', '', '', '', '', ''),
(133, 2, 'Giày nữ bít mũi gót vuông – EK002', 'Thông tin sản phẩm: <br />\nGiày cao gót Erosska thời trang mũi nhọn phối dây gót vuông cao 5cm màu đen _EK002<br />\n<br />\n1. GIÀY CAO GÓT MŨI NHỌN CAO 5CM: Mẫu giày cao gót này giúp bạn dễ dàng đi lại, không gây đau chân khi di chuyển nhiều và đặc biệt tôn dáng. Chi tiết quai ôm cổ chân này đã tạo nên vẻ đẹp tinh tế và thanh thoát cho sản phẩm, bạn có thể kết hợp chúng với những chiếc váy điệu đà khi đi chơi hay sử dụng với quần âu, chân váy ôm bó sát khi đi làm để khiến bản thân mình trở nên thanh lịch và quyến rũ hơn.<br />\n<br />\n2. CHẤT LIỆU DA MỀM : Chất liệu da cao cấp, mềm hoạ tiết nổi bật, với 3 màu sắc đa dạng, giúp bạn có nhiều sự lựa chọn (Đen,Vàng nâu, Nude). Đặc biệt loại da hạn chế nếp nhăn khi bạn di chuyển và không bong tróc.<br />\n<br />\n3. FORM DÁNG CHUẨN ÊM CHÂN: Giày cao gót Erosska được thiết kế tỉ mĩ với form dáng chuẩn đối với người Việt, giúp bảo vệ nâng niu bàn bạn chân của nàng, đảm bảo giày mềm êm chân, giữ form tốt.<br />\n<br />\n4. ĐẾ GIÀY TPR CAO CẤP ĐÀN HỒI CAO, HẠN CHẾ TIẾNG ỒN: Đế giày cao gót Erosska được làm bằng chất liệu TPR cao cấp theo tiêu chuẩn xuất khẩu, đảm bảo độ đàn hồi, mềm êm, hạn chế tiếng ồn phát ra khi di chuyển. Đặc biệt đế giày Erosska có độ BÁM DÍNH tốt, không trơn trượt.<br />\n<br />\n5. SẢN PHẨM CÓ BẢO HÀNH: Tất cả sản phẩm của Erosska đều có chính sách báo hành cho khách hàng, thông tin chi tiết xem tại website của Erosska.<br />\n<br />\nHướng dẫn bảo quản<br />\n- Tránh mang sản phẩm khi trời mưa hoặc thời tiết xấu để chúng không bị ướt dẫn đến bong tróc.<br />\n- Nên cất giữ sản phẩm ở nơi thoáng mát để giữ gìn chất lượng của sản phẩm ở mức tốt nhất.<br />\n- Lau chùi sản phẩm thường xuyên để tránh bụi bẩn.<br />\n- Bạn sử dụng các loại xà bông, nước rửa chén, kem cạo râu để giặt.<br />\n- Chú ý là nên dùng bàn chải mềm hoặc khăn mềm để chà giặt sẽ tốt hơn cho đôi giày của bạn.<br />\n- Nên phơi đôi giày trong mát, không nên phơi trực tiếp dưới ánh nắng mặt trời.<br />\n- Sau khi giặt xong để ráo nước sử dụng giấy mềm, thấm nước, cuốn 2-3 vòng phủ toàn đôi giày.<br />\n- Sau đó bạn có thể đem phơi trực tiếp dưới nắng mà không ảnh hưởng.', 'Kiểu dáng: Giày cao gót<br />\nChất liệu: Da tổng hợp<br />\nĐộ cao: 5 cm<br />\nMàu sắc: Đen-Trắng-Nude<br />\nKích cỡ: 35 – 36 – 37- 38 – 39', '', '', '', '', '', ''),
(134, 2, 'Giày búp bê đế bệt dây chéo – EL008', '1. GIÀY CAO GÓT MŨI NHỌN CAO 5CM: Mẫu giày cao gót này giúp bạn dễ dàng đi lại, không gây đau chân khi di chuyển nhiều và đặc biệt tôn dáng. Chi tiết quai ôm cổ chân này đã tạo nên vẻ đẹp tinh tế và thanh thoát cho sản phẩm, bạn có thể kết hợp chúng với những chiếc váy điệu đà khi đi chơi hay sử dụng với quần âu, chân váy ôm bó sát khi đi làm để khiến bản thân mình trở nên thanh lịch và quyến rũ hơn.<br />\n<br />\n2. CHẤT LIỆU DA MỀM : Chất liệu da cao cấp, mềm hoạ tiết nổi bật, với 3 màu sắc đa dạng, giúp bạn có nhiều sự lựa chọn (Đen,Vàng nâu, Nude). Đặc biệt loại da hạn chế nếp nhăn khi bạn di chuyển và không bong tróc.<br />\n<br />\n3. FORM DÁNG CHUẨN ÊM CHÂN: Giày cao gót Erosska được thiết kế tỉ mĩ với form dáng chuẩn đối với người Việt, giúp bảo vệ nâng niu bàn bạn chân của nàng, đảm bảo giày mềm êm chân, giữ form tốt.<br />\n<br />\n4. ĐẾ GIÀY TPR CAO CẤP ĐÀN HỒI CAO, HẠN CHẾ TIẾNG ỒN: Đế giày cao gót Erosska được làm bằng chất liệu TPR cao cấp theo tiêu chuẩn xuất khẩu, đảm bảo độ đàn hồi, mềm êm, hạn chế tiếng ồn phát ra khi di chuyển. Đặc biệt đế giày Erosska có độ BÁM DÍNH tốt, không trơn trượt.<br />\n<br />\n5. SẢN PHẨM CÓ BẢO HÀNH: Tất cả sản phẩm của Erosska đều có chính sách báo hành cho khách hàng, thông tin chi tiết xem tại website của Erosska.<br />\n<br />\nHướng dẫn bảo quản<br />\n- Tránh mang sản phẩm khi trời mưa hoặc thời tiết xấu để chúng không bị ướt dẫn đến bong tróc.<br />\n- Nên cất giữ sản phẩm ở nơi thoáng mát để giữ gìn chất lượng của sản phẩm ở mức tốt nhất.<br />\n- Lau chùi sản phẩm thường xuyên để tránh bụi bẩn.<br />\n- Bạn sử dụng các loại xà bông, nước rửa chén, kem cạo râu để giặt.<br />\n- Chú ý là nên dùng bàn chải mềm hoặc khăn mềm để chà giặt sẽ tốt hơn cho đôi giày của bạn.<br />\n- Nên phơi đôi giày trong mát, không nên phơi trực tiếp dưới ánh nắng mặt trời.<br />\n- Sau khi giặt xong để ráo nước sử dụng giấy mềm, thấm nước, cuốn 2-3 vòng phủ toàn đôi giày.<br />\n- Sau đó bạn có thể đem phơi trực tiếp dưới nắng mà không ảnh hưởng.', 'Kiểu dáng: Giày búp bê<br />\nChất liệu: Vải<br />\nĐộ cao: 2 cm<br />\nMàu sắc: Đen- Nude – Đỏ<br />\nKích cỡ: 35 – 36 – 37- 38 – 39', '', '', '', '', '', ''),
(135, 2, 'Giày búp bê phối nơ – EL007', '1. GIÀY CAO GÓT MŨI NHỌN CAO 5CM: Mẫu giày cao gót này giúp bạn dễ dàng đi lại, không gây đau chân khi di chuyển nhiều và đặc biệt tôn dáng. Chi tiết quai ôm cổ chân này đã tạo nên vẻ đẹp tinh tế và thanh thoát cho sản phẩm, bạn có thể kết hợp chúng với những chiếc váy điệu đà khi đi chơi hay sử dụng với quần âu, chân váy ôm bó sát khi đi làm để khiến bản thân mình trở nên thanh lịch và quyến rũ hơn.<br />\n<br />\n2. CHẤT LIỆU DA MỀM : Chất liệu da cao cấp, mềm hoạ tiết nổi bật, với 3 màu sắc đa dạng, giúp bạn có nhiều sự lựa chọn (Đen,Vàng nâu, Nude). Đặc biệt loại da hạn chế nếp nhăn khi bạn di chuyển và không bong tróc.<br />\n<br />\n3. FORM DÁNG CHUẨN ÊM CHÂN: Giày cao gót Erosska được thiết kế tỉ mĩ với form dáng chuẩn đối với người Việt, giúp bảo vệ nâng niu bàn bạn chân của nàng, đảm bảo giày mềm êm chân, giữ form tốt.<br />\n<br />\n4. ĐẾ GIÀY TPR CAO CẤP ĐÀN HỒI CAO, HẠN CHẾ TIẾNG ỒN: Đế giày cao gót Erosska được làm bằng chất liệu TPR cao cấp theo tiêu chuẩn xuất khẩu, đảm bảo độ đàn hồi, mềm êm, hạn chế tiếng ồn phát ra khi di chuyển. Đặc biệt đế giày Erosska có độ BÁM DÍNH tốt, không trơn trượt.<br />\n<br />\n5. SẢN PHẨM CÓ BẢO HÀNH: Tất cả sản phẩm của Erosska đều có chính sách báo hành cho khách hàng, thông tin chi tiết xem tại website của Erosska.<br />\n<br />\nHướng dẫn bảo quản<br />\n- Tránh mang sản phẩm khi trời mưa hoặc thời tiết xấu để chúng không bị ướt dẫn đến bong tróc.<br />\n- Nên cất giữ sản phẩm ở nơi thoáng mát để giữ gìn chất lượng của sản phẩm ở mức tốt nhất.<br />\n- Lau chùi sản phẩm thường xuyên để tránh bụi bẩn.<br />\n- Bạn sử dụng các loại xà bông, nước rửa chén, kem cạo râu để giặt.<br />\n- Chú ý là nên dùng bàn chải mềm hoặc khăn mềm để chà giặt sẽ tốt hơn cho đôi giày của bạn.<br />\n- Nên phơi đôi giày trong mát, không nên phơi trực tiếp dưới ánh nắng mặt trời.<br />\n- Sau khi giặt xong để ráo nước sử dụng giấy mềm, thấm nước, cuốn 2-3 vòng phủ toàn đôi giày.<br />\n- Sau đó bạn có thể đem phơi trực tiếp dưới nắng mà không ảnh hưởng.', 'Kiểu dáng: Giày búp bê<br />\nChất liệu: Da tổng hợp<br />\nĐộ cao: 2 cm<br />\nMàu sắc: Đen- Trắng<br />\nKích cỡ: 35 – 36 – 37- 38 – 39', '', '', '', '', '', ''),
(136, 2, 'Giày sandals nữ quai ngang gót vuông – EB004', '1. GIÀY CAO GÓT MŨI NHỌN CAO 5CM: Mẫu giày cao gót này giúp bạn dễ dàng đi lại, không gây đau chân khi di chuyển nhiều và đặc biệt tôn dáng. Chi tiết quai ôm cổ chân này đã tạo nên vẻ đẹp tinh tế và thanh thoát cho sản phẩm, bạn có thể kết hợp chúng với những chiếc váy điệu đà khi đi chơi hay sử dụng với quần âu, chân váy ôm bó sát khi đi làm để khiến bản thân mình trở nên thanh lịch và quyến rũ hơn.<br />\n<br />\n2. CHẤT LIỆU DA MỀM : Chất liệu da cao cấp, mềm hoạ tiết nổi bật, với 3 màu sắc đa dạng, giúp bạn có nhiều sự lựa chọn (Đen,Vàng nâu, Nude). Đặc biệt loại da hạn chế nếp nhăn khi bạn di chuyển và không bong tróc.<br />\n<br />\n3. FORM DÁNG CHUẨN ÊM CHÂN: Giày cao gót Erosska được thiết kế tỉ mĩ với form dáng chuẩn đối với người Việt, giúp bảo vệ nâng niu bàn bạn chân của nàng, đảm bảo giày mềm êm chân, giữ form tốt.<br />\n<br />\n4. ĐẾ GIÀY TPR CAO CẤP ĐÀN HỒI CAO, HẠN CHẾ TIẾNG ỒN: Đế giày cao gót Erosska được làm bằng chất liệu TPR cao cấp theo tiêu chuẩn xuất khẩu, đảm bảo độ đàn hồi, mềm êm, hạn chế tiếng ồn phát ra khi di chuyển. Đặc biệt đế giày Erosska có độ BÁM DÍNH tốt, không trơn trượt.<br />\n<br />\n5. SẢN PHẨM CÓ BẢO HÀNH: Tất cả sản phẩm của Erosska đều có chính sách báo hành cho khách hàng, thông tin chi tiết xem tại website của Erosska.<br />\n<br />\nHướng dẫn bảo quản<br />\n- Tránh mang sản phẩm khi trời mưa hoặc thời tiết xấu để chúng không bị ướt dẫn đến bong tróc.<br />\n- Nên cất giữ sản phẩm ở nơi thoáng mát để giữ gìn chất lượng của sản phẩm ở mức tốt nhất.<br />\n- Lau chùi sản phẩm thường xuyên để tránh bụi bẩn.<br />\n- Bạn sử dụng các loại xà bông, nước rửa chén, kem cạo râu để giặt.<br />\n- Chú ý là nên dùng bàn chải mềm hoặc khăn mềm để chà giặt sẽ tốt hơn cho đôi giày của bạn.<br />\n- Nên phơi đôi giày trong mát, không nên phơi trực tiếp dưới ánh nắng mặt trời.<br />\n- Sau khi giặt xong để ráo nước sử dụng giấy mềm, thấm nước, cuốn 2-3 vòng phủ toàn đôi giày.<br />\n- Sau đó bạn có thể đem phơi trực tiếp dưới nắng mà không ảnh hưởng.', 'Kiểu dáng: Giày cao gót<br />\nChất liệu: Da tổng hợp<br />\nĐộ cao: 5 cm<br />\nMàu sắc: Đen – Nude<br />\nKích cỡ: 35 – 36 – 37- 38 – 39', '', '', '', '', '', ''),
(137, 2, 'Giày nữ bít mũi gót vuông – EK003', '1. GIÀY CAO GÓT MŨI NHỌN CAO 5CM: Mẫu giày cao gót này giúp bạn dễ dàng đi lại, không gây đau chân khi di chuyển nhiều và đặc biệt tôn dáng. Chi tiết quai ôm cổ chân này đã tạo nên vẻ đẹp tinh tế và thanh thoát cho sản phẩm, bạn có thể kết hợp chúng với những chiếc váy điệu đà khi đi chơi hay sử dụng với quần âu, chân váy ôm bó sát khi đi làm để khiến bản thân mình trở nên thanh lịch và quyến rũ hơn.<br />\n<br />\n2. CHẤT LIỆU DA MỀM : Chất liệu da cao cấp, mềm hoạ tiết nổi bật, với 3 màu sắc đa dạng, giúp bạn có nhiều sự lựa chọn (Đen,Vàng nâu, Nude). Đặc biệt loại da hạn chế nếp nhăn khi bạn di chuyển và không bong tróc.<br />\n<br />\n3. FORM DÁNG CHUẨN ÊM CHÂN: Giày cao gót Erosska được thiết kế tỉ mĩ với form dáng chuẩn đối với người Việt, giúp bảo vệ nâng niu bàn bạn chân của nàng, đảm bảo giày mềm êm chân, giữ form tốt.<br />\n<br />\n4. ĐẾ GIÀY TPR CAO CẤP ĐÀN HỒI CAO, HẠN CHẾ TIẾNG ỒN: Đế giày cao gót Erosska được làm bằng chất liệu TPR cao cấp theo tiêu chuẩn xuất khẩu, đảm bảo độ đàn hồi, mềm êm, hạn chế tiếng ồn phát ra khi di chuyển. Đặc biệt đế giày Erosska có độ BÁM DÍNH tốt, không trơn trượt.<br />\n<br />\n5. SẢN PHẨM CÓ BẢO HÀNH: Tất cả sản phẩm của Erosska đều có chính sách báo hành cho khách hàng, thông tin chi tiết xem tại website của Erosska.<br />\n<br />\nHướng dẫn bảo quản<br />\n- Tránh mang sản phẩm khi trời mưa hoặc thời tiết xấu để chúng không bị ướt dẫn đến bong tróc.<br />\n- Nên cất giữ sản phẩm ở nơi thoáng mát để giữ gìn chất lượng của sản phẩm ở mức tốt nhất.<br />\n- Lau chùi sản phẩm thường xuyên để tránh bụi bẩn.<br />\n- Bạn sử dụng các loại xà bông, nước rửa chén, kem cạo râu để giặt.<br />\n- Chú ý là nên dùng bàn chải mềm hoặc khăn mềm để chà giặt sẽ tốt hơn cho đôi giày của bạn.<br />\n- Nên phơi đôi giày trong mát, không nên phơi trực tiếp dưới ánh nắng mặt trời.<br />\n- Sau khi giặt xong để ráo nước sử dụng giấy mềm, thấm nước, cuốn 2-3 vòng phủ toàn đôi giày.<br />\n- Sau đó bạn có thể đem phơi trực tiếp dưới nắng mà không ảnh hưởng.', 'Kiểu dáng: Giày cao gót<br />\nChất liệu: Da tổng hợp<br />\nĐộ cao: 5 cm<br />\nMàu sắc: Đen – Nude<br />\nKích cỡ: 35 – 36 – 37- 38 – 39', '', '', '', '', '', ''),
(138, 2, 'Giày sandals nữ quai chéo gót vuông – EB005', '1. GIÀY CAO GÓT MŨI NHỌN CAO 5CM: Mẫu giày cao gót này giúp bạn dễ dàng đi lại, không gây đau chân khi di chuyển nhiều và đặc biệt tôn dáng. Chi tiết quai ôm cổ chân này đã tạo nên vẻ đẹp tinh tế và thanh thoát cho sản phẩm, bạn có thể kết hợp chúng với những chiếc váy điệu đà khi đi chơi hay sử dụng với quần âu, chân váy ôm bó sát khi đi làm để khiến bản thân mình trở nên thanh lịch và quyến rũ hơn.<br />\n<br />\n2. CHẤT LIỆU DA MỀM : Chất liệu da cao cấp, mềm hoạ tiết nổi bật, với 3 màu sắc đa dạng, giúp bạn có nhiều sự lựa chọn (Đen,Vàng nâu, Nude). Đặc biệt loại da hạn chế nếp nhăn khi bạn di chuyển và không bong tróc.<br />\n<br />\n3. FORM DÁNG CHUẨN ÊM CHÂN: Giày cao gót Erosska được thiết kế tỉ mĩ với form dáng chuẩn đối với người Việt, giúp bảo vệ nâng niu bàn bạn chân của nàng, đảm bảo giày mềm êm chân, giữ form tốt.<br />\n<br />\n4. ĐẾ GIÀY TPR CAO CẤP ĐÀN HỒI CAO, HẠN CHẾ TIẾNG ỒN: Đế giày cao gót Erosska được làm bằng chất liệu TPR cao cấp theo tiêu chuẩn xuất khẩu, đảm bảo độ đàn hồi, mềm êm, hạn chế tiếng ồn phát ra khi di chuyển. Đặc biệt đế giày Erosska có độ BÁM DÍNH tốt, không trơn trượt.<br />\n<br />\n5. SẢN PHẨM CÓ BẢO HÀNH: Tất cả sản phẩm của Erosska đều có chính sách báo hành cho khách hàng, thông tin chi tiết xem tại website của Erosska.<br />\n<br />\nHướng dẫn bảo quản<br />\n- Tránh mang sản phẩm khi trời mưa hoặc thời tiết xấu để chúng không bị ướt dẫn đến bong tróc.<br />\n- Nên cất giữ sản phẩm ở nơi thoáng mát để giữ gìn chất lượng của sản phẩm ở mức tốt nhất.<br />\n- Lau chùi sản phẩm thường xuyên để tránh bụi bẩn.<br />\n- Bạn sử dụng các loại xà bông, nước rửa chén, kem cạo râu để giặt.<br />\n- Chú ý là nên dùng bàn chải mềm hoặc khăn mềm để chà giặt sẽ tốt hơn cho đôi giày của bạn.<br />\n- Nên phơi đôi giày trong mát, không nên phơi trực tiếp dưới ánh nắng mặt trời.<br />\n- Sau khi giặt xong để ráo nước sử dụng giấy mềm, thấm nước, cuốn 2-3 vòng phủ toàn đôi giày.<br />\n- Sau đó bạn có thể đem phơi trực tiếp dưới nắng mà không ảnh hưởng.', 'Kiểu dáng: Giày cao gót<br />\nChất liệu: Da tổng hợp<br />\nĐộ cao: 5 cm<br />\nMàu sắc: Đen – Nude<br />\nKích cỡ: 35 – 36 – 37- 38 – 39', '', '', '', '', '', ''),
(139, 2, 'Giày nữ quai ngang gót tròn', '&lt;p&gt;1. GIÀY CAO GÓT MŨI NHỌN CAO 5CM: Mẫu giày cao gót này giúp bạn dễ dàng đi lại, không gây đau chân khi di chuyển nhiều và đặc biệt tôn dáng. Chi tiết quai ôm cổ chân này đã tạo nên vẻ đẹp tinh tế và thanh thoát cho sản phẩm, bạn có thể kết hợp chúng với những chiếc váy điệu đà khi đi chơi hay sử dụng với quần âu, chân váy ôm bó sát khi đi làm để khiến bản thân mình trở nên thanh lịch và quyến rũ hơn.&lt;br /&gt;\r\n&lt;br /&gt;\r\n2. CHẤT LIỆU DA MỀM : Chất liệu da cao cấp, mềm hoạ tiết nổi bật, với 3 màu sắc đa dạng, giúp bạn có nhiều sự lựa chọn (Đen,Vàng nâu, Nude). Đặc biệt loại da hạn chế nếp nhăn khi bạn di chuyển và không bong tróc.&lt;br /&gt;\r\n&lt;br /&gt;\r\n3. FORM DÁNG CHUẨN ÊM CHÂN: Giày cao gót Erosska được thiết kế tỉ mĩ với form dáng chuẩn đối với người Việt, giúp bảo vệ nâng niu bàn bạn chân của nàng, đảm bảo giày mềm êm chân, giữ form tốt.&lt;br /&gt;\r\n&lt;br /&gt;\r\n4. ĐẾ GIÀY TPR CAO CẤP ĐÀN HỒI CAO, HẠN CHẾ TIẾNG ỒN: Đế giày cao gót Erosska được làm bằng chất liệu TPR cao cấp theo tiêu chuẩn xuất khẩu, đảm bảo độ đàn hồi, mềm êm, hạn chế tiếng ồn phát ra khi di chuyển. Đặc biệt đế giày Erosska có độ BÁM DÍNH tốt, không trơn trượt.&lt;br /&gt;\r\n&lt;br /&gt;\r\n5. SẢN PHẨM CÓ BẢO HÀNH: Tất cả sản phẩm của Erosska đều có chính sách báo hành cho khách hàng, thông tin chi tiết xem tại website của Erosska.&lt;br /&gt;\r\n&lt;br /&gt;\r\nHướng dẫn bảo quản&lt;br /&gt;\r\n- Tránh mang sản phẩm khi trời mưa hoặc thời tiết xấu để chúng không bị ướt dẫn đến bong tróc.&lt;br /&gt;\r\n- Nên cất giữ sản phẩm ở nơi thoáng mát để giữ gìn chất lượng của sản phẩm ở mức tốt nhất.&lt;br /&gt;\r\n- Lau chùi sản phẩm thường xuyên để tránh bụi bẩn.&lt;br /&gt;\r\n- Bạn sử dụng các loại xà bông, nước rửa chén, kem cạo râu để giặt.&lt;br /&gt;\r\n- Chú ý là nên dùng bàn chải mềm hoặc khăn mềm để chà giặt sẽ tốt hơn cho đôi giày của bạn.&lt;br /&gt;\r\n- Nên phơi đôi giày trong mát, không nên phơi trực tiếp dưới ánh nắng mặt trời.&lt;br /&gt;\r\n- Sau khi giặt xong để ráo nước sử dụng giấy mềm, thấm nước, cuốn 2-3 vòng phủ toàn đôi giày.&lt;br /&gt;\r\n- Sau đó bạn có thể đem phơi trực tiếp dưới nắng mà không ảnh hưởng.&lt;/p&gt;', '&lt;p&gt;Kiểu dáng: Giày cao gót&lt;br /&gt;\r\nChất liệu: Da tổng hợp&lt;br /&gt;\r\nĐộ cao: 5 cm&lt;br /&gt;\r\nMàu sắc: Đen – Nude&lt;br /&gt;\r\nKích cỡ: 35 – 36 – 37- 38 – 39&lt;/p&gt;', '', '', '', '', '', ''),
(140, 2, 'Giày nữ quai ngang gót tròn – EB009', '1. GIÀY CAO GÓT MŨI NHỌN CAO 5CM: Mẫu giày cao gót này giúp bạn dễ dàng đi lại, không gây đau chân khi di chuyển nhiều và đặc biệt tôn dáng. Chi tiết quai ôm cổ chân này đã tạo nên vẻ đẹp tinh tế và thanh thoát cho sản phẩm, bạn có thể kết hợp chúng với những chiếc váy điệu đà khi đi chơi hay sử dụng với quần âu, chân váy ôm bó sát khi đi làm để khiến bản thân mình trở nên thanh lịch và quyến rũ hơn.<br />\n<br />\n2. CHẤT LIỆU DA MỀM : Chất liệu da cao cấp, mềm hoạ tiết nổi bật, với 3 màu sắc đa dạng, giúp bạn có nhiều sự lựa chọn (Đen,Vàng nâu, Nude). Đặc biệt loại da hạn chế nếp nhăn khi bạn di chuyển và không bong tróc.<br />\n<br />\n3. FORM DÁNG CHUẨN ÊM CHÂN: Giày cao gót Erosska được thiết kế tỉ mĩ với form dáng chuẩn đối với người Việt, giúp bảo vệ nâng niu bàn bạn chân của nàng, đảm bảo giày mềm êm chân, giữ form tốt.<br />\n<br />\n4. ĐẾ GIÀY TPR CAO CẤP ĐÀN HỒI CAO, HẠN CHẾ TIẾNG ỒN: Đế giày cao gót Erosska được làm bằng chất liệu TPR cao cấp theo tiêu chuẩn xuất khẩu, đảm bảo độ đàn hồi, mềm êm, hạn chế tiếng ồn phát ra khi di chuyển. Đặc biệt đế giày Erosska có độ BÁM DÍNH tốt, không trơn trượt.<br />\n<br />\n5. SẢN PHẨM CÓ BẢO HÀNH: Tất cả sản phẩm của Erosska đều có chính sách báo hành cho khách hàng, thông tin chi tiết xem tại website của Erosska.<br />\n<br />\nHướng dẫn bảo quản<br />\n- Tránh mang sản phẩm khi trời mưa hoặc thời tiết xấu để chúng không bị ướt dẫn đến bong tróc.<br />\n- Nên cất giữ sản phẩm ở nơi thoáng mát để giữ gìn chất lượng của sản phẩm ở mức tốt nhất.<br />\n- Lau chùi sản phẩm thường xuyên để tránh bụi bẩn.<br />\n- Bạn sử dụng các loại xà bông, nước rửa chén, kem cạo râu để giặt.<br />\n- Chú ý là nên dùng bàn chải mềm hoặc khăn mềm để chà giặt sẽ tốt hơn cho đôi giày của bạn.<br />\n- Nên phơi đôi giày trong mát, không nên phơi trực tiếp dưới ánh nắng mặt trời.<br />\n- Sau khi giặt xong để ráo nước sử dụng giấy mềm, thấm nước, cuốn 2-3 vòng phủ toàn đôi giày.<br />\n- Sau đó bạn có thể đem phơi trực tiếp dưới nắng mà không ảnh hưởng.', 'Kiểu dáng: Giày cao gót<br />\nChất liệu: Da tổng hợp<br />\nĐộ cao: 5 cm<br />\nMàu sắc: Đen – Nude<br />\nKích cỡ: 35 – 36 – 37- 38 – 39', '', '', '', '', '', ''),
(141, 2, 'Giày búp bê đế bệt quai ngang – EL004', '1. GIÀY CAO GÓT MŨI NHỌN CAO 5CM: Mẫu giày cao gót này giúp bạn dễ dàng đi lại, không gây đau chân khi di chuyển nhiều và đặc biệt tôn dáng. Chi tiết quai ôm cổ chân này đã tạo nên vẻ đẹp tinh tế và thanh thoát cho sản phẩm, bạn có thể kết hợp chúng với những chiếc váy điệu đà khi đi chơi hay sử dụng với quần âu, chân váy ôm bó sát khi đi làm để khiến bản thân mình trở nên thanh lịch và quyến rũ hơn.<br />\n<br />\n2. CHẤT LIỆU DA MỀM : Chất liệu da cao cấp, mềm hoạ tiết nổi bật, với 3 màu sắc đa dạng, giúp bạn có nhiều sự lựa chọn (Đen,Vàng nâu, Nude). Đặc biệt loại da hạn chế nếp nhăn khi bạn di chuyển và không bong tróc.<br />\n<br />\n3. FORM DÁNG CHUẨN ÊM CHÂN: Giày cao gót Erosska được thiết kế tỉ mĩ với form dáng chuẩn đối với người Việt, giúp bảo vệ nâng niu bàn bạn chân của nàng, đảm bảo giày mềm êm chân, giữ form tốt.<br />\n<br />\n4. ĐẾ GIÀY TPR CAO CẤP ĐÀN HỒI CAO, HẠN CHẾ TIẾNG ỒN: Đế giày cao gót Erosska được làm bằng chất liệu TPR cao cấp theo tiêu chuẩn xuất khẩu, đảm bảo độ đàn hồi, mềm êm, hạn chế tiếng ồn phát ra khi di chuyển. Đặc biệt đế giày Erosska có độ BÁM DÍNH tốt, không trơn trượt.<br />\n<br />\n5. SẢN PHẨM CÓ BẢO HÀNH: Tất cả sản phẩm của Erosska đều có chính sách báo hành cho khách hàng, thông tin chi tiết xem tại website của Erosska.<br />\n<br />\nHướng dẫn bảo quản<br />\n- Tránh mang sản phẩm khi trời mưa hoặc thời tiết xấu để chúng không bị ướt dẫn đến bong tróc.<br />\n- Nên cất giữ sản phẩm ở nơi thoáng mát để giữ gìn chất lượng của sản phẩm ở mức tốt nhất.<br />\n- Lau chùi sản phẩm thường xuyên để tránh bụi bẩn.<br />\n- Bạn sử dụng các loại xà bông, nước rửa chén, kem cạo râu để giặt.<br />\n- Chú ý là nên dùng bàn chải mềm hoặc khăn mềm để chà giặt sẽ tốt hơn cho đôi giày của bạn.<br />\n- Nên phơi đôi giày trong mát, không nên phơi trực tiếp dưới ánh nắng mặt trời.<br />\n- Sau khi giặt xong để ráo nước sử dụng giấy mềm, thấm nước, cuốn 2-3 vòng phủ toàn đôi giày.<br />\n- Sau đó bạn có thể đem phơi trực tiếp dưới nắng mà không ảnh hưởng.', 'Kiểu dáng: Giày búp bê<br />\nChất liệu: Da tổng hợp<br />\nĐộ cao: 2 cm<br />\nMàu sắc: Trắng – Đen- Nude – Vàng nâu<br />\nKích cỡ: 35 – 36 – 37- 38 – 39', '', '', '', '', '', ''),
(142, 2, 'Giày Boot Lửng Cao Gót Mũi Nhọn 6cm Da Bò Thật P349', 'Giày Boot lửng cao gót mũi nhọn 6cm da bò thật thể hiện - một cách hoàn hảo - sự cá tính, khỏe khoắn cũng như gu thời trang tinh tế của chủ nhân đôi boot này.<br />\n<br />\n<br />\n<br />\nGiày Boot lửng cao gót mũi nhọn 6cm da bò thật được làm từ da bò thật 100% chất lượng cao cấp. Không những có độ bền cao, bên trong giày còn là lớp lót da cực êm ái.<br />\n<br />\n<br />\n<br />\nPhần gót vuông 6cm dễ đi và tôn dáng, thích hợp với cả những ai không quen đi giày cao gót. Boot kết hợp với mũi nhọn tạo hiệu ứng thon gọn cho bàn chân.<br />\n<br />\n<br />\n<br />\nĐiểm nhấn của Boot lửng cao gót mũi nhọn 6cm da bò thật  nằm ở chi tiết dây kéo có dây lắc trẻ trung, ấn tượng.<br />\n<br />\n<br />\n<br />\nĐôi giày boot lửng cao gót 6cm mũi nhọn kinh điển không chỉ có nhiệm vụ giữ ấm đôi chân, kết hợp ăn ý với nhiều bộ váy cánh, đẹp mắt mà còn nâng tầm phong cách thêm nhiều phần sang trọng và thời thượng.<br />\n<br />\n<br />\n<br />\nBoot màu đen và boot cao gót màu bò là hai màu kinh điển. Là hai màu hiện nay là một trong những tông màu được nhiều bạn trẻ ưa thích bởi khi kết hợp lên đồ sẽ đảm bảo độ sang trọng hơn rất nhiều so với những tông màu khác.<br />\n<br />\n<br />\n<br />\nGiày Boot lửng cao gót mũi nhọn 6cm da bò thật là mẫu giày Việt Nam xuất khẩu chất lượng hàng đầu tại Pixie. Vừa thời trang, sang trọng lại còn nâng niu bàn chân, êm ái, giày boot cao gót 6 cm da bò thật mũi nhọn này hứa hẹn là món quà tuyệt vời.<br />\n<br />\n<br />\n<br />\nGợi ý kết hợp: <br />\n<br />\n<br />\nVới sự cá tính của mình, giày Boot lửng cao gót mũi nhọn 6cm da bò thật  dễ dàng biến một set đồ trở nên thú vị và ấn tượng. Bộ đôi boot cổ lửng cao gót da bò thật với quần skinny luôn là lựa chọn đầu tiên của phái đẹp khi diện kiểu giày quyền lực này.<br />\n<br />\n<br />\n<br />\nCác kiểu chân váy hottrend được nhiều chị em săn lùng trong năm qua như chân váy chữ A, chân váy denim… đều là lựa chọn thích hợp để các nàng mix cùng đôi giày boot cao gót nịnh chân này.<br />\n<br />\n<br />\n<br />\n<br />\n<br />\nVới phong cách tạo nên những nét nữ tính nhất, một đôi Boot lửng cao gót mũi nhọn 6cm da bò thật cùng áo len có form dài và chiếc quần skinny có gấu xoắn sẽ làm cho bạn trở nên nổi bật hơn mang đầy nét trẻ trung, nhưng trông lại vô cùng chững chạc, trưởng thành.<br />\n<br />\n<br />\n', 'Chiều cao: 6cm<br />\n<br />\nChất liệu: Da Bò<br />\n<br />\nMàu: Nâu, Đen<br />\n<br />\nSize: 35, 36, 37, 38, 39<br />\n<br />\nKiểu dáng: Boot lửng được làm từ da bò thật 100% chất lượng cao cấp. Bên trong giày còn là lớp lót da cực êm ái. Phần gót vuông 6cm dễ đi và tôn dáng. Boot kết hợp với mũi nhọn tạo hiệu ứng thon gọn cho bàn chân.', '', '', '', '', '', ''),
(143, 2, 'Giày Boot Thấp 3cm Cổ Ngắn Da Bò Thật P293', 'Giày Boot lửng cao gót mũi nhọn 6cm da bò thật thể hiện - một cách hoàn hảo - sự cá tính, khỏe khoắn cũng như gu thời trang tinh tế của chủ nhân đôi boot này.<br />\n<br />\n<br />\n<br />\nGiày Boot lửng cao gót mũi nhọn 6cm da bò thật được làm từ da bò thật 100% chất lượng cao cấp. Không những có độ bền cao, bên trong giày còn là lớp lót da cực êm ái.<br />\n<br />\n<br />\n<br />\nPhần gót vuông 6cm dễ đi và tôn dáng, thích hợp với cả những ai không quen đi giày cao gót. Boot kết hợp với mũi nhọn tạo hiệu ứng thon gọn cho bàn chân.<br />\n<br />\n<br />\n<br />\nĐiểm nhấn của Boot lửng cao gót mũi nhọn 6cm da bò thật  nằm ở chi tiết dây kéo có dây lắc trẻ trung, ấn tượng.<br />\n<br />\n<br />\n<br />\nĐôi giày boot lửng cao gót 6cm mũi nhọn kinh điển không chỉ có nhiệm vụ giữ ấm đôi chân, kết hợp ăn ý với nhiều bộ váy cánh, đẹp mắt mà còn nâng tầm phong cách thêm nhiều phần sang trọng và thời thượng.<br />\n<br />\n<br />\n<br />\nBoot màu đen và boot cao gót màu bò là hai màu kinh điển. Là hai màu hiện nay là một trong những tông màu được nhiều bạn trẻ ưa thích bởi khi kết hợp lên đồ sẽ đảm bảo độ sang trọng hơn rất nhiều so với những tông màu khác.<br />\n<br />\n<br />\n<br />\nGiày Boot lửng cao gót mũi nhọn 6cm da bò thật là mẫu giày Việt Nam xuất khẩu chất lượng hàng đầu tại Pixie. Vừa thời trang, sang trọng lại còn nâng niu bàn chân, êm ái, giày boot cao gót 6 cm da bò thật mũi nhọn này hứa hẹn là món quà tuyệt vời.<br />\n<br />\n<br />\n<br />\nGợi ý kết hợp: <br />\n<br />\n<br />\nVới sự cá tính của mình, giày Boot lửng cao gót mũi nhọn 6cm da bò thật  dễ dàng biến một set đồ trở nên thú vị và ấn tượng. Bộ đôi boot cổ lửng cao gót da bò thật với quần skinny luôn là lựa chọn đầu tiên của phái đẹp khi diện kiểu giày quyền lực này.<br />\n<br />\n<br />\n<br />\nCác kiểu chân váy hottrend được nhiều chị em săn lùng trong năm qua như chân váy chữ A, chân váy denim… đều là lựa chọn thích hợp để các nàng mix cùng đôi giày boot cao gót nịnh chân này.<br />\n<br />\n<br />\n<br />\n<br />\n<br />\nVới phong cách tạo nên những nét nữ tính nhất, một đôi Boot lửng cao gót mũi nhọn 6cm da bò thật cùng áo len có form dài và chiếc quần skinny có gấu xoắn sẽ làm cho bạn trở nên nổi bật hơn mang đầy nét trẻ trung, nhưng trông lại vô cùng chững chạc, trưởng thành.<br />\n<br />\n<br />\n', 'Chiều cao: 6cm<br />\n<br />\nChất liệu: Da Bò<br />\n<br />\nMàu: Nâu, Đen<br />\n<br />\nSize: 35, 36, 37, 38, 39<br />\n<br />\nKiểu dáng: Boot lửng được làm từ da bò thật 100% chất lượng cao cấp. Bên trong giày còn là lớp lót da cực êm ái. Phần gót vuông 6cm dễ đi và tôn dáng. Boot kết hợp với mũi nhọn tạo hiệu ứng thon gọn cho bàn chân.', '', '', '', '', '', ''),
(144, 2, 'Giày tây nam công sở Oxford', 'Da bò thật<br />\n- Mặt da mềm mịn, đàn hồi tốt, và phải là lớp da mặt nguyên bản, không phải là lớp da phía trong của da bò.<br />\n<br />\n- Khi mua giày, quý khách có thể lấy đầu ngón tay ấn vào bề mặt da để cảm nhận sự đàn hồi của bề mặt da.<br />\n<br />\n- Lớp lót trong của giày sử dụng da thật, thấm hút mồ hôi tốt, sạch sẽ và không bong tróc<br />\n<br />\nĐế giày<br />\nĐế giày sử dụng là loại có hàm lượng cao su nguyên chất cao, đôi đế sẽ có đường vân sắc nét, mịn, mềm, êm, nặng tay, và chống mài mòn và trơn trượt cực tốt.<br />\n<br />\nCông nghệ đóng giày<br />\nĐôi giày tốt phải được sử dụng công nghệ để giữ được phom giày lâu, đi êm ái không đau chân, hạn chế bai dáng cũng như nhăn gãy.', 'Hướng dẫn bảo quản<br />\n- Lau sạch vết bẩn bằng khăn ẩm mềm<br />\n- Sử dụng loại xi phù hợp với màu sắc, chất liệu da<br />\n- Tránh ngâm nước, tránh tiếp xúc với vật sắc nhọn, nhiệt độ cao<br />\n- Tránh tiếp xúc với môi trường xăng dầu, kiềm<br />\n- Bảo quản sản phẩm nơi khô ráo thoáng mát khi không sử dụng', '', '', '', '', '', ''),
(145, 2, 'Giày nam buộc dây bên hông cách điệu GNLA2632-C05-CF', 'Da bò thật<br />\n- Mặt da mềm mịn, đàn hồi tốt, và phải là lớp da mặt nguyên bản, không phải là lớp da phía trong của da bò.<br />\n<br />\n- Khi mua giày, quý khách có thể lấy đầu ngón tay ấn vào bề mặt da để cảm nhận sự đàn hồi của bề mặt da.<br />\n<br />\n- Lớp lót trong của giày sử dụng da thật, thấm hút mồ hôi tốt, sạch sẽ và không bong tróc<br />\n<br />\nĐế giày<br />\nĐế giày sử dụng là loại có hàm lượng cao su nguyên chất cao, đôi đế sẽ có đường vân sắc nét, mịn, mềm, êm, nặng tay, và chống mài mòn và trơn trượt cực tốt.<br />\n<br />\nCông nghệ đóng giày<br />\nĐôi giày tốt phải được sử dụng công nghệ để giữ được phom giày lâu, đi êm ái không đau chân, hạn chế bai dáng cũng như nhăn gãy.', 'Hướng dẫn bảo quản<br />\n- Lau sạch vết bẩn bằng khăn ẩm mềm<br />\n- Sử dụng loại xi phù hợp với màu sắc, chất liệu da<br />\n- Tránh ngâm nước, tránh tiếp xúc với vật sắc nhọn, nhiệt độ cao<br />\n- Tránh tiếp xúc với môi trường xăng dầu, kiềm<br />\n- Bảo quản sản phẩm nơi khô ráo thoáng mát khi không sử dụng', '', '', '', '', '', ''),
(146, 2, 'Giày loafer nam tăng chiều cao GCLAS997-16-D', 'Da bò thật<br />\n- Mặt da mềm mịn, đàn hồi tốt, và phải là lớp da mặt nguyên bản, không phải là lớp da phía trong của da bò.<br />\n<br />\n- Khi mua giày, quý khách có thể lấy đầu ngón tay ấn vào bề mặt da để cảm nhận sự đàn hồi của bề mặt da.<br />\n<br />\n- Lớp lót trong của giày sử dụng da thật, thấm hút mồ hôi tốt, sạch sẽ và không bong tróc<br />\n<br />\nĐế giày<br />\nĐế giày sử dụng là loại có hàm lượng cao su nguyên chất cao, đôi đế sẽ có đường vân sắc nét, mịn, mềm, êm, nặng tay, và chống mài mòn và trơn trượt cực tốt.<br />\n<br />\nCông nghệ đóng giày<br />\nĐôi giày tốt phải được sử dụng công nghệ để giữ được phom giày lâu, đi êm ái không đau chân, hạn chế bai dáng cũng như nhăn gãy.', 'Hướng dẫn bảo quản<br />\n- Lau sạch vết bẩn bằng khăn ẩm mềm<br />\n- Sử dụng loại xi phù hợp với màu sắc, chất liệu da<br />\n- Tránh ngâm nước, tránh tiếp xúc với vật sắc nhọn, nhiệt độ cao<br />\n- Tránh tiếp xúc với môi trường xăng dầu, kiềm<br />\n- Bảo quản sản phẩm nơi khô ráo thoáng mát khi không sử dụng', '', '', '', '', '', ''),
(147, 2, 'Giày lười công sở phối họa tiết GNLA2020-D', 'Da bò thật<br />\n- Mặt da mềm mịn, đàn hồi tốt, và phải là lớp da mặt nguyên bản, không phải là lớp da phía trong của da bò.<br />\n<br />\n- Khi mua giày, quý khách có thể lấy đầu ngón tay ấn vào bề mặt da để cảm nhận sự đàn hồi của bề mặt da.<br />\n<br />\n- Lớp lót trong của giày sử dụng da thật, thấm hút mồ hôi tốt, sạch sẽ và không bong tróc<br />\n<br />\nĐế giày<br />\nĐế giày sử dụng là loại có hàm lượng cao su nguyên chất cao, đôi đế sẽ có đường vân sắc nét, mịn, mềm, êm, nặng tay, và chống mài mòn và trơn trượt cực tốt.<br />\n<br />\nCông nghệ đóng giày<br />\nĐôi giày tốt phải được sử dụng công nghệ để giữ được phom giày lâu, đi êm ái không đau chân, hạn chế bai dáng cũng như nhăn gãy.', 'Hướng dẫn bảo quản<br />\n- Lau sạch vết bẩn bằng khăn ẩm mềm<br />\n- Sử dụng loại xi phù hợp với màu sắc, chất liệu da<br />\n- Tránh ngâm nước, tránh tiếp xúc với vật sắc nhọn, nhiệt độ cao<br />\n- Tránh tiếp xúc với môi trường xăng dầu, kiềm<br />\n- Bảo quản sản phẩm nơi khô ráo thoáng mát khi không sử dụng', '', '', '', '', '', ''),
(148, 2, 'Giày nam Penny Loafer GNLA1136-CF', 'Da bò thật<br />\n- Mặt da mềm mịn, đàn hồi tốt, và phải là lớp da mặt nguyên bản, không phải là lớp da phía trong của da bò.<br />\n<br />\n- Khi mua giày, quý khách có thể lấy đầu ngón tay ấn vào bề mặt da để cảm nhận sự đàn hồi của bề mặt da.<br />\n<br />\n- Lớp lót trong của giày sử dụng da thật, thấm hút mồ hôi tốt, sạch sẽ và không bong tróc<br />\n<br />\nĐế giày<br />\nĐế giày sử dụng là loại có hàm lượng cao su nguyên chất cao, đôi đế sẽ có đường vân sắc nét, mịn, mềm, êm, nặng tay, và chống mài mòn và trơn trượt cực tốt.<br />\n<br />\nCông nghệ đóng giày<br />\nĐôi giày tốt phải được sử dụng công nghệ để giữ được phom giày lâu, đi êm ái không đau chân, hạn chế bai dáng cũng như nhăn gãy.', 'Hướng dẫn bảo quản<br />\n- Lau sạch vết bẩn bằng khăn ẩm mềm<br />\n- Sử dụng loại xi phù hợp với màu sắc, chất liệu da<br />\n- Tránh ngâm nước, tránh tiếp xúc với vật sắc nhọn, nhiệt độ cao<br />\n- Tránh tiếp xúc với môi trường xăng dầu, kiềm<br />\n- Bảo quản sản phẩm nơi khô ráo thoáng mát khi không sử dụng', '', '', '', '', '', ''),
(149, 2, 'Giày nam Penny Loafer GNLA1136-CF', 'Da bò thật<br />\n- Mặt da mềm mịn, đàn hồi tốt, và phải là lớp da mặt nguyên bản, không phải là lớp da phía trong của da bò.<br />\n<br />\n- Khi mua giày, quý khách có thể lấy đầu ngón tay ấn vào bề mặt da để cảm nhận sự đàn hồi của bề mặt da.<br />\n<br />\n- Lớp lót trong của giày sử dụng da thật, thấm hút mồ hôi tốt, sạch sẽ và không bong tróc<br />\n<br />\nĐế giày<br />\nĐế giày sử dụng là loại có hàm lượng cao su nguyên chất cao, đôi đế sẽ có đường vân sắc nét, mịn, mềm, êm, nặng tay, và chống mài mòn và trơn trượt cực tốt.<br />\n<br />\nCông nghệ đóng giày<br />\nĐôi giày tốt phải được sử dụng công nghệ để giữ được phom giày lâu, đi êm ái không đau chân, hạn chế bai dáng cũng như nhăn gãy.', 'Hướng dẫn bảo quản<br />\n- Lau sạch vết bẩn bằng khăn ẩm mềm<br />\n- Sử dụng loại xi phù hợp với màu sắc, chất liệu da<br />\n- Tránh ngâm nước, tránh tiếp xúc với vật sắc nhọn, nhiệt độ cao<br />\n- Tránh tiếp xúc với môi trường xăng dầu, kiềm<br />\n- Bảo quản sản phẩm nơi khô ráo thoáng mát khi không sử dụng', '', '', '', '', '', ''),
(150, 2, 'Giày tây cho nam phối họa tiết GNLA8338-D', 'Da bò thật<br />\n- Mặt da mềm mịn, đàn hồi tốt, và phải là lớp da mặt nguyên bản, không phải là lớp da phía trong của da bò.<br />\n<br />\n- Khi mua giày, quý khách có thể lấy đầu ngón tay ấn vào bề mặt da để cảm nhận sự đàn hồi của bề mặt da.<br />\n<br />\n- Lớp lót trong của giày sử dụng da thật, thấm hút mồ hôi tốt, sạch sẽ và không bong tróc<br />\n<br />\nĐế giày<br />\nĐế giày sử dụng là loại có hàm lượng cao su nguyên chất cao, đôi đế sẽ có đường vân sắc nét, mịn, mềm, êm, nặng tay, và chống mài mòn và trơn trượt cực tốt.<br />\n<br />\nCông nghệ đóng giày<br />\nĐôi giày tốt phải được sử dụng công nghệ để giữ được phom giày lâu, đi êm ái không đau chân, hạn chế bai dáng cũng như nhăn gãy.', 'Hướng dẫn bảo quản<br />\n- Lau sạch vết bẩn bằng khăn ẩm mềm<br />\n- Sử dụng loại xi phù hợp với màu sắc, chất liệu da<br />\n- Tránh ngâm nước, tránh tiếp xúc với vật sắc nhọn, nhiệt độ cao<br />\n- Tránh tiếp xúc với môi trường xăng dầu, kiềm<br />\n- Bảo quản sản phẩm nơi khô ráo thoáng mát khi không sử dụng', '', '', '', '', '', ''),
(151, 2, 'Giày tây nam cao cấp monk strap GNLA826-352-D', 'Da bò thật<br />\n- Mặt da mềm mịn, đàn hồi tốt, và phải là lớp da mặt nguyên bản, không phải là lớp da phía trong của da bò.<br />\n<br />\n- Khi mua giày, quý khách có thể lấy đầu ngón tay ấn vào bề mặt da để cảm nhận sự đàn hồi của bề mặt da.<br />\n<br />\n- Lớp lót trong của giày sử dụng da thật, thấm hút mồ hôi tốt, sạch sẽ và không bong tróc<br />\n<br />\nĐế giày<br />\nĐế giày sử dụng là loại có hàm lượng cao su nguyên chất cao, đôi đế sẽ có đường vân sắc nét, mịn, mềm, êm, nặng tay, và chống mài mòn và trơn trượt cực tốt.<br />\n<br />\nCông nghệ đóng giày<br />\nĐôi giày tốt phải được sử dụng công nghệ để giữ được phom giày lâu, đi êm ái không đau chân, hạn chế bai dáng cũng như nhăn gãy.', 'Hướng dẫn bảo quản<br />\n- Lau sạch vết bẩn bằng khăn ẩm mềm<br />\n- Sử dụng loại xi phù hợp với màu sắc, chất liệu da<br />\n- Tránh ngâm nước, tránh tiếp xúc với vật sắc nhọn, nhiệt độ cao<br />\n- Tránh tiếp xúc với môi trường xăng dầu, kiềm<br />\n- Bảo quản sản phẩm nơi khô ráo thoáng mát khi không sử dụng', '', '', '', '', '', ''),
(152, 2, 'Giày lười nam đục lỗ quả chuông GNLA88K68-CF', 'Da bò thật<br />\n- Mặt da mềm mịn, đàn hồi tốt, và phải là lớp da mặt nguyên bản, không phải là lớp da phía trong của da bò.<br />\n<br />\n- Khi mua giày, quý khách có thể lấy đầu ngón tay ấn vào bề mặt da để cảm nhận sự đàn hồi của bề mặt da.<br />\n<br />\n- Lớp lót trong của giày sử dụng da thật, thấm hút mồ hôi tốt, sạch sẽ và không bong tróc<br />\n<br />\nĐế giày<br />\nĐế giày sử dụng là loại có hàm lượng cao su nguyên chất cao, đôi đế sẽ có đường vân sắc nét, mịn, mềm, êm, nặng tay, và chống mài mòn và trơn trượt cực tốt.<br />\n<br />\nCông nghệ đóng giày<br />\nĐôi giày tốt phải được sử dụng công nghệ để giữ được phom giày lâu, đi êm ái không đau chân, hạn chế bai dáng cũng như nhăn gãy.', 'Hướng dẫn bảo quản<br />\n- Lau sạch vết bẩn bằng khăn ẩm mềm<br />\n- Sử dụng loại xi phù hợp với màu sắc, chất liệu da<br />\n- Tránh ngâm nước, tránh tiếp xúc với vật sắc nhọn, nhiệt độ cao<br />\n- Tránh tiếp xúc với môi trường xăng dầu, kiềm<br />\n- Bảo quản sản phẩm nơi khô ráo thoáng mát khi không sử dụng', '', '', '', '', '', ''),
(153, 2, 'Sandals trắng đế da nâu bé trai', '&lt;h2&gt; &lt;/h2&gt;\r\n\r\n&lt;table id=&quot;table-product-detail&quot; style=&quot;font-size: 13px;&quot;&gt;\r\n	&lt;tbody&gt;\r\n		&lt;tr&gt;\r\n			&lt;td&gt;Thương Hiệu&lt;/td&gt;\r\n			&lt;td&gt;OEM&lt;/td&gt;\r\n		&lt;/tr&gt;\r\n		&lt;tr&gt;\r\n			&lt;td&gt;Sản Xuất&lt;/td&gt;\r\n			&lt;td&gt;Trung Quốc&lt;/td&gt;\r\n		&lt;/tr&gt;\r\n		&lt;tr&gt;\r\n			&lt;td&gt;Chất Liệu&lt;/td&gt;\r\n			&lt;td&gt;Da và PU&lt;/td&gt;\r\n		&lt;/tr&gt;\r\n		&lt;tr&gt;\r\n			&lt;td&gt;Màu Sắc&lt;/td&gt;\r\n			&lt;td&gt;Trắng&lt;/td&gt;\r\n		&lt;/tr&gt;\r\n		&lt;tr&gt;\r\n			&lt;td&gt;Size&lt;/td&gt;\r\n			&lt;td&gt;27, 28, 29, 30, 31, 32, 33, 34, 35, 36, 37&lt;/td&gt;\r\n		&lt;/tr&gt;\r\n	&lt;/tbody&gt;\r\n&lt;/table&gt;\r\n\r\n&lt;p&gt; &lt;/p&gt;\r\n\r\n&lt;p&gt;&lt;strong&gt;Giày Sandal bé gái &lt;/strong&gt;quai dán được làm từ chất liệu da mềm mại, thoáng mát. Kiểu dáng đơn giản nhưng không kém phần hiện đại làm tôn lên sự sang trọng và dịu dàng, nữ tính của các bé. &lt;strong&gt;Giày sandal&lt;/strong&gt; thiết kế quai trước chéo tạo sức hút và nổi bật cũng như sắc sảo và tinh tế của đôi dép. Sandal bé gái với đường may chắc chắn, kiểu dán tiện dụng sẽ là một trong những lựa chọn hàng đầu của các ba mẹ tìm mua dép sandal cho bé gái độ tuổi mầm non và tiểu học. &lt;/p&gt;\r\n\r\n&lt;p&gt; &lt;/p&gt;\r\n\r\n&lt;h3&gt;Đặc điểm Giày sandal bé gái&lt;/h3&gt;\r\n\r\n&lt;ul&gt;\r\n	&lt;li&gt;Chất liệu da mềm mại tạo sự thoải mái và nhẹ nhàng.&lt;/li&gt;\r\n	&lt;li&gt;Kiểu quai dán tiện dụng, dễ dàng tháo xỏ&lt;/li&gt;\r\n	&lt;li&gt;Thiết kế quai trước chéo tạo sức hút và nổi bật cũng như sắc sảo và tinh tế của đôi dép.&lt;/li&gt;\r\n	&lt;li&gt;Gam màu tinh tế, kiểu dáng hiện đại, dễ dàng phói với mọi loại trang phục&lt;/li&gt;\r\n	&lt;li&gt;Phù hợp cho bé đi học, đi chơi, đi dã ngoại&lt;/li&gt;\r\n&lt;/ul&gt;', '&lt;table id=&quot;table-product-detail&quot; style=&quot;font-size: 13px;&quot;&gt;\r\n	&lt;tbody&gt;\r\n		&lt;tr&gt;\r\n			&lt;td&gt;Thương Hiệu&lt;/td&gt;\r\n			&lt;td&gt;OEM&lt;/td&gt;\r\n		&lt;/tr&gt;\r\n		&lt;tr&gt;\r\n			&lt;td&gt;Sản Xuất&lt;/td&gt;\r\n			&lt;td&gt;Trung Quốc&lt;/td&gt;\r\n		&lt;/tr&gt;\r\n		&lt;tr&gt;\r\n			&lt;td&gt;Chất Liệu&lt;/td&gt;\r\n			&lt;td&gt;Da và PU&lt;/td&gt;\r\n		&lt;/tr&gt;\r\n		&lt;tr&gt;\r\n			&lt;td&gt;Màu Sắc&lt;/td&gt;\r\n			&lt;td&gt;Trắng&lt;/td&gt;\r\n		&lt;/tr&gt;\r\n		&lt;tr&gt;\r\n			&lt;td&gt;Size&lt;/td&gt;\r\n			&lt;td&gt;27, 28, 29, 30, 31, 32, 33, 34, 35, 36, 37&lt;/td&gt;\r\n		&lt;/tr&gt;\r\n	&lt;/tbody&gt;\r\n&lt;/table&gt;', '', '', '', '', '', ''),
(154, 2, 'Sandals đính hoa cho bé gái', '&lt;table id=&quot;table-product-detail&quot;&gt;\r\n	&lt;tbody&gt;\r\n		&lt;tr&gt;\r\n			&lt;td&gt;Thương Hiệu&lt;/td&gt;\r\n			&lt;td&gt;OEM&lt;/td&gt;\r\n		&lt;/tr&gt;\r\n		&lt;tr&gt;\r\n			&lt;td&gt;Sản Xuất&lt;/td&gt;\r\n			&lt;td&gt;Trung Quốc&lt;/td&gt;\r\n		&lt;/tr&gt;\r\n		&lt;tr&gt;\r\n			&lt;td&gt;Chất Liệu&lt;/td&gt;\r\n			&lt;td&gt;Da và PU&lt;/td&gt;\r\n		&lt;/tr&gt;\r\n		&lt;tr&gt;\r\n			&lt;td&gt;Màu Sắc&lt;/td&gt;\r\n			&lt;td&gt;Trắng&lt;/td&gt;\r\n		&lt;/tr&gt;\r\n		&lt;tr&gt;\r\n			&lt;td&gt;Size&lt;/td&gt;\r\n			&lt;td&gt; &lt;/td&gt;\r\n		&lt;/tr&gt;\r\n	&lt;/tbody&gt;\r\n&lt;/table&gt;\r\n\r\n&lt;p&gt; &lt;/p&gt;\r\n\r\n&lt;p&gt;&lt;strong&gt;Giày Sandal bé gái &lt;/strong&gt;quai dán được làm từ chất liệu da mềm mại, thoáng mát. Kiểu dáng đơn giản nhưng không kém phần hiện đại làm tôn lên sự sang trọng và dịu dàng, nữ tính của các bé. &lt;strong&gt;Giày sandal&lt;/strong&gt; thiết kế quai trước chéo tạo sức hút và nổi bật cũng như sắc sảo và tinh tế của đôi dép. Sandal bé gái với đường may chắc chắn, kiểu dán tiện dụng sẽ là một trong những lựa chọn hàng đầu của các ba mẹ tìm mua dép sandal cho bé gái độ tuổi mầm non và tiểu học. &lt;/p&gt;\r\n\r\n&lt;p&gt; &lt;/p&gt;\r\n\r\n&lt;h3&gt;Đặc điểm Giày sandal bé gái&lt;/h3&gt;\r\n\r\n&lt;ul&gt;\r\n	&lt;li&gt;Chất liệu da mềm mại tạo sự thoải mái và nhẹ nhàng.&lt;/li&gt;\r\n	&lt;li&gt;Kiểu quai dán tiện dụng, dễ dàng tháo xỏ&lt;/li&gt;\r\n	&lt;li&gt;Thiết kế quai trước chéo tạo sức hút và nổi bật cũng như sắc sảo và tinh tế của đôi dép.&lt;/li&gt;\r\n	&lt;li&gt;Gam màu tinh tế, kiểu dáng hiện đại, dễ dàng phói với mọi loại trang phục&lt;/li&gt;\r\n	&lt;li&gt;Phù hợp cho bé đi học, đi chơi, đi dã ngoại&lt;/li&gt;\r\n&lt;/ul&gt;', '&lt;table id=&quot;table-product-detail&quot;&gt;\r\n	&lt;tbody&gt;\r\n		&lt;tr&gt;\r\n			&lt;td&gt;Thương Hiệu&lt;/td&gt;\r\n			&lt;td&gt;OEM&lt;/td&gt;\r\n		&lt;/tr&gt;\r\n		&lt;tr&gt;\r\n			&lt;td&gt;Sản Xuất&lt;/td&gt;\r\n			&lt;td&gt;Trung Quốc&lt;/td&gt;\r\n		&lt;/tr&gt;\r\n		&lt;tr&gt;\r\n			&lt;td&gt;Chất Liệu&lt;/td&gt;\r\n			&lt;td&gt;Da và PU&lt;/td&gt;\r\n		&lt;/tr&gt;\r\n		&lt;tr&gt;\r\n			&lt;td&gt;Màu Sắc&lt;/td&gt;\r\n			&lt;td&gt;Trắng&lt;/td&gt;\r\n		&lt;/tr&gt;\r\n		&lt;tr&gt;\r\n			&lt;td&gt;Size&lt;/td&gt;\r\n			&lt;td&gt; &lt;/td&gt;\r\n		&lt;/tr&gt;\r\n	&lt;/tbody&gt;\r\n&lt;/table&gt;', '', '', '', '', '', ''),
(155, 2, 'Sandals công chúa bạch kim', '&lt;p&gt;&lt;strong&gt;Giày Sandal bé gái &lt;/strong&gt;quai dán được làm từ chất liệu da mềm mại, thoáng mát. Kiểu dáng đơn giản nhưng không kém phần hiện đại làm tôn lên sự sang trọng và dịu dàng, nữ tính của các bé. &lt;strong&gt;Giày sandal&lt;/strong&gt; thiết kế quai trước chéo tạo sức hút và nổi bật cũng như sắc sảo và tinh tế của đôi dép. Sandal bé gái với đường may chắc chắn, kiểu dán tiện dụng sẽ là một trong những lựa chọn hàng đầu của các ba mẹ tìm mua dép sandal cho bé gái độ tuổi mầm non và tiểu học. &lt;/p&gt;\r\n\r\n&lt;p&gt; &lt;/p&gt;\r\n\r\n&lt;h3&gt;Đặc điểm Giày sandal bé gái&lt;/h3&gt;\r\n\r\n&lt;ul&gt;\r\n	&lt;li&gt;Chất liệu da mềm mại tạo sự thoải mái và nhẹ nhàng.&lt;/li&gt;\r\n	&lt;li&gt;Kiểu quai dán tiện dụng, dễ dàng tháo xỏ&lt;/li&gt;\r\n	&lt;li&gt;Thiết kế quai trước chéo tạo sức hút và nổi bật cũng như sắc sảo và tinh tế của đôi dép.&lt;/li&gt;\r\n	&lt;li&gt;Gam màu tinh tế, kiểu dáng hiện đại, dễ dàng phói với mọi loại trang phục&lt;/li&gt;\r\n	&lt;li&gt;Phù hợp cho bé đi học, đi chơi, đi dã ngoại&lt;/li&gt;\r\n&lt;/ul&gt;', '&lt;table id=&quot;table-product-detail&quot;&gt;\r\n	&lt;tbody&gt;\r\n		&lt;tr&gt;\r\n			&lt;td&gt;Thương Hiệu&lt;/td&gt;\r\n			&lt;td&gt;OEM&lt;/td&gt;\r\n		&lt;/tr&gt;\r\n		&lt;tr&gt;\r\n			&lt;td&gt;Sản Xuất&lt;/td&gt;\r\n			&lt;td&gt;Trung Quốc&lt;/td&gt;\r\n		&lt;/tr&gt;\r\n		&lt;tr&gt;\r\n			&lt;td&gt;Chất Liệu&lt;/td&gt;\r\n			&lt;td&gt;Da và PU&lt;/td&gt;\r\n		&lt;/tr&gt;\r\n		&lt;tr&gt;\r\n			&lt;td&gt;Màu Sắc&lt;/td&gt;\r\n			&lt;td&gt;Trắng&lt;/td&gt;\r\n		&lt;/tr&gt;\r\n		&lt;tr&gt;\r\n			&lt;td&gt;Size&lt;/td&gt;\r\n			&lt;td&gt; &lt;/td&gt;\r\n		&lt;/tr&gt;\r\n	&lt;/tbody&gt;\r\n&lt;/table&gt;', '', '', '', '', '', ''),
(156, 2, 'Sandals siêu nhân', '&lt;p&gt;&lt;strong&gt;Giày Sandal bé gái &lt;/strong&gt;quai dán được làm từ chất liệu da mềm mại, thoáng mát. Kiểu dáng đơn giản nhưng không kém phần hiện đại làm tôn lên sự sang trọng và dịu dàng, nữ tính của các bé. &lt;strong&gt;Giày sandal&lt;/strong&gt; thiết kế quai trước chéo tạo sức hút và nổi bật cũng như sắc sảo và tinh tế của đôi dép. Sandal bé gái với đường may chắc chắn, kiểu dán tiện dụng sẽ là một trong những lựa chọn hàng đầu của các ba mẹ tìm mua dép sandal cho bé gái độ tuổi mầm non và tiểu học. &lt;/p&gt;\r\n\r\n&lt;p&gt; &lt;/p&gt;\r\n\r\n&lt;h3&gt;Đặc điểm Giày sandal bé gái&lt;/h3&gt;\r\n\r\n&lt;ul&gt;\r\n	&lt;li&gt;Chất liệu da mềm mại tạo sự thoải mái và nhẹ nhàng.&lt;/li&gt;\r\n	&lt;li&gt;Kiểu quai dán tiện dụng, dễ dàng tháo xỏ&lt;/li&gt;\r\n	&lt;li&gt;Thiết kế quai trước chéo tạo sức hút và nổi bật cũng như sắc sảo và tinh tế của đôi dép.&lt;/li&gt;\r\n	&lt;li&gt;Gam màu tinh tế, kiểu dáng hiện đại, dễ dàng phói với mọi loại trang phục&lt;/li&gt;\r\n	&lt;li&gt;Phù hợp cho bé đi học, đi chơi, đi dã ngoại&lt;/li&gt;\r\n&lt;/ul&gt;', '&lt;table id=&quot;table-product-detail&quot;&gt;\r\n	&lt;tbody&gt;\r\n		&lt;tr&gt;\r\n		&lt;/tr&gt;\r\n		&lt;tr&gt;\r\n			&lt;td&gt;Thương Hiệu&lt;/td&gt;\r\n			&lt;td&gt;OEM&lt;/td&gt;\r\n		&lt;/tr&gt;\r\n		&lt;tr&gt;\r\n			&lt;td&gt;Sản Xuất&lt;/td&gt;\r\n			&lt;td&gt;Trung Quốc&lt;/td&gt;\r\n		&lt;/tr&gt;\r\n		&lt;tr&gt;\r\n			&lt;td&gt;Chất Liệu&lt;/td&gt;\r\n			&lt;td&gt;Da và PU&lt;/td&gt;\r\n		&lt;/tr&gt;\r\n		&lt;tr&gt;\r\n			&lt;td&gt;Màu Sắc&lt;/td&gt;\r\n			&lt;td&gt;Trắng&lt;/td&gt;\r\n		&lt;/tr&gt;\r\n		&lt;tr&gt;\r\n			&lt;td&gt;Size&lt;/td&gt;\r\n		&lt;/tr&gt;\r\n	&lt;/tbody&gt;\r\n&lt;/table&gt;', '', '', '', '', '', ''),
(157, 2, 'Giày búp bê hồng kim sa cho bé gái', '&lt;p&gt;Giày cao gót cho bé gái GE51 được làm từ chất liệu da PU mềm mại, kiểu dáng trang nhã thời trang. Giày với độ cao gót vừa phải, mui giày tròn không quá nhọn sẽ giúp bé mang có cảm giác thoải mái trong quá trình chạy nhảy vận động. Giày cao gót cho bé gái với màu trắng tinh tế, dễ kết hợp váy công chúa, trang phục thời trang hè thu đông đi tiệc, đi chơi đều vô cùng lý tưởng. Sản phẩm với dòng size đa dạng, phù hợp cho bé gái độ tuổi từ 4 đến 15 tuổi.&lt;/p&gt;\r\n\r\n&lt;p&gt; &lt;/p&gt;\r\n\r\n&lt;ul&gt;\r\n	&lt;li&gt;Size: 28 - 38, Form rộng&lt;/li&gt;\r\n	&lt;li&gt;Màu sắc: Trắng&lt;/li&gt;\r\n	&lt;li&gt;Đế cao 4-5cm, Kiểu quai móc tiện dụng không lo chờn hoặc tuột khi mang&lt;/li&gt;\r\n	&lt;li&gt;Chất liệu da PU mềm mại, đế ép dán cao su có độ bám cao&lt;/li&gt;\r\n	&lt;li&gt;Giày phù hợp đi học, đi chơi đi tiệc hoặc các bé gái học nhảy khiêu vũ...&lt;/li&gt;\r\n&lt;/ul&gt;', '&lt;table id=&quot;table-product-detail&quot;&gt;\r\n	&lt;tbody&gt;\r\n		&lt;tr&gt;\r\n			&lt;td&gt;Thương Hiệu&lt;/td&gt;\r\n			&lt;td&gt;Lucas&lt;/td&gt;\r\n		&lt;/tr&gt;\r\n		&lt;tr&gt;\r\n			&lt;td&gt;Sản Xuất&lt;/td&gt;\r\n			&lt;td&gt;Trung Quốc&lt;/td&gt;\r\n		&lt;/tr&gt;\r\n		&lt;tr&gt;\r\n			&lt;td&gt;Chất Liệu&lt;/td&gt;\r\n			&lt;td&gt;Da và PU&lt;/td&gt;\r\n		&lt;/tr&gt;\r\n		&lt;tr&gt;\r\n			&lt;td&gt;Màu Sắc&lt;/td&gt;\r\n			&lt;td&gt;Trắng&lt;/td&gt;\r\n		&lt;/tr&gt;\r\n		&lt;tr&gt;\r\n			&lt;td&gt;Size&lt;/td&gt;\r\n		&lt;/tr&gt;\r\n	&lt;/tbody&gt;\r\n&lt;/table&gt;', '', '', '', '', '', ''),
(158, 2, 'Giày búp bê Elsa cho bé gái', '&lt;p&gt;Giày cao gót cho bé gái GE51 được làm từ chất liệu da PU mềm mại, kiểu dáng trang nhã thời trang. Giày với độ cao gót vừa phải, mui giày tròn không quá nhọn sẽ giúp bé mang có cảm giác thoải mái trong quá trình chạy nhảy vận động. Giày cao gót cho bé gái với màu trắng tinh tế, dễ kết hợp váy công chúa, trang phục thời trang hè thu đông đi tiệc, đi chơi đều vô cùng lý tưởng. Sản phẩm với dòng size đa dạng, phù hợp cho bé gái độ tuổi từ 4 đến 15 tuổi.&lt;/p&gt;\r\n\r\n&lt;p&gt; &lt;/p&gt;\r\n\r\n&lt;ul&gt;\r\n	&lt;li&gt;Size: 28 - 38, Form rộng&lt;/li&gt;\r\n	&lt;li&gt;Màu sắc: Trắng&lt;/li&gt;\r\n	&lt;li&gt;Đế cao 4-5cm, Kiểu quai móc tiện dụng không lo chờn hoặc tuột khi mang&lt;/li&gt;\r\n	&lt;li&gt;Chất liệu da PU mềm mại, đế ép dán cao su có độ bám cao&lt;/li&gt;\r\n	&lt;li&gt;Giày phù hợp đi học, đi chơi đi tiệc hoặc các bé gái học nhảy khiêu vũ...&lt;/li&gt;\r\n&lt;/ul&gt;', '&lt;table id=&quot;table-product-detail&quot;&gt;\r\n	&lt;tbody&gt;\r\n		&lt;tr&gt;\r\n			&lt;td&gt;Thương Hiệu&lt;/td&gt;\r\n			&lt;td&gt;Lucas&lt;/td&gt;\r\n		&lt;/tr&gt;\r\n		&lt;tr&gt;\r\n			&lt;td&gt;Sản Xuất&lt;/td&gt;\r\n			&lt;td&gt;Trung Quốc&lt;/td&gt;\r\n		&lt;/tr&gt;\r\n		&lt;tr&gt;\r\n			&lt;td&gt;Chất Liệu&lt;/td&gt;\r\n			&lt;td&gt;Da và PU&lt;/td&gt;\r\n		&lt;/tr&gt;\r\n		&lt;tr&gt;\r\n			&lt;td&gt;Màu Sắc&lt;/td&gt;\r\n			&lt;td&gt;Trắng&lt;/td&gt;\r\n		&lt;/tr&gt;\r\n	&lt;/tbody&gt;\r\n&lt;/table&gt;', '', '', '', '', '', ''),
(159, 2, 'Giày búp bê đính hoa dễ thương cho bé gái', '&lt;p&gt;Giày cao gót cho bé gái GE51 được làm từ chất liệu da PU mềm mại, kiểu dáng trang nhã thời trang. Giày với độ cao gót vừa phải, mui giày tròn không quá nhọn sẽ giúp bé mang có cảm giác thoải mái trong quá trình chạy nhảy vận động. Giày cao gót cho bé gái với màu trắng tinh tế, dễ kết hợp váy công chúa, trang phục thời trang hè thu đông đi tiệc, đi chơi đều vô cùng lý tưởng. Sản phẩm với dòng size đa dạng, phù hợp cho bé gái độ tuổi từ 4 đến 15 tuổi.&lt;/p&gt;\r\n\r\n&lt;p&gt; &lt;/p&gt;\r\n\r\n&lt;ul&gt;\r\n	&lt;li&gt;Size: 28 - 38, Form rộng&lt;/li&gt;\r\n	&lt;li&gt;Màu sắc: Trắng&lt;/li&gt;\r\n	&lt;li&gt;Đế cao 4-5cm, Kiểu quai móc tiện dụng không lo chờn hoặc tuột khi mang&lt;/li&gt;\r\n	&lt;li&gt;Chất liệu da PU mềm mại, đế ép dán cao su có độ bám cao&lt;/li&gt;\r\n	&lt;li&gt;Giày phù hợp đi học, đi chơi đi tiệc hoặc các bé gái học nhảy khiêu vũ...&lt;/li&gt;\r\n&lt;/ul&gt;', '&lt;table id=&quot;table-product-detail&quot;&gt;\r\n	&lt;tbody&gt;\r\n		&lt;tr&gt;\r\n			&lt;td&gt;Thương Hiệu&lt;/td&gt;\r\n			&lt;td&gt;Lucas&lt;/td&gt;\r\n		&lt;/tr&gt;\r\n		&lt;tr&gt;\r\n			&lt;td&gt;Sản Xuất&lt;/td&gt;\r\n			&lt;td&gt;Trung Quốc&lt;/td&gt;\r\n		&lt;/tr&gt;\r\n		&lt;tr&gt;\r\n			&lt;td&gt;Chất Liệu&lt;/td&gt;\r\n			&lt;td&gt;Da và PU&lt;/td&gt;\r\n		&lt;/tr&gt;\r\n		&lt;tr&gt;\r\n			&lt;td&gt;Màu Sắc&lt;/td&gt;\r\n			&lt;td&gt;Trắng&lt;/td&gt;\r\n		&lt;/tr&gt;\r\n	&lt;/tbody&gt;\r\n&lt;/table&gt;', '', '', '', '', '', ''),
(160, 2, 'Giày búp bê công chúa bạch kim cho bé gái', '', '', '', '', '', '', '', '');

-- oc_product_image PRIMARY KEY (`product_image_id`)
INSERT IGNORE INTO `oc_product_image` (`product_image_id`, `product_id`, `image`, `image_alt`, `sort_order`) VALUES
(143, 132, 'https://2.pik.vn/2020cfe47439-0276-47db-bfb9-a20d313dc253.jpg', '', 0),
(144, 132, 'https://2.pik.vn/202041f5d647-dc68-42fc-8d5c-ff7c145de0bd.jpg', '', 1),
(145, 133, 'https://2.pik.vn/2020fc8f7491-41e9-4a46-b4d9-91dc740e0c2c.jpg', '', 0),
(146, 133, 'https://2.pik.vn/202033fde486-604e-4b5c-a4d7-4e0eb970e34b.jpg', '', 1),
(147, 133, 'https://2.pik.vn/202030ef6d2e-19c5-49ea-8b43-510c87e14525.jpg', '', 2),
(148, 134, 'https://2.pik.vn/20207168aa2d-03f6-4e6e-8749-c8e604328598.jpg', '', 0),
(149, 134, 'https://2.pik.vn/20205ca64748-6b68-4015-9ab0-0927b212cd8d.jpg', '', 1),
(150, 135, 'https://2.pik.vn/2020d29e60e2-d000-46cc-a50e-5107ca74d338.jpg', '', 0),
(151, 135, 'https://2.pik.vn/202063857d6e-284a-4b51-ae80-b59ad35dfca5.jpg', '', 1),
(152, 136, 'https://2.pik.vn/2020cef92f8c-750f-400c-89c9-cc67dd089267.jpg', '', 0),
(153, 137, 'https://2.pik.vn/2020705615b2-a059-4e04-a9f0-e99ccabbcd74.jpg', '', 0),
(154, 137, 'https://2.pik.vn/20202f61b703-d26e-4808-bc55-458e3f2a8c68.jpg', '', 1),
(155, 137, 'https://2.pik.vn/2020857d8fe2-8bb8-4b97-b611-b58855f6ad0c.jpg', '', 2),
(156, 138, 'https://2.pik.vn/2020a885f3a2-7a39-4636-9e52-48cfe5d1a2b3.jpghttps://2.pik.vn/20204865afb0-e2ef-4123-a663-0187ca238019.jpg', '', 0),
(173, 139, 'https://2.pik.vn/2020f52ddc86-e51d-4d55-95cb-381955b341c3.jpg', '', 0),
(174, 139, 'https://2.pik.vn/202036bc120a-d6e1-46be-88ab-04e8ded6d7d4.jpg', '', 1),
(159, 140, 'https://2.pik.vn/2020451a3319-9873-46a1-aa92-afa9e9831995.jpg', '', 0),
(160, 140, 'https://2.pik.vn/20206d06ed8d-db1d-4f02-b1f2-d07a22d5bdee.jpg', '', 1);

-- oc_product_to_category PRIMARY KEY (`product_id`,`category_id`)
-- nothing to insert

-- oc_product_to_store PRIMARY KEY (`product_id`,`store_id`)
INSERT IGNORE INTO `oc_product_to_store` (`product_id`, `store_id`, `product_version_id`, `quantity`, `cost_price`) VALUES
(134, 0, 28, 60, '0.0000'),
(134, 0, 27, 60, '0.0000'),
(134, 0, 26, 60, '0.0000'),
(134, 0, 25, 60, '0.0000'),
(133, 0, 24, 35, '0.0000'),
(133, 0, 23, 35, '0.0000'),
(133, 0, 22, 35, '0.0000'),
(133, 0, 21, 35, '0.0000'),
(133, 0, 20, 35, '0.0000'),
(133, 0, 19, 35, '0.0000'),
(133, 0, 18, 35, '0.0000'),
(133, 0, 17, 35, '0.0000'),
(133, 0, 16, 35, '0.0000'),
(133, 0, 15, 35, '0.0000'),
(133, 0, 14, 35, '0.0000'),
(133, 0, 13, 35, '0.0000'),
(132, 0, 12, 50, '0.0000'),
(132, 0, 11, 50, '0.0000'),
(132, 0, 10, 50, '0.0000'),
(132, 0, 9, 50, '0.0000'),
(132, 0, 8, 50, '0.0000'),
(132, 0, 7, 50, '0.0000'),
(132, 0, 6, 50, '0.0000'),
(132, 0, 5, 50, '0.0000'),
(132, 0, 4, 50, '0.0000'),
(132, 0, 3, 50, '0.0000'),
(132, 0, 2, 50, '0.0000'),
(132, 0, 1, 50, '0.0000'),
(134, 0, 29, 60, '0.0000'),
(134, 0, 30, 60, '0.0000'),
(134, 0, 31, 60, '0.0000'),
(134, 0, 32, 60, '0.0000'),
(134, 0, 33, 60, '0.0000'),
(134, 0, 34, 60, '0.0000'),
(134, 0, 35, 60, '0.0000'),
(134, 0, 36, 60, '0.0000'),
(135, 0, 37, 50, '0.0000'),
(135, 0, 38, 50, '0.0000'),
(135, 0, 39, 50, '0.0000'),
(135, 0, 40, 50, '0.0000'),
(135, 0, 41, 50, '0.0000'),
(135, 0, 42, 50, '0.0000'),
(135, 0, 43, 50, '0.0000'),
(135, 0, 44, 50, '0.0000'),
(135, 0, 45, 50, '0.0000'),
(135, 0, 46, 50, '0.0000'),
(135, 0, 47, 50, '0.0000'),
(135, 0, 48, 50, '0.0000'),
(136, 0, 49, 20, '0.0000'),
(136, 0, 50, 20, '0.0000'),
(136, 0, 51, 20, '0.0000'),
(136, 0, 52, 20, '0.0000'),
(136, 0, 53, 20, '0.0000'),
(136, 0, 54, 20, '0.0000'),
(136, 0, 55, 20, '0.0000'),
(136, 0, 56, 20, '0.0000'),
(136, 0, 57, 20, '0.0000'),
(136, 0, 58, 20, '0.0000'),
(136, 0, 59, 20, '0.0000'),
(136, 0, 60, 20, '0.0000'),
(137, 0, 61, 20, '0.0000'),
(137, 0, 62, 20, '0.0000'),
(137, 0, 63, 20, '0.0000'),
(137, 0, 64, 20, '0.0000'),
(137, 0, 65, 20, '0.0000'),
(137, 0, 66, 20, '0.0000'),
(137, 0, 67, 20, '0.0000'),
(137, 0, 68, 20, '0.0000'),
(137, 0, 69, 20, '0.0000'),
(137, 0, 70, 20, '0.0000'),
(137, 0, 71, 20, '0.0000'),
(137, 0, 72, 20, '0.0000'),
(138, 0, 73, 20, '0.0000'),
(140, 0, 74, 20, '0.0000'),
(140, 0, 75, 40, '0.0000'),
(140, 0, 76, 40, '0.0000'),
(140, 0, 77, 40, '0.0000'),
(140, 0, 78, 40, '0.0000'),
(140, 0, 79, 40, '0.0000'),
(140, 0, 80, 40, '0.0000'),
(140, 0, 81, 40, '0.0000'),
(140, 0, 82, 40, '0.0000'),
(140, 0, 83, 40, '0.0000'),
(140, 0, 84, 40, '0.0000'),
(140, 0, 85, 40, '0.0000'),
(140, 0, 86, 40, '0.0000'),
(141, 0, 87, 20, '0.0000'),
(141, 0, 88, 50, '0.0000'),
(141, 0, 89, 50, '0.0000'),
(141, 0, 90, 50, '0.0000'),
(141, 0, 91, 50, '0.0000'),
(141, 0, 92, 50, '0.0000'),
(141, 0, 93, 50, '0.0000'),
(141, 0, 94, 50, '0.0000'),
(141, 0, 95, 50, '0.0000'),
(141, 0, 96, 50, '0.0000'),
(141, 0, 97, 50, '0.0000'),
(141, 0, 98, 50, '0.0000'),
(141, 0, 99, 50, '0.0000'),
(142, 0, 100, 20, '0.0000'),
(142, 0, 101, 50, '0.0000'),
(143, 0, 102, 20, '0.0000'),
(143, 0, 103, 50, '0.0000'),
(143, 0, 104, 50, '0.0000'),
(143, 0, 105, 50, '0.0000'),
(143, 0, 106, 50, '0.0000'),
(143, 0, 107, 50, '0.0000'),
(143, 0, 108, 50, '0.0000'),
(143, 0, 109, 50, '0.0000'),
(143, 0, 110, 50, '0.0000'),
(143, 0, 111, 50, '0.0000'),
(143, 0, 112, 50, '0.0000'),
(143, 0, 113, 50, '0.0000'),
(143, 0, 114, 50, '0.0000'),
(143, 0, 115, 50, '0.0000'),
(139, 0, 182, 10, '0.0000'),
(139, 0, 181, 10, '0.0000'),
(139, 0, 180, 10, '0.0000'),
(139, 0, 179, 10, '0.0000'),
(139, 0, 178, 10, '0.0000'),
(139, 0, 177, 10, '0.0000'),
(139, 0, 176, 10, '0.0000'),
(145, 0, 123, 20, '0.0000'),
(145, 0, 124, 50, '0.0000'),
(145, 0, 125, 25, '0.0000'),
(145, 0, 126, 25, '0.0000'),
(145, 0, 127, 25, '0.0000'),
(145, 0, 128, 25, '0.0000'),
(145, 0, 129, 25, '0.0000'),
(146, 0, 130, 20, '0.0000'),
(146, 0, 131, 50, '0.0000'),
(146, 0, 132, 25, '0.0000'),
(147, 0, 133, 20, '0.0000'),
(147, 0, 134, 50, '0.0000'),
(147, 0, 135, 25, '0.0000'),
(147, 0, 136, 25, '0.0000'),
(148, 0, 137, 20, '0.0000'),
(148, 0, 138, 50, '0.0000'),
(148, 0, 139, 25, '0.0000'),
(148, 0, 140, 25, '0.0000'),
(148, 0, 141, 25, '0.0000'),
(148, 0, 142, 25, '0.0000'),
(148, 0, 143, 25, '0.0000'),
(148, 0, 144, 25, '0.0000'),
(148, 0, 145, 25, '0.0000'),
(149, 0, 146, 20, '0.0000'),
(149, 0, 147, 50, '0.0000'),
(149, 0, 148, 25, '0.0000'),
(149, 0, 149, 25, '0.0000'),
(149, 0, 150, 25, '0.0000'),
(149, 0, 151, 25, '0.0000'),
(149, 0, 152, 25, '0.0000'),
(149, 0, 153, 25, '0.0000'),
(149, 0, 154, 25, '0.0000'),
(150, 0, 155, 50, '0.0000'),
(150, 0, 156, 25, '0.0000'),
(150, 0, 157, 25, '0.0000'),
(150, 0, 158, 25, '0.0000'),
(150, 0, 159, 25, '0.0000'),
(150, 0, 160, 25, '0.0000'),
(150, 0, 161, 25, '0.0000'),
(150, 0, 162, 25, '0.0000'),
(151, 0, 163, 50, '0.0000'),
(151, 0, 164, 25, '0.0000'),
(151, 0, 165, 25, '0.0000'),
(151, 0, 166, 25, '0.0000'),
(151, 0, 167, 25, '0.0000'),
(151, 0, 168, 25, '0.0000'),
(151, 0, 169, 25, '0.0000'),
(152, 0, 170, 50, '0.0000'),
(152, 0, 171, 25, '0.0000'),
(152, 0, 172, 25, '0.0000'),
(152, 0, 173, 25, '0.0000'),
(152, 0, 174, 25, '0.0000'),
(152, 0, 175, 25, '0.0000'),
(139, 0, 183, 10, '0.0000'),
(139, 0, 184, 10, '0.0000'),
(139, 0, 185, 10, '0.0000'),
(139, 0, 186, 10, '0.0000'),
(139, 0, 187, 10, '0.0000'),
(153, 0, 188, 10, '0.0000'),
(153, 0, 189, 10, '0.0000'),
(153, 0, 190, 10, '0.0000'),
(153, 0, 191, 10, '0.0000'),
(153, 0, 192, 10, '0.0000'),
(153, 0, 193, 10, '0.0000'),
(153, 0, 194, 10, '0.0000'),
(154, 0, 198, 10, '0.0000'),
(154, 0, 197, 10, '0.0000'),
(154, 0, 196, 10, '0.0000'),
(154, 0, 195, 10, '0.0000'),
(155, 0, 199, 10, '0.0000'),
(155, 0, 200, 10, '0.0000'),
(155, 0, 201, 10, '0.0000'),
(156, 0, 202, 10, '0.0000'),
(156, 0, 203, 10, '0.0000'),
(157, 0, 204, 10, '0.0000'),
(157, 0, 205, 10, '0.0000'),
(158, 0, 206, 24, '0.0000'),
(158, 0, 207, 24, '0.0000'),
(159, 0, 0, 20, '0.0000'),
(160, 0, 208, 10, '0.0000'),
(160, 0, 209, 10, '0.0000');