-- oc_blog PRIMARY KEY (`blog_id`)
DELETE FROM `oc_blog`;
INSERT IGNORE INTO `oc_blog` (`blog_id`, `author`, `status`, `demo`, `source`, `date_publish`, `date_added`, `date_modified`) VALUES
(1, 1, 1, 1, NULL, '2020-06-10 11:51:00', '2020-06-10 11:51:00', '2021-12-06 15:49:20'),
(2, 1, 1, 1, NULL, '2020-06-10 11:55:33', '2020-06-10 11:55:33', '2021-12-02 15:03:39'),
(3, 1, 1, 1, NULL, '2020-06-10 12:05:27', '2020-06-10 12:05:27', '2021-12-06 15:12:23'),
(4, 1, 1, 1, NULL, '2021-11-08 16:06:45', '2021-11-08 16:06:45', '2021-12-02 16:51:35'),
(5, 1, 1, 1, NULL, '2021-11-08 16:07:22', '2021-11-08 16:07:22', '2021-12-02 15:18:40'),
(6, 1, 1, 1, NULL, '2021-11-08 16:07:52', '2021-11-08 16:07:52', '2021-12-02 15:18:38'),
(7, 1, 1, 1, NULL, '2021-11-08 16:08:09', '2021-11-08 16:08:09', '2021-12-02 15:18:08'),
(8, 1, 1, 1, NULL, '2021-11-08 16:08:24', '2021-11-08 16:08:24', '2021-12-04 11:18:23'),
(9, 1, 1, 1, NULL, '2021-11-08 16:08:46', '2021-11-08 16:08:46', '2021-12-02 15:40:27'),
(10, 1, 1, 1, NULL, '2021-11-08 16:09:14', '2021-11-08 16:09:14', '2021-12-02 15:17:28'),
(11, 1, 1, 1, NULL, '2021-11-08 16:09:46', '2021-11-08 16:09:46', '2021-12-02 15:40:26'),
(12, 1, 1, 1, NULL, '2021-11-08 16:12:42', '2021-11-08 16:12:42', '2021-12-06 15:16:46'),
(13, 1, 1, 1, NULL, '2021-11-08 16:16:50', '2021-11-08 16:16:50', '2021-12-02 14:56:19'),
(14, 1, 1, 1, NULL, '2021-11-08 16:17:21', '2021-11-08 16:17:21', '2021-12-02 14:57:21'),
(15, 1, 1, 1, NULL, '2021-12-02 14:59:22', '2021-12-02 14:59:22', '2021-12-02 16:50:42'),
(16, 1, 1, 1, NULL, '2021-12-02 15:00:11', '2021-12-02 15:00:11', '2021-12-06 15:28:02'),
(17, 1, 1, 1, NULL, '2021-12-02 15:06:19', '2021-12-02 15:06:19', '2021-12-06 15:15:34'),
(18, 1, 1, 1, NULL, '2021-12-02 15:06:56', '2021-12-02 15:06:56', '2021-12-06 15:16:12'),
(19, 1, 1, 1, NULL, '2021-12-02 15:07:40', '2021-12-02 15:07:40', '2021-12-02 16:51:43'),
(20, 1, 1, 1, NULL, '2021-12-02 15:08:20', '2021-12-02 15:08:20', '2021-12-06 15:16:07'),
(21, 1, 1, 1, NULL, '2021-12-02 15:08:51', '2021-12-02 15:08:51', '2021-12-06 15:15:54');

-- oc_blog_category PRIMARY KEY (`blog_category_id`)
DELETE FROM `oc_blog_category`;
INSERT IGNORE INTO `oc_blog_category` (`blog_category_id`, `status`, `source`, `date_added`, `date_modified`) VALUES
(1, 1, NULL, '2019-11-11 13:37:51', '2021-11-08 16:14:33'),
(2, 1, NULL, '2021-11-08 16:02:38', '2021-11-08 16:02:38'),
(3, 1, NULL, '2021-11-08 16:05:57', '2021-11-08 16:05:57'),
(4, 1, NULL, '2021-11-08 16:14:45', '2021-11-08 16:14:45'),
(5, 1, NULL, '2021-12-01 13:29:00', '2021-12-01 13:29:00'),
(6, 1, NULL, '2021-12-02 11:32:33', '2021-12-02 11:32:33');

DELETE FROM `oc_blog_category_description`;
-- oc_blog_category_description PRIMARY KEY (`blog_category_id`,`language_id`)
INSERT IGNORE INTO `oc_blog_category_description` (`blog_category_id`, `language_id`, `title`, `meta_title`, `meta_description`, `alias`) VALUES
(1, 1, 'Mặc định (Uncategorized)', 'Mặc định (Uncategorized)', 'Mặc định (Uncategorized)', 'danh-muc-mac-dinh-uncategorized'),
(1, 2, 'Tin tức Đại lý', 'Mặc định (Uncategorized)', 'Mặc định (Uncategorized)', 'danh-muc-mac-dinh-uncategorized'),
(2, 2, 'thành tích và giải thưởng', '', '', 'thanh-tich-va-giai-thuong'),
(3, 2, 'projects', '', '', 'projects'),
(4, 2, 'Khuyến mại', '', '', 'khuyen-mai'),
(5, 2, 'tin nổi bật', '', '', 'tin-noi-bat'),
(6, 2, 'giới thiệu', '', '', 'gioi-thieu-1');

-- oc_blog_description PRIMARY KEY (`blog_id`,`language_id`)
DELETE FROM `oc_blog_description`;
INSERT IGNORE INTO `oc_blog_description` (`blog_id`, `language_id`, `title`, `content`, `short_content`, `image`, `meta_title`, `meta_description`, `seo_keywords`, `alias`, `alt`, `type`, `video_url`, `source_author_name`) VALUES
(1, 2, 'Thành lập từ năm 2003, Tập đoàn Austdoor sở hữu các thương hiệu nổi tiếng trong ngành cửa và vật liệu xây dựng như cửa cuốn AUSTDOOR', '&lt;div class=&quot;page-content&quot;&gt;\r\n&lt;section class=&quot;mb-lg-40 mb-10 mt-20&quot;&gt;\r\n&lt;h1 class=&quot;page-title mb-lg-20 text-center text-uppercase&quot; style=&quot;\r\n    margin-bottom: 0;\r\n&quot;&gt;GIỚI THIỆU VỀ CHÚNG TÔI&lt;/h1&gt;\r\n\r\n&lt;div class=&quot;line-percent mb-lg-40&quot; style=&quot;margin-bottom: 10px;&quot;&gt;&lt;/div&gt;\r\n\r\n&lt;div class=&quot;row&quot;&gt;\r\n&lt;div class=&quot;col-lg-9 mb-lg-30 mb-20&quot;&gt;&lt;img src=&quot;https://nguyenductan.net/novaon/bestme/theme-6/img/banner-1.jpg&quot;&gt;&lt;/div&gt;\r\n\r\n&lt;div class=&quot;col-lg-3&quot;&gt;\r\n&lt;div class=&quot;row&quot;&gt;\r\n&lt;div class=&quot;col-lg-12 col-6 mb-lg-30 mb-20&quot;&gt;&lt;img src=&quot;https://nguyenductan.net/novaon/bestme/theme-6/img/banner-2.jpg&quot;&gt;&lt;/div&gt;\r\n\r\n&lt;div class=&quot;col-lg-12 col-6 mb-lg-30 mb-20&quot;&gt;&lt;img src=&quot;https://nguyenductan.net/novaon/bestme/theme-6/img/banner-3.jpg&quot;&gt;&lt;/div&gt;\r\n&lt;/div&gt;\r\n&lt;/div&gt;\r\n\r\n&lt;div class=&quot;col-lg-9 mx-auto text-secondary text-lg-center&quot; style=&quot;line-height: 30px&quot;&gt;\r\n&lt;p&gt;Năm 2003 đánh dấu sự xuất hiện của Austdoor trên thị trường Việt Nam. Trải qua gần 20 năm phát triển, Austdoor ngày càng lớn mạnh và khẳng định vị trí dẫn đầu toàn quốc trong lĩnh vực sản xuất, kinh doanh cửa cuốn chất lượng cao. Đến nay, cửa cuốn Austdoor thị phần số 1 Việt Nam, tự hào là đơn vị đầu tiên và duy nhất đạt Thương hiệu Quốc gia 2 lần liên tiếp, ghi dấu ấn thương hiệu tới 63 tỉnh thành trên cả nước và không ngừng mở rộng hoạt động tại các thị trường quốc tế. Trong suốt quá trình phát triển, Austdoor luôn khơi dậy, làm mới niềm đam mê, sự sáng tạo để chinh phục và đem lại những giá trị đỉnh cao cho cuộc sống.&lt;/p&gt;\r\n&lt;/div&gt;\r\n&lt;/div&gt;\r\n&lt;/section&gt;\r\n\r\n&lt;div class=&quot;row pt-lg-15 mb-lg-40 mt-lg-30 mb-10 mt-20&quot;&gt;\r\n&lt;div class=&quot;col-lg-6 d-flex flex-column justify-content-center&quot;&gt;\r\n&lt;h2 class=&quot;mb-lg-30 mb-15 title-left-through d-lg-block d-none&quot;&gt;TẦM NHÌN&lt;/h2&gt;\r\n\r\n&lt;div class=&quot;d-lg-none&quot;&gt;\r\n&lt;h2 class=&quot;text-center text-uppercase&quot;&gt;TẦM NHÌN&lt;/h2&gt;\r\n\r\n&lt;div class=&quot;line-percent mb-10&quot;&gt;&lt;/div&gt;\r\n&lt;/div&gt;\r\n&lt;p class=&quot;text-secondary&quot;&gt; Trở thành Nhà sản xuất &amp;amp; cung cấp các sản phẩm cửa cuốn an toàn &amp;amp; thông minh hàng đầu Đông Nam Á &lt;/p&gt;&lt;/div&gt;\r\n\r\n&lt;div class=&quot;col-lg-6&quot;&gt;\r\n&lt;p&gt;&lt;img src=&quot;https://nguyenductan.net/novaon/bestme/theme-6/img/about-1.jpg&quot; width=&quot;100%&quot;&gt;&lt;/p&gt;\r\n&lt;/div&gt;\r\n&lt;/div&gt;\r\n\r\n&lt;section class=&quot;mb-lg-40 mt-lg-30 mb-10 mt-20&quot;&gt;\r\n&lt;div class=&quot;row&quot;&gt;\r\n&lt;div class=&quot;col-lg-6 d-flex flex-column justify-content-center&quot;&gt;\r\n&lt;h2 class=&quot;mb-lg-30 mb-15 title-left-through d-lg-block d-none&quot;&gt;SỨ MỆNH&lt;/h2&gt;\r\n\r\n&lt;div class=&quot;d-lg-none&quot;&gt;\r\n&lt;h2 class=&quot;text-center text-uppercase&quot;&gt;SỨ MỆNH&lt;/h2&gt;\r\n\r\n&lt;div class=&quot;line-percent mb-10&quot;&gt;&lt;/div&gt;\r\n&lt;/div&gt;\r\n\r\n&lt;p class=&quot;style-dark text-secondary&quot;&gt;Mang các sản phẩm cửa cuốn an toàn &amp;amp; thông minh bảo vệ cho hàng triệu ngôi nhà, cùng những trải nghiệm đỉnh cao cho người dùng&lt;/p&gt;\r\n&lt;/div&gt;\r\n\r\n&lt;div class=&quot;col-lg-6&quot;&gt;\r\n&lt;p&gt;&lt;img src=&quot;https://nguyenductan.net/novaon/bestme/theme-6/img/about-2.jpg&quot; width=&quot;100%&quot;&gt;&lt;/p&gt;\r\n&lt;/div&gt;\r\n&lt;/div&gt;\r\n&lt;!--End row--&gt;&lt;/section&gt;\r\n\r\n&lt;div class=&quot;row mt-30&quot;&gt;\r\n&lt;div class=&quot;col-lg-10 mx-auto text-secondary text-center&quot; style=&quot;line-height: 30px&quot;&gt;\r\n&lt;h2 class=&quot;text-center text-uppercase&quot;&gt;NHÀ MÁY SẢN XUẤT&lt;/h2&gt;\r\n\r\n&lt;div class=&quot;line-percent mb-lg-40&quot; style=&quot;\r\n    margin-bottom: 10px;\r\n&quot;&gt;&lt;/div&gt;\r\n\r\n&lt;p&gt;&lt;img src=&quot;https://nguyenductan.net/novaon/bestme/theme-6/img/about-3.jpg&quot;&gt;&lt;/p&gt;\r\n\r\n&lt;p class=&quot;px-lg-30&quot; style=&quot;\r\n    text-align: justify;\r\n&quot;&gt;Sở hữu hệ thống nhà máy sản xuất cửa cuốn lớn nhất Việt Nam, Austdoor đảm bảo tốc độ sản xuất vượt trội và năng lực cung ứng số lượng lớn cho khách hàng trong nước và quốc tế. Hệ thống nhà máy trải dài cả ba miền Bắc - Trung - Nam cho phép Austdoor cung ứng nhanh chóng, thuận tiện cho thị trường toàn quốc, giảm chi phí vận chuyển và rút ngắn thời gian giao hàng.&lt;/p&gt;\r\n\r\n&lt;ul style=&quot;\r\n    text-align: left;\r\n    padding-left: 48px;\r\n&quot;&gt;\r\n	&lt;li&gt;NHÀ MÁY SỐ 1: AUSTDOOR HƯNG YÊN Km 7, Quốc lộ 39, TT. Yên Mỹ, Tỉnh Hưng Yên Quy mô: 30.000m2&lt;/li&gt;\r\n	&lt;li&gt;NHÀ MÁY SỐ 2: AUSTDOOR NGHỆ AN Lô 14, KCN Nghi Phú,TP. Vinh, Nghệ An Quy mô: 5.000m2&lt;/li&gt;\r\n	&lt;li&gt;NHÀ MÁY SỐ 3: AUSTDOOR NHƠN TRẠCH Đường số 3, KCN Nhơn Trạch 1, Phước Thiền, Nhơn Trạch, Đồng Nai Quy mô: 17.000m&lt;/li&gt;\r\n&lt;/ul&gt;\r\n&lt;/div&gt;\r\n&lt;/div&gt;\r\n&lt;/div&gt;', '&lt;p&gt;Năm 2003 đánh dấu sự xuất hiện của Austdoor trên thị trường Việt Nam. Trải qua gần 20 năm phát triển, Austdoor ngày càng lớn mạnh và khẳng định vị trí dẫn đầu toàn quốc trong lĩnh vực sản xuất, kinh doanh cửa cuốn chất lượng cao. Đến nay, cửa cuốn Austdoor thị phần số 1 Việt Nam, tự hào là đơn vị đầu tiên và duy nhất đạt Thương hiệu Quốc gia 2 lần liên tiếp, ghi dấu ấn thương hiệu tới 63 tỉnh thành trên cả nước và không ngừng mở rộng hoạt động tại các thị trường quốc tế. Trong suốt quá trình phát triển, Austdoor luôn khơi dậy, làm mới niềm đam mê, sự sáng tạo để chinh phục và đem lại những giá trị đỉnh cao cho cuộc sống.&lt;/p&gt;', 'https://cdn.bestme.asia/images/adgtopal55/gioithieu3_1.png', '', '', '', 'gioi-thieu', '', 'image', '', NULL),
(2, 2, 'Gợi ý 3 cách sử dụng tay điều khiển cửa cuốn bền lâu', '&lt;p&gt;Là phụ kiện không thể thiếu giúp người dùng có thể vận hành cửa cuốn nhanh chóng, thuận tiện. Thế nhưng, bạn đã biết làm sao để sử dụng tay điều khiển bền lâu chưa? Hãy cùng Austdoor lưu lại ngay 3 cách sau: &lt;/p&gt;\r\n\r\n&lt;p&gt;&lt;strong&gt;1. Tránh nơi ẩm thấp, có nhiệt độ cao &lt;/strong&gt;&lt;/p&gt;\r\n\r\n&lt;p&gt;Tay điều khiển cửa cuốn sử dụng pin để có thể hoạt động được, chính vì vậy, khi sử dụng cần tránh những nơi ẩm thấp, trũng nước và những nơi có nhiệt độ quá cao dễ gây hỏng tay điều khiển.&lt;/p&gt;\r\n\r\n&lt;p&gt;&lt;strong&gt;2. Nên thay pin mới cho tay điều khiển 12 tháng/lần&lt;/strong&gt;&lt;/p&gt;\r\n\r\n&lt;p&gt;Tay điều khiển dùng pin để vận hành, chính vì vậy, nên định kỳ thay pin cho tay điều khiển để hoạt động được trơn tru. &lt;/p&gt;\r\n\r\n&lt;p&gt;&lt;strong&gt;3. Phạm vi sử dụng hiệu quả không quá 50m tới hộp điều khiển&lt;/strong&gt;&lt;/p&gt;\r\n\r\n&lt;p&gt;Ðiều khiển từ xa chỉ sử dụng hiệu quả trong phạm vi khoảng cách &lt;= 50m tới hộp điều khiển.&lt;/p&gt;\r\n\r\n&lt;p&gt;Lưu ý:&lt;/p&gt;\r\n\r\n&lt;p&gt;- Các vật cản như tường bê tông, vách thạch cao hay vách ngăn nhựa… cũng làm giảm hiệu quả sử dụng của điều khiển từ xa.&lt;/p&gt;\r\n\r\n&lt;p&gt;- Luôn để ăng ten trên hộp điểu khiển (dây điện màu nâu trên hộp điều khiển) hướng chếch ra ngoài để đón sóng của điều khiển từ xa.&lt;/p&gt;\r\n\r\n&lt;p&gt;- Dây ăng ten nên được để dưới dạng xoắn nhằm đảm bảo chất lượng bắt sóng tốt nhất.&lt;/p&gt;\r\n\r\n&lt;p&gt;- Tuyệt đối không được để dây ăng ten bị đứt hoặc bám bẩn bởi hồ, vữa, bụi…&lt;/p&gt;\r\n\r\n&lt;p&gt;Tay điều khiển cửa cuốn nhà bạn vẫn dùng tốt chứ và bao lâu rồi chưa được bảo dưỡng? Kiểm tra ngay và nếu có câu hỏi nào hãy nói cho Austdoor biết nhé!&lt;/p&gt;\r\n\r\n&lt;p&gt;Và hãy nhớ, Austdoor - cửa cuốn an toàn và thông minh là lựa chọn an tâm cho gia đình.&lt;/p&gt;\r\n\r\n&lt;p&gt;Mọi thắc mắc về sản phẩm, Quý Khách hàng vui lòng liên hệ:&lt;/p&gt;\r\n\r\n&lt;p&gt;- Hotline: 1900 6828&lt;/p&gt;\r\n\r\n&lt;p&gt;- Website: &lt;a href=&quot;https://l.facebook.com/l.php?u=http%3A%2F%2Faustdoor.com%2F%3Ffbclid%3DIwAR3I9Iyf_B6sHXgjPrEguFWBvoUy93HmDOTOFXSzy8B7OYa0fqtt8MybdBI&amp;amp;h=AT0wLmRG_PsqAuOmSZaLbp0m3HFV4AGrMVE1ERsERhTeqS6fz7ffXoA-3Ot1ipdJRi0ExXYtbCN4nxJowuzzF-_kXAK3-t7xhD4vUQR7OL9s0hTU-PRVqb99AFavAKiXV4FM&amp;amp;__tn__=-UK-R&amp;amp;c%5b0%5d=AT26pM4GYsoR9W3ME_0NSSx2WvhJ7NcaNujRJYbYqk_nvYiZ0yzu1clV_N7Z9jY_aBDtZK7VdjpghOCOgsPY2rWvu-6WrYvAaU5RiVg_sVQlOPiNEvmtQFqSOaxuJWwH3xGix5Mf3fnU0zeRYcA1R4Z9IRUgN3ffiuxKHC4Jr7a_4jN2IC66Uwz0RPC9b7uDABjkk5Tr&quot; target=&quot;_blank&quot;&gt;austdoor.com&lt;/a&gt;&lt;/p&gt;\r\n\r\n&lt;p&gt;- Youtube: &lt;a href=&quot;https://www.youtube.com/cuacuonaustdoor?fbclid=IwAR3E0deQvQ-vpEUk8Tdl0OgzjNHaj75tX1wG0DVCnCR33Sz5hrTTvnGkeuY&quot; target=&quot;_blank&quot;&gt;https://www.youtube.com/cuacuonaustdoor&lt;/a&gt;&lt;/p&gt;\r\n\r\n&lt;p&gt;- Fanpage: &lt;a href=&quot;https://www.facebook.com/austdoorofficial&quot;&gt;https://www.facebook.com/austdoorofficial&lt;/a&gt;&lt;/p&gt;\r\n\r\n&lt;p&gt;AUSTDOOR - CỬA CUỐN AN TOÀN &amp; THÔNG MINH HÀNG ĐẦU VIỆT NAM!&lt;/p&gt;', '&lt;p&gt;Là phụ kiện không thể thiếu giúp người dùng có thể vận hành cửa cuốn nhanh chóng, thuận tiện. Thế nhưng, bạn đã biết làm sao để sử dụng tay điều khiển bền lâu chưa? Hãy cùng Austdoor lưu lại ngay 3 cách sau&lt;/p&gt;', 'https://cdn.bestme.asia/images/adgtopal55/tintuc12.jpg', '', '', '', 'goi-y-3-cach-su-dung-tay-dieu-khien-cua-cuon-ben-lau', '', 'image', '', NULL),
(4, 2, 'Chuỗi Dự án Vinhome trên toàn quốc (4000 bộ) Cửa cuốn Nan nhôm, Cửa cuốn thép Chống cháy', '&lt;div class=&quot;container&quot;&gt;\r\n&lt;div class=&quot;project-content py-3 mb-4&quot;&gt;\r\n&lt;p&gt;&lt;img src=&quot;https://cdn.bestme.asia/images/adgtopalprima/1_AcsfwoB.png&quot; style=&quot;max-width: 100%;&quot; /&gt;&lt;/p&gt;\r\n\r\n&lt;p&gt;Vừa qua, Phú Gia An vinh dự khi là đối tác trong mảng thi công lắp đặt cửa nhôm kính cho toàn bộ hệ thống khu nghỉ dưỡng Phú Minh Gia tại Nghi Xuân – Hà Tĩnh. Chúng tôi luôn tự tin mang lại sự hài lòng cho mọi khách hàng từ sản phẩm cho đến dịch vụ của mình.&lt;/p&gt;\r\n\r\n&lt;p&gt;Khu nghỉ dưỡng Phú Minh Gia tại Nghi Xuân – Hà Tĩnh vừa chính thức đi vào hoạt động những ngày qua, đây chính là một trong những đối tác quan trọng mà Phú Gia An hợp tác trong hạng mục thi công lắp đặt cửa nhôm kính. Toàn bộ hệ thống khu nghỉ dưỡng đều sử dụng các sản phẩm cửa nhôm kính do Phú Gia An cung cấp.&lt;/p&gt;\r\n\r\n&lt;p&gt;Khu nghỉ dưỡng Phú Minh Gia bao gồm 2 toà nhà chính với mật độ xây dựng cửa nhôm kính lên tới 75%. Cùng tham khảo một số hình ảnh đã hoàn thiện của công trình này dưới đây:&lt;/p&gt;\r\n\r\n&lt;div class=&quot;row&quot;&gt;\r\n&lt;div class=&quot;col-lg-6&quot;&gt;\r\n&lt;p&gt;&lt;img src=&quot;https://cdn.bestme.asia/images/adgtopalprima/2_Rk3ffU4.png&quot; /&gt;&lt;/p&gt;\r\n&lt;/div&gt;\r\n\r\n&lt;div class=&quot;col&quot;&gt;\r\n&lt;p&gt;&lt;img src=&quot;https://cdn.bestme.asia/images/adgtopalprima/3_SCVHjaX.png&quot; /&gt;&lt;/p&gt;\r\n&lt;/div&gt;\r\n&lt;/div&gt;\r\n\r\n&lt;p&gt;Sự hợp tác giữa Phú Gia An và khu nghỉ dưỡng Phú Minh Gia là minh chứng cho sự tin tưởng mà khách hàng đã đặt trọn cho chúng tôi. Không chỉ là đơn vị thi công lắp đặt cửa nhôm tại Nghệ An chuyên nghiệp và uy tín nhất hiện nay mà Phú Gia An còn là sự lựa chọn của rất nhiều khách hàng ở các vùng lân cận và khắp cả nước.&lt;/p&gt;\r\n\r\n&lt;p&gt;Với bề dày kinh nghiệm về sản xuất và thi công các hạng mục cửa nhôm kính, cửa cuốn, cửa nhựa lõi thép,… chất lượng cao tại khu vực Bắc Miền Trung, chúng tôi tự tin mang lại sự hài lòng cho mọi khách hàng từ chất lượng sản phẩm đến chất lượng dịch vụ.&lt;/p&gt;\r\n\r\n&lt;p class=&quot;text-center&quot;&gt;&lt;img src=&quot;https://cdn.bestme.asia/images/adgtopalprima/4_rCSW4ec.png&quot; /&gt;&lt;/p&gt;\r\n\r\n&lt;p&gt;Sự hợp tác giữa Phú Gia An và khu nghỉ dưỡng Phú Minh Gia là minh chứng cho sự tin tưởng mà khách hàng đã đặt trọn cho chúng tôi. Không chỉ là đơn vị thi công lắp đặt cửa nhôm tại Nghệ An chuyên nghiệp và uy tín nhất hiện nay mà Phú Gia An còn là sự lựa chọn của rất nhiều khách hàng ở các vùng lân cận và khắp cả nước.&lt;/p&gt;\r\n\r\n&lt;p&gt;Với bề dày kinh nghiệm về sản xuất và thi công các hạng mục cửa nhôm kính, cửa cuốn, cửa nhựa lõi thép,… chất lượng cao tại khu vực Bắc Miền Trung, chúng tôi tự tin mang lại sự hài lòng cho mọi khách hàng từ chất lượng sản phẩm đến chất lượng dịch vụ.&lt;/p&gt;\r\n&lt;/div&gt;\r\n&lt;!-- End project content --&gt;&lt;/div&gt;', '&lt;p&gt;Mừng sinh nhật lần thứ 3 nhôm Topal - Những dấu mốc đáng nhớ&lt;/p&gt;', 'https://cdn.bestme.asia/images/adgtopal55/du-an-1.jpg', '', '', '', 'chuoi-du-an-vinhome-tren-toan-quoc-4000-bo-cua-cuon-nan-nhom-cua-cuon-thep-chong-chay', '', 'image', '', NULL),
(5, 2, 'Indochina Plaza - Hà Nội Cửa cuốn Nan nhôm, Cửa cuốn Trong suốt', '&lt;div class=&quot;container&quot;&gt;\r\n&lt;div class=&quot;project-content py-3 mb-4&quot;&gt;\r\n&lt;p&gt;&lt;img src=&quot;https://cdn.bestme.asia/images/adgtopalprima/1_AcsfwoB.png&quot; style=&quot;max-width: 100%;&quot; /&gt;&lt;/p&gt;\r\n\r\n&lt;p&gt;Vừa qua, Phú Gia An vinh dự khi là đối tác trong mảng thi công lắp đặt cửa nhôm kính cho toàn bộ hệ thống khu nghỉ dưỡng Phú Minh Gia tại Nghi Xuân – Hà Tĩnh. Chúng tôi luôn tự tin mang lại sự hài lòng cho mọi khách hàng từ sản phẩm cho đến dịch vụ của mình.&lt;/p&gt;\r\n\r\n&lt;p&gt;Khu nghỉ dưỡng Phú Minh Gia tại Nghi Xuân – Hà Tĩnh vừa chính thức đi vào hoạt động những ngày qua, đây chính là một trong những đối tác quan trọng mà Phú Gia An hợp tác trong hạng mục thi công lắp đặt cửa nhôm kính. Toàn bộ hệ thống khu nghỉ dưỡng đều sử dụng các sản phẩm cửa nhôm kính do Phú Gia An cung cấp.&lt;/p&gt;\r\n\r\n&lt;p&gt;Khu nghỉ dưỡng Phú Minh Gia bao gồm 2 toà nhà chính với mật độ xây dựng cửa nhôm kính lên tới 75%. Cùng tham khảo một số hình ảnh đã hoàn thiện của công trình này dưới đây:&lt;/p&gt;\r\n\r\n&lt;div class=&quot;row&quot;&gt;\r\n&lt;div class=&quot;col-lg-6&quot;&gt;\r\n&lt;p&gt;&lt;img src=&quot;https://cdn.bestme.asia/images/adgtopalprima/2_Rk3ffU4.png&quot; /&gt;&lt;/p&gt;\r\n&lt;/div&gt;\r\n\r\n&lt;div class=&quot;col&quot;&gt;\r\n&lt;p&gt;&lt;img src=&quot;https://cdn.bestme.asia/images/adgtopalprima/3_SCVHjaX.png&quot; /&gt;&lt;/p&gt;\r\n&lt;/div&gt;\r\n&lt;/div&gt;\r\n\r\n&lt;p&gt;Sự hợp tác giữa Phú Gia An và khu nghỉ dưỡng Phú Minh Gia là minh chứng cho sự tin tưởng mà khách hàng đã đặt trọn cho chúng tôi. Không chỉ là đơn vị thi công lắp đặt cửa nhôm tại Nghệ An chuyên nghiệp và uy tín nhất hiện nay mà Phú Gia An còn là sự lựa chọn của rất nhiều khách hàng ở các vùng lân cận và khắp cả nước.&lt;/p&gt;\r\n\r\n&lt;p&gt;Với bề dày kinh nghiệm về sản xuất và thi công các hạng mục cửa nhôm kính, cửa cuốn, cửa nhựa lõi thép,… chất lượng cao tại khu vực Bắc Miền Trung, chúng tôi tự tin mang lại sự hài lòng cho mọi khách hàng từ chất lượng sản phẩm đến chất lượng dịch vụ.&lt;/p&gt;\r\n\r\n&lt;p class=&quot;text-center&quot;&gt;&lt;img src=&quot;https://cdn.bestme.asia/images/adgtopalprima/4_rCSW4ec.png&quot; /&gt;&lt;/p&gt;\r\n\r\n&lt;p&gt;Sự hợp tác giữa Phú Gia An và khu nghỉ dưỡng Phú Minh Gia là minh chứng cho sự tin tưởng mà khách hàng đã đặt trọn cho chúng tôi. Không chỉ là đơn vị thi công lắp đặt cửa nhôm tại Nghệ An chuyên nghiệp và uy tín nhất hiện nay mà Phú Gia An còn là sự lựa chọn của rất nhiều khách hàng ở các vùng lân cận và khắp cả nước.&lt;/p&gt;\r\n\r\n&lt;p&gt;Với bề dày kinh nghiệm về sản xuất và thi công các hạng mục cửa nhôm kính, cửa cuốn, cửa nhựa lõi thép,… chất lượng cao tại khu vực Bắc Miền Trung, chúng tôi tự tin mang lại sự hài lòng cho mọi khách hàng từ chất lượng sản phẩm đến chất lượng dịch vụ.&lt;/p&gt;\r\n&lt;/div&gt;\r\n&lt;!-- End project content --&gt;&lt;/div&gt;', '', 'https://cdn.bestme.asia/images/adgtopal55/du-an-6.jpg', '', '', '', 'indochina-plaza-ha-noi-cua-cuon-nan-nhom-cua-cuon-trong-suot', '', 'image', '', NULL),
(6, 2, 'Nhà máy Duy Tân - Long An Cửa cuốn Nan nhôm, cửa nhôm Topal', '&lt;div class=&quot;container&quot;&gt;\r\n&lt;div class=&quot;project-content py-3 mb-4&quot;&gt;\r\n&lt;p&gt;&lt;img src=&quot;https://cdn.bestme.asia/images/adgtopalprima/1_AcsfwoB.png&quot; style=&quot;max-width: 100%;&quot; /&gt;&lt;/p&gt;\r\n\r\n&lt;p&gt;Vừa qua, Phú Gia An vinh dự khi là đối tác trong mảng thi công lắp đặt cửa nhôm kính cho toàn bộ hệ thống khu nghỉ dưỡng Phú Minh Gia tại Nghi Xuân – Hà Tĩnh. Chúng tôi luôn tự tin mang lại sự hài lòng cho mọi khách hàng từ sản phẩm cho đến dịch vụ của mình.&lt;/p&gt;\r\n\r\n&lt;p&gt;Khu nghỉ dưỡng Phú Minh Gia tại Nghi Xuân – Hà Tĩnh vừa chính thức đi vào hoạt động những ngày qua, đây chính là một trong những đối tác quan trọng mà Phú Gia An hợp tác trong hạng mục thi công lắp đặt cửa nhôm kính. Toàn bộ hệ thống khu nghỉ dưỡng đều sử dụng các sản phẩm cửa nhôm kính do Phú Gia An cung cấp.&lt;/p&gt;\r\n\r\n&lt;p&gt;Khu nghỉ dưỡng Phú Minh Gia bao gồm 2 toà nhà chính với mật độ xây dựng cửa nhôm kính lên tới 75%. Cùng tham khảo một số hình ảnh đã hoàn thiện của công trình này dưới đây:&lt;/p&gt;\r\n\r\n&lt;div class=&quot;row&quot;&gt;\r\n&lt;div class=&quot;col-lg-6&quot;&gt;\r\n&lt;p&gt;&lt;img src=&quot;https://cdn.bestme.asia/images/adgtopalprima/2_Rk3ffU4.png&quot; /&gt;&lt;/p&gt;\r\n&lt;/div&gt;\r\n\r\n&lt;div class=&quot;col&quot;&gt;\r\n&lt;p&gt;&lt;img src=&quot;https://cdn.bestme.asia/images/adgtopalprima/3_SCVHjaX.png&quot; /&gt;&lt;/p&gt;\r\n&lt;/div&gt;\r\n&lt;/div&gt;\r\n\r\n&lt;p&gt;Sự hợp tác giữa Phú Gia An và khu nghỉ dưỡng Phú Minh Gia là minh chứng cho sự tin tưởng mà khách hàng đã đặt trọn cho chúng tôi. Không chỉ là đơn vị thi công lắp đặt cửa nhôm tại Nghệ An chuyên nghiệp và uy tín nhất hiện nay mà Phú Gia An còn là sự lựa chọn của rất nhiều khách hàng ở các vùng lân cận và khắp cả nước.&lt;/p&gt;\r\n\r\n&lt;p&gt;Với bề dày kinh nghiệm về sản xuất và thi công các hạng mục cửa nhôm kính, cửa cuốn, cửa nhựa lõi thép,… chất lượng cao tại khu vực Bắc Miền Trung, chúng tôi tự tin mang lại sự hài lòng cho mọi khách hàng từ chất lượng sản phẩm đến chất lượng dịch vụ.&lt;/p&gt;\r\n\r\n&lt;p class=&quot;text-center&quot;&gt;&lt;img src=&quot;https://cdn.bestme.asia/images/adgtopalprima/4_rCSW4ec.png&quot; /&gt;&lt;/p&gt;\r\n\r\n&lt;p&gt;Sự hợp tác giữa Phú Gia An và khu nghỉ dưỡng Phú Minh Gia là minh chứng cho sự tin tưởng mà khách hàng đã đặt trọn cho chúng tôi. Không chỉ là đơn vị thi công lắp đặt cửa nhôm tại Nghệ An chuyên nghiệp và uy tín nhất hiện nay mà Phú Gia An còn là sự lựa chọn của rất nhiều khách hàng ở các vùng lân cận và khắp cả nước.&lt;/p&gt;\r\n\r\n&lt;p&gt;Với bề dày kinh nghiệm về sản xuất và thi công các hạng mục cửa nhôm kính, cửa cuốn, cửa nhựa lõi thép,… chất lượng cao tại khu vực Bắc Miền Trung, chúng tôi tự tin mang lại sự hài lòng cho mọi khách hàng từ chất lượng sản phẩm đến chất lượng dịch vụ.&lt;/p&gt;\r\n&lt;/div&gt;\r\n&lt;!-- End project content --&gt;&lt;/div&gt;', '', 'https://cdn.bestme.asia/images/adgtopal55/du-an-5.jpg', '', '', '', 'nha-may-duy-tan-long-an-cua-cuon-nan-nhom-cua-nhom-topal', '', 'image', '', NULL),
(7, 2, 'LakeSide - Đà Nẵng Cửa cuốn Nan nhôm Line-Art L120', '&lt;div class=&quot;container&quot;&gt;\r\n&lt;div class=&quot;project-content py-3 mb-4&quot;&gt;\r\n&lt;p&gt;&lt;img src=&quot;https://cdn.bestme.asia/images/adgtopalprima/1_AcsfwoB.png&quot; style=&quot;max-width: 100%;&quot; /&gt;&lt;/p&gt;\r\n\r\n&lt;p&gt;Vừa qua, Phú Gia An vinh dự khi là đối tác trong mảng thi công lắp đặt cửa nhôm kính cho toàn bộ hệ thống khu nghỉ dưỡng Phú Minh Gia tại Nghi Xuân – Hà Tĩnh. Chúng tôi luôn tự tin mang lại sự hài lòng cho mọi khách hàng từ sản phẩm cho đến dịch vụ của mình.&lt;/p&gt;\r\n\r\n&lt;p&gt;Khu nghỉ dưỡng Phú Minh Gia tại Nghi Xuân – Hà Tĩnh vừa chính thức đi vào hoạt động những ngày qua, đây chính là một trong những đối tác quan trọng mà Phú Gia An hợp tác trong hạng mục thi công lắp đặt cửa nhôm kính. Toàn bộ hệ thống khu nghỉ dưỡng đều sử dụng các sản phẩm cửa nhôm kính do Phú Gia An cung cấp.&lt;/p&gt;\r\n\r\n&lt;p&gt;Khu nghỉ dưỡng Phú Minh Gia bao gồm 2 toà nhà chính với mật độ xây dựng cửa nhôm kính lên tới 75%. Cùng tham khảo một số hình ảnh đã hoàn thiện của công trình này dưới đây:&lt;/p&gt;\r\n\r\n&lt;div class=&quot;row&quot;&gt;\r\n&lt;div class=&quot;col-lg-6&quot;&gt;\r\n&lt;p&gt;&lt;img src=&quot;https://cdn.bestme.asia/images/adgtopalprima/2_Rk3ffU4.png&quot; /&gt;&lt;/p&gt;\r\n&lt;/div&gt;\r\n\r\n&lt;div class=&quot;col&quot;&gt;\r\n&lt;p&gt;&lt;img src=&quot;https://cdn.bestme.asia/images/adgtopalprima/3_SCVHjaX.png&quot; /&gt;&lt;/p&gt;\r\n&lt;/div&gt;\r\n&lt;/div&gt;\r\n\r\n&lt;p&gt;Sự hợp tác giữa Phú Gia An và khu nghỉ dưỡng Phú Minh Gia là minh chứng cho sự tin tưởng mà khách hàng đã đặt trọn cho chúng tôi. Không chỉ là đơn vị thi công lắp đặt cửa nhôm tại Nghệ An chuyên nghiệp và uy tín nhất hiện nay mà Phú Gia An còn là sự lựa chọn của rất nhiều khách hàng ở các vùng lân cận và khắp cả nước.&lt;/p&gt;\r\n\r\n&lt;p&gt;Với bề dày kinh nghiệm về sản xuất và thi công các hạng mục cửa nhôm kính, cửa cuốn, cửa nhựa lõi thép,… chất lượng cao tại khu vực Bắc Miền Trung, chúng tôi tự tin mang lại sự hài lòng cho mọi khách hàng từ chất lượng sản phẩm đến chất lượng dịch vụ.&lt;/p&gt;\r\n\r\n&lt;p class=&quot;text-center&quot;&gt;&lt;img src=&quot;https://cdn.bestme.asia/images/adgtopalprima/4_rCSW4ec.png&quot; /&gt;&lt;/p&gt;\r\n\r\n&lt;p&gt;Sự hợp tác giữa Phú Gia An và khu nghỉ dưỡng Phú Minh Gia là minh chứng cho sự tin tưởng mà khách hàng đã đặt trọn cho chúng tôi. Không chỉ là đơn vị thi công lắp đặt cửa nhôm tại Nghệ An chuyên nghiệp và uy tín nhất hiện nay mà Phú Gia An còn là sự lựa chọn của rất nhiều khách hàng ở các vùng lân cận và khắp cả nước.&lt;/p&gt;\r\n\r\n&lt;p&gt;Với bề dày kinh nghiệm về sản xuất và thi công các hạng mục cửa nhôm kính, cửa cuốn, cửa nhựa lõi thép,… chất lượng cao tại khu vực Bắc Miền Trung, chúng tôi tự tin mang lại sự hài lòng cho mọi khách hàng từ chất lượng sản phẩm đến chất lượng dịch vụ.&lt;/p&gt;\r\n&lt;/div&gt;\r\n&lt;!-- End project content --&gt;&lt;/div&gt;', '', 'https://cdn.bestme.asia/images/adgtopal55/du-an-4.jpg', '', '', '', 'lakeside-da-nang-cua-cuon-nan-nhom-line-art-l120', '', 'image', '', NULL),
(8, 2, 'TIMBERLAND MANWAH - Bình Dương Cửa cuốn thép Chống cháy, cửa cuốn thép Siêu trường, cửa cuốn Khớp thoáng inox', '&lt;div class=&quot;container&quot;&gt;\r\n&lt;div class=&quot;project-content py-3 mb-4&quot;&gt;\r\n&lt;p&gt;&lt;img src=&quot;https://cdn.bestme.asia/images/adgtopalprima/1_AcsfwoB.png&quot; style=&quot;max-width: 100%;&quot; /&gt;&lt;/p&gt;\r\n\r\n&lt;p&gt;Vừa qua, Phú Gia An vinh dự khi là đối tác trong mảng thi công lắp đặt cửa nhôm kính cho toàn bộ hệ thống khu nghỉ dưỡng Phú Minh Gia tại Nghi Xuân – Hà Tĩnh. Chúng tôi luôn tự tin mang lại sự hài lòng cho mọi khách hàng từ sản phẩm cho đến dịch vụ của mình.&lt;/p&gt;\r\n\r\n&lt;p&gt;Khu nghỉ dưỡng Phú Minh Gia tại Nghi Xuân – Hà Tĩnh vừa chính thức đi vào hoạt động những ngày qua, đây chính là một trong những đối tác quan trọng mà Phú Gia An hợp tác trong hạng mục thi công lắp đặt cửa nhôm kính. Toàn bộ hệ thống khu nghỉ dưỡng đều sử dụng các sản phẩm cửa nhôm kính do Phú Gia An cung cấp.&lt;/p&gt;\r\n\r\n&lt;p&gt;Khu nghỉ dưỡng Phú Minh Gia bao gồm 2 toà nhà chính với mật độ xây dựng cửa nhôm kính lên tới 75%. Cùng tham khảo một số hình ảnh đã hoàn thiện của công trình này dưới đây:&lt;/p&gt;\r\n\r\n&lt;div class=&quot;row&quot;&gt;\r\n&lt;div class=&quot;col-lg-6&quot;&gt;\r\n&lt;p&gt;&lt;img src=&quot;https://cdn.bestme.asia/images/adgtopalprima/2_Rk3ffU4.png&quot; /&gt;&lt;/p&gt;\r\n&lt;/div&gt;\r\n\r\n&lt;div class=&quot;col&quot;&gt;\r\n&lt;p&gt;&lt;img src=&quot;https://cdn.bestme.asia/images/adgtopalprima/3_SCVHjaX.png&quot; /&gt;&lt;/p&gt;\r\n&lt;/div&gt;\r\n&lt;/div&gt;\r\n\r\n&lt;p&gt;Sự hợp tác giữa Phú Gia An và khu nghỉ dưỡng Phú Minh Gia là minh chứng cho sự tin tưởng mà khách hàng đã đặt trọn cho chúng tôi. Không chỉ là đơn vị thi công lắp đặt cửa nhôm tại Nghệ An chuyên nghiệp và uy tín nhất hiện nay mà Phú Gia An còn là sự lựa chọn của rất nhiều khách hàng ở các vùng lân cận và khắp cả nước.&lt;/p&gt;\r\n\r\n&lt;p&gt;Với bề dày kinh nghiệm về sản xuất và thi công các hạng mục cửa nhôm kính, cửa cuốn, cửa nhựa lõi thép,… chất lượng cao tại khu vực Bắc Miền Trung, chúng tôi tự tin mang lại sự hài lòng cho mọi khách hàng từ chất lượng sản phẩm đến chất lượng dịch vụ.&lt;/p&gt;\r\n\r\n&lt;p class=&quot;text-center&quot;&gt;&lt;img src=&quot;https://cdn.bestme.asia/images/adgtopalprima/4_rCSW4ec.png&quot; /&gt;&lt;/p&gt;\r\n\r\n&lt;p&gt;Sự hợp tác giữa Phú Gia An và khu nghỉ dưỡng Phú Minh Gia là minh chứng cho sự tin tưởng mà khách hàng đã đặt trọn cho chúng tôi. Không chỉ là đơn vị thi công lắp đặt cửa nhôm tại Nghệ An chuyên nghiệp và uy tín nhất hiện nay mà Phú Gia An còn là sự lựa chọn của rất nhiều khách hàng ở các vùng lân cận và khắp cả nước.&lt;/p&gt;\r\n\r\n&lt;p&gt;Với bề dày kinh nghiệm về sản xuất và thi công các hạng mục cửa nhôm kính, cửa cuốn, cửa nhựa lõi thép,… chất lượng cao tại khu vực Bắc Miền Trung, chúng tôi tự tin mang lại sự hài lòng cho mọi khách hàng từ chất lượng sản phẩm đến chất lượng dịch vụ.&lt;/p&gt;\r\n&lt;/div&gt;\r\n&lt;!-- End project content --&gt;&lt;/div&gt;', '', 'https://cdn.bestme.asia/images/adgtopal55/du-an-3.jpg', '', '', '', 'timberland-manwah-binh-duong-cua-cuon-thep-chong-chay-cua-cuon-thep-sieu-truong-cua-cuon-khop-thoang-inox', '', 'image', '', NULL),
(9, 2, 'Dự án thi công cửa nhôm kính cho hệ thống Vinmart', '&lt;div class=&quot;row&quot;&gt;\r\n&lt;div class=&quot;col-12 col-lg-8 news-detail news-item mx-auto my-0 my-lg-3&quot;&gt;\r\n&lt;div class=&quot;content-detail&quot;&gt;\r\n&lt;p dir=&quot;ltr&quot; style=&quot;line-height:1.295;text-align: justify;margin-top:0pt;margin-bottom:8pt;&quot;&gt;&lt;span style=&quot;color:#000000;&quot;&gt;&lt;span style=&quot;font-size:14px;&quot;&gt;&lt;span id=&quot;docs-internal-guid-605bbff0-7fff-562a-65ac-d55c6c5d8a8e&quot;&gt;&lt;span style=&quot;font-family: Arial; font-weight: 700; font-variant-numeric: normal; font-variant-east-asian: normal; vertical-align: baseline; white-space: pre-wrap;&quot;&gt;Vừa ra mắt, các sản phẩm cửa cuốn phong thủy của Austdoor đang khiến người tiêu dùng quan tâm và thích thú tìm hiểu. &lt;/span&gt;&lt;/span&gt;&lt;/span&gt;&lt;/span&gt;&lt;/p&gt;\r\n\r\n&lt;p dir=&quot;ltr&quot; style=&quot;line-height:1.295;text-align: justify;margin-top:0pt;margin-bottom:8pt;&quot;&gt;&lt;span style=&quot;color:#000000;&quot;&gt;&lt;span style=&quot;font-size:14px;&quot;&gt;&lt;span id=&quot;docs-internal-guid-605bbff0-7fff-562a-65ac-d55c6c5d8a8e&quot;&gt;&lt;span style=&quot;font-family: Arial; font-variant-numeric: normal; font-variant-east-asian: normal; vertical-align: baseline; white-space: pre-wrap;&quot;&gt;Theo đó, bộ sưu tập cửa cuốn phong thủy Austdoor sẽ có 5 loại cửa ứng với 5 loại kích thước thuộc cung đẹp trong phong thủy như Hoạch Tài, Phát Đạt, Văn Chương, Thi Thơ, Đại Tài; với nhiều mẫu mã đa dạng, giúp khách hàng dễ dàng lựa chọn theo mong muốn. &lt;/span&gt;&lt;/span&gt;&lt;/span&gt;&lt;/span&gt;&lt;/p&gt;\r\n\r\n&lt;p dir=&quot;ltr&quot; style=&quot;line-height:1.295;text-align: justify;margin-top:0pt;margin-bottom:8pt;&quot;&gt;&lt;span style=&quot;color:#000000;&quot;&gt;&lt;span style=&quot;font-size:14px;&quot;&gt;&lt;span id=&quot;docs-internal-guid-605bbff0-7fff-562a-65ac-d55c6c5d8a8e&quot;&gt;&lt;span style=&quot;font-family: Arial; font-weight: 700; font-variant-numeric: normal; font-variant-east-asian: normal; vertical-align: baseline; white-space: pre-wrap;&quot;&gt;Phong thủy cửa chính, đón lộc vào nhà &lt;/span&gt;&lt;/span&gt;&lt;/span&gt;&lt;/span&gt;&lt;/p&gt;\r\n\r\n&lt;p dir=&quot;ltr&quot; style=&quot;line-height:1.295;text-align: justify;margin-top:0pt;margin-bottom:8pt;&quot;&gt;&lt;span style=&quot;color:#000000;&quot;&gt;&lt;span style=&quot;font-size:14px;&quot;&gt;&lt;span id=&quot;docs-internal-guid-605bbff0-7fff-562a-65ac-d55c6c5d8a8e&quot;&gt;&lt;span style=&quot;font-family: Arial; font-variant-numeric: normal; font-variant-east-asian: normal; vertical-align: baseline; white-space: pre-wrap;&quot;&gt;Khoa học phong thuỷ trong lĩnh vực xây dựng, kiến trúc dựa trên sự hình thành, phát triển và các quy luật về tự nhiên, tập trung vào các yếu tố phương hướng, địa lý, kích thước... Những công trình tốt không chỉ đảm bảo sự tiện nghi, thẩm mỹ, đáp ứng tốt nhu cầu sử dụng của gia chủ; mà còn được thiết kế, xây dựng phù hợp với các điều kiện ngoại cảnh, bên cạnh đó, chính là sự hoà hợp với thiên nhiên trời đất, hợp với tuổi, mệnh... của gia chủ. &lt;/span&gt;&lt;/span&gt;&lt;/span&gt;&lt;/span&gt;&lt;/p&gt;\r\n\r\n&lt;p dir=&quot;ltr&quot; style=&quot;line-height:1.295;text-align: justify;margin-top:0pt;margin-bottom:8pt;&quot;&gt;&lt;span style=&quot;color:#000000;&quot;&gt;&lt;span style=&quot;font-size:14px;&quot;&gt;&lt;span id=&quot;docs-internal-guid-605bbff0-7fff-562a-65ac-d55c6c5d8a8e&quot;&gt;&lt;span style=&quot;font-family: Arial; background-color: transparent; font-variant-numeric: normal; font-variant-east-asian: normal; vertical-align: baseline; white-space: pre-wrap;&quot;&gt;Khi đã xác định được vị trí, hướng cửa, thì kích thước cửa chính là một tiêu chí quan trọng trong phong thủy hiện đại. Chúng vừa quyết định yếu tố công năng, thẩm mỹ, vừa có ý nghĩa phong thủy của toàn bộ ngôi nhà; vì vậy cần có sự tính toán tỉ mỉ, cẩn thận trước khi lựa chọn số đo cửa để đảm bảo phù hợp, tương xứng với công trình. &lt;/span&gt;&lt;/span&gt;&lt;/span&gt;&lt;/span&gt;&lt;/p&gt;\r\n\r\n&lt;p dir=&quot;ltr&quot; style=&quot;line-height:1.295;text-align: center;margin-top:0pt;margin-bottom:8pt;&quot;&gt;&lt;span style=&quot;color:#000000;&quot;&gt;&lt;span style=&quot;font-size:14px;&quot;&gt;&lt;span id=&quot;docs-internal-guid-605bbff0-7fff-562a-65ac-d55c6c5d8a8e&quot;&gt;&lt;span style=&quot;font-family: Arial; background-color: transparent; font-variant-numeric: normal; font-variant-east-asian: normal; vertical-align: baseline; white-space: pre-wrap;&quot;&gt;&lt;span style=&quot;&quot;&gt;&lt;img alt=&quot;Text\r\n\r\nDescription automatically generated&quot; height=&quot;269&quot; src=&quot;https://cdn.bestme.asia/images/adgtopalvp/1.png&quot; style=&quot;margin-left:0px;margin-top:0px;&quot; width=&quot;478&quot; /&gt;&lt;/span&gt;&lt;/span&gt;&lt;/span&gt;&lt;/span&gt;&lt;/span&gt;&lt;/p&gt;\r\n\r\n&lt;p dir=&quot;ltr&quot; style=&quot;line-height:1.295;text-align: center;margin-top:0pt;margin-bottom:8pt;&quot;&gt;&lt;span style=&quot;color:#000000;&quot;&gt;&lt;span style=&quot;font-size:14px;&quot;&gt;&lt;span id=&quot;docs-internal-guid-605bbff0-7fff-562a-65ac-d55c6c5d8a8e&quot;&gt;&lt;span style=&quot;font-family: Arial; background-color: transparent; font-style: italic; font-variant-numeric: normal; font-variant-east-asian: normal; vertical-align: baseline; white-space: pre-wrap;&quot;&gt;Phong thủy cửa chính, mối quan tâm tài lộc của nhiều người&lt;/span&gt;&lt;/span&gt;&lt;/span&gt;&lt;/span&gt;&lt;/p&gt;\r\n\r\n&lt;p dir=&quot;ltr&quot; style=&quot;line-height:1.295;text-align: justify;margin-top:0pt;margin-bottom:8pt;&quot;&gt;&lt;span style=&quot;color:#000000;&quot;&gt;&lt;span style=&quot;font-size:14px;&quot;&gt;&lt;span id=&quot;docs-internal-guid-605bbff0-7fff-562a-65ac-d55c6c5d8a8e&quot;&gt;&lt;span style=&quot;font-family: Arial; background-color: transparent; font-variant-numeric: normal; font-variant-east-asian: normal; vertical-align: baseline; white-space: pre-wrap;&quot;&gt;Với tầm quan trọng đó, rất nhiều khách hàng hiện nay mong muốn lựa chọn các loại cửa phong thuỷ để mang lại tài lộc, may mắn cho gia đình. Nếu trước đây, sản phẩm cửa cuốn chỉ được người dùng quan tâm lựa chọn về công nghệ hiện đại, an toàn, mẫu mã, màu sắc đẹp thì nay, kích thước phù hợp phong thuỷ, bản mệnh chủ nhà là một trong những tiêu chí quan trọng. Nắm bắt được xu hướng, Austdoor đã tiên phong nghiên cứu và giới thiệu tới khách hàng Bộ sưu tập cửa cuốn phong thủy, không chỉ có nền tảng công nghệ thông minh, thẩm mỹ sẵn có mà còn mang đến những mẫu cửa thiết kế riêng với kích thước đẹp, đón tài lộc may mắn.&lt;/span&gt;&lt;/span&gt;&lt;/span&gt;&lt;/span&gt;&lt;/p&gt;\r\n\r\n&lt;p dir=&quot;ltr&quot; style=&quot;line-height:1.295;text-align: justify;margin-top:0pt;margin-bottom:8pt;&quot;&gt;&lt;span style=&quot;color:#000000;&quot;&gt;&lt;span style=&quot;font-size:14px;&quot;&gt;&lt;span id=&quot;docs-internal-guid-605bbff0-7fff-562a-65ac-d55c6c5d8a8e&quot;&gt;&lt;span style=&quot;font-family: Arial; background-color: transparent; font-weight: 700; font-variant-numeric: normal; font-variant-east-asian: normal; vertical-align: baseline; white-space: pre-wrap;&quot;&gt;Nghênh phúc đón tài cùng Austdoor &lt;/span&gt;&lt;/span&gt;&lt;/span&gt;&lt;/span&gt;&lt;/p&gt;\r\n\r\n&lt;p dir=&quot;ltr&quot; style=&quot;line-height:1.295;text-align: justify;margin-top:0pt;margin-bottom:8pt;&quot;&gt;&lt;span style=&quot;color:#000000;&quot;&gt;&lt;span style=&quot;font-size:14px;&quot;&gt;&lt;span id=&quot;docs-internal-guid-605bbff0-7fff-562a-65ac-d55c6c5d8a8e&quot;&gt;&lt;span style=&quot;font-family: Arial; background-color: transparent; font-variant-numeric: normal; font-variant-east-asian: normal; vertical-align: baseline; white-space: pre-wrap;&quot;&gt;Lấy cảm hứng từ chính nhu cầu của người dân Việt Nam và quan niệm phong thủy hiện đại, bộ sưu tập cửa cuốn lần này của Austdoor đã lựa chọn ra những kích thước cửa đẹp với số đo chuẩn theo phong thủy, với nhiều ý nghĩa may mắn khác nhau. Khi lắp đặt những cửa cuốn này, gia chủ cần xác định mong muốn của mình về gia đạo, tài lộc hay con cái… từ đó sẽ có những loại cửa phong thủy với kích thước phù hợp.&lt;/span&gt;&lt;/span&gt;&lt;/span&gt;&lt;/span&gt;&lt;/p&gt;\r\n\r\n&lt;p dir=&quot;ltr&quot; style=&quot;line-height:1.295;text-align: justify;margin-top:0pt;margin-bottom:8pt;&quot;&gt;&lt;span style=&quot;color:#000000;&quot;&gt;&lt;span style=&quot;font-size:14px;&quot;&gt;&lt;span id=&quot;docs-internal-guid-605bbff0-7fff-562a-65ac-d55c6c5d8a8e&quot;&gt;&lt;span style=&quot;font-family: Arial; background-color: transparent; font-variant-numeric: normal; font-variant-east-asian: normal; vertical-align: baseline; white-space: pre-wrap;&quot;&gt;Nếu gia chủ mong muốn mọi sự hanh thông, con cái tấn tài danh thì cửa cuốn Đại Tài chính là lựa chọn phù hợp nhất. &lt;/span&gt;&lt;/span&gt;&lt;/span&gt;&lt;/span&gt;&lt;/p&gt;\r\n\r\n&lt;p dir=&quot;ltr&quot; style=&quot;line-height:1.295;text-align: center;margin-top:0pt;margin-bottom:8pt;&quot;&gt;&lt;span style=&quot;color:#000000;&quot;&gt;&lt;span style=&quot;font-size:14px;&quot;&gt;&lt;span id=&quot;docs-internal-guid-605bbff0-7fff-562a-65ac-d55c6c5d8a8e&quot;&gt;&lt;span style=&quot;font-family: Arial; background-color: transparent; font-variant-numeric: normal; font-variant-east-asian: normal; vertical-align: baseline; white-space: pre-wrap;&quot;&gt;&lt;span style=&quot;&quot;&gt;&lt;img height=&quot;718&quot; src=&quot;https://cdn.bestme.asia/images/adgtopalvp/2.jpg&quot; style=&quot;margin-left:0px;margin-top:0px;&quot; width=&quot;498&quot; /&gt;&lt;/span&gt;&lt;/span&gt;&lt;/span&gt;&lt;/span&gt;&lt;/span&gt;&lt;/p&gt;\r\n\r\n&lt;p dir=&quot;ltr&quot; style=&quot;line-height:1.295;text-align: center;margin-top:0pt;margin-bottom:8pt;&quot;&gt;&lt;span style=&quot;color:#000000;&quot;&gt;&lt;span style=&quot;font-size:14px;&quot;&gt;&lt;span id=&quot;docs-internal-guid-605bbff0-7fff-562a-65ac-d55c6c5d8a8e&quot;&gt;&lt;span style=&quot;font-family: Arial; background-color: transparent; font-style: italic; font-variant-numeric: normal; font-variant-east-asian: normal; vertical-align: baseline; white-space: pre-wrap;&quot;&gt;Cửa cuốn Đại Tài, 1 trong 5 lựa chọn cửa phong thủy của Austdoor&lt;/span&gt;&lt;/span&gt;&lt;/span&gt;&lt;/span&gt;&lt;/p&gt;\r\n\r\n&lt;p dir=&quot;ltr&quot; style=&quot;line-height:1.295;text-align: justify;margin-top:0pt;margin-bottom:8pt;&quot;&gt;&lt;span style=&quot;color:#000000;&quot;&gt;&lt;span style=&quot;font-size:14px;&quot;&gt;&lt;span id=&quot;docs-internal-guid-605bbff0-7fff-562a-65ac-d55c6c5d8a8e&quot;&gt;&lt;span style=&quot;font-family: Arial; background-color: transparent; font-variant-numeric: normal; font-variant-east-asian: normal; vertical-align: baseline; white-space: pre-wrap;&quot;&gt;Hay đối với những hộ kinh doanh&lt;/span&gt;&lt;span style=&quot;font-family: Arial; background-color: transparent; font-weight: 700; font-variant-numeric: normal; font-variant-east-asian: normal; vertical-align: baseline; white-space: pre-wrap;&quot;&gt; &lt;/span&gt;&lt;span style=&quot;font-family: Arial; background-color: transparent; font-variant-numeric: normal; font-variant-east-asian: normal; vertical-align: baseline; white-space: pre-wrap;&quot;&gt;mong muốn tài lộc, làm ăn phát đạt, tài lộc vào nhà thì cửa cuốn Phát Đạt là gợi ý sáng giá. &lt;/span&gt;&lt;/span&gt;&lt;/span&gt;&lt;/span&gt;&lt;/p&gt;\r\n\r\n&lt;p dir=&quot;ltr&quot; style=&quot;line-height:1.295;text-align: justify;margin-top:0pt;margin-bottom:8pt;&quot;&gt;&lt;span style=&quot;color:#000000;&quot;&gt;&lt;span style=&quot;font-size:14px;&quot;&gt;&lt;span id=&quot;docs-internal-guid-605bbff0-7fff-562a-65ac-d55c6c5d8a8e&quot;&gt;&lt;span style=&quot;font-family: Arial; background-color: transparent; font-variant-numeric: normal; font-variant-east-asian: normal; vertical-align: baseline; white-space: pre-wrap;&quot;&gt;Còn đối với gia đình mong muốn con cái thông minh, hiếu học, gia đạo yên vui, cửa cuốn Văn Chương là lựa chọn phù hợp…&lt;/span&gt;&lt;/span&gt;&lt;/span&gt;&lt;/span&gt;&lt;/p&gt;\r\n\r\n&lt;p dir=&quot;ltr&quot; style=&quot;line-height:1.295;text-align: justify;margin-top:0pt;margin-bottom:8pt;&quot;&gt;&lt;span style=&quot;color:#000000;&quot;&gt;&lt;span style=&quot;font-size:14px;&quot;&gt;&lt;span id=&quot;docs-internal-guid-605bbff0-7fff-562a-65ac-d55c6c5d8a8e&quot;&gt;&lt;span style=&quot;font-family: Arial; background-color: transparent; font-variant-numeric: normal; font-variant-east-asian: normal; vertical-align: baseline; white-space: pre-wrap;&quot;&gt;Để giúp cho khách hàng tiếp cận trực quan và dễ dàng hơn với bộ sưu tập mới, Austdoor cũng đã thiết kế các &lt;/span&gt;&lt;span style=&quot;font-family: Arial; font-variant-numeric: normal; font-variant-east-asian: normal; vertical-align: baseline; white-space: pre-wrap;&quot;&gt;tài liệu bán hàng trực tuyến e-catalogue, hay các phiên bản giới thiệu sản phẩm ứng dụng trí tuệ nhân tạo (Ai), công cụ hướng dẫn sử dụng thước Lỗ Ban 52,2cm phiên bản “online”….  Đây là những ứng dụng số hóa hiện đại mà thương hiệu này tích cực triển khai ứng dụng trong thời gian qua, hứa hẹn mang lại nhiều trải nghiệm mới cho khách hàng. &lt;/span&gt;&lt;/span&gt;&lt;/span&gt;&lt;/span&gt;&lt;/p&gt;\r\n\r\n&lt;p dir=&quot;ltr&quot; style=&quot;line-height:1.295;text-align: center;margin-top:0pt;margin-bottom:8pt;&quot;&gt;&lt;span style=&quot;color:#000000;&quot;&gt;&lt;span style=&quot;font-size:14px;&quot;&gt;&lt;span id=&quot;docs-internal-guid-605bbff0-7fff-562a-65ac-d55c6c5d8a8e&quot;&gt;&lt;span style=&quot;font-family: Arial; font-variant-numeric: normal; font-variant-east-asian: normal; vertical-align: baseline; white-space: pre-wrap;&quot;&gt;&lt;span style=&quot;&quot;&gt;&lt;img height=&quot;499&quot; src=&quot;https://cdn.bestme.asia/images/adgtopalvp/3.png&quot; style=&quot;margin-left:0px;margin-top:0px;&quot; width=&quot;&quot; /&gt;&lt;/span&gt;&lt;/span&gt;&lt;/span&gt;&lt;/span&gt;&lt;/span&gt;&lt;/p&gt;\r\n\r\n&lt;p dir=&quot;ltr&quot; style=&quot;line-height:1.295;text-align: center;margin-top:0pt;margin-bottom:8pt;&quot;&gt;&lt;span style=&quot;color:#000000;&quot;&gt;&lt;span style=&quot;font-size:14px;&quot;&gt;&lt;span id=&quot;docs-internal-guid-605bbff0-7fff-562a-65ac-d55c6c5d8a8e&quot;&gt;&lt;span style=&quot;font-family: Arial; background-color: transparent; font-style: italic; font-variant-numeric: normal; font-variant-east-asian: normal; vertical-align: baseline; white-space: pre-wrap;&quot;&gt;Austdoor ứng dụng công nghệ trí tuệ nhân tạo AI vào giới thiệu sản phẩm&lt;/span&gt;&lt;/span&gt;&lt;/span&gt;&lt;/span&gt;&lt;/p&gt;\r\n\r\n&lt;p dir=&quot;ltr&quot; style=&quot;line-height:1.295;text-align: justify;margin-top:0pt;margin-bottom:8pt;&quot;&gt;&lt;span style=&quot;color:#000000;&quot;&gt;&lt;span style=&quot;font-size:14px;&quot;&gt;&lt;span id=&quot;docs-internal-guid-605bbff0-7fff-562a-65ac-d55c6c5d8a8e&quot;&gt;&lt;span style=&quot;font-family: Arial; background-color: transparent; font-variant-numeric: normal; font-variant-east-asian: normal; vertical-align: baseline; white-space: pre-wrap;&quot;&gt;Là thương hiệu cửa cuốn an toàn và thông minh hàng đầu Việt Nam, Austdoor luôn nỗ lực tìm hiểu, không ngừng nghiên cứu để tạo ra những bộ cửa cuốn thẩm mỹ hiện đại, sử dụng an toàn, an ninh hàng đầu Việt Nam. Bộ sưu tập cửa cuốn phong thủy – Nghênh phúc đón tài lần này sẽ giúp khách hàng có thêm nhiều lựa chọn, đặc biệt hữu ích với các chủ đầu tư, hộ gia đình, kinh doanh chuẩn bị xây dựng công trình, nhà mới; mang may mắn, tài lộc, đặc biệt trong thời điểm Xuân Nhâm Dần 2022 đang tới gần. &lt;/span&gt;&lt;/span&gt;&lt;/span&gt;&lt;/span&gt;&lt;/p&gt;\r\n\r\n&lt;p dir=&quot;ltr&quot; style=&quot;line-height:1.295;text-align: justify;margin-top:0pt;margin-bottom:8pt;&quot;&gt;&lt;span style=&quot;color:#000000;&quot;&gt;&lt;span style=&quot;font-size:14px;&quot;&gt;&lt;span id=&quot;docs-internal-guid-605bbff0-7fff-562a-65ac-d55c6c5d8a8e&quot;&gt;&lt;span style=&quot;font-family: Arial; background-color: transparent; font-variant-numeric: normal; font-variant-east-asian: normal; vertical-align: baseline; white-space: pre-wrap;&quot;&gt;Sản phẩm sẽ ra mắt trước tại thị trường phía Bắc, Trung trước khi cung ứng cho toàn quốc. Để sở hữu sản phẩm của Bộ sưu tập cửa cuốn phong thủy, vui lòng liên hệ Hotline 1900 6828, hoặc truy cập website: austdoor.com để tìm hiểu chi tiết. &lt;/span&gt;&lt;/span&gt;&lt;/span&gt;&lt;/span&gt;&lt;/p&gt;\r\n\r\n&lt;p&gt;&lt;span style=&quot;color:#000000;&quot;&gt;&lt;span style=&quot;font-size: 14px;&quot;&gt;---------------&lt;/span&gt;&lt;/span&gt;&lt;/p&gt;\r\n\r\n&lt;p&gt;&lt;span style=&quot;color:#000000;&quot;&gt;&lt;span style=&quot;font-size:14px;&quot;&gt;Và hãy nhớ, Austdoor - cửa cuốn an toàn và thông minh là lựa chọn an tâm cho gia đình&lt;/span&gt;&lt;/span&gt;&lt;/p&gt;\r\n\r\n&lt;p&gt;&lt;span style=&quot;color:#000000;&quot;&gt;&lt;span style=&quot;font-size:14px;&quot;&gt;- Hotline: 1900 6828&lt;/span&gt;&lt;/span&gt;&lt;/p&gt;\r\n\r\n&lt;p&gt;&lt;span style=&quot;font-size:14px;&quot;&gt;&lt;span style=&quot;color:#000000;&quot;&gt;- Website: &lt;/span&gt;&lt;a href=&quot;https://l.facebook.com/l.php?u=http%3A%2F%2Faustdoor.com%2F%3Ffbclid%3DIwAR3I9Iyf_B6sHXgjPrEguFWBvoUy93HmDOTOFXSzy8B7OYa0fqtt8MybdBI&amp;amp;h=AT0wLmRG_PsqAuOmSZaLbp0m3HFV4AGrMVE1ERsERhTeqS6fz7ffXoA-3Ot1ipdJRi0ExXYtbCN4nxJowuzzF-_kXAK3-t7xhD4vUQR7OL9s0hTU-PRVqb99AFavAKiXV4FM&amp;amp;__tn__=-UK-R&amp;amp;c%5b0%5d=AT26pM4GYsoR9W3ME_0NSSx2WvhJ7NcaNujRJYbYqk_nvYiZ0yzu1clV_N7Z9jY_aBDtZK7VdjpghOCOgsPY2rWvu-6WrYvAaU5RiVg_sVQlOPiNEvmtQFqSOaxuJWwH3xGix5Mf3fnU0zeRYcA1R4Z9IRUgN3ffiuxKHC4Jr7a_4jN2IC66Uwz0RPC9b7uDABjkk5Tr&quot; target=&quot;_blank&quot;&gt;&lt;span style=&quot;color:#000000;&quot;&gt;austdoor.com&lt;/span&gt;&lt;/a&gt;&lt;/span&gt;&lt;/p&gt;\r\n\r\n&lt;p&gt;&lt;span style=&quot;font-size:14px;&quot;&gt;&lt;span style=&quot;color:#000000;&quot;&gt;- Youtube: &lt;/span&gt;&lt;a href=&quot;https://www.youtube.com/cuacuonaustdoor?fbclid=IwAR3E0deQvQ-vpEUk8Tdl0OgzjNHaj75tX1wG0DVCnCR33Sz5hrTTvnGkeuY&quot; target=&quot;_blank&quot;&gt;&lt;span style=&quot;color:#000000;&quot;&gt;https://www.youtube.com/cuacuonaustdoor&lt;/span&gt;&lt;/a&gt;&lt;/span&gt;&lt;/p&gt;\r\n\r\n&lt;p&gt;&lt;span style=&quot;font-size:14px;&quot;&gt;&lt;span style=&quot;color:#000000;&quot;&gt;- Fanpage: &lt;/span&gt;&lt;a href=&quot;https://www.facebook.com/austdoorofficial&quot;&gt;&lt;span style=&quot;color:#000000;&quot;&gt;https://www.facebook.com/austdoorofficial&lt;/span&gt;&lt;/a&gt;&lt;/span&gt;&lt;/p&gt;\r\n\r\n&lt;p&gt;&lt;span style=&quot;color:#000000;&quot;&gt;&lt;span style=&quot;font-size:14px;&quot;&gt;AUSTDOOR - CỬA CUỐN AN TOÀN &amp; THÔNG MINH HÀNG ĐẦU VIỆT NAM!&lt;/span&gt;&lt;/span&gt;&lt;/p&gt;\r\n&lt;/div&gt;\r\n&lt;/div&gt;\r\n&lt;!-- End blog detail --&gt;&lt;/div&gt;', '&lt;p&gt;Cửa cuốn Austdoor tự hào là đơn vị duy nhất đạt Thương hiệu Quốc gia 2 năm liên tiếp 2018, 2020&lt;/p&gt;', 'https://cdn.bestme.asia/images/adgtopal55/banner-5.jpg', '', '', '', 'du-an-thi-cong-cua-nhom-kinh-cho-he-thong-vinmart-5', '', 'image', '', NULL),
(10, 2, 'Chuỗi dự án Mapletree toàn quốc (1000 bộ) Cửa cuốn thép Chống cháy, cửa cuốn thép Siêu trường', '&lt;div class=&quot;container&quot;&gt;\r\n&lt;div class=&quot;project-content py-3 mb-4&quot;&gt;\r\n&lt;p&gt;&lt;img src=&quot;https://cdn.bestme.asia/images/adgtopalprima/1_AcsfwoB.png&quot; style=&quot;max-width: 100%;&quot; /&gt;&lt;/p&gt;\r\n\r\n&lt;p&gt;Vừa qua, Phú Gia An vinh dự khi là đối tác trong mảng thi công lắp đặt cửa nhôm kính cho toàn bộ hệ thống khu nghỉ dưỡng Phú Minh Gia tại Nghi Xuân – Hà Tĩnh. Chúng tôi luôn tự tin mang lại sự hài lòng cho mọi khách hàng từ sản phẩm cho đến dịch vụ của mình.&lt;/p&gt;\r\n\r\n&lt;p&gt;Khu nghỉ dưỡng Phú Minh Gia tại Nghi Xuân – Hà Tĩnh vừa chính thức đi vào hoạt động những ngày qua, đây chính là một trong những đối tác quan trọng mà Phú Gia An hợp tác trong hạng mục thi công lắp đặt cửa nhôm kính. Toàn bộ hệ thống khu nghỉ dưỡng đều sử dụng các sản phẩm cửa nhôm kính do Phú Gia An cung cấp.&lt;/p&gt;\r\n\r\n&lt;p&gt;Khu nghỉ dưỡng Phú Minh Gia bao gồm 2 toà nhà chính với mật độ xây dựng cửa nhôm kính lên tới 75%. Cùng tham khảo một số hình ảnh đã hoàn thiện của công trình này dưới đây:&lt;/p&gt;\r\n\r\n&lt;div class=&quot;row&quot;&gt;\r\n&lt;div class=&quot;col-lg-6&quot;&gt;\r\n&lt;p&gt;&lt;img src=&quot;https://cdn.bestme.asia/images/adgtopalprima/2_Rk3ffU4.png&quot; /&gt;&lt;/p&gt;\r\n&lt;/div&gt;\r\n\r\n&lt;div class=&quot;col&quot;&gt;\r\n&lt;p&gt;&lt;img src=&quot;https://cdn.bestme.asia/images/adgtopalprima/3_SCVHjaX.png&quot; /&gt;&lt;/p&gt;\r\n&lt;/div&gt;\r\n&lt;/div&gt;\r\n\r\n&lt;p&gt;Sự hợp tác giữa Phú Gia An và khu nghỉ dưỡng Phú Minh Gia là minh chứng cho sự tin tưởng mà khách hàng đã đặt trọn cho chúng tôi. Không chỉ là đơn vị thi công lắp đặt cửa nhôm tại Nghệ An chuyên nghiệp và uy tín nhất hiện nay mà Phú Gia An còn là sự lựa chọn của rất nhiều khách hàng ở các vùng lân cận và khắp cả nước.&lt;/p&gt;\r\n\r\n&lt;p&gt;Với bề dày kinh nghiệm về sản xuất và thi công các hạng mục cửa nhôm kính, cửa cuốn, cửa nhựa lõi thép,… chất lượng cao tại khu vực Bắc Miền Trung, chúng tôi tự tin mang lại sự hài lòng cho mọi khách hàng từ chất lượng sản phẩm đến chất lượng dịch vụ.&lt;/p&gt;\r\n\r\n&lt;p class=&quot;text-center&quot;&gt;&lt;img src=&quot;https://cdn.bestme.asia/images/adgtopalprima/4_rCSW4ec.png&quot; /&gt;&lt;/p&gt;\r\n\r\n&lt;p&gt;Sự hợp tác giữa Phú Gia An và khu nghỉ dưỡng Phú Minh Gia là minh chứng cho sự tin tưởng mà khách hàng đã đặt trọn cho chúng tôi. Không chỉ là đơn vị thi công lắp đặt cửa nhôm tại Nghệ An chuyên nghiệp và uy tín nhất hiện nay mà Phú Gia An còn là sự lựa chọn của rất nhiều khách hàng ở các vùng lân cận và khắp cả nước.&lt;/p&gt;\r\n\r\n&lt;p&gt;Với bề dày kinh nghiệm về sản xuất và thi công các hạng mục cửa nhôm kính, cửa cuốn, cửa nhựa lõi thép,… chất lượng cao tại khu vực Bắc Miền Trung, chúng tôi tự tin mang lại sự hài lòng cho mọi khách hàng từ chất lượng sản phẩm đến chất lượng dịch vụ.&lt;/p&gt;\r\n&lt;/div&gt;\r\n&lt;!-- End project content --&gt;&lt;/div&gt;', '', 'https://cdn.bestme.asia/images/adgtopal55/du-an-2.jpg', '', '', '', 'chuoi-du-an-mapletree-toan-quoc-1000-bo-cua-cuon-thep-chong-chay-cua-cuon-thep-sieu-truong', '', 'image', '', NULL),
(11, 2, 'Dự án thi công cửa nhôm kính cho hệ thống Vinmart', '&lt;div class=&quot;row&quot;&gt;\r\n&lt;div class=&quot;col-12 col-lg-8 news-detail news-item mx-auto my-0 my-lg-3&quot;&gt;\r\n&lt;div class=&quot;content-detail&quot;&gt;\r\n&lt;p dir=&quot;ltr&quot; style=&quot;line-height:1.295;text-align: justify;margin-top:0pt;margin-bottom:8pt;&quot;&gt;&lt;span style=&quot;color:#000000;&quot;&gt;&lt;span style=&quot;font-size:14px;&quot;&gt;&lt;span id=&quot;docs-internal-guid-605bbff0-7fff-562a-65ac-d55c6c5d8a8e&quot;&gt;&lt;span style=&quot;font-family: Arial; font-weight: 700; font-variant-numeric: normal; font-variant-east-asian: normal; vertical-align: baseline; white-space: pre-wrap;&quot;&gt;Vừa ra mắt, các sản phẩm cửa cuốn phong thủy của Austdoor đang khiến người tiêu dùng quan tâm và thích thú tìm hiểu. &lt;/span&gt;&lt;/span&gt;&lt;/span&gt;&lt;/span&gt;&lt;/p&gt;\r\n\r\n&lt;p dir=&quot;ltr&quot; style=&quot;line-height:1.295;text-align: justify;margin-top:0pt;margin-bottom:8pt;&quot;&gt;&lt;span style=&quot;color:#000000;&quot;&gt;&lt;span style=&quot;font-size:14px;&quot;&gt;&lt;span id=&quot;docs-internal-guid-605bbff0-7fff-562a-65ac-d55c6c5d8a8e&quot;&gt;&lt;span style=&quot;font-family: Arial; font-variant-numeric: normal; font-variant-east-asian: normal; vertical-align: baseline; white-space: pre-wrap;&quot;&gt;Theo đó, bộ sưu tập cửa cuốn phong thủy Austdoor sẽ có 5 loại cửa ứng với 5 loại kích thước thuộc cung đẹp trong phong thủy như Hoạch Tài, Phát Đạt, Văn Chương, Thi Thơ, Đại Tài; với nhiều mẫu mã đa dạng, giúp khách hàng dễ dàng lựa chọn theo mong muốn. &lt;/span&gt;&lt;/span&gt;&lt;/span&gt;&lt;/span&gt;&lt;/p&gt;\r\n\r\n&lt;p dir=&quot;ltr&quot; style=&quot;line-height:1.295;text-align: justify;margin-top:0pt;margin-bottom:8pt;&quot;&gt;&lt;span style=&quot;color:#000000;&quot;&gt;&lt;span style=&quot;font-size:14px;&quot;&gt;&lt;span id=&quot;docs-internal-guid-605bbff0-7fff-562a-65ac-d55c6c5d8a8e&quot;&gt;&lt;span style=&quot;font-family: Arial; font-weight: 700; font-variant-numeric: normal; font-variant-east-asian: normal; vertical-align: baseline; white-space: pre-wrap;&quot;&gt;Phong thủy cửa chính, đón lộc vào nhà &lt;/span&gt;&lt;/span&gt;&lt;/span&gt;&lt;/span&gt;&lt;/p&gt;\r\n\r\n&lt;p dir=&quot;ltr&quot; style=&quot;line-height:1.295;text-align: justify;margin-top:0pt;margin-bottom:8pt;&quot;&gt;&lt;span style=&quot;color:#000000;&quot;&gt;&lt;span style=&quot;font-size:14px;&quot;&gt;&lt;span id=&quot;docs-internal-guid-605bbff0-7fff-562a-65ac-d55c6c5d8a8e&quot;&gt;&lt;span style=&quot;font-family: Arial; font-variant-numeric: normal; font-variant-east-asian: normal; vertical-align: baseline; white-space: pre-wrap;&quot;&gt;Khoa học phong thuỷ trong lĩnh vực xây dựng, kiến trúc dựa trên sự hình thành, phát triển và các quy luật về tự nhiên, tập trung vào các yếu tố phương hướng, địa lý, kích thước... Những công trình tốt không chỉ đảm bảo sự tiện nghi, thẩm mỹ, đáp ứng tốt nhu cầu sử dụng của gia chủ; mà còn được thiết kế, xây dựng phù hợp với các điều kiện ngoại cảnh, bên cạnh đó, chính là sự hoà hợp với thiên nhiên trời đất, hợp với tuổi, mệnh... của gia chủ. &lt;/span&gt;&lt;/span&gt;&lt;/span&gt;&lt;/span&gt;&lt;/p&gt;\r\n\r\n&lt;p dir=&quot;ltr&quot; style=&quot;line-height:1.295;text-align: justify;margin-top:0pt;margin-bottom:8pt;&quot;&gt;&lt;span style=&quot;color:#000000;&quot;&gt;&lt;span style=&quot;font-size:14px;&quot;&gt;&lt;span id=&quot;docs-internal-guid-605bbff0-7fff-562a-65ac-d55c6c5d8a8e&quot;&gt;&lt;span style=&quot;font-family: Arial; background-color: transparent; font-variant-numeric: normal; font-variant-east-asian: normal; vertical-align: baseline; white-space: pre-wrap;&quot;&gt;Khi đã xác định được vị trí, hướng cửa, thì kích thước cửa chính là một tiêu chí quan trọng trong phong thủy hiện đại. Chúng vừa quyết định yếu tố công năng, thẩm mỹ, vừa có ý nghĩa phong thủy của toàn bộ ngôi nhà; vì vậy cần có sự tính toán tỉ mỉ, cẩn thận trước khi lựa chọn số đo cửa để đảm bảo phù hợp, tương xứng với công trình. &lt;/span&gt;&lt;/span&gt;&lt;/span&gt;&lt;/span&gt;&lt;/p&gt;\r\n\r\n&lt;p dir=&quot;ltr&quot; style=&quot;line-height:1.295;text-align: center;margin-top:0pt;margin-bottom:8pt;&quot;&gt;&lt;span style=&quot;color:#000000;&quot;&gt;&lt;span style=&quot;font-size:14px;&quot;&gt;&lt;span id=&quot;docs-internal-guid-605bbff0-7fff-562a-65ac-d55c6c5d8a8e&quot;&gt;&lt;span style=&quot;font-family: Arial; background-color: transparent; font-variant-numeric: normal; font-variant-east-asian: normal; vertical-align: baseline; white-space: pre-wrap;&quot;&gt;&lt;span style=&quot;&quot;&gt;&lt;img alt=&quot;Text\r\n\r\nDescription automatically generated&quot; height=&quot;269&quot; src=&quot;https://cdn.bestme.asia/images/adgtopalvp/1.png&quot; style=&quot;margin-left:0px;margin-top:0px;&quot; width=&quot;478&quot; /&gt;&lt;/span&gt;&lt;/span&gt;&lt;/span&gt;&lt;/span&gt;&lt;/span&gt;&lt;/p&gt;\r\n\r\n&lt;p dir=&quot;ltr&quot; style=&quot;line-height:1.295;text-align: center;margin-top:0pt;margin-bottom:8pt;&quot;&gt;&lt;span style=&quot;color:#000000;&quot;&gt;&lt;span style=&quot;font-size:14px;&quot;&gt;&lt;span id=&quot;docs-internal-guid-605bbff0-7fff-562a-65ac-d55c6c5d8a8e&quot;&gt;&lt;span style=&quot;font-family: Arial; background-color: transparent; font-style: italic; font-variant-numeric: normal; font-variant-east-asian: normal; vertical-align: baseline; white-space: pre-wrap;&quot;&gt;Phong thủy cửa chính, mối quan tâm tài lộc của nhiều người&lt;/span&gt;&lt;/span&gt;&lt;/span&gt;&lt;/span&gt;&lt;/p&gt;\r\n\r\n&lt;p dir=&quot;ltr&quot; style=&quot;line-height:1.295;text-align: justify;margin-top:0pt;margin-bottom:8pt;&quot;&gt;&lt;span style=&quot;color:#000000;&quot;&gt;&lt;span style=&quot;font-size:14px;&quot;&gt;&lt;span id=&quot;docs-internal-guid-605bbff0-7fff-562a-65ac-d55c6c5d8a8e&quot;&gt;&lt;span style=&quot;font-family: Arial; background-color: transparent; font-variant-numeric: normal; font-variant-east-asian: normal; vertical-align: baseline; white-space: pre-wrap;&quot;&gt;Với tầm quan trọng đó, rất nhiều khách hàng hiện nay mong muốn lựa chọn các loại cửa phong thuỷ để mang lại tài lộc, may mắn cho gia đình. Nếu trước đây, sản phẩm cửa cuốn chỉ được người dùng quan tâm lựa chọn về công nghệ hiện đại, an toàn, mẫu mã, màu sắc đẹp thì nay, kích thước phù hợp phong thuỷ, bản mệnh chủ nhà là một trong những tiêu chí quan trọng. Nắm bắt được xu hướng, Austdoor đã tiên phong nghiên cứu và giới thiệu tới khách hàng Bộ sưu tập cửa cuốn phong thủy, không chỉ có nền tảng công nghệ thông minh, thẩm mỹ sẵn có mà còn mang đến những mẫu cửa thiết kế riêng với kích thước đẹp, đón tài lộc may mắn.&lt;/span&gt;&lt;/span&gt;&lt;/span&gt;&lt;/span&gt;&lt;/p&gt;\r\n\r\n&lt;p dir=&quot;ltr&quot; style=&quot;line-height:1.295;text-align: justify;margin-top:0pt;margin-bottom:8pt;&quot;&gt;&lt;span style=&quot;color:#000000;&quot;&gt;&lt;span style=&quot;font-size:14px;&quot;&gt;&lt;span id=&quot;docs-internal-guid-605bbff0-7fff-562a-65ac-d55c6c5d8a8e&quot;&gt;&lt;span style=&quot;font-family: Arial; background-color: transparent; font-weight: 700; font-variant-numeric: normal; font-variant-east-asian: normal; vertical-align: baseline; white-space: pre-wrap;&quot;&gt;Nghênh phúc đón tài cùng Austdoor &lt;/span&gt;&lt;/span&gt;&lt;/span&gt;&lt;/span&gt;&lt;/p&gt;\r\n\r\n&lt;p dir=&quot;ltr&quot; style=&quot;line-height:1.295;text-align: justify;margin-top:0pt;margin-bottom:8pt;&quot;&gt;&lt;span style=&quot;color:#000000;&quot;&gt;&lt;span style=&quot;font-size:14px;&quot;&gt;&lt;span id=&quot;docs-internal-guid-605bbff0-7fff-562a-65ac-d55c6c5d8a8e&quot;&gt;&lt;span style=&quot;font-family: Arial; background-color: transparent; font-variant-numeric: normal; font-variant-east-asian: normal; vertical-align: baseline; white-space: pre-wrap;&quot;&gt;Lấy cảm hứng từ chính nhu cầu của người dân Việt Nam và quan niệm phong thủy hiện đại, bộ sưu tập cửa cuốn lần này của Austdoor đã lựa chọn ra những kích thước cửa đẹp với số đo chuẩn theo phong thủy, với nhiều ý nghĩa may mắn khác nhau. Khi lắp đặt những cửa cuốn này, gia chủ cần xác định mong muốn của mình về gia đạo, tài lộc hay con cái… từ đó sẽ có những loại cửa phong thủy với kích thước phù hợp.&lt;/span&gt;&lt;/span&gt;&lt;/span&gt;&lt;/span&gt;&lt;/p&gt;\r\n\r\n&lt;p dir=&quot;ltr&quot; style=&quot;line-height:1.295;text-align: justify;margin-top:0pt;margin-bottom:8pt;&quot;&gt;&lt;span style=&quot;color:#000000;&quot;&gt;&lt;span style=&quot;font-size:14px;&quot;&gt;&lt;span id=&quot;docs-internal-guid-605bbff0-7fff-562a-65ac-d55c6c5d8a8e&quot;&gt;&lt;span style=&quot;font-family: Arial; background-color: transparent; font-variant-numeric: normal; font-variant-east-asian: normal; vertical-align: baseline; white-space: pre-wrap;&quot;&gt;Nếu gia chủ mong muốn mọi sự hanh thông, con cái tấn tài danh thì cửa cuốn Đại Tài chính là lựa chọn phù hợp nhất. &lt;/span&gt;&lt;/span&gt;&lt;/span&gt;&lt;/span&gt;&lt;/p&gt;\r\n\r\n&lt;p dir=&quot;ltr&quot; style=&quot;line-height:1.295;text-align: center;margin-top:0pt;margin-bottom:8pt;&quot;&gt;&lt;span style=&quot;color:#000000;&quot;&gt;&lt;span style=&quot;font-size:14px;&quot;&gt;&lt;span id=&quot;docs-internal-guid-605bbff0-7fff-562a-65ac-d55c6c5d8a8e&quot;&gt;&lt;span style=&quot;font-family: Arial; background-color: transparent; font-variant-numeric: normal; font-variant-east-asian: normal; vertical-align: baseline; white-space: pre-wrap;&quot;&gt;&lt;span style=&quot;&quot;&gt;&lt;img height=&quot;718&quot; src=&quot;https://cdn.bestme.asia/images/adgtopalvp/2.jpg&quot; style=&quot;margin-left:0px;margin-top:0px;&quot; width=&quot;498&quot; /&gt;&lt;/span&gt;&lt;/span&gt;&lt;/span&gt;&lt;/span&gt;&lt;/span&gt;&lt;/p&gt;\r\n\r\n&lt;p dir=&quot;ltr&quot; style=&quot;line-height:1.295;text-align: center;margin-top:0pt;margin-bottom:8pt;&quot;&gt;&lt;span style=&quot;color:#000000;&quot;&gt;&lt;span style=&quot;font-size:14px;&quot;&gt;&lt;span id=&quot;docs-internal-guid-605bbff0-7fff-562a-65ac-d55c6c5d8a8e&quot;&gt;&lt;span style=&quot;font-family: Arial; background-color: transparent; font-style: italic; font-variant-numeric: normal; font-variant-east-asian: normal; vertical-align: baseline; white-space: pre-wrap;&quot;&gt;Cửa cuốn Đại Tài, 1 trong 5 lựa chọn cửa phong thủy của Austdoor&lt;/span&gt;&lt;/span&gt;&lt;/span&gt;&lt;/span&gt;&lt;/p&gt;\r\n\r\n&lt;p dir=&quot;ltr&quot; style=&quot;line-height:1.295;text-align: justify;margin-top:0pt;margin-bottom:8pt;&quot;&gt;&lt;span style=&quot;color:#000000;&quot;&gt;&lt;span style=&quot;font-size:14px;&quot;&gt;&lt;span id=&quot;docs-internal-guid-605bbff0-7fff-562a-65ac-d55c6c5d8a8e&quot;&gt;&lt;span style=&quot;font-family: Arial; background-color: transparent; font-variant-numeric: normal; font-variant-east-asian: normal; vertical-align: baseline; white-space: pre-wrap;&quot;&gt;Hay đối với những hộ kinh doanh&lt;/span&gt;&lt;span style=&quot;font-family: Arial; background-color: transparent; font-weight: 700; font-variant-numeric: normal; font-variant-east-asian: normal; vertical-align: baseline; white-space: pre-wrap;&quot;&gt; &lt;/span&gt;&lt;span style=&quot;font-family: Arial; background-color: transparent; font-variant-numeric: normal; font-variant-east-asian: normal; vertical-align: baseline; white-space: pre-wrap;&quot;&gt;mong muốn tài lộc, làm ăn phát đạt, tài lộc vào nhà thì cửa cuốn Phát Đạt là gợi ý sáng giá. &lt;/span&gt;&lt;/span&gt;&lt;/span&gt;&lt;/span&gt;&lt;/p&gt;\r\n\r\n&lt;p dir=&quot;ltr&quot; style=&quot;line-height:1.295;text-align: justify;margin-top:0pt;margin-bottom:8pt;&quot;&gt;&lt;span style=&quot;color:#000000;&quot;&gt;&lt;span style=&quot;font-size:14px;&quot;&gt;&lt;span id=&quot;docs-internal-guid-605bbff0-7fff-562a-65ac-d55c6c5d8a8e&quot;&gt;&lt;span style=&quot;font-family: Arial; background-color: transparent; font-variant-numeric: normal; font-variant-east-asian: normal; vertical-align: baseline; white-space: pre-wrap;&quot;&gt;Còn đối với gia đình mong muốn con cái thông minh, hiếu học, gia đạo yên vui, cửa cuốn Văn Chương là lựa chọn phù hợp…&lt;/span&gt;&lt;/span&gt;&lt;/span&gt;&lt;/span&gt;&lt;/p&gt;\r\n\r\n&lt;p dir=&quot;ltr&quot; style=&quot;line-height:1.295;text-align: justify;margin-top:0pt;margin-bottom:8pt;&quot;&gt;&lt;span style=&quot;color:#000000;&quot;&gt;&lt;span style=&quot;font-size:14px;&quot;&gt;&lt;span id=&quot;docs-internal-guid-605bbff0-7fff-562a-65ac-d55c6c5d8a8e&quot;&gt;&lt;span style=&quot;font-family: Arial; background-color: transparent; font-variant-numeric: normal; font-variant-east-asian: normal; vertical-align: baseline; white-space: pre-wrap;&quot;&gt;Để giúp cho khách hàng tiếp cận trực quan và dễ dàng hơn với bộ sưu tập mới, Austdoor cũng đã thiết kế các &lt;/span&gt;&lt;span style=&quot;font-family: Arial; font-variant-numeric: normal; font-variant-east-asian: normal; vertical-align: baseline; white-space: pre-wrap;&quot;&gt;tài liệu bán hàng trực tuyến e-catalogue, hay các phiên bản giới thiệu sản phẩm ứng dụng trí tuệ nhân tạo (Ai), công cụ hướng dẫn sử dụng thước Lỗ Ban 52,2cm phiên bản “online”….  Đây là những ứng dụng số hóa hiện đại mà thương hiệu này tích cực triển khai ứng dụng trong thời gian qua, hứa hẹn mang lại nhiều trải nghiệm mới cho khách hàng. &lt;/span&gt;&lt;/span&gt;&lt;/span&gt;&lt;/span&gt;&lt;/p&gt;\r\n\r\n&lt;p dir=&quot;ltr&quot; style=&quot;line-height:1.295;text-align: center;margin-top:0pt;margin-bottom:8pt;&quot;&gt;&lt;span style=&quot;color:#000000;&quot;&gt;&lt;span style=&quot;font-size:14px;&quot;&gt;&lt;span id=&quot;docs-internal-guid-605bbff0-7fff-562a-65ac-d55c6c5d8a8e&quot;&gt;&lt;span style=&quot;font-family: Arial; font-variant-numeric: normal; font-variant-east-asian: normal; vertical-align: baseline; white-space: pre-wrap;&quot;&gt;&lt;span style=&quot;&quot;&gt;&lt;img height=&quot;499&quot; src=&quot;https://cdn.bestme.asia/images/adgtopalvp/3.png&quot; style=&quot;margin-left:0px;margin-top:0px;&quot; width=&quot;&quot; /&gt;&lt;/span&gt;&lt;/span&gt;&lt;/span&gt;&lt;/span&gt;&lt;/span&gt;&lt;/p&gt;\r\n\r\n&lt;p dir=&quot;ltr&quot; style=&quot;line-height:1.295;text-align: center;margin-top:0pt;margin-bottom:8pt;&quot;&gt;&lt;span style=&quot;color:#000000;&quot;&gt;&lt;span style=&quot;font-size:14px;&quot;&gt;&lt;span id=&quot;docs-internal-guid-605bbff0-7fff-562a-65ac-d55c6c5d8a8e&quot;&gt;&lt;span style=&quot;font-family: Arial; background-color: transparent; font-style: italic; font-variant-numeric: normal; font-variant-east-asian: normal; vertical-align: baseline; white-space: pre-wrap;&quot;&gt;Austdoor ứng dụng công nghệ trí tuệ nhân tạo AI vào giới thiệu sản phẩm&lt;/span&gt;&lt;/span&gt;&lt;/span&gt;&lt;/span&gt;&lt;/p&gt;\r\n\r\n&lt;p dir=&quot;ltr&quot; style=&quot;line-height:1.295;text-align: justify;margin-top:0pt;margin-bottom:8pt;&quot;&gt;&lt;span style=&quot;color:#000000;&quot;&gt;&lt;span style=&quot;font-size:14px;&quot;&gt;&lt;span id=&quot;docs-internal-guid-605bbff0-7fff-562a-65ac-d55c6c5d8a8e&quot;&gt;&lt;span style=&quot;font-family: Arial; background-color: transparent; font-variant-numeric: normal; font-variant-east-asian: normal; vertical-align: baseline; white-space: pre-wrap;&quot;&gt;Là thương hiệu cửa cuốn an toàn và thông minh hàng đầu Việt Nam, Austdoor luôn nỗ lực tìm hiểu, không ngừng nghiên cứu để tạo ra những bộ cửa cuốn thẩm mỹ hiện đại, sử dụng an toàn, an ninh hàng đầu Việt Nam. Bộ sưu tập cửa cuốn phong thủy – Nghênh phúc đón tài lần này sẽ giúp khách hàng có thêm nhiều lựa chọn, đặc biệt hữu ích với các chủ đầu tư, hộ gia đình, kinh doanh chuẩn bị xây dựng công trình, nhà mới; mang may mắn, tài lộc, đặc biệt trong thời điểm Xuân Nhâm Dần 2022 đang tới gần. &lt;/span&gt;&lt;/span&gt;&lt;/span&gt;&lt;/span&gt;&lt;/p&gt;\r\n\r\n&lt;p dir=&quot;ltr&quot; style=&quot;line-height:1.295;text-align: justify;margin-top:0pt;margin-bottom:8pt;&quot;&gt;&lt;span style=&quot;color:#000000;&quot;&gt;&lt;span style=&quot;font-size:14px;&quot;&gt;&lt;span id=&quot;docs-internal-guid-605bbff0-7fff-562a-65ac-d55c6c5d8a8e&quot;&gt;&lt;span style=&quot;font-family: Arial; background-color: transparent; font-variant-numeric: normal; font-variant-east-asian: normal; vertical-align: baseline; white-space: pre-wrap;&quot;&gt;Sản phẩm sẽ ra mắt trước tại thị trường phía Bắc, Trung trước khi cung ứng cho toàn quốc. Để sở hữu sản phẩm của Bộ sưu tập cửa cuốn phong thủy, vui lòng liên hệ Hotline 1900 6828, hoặc truy cập website: austdoor.com để tìm hiểu chi tiết. &lt;/span&gt;&lt;/span&gt;&lt;/span&gt;&lt;/span&gt;&lt;/p&gt;\r\n\r\n&lt;p&gt;&lt;span style=&quot;color:#000000;&quot;&gt;&lt;span style=&quot;font-size: 14px;&quot;&gt;---------------&lt;/span&gt;&lt;/span&gt;&lt;/p&gt;\r\n\r\n&lt;p&gt;&lt;span style=&quot;color:#000000;&quot;&gt;&lt;span style=&quot;font-size:14px;&quot;&gt;Và hãy nhớ, Austdoor - cửa cuốn an toàn và thông minh là lựa chọn an tâm cho gia đình&lt;/span&gt;&lt;/span&gt;&lt;/p&gt;\r\n\r\n&lt;p&gt;&lt;span style=&quot;color:#000000;&quot;&gt;&lt;span style=&quot;font-size:14px;&quot;&gt;- Hotline: 1900 6828&lt;/span&gt;&lt;/span&gt;&lt;/p&gt;\r\n\r\n&lt;p&gt;&lt;span style=&quot;font-size:14px;&quot;&gt;&lt;span style=&quot;color:#000000;&quot;&gt;- Website: &lt;/span&gt;&lt;a href=&quot;https://l.facebook.com/l.php?u=http%3A%2F%2Faustdoor.com%2F%3Ffbclid%3DIwAR3I9Iyf_B6sHXgjPrEguFWBvoUy93HmDOTOFXSzy8B7OYa0fqtt8MybdBI&amp;amp;h=AT0wLmRG_PsqAuOmSZaLbp0m3HFV4AGrMVE1ERsERhTeqS6fz7ffXoA-3Ot1ipdJRi0ExXYtbCN4nxJowuzzF-_kXAK3-t7xhD4vUQR7OL9s0hTU-PRVqb99AFavAKiXV4FM&amp;amp;__tn__=-UK-R&amp;amp;c%5b0%5d=AT26pM4GYsoR9W3ME_0NSSx2WvhJ7NcaNujRJYbYqk_nvYiZ0yzu1clV_N7Z9jY_aBDtZK7VdjpghOCOgsPY2rWvu-6WrYvAaU5RiVg_sVQlOPiNEvmtQFqSOaxuJWwH3xGix5Mf3fnU0zeRYcA1R4Z9IRUgN3ffiuxKHC4Jr7a_4jN2IC66Uwz0RPC9b7uDABjkk5Tr&quot; target=&quot;_blank&quot;&gt;&lt;span style=&quot;color:#000000;&quot;&gt;austdoor.com&lt;/span&gt;&lt;/a&gt;&lt;/span&gt;&lt;/p&gt;\r\n\r\n&lt;p&gt;&lt;span style=&quot;font-size:14px;&quot;&gt;&lt;span style=&quot;color:#000000;&quot;&gt;- Youtube: &lt;/span&gt;&lt;a href=&quot;https://www.youtube.com/cuacuonaustdoor?fbclid=IwAR3E0deQvQ-vpEUk8Tdl0OgzjNHaj75tX1wG0DVCnCR33Sz5hrTTvnGkeuY&quot; target=&quot;_blank&quot;&gt;&lt;span style=&quot;color:#000000;&quot;&gt;https://www.youtube.com/cuacuonaustdoor&lt;/span&gt;&lt;/a&gt;&lt;/span&gt;&lt;/p&gt;\r\n\r\n&lt;p&gt;&lt;span style=&quot;font-size:14px;&quot;&gt;&lt;span style=&quot;color:#000000;&quot;&gt;- Fanpage: &lt;/span&gt;&lt;a href=&quot;https://www.facebook.com/austdoorofficial&quot;&gt;&lt;span style=&quot;color:#000000;&quot;&gt;https://www.facebook.com/austdoorofficial&lt;/span&gt;&lt;/a&gt;&lt;/span&gt;&lt;/p&gt;\r\n\r\n&lt;p&gt;&lt;span style=&quot;color:#000000;&quot;&gt;&lt;span style=&quot;font-size:14px;&quot;&gt;AUSTDOOR - CỬA CUỐN AN TOÀN &amp; THÔNG MINH HÀNG ĐẦU VIỆT NAM!&lt;/span&gt;&lt;/span&gt;&lt;/p&gt;\r\n&lt;/div&gt;\r\n&lt;/div&gt;\r\n&lt;!-- End blog detail --&gt;&lt;/div&gt;', '&lt;p&gt;Thủ tướng Chính phủ đã phê duyệt và giao Bộ Công Thương chủ trì việc thực hiện triển khai đề án bình chọn và trao tặng giải thưởng “Thương hiệu nổi tiếng quốc gia”.&lt;br /&gt;\r\n &lt;/p&gt;', 'https://cdn.bestme.asia/images/adgtopal55/thanhtichgiaithuong3_1.png', '', '', '', 'du-an-thi-cong-cua-nhom-kinh-cho-he-thong-vinmart-7', '', 'image', '', NULL),
(12, 2, 'Cửa cuốn Austdoor Mega - Nhân 3 lợi ích (mua ngay)', '&lt;div class=&quot;content-detail&quot;&gt;\r\n&lt;p&gt;Mega chính là hiện thân của dòng sản phẩm cửa cuốn cao cấp – hiện đại – thông thoáng được khách hàng lựa chọn nhiều nhất của Austdoor.&lt;/p&gt;\r\n\r\n&lt;div class=&quot;content-detail&quot;&gt;\r\n&lt;p&gt;Với thiết kế hiện đại, cửa cuốn MEGA đáp ứng tối đa nhu cầu sử dụng với 3 tính năng nổi trội:&lt;/p&gt;\r\n\r\n&lt;ul&gt;\r\n	&lt;li&gt;&lt;strong&gt;Nan cửa bản lớn, phẳng hiện đại&lt;/strong&gt;&lt;/li&gt;\r\n&lt;/ul&gt;\r\n\r\n&lt;p style=&quot;text-align: center;&quot;&gt;&lt;strong&gt;​&lt;img alt=&quot;&quot; src=&quot;https://austdoor.com/upload_images/images/M2.jpg&quot; style=&quot;width: 700px; height: 700px;&quot; /&gt;&lt;/strong&gt;&lt;/p&gt;\r\n\r\n&lt;ul&gt;\r\n	&lt;li&gt;&lt;strong&gt;Thiết kế ô thoáng PC kích thước lớn giúp đối lưu không khí, kết hợp gioăng giảm chấn giúp cửa vận hành êm ái&lt;/strong&gt;&lt;/li&gt;\r\n&lt;/ul&gt;\r\n\r\n&lt;p style=&quot;text-align: center;&quot;&gt;&lt;strong&gt;​&lt;img alt=&quot;&quot; src=&quot;https://austdoor.com/upload_images/images/M4.jpg&quot; style=&quot;width: 700px; height: 700px;&quot; /&gt;&lt;/strong&gt;&lt;/p&gt;\r\n\r\n&lt;ul&gt;\r\n	&lt;li&gt;&lt;strong&gt;Thiết kế chân gài cứng vững, chắc chắn, đảm bảo các nan cửa vận hành bền bỉ, an toàn &lt;/strong&gt;&lt;/li&gt;\r\n&lt;/ul&gt;\r\n\r\n&lt;p style=&quot;text-align: center;&quot;&gt;&lt;strong&gt;​&lt;img alt=&quot;&quot; src=&quot;https://austdoor.com/upload_images/images/M3.jpg&quot; style=&quot;width: 700px; height: 700px;&quot; /&gt;&lt;/strong&gt;&lt;/p&gt;\r\n\r\n&lt;p&gt;Bên cạnh đó, Mega được tích hợp nhiều tính năng an toàn như: Hệ thống bảo vệ kép Dual Safe tự động đảo chiều khi gặp vật cản, còi báo động, cảm biến khói... mang lại sự an tâm khi sử dụng.&lt;/p&gt;\r\n\r\n&lt;p&gt;Với cửa cuốn MEGA, gia đình không chỉ được bảo vệ an toàn mà còn mang lại vẻ đẹp hiện đại cho ngôi nhà.&lt;/p&gt;\r\n\r\n&lt;p&gt;Và hãy nhớ, Austdoor - cửa cuốn an toàn và thông minh là lựa chọn an tâm cho gia đình.&lt;/p&gt;\r\n\r\n&lt;p&gt;Mọi thắc mắc về sản phẩm, Quý Khách hàng vui lòng liên hệ:&lt;/p&gt;\r\n\r\n&lt;p&gt;- Hotline: 1900 6828&lt;/p&gt;\r\n\r\n&lt;p&gt;- Website: &lt;a href=&quot;https://l.facebook.com/l.php?u=http%3A%2F%2Faustdoor.com%2F%3Ffbclid%3DIwAR3I9Iyf_B6sHXgjPrEguFWBvoUy93HmDOTOFXSzy8B7OYa0fqtt8MybdBI&amp;amp;h=AT0wLmRG_PsqAuOmSZaLbp0m3HFV4AGrMVE1ERsERhTeqS6fz7ffXoA-3Ot1ipdJRi0ExXYtbCN4nxJowuzzF-_kXAK3-t7xhD4vUQR7OL9s0hTU-PRVqb99AFavAKiXV4FM&amp;amp;__tn__=-UK-R&amp;amp;c%5b0%5d=AT26pM4GYsoR9W3ME_0NSSx2WvhJ7NcaNujRJYbYqk_nvYiZ0yzu1clV_N7Z9jY_aBDtZK7VdjpghOCOgsPY2rWvu-6WrYvAaU5RiVg_sVQlOPiNEvmtQFqSOaxuJWwH3xGix5Mf3fnU0zeRYcA1R4Z9IRUgN3ffiuxKHC4Jr7a_4jN2IC66Uwz0RPC9b7uDABjkk5Tr&quot; target=&quot;_blank&quot;&gt;austdoor.com&lt;/a&gt;&lt;/p&gt;\r\n\r\n&lt;p&gt;- Youtube: &lt;a href=&quot;https://www.youtube.com/cuacuonaustdoor?fbclid=IwAR3E0deQvQ-vpEUk8Tdl0OgzjNHaj75tX1wG0DVCnCR33Sz5hrTTvnGkeuY&quot; target=&quot;_blank&quot;&gt;https://www.youtube.com/cuacuonaustdoor&lt;/a&gt;&lt;/p&gt;\r\n\r\n&lt;p&gt;- Fanpage: &lt;a href=&quot;https://www.facebook.com/austdoorofficial&quot;&gt;https://www.facebook.com/austdoorofficial&lt;/a&gt;&lt;/p&gt;\r\n\r\n&lt;p&gt;AUSTDOOR - CỬA CUỐN AN TOÀN &amp; THÔNG MINH HÀNG ĐẦU VIỆT NAM!&lt;/p&gt;\r\n\r\n&lt;p&gt;Tham khảo 1 số công trình hiện đại đã sử dụng cửa cuốn Mega:&lt;/p&gt;\r\n\r\n&lt;p style=&quot;text-align: center;&quot;&gt;&lt;img alt=&quot;&quot; src=&quot;https://austdoor.com/upload_images/images/%C4%90L%20Ho%C3%A0ng%20V%C5%A9%20-%20Tuy%C3%AAn%20Quan.jpg&quot; style=&quot;width: 700px; height: 933px;&quot; /&gt;&lt;/p&gt;\r\n\r\n&lt;p style=&quot;text-align: center;&quot;&gt;&lt;img alt=&quot;&quot; src=&quot;https://austdoor.com/upload_images/images/%C4%90L%20Thi%C3%AAn%20T%C3%A2m%20-%20Nha%20Trang.jpg&quot; style=&quot;width: 700px; height: 525px;&quot; /&gt;&lt;/p&gt;\r\n\r\n&lt;p style=&quot;text-align: center;&quot;&gt;&lt;img alt=&quot;&quot; src=&quot;https://austdoor.com/upload_images/images/%C4%90L%20Tr%E1%BB%8Dng%20Ho%C3%A0ng%20H%C6%B0ng%20-%20Nha%20Trang.jpg&quot; style=&quot;width: 700px; height: 525px;&quot; /&gt;&lt;/p&gt;\r\n\r\n&lt;p style=&quot;text-align: center;&quot;&gt;&lt;img alt=&quot;&quot; src=&quot;https://austdoor.com/upload_images/images/z1487773421489_71259909ac40bf7ada6fee4a540ed0e9%20(1).jpg&quot; style=&quot;width: 700px; height: 585px;&quot; /&gt;&lt;/p&gt;\r\n\r\n&lt;p style=&quot;text-align: center;&quot;&gt;&lt;img alt=&quot;&quot; src=&quot;https://austdoor.com/upload_images/images/shutterstock_188107259%202.jpg&quot; style=&quot;width: 700px; height: 509px;&quot; /&gt;&lt;/p&gt;\r\n&lt;/div&gt;\r\n&lt;/div&gt;', '&lt;p&gt;Mega chính là hiện thân của dòng sản phẩm cửa cuốn cao cấp – hiện đại – thông thoáng được khách hàng lựa chọn nhiều nhất của Austdoor.&lt;/p&gt;', 'https://cdn.bestme.asia/images/adgtopal55/tintuc11.jpg', '', '', '', 'cua-cuon-austdoor-mega-nhan-3-loi-ich-mua-ngay', '', 'image', '', NULL),
(13, 2, '3 Nhiệm vụ chính mùa cao điểm xây dựng', '&lt;div class=&quot;content-detail&quot;&gt;\r\n&lt;p&gt;Mùa cao điểm xây dựng đang bắt đầu, nhu cầu về cửa cuốn đang tăng cao hơn bao giờ hết. Austdoor vẫn đang thực hiện tốt 3 NHIỆM VỤ CHÍNH để phục vụ khách hàng:&lt;/p&gt;\r\n\r\n&lt;ul&gt;\r\n	&lt;li&gt;&lt;strong&gt;CUNG CẤP SẢN PHẨM AN TOÀN&lt;/strong&gt;&lt;/li&gt;\r\n&lt;/ul&gt;\r\n\r\n&lt;p style=&quot;text-align: center;&quot;&gt;&lt;img alt=&quot;&quot; src=&quot;https://austdoor.com/upload_images/images/N2.jpg&quot; style=&quot;width: 500px; height: 500px;&quot; /&gt;&lt;/p&gt;\r\n\r\n&lt;p style=&quot;text-align: justify;&quot;&gt;Sở hữu dây chuyền sản xuất hiện đại bậc nhất Việt Nam, Austdoor luôn mang đến cho người tiêu dùng những sản phẩm chất lượng cao, an toàn và bền bỉ.&lt;/p&gt;\r\n\r\n&lt;ul&gt;\r\n	&lt;li&gt;&lt;strong&gt;TIÊN PHONG CÔNG NGHỆ THÔNG MINH&lt;/strong&gt;&lt;/li&gt;\r\n&lt;/ul&gt;\r\n\r\n&lt;p style=&quot;text-align: center;&quot;&gt;&lt;img alt=&quot;&quot; src=&quot;https://austdoor.com/upload_images/images/N3.jpg&quot; style=&quot;width: 500px; height: 500px;&quot; /&gt;&lt;/p&gt;\r\n\r\n&lt;p style=&quot;text-align: justify;&quot;&gt;Austdoor tự hào là đơn vị tiên phong nghiên cứu và đưa ra những công nghệ cửa cuốn hiện đại nhất, giúp quá trình sử dụng của khách hàng được thuận tiện, dễ dàng, cùng những trải nghiệm đỉnh cao hàng đầu.&lt;/p&gt;\r\n\r\n&lt;ul&gt;\r\n	&lt;li&gt;&lt;strong&gt;ĐẨY LÙI HÀNG GIẢ, HÀNG NHÁI&lt;/strong&gt;&lt;/li&gt;\r\n&lt;/ul&gt;\r\n\r\n&lt;p style=&quot;text-align: center;&quot;&gt;&lt;img alt=&quot;&quot; src=&quot;https://austdoor.com/upload_images/images/N4.jpg&quot; style=&quot;width: 500px; height: 500px;&quot; /&gt;&lt;/p&gt;\r\n\r\n&lt;p style=&quot;text-align: justify;&quot;&gt;Không chỉ nỗ lực mang đến cho người dùng những sản phẩm an toàn và thông minh hàng đầu Việt Nam, Austdoor còn thường xuyên kiểm tra và xử lý những trường hợp làm giả, nhái cửa cuốn Austdoor gây ảnh hưởng đến thương hiệu và sự an toàn của khách hàng.&lt;/p&gt;\r\n\r\n&lt;p&gt;Bảo vệ quyền lợi người tiêu dùng là mục tiêu quan trọng nhất, là kim chỉ nam cho mọi hoạt động, Austdoor luôn mang đến những sản phẩm chất lượng cùng những trải nghiệm đỉnh cao, làm hài lòng hàng triệu khách hàng Việt.&lt;/p&gt;\r\n\r\n&lt;p&gt;-----------&lt;/p&gt;\r\n\r\n&lt;p&gt;Và hãy nhớ, Austdoor - cửa cuốn an toàn và thông minh là lựa chọn an tâm cho gia đình.&lt;/p&gt;\r\n\r\n&lt;p&gt;Mọi thắc mắc về sản phẩm, Quý Khách hàng vui lòng liên hệ:&lt;/p&gt;\r\n\r\n&lt;p&gt;- Hotline: 1900 6828&lt;/p&gt;\r\n\r\n&lt;p&gt;- Website: &lt;a href=&quot;https://l.facebook.com/l.php?u=http%3A%2F%2Faustdoor.com%2F%3Ffbclid%3DIwAR3I9Iyf_B6sHXgjPrEguFWBvoUy93HmDOTOFXSzy8B7OYa0fqtt8MybdBI&amp;amp;h=AT0wLmRG_PsqAuOmSZaLbp0m3HFV4AGrMVE1ERsERhTeqS6fz7ffXoA-3Ot1ipdJRi0ExXYtbCN4nxJowuzzF-_kXAK3-t7xhD4vUQR7OL9s0hTU-PRVqb99AFavAKiXV4FM&amp;amp;__tn__=-UK-R&amp;amp;c%5b0%5d=AT26pM4GYsoR9W3ME_0NSSx2WvhJ7NcaNujRJYbYqk_nvYiZ0yzu1clV_N7Z9jY_aBDtZK7VdjpghOCOgsPY2rWvu-6WrYvAaU5RiVg_sVQlOPiNEvmtQFqSOaxuJWwH3xGix5Mf3fnU0zeRYcA1R4Z9IRUgN3ffiuxKHC4Jr7a_4jN2IC66Uwz0RPC9b7uDABjkk5Tr&quot; target=&quot;_blank&quot;&gt;austdoor.com&lt;/a&gt;&lt;/p&gt;\r\n\r\n&lt;p&gt;- Youtube: &lt;a href=&quot;https://www.youtube.com/cuacuonaustdoor?fbclid=IwAR3E0deQvQ-vpEUk8Tdl0OgzjNHaj75tX1wG0DVCnCR33Sz5hrTTvnGkeuY&quot; target=&quot;_blank&quot;&gt;https://www.youtube.com/cuacuonaustdoor&lt;/a&gt;&lt;/p&gt;\r\n\r\n&lt;p&gt;- Fanpage: &lt;a href=&quot;https://www.facebook.com/austdoorofficial&quot;&gt;https://www.facebook.com/austdoorofficial&lt;/a&gt;&lt;/p&gt;\r\n\r\n&lt;p&gt;AUSTDOOR - CỬA CUỐN AN TOÀN &amp; THÔNG MINH HÀNG ĐẦU VIỆT NAM!&lt;/p&gt;\r\n&lt;/div&gt;', '&lt;p&gt;Mùa cao điểm xây dựng đang bắt đầu, nhu cầu về cửa cuốn đang tăng cao hơn bao giờ hết. Austdoor vẫn đang thực hiện tốt 3 NHIỆM VỤ CHÍNH để phục vụ khách hàng:&lt;/p&gt;', 'https://cdn.bestme.asia/images/adgtopal55/tintuc5.png', '', '', '', '3-nhiem-vu-quan-trong-mua-cao-diem-xay-dung', '', 'image', '', NULL),
(14, 2, 'Bí kíp lựa chọn cửa cuốn phong thủy Austdoor', '&lt;div class=&quot;row&quot;&gt;\r\n&lt;div class=&quot;col-12 col-lg-8 news-detail news-item mx-auto my-0 my-lg-3&quot;&gt;\r\n&lt;div class=&quot;content-detail&quot;&gt;\r\n&lt;p dir=&quot;ltr&quot; style=&quot;line-height:1.295;text-align: justify;margin-top:0pt;margin-bottom:8pt;&quot;&gt;&lt;span style=&quot;color:#000000;&quot;&gt;&lt;span style=&quot;font-size:14px;&quot;&gt;&lt;span id=&quot;docs-internal-guid-605bbff0-7fff-562a-65ac-d55c6c5d8a8e&quot;&gt;&lt;span style=&quot;font-family: Arial; font-weight: 700; font-variant-numeric: normal; font-variant-east-asian: normal; vertical-align: baseline; white-space: pre-wrap;&quot;&gt;Vừa ra mắt, các sản phẩm cửa cuốn phong thủy của Austdoor đang khiến người tiêu dùng quan tâm và thích thú tìm hiểu. &lt;/span&gt;&lt;/span&gt;&lt;/span&gt;&lt;/span&gt;&lt;/p&gt;\r\n\r\n&lt;p dir=&quot;ltr&quot; style=&quot;line-height:1.295;text-align: justify;margin-top:0pt;margin-bottom:8pt;&quot;&gt;&lt;span style=&quot;color:#000000;&quot;&gt;&lt;span style=&quot;font-size:14px;&quot;&gt;&lt;span id=&quot;docs-internal-guid-605bbff0-7fff-562a-65ac-d55c6c5d8a8e&quot;&gt;&lt;span style=&quot;font-family: Arial; font-variant-numeric: normal; font-variant-east-asian: normal; vertical-align: baseline; white-space: pre-wrap;&quot;&gt;Theo đó, bộ sưu tập cửa cuốn phong thủy Austdoor sẽ có 5 loại cửa ứng với 5 loại kích thước thuộc cung đẹp trong phong thủy như Hoạch Tài, Phát Đạt, Văn Chương, Thi Thơ, Đại Tài; với nhiều mẫu mã đa dạng, giúp khách hàng dễ dàng lựa chọn theo mong muốn. &lt;/span&gt;&lt;/span&gt;&lt;/span&gt;&lt;/span&gt;&lt;/p&gt;\r\n\r\n&lt;p dir=&quot;ltr&quot; style=&quot;line-height:1.295;text-align: justify;margin-top:0pt;margin-bottom:8pt;&quot;&gt;&lt;span style=&quot;color:#000000;&quot;&gt;&lt;span style=&quot;font-size:14px;&quot;&gt;&lt;span id=&quot;docs-internal-guid-605bbff0-7fff-562a-65ac-d55c6c5d8a8e&quot;&gt;&lt;span style=&quot;font-family: Arial; font-weight: 700; font-variant-numeric: normal; font-variant-east-asian: normal; vertical-align: baseline; white-space: pre-wrap;&quot;&gt;Phong thủy cửa chính, đón lộc vào nhà &lt;/span&gt;&lt;/span&gt;&lt;/span&gt;&lt;/span&gt;&lt;/p&gt;\r\n\r\n&lt;p dir=&quot;ltr&quot; style=&quot;line-height:1.295;text-align: justify;margin-top:0pt;margin-bottom:8pt;&quot;&gt;&lt;span style=&quot;color:#000000;&quot;&gt;&lt;span style=&quot;font-size:14px;&quot;&gt;&lt;span id=&quot;docs-internal-guid-605bbff0-7fff-562a-65ac-d55c6c5d8a8e&quot;&gt;&lt;span style=&quot;font-family: Arial; font-variant-numeric: normal; font-variant-east-asian: normal; vertical-align: baseline; white-space: pre-wrap;&quot;&gt;Khoa học phong thuỷ trong lĩnh vực xây dựng, kiến trúc dựa trên sự hình thành, phát triển và các quy luật về tự nhiên, tập trung vào các yếu tố phương hướng, địa lý, kích thước... Những công trình tốt không chỉ đảm bảo sự tiện nghi, thẩm mỹ, đáp ứng tốt nhu cầu sử dụng của gia chủ; mà còn được thiết kế, xây dựng phù hợp với các điều kiện ngoại cảnh, bên cạnh đó, chính là sự hoà hợp với thiên nhiên trời đất, hợp với tuổi, mệnh... của gia chủ. &lt;/span&gt;&lt;/span&gt;&lt;/span&gt;&lt;/span&gt;&lt;/p&gt;\r\n\r\n&lt;p dir=&quot;ltr&quot; style=&quot;line-height:1.295;text-align: justify;margin-top:0pt;margin-bottom:8pt;&quot;&gt;&lt;span style=&quot;color:#000000;&quot;&gt;&lt;span style=&quot;font-size:14px;&quot;&gt;&lt;span id=&quot;docs-internal-guid-605bbff0-7fff-562a-65ac-d55c6c5d8a8e&quot;&gt;&lt;span style=&quot;font-family: Arial; background-color: transparent; font-variant-numeric: normal; font-variant-east-asian: normal; vertical-align: baseline; white-space: pre-wrap;&quot;&gt;Khi đã xác định được vị trí, hướng cửa, thì kích thước cửa chính là một tiêu chí quan trọng trong phong thủy hiện đại. Chúng vừa quyết định yếu tố công năng, thẩm mỹ, vừa có ý nghĩa phong thủy của toàn bộ ngôi nhà; vì vậy cần có sự tính toán tỉ mỉ, cẩn thận trước khi lựa chọn số đo cửa để đảm bảo phù hợp, tương xứng với công trình. &lt;/span&gt;&lt;/span&gt;&lt;/span&gt;&lt;/span&gt;&lt;/p&gt;\r\n\r\n&lt;p dir=&quot;ltr&quot; style=&quot;line-height:1.295;text-align: center;margin-top:0pt;margin-bottom:8pt;&quot;&gt;&lt;span style=&quot;color:#000000;&quot;&gt;&lt;span style=&quot;font-size:14px;&quot;&gt;&lt;span id=&quot;docs-internal-guid-605bbff0-7fff-562a-65ac-d55c6c5d8a8e&quot;&gt;&lt;span style=&quot;font-family: Arial; background-color: transparent; font-variant-numeric: normal; font-variant-east-asian: normal; vertical-align: baseline; white-space: pre-wrap;&quot;&gt;&lt;span style=&quot;&quot;&gt;&lt;img alt=&quot;Text\r\n\r\nDescription automatically generated&quot; height=&quot;269&quot; src=&quot;https://cdn.bestme.asia/images/adgtopalvp/1.png&quot; style=&quot;margin-left:0px;margin-top:0px;&quot; width=&quot;478&quot; /&gt;&lt;/span&gt;&lt;/span&gt;&lt;/span&gt;&lt;/span&gt;&lt;/span&gt;&lt;/p&gt;\r\n\r\n&lt;p dir=&quot;ltr&quot; style=&quot;line-height:1.295;text-align: center;margin-top:0pt;margin-bottom:8pt;&quot;&gt;&lt;span style=&quot;color:#000000;&quot;&gt;&lt;span style=&quot;font-size:14px;&quot;&gt;&lt;span id=&quot;docs-internal-guid-605bbff0-7fff-562a-65ac-d55c6c5d8a8e&quot;&gt;&lt;span style=&quot;font-family: Arial; background-color: transparent; font-style: italic; font-variant-numeric: normal; font-variant-east-asian: normal; vertical-align: baseline; white-space: pre-wrap;&quot;&gt;Phong thủy cửa chính, mối quan tâm tài lộc của nhiều người&lt;/span&gt;&lt;/span&gt;&lt;/span&gt;&lt;/span&gt;&lt;/p&gt;\r\n\r\n&lt;p dir=&quot;ltr&quot; style=&quot;line-height:1.295;text-align: justify;margin-top:0pt;margin-bottom:8pt;&quot;&gt;&lt;span style=&quot;color:#000000;&quot;&gt;&lt;span style=&quot;font-size:14px;&quot;&gt;&lt;span id=&quot;docs-internal-guid-605bbff0-7fff-562a-65ac-d55c6c5d8a8e&quot;&gt;&lt;span style=&quot;font-family: Arial; background-color: transparent; font-variant-numeric: normal; font-variant-east-asian: normal; vertical-align: baseline; white-space: pre-wrap;&quot;&gt;Với tầm quan trọng đó, rất nhiều khách hàng hiện nay mong muốn lựa chọn các loại cửa phong thuỷ để mang lại tài lộc, may mắn cho gia đình. Nếu trước đây, sản phẩm cửa cuốn chỉ được người dùng quan tâm lựa chọn về công nghệ hiện đại, an toàn, mẫu mã, màu sắc đẹp thì nay, kích thước phù hợp phong thuỷ, bản mệnh chủ nhà là một trong những tiêu chí quan trọng. Nắm bắt được xu hướng, Austdoor đã tiên phong nghiên cứu và giới thiệu tới khách hàng Bộ sưu tập cửa cuốn phong thủy, không chỉ có nền tảng công nghệ thông minh, thẩm mỹ sẵn có mà còn mang đến những mẫu cửa thiết kế riêng với kích thước đẹp, đón tài lộc may mắn.&lt;/span&gt;&lt;/span&gt;&lt;/span&gt;&lt;/span&gt;&lt;/p&gt;\r\n\r\n&lt;p dir=&quot;ltr&quot; style=&quot;line-height:1.295;text-align: justify;margin-top:0pt;margin-bottom:8pt;&quot;&gt;&lt;span style=&quot;color:#000000;&quot;&gt;&lt;span style=&quot;font-size:14px;&quot;&gt;&lt;span id=&quot;docs-internal-guid-605bbff0-7fff-562a-65ac-d55c6c5d8a8e&quot;&gt;&lt;span style=&quot;font-family: Arial; background-color: transparent; font-weight: 700; font-variant-numeric: normal; font-variant-east-asian: normal; vertical-align: baseline; white-space: pre-wrap;&quot;&gt;Nghênh phúc đón tài cùng Austdoor &lt;/span&gt;&lt;/span&gt;&lt;/span&gt;&lt;/span&gt;&lt;/p&gt;\r\n\r\n&lt;p dir=&quot;ltr&quot; style=&quot;line-height:1.295;text-align: justify;margin-top:0pt;margin-bottom:8pt;&quot;&gt;&lt;span style=&quot;color:#000000;&quot;&gt;&lt;span style=&quot;font-size:14px;&quot;&gt;&lt;span id=&quot;docs-internal-guid-605bbff0-7fff-562a-65ac-d55c6c5d8a8e&quot;&gt;&lt;span style=&quot;font-family: Arial; background-color: transparent; font-variant-numeric: normal; font-variant-east-asian: normal; vertical-align: baseline; white-space: pre-wrap;&quot;&gt;Lấy cảm hứng từ chính nhu cầu của người dân Việt Nam và quan niệm phong thủy hiện đại, bộ sưu tập cửa cuốn lần này của Austdoor đã lựa chọn ra những kích thước cửa đẹp với số đo chuẩn theo phong thủy, với nhiều ý nghĩa may mắn khác nhau. Khi lắp đặt những cửa cuốn này, gia chủ cần xác định mong muốn của mình về gia đạo, tài lộc hay con cái… từ đó sẽ có những loại cửa phong thủy với kích thước phù hợp.&lt;/span&gt;&lt;/span&gt;&lt;/span&gt;&lt;/span&gt;&lt;/p&gt;\r\n\r\n&lt;p dir=&quot;ltr&quot; style=&quot;line-height:1.295;text-align: justify;margin-top:0pt;margin-bottom:8pt;&quot;&gt;&lt;span style=&quot;color:#000000;&quot;&gt;&lt;span style=&quot;font-size:14px;&quot;&gt;&lt;span id=&quot;docs-internal-guid-605bbff0-7fff-562a-65ac-d55c6c5d8a8e&quot;&gt;&lt;span style=&quot;font-family: Arial; background-color: transparent; font-variant-numeric: normal; font-variant-east-asian: normal; vertical-align: baseline; white-space: pre-wrap;&quot;&gt;Nếu gia chủ mong muốn mọi sự hanh thông, con cái tấn tài danh thì cửa cuốn Đại Tài chính là lựa chọn phù hợp nhất. &lt;/span&gt;&lt;/span&gt;&lt;/span&gt;&lt;/span&gt;&lt;/p&gt;\r\n\r\n&lt;p dir=&quot;ltr&quot; style=&quot;line-height:1.295;text-align: center;margin-top:0pt;margin-bottom:8pt;&quot;&gt;&lt;span style=&quot;color:#000000;&quot;&gt;&lt;span style=&quot;font-size:14px;&quot;&gt;&lt;span id=&quot;docs-internal-guid-605bbff0-7fff-562a-65ac-d55c6c5d8a8e&quot;&gt;&lt;span style=&quot;font-family: Arial; background-color: transparent; font-variant-numeric: normal; font-variant-east-asian: normal; vertical-align: baseline; white-space: pre-wrap;&quot;&gt;&lt;span style=&quot;&quot;&gt;&lt;img height=&quot;718&quot; src=&quot;https://cdn.bestme.asia/images/adgtopalvp/2.jpg&quot; style=&quot;margin-left:0px;margin-top:0px;&quot; width=&quot;498&quot; /&gt;&lt;/span&gt;&lt;/span&gt;&lt;/span&gt;&lt;/span&gt;&lt;/span&gt;&lt;/p&gt;\r\n\r\n&lt;p dir=&quot;ltr&quot; style=&quot;line-height:1.295;text-align: center;margin-top:0pt;margin-bottom:8pt;&quot;&gt;&lt;span style=&quot;color:#000000;&quot;&gt;&lt;span style=&quot;font-size:14px;&quot;&gt;&lt;span id=&quot;docs-internal-guid-605bbff0-7fff-562a-65ac-d55c6c5d8a8e&quot;&gt;&lt;span style=&quot;font-family: Arial; background-color: transparent; font-style: italic; font-variant-numeric: normal; font-variant-east-asian: normal; vertical-align: baseline; white-space: pre-wrap;&quot;&gt;Cửa cuốn Đại Tài, 1 trong 5 lựa chọn cửa phong thủy của Austdoor&lt;/span&gt;&lt;/span&gt;&lt;/span&gt;&lt;/span&gt;&lt;/p&gt;\r\n\r\n&lt;p dir=&quot;ltr&quot; style=&quot;line-height:1.295;text-align: justify;margin-top:0pt;margin-bottom:8pt;&quot;&gt;&lt;span style=&quot;color:#000000;&quot;&gt;&lt;span style=&quot;font-size:14px;&quot;&gt;&lt;span id=&quot;docs-internal-guid-605bbff0-7fff-562a-65ac-d55c6c5d8a8e&quot;&gt;&lt;span style=&quot;font-family: Arial; background-color: transparent; font-variant-numeric: normal; font-variant-east-asian: normal; vertical-align: baseline; white-space: pre-wrap;&quot;&gt;Hay đối với những hộ kinh doanh&lt;/span&gt;&lt;span style=&quot;font-family: Arial; background-color: transparent; font-weight: 700; font-variant-numeric: normal; font-variant-east-asian: normal; vertical-align: baseline; white-space: pre-wrap;&quot;&gt; &lt;/span&gt;&lt;span style=&quot;font-family: Arial; background-color: transparent; font-variant-numeric: normal; font-variant-east-asian: normal; vertical-align: baseline; white-space: pre-wrap;&quot;&gt;mong muốn tài lộc, làm ăn phát đạt, tài lộc vào nhà thì cửa cuốn Phát Đạt là gợi ý sáng giá. &lt;/span&gt;&lt;/span&gt;&lt;/span&gt;&lt;/span&gt;&lt;/p&gt;\r\n\r\n&lt;p dir=&quot;ltr&quot; style=&quot;line-height:1.295;text-align: justify;margin-top:0pt;margin-bottom:8pt;&quot;&gt;&lt;span style=&quot;color:#000000;&quot;&gt;&lt;span style=&quot;font-size:14px;&quot;&gt;&lt;span id=&quot;docs-internal-guid-605bbff0-7fff-562a-65ac-d55c6c5d8a8e&quot;&gt;&lt;span style=&quot;font-family: Arial; background-color: transparent; font-variant-numeric: normal; font-variant-east-asian: normal; vertical-align: baseline; white-space: pre-wrap;&quot;&gt;Còn đối với gia đình mong muốn con cái thông minh, hiếu học, gia đạo yên vui, cửa cuốn Văn Chương là lựa chọn phù hợp…&lt;/span&gt;&lt;/span&gt;&lt;/span&gt;&lt;/span&gt;&lt;/p&gt;\r\n\r\n&lt;p dir=&quot;ltr&quot; style=&quot;line-height:1.295;text-align: justify;margin-top:0pt;margin-bottom:8pt;&quot;&gt;&lt;span style=&quot;color:#000000;&quot;&gt;&lt;span style=&quot;font-size:14px;&quot;&gt;&lt;span id=&quot;docs-internal-guid-605bbff0-7fff-562a-65ac-d55c6c5d8a8e&quot;&gt;&lt;span style=&quot;font-family: Arial; background-color: transparent; font-variant-numeric: normal; font-variant-east-asian: normal; vertical-align: baseline; white-space: pre-wrap;&quot;&gt;Để giúp cho khách hàng tiếp cận trực quan và dễ dàng hơn với bộ sưu tập mới, Austdoor cũng đã thiết kế các &lt;/span&gt;&lt;span style=&quot;font-family: Arial; font-variant-numeric: normal; font-variant-east-asian: normal; vertical-align: baseline; white-space: pre-wrap;&quot;&gt;tài liệu bán hàng trực tuyến e-catalogue, hay các phiên bản giới thiệu sản phẩm ứng dụng trí tuệ nhân tạo (Ai), công cụ hướng dẫn sử dụng thước Lỗ Ban 52,2cm phiên bản “online”….  Đây là những ứng dụng số hóa hiện đại mà thương hiệu này tích cực triển khai ứng dụng trong thời gian qua, hứa hẹn mang lại nhiều trải nghiệm mới cho khách hàng. &lt;/span&gt;&lt;/span&gt;&lt;/span&gt;&lt;/span&gt;&lt;/p&gt;\r\n\r\n&lt;p dir=&quot;ltr&quot; style=&quot;line-height:1.295;text-align: center;margin-top:0pt;margin-bottom:8pt;&quot;&gt;&lt;span style=&quot;color:#000000;&quot;&gt;&lt;span style=&quot;font-size:14px;&quot;&gt;&lt;span id=&quot;docs-internal-guid-605bbff0-7fff-562a-65ac-d55c6c5d8a8e&quot;&gt;&lt;span style=&quot;font-family: Arial; font-variant-numeric: normal; font-variant-east-asian: normal; vertical-align: baseline; white-space: pre-wrap;&quot;&gt;&lt;span style=&quot;&quot;&gt;&lt;img height=&quot;499&quot; src=&quot;https://cdn.bestme.asia/images/adgtopalvp/3.png&quot; style=&quot;margin-left:0px;margin-top:0px;&quot; width=&quot;&quot; /&gt;&lt;/span&gt;&lt;/span&gt;&lt;/span&gt;&lt;/span&gt;&lt;/span&gt;&lt;/p&gt;\r\n\r\n&lt;p dir=&quot;ltr&quot; style=&quot;line-height:1.295;text-align: center;margin-top:0pt;margin-bottom:8pt;&quot;&gt;&lt;span style=&quot;color:#000000;&quot;&gt;&lt;span style=&quot;font-size:14px;&quot;&gt;&lt;span id=&quot;docs-internal-guid-605bbff0-7fff-562a-65ac-d55c6c5d8a8e&quot;&gt;&lt;span style=&quot;font-family: Arial; background-color: transparent; font-style: italic; font-variant-numeric: normal; font-variant-east-asian: normal; vertical-align: baseline; white-space: pre-wrap;&quot;&gt;Austdoor ứng dụng công nghệ trí tuệ nhân tạo AI vào giới thiệu sản phẩm&lt;/span&gt;&lt;/span&gt;&lt;/span&gt;&lt;/span&gt;&lt;/p&gt;\r\n\r\n&lt;p dir=&quot;ltr&quot; style=&quot;line-height:1.295;text-align: justify;margin-top:0pt;margin-bottom:8pt;&quot;&gt;&lt;span style=&quot;color:#000000;&quot;&gt;&lt;span style=&quot;font-size:14px;&quot;&gt;&lt;span id=&quot;docs-internal-guid-605bbff0-7fff-562a-65ac-d55c6c5d8a8e&quot;&gt;&lt;span style=&quot;font-family: Arial; background-color: transparent; font-variant-numeric: normal; font-variant-east-asian: normal; vertical-align: baseline; white-space: pre-wrap;&quot;&gt;Là thương hiệu cửa cuốn an toàn và thông minh hàng đầu Việt Nam, Austdoor luôn nỗ lực tìm hiểu, không ngừng nghiên cứu để tạo ra những bộ cửa cuốn thẩm mỹ hiện đại, sử dụng an toàn, an ninh hàng đầu Việt Nam. Bộ sưu tập cửa cuốn phong thủy – Nghênh phúc đón tài lần này sẽ giúp khách hàng có thêm nhiều lựa chọn, đặc biệt hữu ích với các chủ đầu tư, hộ gia đình, kinh doanh chuẩn bị xây dựng công trình, nhà mới; mang may mắn, tài lộc, đặc biệt trong thời điểm Xuân Nhâm Dần 2022 đang tới gần. &lt;/span&gt;&lt;/span&gt;&lt;/span&gt;&lt;/span&gt;&lt;/p&gt;\r\n\r\n&lt;p dir=&quot;ltr&quot; style=&quot;line-height:1.295;text-align: justify;margin-top:0pt;margin-bottom:8pt;&quot;&gt;&lt;span style=&quot;color:#000000;&quot;&gt;&lt;span style=&quot;font-size:14px;&quot;&gt;&lt;span id=&quot;docs-internal-guid-605bbff0-7fff-562a-65ac-d55c6c5d8a8e&quot;&gt;&lt;span style=&quot;font-family: Arial; background-color: transparent; font-variant-numeric: normal; font-variant-east-asian: normal; vertical-align: baseline; white-space: pre-wrap;&quot;&gt;Sản phẩm sẽ ra mắt trước tại thị trường phía Bắc, Trung trước khi cung ứng cho toàn quốc. Để sở hữu sản phẩm của Bộ sưu tập cửa cuốn phong thủy, vui lòng liên hệ Hotline 1900 6828, hoặc truy cập website: austdoor.com để tìm hiểu chi tiết. &lt;/span&gt;&lt;/span&gt;&lt;/span&gt;&lt;/span&gt;&lt;/p&gt;\r\n\r\n&lt;p&gt;&lt;span style=&quot;color:#000000;&quot;&gt;&lt;span style=&quot;font-size: 14px;&quot;&gt;---------------&lt;/span&gt;&lt;/span&gt;&lt;/p&gt;\r\n\r\n&lt;p&gt;&lt;span style=&quot;color:#000000;&quot;&gt;&lt;span style=&quot;font-size:14px;&quot;&gt;Và hãy nhớ, Austdoor - cửa cuốn an toàn và thông minh là lựa chọn an tâm cho gia đình&lt;/span&gt;&lt;/span&gt;&lt;/p&gt;\r\n\r\n&lt;p&gt;&lt;span style=&quot;color:#000000;&quot;&gt;&lt;span style=&quot;font-size:14px;&quot;&gt;- Hotline: 1900 6828&lt;/span&gt;&lt;/span&gt;&lt;/p&gt;\r\n\r\n&lt;p&gt;&lt;span style=&quot;font-size:14px;&quot;&gt;&lt;span style=&quot;color:#000000;&quot;&gt;- Website: &lt;/span&gt;&lt;a href=&quot;https://l.facebook.com/l.php?u=http%3A%2F%2Faustdoor.com%2F%3Ffbclid%3DIwAR3I9Iyf_B6sHXgjPrEguFWBvoUy93HmDOTOFXSzy8B7OYa0fqtt8MybdBI&amp;amp;h=AT0wLmRG_PsqAuOmSZaLbp0m3HFV4AGrMVE1ERsERhTeqS6fz7ffXoA-3Ot1ipdJRi0ExXYtbCN4nxJowuzzF-_kXAK3-t7xhD4vUQR7OL9s0hTU-PRVqb99AFavAKiXV4FM&amp;amp;__tn__=-UK-R&amp;amp;c%5b0%5d=AT26pM4GYsoR9W3ME_0NSSx2WvhJ7NcaNujRJYbYqk_nvYiZ0yzu1clV_N7Z9jY_aBDtZK7VdjpghOCOgsPY2rWvu-6WrYvAaU5RiVg_sVQlOPiNEvmtQFqSOaxuJWwH3xGix5Mf3fnU0zeRYcA1R4Z9IRUgN3ffiuxKHC4Jr7a_4jN2IC66Uwz0RPC9b7uDABjkk5Tr&quot; target=&quot;_blank&quot;&gt;&lt;span style=&quot;color:#000000;&quot;&gt;austdoor.com&lt;/span&gt;&lt;/a&gt;&lt;/span&gt;&lt;/p&gt;\r\n\r\n&lt;p&gt;&lt;span style=&quot;font-size:14px;&quot;&gt;&lt;span style=&quot;color:#000000;&quot;&gt;- Youtube: &lt;/span&gt;&lt;a href=&quot;https://www.youtube.com/cuacuonaustdoor?fbclid=IwAR3E0deQvQ-vpEUk8Tdl0OgzjNHaj75tX1wG0DVCnCR33Sz5hrTTvnGkeuY&quot; target=&quot;_blank&quot;&gt;&lt;span style=&quot;color:#000000;&quot;&gt;https://www.youtube.com/cuacuonaustdoor&lt;/span&gt;&lt;/a&gt;&lt;/span&gt;&lt;/p&gt;\r\n\r\n&lt;p&gt;&lt;span style=&quot;font-size:14px;&quot;&gt;&lt;span style=&quot;color:#000000;&quot;&gt;- Fanpage: &lt;/span&gt;&lt;a href=&quot;https://www.facebook.com/austdoorofficial&quot;&gt;&lt;span style=&quot;color:#000000;&quot;&gt;https://www.facebook.com/austdoorofficial&lt;/span&gt;&lt;/a&gt;&lt;/span&gt;&lt;/p&gt;\r\n\r\n&lt;p&gt;&lt;span style=&quot;color:#000000;&quot;&gt;&lt;span style=&quot;font-size:14px;&quot;&gt;AUSTDOOR - CỬA CUỐN AN TOÀN &amp; THÔNG MINH HÀNG ĐẦU VIỆT NAM!&lt;/span&gt;&lt;/span&gt;&lt;/p&gt;\r\n&lt;/div&gt;\r\n&lt;/div&gt;\r\n&lt;!-- End blog detail --&gt;&lt;/div&gt;', '&lt;p&gt;Vừa ra mắt, các sản phẩm cửa cuốn phong thủy của Austdoor đang khiến người tiêu dùng quan tâm và thích thú tìm hiểu. &lt;/p&gt;', 'https://cdn.bestme.asia/images/adgtopal55/tintuc6.jpg', '', '', '', 'bi-kip-lua-chon-cua-cuon-phong-thuy-austdoor', '', 'image', '', NULL),
(3, 2, 'Ứng dụng số hóa trong giới thiệu sản phẩm mới', '&lt;p&gt;Bộ sưu tập cửa cuốn phong thủy - Nghênh phúc đón tài của Austdoor, mang dấu ấn riêng bản khi được ứng dụng các công cụ số hóa mạnh mẽ trong công tác bán hàng, giới thiệu sản phẩm nhằm hỗ trợ tối ưu cho Quý Đại lý và người tiêu dùng tiếp cận nhanh chóng, trực quan và sinh động hơn với sản phẩm của Austdoor.&lt;/p&gt;\r\n\r\n&lt;div class=&quot;content-detail&quot;&gt;\r\n&lt;p style=&quot;text-align: center;&quot;&gt;&lt;img alt=&quot;&quot; src=&quot;https://austdoor.com//upload_images/images/790f5ed4014ec910905f.jpg&quot; style=&quot;width: 700px; height: 394px;&quot; /&gt;&lt;br /&gt;\r\n&lt;br /&gt;\r\n&lt;em&gt;Tài liệu bán hàng Online, tiện dụng, dễ dàng, mọi lúc, mọi nơi&lt;/em&gt;&lt;/p&gt;\r\n\r\n&lt;p&gt;Có thể kể đến như: Tài liệu bán hàng trực tuyến e-catalogue, hay các phiên bản giới thiệu sản phẩm ứng dụng trí tuệ nhân tạo (Ai), cùng đầy đủ công cụ hướng dẫn sử dụng thước Lỗ Ban 52,2cm…&lt;/p&gt;\r\n\r\n&lt;p style=&quot;text-align: center;&quot;&gt;&lt;img alt=&quot;&quot; src=&quot;https://austdoor.com//upload_images/images/c60d4106189cd0c2898d.jpg&quot; style=&quot;width: 700px; height: 394px;&quot; /&gt;&lt;/p&gt;\r\n\r\n&lt;p style=&quot;text-align: center;&quot;&gt;&lt;em&gt;Số hóa các tài liệu bán hàng của Đại lý&lt;/em&gt;&lt;/p&gt;\r\n\r\n&lt;p style=&quot;text-align: center;&quot;&gt;&lt;img alt=&quot;&quot; src=&quot;https://austdoor.com//upload_images/images/bd0528cc8a6942371b78.jpg&quot; style=&quot;width: 700px; height: 394px;&quot; /&gt;&lt;/p&gt;\r\n\r\n&lt;p style=&quot;text-align: center;&quot;&gt;&lt;em&gt;MC AI - công nghệ trí tuệ nhân tạo&lt;/em&gt;&lt;/p&gt;\r\n\r\n&lt;p style=&quot;text-align: center;&quot;&gt;&lt;em&gt;&lt;img alt=&quot;&quot; src=&quot;https://austdoor.com//upload_images/images/ac37e74e39ebf1b5a8fa.jpg&quot; style=&quot;width: 700px; height: 394px;&quot; /&gt;&lt;/em&gt;&lt;/p&gt;\r\n\r\n&lt;p style=&quot;text-align: center;&quot;&gt;&lt;i&gt;Web_Hub đồng bộ giữa mọi nền tảng&lt;/i&gt;&lt;/p&gt;\r\n\r\n&lt;p style=&quot;text-align: center;&quot;&gt;&lt;i&gt;&lt;img alt=&quot;&quot; src=&quot;https://austdoor.com//upload_images/images/f93e6baeb20b7a55231a.jpg&quot; style=&quot;width: 700px; height: 394px;&quot; /&gt;&lt;/i&gt;&lt;/p&gt;\r\n\r\n&lt;p style=&quot;text-align: center;&quot;&gt;&lt;i&gt;Tài liệu hướng dẫn trực quan, sinh động&lt;/i&gt;&lt;/p&gt;\r\n\r\n&lt;p style=&quot;text-align: justify;&quot;&gt;Chắc chắn rằng, với việc tiên phong ứng dụng số hóa để thích hợp với xu hướng phát triển của hiện tại &amp; tương lai, bộ sản phẩm mới của Austdoor sẽ tiếp tục ghi dấu ấn mạnh mẽ và chiếm được lòng tin yêu của đông đảo khách hàng.&lt;/p&gt;\r\n\r\n&lt;p&gt;Xem thêm &lt;a href=&quot;https://www.youtube.com/watch?v=HV72p9m4BAc&quot;&gt;&lt;span style=&quot;color:#FF0000;&quot;&gt;&lt;strong&gt;tại đây&lt;/strong&gt;&lt;/span&gt;&lt;/a&gt; &lt;/p&gt;\r\n\r\n&lt;p&gt; -----------&lt;/p&gt;\r\n\r\n&lt;p&gt;Mọi thắc mắc về sản phẩm, Quý Khách hàng vui lòng liên hệ:&lt;/p&gt;\r\n\r\n&lt;p&gt;✅ Hotline: 1900 6828&lt;/p&gt;\r\n\r\n&lt;p&gt;✅ Website: austdoor.com&lt;/p&gt;\r\n\r\n&lt;p&gt;✅ Youtube: &lt;a href=&quot;https://www.youtube.com/cuacuonaustdoor&quot; spellcheck=&quot;false&quot;&gt;https://www.youtube.com/cuacuonaustdoor&lt;/a&gt;&lt;/p&gt;\r\n\r\n&lt;p&gt;✅ Fanpage: &lt;a href=&quot;https://www.facebook.com/austdoorofficial&quot;&gt;https://www.facebook.com/austdoorofficial&lt;/a&gt;&lt;/p&gt;\r\n\r\n&lt;p&gt;AUSTDOOR - CỬA CUỐN AN TOÀN &amp; THÔNG MINH HÀNG ĐẦU VIỆT NAM!&lt;/p&gt;\r\n\r\n&lt;p&gt;&lt;a href=&quot;https://www.youtube.com/hashtag/austdoor&quot;&gt;#austdoor&lt;/a&gt; ​​ &lt;a href=&quot;https://www.youtube.com/hashtag/cuacuon&quot; spellcheck=&quot;false&quot;&gt;#cuacuon&lt;/a&gt; ​ &lt;a href=&quot;https://www.youtube.com/hashtag/antoan&quot; spellcheck=&quot;false&quot;&gt;#antoan&lt;/a&gt; ​ &lt;a href=&quot;https://www.youtube.com/hashtag/thongminh&quot; spellcheck=&quot;false&quot;&gt;#thongminh&lt;/a&gt; &lt;a href=&quot;https://www.youtube.com/hashtag/phongthuy&quot; spellcheck=&quot;false&quot;&gt;#phongthuy&lt;/a&gt;&lt;/p&gt;\r\n&lt;/div&gt;', '&lt;p&gt;Bộ sưu tập cửa cuốn phong thủy - Nghênh phúc đón tài của Austdoor, mang dấu ấn riêng bản khi được ứng dụng các công cụ số hóa mạnh mẽ trong công tác bán hàng, giới thiệu sản phẩm nhằm hỗ trợ tối ưu cho Quý Đại lý và người tiêu dùng tiếp cận nhanh chóng, trực quan và sinh động hơn với sản phẩm của Austdoor.&lt;/p&gt;', 'https://cdn.bestme.asia/images/adgtopal55/tintuc7.jpg', '', '', '', 'ung-dung-so-hoa-trong-gioi-thieu-san-pham-moi', '', 'image', '', NULL),
(15, 2, 'Bí kíp lựa chọn cửa cuốn phong thủy Austdoor', '&lt;div class=&quot;row&quot;&gt;\r\n&lt;div class=&quot;col-12 col-lg-8 news-detail news-item mx-auto my-0 my-lg-3&quot;&gt;\r\n&lt;div class=&quot;content-detail&quot;&gt;\r\n&lt;p dir=&quot;ltr&quot; style=&quot;line-height:1.295;text-align: justify;margin-top:0pt;margin-bottom:8pt;&quot;&gt;&lt;span style=&quot;color:#000000;&quot;&gt;&lt;span style=&quot;font-size:14px;&quot;&gt;&lt;span id=&quot;docs-internal-guid-605bbff0-7fff-562a-65ac-d55c6c5d8a8e&quot;&gt;&lt;span style=&quot;font-family: Arial; font-weight: 700; font-variant-numeric: normal; font-variant-east-asian: normal; vertical-align: baseline; white-space: pre-wrap;&quot;&gt;Vừa ra mắt, các sản phẩm cửa cuốn phong thủy của Austdoor đang khiến người tiêu dùng quan tâm và thích thú tìm hiểu. &lt;/span&gt;&lt;/span&gt;&lt;/span&gt;&lt;/span&gt;&lt;/p&gt;\r\n\r\n&lt;p dir=&quot;ltr&quot; style=&quot;line-height:1.295;text-align: justify;margin-top:0pt;margin-bottom:8pt;&quot;&gt;&lt;span style=&quot;color:#000000;&quot;&gt;&lt;span style=&quot;font-size:14px;&quot;&gt;&lt;span id=&quot;docs-internal-guid-605bbff0-7fff-562a-65ac-d55c6c5d8a8e&quot;&gt;&lt;span style=&quot;font-family: Arial; font-variant-numeric: normal; font-variant-east-asian: normal; vertical-align: baseline; white-space: pre-wrap;&quot;&gt;Theo đó, bộ sưu tập cửa cuốn phong thủy Austdoor sẽ có 5 loại cửa ứng với 5 loại kích thước thuộc cung đẹp trong phong thủy như Hoạch Tài, Phát Đạt, Văn Chương, Thi Thơ, Đại Tài; với nhiều mẫu mã đa dạng, giúp khách hàng dễ dàng lựa chọn theo mong muốn. &lt;/span&gt;&lt;/span&gt;&lt;/span&gt;&lt;/span&gt;&lt;/p&gt;\r\n\r\n&lt;p dir=&quot;ltr&quot; style=&quot;line-height:1.295;text-align: justify;margin-top:0pt;margin-bottom:8pt;&quot;&gt;&lt;span style=&quot;color:#000000;&quot;&gt;&lt;span style=&quot;font-size:14px;&quot;&gt;&lt;span id=&quot;docs-internal-guid-605bbff0-7fff-562a-65ac-d55c6c5d8a8e&quot;&gt;&lt;span style=&quot;font-family: Arial; font-weight: 700; font-variant-numeric: normal; font-variant-east-asian: normal; vertical-align: baseline; white-space: pre-wrap;&quot;&gt;Phong thủy cửa chính, đón lộc vào nhà &lt;/span&gt;&lt;/span&gt;&lt;/span&gt;&lt;/span&gt;&lt;/p&gt;\r\n\r\n&lt;p dir=&quot;ltr&quot; style=&quot;line-height:1.295;text-align: justify;margin-top:0pt;margin-bottom:8pt;&quot;&gt;&lt;span style=&quot;color:#000000;&quot;&gt;&lt;span style=&quot;font-size:14px;&quot;&gt;&lt;span id=&quot;docs-internal-guid-605bbff0-7fff-562a-65ac-d55c6c5d8a8e&quot;&gt;&lt;span style=&quot;font-family: Arial; font-variant-numeric: normal; font-variant-east-asian: normal; vertical-align: baseline; white-space: pre-wrap;&quot;&gt;Khoa học phong thuỷ trong lĩnh vực xây dựng, kiến trúc dựa trên sự hình thành, phát triển và các quy luật về tự nhiên, tập trung vào các yếu tố phương hướng, địa lý, kích thước... Những công trình tốt không chỉ đảm bảo sự tiện nghi, thẩm mỹ, đáp ứng tốt nhu cầu sử dụng của gia chủ; mà còn được thiết kế, xây dựng phù hợp với các điều kiện ngoại cảnh, bên cạnh đó, chính là sự hoà hợp với thiên nhiên trời đất, hợp với tuổi, mệnh... của gia chủ. &lt;/span&gt;&lt;/span&gt;&lt;/span&gt;&lt;/span&gt;&lt;/p&gt;\r\n\r\n&lt;p dir=&quot;ltr&quot; style=&quot;line-height:1.295;text-align: justify;margin-top:0pt;margin-bottom:8pt;&quot;&gt;&lt;span style=&quot;color:#000000;&quot;&gt;&lt;span style=&quot;font-size:14px;&quot;&gt;&lt;span id=&quot;docs-internal-guid-605bbff0-7fff-562a-65ac-d55c6c5d8a8e&quot;&gt;&lt;span style=&quot;font-family: Arial; background-color: transparent; font-variant-numeric: normal; font-variant-east-asian: normal; vertical-align: baseline; white-space: pre-wrap;&quot;&gt;Khi đã xác định được vị trí, hướng cửa, thì kích thước cửa chính là một tiêu chí quan trọng trong phong thủy hiện đại. Chúng vừa quyết định yếu tố công năng, thẩm mỹ, vừa có ý nghĩa phong thủy của toàn bộ ngôi nhà; vì vậy cần có sự tính toán tỉ mỉ, cẩn thận trước khi lựa chọn số đo cửa để đảm bảo phù hợp, tương xứng với công trình. &lt;/span&gt;&lt;/span&gt;&lt;/span&gt;&lt;/span&gt;&lt;/p&gt;\r\n\r\n&lt;p dir=&quot;ltr&quot; style=&quot;line-height:1.295;text-align: center;margin-top:0pt;margin-bottom:8pt;&quot;&gt;&lt;span style=&quot;color:#000000;&quot;&gt;&lt;span style=&quot;font-size:14px;&quot;&gt;&lt;span id=&quot;docs-internal-guid-605bbff0-7fff-562a-65ac-d55c6c5d8a8e&quot;&gt;&lt;span style=&quot;font-family: Arial; background-color: transparent; font-variant-numeric: normal; font-variant-east-asian: normal; vertical-align: baseline; white-space: pre-wrap;&quot;&gt;&lt;span style=&quot;&quot;&gt;&lt;img alt=&quot;Text\r\n\r\nDescription automatically generated&quot; height=&quot;269&quot; src=&quot;https://cdn.bestme.asia/images/adgtopalvp/1.png&quot; style=&quot;margin-left:0px;margin-top:0px;&quot; width=&quot;478&quot; /&gt;&lt;/span&gt;&lt;/span&gt;&lt;/span&gt;&lt;/span&gt;&lt;/span&gt;&lt;/p&gt;\r\n\r\n&lt;p dir=&quot;ltr&quot; style=&quot;line-height:1.295;text-align: center;margin-top:0pt;margin-bottom:8pt;&quot;&gt;&lt;span style=&quot;color:#000000;&quot;&gt;&lt;span style=&quot;font-size:14px;&quot;&gt;&lt;span id=&quot;docs-internal-guid-605bbff0-7fff-562a-65ac-d55c6c5d8a8e&quot;&gt;&lt;span style=&quot;font-family: Arial; background-color: transparent; font-style: italic; font-variant-numeric: normal; font-variant-east-asian: normal; vertical-align: baseline; white-space: pre-wrap;&quot;&gt;Phong thủy cửa chính, mối quan tâm tài lộc của nhiều người&lt;/span&gt;&lt;/span&gt;&lt;/span&gt;&lt;/span&gt;&lt;/p&gt;\r\n\r\n&lt;p dir=&quot;ltr&quot; style=&quot;line-height:1.295;text-align: justify;margin-top:0pt;margin-bottom:8pt;&quot;&gt;&lt;span style=&quot;color:#000000;&quot;&gt;&lt;span style=&quot;font-size:14px;&quot;&gt;&lt;span id=&quot;docs-internal-guid-605bbff0-7fff-562a-65ac-d55c6c5d8a8e&quot;&gt;&lt;span style=&quot;font-family: Arial; background-color: transparent; font-variant-numeric: normal; font-variant-east-asian: normal; vertical-align: baseline; white-space: pre-wrap;&quot;&gt;Với tầm quan trọng đó, rất nhiều khách hàng hiện nay mong muốn lựa chọn các loại cửa phong thuỷ để mang lại tài lộc, may mắn cho gia đình. Nếu trước đây, sản phẩm cửa cuốn chỉ được người dùng quan tâm lựa chọn về công nghệ hiện đại, an toàn, mẫu mã, màu sắc đẹp thì nay, kích thước phù hợp phong thuỷ, bản mệnh chủ nhà là một trong những tiêu chí quan trọng. Nắm bắt được xu hướng, Austdoor đã tiên phong nghiên cứu và giới thiệu tới khách hàng Bộ sưu tập cửa cuốn phong thủy, không chỉ có nền tảng công nghệ thông minh, thẩm mỹ sẵn có mà còn mang đến những mẫu cửa thiết kế riêng với kích thước đẹp, đón tài lộc may mắn.&lt;/span&gt;&lt;/span&gt;&lt;/span&gt;&lt;/span&gt;&lt;/p&gt;\r\n\r\n&lt;p dir=&quot;ltr&quot; style=&quot;line-height:1.295;text-align: justify;margin-top:0pt;margin-bottom:8pt;&quot;&gt;&lt;span style=&quot;color:#000000;&quot;&gt;&lt;span style=&quot;font-size:14px;&quot;&gt;&lt;span id=&quot;docs-internal-guid-605bbff0-7fff-562a-65ac-d55c6c5d8a8e&quot;&gt;&lt;span style=&quot;font-family: Arial; background-color: transparent; font-weight: 700; font-variant-numeric: normal; font-variant-east-asian: normal; vertical-align: baseline; white-space: pre-wrap;&quot;&gt;Nghênh phúc đón tài cùng Austdoor &lt;/span&gt;&lt;/span&gt;&lt;/span&gt;&lt;/span&gt;&lt;/p&gt;\r\n\r\n&lt;p dir=&quot;ltr&quot; style=&quot;line-height:1.295;text-align: justify;margin-top:0pt;margin-bottom:8pt;&quot;&gt;&lt;span style=&quot;color:#000000;&quot;&gt;&lt;span style=&quot;font-size:14px;&quot;&gt;&lt;span id=&quot;docs-internal-guid-605bbff0-7fff-562a-65ac-d55c6c5d8a8e&quot;&gt;&lt;span style=&quot;font-family: Arial; background-color: transparent; font-variant-numeric: normal; font-variant-east-asian: normal; vertical-align: baseline; white-space: pre-wrap;&quot;&gt;Lấy cảm hứng từ chính nhu cầu của người dân Việt Nam và quan niệm phong thủy hiện đại, bộ sưu tập cửa cuốn lần này của Austdoor đã lựa chọn ra những kích thước cửa đẹp với số đo chuẩn theo phong thủy, với nhiều ý nghĩa may mắn khác nhau. Khi lắp đặt những cửa cuốn này, gia chủ cần xác định mong muốn của mình về gia đạo, tài lộc hay con cái… từ đó sẽ có những loại cửa phong thủy với kích thước phù hợp.&lt;/span&gt;&lt;/span&gt;&lt;/span&gt;&lt;/span&gt;&lt;/p&gt;\r\n\r\n&lt;p dir=&quot;ltr&quot; style=&quot;line-height:1.295;text-align: justify;margin-top:0pt;margin-bottom:8pt;&quot;&gt;&lt;span style=&quot;color:#000000;&quot;&gt;&lt;span style=&quot;font-size:14px;&quot;&gt;&lt;span id=&quot;docs-internal-guid-605bbff0-7fff-562a-65ac-d55c6c5d8a8e&quot;&gt;&lt;span style=&quot;font-family: Arial; background-color: transparent; font-variant-numeric: normal; font-variant-east-asian: normal; vertical-align: baseline; white-space: pre-wrap;&quot;&gt;Nếu gia chủ mong muốn mọi sự hanh thông, con cái tấn tài danh thì cửa cuốn Đại Tài chính là lựa chọn phù hợp nhất. &lt;/span&gt;&lt;/span&gt;&lt;/span&gt;&lt;/span&gt;&lt;/p&gt;\r\n\r\n&lt;p dir=&quot;ltr&quot; style=&quot;line-height:1.295;text-align: center;margin-top:0pt;margin-bottom:8pt;&quot;&gt;&lt;span style=&quot;color:#000000;&quot;&gt;&lt;span style=&quot;font-size:14px;&quot;&gt;&lt;span id=&quot;docs-internal-guid-605bbff0-7fff-562a-65ac-d55c6c5d8a8e&quot;&gt;&lt;span style=&quot;font-family: Arial; background-color: transparent; font-variant-numeric: normal; font-variant-east-asian: normal; vertical-align: baseline; white-space: pre-wrap;&quot;&gt;&lt;span style=&quot;&quot;&gt;&lt;img height=&quot;718&quot; src=&quot;https://cdn.bestme.asia/images/adgtopalvp/2.jpg&quot; style=&quot;margin-left:0px;margin-top:0px;&quot; width=&quot;498&quot; /&gt;&lt;/span&gt;&lt;/span&gt;&lt;/span&gt;&lt;/span&gt;&lt;/span&gt;&lt;/p&gt;\r\n\r\n&lt;p dir=&quot;ltr&quot; style=&quot;line-height:1.295;text-align: center;margin-top:0pt;margin-bottom:8pt;&quot;&gt;&lt;span style=&quot;color:#000000;&quot;&gt;&lt;span style=&quot;font-size:14px;&quot;&gt;&lt;span id=&quot;docs-internal-guid-605bbff0-7fff-562a-65ac-d55c6c5d8a8e&quot;&gt;&lt;span style=&quot;font-family: Arial; background-color: transparent; font-style: italic; font-variant-numeric: normal; font-variant-east-asian: normal; vertical-align: baseline; white-space: pre-wrap;&quot;&gt;Cửa cuốn Đại Tài, 1 trong 5 lựa chọn cửa phong thủy của Austdoor&lt;/span&gt;&lt;/span&gt;&lt;/span&gt;&lt;/span&gt;&lt;/p&gt;\r\n\r\n&lt;p dir=&quot;ltr&quot; style=&quot;line-height:1.295;text-align: justify;margin-top:0pt;margin-bottom:8pt;&quot;&gt;&lt;span style=&quot;color:#000000;&quot;&gt;&lt;span style=&quot;font-size:14px;&quot;&gt;&lt;span id=&quot;docs-internal-guid-605bbff0-7fff-562a-65ac-d55c6c5d8a8e&quot;&gt;&lt;span style=&quot;font-family: Arial; background-color: transparent; font-variant-numeric: normal; font-variant-east-asian: normal; vertical-align: baseline; white-space: pre-wrap;&quot;&gt;Hay đối với những hộ kinh doanh&lt;/span&gt;&lt;span style=&quot;font-family: Arial; background-color: transparent; font-weight: 700; font-variant-numeric: normal; font-variant-east-asian: normal; vertical-align: baseline; white-space: pre-wrap;&quot;&gt; &lt;/span&gt;&lt;span style=&quot;font-family: Arial; background-color: transparent; font-variant-numeric: normal; font-variant-east-asian: normal; vertical-align: baseline; white-space: pre-wrap;&quot;&gt;mong muốn tài lộc, làm ăn phát đạt, tài lộc vào nhà thì cửa cuốn Phát Đạt là gợi ý sáng giá. &lt;/span&gt;&lt;/span&gt;&lt;/span&gt;&lt;/span&gt;&lt;/p&gt;\r\n\r\n&lt;p dir=&quot;ltr&quot; style=&quot;line-height:1.295;text-align: justify;margin-top:0pt;margin-bottom:8pt;&quot;&gt;&lt;span style=&quot;color:#000000;&quot;&gt;&lt;span style=&quot;font-size:14px;&quot;&gt;&lt;span id=&quot;docs-internal-guid-605bbff0-7fff-562a-65ac-d55c6c5d8a8e&quot;&gt;&lt;span style=&quot;font-family: Arial; background-color: transparent; font-variant-numeric: normal; font-variant-east-asian: normal; vertical-align: baseline; white-space: pre-wrap;&quot;&gt;Còn đối với gia đình mong muốn con cái thông minh, hiếu học, gia đạo yên vui, cửa cuốn Văn Chương là lựa chọn phù hợp…&lt;/span&gt;&lt;/span&gt;&lt;/span&gt;&lt;/span&gt;&lt;/p&gt;\r\n\r\n&lt;p dir=&quot;ltr&quot; style=&quot;line-height:1.295;text-align: justify;margin-top:0pt;margin-bottom:8pt;&quot;&gt;&lt;span style=&quot;color:#000000;&quot;&gt;&lt;span style=&quot;font-size:14px;&quot;&gt;&lt;span id=&quot;docs-internal-guid-605bbff0-7fff-562a-65ac-d55c6c5d8a8e&quot;&gt;&lt;span style=&quot;font-family: Arial; background-color: transparent; font-variant-numeric: normal; font-variant-east-asian: normal; vertical-align: baseline; white-space: pre-wrap;&quot;&gt;Để giúp cho khách hàng tiếp cận trực quan và dễ dàng hơn với bộ sưu tập mới, Austdoor cũng đã thiết kế các &lt;/span&gt;&lt;span style=&quot;font-family: Arial; font-variant-numeric: normal; font-variant-east-asian: normal; vertical-align: baseline; white-space: pre-wrap;&quot;&gt;tài liệu bán hàng trực tuyến e-catalogue, hay các phiên bản giới thiệu sản phẩm ứng dụng trí tuệ nhân tạo (Ai), công cụ hướng dẫn sử dụng thước Lỗ Ban 52,2cm phiên bản “online”….  Đây là những ứng dụng số hóa hiện đại mà thương hiệu này tích cực triển khai ứng dụng trong thời gian qua, hứa hẹn mang lại nhiều trải nghiệm mới cho khách hàng. &lt;/span&gt;&lt;/span&gt;&lt;/span&gt;&lt;/span&gt;&lt;/p&gt;\r\n\r\n&lt;p dir=&quot;ltr&quot; style=&quot;line-height:1.295;text-align: center;margin-top:0pt;margin-bottom:8pt;&quot;&gt;&lt;span style=&quot;color:#000000;&quot;&gt;&lt;span style=&quot;font-size:14px;&quot;&gt;&lt;span id=&quot;docs-internal-guid-605bbff0-7fff-562a-65ac-d55c6c5d8a8e&quot;&gt;&lt;span style=&quot;font-family: Arial; font-variant-numeric: normal; font-variant-east-asian: normal; vertical-align: baseline; white-space: pre-wrap;&quot;&gt;&lt;span style=&quot;&quot;&gt;&lt;img height=&quot;499&quot; src=&quot;https://cdn.bestme.asia/images/adgtopalvp/3.png&quot; style=&quot;margin-left:0px;margin-top:0px;&quot; width=&quot;&quot; /&gt;&lt;/span&gt;&lt;/span&gt;&lt;/span&gt;&lt;/span&gt;&lt;/span&gt;&lt;/p&gt;\r\n\r\n&lt;p dir=&quot;ltr&quot; style=&quot;line-height:1.295;text-align: center;margin-top:0pt;margin-bottom:8pt;&quot;&gt;&lt;span style=&quot;color:#000000;&quot;&gt;&lt;span style=&quot;font-size:14px;&quot;&gt;&lt;span id=&quot;docs-internal-guid-605bbff0-7fff-562a-65ac-d55c6c5d8a8e&quot;&gt;&lt;span style=&quot;font-family: Arial; background-color: transparent; font-style: italic; font-variant-numeric: normal; font-variant-east-asian: normal; vertical-align: baseline; white-space: pre-wrap;&quot;&gt;Austdoor ứng dụng công nghệ trí tuệ nhân tạo AI vào giới thiệu sản phẩm&lt;/span&gt;&lt;/span&gt;&lt;/span&gt;&lt;/span&gt;&lt;/p&gt;\r\n\r\n&lt;p dir=&quot;ltr&quot; style=&quot;line-height:1.295;text-align: justify;margin-top:0pt;margin-bottom:8pt;&quot;&gt;&lt;span style=&quot;color:#000000;&quot;&gt;&lt;span style=&quot;font-size:14px;&quot;&gt;&lt;span id=&quot;docs-internal-guid-605bbff0-7fff-562a-65ac-d55c6c5d8a8e&quot;&gt;&lt;span style=&quot;font-family: Arial; background-color: transparent; font-variant-numeric: normal; font-variant-east-asian: normal; vertical-align: baseline; white-space: pre-wrap;&quot;&gt;Là thương hiệu cửa cuốn an toàn và thông minh hàng đầu Việt Nam, Austdoor luôn nỗ lực tìm hiểu, không ngừng nghiên cứu để tạo ra những bộ cửa cuốn thẩm mỹ hiện đại, sử dụng an toàn, an ninh hàng đầu Việt Nam. Bộ sưu tập cửa cuốn phong thủy – Nghênh phúc đón tài lần này sẽ giúp khách hàng có thêm nhiều lựa chọn, đặc biệt hữu ích với các chủ đầu tư, hộ gia đình, kinh doanh chuẩn bị xây dựng công trình, nhà mới; mang may mắn, tài lộc, đặc biệt trong thời điểm Xuân Nhâm Dần 2022 đang tới gần. &lt;/span&gt;&lt;/span&gt;&lt;/span&gt;&lt;/span&gt;&lt;/p&gt;\r\n\r\n&lt;p dir=&quot;ltr&quot; style=&quot;line-height:1.295;text-align: justify;margin-top:0pt;margin-bottom:8pt;&quot;&gt;&lt;span style=&quot;color:#000000;&quot;&gt;&lt;span style=&quot;font-size:14px;&quot;&gt;&lt;span id=&quot;docs-internal-guid-605bbff0-7fff-562a-65ac-d55c6c5d8a8e&quot;&gt;&lt;span style=&quot;font-family: Arial; background-color: transparent; font-variant-numeric: normal; font-variant-east-asian: normal; vertical-align: baseline; white-space: pre-wrap;&quot;&gt;Sản phẩm sẽ ra mắt trước tại thị trường phía Bắc, Trung trước khi cung ứng cho toàn quốc. Để sở hữu sản phẩm của Bộ sưu tập cửa cuốn phong thủy, vui lòng liên hệ Hotline 1900 6828, hoặc truy cập website: austdoor.com để tìm hiểu chi tiết. &lt;/span&gt;&lt;/span&gt;&lt;/span&gt;&lt;/span&gt;&lt;/p&gt;\r\n\r\n&lt;p&gt;&lt;span style=&quot;color:#000000;&quot;&gt;&lt;span style=&quot;font-size: 14px;&quot;&gt;---------------&lt;/span&gt;&lt;/span&gt;&lt;/p&gt;\r\n\r\n&lt;p&gt;&lt;span style=&quot;color:#000000;&quot;&gt;&lt;span style=&quot;font-size:14px;&quot;&gt;Và hãy nhớ, Austdoor - cửa cuốn an toàn và thông minh là lựa chọn an tâm cho gia đình&lt;/span&gt;&lt;/span&gt;&lt;/p&gt;\r\n\r\n&lt;p&gt;&lt;span style=&quot;color:#000000;&quot;&gt;&lt;span style=&quot;font-size:14px;&quot;&gt;- Hotline: 1900 6828&lt;/span&gt;&lt;/span&gt;&lt;/p&gt;\r\n\r\n&lt;p&gt;&lt;span style=&quot;font-size:14px;&quot;&gt;&lt;span style=&quot;color:#000000;&quot;&gt;- Website: &lt;/span&gt;&lt;a href=&quot;https://l.facebook.com/l.php?u=http%3A%2F%2Faustdoor.com%2F%3Ffbclid%3DIwAR3I9Iyf_B6sHXgjPrEguFWBvoUy93HmDOTOFXSzy8B7OYa0fqtt8MybdBI&amp;amp;h=AT0wLmRG_PsqAuOmSZaLbp0m3HFV4AGrMVE1ERsERhTeqS6fz7ffXoA-3Ot1ipdJRi0ExXYtbCN4nxJowuzzF-_kXAK3-t7xhD4vUQR7OL9s0hTU-PRVqb99AFavAKiXV4FM&amp;amp;__tn__=-UK-R&amp;amp;c%5b0%5d=AT26pM4GYsoR9W3ME_0NSSx2WvhJ7NcaNujRJYbYqk_nvYiZ0yzu1clV_N7Z9jY_aBDtZK7VdjpghOCOgsPY2rWvu-6WrYvAaU5RiVg_sVQlOPiNEvmtQFqSOaxuJWwH3xGix5Mf3fnU0zeRYcA1R4Z9IRUgN3ffiuxKHC4Jr7a_4jN2IC66Uwz0RPC9b7uDABjkk5Tr&quot; target=&quot;_blank&quot;&gt;&lt;span style=&quot;color:#000000;&quot;&gt;austdoor.com&lt;/span&gt;&lt;/a&gt;&lt;/span&gt;&lt;/p&gt;\r\n\r\n&lt;p&gt;&lt;span style=&quot;font-size:14px;&quot;&gt;&lt;span style=&quot;color:#000000;&quot;&gt;- Youtube: &lt;/span&gt;&lt;a href=&quot;https://www.youtube.com/cuacuonaustdoor?fbclid=IwAR3E0deQvQ-vpEUk8Tdl0OgzjNHaj75tX1wG0DVCnCR33Sz5hrTTvnGkeuY&quot; target=&quot;_blank&quot;&gt;&lt;span style=&quot;color:#000000;&quot;&gt;https://www.youtube.com/cuacuonaustdoor&lt;/span&gt;&lt;/a&gt;&lt;/span&gt;&lt;/p&gt;\r\n\r\n&lt;p&gt;&lt;span style=&quot;font-size:14px;&quot;&gt;&lt;span style=&quot;color:#000000;&quot;&gt;- Fanpage: &lt;/span&gt;&lt;a href=&quot;https://www.facebook.com/austdoorofficial&quot;&gt;&lt;span style=&quot;color:#000000;&quot;&gt;https://www.facebook.com/austdoorofficial&lt;/span&gt;&lt;/a&gt;&lt;/span&gt;&lt;/p&gt;\r\n\r\n&lt;p&gt;&lt;span style=&quot;color:#000000;&quot;&gt;&lt;span style=&quot;font-size:14px;&quot;&gt;AUSTDOOR - CỬA CUỐN AN TOÀN &amp; THÔNG MINH HÀNG ĐẦU VIỆT NAM!&lt;/span&gt;&lt;/span&gt;&lt;/p&gt;\r\n&lt;/div&gt;\r\n&lt;/div&gt;\r\n&lt;!-- End blog detail --&gt;&lt;/div&gt;', '&lt;p&gt;Vừa ra mắt, các sản phẩm cửa cuốn phong thủy của Austdoor đang khiến người tiêu dùng quan tâm và thích thú tìm hiểu. &lt;/p&gt;', 'https://cdn.bestme.asia/images/adgtopal55/tintuc6.jpg', '', '', '', 'bi-kip-lua-chon-cua-cuon-phong-thuy-austdoor-1', '', 'image', '', NULL),
(16, 2, 'Ứng dụng số hóa trong giới thiệu sản phẩm mới', '&lt;h1 class=&quot;title-page&quot; style=&quot;text-align: center;&quot;&gt;Ứng dụng số hóa trong giới thiệu sản phẩm mới&lt;/h1&gt;\r\n\r\n&lt;p&gt; &lt;/p&gt;\r\n\r\n&lt;p&gt;Bộ sưu tập cửa cuốn phong thủy - Nghênh phúc đón tài của Austdoor, mang dấu ấn riêng bản khi được ứng dụng các công cụ số hóa mạnh mẽ trong công tác bán hàng, giới thiệu sản phẩm nhằm hỗ trợ tối ưu cho Quý Đại lý và người tiêu dùng tiếp cận nhanh chóng, trực quan và sinh động hơn với sản phẩm của Austdoor.&lt;/p&gt;\r\n\r\n&lt;div class=&quot;content-detail&quot;&gt;\r\n&lt;p style=&quot;text-align: center;&quot;&gt;&lt;img alt=&quot;&quot; src=&quot;https://austdoor.com//upload_images/images/790f5ed4014ec910905f.jpg&quot; style=&quot;width: 700px; height: 394px;&quot; /&gt;&lt;br /&gt;\r\n&lt;br /&gt;\r\n&lt;em&gt;Tài liệu bán hàng Online, tiện dụng, dễ dàng, mọi lúc, mọi nơi&lt;/em&gt;&lt;/p&gt;\r\n\r\n&lt;p&gt;Có thể kể đến như: Tài liệu bán hàng trực tuyến e-catalogue, hay các phiên bản giới thiệu sản phẩm ứng dụng trí tuệ nhân tạo (Ai), cùng đầy đủ công cụ hướng dẫn sử dụng thước Lỗ Ban 52,2cm…&lt;/p&gt;\r\n\r\n&lt;p style=&quot;text-align: center;&quot;&gt;&lt;img alt=&quot;&quot; src=&quot;https://austdoor.com//upload_images/images/c60d4106189cd0c2898d.jpg&quot; style=&quot;width: 700px; height: 394px;&quot; /&gt;&lt;/p&gt;\r\n\r\n&lt;p style=&quot;text-align: center;&quot;&gt;&lt;em&gt;Số hóa các tài liệu bán hàng của Đại lý&lt;/em&gt;&lt;/p&gt;\r\n\r\n&lt;p style=&quot;text-align: center;&quot;&gt;&lt;img alt=&quot;&quot; src=&quot;https://austdoor.com//upload_images/images/bd0528cc8a6942371b78.jpg&quot; style=&quot;width: 700px; height: 394px;&quot; /&gt;&lt;/p&gt;\r\n\r\n&lt;p style=&quot;text-align: center;&quot;&gt;&lt;em&gt;MC AI - công nghệ trí tuệ nhân tạo&lt;/em&gt;&lt;/p&gt;\r\n\r\n&lt;p style=&quot;text-align: center;&quot;&gt;&lt;em&gt;&lt;img alt=&quot;&quot; src=&quot;https://austdoor.com//upload_images/images/ac37e74e39ebf1b5a8fa.jpg&quot; style=&quot;width: 700px; height: 394px;&quot; /&gt;&lt;/em&gt;&lt;/p&gt;\r\n\r\n&lt;p style=&quot;text-align: center;&quot;&gt;&lt;i&gt;Web_Hub đồng bộ giữa mọi nền tảng&lt;/i&gt;&lt;/p&gt;\r\n\r\n&lt;p style=&quot;text-align: center;&quot;&gt;&lt;i&gt;&lt;img alt=&quot;&quot; src=&quot;https://austdoor.com//upload_images/images/f93e6baeb20b7a55231a.jpg&quot; style=&quot;width: 700px; height: 394px;&quot; /&gt;&lt;/i&gt;&lt;/p&gt;\r\n\r\n&lt;p style=&quot;text-align: center;&quot;&gt;&lt;i&gt;Tài liệu hướng dẫn trực quan, sinh động&lt;/i&gt;&lt;/p&gt;\r\n\r\n&lt;p style=&quot;text-align: justify;&quot;&gt;Chắc chắn rằng, với việc tiên phong ứng dụng số hóa để thích hợp với xu hướng phát triển của hiện tại &amp; tương lai, bộ sản phẩm mới của Austdoor sẽ tiếp tục ghi dấu ấn mạnh mẽ và chiếm được lòng tin yêu của đông đảo khách hàng.&lt;/p&gt;\r\n\r\n&lt;p&gt;Xem thêm &lt;a href=&quot;https://www.youtube.com/watch?v=HV72p9m4BAc&quot;&gt;&lt;span style=&quot;color:#FF0000;&quot;&gt;&lt;strong&gt;tại đây&lt;/strong&gt;&lt;/span&gt;&lt;/a&gt; &lt;/p&gt;\r\n\r\n&lt;p&gt; -----------&lt;/p&gt;\r\n\r\n&lt;p&gt;Mọi thắc mắc về sản phẩm, Quý Khách hàng vui lòng liên hệ:&lt;/p&gt;\r\n\r\n&lt;p&gt;✅ Hotline: 1900 6828&lt;/p&gt;\r\n\r\n&lt;p&gt;✅ Website: austdoor.com&lt;/p&gt;\r\n\r\n&lt;p&gt;✅ Youtube: &lt;a href=&quot;https://www.youtube.com/cuacuonaustdoor&quot; spellcheck=&quot;false&quot;&gt;https://www.youtube.com/cuacuonaustdoor&lt;/a&gt;&lt;/p&gt;\r\n\r\n&lt;p&gt;✅ Fanpage: &lt;a href=&quot;https://www.facebook.com/austdoorofficial&quot;&gt;https://www.facebook.com/austdoorofficial&lt;/a&gt;&lt;/p&gt;\r\n\r\n&lt;p&gt;AUSTDOOR - CỬA CUỐN AN TOÀN &amp; THÔNG MINH HÀNG ĐẦU VIỆT NAM!&lt;/p&gt;\r\n\r\n&lt;p&gt;&lt;a href=&quot;https://www.youtube.com/hashtag/austdoor&quot;&gt;#austdoor&lt;/a&gt; ​​ &lt;a href=&quot;https://www.youtube.com/hashtag/cuacuon&quot; spellcheck=&quot;false&quot;&gt;#cuacuon&lt;/a&gt; ​ &lt;a href=&quot;https://www.youtube.com/hashtag/antoan&quot; spellcheck=&quot;false&quot;&gt;#antoan&lt;/a&gt; ​ &lt;a href=&quot;https://www.youtube.com/hashtag/thongminh&quot; spellcheck=&quot;false&quot;&gt;#thongminh&lt;/a&gt; &lt;a href=&quot;https://www.youtube.com/hashtag/phongthuy&quot; spellcheck=&quot;false&quot;&gt;#phongthuy&lt;/a&gt;&lt;/p&gt;\r\n&lt;/div&gt;', '&lt;p&gt;Bộ sưu tập cửa cuốn phong thủy - Nghênh phúc đón tài của Austdoor, mang dấu ấn riêng bản khi được ứng dụng các công cụ số hóa mạnh mẽ trong công tác bán hàng, giới thiệu sản phẩm nhằm hỗ trợ tối ưu cho Quý Đại lý và người tiêu dùng tiếp cận nhanh chóng, trực quan và sinh động hơn với sản phẩm của Austdoor.&lt;/p&gt;', 'https://cdn.bestme.asia/images/adgtopal55/tintuc7.jpg', '', '', '', 'ung-dung-so-hoa-trong-gioi-thieu-san-pham-moi-1', '', 'image', '', NULL),
(17, 2, 'Muốn phô bày nét đẹp bên trong nhưng vẫn an toàn dùng cửa cuốn gì', '&lt;div class=&quot;content-detail&quot;&gt;\r\n&lt;p&gt;CỬA CUỐN AUSTVISION - TRỌN VẸN LÔI CUỐN TỪ BÊN TRONG&lt;/p&gt;\r\n\r\n&lt;p&gt;Austvison là dòng sản phẩm cửa cuốn đặc biệt ấn tượng, có kết cấu thân cửa được tạo nên từ các nan nhôm hợp kim cao cấp và tấm Polycarbonate TRONG SUỐT có độ bền cao.&lt;/p&gt;\r\n\r\n&lt;p style=&quot;text-align: center;&quot;&gt;&lt;img alt=&quot;&quot; src=&quot;https://austdoor.com/upload_images/images/z2839067895164_77a0607027669a6f49fab74ff1b6422b.jpg&quot; style=&quot;width: 700px; height: 352px;&quot; /&gt;&lt;/p&gt;\r\n\r\n&lt;p&gt;Sản phẩm phù hợp cho GIAN HÀNG tại trung tâm thương mại, những không gian mở như bể bơi, cửa hàng thời trang với mong muốn phô bày được vẻ đẹp của hàng hóa bên trong ngay cả khi đóng cửa mà vẫn đảm bảo an toàn tuyệt đối.&lt;/p&gt;\r\n\r\n&lt;p style=&quot;text-align: center;&quot;&gt;&lt;img alt=&quot;&quot; src=&quot;https://austdoor.com/upload_images/images/z2839067886436_f7b7fbe67c92e54225730a90e95e836f.jpg&quot; style=&quot;width: 350px; height: 350px;&quot; /&gt; &lt;img alt=&quot;&quot; src=&quot;https://austdoor.com/upload_images/images/z2839067908361_987ac72ec9cf1410922b0312a80e9108.jpg&quot; style=&quot;width: 350px; height: 350px;&quot; /&gt;&lt;/p&gt;\r\n\r\n&lt;p&gt;Bên cạnh đó, Austvision tích hợp hhiều tính năng AN TOÀN: Austmatic, ARC, còi báo động, UPS, mạch báo sáng... người dùng luôn được bảo vệ an toàn.&lt;/p&gt;\r\n\r\n&lt;p&gt;Và hãy nhớ, Austdoor - cửa cuốn an toàn và thông minh là lựa chọn an tâm cho gia đình.&lt;/p&gt;\r\n\r\n&lt;p&gt;Mọi thắc mắc về sản phẩm, Quý Khách hàng vui lòng liên hệ:&lt;/p&gt;\r\n\r\n&lt;p&gt;- Hotline: 1900 6828&lt;/p&gt;\r\n\r\n&lt;p&gt;- Website: &lt;a href=&quot;https://l.facebook.com/l.php?u=http%3A%2F%2Faustdoor.com%2F%3Ffbclid%3DIwAR3I9Iyf_B6sHXgjPrEguFWBvoUy93HmDOTOFXSzy8B7OYa0fqtt8MybdBI&amp;amp;h=AT0wLmRG_PsqAuOmSZaLbp0m3HFV4AGrMVE1ERsERhTeqS6fz7ffXoA-3Ot1ipdJRi0ExXYtbCN4nxJowuzzF-_kXAK3-t7xhD4vUQR7OL9s0hTU-PRVqb99AFavAKiXV4FM&amp;amp;__tn__=-UK-R&amp;amp;c%5b0%5d=AT26pM4GYsoR9W3ME_0NSSx2WvhJ7NcaNujRJYbYqk_nvYiZ0yzu1clV_N7Z9jY_aBDtZK7VdjpghOCOgsPY2rWvu-6WrYvAaU5RiVg_sVQlOPiNEvmtQFqSOaxuJWwH3xGix5Mf3fnU0zeRYcA1R4Z9IRUgN3ffiuxKHC4Jr7a_4jN2IC66Uwz0RPC9b7uDABjkk5Tr&quot; target=&quot;_blank&quot;&gt;austdoor.com&lt;/a&gt;&lt;/p&gt;\r\n\r\n&lt;p&gt;- Youtube: &lt;a href=&quot;https://www.youtube.com/cuacuonaustdoor?fbclid=IwAR3E0deQvQ-vpEUk8Tdl0OgzjNHaj75tX1wG0DVCnCR33Sz5hrTTvnGkeuY&quot; target=&quot;_blank&quot;&gt;https://www.youtube.com/cuacuonaustdoor&lt;/a&gt;&lt;/p&gt;\r\n\r\n&lt;p&gt;- Fanpage: &lt;a href=&quot;https://www.facebook.com/austdoorofficial&quot;&gt;https://www.facebook.com/austdoorofficial&lt;/a&gt;&lt;/p&gt;\r\n\r\n&lt;p&gt;AUSTDOOR - CỬA CUỐN AN TOÀN &amp; THÔNG MINH HÀNG ĐẦU VIỆT NAM!&lt;/p&gt;\r\n\r\n&lt;p&gt;Cùng tham khảo 1 số hình ảnh tại các công trình:&lt;/p&gt;\r\n\r\n&lt;p style=&quot;text-align: center;&quot;&gt;&lt;img alt=&quot;&quot; src=&quot;https://austdoor.com/upload_images/images/screenshot_1626322559.png&quot; style=&quot;width: 700px; height: 668px;&quot; /&gt;&lt;/p&gt;\r\n\r\n&lt;p style=&quot;text-align: center;&quot;&gt;&lt;img alt=&quot;&quot; src=&quot;https://austdoor.com/upload_images/images/5(4).jpg&quot; style=&quot;width: 700px; height: 511px;&quot; /&gt;&lt;/p&gt;\r\n\r\n&lt;p style=&quot;text-align: center;&quot;&gt;&lt;img alt=&quot;&quot; src=&quot;https://austdoor.com/upload_images/images/z1489262590468_522d2f99b32578bbf6a4ef9c93c953a0.jpg&quot; style=&quot;width: 700px; height: 525px;&quot; /&gt;&lt;/p&gt;\r\n\r\n&lt;p style=&quot;text-align: center;&quot;&gt;&lt;img alt=&quot;&quot; src=&quot;https://austdoor.com/upload_images/images/z1487771850453_9b52d79eadd02bb11a3d22cc6bb9a7f4.jpg&quot; style=&quot;width: 700px; height: 467px;&quot; /&gt;&lt;/p&gt;\r\n&lt;/div&gt;', '&lt;p&gt;Cửa cuốn Austvision - trọn vẹn lôi cuốn từ bên trong&lt;/p&gt;', 'https://cdn.bestme.asia/images/adgtopal55/tintuc10.png', '', '', '', 'muon-pho-bay-net-dep-ben-trong-nhung-van-an-toan-dung-cua-cuon-gi', '', 'image', '', NULL),
(18, 2, 'Mách bạn mẹo sử dụng cửa cuốn bền lâu mùa dịch covid-19', '&lt;div class=&quot;content-detail&quot;&gt;\r\n&lt;p style=&quot;text-align: justify;&quot;&gt;Nghỉ dịch ở nhà, dù không ra ngoài nhưng đừng quên rằng, cửa cuốn cũng cần “vận động” để luôn ổn định và an toàn. Hãy chuẩn bị những kiến thức cần thiết về việc sử dụng và vệ sinh cửa cuốn để bảo vệ tổ ấm của mình. Austdoor mách bạn 3 “việc” cần làm trong lúc giãn cách sau đây.&lt;/p&gt;\r\n\r\n&lt;ol&gt;\r\n	&lt;li&gt;&lt;strong&gt;Vệ sinh cửa cuốn&lt;/strong&gt;&lt;/li&gt;\r\n&lt;/ol&gt;\r\n\r\n&lt;p style=&quot;text-align: justify;&quot;&gt;Hãy nhớ rằng, cửa cuốn cũng như mọi đồ dùng khác, muốn bền đẹp thì cần được quan tâm vệ sinh thường xuyên, đối với bề mặt thân cửa ít nhất 3 tháng/lần, bề mặt trong của ray dẫn hưỡng nên vệ sinh định kỳ 6 tháng/lần.&lt;/p&gt;\r\n\r\n&lt;p style=&quot;text-align: center;&quot;&gt;&lt;img alt=&quot;&quot; src=&quot;https://austdoor.com/upload_images/images/z2771678884866_3f22d565bba5d377c7b5f88f2bbfd906.jpg&quot; style=&quot;width: 600px; height: 600px;&quot; /&gt;&lt;/p&gt;\r\n\r\n&lt;p style=&quot;text-align: justify;&quot;&gt;Đối với những thao tác khó và yêu cầu kỹ thuật cao cần liên hệ dịch vụ bảo hành cửa cuốn của hãng để được tư vấn chính xác.&lt;/p&gt;\r\n\r\n&lt;ol&gt;\r\n	&lt;li value=&quot;2&quot;&gt;&lt;strong&gt;Sử dụng cửa cuốn&lt;/strong&gt;&lt;/li&gt;\r\n&lt;/ol&gt;\r\n\r\n&lt;p style=&quot;text-align: justify;&quot;&gt;Không chỉ người lớn mới cần biết cách sử dụng cửa cuốn, trẻ em là đối tượng cần trang bị những kiến thức cơ bản về sử dụng cửa cuốn an toàn.&lt;/p&gt;\r\n\r\n&lt;p style=&quot;text-align: center;&quot;&gt;&lt;img alt=&quot;&quot; src=&quot;https://austdoor.com/upload_images/images/z2770118063799_23ff429ebc51539d46301c5d9dcbc4eb.jpg&quot; style=&quot;width: 600px; height: 600px;&quot; /&gt;&lt;/p&gt;\r\n\r\n&lt;p style=&quot;text-align: justify;&quot;&gt;Tranh thủ thời gian nghỉ dịch ở nhà, bố con được gần gũi nhau hơn, hãy dạy con những kiến thức hữu ích về cửa cuốn để cả nhà mình được an tâm.&lt;/p&gt;\r\n\r\n&lt;ol&gt;\r\n	&lt;li value=&quot;3&quot;&gt;&lt;strong&gt;Vận hành cửa cuốn &lt;/strong&gt;&lt;/li&gt;\r\n&lt;/ol&gt;\r\n\r\n&lt;p style=&quot;text-align: justify;&quot;&gt;Bạn nghĩ rằng ở yên trong nhà thì cửa cuốn cũng phải “ở yên” sao? Không phải như vậy, cửa cuốn nên được thường xuyên vận hành mỗi ngày dù chúng ta không có nhu cầu đi ra ngoài.&lt;/p&gt;\r\n\r\n&lt;p style=&quot;text-align: center;&quot;&gt;&lt;img alt=&quot;&quot; src=&quot;https://austdoor.com/upload_images/images/z2771678868413_818e88e43fd9e0476acb371f5785159d.jpg&quot; style=&quot;width: 600px; height: 600px;&quot; /&gt;&lt;/p&gt;\r\n\r\n&lt;p style=&quot;text-align: justify;&quot;&gt;Hãy khởi động cửa cuốn mở lên/đóng xuống ít nhất 1 ngày 3 lần để máy móc được ổn định và bền lâu.&lt;/p&gt;\r\n\r\n&lt;p style=&quot;text-align: justify;&quot;&gt;Dịch covid_19 vẫn đang từng bước được khống chế, chúng ta hãy nâng cao tinh thần tập thể, ai ở đâu ở yên đó để đảm bảo an toàn tuyệt đối cho bản thân và cả cộng đồng, để sớm quay trở lại với công việc.  &lt;/p&gt;\r\n\r\n&lt;p&gt;Và hãy nhớ, Austdoor - cửa cuốn an toàn và thông minh là lựa chọn an tâm cho gia đình.&lt;/p&gt;\r\n\r\n&lt;p&gt;Mọi thắc mắc về sản phẩm, Quý Khách hàng vui lòng liên hệ:&lt;/p&gt;\r\n\r\n&lt;p&gt;- Hotline: 1900 6828&lt;/p&gt;\r\n\r\n&lt;p&gt;- Website: &lt;a href=&quot;https://l.facebook.com/l.php?u=http%3A%2F%2Faustdoor.com%2F%3Ffbclid%3DIwAR3I9Iyf_B6sHXgjPrEguFWBvoUy93HmDOTOFXSzy8B7OYa0fqtt8MybdBI&amp;amp;h=AT0wLmRG_PsqAuOmSZaLbp0m3HFV4AGrMVE1ERsERhTeqS6fz7ffXoA-3Ot1ipdJRi0ExXYtbCN4nxJowuzzF-_kXAK3-t7xhD4vUQR7OL9s0hTU-PRVqb99AFavAKiXV4FM&amp;amp;__tn__=-UK-R&amp;amp;c%5b0%5d=AT26pM4GYsoR9W3ME_0NSSx2WvhJ7NcaNujRJYbYqk_nvYiZ0yzu1clV_N7Z9jY_aBDtZK7VdjpghOCOgsPY2rWvu-6WrYvAaU5RiVg_sVQlOPiNEvmtQFqSOaxuJWwH3xGix5Mf3fnU0zeRYcA1R4Z9IRUgN3ffiuxKHC4Jr7a_4jN2IC66Uwz0RPC9b7uDABjkk5Tr&quot; target=&quot;_blank&quot;&gt;austdoor.com&lt;/a&gt;&lt;/p&gt;\r\n\r\n&lt;p&gt;- Youtube: &lt;a href=&quot;https://www.youtube.com/cuacuonaustdoor?fbclid=IwAR3E0deQvQ-vpEUk8Tdl0OgzjNHaj75tX1wG0DVCnCR33Sz5hrTTvnGkeuY&quot; target=&quot;_blank&quot;&gt;https://www.youtube.com/cuacuonaustdoor&lt;/a&gt;&lt;/p&gt;\r\n\r\n&lt;p&gt;- Fanpage: &lt;a href=&quot;https://www.facebook.com/austdoorofficial&quot;&gt;https://www.facebook.com/austdoorofficial&lt;/a&gt;&lt;/p&gt;\r\n\r\n&lt;p&gt;AUSTDOOR - CỬA CUỐN AN TOÀN &amp; THÔNG MINH HÀNG ĐẦU VIỆT NAM!&lt;/p&gt;\r\n&lt;/div&gt;', '&lt;p&gt;Nghỉ dịch ở nhà, dù không ra ngoài nhưng đừng quên rằng, cửa cuốn cũng cần “vận động” để luôn ổn định và an toàn. Hãy chuẩn bị những kiến thức cần thiết về việc sử dụng và vệ sinh cửa cuốn để bảo vệ tổ ấm của mình. Austdoor mách bạn 3 “việc” cần làm trong lúc giãn cách sau đây.&lt;/p&gt;', 'https://cdn.bestme.asia/images/adgtopal55/tintuc9.jpg', '', '', '', 'mach-ban-meo-su-dung-cua-cuon-ben-lau-mua-dich-covid-19', '', 'image', '', NULL),
(19, 2, 'Trải nghiệm thực tế cửa cuốn Austdoor tốc độ cao HS', '&lt;div class=&quot;content-detail&quot;&gt;\r\n&lt;p&gt;&lt;strong&gt;Trải nghiệm thực tế cửa cuốn Austdoor tốc độ cao HS!&lt;/strong&gt;&lt;/p&gt;\r\n\r\n&lt;p&gt;TỐC ĐỘ đóng/mở NHANH lên tới 3m/s, HS mang đến cho người dùng những trải nghiệm vô cùng bất ngờ và thích thú.&lt;/p&gt;\r\n\r\n&lt;p style=&quot;text-align: center;&quot;&gt;&lt;img alt=&quot;&quot; src=&quot;https://austdoor.com/upload_images/images/Untitled1(1).png&quot; style=&quot;width: 722px; height: 223px;&quot; /&gt;&lt;/p&gt;\r\n\r\n&lt;p style=&quot;text-align: center;&quot;&gt;&lt;em&gt;Cửa cuốn tốc độ cao HS với nhiều lựa chọn thân cửa&lt;/em&gt;&lt;/p&gt;\r\n\r\n&lt;p&gt;Không những thế, HS hoạt động dựa trên nguyên lý cảm biến, khi có chướng ngại vật cửa sẽ tự động đảo chiều đi lên, mang đến an toàn tuyệt đối cho người sử dụng.&lt;/p&gt;\r\n\r\n&lt;p&gt;Xem thực tế trải nghiệm tại: &lt;a href=&quot;https://www.youtube.com/watch?v=_87Xfik2mXE&quot;&gt;&lt;span style=&quot;color:#FF0000;&quot;&gt;https://www.youtube.com/watch?v=_87Xfik2mXE&lt;/span&gt;&lt;/a&gt;&lt;/p&gt;\r\n\r\n&lt;p&gt;Thông tin dự án sử dụng cửa cuốn tốc độ cao HS của Austdoor:&lt;/p&gt;\r\n\r\n&lt;ul&gt;\r\n	&lt;li&gt;SHOWROOM POSCHER&lt;/li&gt;\r\n	&lt;li&gt;Địa chỉ: đường số 7, KCX Tân Thuận, Tân Thuận Đông, Q7, TP. HCM&lt;/li&gt;\r\n	&lt;li&gt;Quy mô dự án: 6 bộ cửa HS kích thước lớn&lt;/li&gt;\r\n&lt;/ul&gt;\r\n\r\n&lt;p&gt;-----------&lt;/p&gt;\r\n\r\n&lt;p&gt;Và hãy nhớ, Austdoor - cửa cuốn an toàn và thông minh là lựa chọn an tâm cho gia đình.&lt;/p&gt;\r\n\r\n&lt;p&gt;Mọi thắc mắc về sản phẩm, Quý Khách hàng vui lòng liên hệ:&lt;/p&gt;\r\n\r\n&lt;p&gt;- Hotline: 1900 6828&lt;/p&gt;\r\n\r\n&lt;p&gt;- Website: &lt;a href=&quot;https://l.facebook.com/l.php?u=http%3A%2F%2Faustdoor.com%2F%3Ffbclid%3DIwAR3I9Iyf_B6sHXgjPrEguFWBvoUy93HmDOTOFXSzy8B7OYa0fqtt8MybdBI&amp;amp;h=AT0wLmRG_PsqAuOmSZaLbp0m3HFV4AGrMVE1ERsERhTeqS6fz7ffXoA-3Ot1ipdJRi0ExXYtbCN4nxJowuzzF-_kXAK3-t7xhD4vUQR7OL9s0hTU-PRVqb99AFavAKiXV4FM&amp;amp;__tn__=-UK-R&amp;amp;c%5b0%5d=AT26pM4GYsoR9W3ME_0NSSx2WvhJ7NcaNujRJYbYqk_nvYiZ0yzu1clV_N7Z9jY_aBDtZK7VdjpghOCOgsPY2rWvu-6WrYvAaU5RiVg_sVQlOPiNEvmtQFqSOaxuJWwH3xGix5Mf3fnU0zeRYcA1R4Z9IRUgN3ffiuxKHC4Jr7a_4jN2IC66Uwz0RPC9b7uDABjkk5Tr&quot; target=&quot;_blank&quot;&gt;austdoor.com&lt;/a&gt;&lt;/p&gt;\r\n\r\n&lt;p&gt;- Youtube: &lt;a href=&quot;https://www.youtube.com/cuacuonaustdoor?fbclid=IwAR3E0deQvQ-vpEUk8Tdl0OgzjNHaj75tX1wG0DVCnCR33Sz5hrTTvnGkeuY&quot; target=&quot;_blank&quot;&gt;https://www.youtube.com/cuacuonaustdoor&lt;/a&gt;&lt;/p&gt;\r\n\r\n&lt;p&gt;- Fanpage: &lt;a href=&quot;https://www.facebook.com/austdoorofficial&quot;&gt;https://www.facebook.com/austdoorofficial&lt;/a&gt;&lt;/p&gt;\r\n\r\n&lt;p&gt;AUSTDOOR - CỬA CUỐN AN TOÀN &amp; THÔNG MINH HÀNG ĐẦU VIỆT NAM!&lt;/p&gt;\r\n&lt;/div&gt;', '&lt;p&gt;Trải nghiệm thực tế cửa cuốn Austdoor tốc độ cao HS!&lt;/p&gt;', 'https://cdn.bestme.asia/images/adgtopal55/tintuc8.png', '', '', '', 'trai-nghiem-thuc-te-cua-cuon-austdoor-toc-do-cao-hs', '', 'image', '', NULL),
(20, 2, 'Austdoor chính thức ra mắt bộ sưu tập cửa cuốn phong thủy', '&lt;div class=&quot;content-detail&quot;&gt;\r\n&lt;p style=&quot;text-align: justify;&quot;&gt;&lt;strong&gt;Ngày 8/11, Austdoor chính thức giới thiệu tới khách hàng bộ sưu tập cửa cuốn phong thủy - Nghênh phúc đón tài, chào Xuân Nhâm Dần 2022.&lt;/strong&gt;&lt;/p&gt;\r\n\r\n&lt;p style=&quot;text-align: justify;&quot;&gt;Theo văn hóa và quan niệm của người Việt; cửa chính, cửa mặt tiền được coi là nơi giao thoa giữa luồng không khí bên trong và bên ngoài của ngôi nhà, là khu vực đón tài lộc, đón vượng khí tốt nhất. Chính vì vậy, lựa chọn những bộ cửa phong thủy tốt không chỉ để bảo vệ sự an toàn, thẩm mỹ cho ngôi nhà mà còn mang ý nghĩa may mắn, bình an và tài lộc cho gia chủ.&lt;/p&gt;\r\n\r\n&lt;p style=&quot;text-align: justify;&quot;&gt;Thực tế, các nghiên cứu khoa học đã chứng minh rằng phong thủy tác động một phần không nhỏ đến sức khỏe, hạnh phúc, công danh, tài lộc của con người. Có nghĩa là, khi chúng ta biết vận dụng phong thủy một cách khoa học, có chừng mực thì vận may, những điều tốt lành sẽ tới. &lt;/p&gt;\r\n\r\n&lt;p&gt;&lt;strong&gt;Xu hướng cửa phong thủy&lt;/strong&gt;&lt;/p&gt;\r\n\r\n&lt;p style=&quot;text-align: justify;&quot;&gt;Nguồn gốc ban đầu phong thủy được hiểu là sự lý giải về thế giới tự nhiên nhằm phục vụ cho nhu cầu sản xuất và canh tác nông nghiệp. Theo dòng thời gian, phong thủy còn có vai trò trong việc giúp con người xác định sự vận động của quỹ thời gian. Ngày nay, cùng với sự phát triển của nhận thức, phong thủy được xem như là một bộ môn khoa học tổng hợp từ các môn khoa học thực nghiệm và lý thuyết khác như vật lý địa cầu, thủy văn địa chất, vũ trụ tinh thể học, khí tượng học, môi trường học và kiến trúc.&lt;/p&gt;\r\n\r\n&lt;p style=&quot;text-align: justify;&quot;&gt;Khoa học &lt;strong&gt;phong thủy trong lĩnh vực xây dựng, kiến trúc&lt;/strong&gt; dựa trên sự hình thành, phát triển và các quy luật về tự nhiên, tập trung vào các yếu tố phương hướng, địa lý, kích thước... Những công trình tốt không chỉ đảm bảo sự tiện nghi, thẩm mỹ, đáp ứng tốt nhu cầu sử dụng của gia chủ; mà còn được thiết kế, xây dựng phù hợp với các điều kiện ngoại cảnh, bên cạnh đó, chính là sự hòa hợp với thiên nhiên trời đất, hợp với tuổi, mệnh... của gia chủ.&lt;/p&gt;\r\n\r\n&lt;p style=&quot;text-align: justify;&quot;&gt;Với tầm quan trọng đó, rất nhiều khách hàng hiện nay quan tâm và mong muốn lựa chọn các loại cửa phong thủy để mang lại tài lộc, may mắn cho gia đình. Nếu trước đây, sản phẩm cửa cuốn chỉ được người dùng quan tâm lựa chọn về công nghệ hiện đại, an toàn, mẫu mã, màu sắc đẹp thì nay, kích thước phù hợp phong thủy, bản mệnh chủ nhà là một trong những tiêu chí quan trọng. Nắm bắt được xu hướng, Austdoor đã tiên phong nghiên cứu và giới thiệu tới khách hàng Bộ sưu tập cửa cuốn phong thủy, không chỉ có nền tảng công nghệ thông minh, thẩm mỹ sẵn có mà còn mang đến cho khách hàng những mẫu cửa thiết kế riêng với kích thước đẹp, thuộc vào các cung phúc, lộc theo quan niệm phong thủy. Đây được xem là một &quot;luồng gió&quot; mới, mang dấu ấn riêng chỉ có ở Austdoor.&lt;/p&gt;\r\n\r\n&lt;p style=&quot;text-align: center;&quot;&gt;&lt;img alt=&quot;&quot; src=&quot;https://austdoor.com/upload_images/images/z2910664111151_e3320db4c895f3288ca9189cd202c165.jpg&quot; style=&quot;width: 700px; height: 525px;&quot; /&gt;&lt;/p&gt;\r\n\r\n&lt;p align=&quot;center&quot;&gt;&lt;em&gt;Bộ sưu tập cửa cuốn phong thủy Austdoor - Nghênh phúc đón tài.&lt;/em&gt;&lt;/p&gt;\r\n\r\n&lt;p style=&quot;text-align: justify;&quot;&gt;Là thương hiệu cửa cuốn an toàn và thông minh hàng đầu Việt Nam, Austdoor luôn nỗ lực tìm hiểu, không ngừng nghiên cứu để tạo ra những bộ cửa cuốn thẩm mỹ hiện đại, sử dụng an toàn, an ninh; và mới nhất là bộ sưu tập cửa cuốn phong thủy, đa dạng mẫu mã, kích thước giúp khách hàng có thêm nhiều lựa chọn, đặc biệt hữu ích với các chủ đầu tư, hộ gia đình, kinh doanh chuẩn bị xây dựng công trình, nhà mới.&lt;/p&gt;\r\n\r\n&lt;p&gt;&lt;strong&gt;Giúp khách hàng lựa chọn cửa cuốn phù hợp&lt;/strong&gt;&lt;/p&gt;\r\n\r\n&lt;p style=&quot;text-align: justify;&quot;&gt;Phong thủy ứng dụng trong lĩnh vực xây dựng, kiến trúc là việc xem xét tổng hòa các đối tượng tác động với những đặc tính cơ bản bao gồm tính tổng hợp, tính linh hoạt, tính cân bằng, tính ổn định và tính văn hóa. Bởi vậy, để có một công trình thực sự &quot;hợp phong thủy&quot;, chủ công trình, kiến trúc sư và nhà thầu xây dựng cần xem xét và quan tâm tới rất nhiều yếu tố. Trong đó, vị trí, hướng, kích thước, màu sắc, phối cảnh công trình và phong thủy cửa chính rất được chú trọng.&lt;/p&gt;\r\n\r\n&lt;p&gt;Khi đã xác định được vị trí, hướng cửa, thì kích thước cửa chính là một tiêu chí quan trọng trong phong thủy hiện đại. Chúng vừa quyết định yếu tố công năng, thẩm mỹ, vừa có ý nghĩa phong thủy của toàn bộ ngôi nhà; vì vậy cần có sự tính toán tỉ mỉ, cẩn thận trước khi lựa chọn số đo cửa để đảm bảo phù hợp, tương xứng với công trình.&lt;/p&gt;\r\n\r\n&lt;p style=&quot;text-align: center;&quot;&gt;&lt;img alt=&quot;&quot; src=&quot;https://austdoor.com/upload_images/images/z2910664127468_55c7dd59afec3307cb8b87ec5abcd9eb.jpg&quot; style=&quot;width: 700px; height: 525px;&quot; /&gt;&lt;/p&gt;\r\n\r\n&lt;p align=&quot;center&quot;&gt;&lt;em&gt;Thước Lỗ Ban 52,2cm dùng để đo khoảng thông thủy của cửa chính.&lt;/em&gt;&lt;/p&gt;\r\n\r\n&lt;p style=&quot;text-align: justify;&quot;&gt;Để xác định chính xác kích thước cửa đẹp theo phong thủy, ngày nay, các nhà thiết kế thường sử dụng thước Lỗ Ban 52,2cm. Trên thước này, các chuyên gia phong thủy đã giúp xác định những thông số vàng cho kích thước cửa để mang đến những điều tốt đẹp nhất cho gia chủ. Với việc ứng dụng công nghệ và nền tảng trực tuyến, thước Lỗ Ban 52,2cm hiện có phiên bản &quot;online&quot; giúp khách hàng dễ dàng tra cứu và sử dụng. Một &quot;quy tắc&quot; quan trọng được đúc kết để người dùng dễ nhớ khi đo kích thước cửa chính đẹp theo phong thủy đó là &quot;đen bỏ, đỏ dùng&quot;. Theo đó, để có được một bộ cửa đẹp, khách hàng nên lựa chọn kích thước thông thủy và phủ bì theo cả chiều dài và chiều rộng của cửa rơi vào các cung mang ý nghĩa tốt (có màu đỏ trên thước Lỗ Ban 52,2cm).&lt;/p&gt;\r\n\r\n&lt;p&gt;Dựa trên quy tắc này, bộ sưu tập cửa cuốn phong thủy của Austdoor mang đến cho khách hàng những sản phẩm cửa cuốn có kích thước cửa thuộc &quot;cung đẹp&quot; và đa dạng màu sắc để khách hàng dễ dàng lựa chọn. Trong sự kiện trực tuyến giới thiệu Bộ sưu tập cửa cuốn phong thủy dành cho các đại lý, đối tác, Austdoor cũng sẽ giới thiệu chi tiết các dòng sản phẩm và đưa ra bộ tài liệu hướng dẫn sử dụng, cách đọc thước Lỗ Ban 52,2cm phiên bản Online để hỗ trợ quá trình tư vấn của đại lý tới người tiêu dùng.&lt;/p&gt;\r\n\r\n&lt;p&gt;Việc ra mắt bộ sưu tập cửa cuốn phong thủy của Austdoor sẽ góp phần giải đáp những thắc mắc, trăn trở và đưa ra gợi ý hữu hiệu cho các khách hàng quan tâm đến phong thủy hiện đại.&lt;/p&gt;\r\n\r\n&lt;p&gt;Để sở hữu sản phẩm của Bộ sưu tập cửa cuốn phong thủy, vui lòng liên hệ hotline 1900 6828 để được tư vấn hỗ trợ.&lt;/p&gt;\r\n\r\n&lt;table border=&quot;1&quot; cellpadding=&quot;1&quot; cellspacing=&quot;1&quot; style=&quot;width:1050px;&quot;&gt;\r\n	&lt;tbody&gt;\r\n		&lt;tr&gt;\r\n			&lt;td&gt;\r\n			&lt;p&gt;&lt;em&gt;Gợi ý cho chủ nhà &amp; các chuyên gia khi lắp đặt cửa chính hợp phong thủy:&lt;/em&gt;&lt;/p&gt;\r\n\r\n			&lt;p style=&quot;text-align: justify;&quot;&gt;- Bên cạnh kích thước cửa thì màu sắc, hướng cửa cũng rất quan trọng trong phong thủy hiện đại.&lt;/p&gt;\r\n\r\n			&lt;p&gt;- Đừng bỏ qua nền tảng sản phẩm chất lượng và chính hãng để sở hữu những công nghệ an ninh, bền bỉ, đảm bảo công năng và sự an toàn tối đa cho gia đình.&lt;/p&gt;\r\n\r\n			&lt;p&gt;- Luôn giữ cho khu vực xung quanh nhà cửa được sạch sẽ, thông thoáng.&lt;/p&gt;\r\n			&lt;/td&gt;\r\n		&lt;/tr&gt;\r\n	&lt;/tbody&gt;\r\n&lt;/table&gt;\r\n\r\n&lt;p&gt; &lt;/p&gt;\r\n\r\n&lt;p style=&quot;text-align: right;&quot;&gt;&lt;em&gt;Nguồn: Dantri: &lt;a href=&quot;https://dantri.com.vn/kinh-doanh/austdoor-chinh-thuc-ra-mat-bo-suu-tap-cua-cuon-phong-thuy-20211108121014057.htm&quot;&gt;https://dantri.com.vn/kinh-doanh/austdoor-chinh-thuc-ra-mat-bo-suu-tap-cua-cuon-phong-thuy-20211108121014057.htm&lt;/a&gt;&lt;/em&gt;&lt;/p&gt;\r\n&lt;/div&gt;', '&lt;p&gt;Ngày 8/11, Austdoor chính thức giới thiệu tới khách hàng bộ sưu tập cửa cuốn phong thủy - Nghênh phúc đón tài, chào Xuân Nhâm Dần 2022.&lt;/p&gt;', 'https://cdn.bestme.asia/images/adgtopal55/tintuc4.jpg', '', '', '', 'austdoor-chinh-thuc-ra-mat-bo-suu-tap-cua-cuon-phong-thuy', '', 'image', '', NULL),
(21, 2, 'Dùng thước nào chuẩn để đo kích thước thông thủy cửa cuốn', '&lt;div class=&quot;container&quot;&gt;\r\n&lt;div class=&quot;content-module&quot;&gt;\r\n&lt;div class=&quot;box-content&quot;&gt;\r\n&lt;h1 class=&quot;title-page&quot;&gt;Dùng thước nào chuẩn để đo kích thước thông thủy cửa cuốn&lt;/h1&gt;\r\n\r\n&lt;div class=&quot;content-detail&quot;&gt;\r\n&lt;p&gt;&lt;strong&gt;Muốn đo kích thước cửa đẹp, dùng thước nào? Đây là câu hỏi rất nhiều khách hàng đang băn khoăn, quý vị cùng theo dõi bài viết dưới đây để có câu trả lời chính xác.&lt;/strong&gt;&lt;/p&gt;\r\n\r\n&lt;p&gt;Hiện nay, người dùng hay thậm chí là thợ lắp đặt vẫn đang sử dụng thước Lỗ Ban thông dụng trên thị trường để đo kích thước, sau đó tìm ra cung đẹp để lựa chọn, thế nhưng lại chưa hiểu hết về ý nghĩa và phạm vi sử dụng của từng loại thước, chính vì vậy là kết quả thường có sự sai khác.&lt;/p&gt;\r\n\r\n&lt;p&gt;Thước Lỗ Ban là một loại thước thông dụng trong xây dựng, giúp khách hàng lựa chọn được kích thước đẹp nên dùng, kích thước xấu nên tránh trong xây dựng các công trình.&lt;/p&gt;\r\n\r\n&lt;p style=&quot;text-align: center;&quot;&gt;&lt;img alt=&quot;&quot; src=&quot;https://cdn.bestme.asia/images/adgtopalvp/dung-thuoc-do.jpg&quot; style=&quot;width: 700px; height: 525px;&quot; /&gt;&lt;/p&gt;\r\n\r\n&lt;p style=&quot;text-align: center;&quot;&gt;&lt;em&gt;Thước Lỗ Ban 52,2cm dùng để đo chính xác kích thước cửa cuốn phong thủy&lt;/em&gt;&lt;/p&gt;\r\n\r\n&lt;p&gt;Thước Lỗ Ban gồm 3 loại:&lt;/p&gt;\r\n\r\n&lt;p&gt;&lt;strong&gt;• Thước Lỗ Ban 52,2cm (hay thước 52):&lt;/strong&gt; Để đo khoảng không (đo lọt lòng), các khoảng thông thủy trong nhà như: cửa chính, cửa đi,…&lt;/p&gt;\r\n\r\n&lt;p&gt;&lt;strong&gt;• Thước Lỗ Ban 42,9cm (hay thước 43):&lt;/strong&gt; Để đo kích thước dương trạch, khối đặc, đồ đạc nội thất: kích thước giường tủ, bệ bếp, bậc…&lt;/p&gt;\r\n\r\n&lt;p&gt;&lt;strong&gt;• Thước Lỗ Ban 38,8cm (hay thước 39):&lt;/strong&gt; Để đo kích thước âm phần: bàn thờ, mộ phần…&lt;/p&gt;\r\n\r\n&lt;p&gt;Trong xây dựng, kích thước thông thủy của cửa chính rất quan trọng bởi đây là nơi:&lt;/p&gt;\r\n\r\n&lt;ul&gt;\r\n	&lt;li&gt;Nạp khí cho toàn bộ cấu trúc ngôi nhà&lt;/li&gt;\r\n	&lt;li&gt;Quyết định lớn đến khí trường của ngôi nhà&lt;/li&gt;\r\n	&lt;li&gt;Quyết định sự hưng vượng của ngôi nhà&lt;/li&gt;\r\n&lt;/ul&gt;\r\n\r\n&lt;p&gt; &lt;/p&gt;\r\n\r\n&lt;p&gt;Chính vì vậy, lựa chọn kích thước thông thủy đẹp góp phần rất lớn vào việc mang vận khí may mắn cho gia chủ. Với sản phẩm cửa nói chung, cửa cuốn nói riêng, kích thước thông thủy sẽ được đo bằng thước Lỗ Ban 52,2cm.&lt;/p&gt;\r\n\r\n&lt;p&gt;Xem chi tiết hướng dẫn sử dụng thước Lỗ Ban 52,2cm &lt;a href=&quot;https://l.facebook.com/l.php?u=https%3A%2F%2Fwww.youtube.com%2Fwatch%3Fv%3DwRiKXSVs630%26fbclid%3DIwAR3qorNv62fT4nyYRtcvZigF3bLO5j4t1jR6MSCTuCO7_2Ba9CJiK5BNNC0&amp;amp;h=AT2O-59yuVEa-URTtnPMFFE5t14zMTAm6TzZUyKcZDt9GBe9D5BR_IPHMi943iXWIldg4G_z5n0ZfWNFFqnnMuK4zikBlc8nInG8mGZlfqZwvrGa11F-aqF7JJO57JNa9-kM&amp;amp;__tn__=R]-R&amp;amp;c[0]=AT2Ug5KrOMZxHrNRqZnu71tObXAHl8SPkpStqOtfX-radINNHBLRNOfTL77RiDftOW_kCX2nhC8WZHNoxiRCjcC2lJGsLGkyB-PdFebcp9AuBxxOGvpGQ73_7p8lv3FzJAsT5UxA22iKIL6XM-tBjiv-howTfLu954op7sl1aVtMnqzgbCeU8WldQSgQDaJX1jpUUHtouQbVdayqYugV&quot;&gt;&lt;span style=&quot;color:#FF0000;&quot;&gt;&lt;strong&gt;tại đây&lt;/strong&gt;&lt;/span&gt;&lt;/a&gt;&lt;/p&gt;\r\n\r\n&lt;p&gt;Hãy lựa chọn đúng kích thước thông thủy cho cửa cuốn bởi đúng loại thước và chức năng của nó. Và cùng Nghênh phúc đón tài với Bộ sưu tập cửa cuốn phong thủy Austdoor!&lt;/p&gt;\r\n\r\n&lt;p&gt;----------&lt;/p&gt;\r\n\r\n&lt;p&gt;Và hãy nhớ, Austdoor - cửa cuốn an toàn và thông minh là lựa chọn an tâm cho gia đình.&lt;/p&gt;\r\n\r\n&lt;p&gt;Mọi thắc mắc về sản phẩm, Quý Khách hàng vui lòng liên hệ:&lt;/p&gt;\r\n\r\n&lt;p&gt;- Hotline: 1900 6828&lt;/p&gt;\r\n\r\n&lt;p&gt;- Website: &lt;a href=&quot;https://l.facebook.com/l.php?u=http%3A%2F%2Faustdoor.com%2F%3Ffbclid%3DIwAR3I9Iyf_B6sHXgjPrEguFWBvoUy93HmDOTOFXSzy8B7OYa0fqtt8MybdBI&amp;amp;h=AT0wLmRG_PsqAuOmSZaLbp0m3HFV4AGrMVE1ERsERhTeqS6fz7ffXoA-3Ot1ipdJRi0ExXYtbCN4nxJowuzzF-_kXAK3-t7xhD4vUQR7OL9s0hTU-PRVqb99AFavAKiXV4FM&amp;amp;__tn__=-UK-R&amp;amp;c%5b0%5d=AT26pM4GYsoR9W3ME_0NSSx2WvhJ7NcaNujRJYbYqk_nvYiZ0yzu1clV_N7Z9jY_aBDtZK7VdjpghOCOgsPY2rWvu-6WrYvAaU5RiVg_sVQlOPiNEvmtQFqSOaxuJWwH3xGix5Mf3fnU0zeRYcA1R4Z9IRUgN3ffiuxKHC4Jr7a_4jN2IC66Uwz0RPC9b7uDABjkk5Tr&quot; target=&quot;_blank&quot;&gt;austdoor.com&lt;/a&gt;&lt;/p&gt;\r\n\r\n&lt;p&gt;- Youtube: &lt;a href=&quot;https://www.youtube.com/cuacuonaustdoor?fbclid=IwAR3E0deQvQ-vpEUk8Tdl0OgzjNHaj75tX1wG0DVCnCR33Sz5hrTTvnGkeuY&quot; target=&quot;_blank&quot;&gt;https://www.youtube.com/cuacuonaustdoor&lt;/a&gt;&lt;/p&gt;\r\n\r\n&lt;p&gt;- Fanpage: &lt;a href=&quot;https://www.facebook.com/austdoorofficial&quot;&gt;https://www.facebook.com/austdoorofficial&lt;/a&gt;&lt;/p&gt;\r\n\r\n&lt;p&gt;AUSTDOOR - CỬA CUỐN AN TOÀN &amp; THÔNG MINH HÀNG ĐẦU VIỆT NAM!&lt;/p&gt;\r\n&lt;/div&gt;\r\n&lt;!--End content-detail--&gt;&lt;!--End body-wrapper--&gt;&lt;!--End body-module--&gt;&lt;/div&gt;\r\n&lt;/div&gt;\r\n&lt;/div&gt;', '&lt;p&gt;Muốn đo kích thước cửa đẹp, dùng thước nào? Đây là câu hỏi rất nhiều khách hàng đang băn khoăn, quý vị cùng theo dõi bài viết dưới đây để có câu trả lời chính xác.&lt;/p&gt;', 'https://cdn.bestme.asia/images/adgtopal55/tintuc2.jpg', '', '', '', 'dung-thuoc-nao-chuan-de-do-kich-thuoc-thong-thuy-cua-cuon', '', 'image', '', NULL);
-- oc_blog_to_blog_category NO PRIMARY KEY
-- remove first
DELETE FROM `oc_blog_to_blog_category`
WHERE `blog_id` IN (
    1,
    2,
    4,
    5,
    6,
    7,
    8,
    9,
    10,
    11,
    12,
    13,
    14,
    3,
    15,
    16,
    17,
    18,
    19,
    20,
    21
    ) AND `blog_category_id` = 1;

-- insert
INSERT IGNORE INTO `oc_blog_to_blog_category` (`blog_id`, `blog_category_id`) VALUES
    (1, 6),
    (2, 4),
    (3, 5),
    (4, 3),
    (5, 3),
    (6, 3),
    (7, 3),
    (8, 3),
    (9, 2),
    (10, 3),
    (11, 2),
    (12, 1),
    (13, 5),
    (14, 5),
    (15, 1),
    (16, 1),
    (17, 1),
    (18, 4),
    (19, 4),
    (20, 1),
    (21, 4);