-- oc_category PRIMARY KEY (`category_id`)
INSERT IGNORE INTO `oc_category` (`category_id`, `image`, `parent_id`, `top`, `column`, `sort_order`, `status`, `date_added`, `date_modified`) VALUES
(41, '', 38, 0, 0, 0, 1, '2020-09-11 16:03:08', '2020-09-11 16:03:08'),
(40, '', 38, 0, 0, 0, 1, '2020-09-11 16:03:08', '2020-09-11 16:03:08'),
(39, '', 38, 0, 0, 0, 1, '2020-09-11 16:03:08', '2020-09-11 16:03:08'),
(38, '', 0, 0, 0, 0, 1, '2020-09-11 16:03:08', '2020-09-11 16:03:08'),
(37, '', 35, 0, 0, 0, 1, '2020-09-11 15:56:24', '2020-09-11 15:56:24'),
(36, '', 35, 0, 0, 0, 1, '2020-09-11 15:56:24', '2020-09-11 15:56:24'),
(35, '', 0, 0, 0, 0, 1, '2020-09-11 15:56:24', '2020-09-11 15:56:24'),
(32, '', 0, 0, 0, 0, 1, '2020-09-11 15:55:50', '2020-09-11 15:55:50'),
(33, '', 32, 0, 0, 0, 1, '2020-09-11 15:55:50', '2020-09-11 15:55:50'),
(34, '', 32, 0, 0, 0, 1, '2020-09-11 15:55:50', '2020-09-11 15:55:50'),
(42, '', 0, 0, 0, 0, 1, '2020-09-11 16:03:45', '2020-09-11 16:03:45'),
(43, '', 42, 0, 0, 0, 1, '2020-09-11 16:03:45', '2020-09-11 16:03:45'),
(44, '', 42, 0, 0, 0, 1, '2020-09-11 16:03:45', '2020-09-11 16:03:45'),
(45, '', 42, 0, 0, 0, 1, '2020-09-11 16:03:45', '2020-09-11 16:03:45'),
(46, '', 0, 0, 0, 0, 1, '2020-09-11 16:04:29', '2020-09-11 16:04:29'),
(47, '', 46, 0, 0, 0, 1, '2020-09-11 16:04:29', '2020-09-11 16:04:29'),
(48, '', 46, 0, 0, 0, 1, '2020-09-11 16:04:29', '2020-09-11 16:04:29'),
(49, '', 46, 0, 0, 0, 1, '2020-09-11 16:04:29', '2020-09-11 16:04:29'),
(50, '', 46, 0, 0, 0, 1, '2020-09-11 16:04:29', '2020-09-11 16:04:29'),
(51, NULL, 0, 0, 0, 0, 1, '2020-09-11 16:09:29', '2020-09-11 16:09:29'),
(52, NULL, 0, 0, 0, 0, 1, '2020-09-11 16:09:29', '2020-09-11 16:09:29'),
(53, NULL, 0, 0, 0, 0, 1, '2020-09-11 16:09:29', '2020-09-11 16:09:29'),
(54, NULL, 0, 0, 0, 0, 1, '2020-09-14 09:36:31', '2020-09-14 09:36:31'),
(55, NULL, 0, 0, 0, 0, 1, '2020-09-14 09:36:31', '2020-09-14 09:36:31');

-- oc_category_description PRIMARY KEY (`category_id`,`language_id`)
INSERT IGNORE INTO `oc_category_description` (`category_id`, `language_id`, `name`, `description`, `meta_title`, `meta_description`, `meta_keyword`) VALUES
(42, 2, 'Tủ nhựa Việt Nhật', 'Tủ nhựa Việt Nhật', '', '', ''),
(41, 1, 'Tủ nhựa đồ trang điểm', 'Tủ nhựa đồ trang điểm', '', '', ''),
(41, 2, 'Tủ nhựa đồ trang điểm', 'Tủ nhựa đồ trang điểm', '', '', ''),
(40, 1, 'Tủ nhựa đựng giày', 'Tủ nhựa đựng giày', '', '', ''),
(39, 1, 'Tủ quần áo', 'Tủ quần áo', '', '', ''),
(40, 2, 'Tủ nhựa đựng giày', 'Tủ nhựa đựng giày', '', '', ''),
(38, 1, 'Song Long', 'Song Long', '', '', ''),
(39, 2, 'Tủ quần áo', 'Tủ quần áo', '', '', ''),
(38, 2, 'Song Long', 'Song Long', '', '', ''),
(37, 2, 'Tủ nhựa trẻ em', 'Tủ nhựa trẻ em', '', '', ''),
(37, 1, 'Tủ nhựa trẻ em', 'Tủ nhựa trẻ em', '', '', ''),
(36, 2, 'Tủ nhựa người lớn', 'Tủ nhựa người lớn', '', '', ''),
(36, 1, 'Tủ nhựa người lớn', 'Tủ nhựa người lớn', '', '', ''),
(32, 2, 'Đài Loan', 'Đài Loan', '', '', ''),
(32, 1, 'Đài Loan', 'Đài Loan', '', '', ''),
(33, 2, 'Tủ Nhựa Người Lớn SHplastic', 'Tủ Nhựa Người Lớn SHplastic', '', '', ''),
(33, 1, 'Tủ Nhựa Người Lớn SHplastic', 'Tủ Nhựa Người Lớn SHplastic', '', '', ''),
(34, 2, 'Tủ Nhựa Trẻ Em SHplastic', 'Tủ Nhựa Trẻ Em SHplastic', '', '', ''),
(34, 1, 'Tủ Nhựa Trẻ Em SHplastic', 'Tủ Nhựa Trẻ Em SHplastic', '', '', ''),
(35, 2, 'Đại Đồng Tiến', 'Đại Đồng Tiến', '', '', ''),
(35, 1, 'Đại Đồng Tiến', 'Đại Đồng Tiến', '', '', ''),
(42, 1, 'Tủ nhựa Việt Nhật', 'Tủ nhựa Việt Nhật', '', '', ''),
(43, 2, 'Tủ quần áo.', 'Tủ quần áo.', '', '', ''),
(43, 1, 'Tủ quần áo.', 'Tủ quần áo.', '', '', ''),
(44, 2, 'Tủ nhựa đựng giày.', 'Tủ nhựa đựng giày.', '', '', ''),
(44, 1, 'Tủ nhựa đựng giày.', 'Tủ nhựa đựng giày.', '', '', ''),
(45, 2, 'Tủ nhựa đồ trang điểm.', 'Tủ nhựa đồ trang điểm.', '', '', ''),
(45, 1, 'Tủ nhựa đồ trang điểm.', 'Tủ nhựa đồ trang điểm.', '', '', ''),
(46, 2, 'Tủ nhựa Duy Tân', 'Tủ nhựa Duy Tân', '', '', ''),
(46, 1, 'Tủ nhựa Duy Tân', 'Tủ nhựa Duy Tân', '', '', ''),
(47, 2, 'Tủ nhựa 3D', 'Tủ nhựa 3D', '', '', ''),
(47, 1, 'Tủ nhựa 3D', 'Tủ nhựa 3D', '', '', ''),
(48, 2, 'Tủ trẻ em nhiều tầng', 'Tủ trẻ em nhiều tầng', '', '', ''),
(48, 1, 'Tủ trẻ em nhiều tầng', 'Tủ trẻ em nhiều tầng', '', '', ''),
(49, 2, 'Tủ nhựa 2 cánh', 'Tủ nhựa 2 cánh', '', '', ''),
(49, 1, 'Tủ nhựa 2 cánh', 'Tủ nhựa 2 cánh', '', '', ''),
(50, 2, 'Tủ nhựa 3 cánh', 'Tủ nhựa 3 cánh', '', '', ''),
(50, 1, 'Tủ nhựa 3 cánh', 'Tủ nhựa 3 cánh', '', '', ''),
(51, 2, 'Tủ nhựa Đài Loan', 'Tủ nhựa Đài Loan', '', '', ''),
(51, 1, 'Tủ nhựa Đài Loan', 'Tủ nhựa Đài Loan', '', '', ''),
(52, 2, 'Tủ nhựa Đại Đồng Tiến', 'Tủ nhựa Đại Đồng Tiến', '', '', ''),
(52, 1, 'Tủ nhựa Đại Đồng Tiến', 'Tủ nhựa Đại Đồng Tiến', '', '', ''),
(53, 2, 'Tủ Nhựa Song Long.', 'Tủ Nhựa Song Long.', '', '', ''),
(53, 1, 'Tủ Nhựa Song Long.', 'Tủ Nhựa Song Long.', '', '', ''),
(54, 2, 'Việt Nhật', 'Việt Nhật', '', '', ''),
(54, 1, 'Việt Nhật', 'Việt Nhật', '', '', ''),
(55, 2, 'Tân Phú', 'Tân Phú', '', '', ''),
(55, 1, 'Tân Phú', 'Tân Phú', '', '', '');

-- oc_category_path PRIMARY KEY (`category_id`,`path_id`)
INSERT IGNORE INTO `oc_category_path` (`category_id`, `path_id`, `level`) VALUES
(45, 42, 0),
(44, 44, 1),
(44, 42, 0),
(43, 43, 1),
(43, 42, 0),
(42, 42, 0),
(41, 41, 1),
(41, 38, 0),
(40, 40, 1),
(34, 32, 0),
(33, 33, 1),
(33, 32, 0),
(32, 32, 0),
(40, 38, 0),
(39, 39, 1),
(36, 35, 0),
(34, 34, 1),
(39, 38, 0),
(38, 38, 0),
(37, 37, 1),
(36, 36, 1),
(37, 35, 0),
(35, 35, 0),
(45, 45, 1),
(46, 46, 0),
(47, 46, 0),
(47, 47, 1),
(48, 46, 0),
(48, 48, 1),
(49, 46, 0),
(49, 49, 1),
(50, 46, 0),
(50, 50, 1),
(51, 51, 0),
(52, 52, 0),
(53, 53, 0),
(54, 54, 0),
(55, 55, 0);

-- oc_category_to_store PRIMARY KEY (`category_id`,`store_id`)
INSERT IGNORE INTO `oc_category_to_store` (`category_id`, `store_id`) VALUES
(32, 0),
(33, 0),
(34, 0),
(35, 0),
(36, 0),
(37, 0),
(38, 0),
(39, 0),
(40, 0),
(41, 0),
(42, 0),
(43, 0),
(44, 0),
(45, 0),
(46, 0),
(47, 0),
(48, 0),
(49, 0),
(50, 0),
(51, 0),
(52, 0),
(53, 0),
(54, 0),
(55, 0);