-- oc_category PRIMARY KEY (`category_id`)
INSERT IGNORE INTO `oc_category` (`category_id`, `image`, `parent_id`, `top`, `column`, `sort_order`, `status`, `date_added`, `date_modified`) VALUES
(103, '', 0, 0, 0, 0, 1, '2020-12-11 11:28:17', '2020-12-11 11:28:17'),
(104, '', 0, 0, 0, 0, 1, '2020-12-11 11:28:27', '2020-12-11 11:28:27'),
(105, '', 0, 0, 0, 0, 1, '2020-12-11 11:28:38', '2020-12-11 11:28:38'),
(102, '', 98, 0, 0, 0, 1, '2020-12-11 11:27:56', '2020-12-11 11:27:56'),
(101, '', 98, 0, 0, 0, 1, '2020-12-11 11:27:56', '2020-12-11 11:27:56'),
(98, '', 0, 0, 0, 0, 1, '2020-12-11 11:27:56', '2020-12-11 11:27:56'),
(100, '', 98, 0, 0, 0, 1, '2020-12-11 11:27:56', '2020-12-11 11:27:56'),
(99, '', 98, 0, 0, 0, 1, '2020-12-11 11:27:56', '2020-12-11 11:27:56'),
(93, '', 92, 0, 0, 0, 1, '2020-12-11 11:26:56', '2020-12-11 11:26:56'),
(97, '', 92, 0, 0, 0, 1, '2020-12-11 11:26:56', '2020-12-11 11:26:56'),
(96, '', 92, 0, 0, 0, 1, '2020-12-11 11:26:56', '2020-12-11 11:26:56'),
(95, '', 92, 0, 0, 0, 1, '2020-12-11 11:26:56', '2020-12-11 11:26:56'),
(94, '', 92, 0, 0, 0, 1, '2020-12-11 11:26:56', '2020-12-11 11:26:56'),
(89, '', 85, 0, 0, 0, 1, '2020-12-11 11:25:17', '2020-12-11 11:25:17'),
(92, '', 0, 0, 0, 0, 1, '2020-12-11 11:26:56', '2020-12-11 11:26:56'),
(91, '', 0, 0, 0, 0, 1, '2020-12-11 11:25:34', '2020-12-11 11:25:34'),
(90, '', 0, 0, 0, 0, 1, '2020-12-11 11:25:27', '2020-12-11 11:25:27'),
(86, '', 85, 0, 0, 0, 1, '2020-12-11 11:25:16', '2020-12-11 11:25:16'),
(88, '', 85, 0, 0, 0, 1, '2020-12-11 11:25:16', '2020-12-11 11:25:16'),
(87, '', 85, 0, 0, 0, 1, '2020-12-11 11:25:16', '2020-12-11 11:25:16'),
(82, '', 0, 0, 0, 0, 1, '2020-12-11 11:24:09', '2020-12-11 11:24:09'),
(84, '', 82, 0, 0, 0, 1, '2020-12-11 11:24:09', '2020-12-11 11:24:09'),
(83, '', 82, 0, 0, 0, 1, '2020-12-11 11:24:09', '2020-12-11 11:24:09'),
(85, '', 0, 0, 0, 0, 1, '2020-12-11 11:25:16', '2020-12-11 11:25:16'),
(80, '', 79, 0, 0, 0, 1, '2020-12-11 11:23:33', '2020-12-11 11:23:33'),
(81, '', 79, 0, 0, 0, 1, '2020-12-11 11:23:33', '2020-12-11 11:23:33'),
(79, '', 0, 0, 0, 0, 1, '2020-12-11 11:23:33', '2020-12-11 11:23:33');


-- oc_category_description PRIMARY KEY (`category_id`,`language_id`)
INSERT IGNORE INTO `oc_category_description` (`category_id`, `language_id`, `name`, `description`, `meta_title`, `meta_description`, `meta_keyword`) VALUES
(105, 1, 'Đồ Dùng Ăn Uống', 'Đồ Dùng Ăn Uống', '', '', ''),
(104, 1, 'Đồ Chơi Học Tập', 'Đồ Chơi Học Tập', '', '', ''),
(105, 2, 'Đồ Dùng Ăn Uống', 'Đồ Dùng Ăn Uống', '', '', ''),
(100, 2, 'Kính Mắt Thời Trang', 'Kính Mắt Thời Trang', '', '', ''),
(100, 1, 'Kính Mắt Thời Trang', 'Kính Mắt Thời Trang', '', '', ''),
(101, 2, 'Thời Trang Bé Gái', 'Thời Trang Bé Gái', '', '', ''),
(101, 1, 'Thời Trang Bé Gái', 'Thời Trang Bé Gái', '', '', ''),
(102, 2, 'Thời Trang Bé Trai', 'Thời Trang Bé Trai', '', '', ''),
(102, 1, 'Thời Trang Bé Trai', 'Thời Trang Bé Trai', '', '', ''),
(103, 2, 'Xe, Đai, Địu', 'Xe, Đai, Địu', '', '', ''),
(103, 1, 'Xe, Đai, Địu', 'Xe, Đai, Địu', '', '', ''),
(104, 2, 'Đồ Chơi Học Tập', 'Đồ Chơi Học Tập', '', '', ''),
(95, 2, 'Thế Giới Sữa Bột', 'Thế Giới Sữa Bột', '', '', ''),
(95, 1, 'Thế Giới Sữa Bột', 'Thế Giới Sữa Bột', '', '', ''),
(96, 2, 'Thế Giới Sữa Nước', 'Thế Giới Sữa Nước', '', '', ''),
(96, 1, 'Thế Giới Sữa Nước', 'Thế Giới Sữa Nước', '', '', ''),
(97, 2, 'Thực Phẩm Dinh Dưỡng', 'Thực Phẩm Dinh Dưỡng', '', '', ''),
(97, 1, 'Thực Phẩm Dinh Dưỡng', 'Thực Phẩm Dinh Dưỡng', '', '', ''),
(98, 2, 'Thời Trang Và Phụ Kiện', 'Thời Trang Và Phụ Kiện', '', '', ''),
(98, 1, 'Thời Trang Và Phụ Kiện', 'Thời Trang Và Phụ Kiện', '', '', ''),
(99, 2, 'Balo Thời Trang', 'Balo Thời Trang', '', '', ''),
(99, 1, 'Balo Thời Trang', 'Balo Thời Trang', '', '', ''),
(90, 2, 'Nôi, Giường, Cũi', 'Nôi, Giường, Cũi', '', '', ''),
(90, 1, 'Nôi, Giường, Cũi', 'Nôi, Giường, Cũi', '', '', ''),
(91, 2, 'Quần Áo', 'Quần Áo', '', '', ''),
(91, 1, 'Quần Áo', 'Quần Áo', '', '', ''),
(92, 2, 'Sữa Và Thực Phẩm', 'Sữa Và Thực Phẩm', '', '', ''),
(92, 1, 'Sữa Và Thực Phẩm', 'Sữa Và Thực Phẩm', '', '', ''),
(93, 2, 'Bột Ăn Dặm', 'Bột Ăn Dặm', '', '', ''),
(93, 1, 'Bột Ăn Dặm', 'Bột Ăn Dặm', '', '', ''),
(94, 2, 'Gia Vị Ăn Dặm', 'Gia Vị Ăn Dặm', '', '', ''),
(94, 1, 'Gia Vị Ăn Dặm', 'Gia Vị Ăn Dặm', '', '', ''),
(86, 1, 'Máy Hút Sữa', 'Máy Hút Sữa', '', '', ''),
(87, 2, 'Quần Áo Mẹ Bầu', 'Quần Áo Mẹ Bầu', '', '', ''),
(87, 1, 'Quần Áo Mẹ Bầu', 'Quần Áo Mẹ Bầu', '', '', ''),
(88, 2, 'Sữa Cho Mẹ Bầu', 'Sữa Cho Mẹ Bầu', '', '', ''),
(88, 1, 'Sữa Cho Mẹ Bầu', 'Sữa Cho Mẹ Bầu', '', '', ''),
(89, 2, 'Túi Trữ Sữa', 'Túi Trữ Sữa', '', '', ''),
(89, 1, 'Túi Trữ Sữa', 'Túi Trữ Sữa', '', '', ''),
(82, 2, 'Giặt Xả, Tắm Gội', 'Giặt Xả, Tắm Gội', '', '', ''),
(82, 1, 'Giặt Xả, Tắm Gội', 'Giặt Xả, Tắm Gội', '', '', ''),
(83, 2, 'Giặt Xả', 'Giặt Xả', '', '', ''),
(83, 1, 'Giặt Xả', 'Giặt Xả', '', '', ''),
(84, 2, 'Sữa Tắm, Dầu Gội', 'Sữa Tắm, Dầu Gội', '', '', ''),
(84, 1, 'Sữa Tắm, Dầu Gội', 'Sữa Tắm, Dầu Gội', '', '', ''),
(85, 2, 'Mẹ Bầu Sau Sinh', 'Mẹ Bầu Sau Sinh', '', '', ''),
(85, 1, 'Mẹ Bầu Sau Sinh', 'Mẹ Bầu Sau Sinh', '', '', ''),
(86, 2, 'Máy Hút Sữa', 'Máy Hút Sữa', '', '', ''),
(80, 2, 'Thế Giới Tã Bỉm', 'Thế Giới Tã Bỉm', '', '', ''),
(80, 1, 'Thế Giới Tã Bỉm', 'Thế Giới Tã Bỉm', '', '', ''),
(81, 2, 'Đồ Dùng Vệ Sinh', 'Đồ Dùng Vệ Sinh', '', '', ''),
(81, 1, 'Đồ Dùng Vệ Sinh', 'Đồ Dùng Vệ Sinh', '', '', ''),
(79, 2, 'Bỉm Tã Và Vệ Sinh', 'Bỉm Tã Và Vệ Sinh', '', '', ''),
(79, 1, 'Bỉm Tã Và Vệ Sinh', 'Bỉm Tã Và Vệ Sinh', '', '', '');


-- oc_category_path PRIMARY KEY (`category_id`,`path_id`)
INSERT IGNORE INTO `oc_category_path` (`category_id`, `path_id`, `level`) VALUES
(105, 105, 0),
(104, 104, 0),
(103, 103, 0),
(102, 102, 1),
(102, 98, 0),
(101, 101, 1),
(101, 98, 0),
(100, 100, 1),
(100, 98, 0),
(99, 99, 1),
(99, 98, 0),
(98, 98, 0),
(97, 97, 1),
(97, 92, 0),
(96, 96, 1),
(96, 92, 0),
(95, 95, 1),
(95, 92, 0),
(94, 94, 1),
(94, 92, 0),
(93, 93, 1),
(93, 92, 0),
(92, 92, 0),
(91, 91, 0),
(90, 90, 0),
(89, 89, 1),
(89, 85, 0),
(88, 88, 1),
(84, 84, 1),
(84, 82, 0),
(83, 83, 1),
(83, 82, 0),
(88, 85, 0),
(87, 87, 1),
(87, 85, 0),
(86, 86, 1),
(86, 85, 0),
(85, 85, 0),
(82, 82, 0),
(81, 81, 1),
(81, 79, 0),
(80, 80, 1),
(80, 79, 0),
(79, 79, 0);


-- oc_category_to_store PRIMARY KEY (`category_id`,`store_id`)
INSERT IGNORE INTO `oc_category_to_store` (`category_id`, `store_id`) VALUES
(79, 0),
(80, 0),
(81, 0),
(82, 0),
(83, 0),
(84, 0),
(85, 0),
(86, 0),
(87, 0),
(88, 0),
(89, 0),
(90, 0),
(91, 0),
(92, 0),
(93, 0),
(94, 0),
(95, 0),
(96, 0),
(97, 0),
(98, 0),
(99, 0),
(100, 0),
(101, 0),
(102, 0),
(103, 0),
(104, 0),
(105, 0);
