-- oc_product PRIMARY KEY (`product_id`)
-- delete first
INSERT IGNORE INTO `oc_product` (`product_id`, `model`, `sku`, `common_barcode`, `common_sku`, `common_compare_price`, `common_price`, `common_cost_price`, `barcode`, `upc`, `ean`, `jan`, `isbn`, `mpn`, `location`, `quantity`, `sale_on_out_of_stock`, `stock_status_id`, `image`, `image_alt`, `multi_versions`, `manufacturer_id`, `shipping`, `price`, `price_currency_id`, `compare_price`, `c_price_currency_id`, `points`, `tax_class_id`, `date_available`, `weight`, `weight_class_id`, `length`, `width`, `height`, `length_class_id`, `subtract`, `minimum`, `sort_order`, `status`, `channel`, `viewed`, `demo`, `deleted`, `default_store_id`, `user_create_id`, `date_added`, `date_modified`) VALUES
(312, '', '', '', '', '0.0000', '0.0000', '0.0000', '', '', '', '', '', '', '', 0, 0, 0, 'https://2.pik.vn/2020f6a1a142-780c-4109-aab9-652b52971f1b.jpg', '', 0, 28, 1, '42000.0000', 1, '50000.0000', 1, 0, 0, '0000-00-00', '150.00000000', 1, '0.00000000', '0.00000000', '0.00000000', 0, 1, 1, 0, 1, 2, 0, 1, NULL, 0, 1, '2020-12-21 17:01:12', '2020-12-21 17:01:12'),
(313, '', '', '', '', '0.0000', '0.0000', '0.0000', '', '', '', '', '', '', '', 0, 0, 0, 'https://2.pik.vn/202043b58b8b-2d3e-4445-8102-7ccf834fc633.jpg', '', 0, 28, 1, '45000.0000', 1, '50000.0000', 1, 0, 0, '0000-00-00', '120.00000000', 1, '0.00000000', '0.00000000', '0.00000000', 0, 1, 1, 0, 1, 2, 0, 1, NULL, 0, 1, '2020-12-21 17:01:12', '2020-12-21 17:01:12'),
(314, '', '', '', '', '0.0000', '0.0000', '0.0000', '', '', '', '', '', '', '', 0, 0, 0, 'https://2.pik.vn/2020f9c0c73b-db44-496a-b1e6-ad3d143506e7.jpg', '', 0, 28, 1, '32000.0000', 1, '35000.0000', 1, 0, 0, '0000-00-00', '150.00000000', 1, '0.00000000', '0.00000000', '0.00000000', 0, 1, 1, 0, 1, 2, 0, 1, NULL, 0, 1, '2020-12-21 17:01:12', '2020-12-21 17:01:12'),
(315, '', '', '', '', '0.0000', '0.0000', '0.0000', '', '', '', '', '', '', '', 0, 0, 0, 'https://2.pik.vn/202014a62b96-083d-41b1-b7e8-d18cc5f3e2a2.jpg', '', 0, 28, 1, '0.0000', 1, '50000.0000', 1, 0, 0, '0000-00-00', '250.00000000', 1, '0.00000000', '0.00000000', '0.00000000', 0, 1, 1, 0, 1, 2, 0, 1, NULL, 0, 1, '2020-12-21 17:01:12', '2020-12-21 17:01:12'),
(316, '', '', '', '', '0.0000', '0.0000', '0.0000', '', '', '', '', '', '', '', 0, 0, 0, 'https://2.pik.vn/2020773b1449-a963-4089-bff9-91dde5e78372.jpg', '', 0, 28, 1, '0.0000', 1, '40000.0000', 1, 0, 0, '0000-00-00', '250.00000000', 1, '0.00000000', '0.00000000', '0.00000000', 0, 1, 1, 0, 1, 2, 0, 1, NULL, 0, 1, '2020-12-21 17:01:12', '2020-12-21 17:01:12'),
(317, '', '', '', '', '0.0000', '0.0000', '0.0000', '', '', '', '', '', '', '', 0, 0, 0, 'https://2.pik.vn/2020e654b1cd-c0c3-48f8-a2a0-bee4f6819b6f.jpg', '', 0, 29, 1, '55000.0000', 1, '65000.0000', 1, 0, 0, '0000-00-00', '120.00000000', 1, '0.00000000', '0.00000000', '0.00000000', 0, 1, 1, 0, 1, 2, 0, 1, NULL, 0, 1, '2020-12-21 17:01:12', '2020-12-21 17:01:12'),
(318, '', '', '', '', '0.0000', '0.0000', '0.0000', '', '', '', '', '', '', '', 0, 0, 0, 'https://2.pik.vn/2020b5125da6-64b7-46aa-8d69-9a85d2c8b3ed.jpg', '', 0, 26, 1, '0.0000', 1, '85000.0000', 1, 0, 0, '0000-00-00', '250.00000000', 1, '0.00000000', '0.00000000', '0.00000000', 0, 1, 1, 0, 1, 2, 0, 1, NULL, 0, 1, '2020-12-21 17:01:12', '2020-12-21 17:01:12'),
(319, '', '', '', '', '0.0000', '0.0000', '0.0000', '', '', '', '', '', '', '', 0, 0, 0, 'https://2.pik.vn/20201e3ecb54-40a0-4c08-bad7-74ed4f0c9d8a.jpg', '', 0, 28, 1, '45000.0000', 1, '50000.0000', 1, 0, 0, '0000-00-00', '250.00000000', 1, '0.00000000', '0.00000000', '0.00000000', 0, 1, 1, 0, 1, 2, 0, 1, NULL, 0, 1, '2020-12-21 17:01:12', '2020-12-21 17:01:12'),
(320, '', '', '', '', '0.0000', '0.0000', '0.0000', '', '', '', '', '', '', '', 0, 0, 0, 'https://2.pik.vn/20200256016c-f5e1-45ce-a470-68f5c720cbe0.jpg', '', 0, 27, 1, '0.0000', 1, '20000.0000', 1, 0, 0, '0000-00-00', '100.00000000', 1, '0.00000000', '0.00000000', '0.00000000', 0, 1, 1, 0, 1, 2, 0, 1, NULL, 0, 1, '2020-12-21 17:01:12', '2020-12-21 17:01:12'),
(321, '', '', '', '', '0.0000', '0.0000', '0.0000', '', '', '', '', '', '', '', 0, 0, 0, 'https://2.pik.vn/202077f38df5-1278-4106-bfab-d798a7832965.jpg', '', 0, 28, 1, '0.0000', 1, '80000.0000', 1, 0, 0, '0000-00-00', '200.00000000', 1, '0.00000000', '0.00000000', '0.00000000', 0, 1, 1, 0, 1, 2, 0, 1, NULL, 0, 1, '2020-12-21 17:01:12', '2020-12-21 17:01:12'),
(322, '', '', '', '', '0.0000', '0.0000', '0.0000', '', '', '', '', '', '', '', 0, 0, 0, 'https://2.pik.vn/2020ae521562-f9fe-4ff9-983d-504026d3bcbb.jpg', '', 0, 27, 1, '0.0000', 1, '20000.0000', 1, 0, 0, '0000-00-00', '100.00000000', 1, '0.00000000', '0.00000000', '0.00000000', 0, 1, 1, 0, 1, 2, 0, 1, NULL, 0, 1, '2020-12-21 17:01:12', '2020-12-21 17:01:12'),
(323, '', '', '', '', '0.0000', '0.0000', '0.0000', '', '', '', '', '', '', '', 0, 0, 0, 'https://2.pik.vn/20201f935dfd-eaef-4e6b-8935-725298481b4a.jpg', '', 0, 26, 1, '0.0000', 1, '95000.0000', 1, 0, 0, '0000-00-00', '150.00000000', 1, '0.00000000', '0.00000000', '0.00000000', 0, 1, 1, 0, 1, 2, 0, 1, NULL, 0, 1, '2020-12-21 17:01:12', '2020-12-21 17:01:12'),
(324, '', '', '', '', '0.0000', '0.0000', '0.0000', '', '', '', '', '', '', '', 0, 0, 0, 'https://2.pik.vn/2020686ffc53-aab6-4833-a768-ea38c0d73802.jpg', '', 0, 26, 1, '0.0000', 1, '75000.0000', 1, 0, 0, '0000-00-00', '150.00000000', 1, '0.00000000', '0.00000000', '0.00000000', 0, 1, 1, 0, 1, 2, 0, 1, NULL, 0, 1, '2020-12-21 17:01:12', '2020-12-21 17:01:12'),
(325, '', '', '', '', '0.0000', '0.0000', '0.0000', '', '', '', '', '', '', '', 0, 0, 0, 'https://2.pik.vn/20201127b115-be52-4264-a451-ad0188e57df8.jpg', '', 0, 26, 1, '0.0000', 1, '90000.0000', 1, 0, 0, '0000-00-00', '150.00000000', 1, '0.00000000', '0.00000000', '0.00000000', 0, 1, 1, 0, 1, 2, 0, 1, NULL, 0, 1, '2020-12-21 17:01:12', '2020-12-21 17:01:12'),
(326, '', '', '', '', '0.0000', '0.0000', '0.0000', '', '', '', '', '', '', '', 0, 0, 0, 'https://2.pik.vn/20205f16af95-b775-49e3-b53c-ae4cd267c58f.jpg', '', 0, 28, 1, '0.0000', 1, '80000.0000', 1, 0, 0, '0000-00-00', '200.00000000', 1, '0.00000000', '0.00000000', '0.00000000', 0, 1, 1, 0, 1, 2, 0, 1, NULL, 0, 1, '2020-12-21 17:01:12', '2020-12-21 17:01:12'),
(327, '', '', '', '', '0.0000', '0.0000', '0.0000', '', '', '', '', '', '', '', 0, 0, 0, 'https://2.pik.vn/2020d576ee10-9899-4f81-9492-b5791952c607.jpg', '', 0, 30, 1, '55000.0000', 1, '60000.0000', 1, 0, 0, '0000-00-00', '200.00000000', 1, '0.00000000', '0.00000000', '0.00000000', 0, 1, 1, 0, 1, 2, 0, 1, NULL, 0, 1, '2020-12-21 17:01:12', '2020-12-21 17:01:12'),
(328, '', '', '', '', '0.0000', '0.0000', '0.0000', '', '', '', '', '', '', '', 0, 0, 0, 'https://2.pik.vn/2020386e71fc-366a-4577-9409-f1bf9f8d1785.jpg', '', 0, 30, 1, '40000.0000', 1, '45000.0000', 1, 0, 0, '0000-00-00', '200.00000000', 1, '0.00000000', '0.00000000', '0.00000000', 0, 1, 1, 0, 1, 2, 0, 1, NULL, 0, 1, '2020-12-21 17:01:12', '2020-12-21 17:01:12'),
(329, '', '', '', '', '0.0000', '0.0000', '0.0000', '', '', '', '', '', '', '', 0, 0, 0, 'https://2.pik.vn/202059a92fd4-b569-44fc-aab4-0880dff4b1c2.jpg', '', 0, 27, 1, '0.0000', 1, '20000.0000', 1, 0, 0, '0000-00-00', '100.00000000', 1, '0.00000000', '0.00000000', '0.00000000', 0, 1, 1, 0, 1, 2, 0, 1, NULL, 0, 1, '2020-12-21 17:01:12', '2020-12-21 17:01:12'),
(330, '', '', '', '', '0.0000', '0.0000', '0.0000', '', '', '', '', '', '', '', 0, 0, 0, 'https://2.pik.vn/2020cf94713e-d329-4274-9e53-c261e42eb979.jpg', '', 0, 26, 1, '0.0000', 1, '70000.0000', 1, 0, 0, '0000-00-00', '200.00000000', 1, '0.00000000', '0.00000000', '0.00000000', 0, 1, 1, 0, 1, 2, 0, 1, NULL, 0, 1, '2020-12-21 17:01:12', '2020-12-21 17:01:12'),
(331, '', '', '', '', '0.0000', '0.0000', '0.0000', '', '', '', '', '', '', '', 0, 0, 0, 'https://2.pik.vn/2020605d9fe0-35b3-40d8-8e4c-50710538cef2.jpg', '', 0, 30, 1, '0.0000', 1, '58000.0000', 1, 0, 0, '0000-00-00', '200.00000000', 1, '0.00000000', '0.00000000', '0.00000000', 0, 1, 1, 0, 1, 2, 0, 1, NULL, 0, 1, '2020-12-21 17:01:13', '2020-12-21 17:01:13'),
(332, '', '', '', '', '0.0000', '0.0000', '0.0000', '', '', '', '', '', '', '', 0, 0, 0, 'https://2.pik.vn/202032188df2-7482-493a-839e-1751bb9def50.jpg', '', 0, 28, 1, '0.0000', 1, '35000.0000', 1, 0, 0, '0000-00-00', '150.00000000', 1, '0.00000000', '0.00000000', '0.00000000', 0, 1, 1, 0, 1, 2, 0, 1, NULL, 0, 1, '2020-12-21 17:01:13', '2020-12-21 17:01:13'),
(333, '', '', '', '', '0.0000', '0.0000', '0.0000', '', '', '', '', '', '', '', 0, 0, 0, 'https://2.pik.vn/2020404a326e-da7a-4b9a-9d62-6ea924a3e5b7.jpg', '', 0, 28, 1, '0.0000', 1, '40000.0000', 1, 0, 0, '0000-00-00', '150.00000000', 1, '0.00000000', '0.00000000', '0.00000000', 0, 1, 1, 0, 1, 2, 0, 1, NULL, 0, 1, '2020-12-21 17:01:13', '2020-12-21 17:01:13'),
(334, '', '', '', '', '0.0000', '0.0000', '0.0000', '', '', '', '', '', '', '', 0, 0, 0, 'https://2.pik.vn/2020e3dcd6ab-5805-4c1b-add4-99f1d21563a8.jpg', '', 0, 28, 1, '0.0000', 1, '80000.0000', 1, 0, 0, '0000-00-00', '200.00000000', 1, '0.00000000', '0.00000000', '0.00000000', 0, 1, 1, 0, 1, 2, 0, 1, NULL, 0, 1, '2020-12-21 17:01:13', '2020-12-21 17:01:13'),
(335, '', '', '', '', '0.0000', '0.0000', '0.0000', '', '', '', '', '', '', '', 0, 0, 0, 'https://2.pik.vn/2020a6f44e4d-2c8a-465d-ba72-0e43295a9d60.jpg', '', 0, 28, 1, '0.0000', 1, '55000.0000', 1, 0, 0, '0000-00-00', '250.00000000', 1, '0.00000000', '0.00000000', '0.00000000', 0, 1, 1, 0, 1, 2, 0, 1, NULL, 0, 1, '2020-12-21 17:01:13', '2020-12-21 17:01:13'),
(336, '', '', '', '', '0.0000', '0.0000', '0.0000', '', '', '', '', '', '', '', 0, 0, 0, 'https://2.pik.vn/20208c59b661-b612-421f-854b-963c6a3690e5.jpg', '', 0, 26, 1, '92000.0000', 1, '100000.0000', 1, 0, 0, '0000-00-00', '300.00000000', 1, '0.00000000', '0.00000000', '0.00000000', 0, 1, 1, 0, 1, 2, 0, 1, NULL, 0, 1, '2020-12-21 17:01:13', '2020-12-21 17:01:13'),
(337, '', '', '', '', '0.0000', '0.0000', '0.0000', '', '', '', '', '', '', '', 0, 0, 0, 'https://2.pik.vn/20205d37ac6a-797b-4704-9d07-2dfa4df39881.jpg', '', 0, 26, 1, '85000.0000', 1, '95000.0000', 1, 0, 0, '0000-00-00', '300.00000000', 1, '0.00000000', '0.00000000', '0.00000000', 0, 1, 1, 0, 1, 2, 0, 1, NULL, 0, 1, '2020-12-21 17:01:13', '2020-12-21 17:01:13'),
(338, '', '', '', '', '0.0000', '0.0000', '0.0000', '', '', '', '', '', '', '', 0, 0, 0, 'https://2.pik.vn/2020d3f78307-9203-4544-a196-30f148004543.jpg', '', 0, 27, 1, '0.0000', 1, '60000.0000', 1, 0, 0, '0000-00-00', '120.00000000', 1, '0.00000000', '0.00000000', '0.00000000', 0, 1, 1, 0, 1, 2, 0, 1, NULL, 0, 1, '2020-12-21 17:01:13', '2020-12-21 17:01:13'),
(339, '', '', '', '', '0.0000', '0.0000', '0.0000', '', '', '', '', '', '', '', 0, 0, 0, 'https://2.pik.vn/2020e687d498-803a-444f-85ec-ac61e20dcc96.jpg', '', 0, 31, 1, '64000.0000', 1, '70000.0000', 1, 0, 0, '0000-00-00', '120.00000000', 1, '0.00000000', '0.00000000', '0.00000000', 0, 1, 1, 0, 1, 2, 0, 1, NULL, 0, 1, '2020-12-21 17:01:13', '2020-12-21 17:01:13'),
(340, '', '', '', '', '0.0000', '0.0000', '0.0000', '', '', '', '', '', '', '', 0, 0, 0, 'https://2.pik.vn/2020199840af-d192-4e93-ab6f-05b532102bb5.jpg', '', 0, 28, 1, '0.0000', 1, '80000.0000', 1, 0, 0, '0000-00-00', '200.00000000', 1, '0.00000000', '0.00000000', '0.00000000', 0, 1, 1, 0, 1, 2, 0, 1, NULL, 0, 1, '2020-12-21 17:01:13', '2020-12-21 17:01:13'),
(341, '', '', '', '', '0.0000', '0.0000', '0.0000', '', '', '', '', '', '', '', 0, 0, 0, 'https://2.pik.vn/2020c1c754a1-00ce-44af-9aca-9f0bfa1cf444.jpg', '', 0, 26, 1, '0.0000', 1, '85000.0000', 1, 0, 0, '0000-00-00', '300.00000000', 1, '0.00000000', '0.00000000', '0.00000000', 0, 1, 1, 0, 1, 2, 0, 1, NULL, 0, 1, '2020-12-21 17:01:13', '2020-12-21 17:01:13'),
(342, '', '', '', '', '0.0000', '0.0000', '0.0000', '', '', '', '', '', '', '', 0, 0, 0, 'https://2.pik.vn/202005782033-1d61-48b0-8365-5985f5498f46.jpg', '', 0, 27, 1, '74000.0000', 1, '88000.0000', 1, 0, 0, '0000-00-00', '300.00000000', 1, '0.00000000', '0.00000000', '0.00000000', 0, 1, 1, 0, 1, 2, 0, 1, NULL, 0, 1, '2020-12-21 17:01:13', '2020-12-21 17:01:13'),
(343, '', '', '', '', '0.0000', '0.0000', '0.0000', '', '', '', '', '', '', '', 0, 0, 0, 'https://2.pik.vn/2020a14eb8dd-f96a-45f4-b415-64c797b13963.jpg', '', 0, 27, 1, '0.0000', 1, '65000.0000', 1, 0, 0, '0000-00-00', '300.00000000', 1, '0.00000000', '0.00000000', '0.00000000', 0, 1, 1, 0, 1, 2, 0, 1, NULL, 0, 1, '2020-12-21 17:01:13', '2020-12-21 17:01:13'),
(344, '', '', '', '', '0.0000', '0.0000', '0.0000', '', '', '', '', '', '', '', 0, 0, 0, 'https://2.pik.vn/2020a50e6c40-46a4-48a7-bb7b-831f0d53c759.jpg', '', 0, 26, 1, '0.0000', 1, '73000.0000', 1, 0, 0, '0000-00-00', '300.00000000', 1, '0.00000000', '0.00000000', '0.00000000', 0, 1, 1, 0, 1, 2, 0, 1, NULL, 0, 1, '2020-12-21 17:01:13', '2020-12-21 17:01:13'),
(345, '', '', '', '', '0.0000', '0.0000', '0.0000', '', '', '', '', '', '', '', 0, 0, 0, 'https://2.pik.vn/2020b2f02d2c-45d5-4b59-97f6-3023e914f55a.jpg', '', 0, 32, 1, '0.0000', 1, '95000.0000', 1, 0, 0, '0000-00-00', '200.00000000', 1, '0.00000000', '0.00000000', '0.00000000', 0, 1, 1, 0, 1, 2, 0, 1, NULL, 0, 1, '2020-12-21 17:01:13', '2020-12-21 17:01:13'),
(346, '', '', '', '', '0.0000', '0.0000', '0.0000', '', '', '', '', '', '', '', 0, 0, 0, 'https://2.pik.vn/20203a0cc225-b7bc-471a-92d8-0e47497ca8e6.jpg', '', 0, 26, 1, '0.0000', 1, '80000.0000', 1, 0, 0, '0000-00-00', '250.00000000', 1, '0.00000000', '0.00000000', '0.00000000', 0, 1, 1, 0, 1, 2, 0, 1, NULL, 0, 1, '2020-12-21 17:01:13', '2020-12-21 17:01:13'),
(347, '', '', '', '', '0.0000', '0.0000', '0.0000', '', '', '', '', '', '', '', 0, 0, 0, 'https://2.pik.vn/2020f122ca41-48c8-45d1-84ae-ad4da2f87478.jpg', '', 0, 27, 1, '0.0000', 1, '85000.0000', 1, 0, 0, '0000-00-00', '300.00000000', 1, '0.00000000', '0.00000000', '0.00000000', 0, 1, 1, 0, 1, 2, 0, 1, NULL, 0, 1, '2020-12-21 17:01:13', '2020-12-21 17:01:13'),
(348, '', '', '', '', '0.0000', '0.0000', '0.0000', '', '', '', '', '', '', '', 0, 0, 0, 'https://cdn.bestme.asia/images/x2/mua-he.jpg', '', 0, 32, 1, '128000.0000', 1, '140000.0000', 1, 0, 0, '0000-00-00', '350.00000000', 1, '0.00000000', '0.00000000', '0.00000000', 0, 1, 1, 0, 1, 2, 0, 1, NULL, 0, 1, '2020-12-21 17:01:13', '2020-12-21 17:01:13'),
(349, '', '', '', '', '0.0000', '0.0000', '0.0000', '', '', '', '', '', '', '', 0, 0, 0, 'https://cdn.bestme.asia/images/x2/con-nai-trong-rung.jpg', '', 0, 32, 1, '0.0000', 1, '95000.0000', 1, 0, 0, '0000-00-00', '350.00000000', 1, '0.00000000', '0.00000000', '0.00000000', 0, 1, 1, 0, 1, 2, 0, 1, NULL, 0, 1, '2020-12-21 17:01:13', '2020-12-21 17:01:13'),
(350, '', '', '', '', '0.0000', '0.0000', '0.0000', '', '', '', '', '', '', '', 0, 0, 0, 'https://cdn.bestme.asia/images/x2/khoang-trong-the-casual-vacancy.jpg', '', 0, 32, 1, '96000.0000', 1, '135000.0000', 1, 0, 0, '0000-00-00', '350.00000000', 1, '0.00000000', '0.00000000', '0.00000000', 0, 1, 1, 0, 1, 2, 0, 1, NULL, 0, 1, '2020-12-21 17:01:13', '2020-12-21 17:01:13'),
(351, '', '', '', '', '0.0000', '0.0000', '0.0000', '', '', '', '', '', '', '', 0, 0, 0, 'https://cdn.bestme.asia/images/x2/downton01.jpg', '', 0, 32, 1, '0.0000', 1, '120000.0000', 1, 0, 0, '0000-00-00', '350.00000000', 1, '0.00000000', '0.00000000', '0.00000000', 0, 1, 1, 0, 1, 2, 0, 1, NULL, 0, 1, '2020-12-21 17:01:13', '2020-12-21 17:01:13'),
(352, '', '', '', '', '0.0000', '0.0000', '0.0000', '', '', '', '', '', '', '', 0, 0, 0, 'https://cdn.bestme.asia/images/x2/benh-da-day-phuong-phap-chan-doan-va-chua-tri.jpg', '', 0, 32, 1, '0.0000', 1, '35000.0000', 1, 0, 0, '0000-00-00', '200.00000000', 1, '0.00000000', '0.00000000', '0.00000000', 0, 1, 1, 0, 1, 2, 0, 1, NULL, 0, 1, '2020-12-21 17:01:13', '2020-12-21 17:01:13'),
(353, '', '', '', '', '0.0000', '0.0000', '0.0000', '', '', '', '', '', '', '', 0, 0, 0, 'https://cdn.bestme.asia/images/x2/benh-loang-xuong-va-cach-dieu-tri.jpg', '', 0, 32, 1, '45000.0000', 1, '54000.0000', 1, 0, 0, '0000-00-00', '200.00000000', 1, '0.00000000', '0.00000000', '0.00000000', 0, 1, 1, 0, 1, 2, 0, 1, NULL, 0, 1, '2020-12-21 17:01:13', '2020-12-21 17:01:13'),
(354, '', '', '', '', '0.0000', '0.0000', '0.0000', '', '', '', '', '', '', '', 0, 0, 0, 'https://cdn.bestme.asia/images/x2/bach-khoa-ve-vitamin.jpg', '', 0, 32, 1, '0.0000', 1, '42000.0000', 1, 0, 0, '0000-00-00', '200.00000000', 1, '0.00000000', '0.00000000', '0.00000000', 0, 1, 1, 0, 1, 2, 0, 1, NULL, 0, 1, '2020-12-21 17:01:13', '2020-12-21 17:01:13'),
(355, '', '', '', '', '0.0000', '0.0000', '0.0000', '', '', '', '', '', '', '', 0, 0, 0, 'https://cdn.bestme.asia/images/x2/70-mon-an-bai-thuoc.jpg', '', 0, 32, 1, '0.0000', 1, '72000.0000', 1, 0, 0, '0000-00-00', '200.00000000', 1, '0.00000000', '0.00000000', '0.00000000', 0, 1, 1, 0, 1, 2, 0, 1, NULL, 0, 1, '2020-12-21 17:01:13', '2020-12-21 17:01:13'),
(356, '', '', '', '', '0.0000', '0.0000', '0.0000', '', '', '', '', '', '', '', 0, 0, 0, 'https://2.pik.vn/2020f3734801-5254-4dd2-922d-cef891fd3177.jpg', '', 0, 28, 1, '0.0000', 1, '40000.0000', 1, 0, 0, '0000-00-00', '150.00000000', 1, '0.00000000', '0.00000000', '0.00000000', 0, 1, 1, 0, 1, 2, 0, 1, NULL, 0, 1, '2020-12-21 17:01:13', '2020-12-21 17:01:13'),
(357, '', '', '', '', '0.0000', '0.0000', '0.0000', '', '', '', '', '', '', '', 0, 0, 0, 'https://cdn.bestme.asia/images/x2/bia1giailoinguyencuaphuthuy.jpg', '', 0, 28, 1, '35000.0000', 1, '40000.0000', 1, 0, 0, '0000-00-00', '150.00000000', 1, '0.00000000', '0.00000000', '0.00000000', 0, 1, 1, 0, 1, 2, 0, 1, NULL, 0, 1, '2020-12-21 17:01:13', '2020-12-21 17:01:13'),
(358, '', '', '', '', '0.0000', '0.0000', '0.0000', '', '', '', '', '', '', '', 0, 0, 0, 'https://cdn.bestme.asia/images/x2/sariyaup.jpg', '', 0, 30, 1, '38000.0000', 1, '40000.0000', 1, 0, 0, '0000-00-00', '150.00000000', 1, '0.00000000', '0.00000000', '0.00000000', 0, 1, 1, 0, 1, 2, 0, 1, NULL, 0, 1, '2020-12-21 17:01:13', '2020-12-21 17:01:13'),
(359, '', '', '', '', '0.0000', '0.0000', '0.0000', '', '', '', '', '', '', '', 0, 0, 0, 'https://cdn.bestme.asia/images/x2/bong-dung-thanh-khong-loup.jpg', '', 0, 33, 1, '0.0000', 1, '40000.0000', 1, 0, 0, '0000-00-00', '150.00000000', 1, '0.00000000', '0.00000000', '0.00000000', 0, 1, 1, 0, 1, 2, 0, 1, NULL, 0, 1, '2020-12-21 17:01:13', '2020-12-21 17:01:13'),
(360, '', '', '', '', '0.0000', '0.0000', '0.0000', '', '', '', '', '', '', '', 0, 0, 0, 'https://cdn.bestme.asia/images/x2/ba-chang-ngoc.jpg', '', 0, 28, 1, '0.0000', 1, '42000.0000', 1, 0, 0, '0000-00-00', '150.00000000', 1, '0.00000000', '0.00000000', '0.00000000', 0, 1, 1, 0, 1, 2, 0, 1, NULL, 0, 1, '2020-12-21 17:01:13', '2020-12-21 17:01:13'),
(361, '', '', '', '', '0.0000', '0.0000', '0.0000', '', '', '', '', '', '', '', 0, 0, 0, 'https://cdn.bestme.asia/images/x2/bo-la-ba-giup-viec.jpg', '', 0, 28, 1, '0.0000', 1, '45000.0000', 1, 0, 0, '0000-00-00', '150.00000000', 1, '0.00000000', '0.00000000', '0.00000000', 0, 1, 1, 0, 1, 2, 0, 1, NULL, 0, 1, '2020-12-21 17:01:13', '2020-12-21 17:01:13'),
(362, '', '', '', '', '0.0000', '0.0000', '0.0000', '', '', '', '', '', '', '', 0, 0, 0, 'https://cdn.bestme.asia/images/x2/truyen-cuoi-song-ngu-anh-viet.jpg', '', 0, 28, 1, '0.0000', 1, '48000.0000', 1, 0, 0, '0000-00-00', '150.00000000', 1, '0.00000000', '0.00000000', '0.00000000', 0, 1, 1, 0, 1, 2, 0, 1, NULL, 0, 1, '2020-12-21 17:01:13', '2020-12-21 17:01:13'),
(363, '', '', '', '', '0.0000', '0.0000', '0.0000', '', '', '', '', '', '', '', 0, 0, 0, 'https://cdn.bestme.asia/images/x2/ba-chang-cung-hoi-cung-thuyen.jpg', '', 0, 28, 1, '0.0000', 1, '54000.0000', 1, 0, 0, '0000-00-00', '150.00000000', 1, '0.00000000', '0.00000000', '0.00000000', 0, 1, 1, 0, 1, 2, 0, 1, NULL, 0, 1, '2020-12-21 17:01:13', '2020-12-21 17:01:13'),
(364, '', '', '', '', '0.0000', '0.0000', '0.0000', '', '', '', '', '', '', '', 0, 0, 0, 'https://2.pik.vn/20208ca8731b-0275-485c-9a71-47aae7c988e3.jpg', '', 0, 32, 1, '95000.0000', 1, '120000.0000', 1, 0, 0, '0000-00-00', '200.00000000', 1, '0.00000000', '0.00000000', '0.00000000', 0, 1, 1, 0, 1, 2, 0, 1, NULL, 0, 1, '2020-12-21 17:01:13', '2020-12-21 17:01:13'),
(365, '', '', '', '', '0.0000', '0.0000', '0.0000', '', '', '', '', '', '', '', 0, 0, 0, 'https://2.pik.vn/2020dac584be-e8f6-4e40-907c-a5adc9a822ba.jpg', '', 0, 26, 1, '0.0000', 1, '108000.0000', 1, 0, 0, '0000-00-00', '250.00000000', 1, '0.00000000', '0.00000000', '0.00000000', 0, 1, 1, 0, 1, 2, 0, 1, NULL, 0, 1, '2020-12-21 17:01:13', '2020-12-21 17:01:13'),
(366, '', '', '', '', '0.0000', '0.0000', '0.0000', '', '', '', '', '', '', '', 0, 0, 0, 'https://2.pik.vn/2020398f36dd-0169-46af-9d67-ec7c508e200f.jpg', '', 0, 32, 1, '0.0000', 1, '87000.0000', 1, 0, 0, '0000-00-00', '200.00000000', 1, '0.00000000', '0.00000000', '0.00000000', 0, 1, 1, 0, 1, 2, 0, 1, NULL, 0, 1, '2020-12-21 17:01:13', '2020-12-21 17:01:13'),
(367, '', '', '', '', '0.0000', '0.0000', '0.0000', '', '', '', '', '', '', '', 0, 0, 0, 'https://2.pik.vn/202076a22c79-1f87-4bf4-88bc-110770e0f990.jpg', '', 0, 32, 1, '0.0000', 1, '96000.0000', 1, 0, 0, '0000-00-00', '200.00000000', 1, '0.00000000', '0.00000000', '0.00000000', 0, 1, 1, 0, 1, 2, 0, 1, NULL, 0, 1, '2020-12-21 17:01:13', '2020-12-21 17:01:13'),
(368, '', '', '', '', '0.0000', '0.0000', '0.0000', '', '', '', '', '', '', '', 0, 0, 0, 'https://2.pik.vn/202003472c70-3927-44d0-b6de-7dee671702a7.jpg', '', 0, 26, 1, '0.0000', 1, '95000.0000', 1, 0, 0, '0000-00-00', '250.00000000', 1, '0.00000000', '0.00000000', '0.00000000', 0, 1, 1, 0, 1, 2, 0, 1, NULL, 0, 1, '2020-12-21 17:01:13', '2020-12-21 17:01:13'),
(369, '', '', '', '', '0.0000', '0.0000', '0.0000', '', '', '', '', '', '', '', 0, 0, 0, 'https://2.pik.vn/2020d6456054-584e-41c5-8051-ffab1e736722.jpg', '', 0, 26, 1, '78000.0000', 1, '84000.0000', 1, 0, 0, '0000-00-00', '150.00000000', 1, '0.00000000', '0.00000000', '0.00000000', 0, 1, 1, 0, 1, 2, 0, 1, NULL, 0, 1, '2020-12-21 17:01:13', '2020-12-21 17:01:13'),
(370, '', '', '', '', '0.0000', '0.0000', '0.0000', '', '', '', '', '', '', '', 0, 0, 0, 'https://2.pik.vn/2020a3e813ef-f368-40fa-851b-1f1a835ec7f0.jpg', '', 0, 27, 1, '0.0000', 1, '20000.0000', 1, 0, 0, '0000-00-00', '100.00000000', 1, '0.00000000', '0.00000000', '0.00000000', 0, 1, 1, 0, 1, 2, 0, 1, NULL, 0, 1, '2020-12-21 17:01:13', '2020-12-21 17:01:13'),
(371, '', '', '', '', '0.0000', '0.0000', '0.0000', '', '', '', '', '', '', '', 0, 0, 0, 'https://2.pik.vn/2020991183cc-01b4-4578-a0e8-8c3c68a2ba75.jpg', '', 0, 26, 1, '0.0000', 1, '95000.0000', 1, 0, 0, '0000-00-00', '300.00000000', 1, '0.00000000', '0.00000000', '0.00000000', 0, 1, 1, 0, 1, 2, 0, 1, NULL, 0, 1, '2020-12-21 17:01:13', '2020-12-21 17:01:13');

-- restore soft-deleted products if demo
UPDATE `oc_product` SET `deleted` = NULL
WHERE `demo` = 1
  AND `product_id` IN (
    312,
    313,
    314,
    315,
    316,
    317,
    318,
    319,
    320,
    321,
    322,
    323,
    324,
    325,
    326,
    327,
    328,
    329,
    330,
    331,
    332,
    333,
    334,
    335,
    336,
    337,
    338,
    339,
    340,
    341,
    342,
    343,
    344,
    345,
    346,
    347,
    348,
    349,
    350,
    351,
    352,
    353,
    354,
    355,
    356,
    357,
    358,
    359,
    360,
    361,
    362,
    363,
    364,
    365,
    366,
    367,
    368,
    369,
    370,
    371
  );

-- oc_product_collection PRIMARY KEY (`product_collection_id`)
INSERT IGNORE INTO `oc_product_collection` (`product_collection_id`, `product_id`, `collection_id`, `sort_order`) VALUES
(427, 355, 17, 6),
(433, 367, 16, 4),
(568, 342, 18, 21),
(526, 325, 9, 36),
(567, 314, 18, 20),
(346, 315, 11, 0),
(432, 366, 16, 3),
(409, 363, 19, 4),
(525, 365, 9, 35),
(426, 354, 17, 5),
(579, 339, 10, 8),
(431, 364, 16, 2),
(355, 331, 14, 0),
(366, 344, 15, 0),
(578, 338, 10, 7),
(408, 362, 19, 3),
(347, 316, 11, 0),
(577, 317, 10, 6),
(430, 345, 16, 1),
(566, 370, 18, 19),
(407, 361, 19, 2),
(365, 343, 15, 0),
(349, 319, 11, 0),
(576, 313, 10, 5),
(353, 328, 14, 0),
(364, 342, 15, 0),
(354, 330, 14, 0),
(445, 340, 13, 8),
(565, 329, 18, 18),
(425, 353, 17, 4),
(352, 327, 14, 0),
(444, 334, 13, 7),
(368, 347, 15, 0),
(524, 342, 9, 34),
(406, 360, 19, 1),
(450, 368, 12, 5),
(424, 352, 17, 3),
(357, 335, 11, 0),
(443, 326, 13, 6),
(442, 321, 13, 5),
(564, 334, 18, 17),
(523, 362, 9, 33),
(522, 335, 9, 32),
(521, 331, 9, 31),
(520, 328, 9, 30),
(563, 338, 18, 16),
(562, 344, 18, 15),
(410, 320, 19, 5),
(411, 355, 19, 6),
(412, 356, 19, 7),
(413, 359, 19, 8),
(561, 348, 18, 14),
(560, 368, 18, 13),
(428, 312, 17, 7),
(429, 349, 17, 8),
(434, 363, 16, 5),
(435, 356, 16, 6),
(436, 354, 16, 7),
(437, 360, 16, 8),
(451, 341, 12, 6),
(452, 337, 12, 7),
(453, 329, 12, 8),
(519, 322, 9, 29),
(518, 330, 9, 28),
(517, 313, 9, 27),
(516, 370, 9, 26),
(515, 351, 9, 25),
(514, 358, 9, 24),
(513, 329, 9, 23),
(512, 327, 9, 22),
(511, 334, 9, 21),
(510, 339, 9, 20),
(509, 338, 9, 19),
(508, 323, 9, 18),
(507, 348, 9, 17),
(506, 344, 9, 16),
(505, 369, 9, 15),
(504, 350, 9, 14),
(503, 368, 9, 13),
(502, 357, 9, 12),
(501, 340, 9, 11),
(500, 349, 9, 10),
(499, 316, 9, 9),
(498, 320, 9, 8),
(497, 371, 9, 7),
(496, 341, 9, 6),
(495, 337, 9, 5),
(494, 336, 9, 4),
(559, 349, 18, 12),
(558, 361, 18, 11),
(557, 354, 18, 10),
(556, 364, 18, 9),
(555, 360, 18, 8),
(554, 363, 18, 7),
(553, 320, 18, 6),
(552, 359, 18, 5),
(551, 358, 18, 4),
(550, 357, 18, 3),
(549, 356, 18, 2),
(548, 158, 18, 1),
(569, 355, 18, 22),
(570, 312, 18, 23),
(571, 318, 18, 24);

-- oc_product_description PRIMARY KEY (`product_id`,`language_id`)
INSERT IGNORE INTO `oc_product_description` (`product_id`, `language_id`, `name`, `description`, `sub_description`, `seo_title`, `seo_description`, `tag`, `meta_title`, `meta_description`, `meta_keyword`) VALUES
(312, 2, 'Các Món Ăn Đặc Sản Miền Nam', '<p>- Mô tả sản phẩm</p>\n\n<p>- Mã sản phẩm:</p>\n\n<p>- Mẫu sản phẩm:</p>\n\n<p>- Thương hiệu:</p>\n\n<p>- Kích thước:</p>', '*Nhà xuất bản:<br />\n*Trọng lượng:<br />\n', '', '', '', '', '', ''),
(313, 2, 'Thomas Edilson - Người Thắp Sáng Địa Cầu', '<p>- Mô tả sản phẩm</p>\n\n<p>- Mã sản phẩm:</p>\n\n<p>- Mẫu sản phẩm:</p>\n\n<p>- Thương hiệu:</p>\n\n<p>- Kích thước:</p>', '*Nhà xuất bản:<br />\n*Trọng lượng:<br />\n', '', '', '', '', '', ''),
(314, 2, 'Thức Uống Và Thạch Trái Cây Đặc Sắc', '<p>- Mô tả sản phẩm</p>\n\n<p>- Mã sản phẩm:</p>\n\n<p>- Mẫu sản phẩm:</p>\n\n<p>- Thương hiệu:</p>\n\n<p>- Kích thước:</p>', '*Nhà xuất bản:<br />\n*Trọng lượng:<br />\n', '', '', '', '', '', ''),
(315, 2, 'Xây dựng để trường tồn', '<p>- Mô tả sản phẩm</p>\n\n<p>- Mã sản phẩm:</p>\n\n<p>- Mẫu sản phẩm:</p>\n\n<p>- Thương hiệu:</p>\n\n<p>- Kích thước:</p>', '*Nhà xuất bản:<br />\n*Trọng lượng:<br />\n', '', '', '', '', '', ''),
(316, 2, 'Chỉ Cần Mẩu Khăn Giấy', '<p>- Mô tả sản phẩm</p>\n\n<p>- Mã sản phẩm:</p>\n\n<p>- Mẫu sản phẩm:</p>\n\n<p>- Thương hiệu:</p>\n\n<p>- Kích thước:</p>', '*Nhà xuất bản:<br />\n*Trọng lượng:<br />\n', '', '', '', '', '', ''),
(317, 2, 'Chiến Thắng Bằng Mọi Giá', '<p>- Mô tả sản phẩm</p>\n\n<p>- Mã sản phẩm:</p>\n\n<p>- Mẫu sản phẩm:</p>\n\n<p>- Thương hiệu:</p>\n\n<p>- Kích thước:</p>', '*Nhà xuất bản:<br />\n*Trọng lượng:<br />\n', '', '', '', '', '', ''),
(318, 2, 'Cảnh Sát Đặc Nhiệm', '<p>- Mô tả sản phẩm</p>\n\n<p>- Mã sản phẩm:</p>\n\n<p>- Mẫu sản phẩm:</p>\n\n<p>- Thương hiệu:</p>\n\n<p>- Kích thước:</p>', '*Nhà xuất bản:<br />\n*Trọng lượng:<br />\n', '', '', '', '', '', ''),
(319, 2, 'Chiêu Bài Quản lí Vàng Của Bill Gates', '<p>- Mô tả sản phẩm</p>\n\n<p>- Mã sản phẩm:</p>\n\n<p>- Mẫu sản phẩm:</p>\n\n<p>- Thương hiệu:</p>\n\n<p>- Kích thước:</p>', '*Nhà xuất bản:<br />\n*Trọng lượng:<br />\n', '', '', '', '', '', ''),
(320, 2, '7 Viên Ngọc Rồng', '<p>- Mô tả sản phẩm</p>\n\n<p>- Mã sản phẩm:</p>\n\n<p>- Mẫu sản phẩm:</p>\n\n<p>- Thương hiệu:</p>\n\n<p>- Kích thước:</p>', '*Nhà xuất bản:<br />\n*Trọng lượng:<br />\n', '', '', '', '', '', ''),
(321, 2, 'Lịch Sử Việt Nam Bằng Tranh', '<p>- Mô tả sản phẩm</p>\n\n<p>- Mã sản phẩm:</p>\n\n<p>- Mẫu sản phẩm:</p>\n\n<p>- Thương hiệu:</p>\n\n<p>- Kích thước:</p>', '*Nhà xuất bản:<br />\n*Trọng lượng:<br />\n', '', '', '', '', '', ''),
(322, 2, 'Truyện Lộc Đỉnh Ký', '<p>- Mô tả sản phẩm</p>\n\n<p>- Mã sản phẩm:</p>\n\n<p>- Mẫu sản phẩm:</p>\n\n<p>- Thương hiệu:</p>\n\n<p>- Kích thước:</p>', '*Nhà xuất bản:<br />\n*Trọng lượng:<br />\n', '', '', '', '', '', ''),
(323, 2, 'Muốn Cả Thế Giới Biết Anh Yêu Em', '<p>- Mô tả sản phẩm</p>\n\n<p>- Mã sản phẩm:</p>\n\n<p>- Mẫu sản phẩm:</p>\n\n<p>- Thương hiệu:</p>\n\n<p>- Kích thước:</p>', '*Nhà xuất bản:<br />\n*Trọng lượng:<br />\n', '', '', '', '', '', ''),
(324, 2, 'Đẹp Trai Là Số 1', '<p>- Mô tả sản phẩm</p>\n\n<p>- Mã sản phẩm:</p>\n\n<p>- Mẫu sản phẩm:</p>\n\n<p>- Thương hiệu:</p>\n\n<p>- Kích thước:</p>', '*Nhà xuất bản:<br />\n*Trọng lượng:<br />\n', '', '', '', '', '', ''),
(325, 2, 'Vụng Trộm Không Thể Giấu', '<p>- Mô tả sản phẩm</p>\n\n<p>- Mã sản phẩm:</p>\n\n<p>- Mẫu sản phẩm:</p>\n\n<p>- Thương hiệu:</p>\n\n<p>- Kích thước:</p>', '*Nhà xuất bản:<br />\n*Trọng lượng:<br />\n', '', '', '', '', '', ''),
(326, 2, 'Nguồn Gốc Dân Tộc Việt Nam', '<p>- Mô tả sản phẩm</p>\n\n<p>- Mã sản phẩm:</p>\n\n<p>- Mẫu sản phẩm:</p>\n\n<p>- Thương hiệu:</p>\n\n<p>- Kích thước:</p>', '*Nhà xuất bản:<br />\n*Trọng lượng:<br />\n', '', '', '', '', '', ''),
(327, 2, 'Nietzsche - Cuộc Đời Và Triết Lý', '<p>- Mô tả sản phẩm</p>\n\n<p>- Mã sản phẩm:</p>\n\n<p>- Mẫu sản phẩm:</p>\n\n<p>- Thương hiệu:</p>\n\n<p>- Kích thước:</p>', '*Nhà xuất bản:<br />\n*Trọng lượng:<br />\n', '', '', '', '', '', ''),
(328, 2, 'Trò Chuyện Triết Học', '<p>- Mô tả sản phẩm</p>\n\n<p>- Mã sản phẩm:</p>\n\n<p>- Mẫu sản phẩm:</p>\n\n<p>- Thương hiệu:</p>\n\n<p>- Kích thước:</p>', '*Nhà xuất bản:<br />\n*Trọng lượng:<br />\n', '', '', '', '', '', ''),
(329, 2, 'One Piece Đảo Hải Tặc', '<p>- Mô tả sản phẩm</p>\n\n<p>- Mã sản phẩm:</p>\n\n<p>- Mẫu sản phẩm:</p>\n\n<p>- Thương hiệu:</p>\n\n<p>- Kích thước:</p>', '*Nhà xuất bản:<br />\n*Trọng lượng:<br />\n', '', '', '', '', '', ''),
(330, 2, 'Tôi Là Ai Và Nếu Vậy Thì Bao Nhiêu', '<p>- Mô tả sản phẩm</p>\n\n<p>- Mã sản phẩm:</p>\n\n<p>- Mẫu sản phẩm:</p>\n\n<p>- Thương hiệu:</p>\n\n<p>- Kích thước:</p>', '*Nhà xuất bản:<br />\n*Trọng lượng:<br />\n', '', '', '', '', '', ''),
(331, 2, 'Tư Duy Như Một Hệ Thống', '<p>- Mô tả sản phẩm</p>\n\n<p>- Mã sản phẩm:</p>\n\n<p>- Mẫu sản phẩm:</p>\n\n<p>- Thương hiệu:</p>\n\n<p>- Kích thước:</p>', '*Nhà xuất bản:<br />\n*Trọng lượng:<br />\n', '', '', '', '', '', ''),
(332, 2, 'Kỹ Thuật Chế Biến 300 Món Ăn Ngon', '<p>- Mô tả sản phẩm</p>\n\n<p>- Mã sản phẩm:</p>\n\n<p>- Mẫu sản phẩm:</p>\n\n<p>- Thương hiệu:</p>\n\n<p>- Kích thước:</p>', '*Nhà xuất bản:<br />\n*Trọng lượng:<br />\n', '', '', '', '', '', ''),
(333, 2, 'Những Món Ăn Chay Nổi Tiếng', '<p>- Mô tả sản phẩm</p>\n\n<p>- Mã sản phẩm:</p>\n\n<p>- Mẫu sản phẩm:</p>\n\n<p>- Thương hiệu:</p>\n\n<p>- Kích thước:</p>', '*Nhà xuất bản:<br />\n*Trọng lượng:<br />\n', '', '', '', '', '', ''),
(334, 2, 'Những Trận Hải Chiến Nổi Tiếng Thế Giới', '<p>- Mô tả sản phẩm</p>\n\n<p>- Mã sản phẩm:</p>\n\n<p>- Mẫu sản phẩm:</p>\n\n<p>- Thương hiệu:</p>\n\n<p>- Kích thước:</p>', '*Nhà xuất bản:<br />\n*Trọng lượng:<br />\n', '', '', '', '', '', ''),
(335, 2, 'Từ Tơ Lụa Đến Silicon', '<p>- Mô tả sản phẩm</p>\n\n<p>- Mã sản phẩm:</p>\n\n<p>- Mẫu sản phẩm:</p>\n\n<p>- Thương hiệu:</p>\n\n<p>- Kích thước:</p>', '*Nhà xuất bản:<br />\n*Trọng lượng:<br />\n', '', '', '', '', '', ''),
(336, 2, 'Dược Thần', '<p>- Mô tả sản phẩm</p>\n\n<p>- Mã sản phẩm:</p>\n\n<p>- Mẫu sản phẩm:</p>\n\n<p>- Thương hiệu:</p>\n\n<p>- Kích thước:</p>', '*Nhà xuất bản:<br />\n*Trọng lượng:<br />\n', '', '', '', '', '', ''),
(337, 2, 'Huyền Thiên Hôn Tôn', '<p>- Mô tả sản phẩm</p>\n\n<p>- Mã sản phẩm:</p>\n\n<p>- Mẫu sản phẩm:</p>\n\n<p>- Thương hiệu:</p>\n\n<p>- Kích thước:</p>', '*Nhà xuất bản:<br />\n*Trọng lượng:<br />\n', '', '', '', '', '', ''),
(338, 2, 'Những Ngày Thơ Ấu', '<p>- Mô tả sản phẩm</p>\n\n<p>- Mã sản phẩm:</p>\n\n<p>- Mẫu sản phẩm:</p>\n\n<p>- Thương hiệu:</p>\n\n<p>- Kích thước:</p>', '*Nhà xuất bản:<br />\n*Trọng lượng:<br />\n', '', '', '', '', '', ''),
(339, 2, 'Những Người Cùng Thời', '<p>- Mô tả sản phẩm</p>\n\n<p>- Mã sản phẩm:</p>\n\n<p>- Mẫu sản phẩm:</p>\n\n<p>- Thương hiệu:</p>\n\n<p>- Kích thước:</p>', '*Nhà xuất bản:<br />\n*Trọng lượng:<br />\n', '', '', '', '', '', ''),
(340, 2, 'Hồ Chí Minh Toàn Tập', '<p>- Mô tả sản phẩm</p>\n\n<p>- Mã sản phẩm:</p>\n\n<p>- Mẫu sản phẩm:</p>\n\n<p>- Thương hiệu:</p>\n\n<p>- Kích thước:</p>', '*Nhà xuất bản:<br />\n*Trọng lượng:<br />\n', '', '', '', '', '', ''),
(341, 2, 'Hồ Nữ', '<p>- Mô tả sản phẩm</p>\n\n<p>- Mã sản phẩm:</p>\n\n<p>- Mẫu sản phẩm:</p>\n\n<p>- Thương hiệu:</p>\n\n<p>- Kích thước:</p>', '*Nhà xuất bản:<br />\n*Trọng lượng:<br />\n', '', '', '', '', '', ''),
(342, 2, 'Tuổi Thơ Dữ Dội', '<p>- Mô tả sản phẩm</p>\n\n<p>- Mã sản phẩm:</p>\n\n<p>- Mẫu sản phẩm:</p>\n\n<p>- Thương hiệu:</p>\n\n<p>- Kích thước:</p>', '*Nhà xuất bản:<br />\n*Trọng lượng:<br />\n', '', '', '', '', '', ''),
(343, 2, 'Những Mảnh Đời Đen Trắng', '<p>- Mô tả sản phẩm</p>\n\n<p>- Mã sản phẩm:</p>\n\n<p>- Mẫu sản phẩm:</p>\n\n<p>- Thương hiệu:</p>\n\n<p>- Kích thước:</p>', '*Nhà xuất bản:<br />\n*Trọng lượng:<br />\n', '', '', '', '', '', ''),
(344, 2, 'Một Đứa Con Đã Khôn Ngoan', '<p>- Mô tả sản phẩm</p>\n\n<p>- Mã sản phẩm:</p>\n\n<p>- Mẫu sản phẩm:</p>\n\n<p>- Thương hiệu:</p>\n\n<p>- Kích thước:</p>', '*Nhà xuất bản:<br />\n*Trọng lượng:<br />\n', '', '', '', '', '', ''),
(345, 2, 'Cõi Việt', '<p>- Mô tả sản phẩm</p>\n\n<p>- Mã sản phẩm:</p>\n\n<p>- Mẫu sản phẩm:</p>\n\n<p>- Thương hiệu:</p>\n\n<p>- Kích thước:</p>', '*Nhà xuất bản:<br />\n*Trọng lượng:<br />\n', '', '', '', '', '', ''),
(346, 2, 'Chết Trước Hoàng Hôn', '<p>- Mô tả sản phẩm</p>\n\n<p>- Mã sản phẩm:</p>\n\n<p>- Mẫu sản phẩm:</p>\n\n<p>- Thương hiệu:</p>\n\n<p>- Kích thước:</p>', '*Nhà xuất bản:<br />\n*Trọng lượng:<br />\n', '', '', '', '', '', ''),
(347, 2, 'Đêm Hội Long Trì', '<p>- Mô tả sản phẩm</p>\n\n<p>- Mã sản phẩm:</p>\n\n<p>- Mẫu sản phẩm:</p>\n\n<p>- Thương hiệu:</p>\n\n<p>- Kích thước:</p>', '*Nhà xuất bản:<br />\n*Trọng lượng:<br />\n', '', '', '', '', '', ''),
(348, 2, 'Mùa Hè', '<p>- Mô tả sản phẩm</p>\n\n<p>- Mã sản phẩm:</p>\n\n<p>- Mẫu sản phẩm:</p>\n\n<p>- Thương hiệu:</p>\n\n<p>- Kích thước:</p>', '*Nhà xuất bản:<br />\n*Trọng lượng:<br />\n', '', '', '', '', '', ''),
(349, 2, 'Con Nai Trong Rừng', '<p>- Mô tả sản phẩm</p>\n\n<p>- Mã sản phẩm:</p>\n\n<p>- Mẫu sản phẩm:</p>\n\n<p>- Thương hiệu:</p>\n\n<p>- Kích thước:</p>', '*Nhà xuất bản:<br />\n*Trọng lượng:<br />\n', '', '', '', '', '', ''),
(350, 2, 'Khoảng Trống', '<p>- Mô tả sản phẩm</p>\n\n<p>- Mã sản phẩm:</p>\n\n<p>- Mẫu sản phẩm:</p>\n\n<p>- Thương hiệu:</p>\n\n<p>- Kích thước:</p>', '*Nhà xuất bản:<br />\n*Trọng lượng:<br />\n', '', '', '', '', '', ''),
(351, 2, 'Thế Giới Của Lâu Đài DownTon', '<p>- Mô tả sản phẩm</p>\n\n<p>- Mã sản phẩm:</p>\n\n<p>- Mẫu sản phẩm:</p>\n\n<p>- Thương hiệu:</p>\n\n<p>- Kích thước:</p>', '*Nhà xuất bản:<br />\n*Trọng lượng:<br />\n', '', '', '', '', '', ''),
(352, 2, 'Bệnh Dạ Dày - Phương Pháp Chẩn Đoán Và Chữa Trị', '<p>- Mô tả sản phẩm</p>\n\n<p>- Mã sản phẩm:</p>\n\n<p>- Mẫu sản phẩm:</p>\n\n<p>- Thương hiệu:</p>\n\n<p>- Kích thước:</p>', '*Nhà xuất bản:<br />\n*Trọng lượng:<br />\n', '', '', '', '', '', ''),
(353, 2, 'Bệnh Loãng Xương - Cách Phòng Ngừa Và Điều Trị', '<p>- Mô tả sản phẩm</p>\n\n<p>- Mã sản phẩm:</p>\n\n<p>- Mẫu sản phẩm:</p>\n\n<p>- Thương hiệu:</p>\n\n<p>- Kích thước:</p>', '*Nhà xuất bản:<br />\n*Trọng lượng:<br />\n', '', '', '', '', '', ''),
(354, 2, 'Bách Hóa VITAMIN', '<p>- Mô tả sản phẩm</p>\n\n<p>- Mã sản phẩm:</p>\n\n<p>- Mẫu sản phẩm:</p>\n\n<p>- Thương hiệu:</p>\n\n<p>- Kích thước:</p>', '*Nhà xuất bản:<br />\n*Trọng lượng:<br />\n', '', '', '', '', '', ''),
(355, 2, '70 Món Ăn Bài Thuốc', '<p>- Mô tả sản phẩm</p>\n\n<p>- Mã sản phẩm:</p>\n\n<p>- Mẫu sản phẩm:</p>\n\n<p>- Thương hiệu:</p>\n\n<p>- Kích thước:</p>', '*Nhà xuất bản:<br />\n*Trọng lượng:<br />\n', '', '', '', '', '', ''),
(356, 2, 'Ai Cũng Tuyệt Vời', '<p>- Mô tả sản phẩm</p>\n\n<p>- Mã sản phẩm:</p>\n\n<p>- Mẫu sản phẩm:</p>\n\n<p>- Thương hiệu:</p>\n\n<p>- Kích thước:</p>', '*Nhà xuất bản:<br />\n*Trọng lượng:<br />\n', '', '', '', '', '', ''),
(357, 2, 'Giải Lời Nguyền Của Phù Thủy', '<p>- Mô tả sản phẩm</p>\n\n<p>- Mã sản phẩm:</p>\n\n<p>- Mẫu sản phẩm:</p>\n\n<p>- Thương hiệu:</p>\n\n<p>- Kích thước:</p>', '*Nhà xuất bản:<br />\n*Trọng lượng:<br />\n', '', '', '', '', '', ''),
(358, 2, 'Sariya', '<p>- Mô tả sản phẩm</p>\n\n<p>- Mã sản phẩm:</p>\n\n<p>- Mẫu sản phẩm:</p>\n\n<p>- Thương hiệu:</p>\n\n<p>- Kích thước:</p>', '*Nhà xuất bản:<br />\n*Trọng lượng:<br />\n', '', '', '', '', '', ''),
(359, 2, 'Bỗng Dưng Thành Khổng Lồ', '<p>- Mô tả sản phẩm</p>\n\n<p>- Mã sản phẩm:</p>\n\n<p>- Mẫu sản phẩm:</p>\n\n<p>- Thương hiệu:</p>\n\n<p>- Kích thước:</p>', '*Nhà xuất bản:<br />\n*Trọng lượng:<br />\n', '', '', '', '', '', ''),
(360, 2, 'Ba Chàng Ngốc', '<p>- Mô tả sản phẩm</p>\n\n<p>- Mã sản phẩm:</p>\n\n<p>- Mẫu sản phẩm:</p>\n\n<p>- Thương hiệu:</p>\n\n<p>- Kích thước:</p>', '*Nhà xuất bản:<br />\n*Trọng lượng:<br />\n', '', '', '', '', '', ''),
(361, 2, 'Bố Là Bà Giúp Việc', '<p>- Mô tả sản phẩm</p>\n\n<p>- Mã sản phẩm:</p>\n\n<p>- Mẫu sản phẩm:</p>\n\n<p>- Thương hiệu:</p>\n\n<p>- Kích thước:</p>', '*Nhà xuất bản:<br />\n*Trọng lượng:<br />\n', '', '', '', '', '', ''),
(362, 2, 'Truyện Cười Song Ngữ Anh - Việt', '<p>- Mô tả sản phẩm</p>\n\n<p>- Mã sản phẩm:</p>\n\n<p>- Mẫu sản phẩm:</p>\n\n<p>- Thương hiệu:</p>\n\n<p>- Kích thước:</p>', '*Nhà xuất bản:<br />\n*Trọng lượng:<br />\n', '', '', '', '', '', ''),
(363, 2, '3 Chàng Ngốc Cùng Hội Cùng Thuyền', '<p>- Mô tả sản phẩm</p>\n\n<p>- Mã sản phẩm:</p>\n\n<p>- Mẫu sản phẩm:</p>\n\n<p>- Thương hiệu:</p>\n\n<p>- Kích thước:</p>', '*Nhà xuất bản:<br />\n*Trọng lượng:<br />\n', '', '', '', '', '', ''),
(364, 2, 'Bên Lề Khoa Học', '<p>- Mô tả sản phẩm</p>\n\n<p>- Mã sản phẩm:</p>\n\n<p>- Mẫu sản phẩm:</p>\n\n<p>- Thương hiệu:</p>\n\n<p>- Kích thước:</p>', '*Nhà xuất bản:<br />\n*Trọng lượng:<br />\n', '', '', '', '', '', ''),
(365, 2, 'Vụ Bí Ẩn Cuốn Nhật Kí Mặt Trăng', '<p>- Mô tả sản phẩm</p>\n\n<p>- Mã sản phẩm:</p>\n\n<p>- Mẫu sản phẩm:</p>\n\n<p>- Thương hiệu:</p>\n\n<p>- Kích thước:</p>', '*Nhà xuất bản:<br />\n*Trọng lượng:<br />\n', '', '', '', '', '', ''),
(366, 2, 'Những Mảng Màu Du Lịch Việt Nam', '<p>- Mô tả sản phẩm</p>\n\n<p>- Mã sản phẩm:</p>\n\n<p>- Mẫu sản phẩm:</p>\n\n<p>- Thương hiệu:</p>\n\n<p>- Kích thước:</p>', '*Nhà xuất bản:<br />\n*Trọng lượng:<br />\n', '', '', '', '', '', ''),
(367, 2, 'Sự Phát Triển Tư Tưởng Việt Nam', '<p>- Mô tả sản phẩm</p>\n\n<p>- Mã sản phẩm:</p>\n\n<p>- Mẫu sản phẩm:</p>\n\n<p>- Thương hiệu:</p>\n\n<p>- Kích thước:</p>', '*Nhà xuất bản:<br />\n*Trọng lượng:<br />\n', '', '', '', '', '', ''),
(368, 2, 'Hỏa Thần', '<p>- Mô tả sản phẩm</p>\n\n<p>- Mã sản phẩm:</p>\n\n<p>- Mẫu sản phẩm:</p>\n\n<p>- Thương hiệu:</p>\n\n<p>- Kích thước:</p>', '*Nhà xuất bản:<br />\n*Trọng lượng:<br />\n', '', '', '', '', '', ''),
(369, 2, 'Khom Lưng Vì Anh', '<p>- Mô tả sản phẩm</p>\n\n<p>- Mã sản phẩm:</p>\n\n<p>- Mẫu sản phẩm:</p>\n\n<p>- Thương hiệu:</p>\n\n<p>- Kích thước:</p>', '*Nhà xuất bản:<br />\n*Trọng lượng:<br />\n', '', '', '', '', '', ''),
(370, 2, 'Thám Tử Lừng Danh Conan', '<p>- Mô tả sản phẩm</p>\n\n<p>- Mã sản phẩm:</p>\n\n<p>- Mẫu sản phẩm:</p>\n\n<p>- Thương hiệu:</p>\n\n<p>- Kích thước:</p>', '*Nhà xuất bản:<br />\n*Trọng lượng:<br />\n', '', '', '', '', '', ''),
(371, 2, 'Võ Đạo Đan Tôn', '<p>- Mô tả sản phẩm</p>\n\n<p>- Mã sản phẩm:</p>\n\n<p>- Mẫu sản phẩm:</p>\n\n<p>- Thương hiệu:</p>\n\n<p>- Kích thước:</p>', '*Nhà xuất bản:<br />\n*Trọng lượng:<br />\n', '', '', '', '', '', '');


-- oc_product_image PRIMARY KEY (`product_image_id`)
-- nothing to insert


-- oc_product_to_category PRIMARY KEY (`product_id`,`category_id`)
INSERT IGNORE INTO `oc_product_to_category` (`product_id`, `category_id`) VALUES
(312, 86),
(313, 87),
(314, 86),
(315, 88),
(316, 88),
(317, 87),
(318, 32),
(319, 88),
(320, 34),
(321, 89),
(322, 34),
(323, 33),
(324, 33),
(325, 33),
(326, 89),
(327, 90),
(328, 90),
(329, 34),
(330, 90),
(331, 90),
(332, 86),
(333, 86),
(334, 89),
(335, 88),
(336, 35),
(337, 35),
(338, 87),
(339, 87),
(340, 89),
(341, 35),
(342, 91),
(343, 91),
(344, 91),
(345, 92),
(346, 32),
(347, 91),
(348, 93),
(349, 93),
(350, 93),
(351, 93),
(352, 94),
(353, 94),
(354, 94),
(355, 94),
(356, 95),
(357, 95),
(358, 95),
(359, 95),
(360, 96),
(361, 96),
(362, 96),
(363, 96),
(364, 92),
(365, 32),
(366, 92),
(367, 92),
(368, 32),
(369, 33),
(370, 34),
(371, 35);

-- oc_product_to_store PRIMARY KEY (`product_id`,`store_id`)
INSERT IGNORE INTO `oc_product_to_store` (`product_id`, `store_id`, `product_version_id`, `quantity`, `cost_price`) VALUES
(325, 0, 0, 10, '0.0000'),
(317, 0, 0, 30, '0.0000'),
(352, 0, 0, 15, '0.0000'),
(351, 0, 0, 15, '0.0000'),
(321, 0, 0, 10, '0.0000'),
(371, 0, 0, 15, '0.0000'),
(341, 0, 0, 15, '0.0000'),
(313, 0, 0, 30, '0.0000'),
(330, 0, 0, 10, '0.0000'),
(370, 0, 0, 10, '0.0000'),
(369, 0, 0, 10, '0.0000'),
(348, 0, 0, 15, '0.0000'),
(324, 0, 0, 10, '0.0000'),
(345, 0, 0, 20, '0.0000'),
(334, 0, 0, 10, '0.0000'),
(354, 0, 0, 15, '0.0000'),
(363, 0, 0, 10, '0.0000'),
(346, 0, 0, 20, '0.0000'),
(347, 0, 0, 15, '0.0000'),
(338, 0, 0, 30, '0.0000'),
(360, 0, 0, 10, '0.0000'),
(312, 0, 0, 30, '0.0000'),
(315, 0, 0, 10, '0.0000'),
(332, 0, 0, 30, '0.0000'),
(327, 0, 0, 10, '0.0000'),
(329, 0, 0, 10, '0.0000'),
(322, 0, 0, 10, '0.0000'),
(343, 0, 0, 15, '0.0000'),
(355, 0, 0, 15, '0.0000'),
(340, 0, 0, 10, '0.0000'),
(357, 0, 0, 10, '0.0000'),
(331, 0, 0, 10, '0.0000'),
(353, 0, 0, 15, '0.0000'),
(367, 0, 0, 20, '0.0000'),
(362, 0, 0, 10, '0.0000'),
(339, 0, 0, 30, '0.0000'),
(366, 0, 0, 20, '0.0000'),
(328, 0, 0, 10, '0.0000'),
(337, 0, 0, 15, '0.0000'),
(335, 0, 0, 10, '0.0000'),
(358, 0, 0, 10, '0.0000'),
(364, 0, 0, 20, '0.0000'),
(316, 0, 0, 10, '0.0000'),
(349, 0, 0, 15, '0.0000'),
(320, 0, 0, 10, '0.0000'),
(365, 0, 0, 20, '0.0000'),
(350, 0, 0, 15, '0.0000'),
(333, 0, 0, 30, '0.0000'),
(326, 0, 0, 10, '0.0000'),
(368, 0, 0, 20, '0.0000'),
(318, 0, 0, 20, '0.0000'),
(319, 0, 0, 10, '0.0000'),
(359, 0, 0, 10, '0.0000'),
(356, 0, 0, 10, '0.0000'),
(344, 0, 0, 15, '0.0000'),
(342, 0, 0, 15, '0.0000'),
(323, 0, 0, 10, '0.0000'),
(361, 0, 0, 10, '0.0000'),
(336, 0, 0, 15, '0.0000'),
(314, 0, 0, 30, '0.0000');