-- oc_product PRIMARY KEY (`product_id`)
-- delete first
INSERT IGNORE INTO `oc_product` (`product_id`, `model`, `sku`, `common_barcode`, `common_sku`, `common_compare_price`, `common_price`, `common_cost_price`, `barcode`, `upc`, `ean`, `jan`, `isbn`, `mpn`, `location`, `quantity`, `sale_on_out_of_stock`, `stock_status_id`, `image`, `image_alt`, `multi_versions`, `manufacturer_id`, `shipping`, `price`, `price_currency_id`, `compare_price`, `c_price_currency_id`, `points`, `tax_class_id`, `date_available`, `weight`, `weight_class_id`, `length`, `width`, `height`, `length_class_id`, `subtract`, `minimum`, `sort_order`, `status`, `channel`, `viewed`, `demo`, `deleted`, `default_store_id`, `date_added`, `date_modified`) VALUES
(145, '', '', '', '', '0.0000', '0.0000', '0.0000', '', '', '', '', '', '', '', 0, 1, 0, 'https://cdn.bestme.asia/images/kesaths/7.png', '', 0, 0, 1, '0.0000', 1, '0.0000', 1, 0, 0, '0000-00-00', '1000.00000000', 1, '0.00000000', '0.00000000', '0.00000000', 0, 1, 1, 0, 1, 2, 0, 1, NULL, 0, '2020-12-10 09:57:44', '2020-12-10 09:57:44'),
(144, '', '', '', '', '0.0000', '0.0000', '0.0000', '', '', '', '', '', '', '', 0, 1, 0, 'https://cdn.bestme.asia/images/kesaths/3.png', '', 0, 0, 1, '0.0000', 1, '0.0000', 1, 0, 0, '0000-00-00', '1000.00000000', 1, '0.00000000', '0.00000000', '0.00000000', 0, 1, 1, 0, 1, 2, 0, 1, NULL, 0, '2020-12-10 09:52:15', '2020-12-10 09:52:15'),
(143, '', '', '', '', '0.0000', '0.0000', '0.0000', '', '', '', '', '', '', '', 0, 1, 0, 'https://cdn.bestme.asia/images/kesaths/20.png', '', 0, 0, 1, '0.0000', 1, '0.0000', 1, 0, 0, '0000-00-00', '1000.00000000', 1, '0.00000000', '0.00000000', '0.00000000', 0, 1, 1, 0, 1, 2, 0, 1, NULL, 0, '2020-12-10 09:49:01', '2020-12-10 09:52:27'),
(142, '', '', '', '', '0.0000', '0.0000', '0.0000', '', '', '', '', '', '', '', 0, 1, 0, 'https://cdn.bestme.asia/images/kesaths/6.png', '', 0, 0, 1, '0.0000', 1, '0.0000', 1, 0, 0, '0000-00-00', '1000.00000000', 1, '0.00000000', '0.00000000', '0.00000000', 0, 1, 1, 0, 1, 0, 0, 1, NULL, 0, '2020-12-10 09:46:49', '2020-12-10 09:52:39'),
(141, '', '', '', '', '0.0000', '0.0000', '0.0000', '', '', '', '', '', '', '', 0, 1, 0, 'https://cdn.bestme.asia/images/kesaths/12.png', '', 0, 0, 1, '0.0000', 1, '0.0000', 1, 0, 0, '0000-00-00', '1000.00000000', 1, '0.00000000', '0.00000000', '0.00000000', 0, 1, 1, 0, 1, 0, 0, 1, NULL, 0, '2020-12-10 09:43:38', '2020-12-10 09:43:38'),
(140, '', '', '', '', '0.0000', '0.0000', '0.0000', '', '', '', '', '', '', '', 0, 1, 0, 'https://cdn.bestme.asia/images/kesaths/5.png', '', 0, 0, 1, '0.0000', 1, '0.0000', 1, 0, 0, '0000-00-00', '1000.00000000', 1, '0.00000000', '0.00000000', '0.00000000', 0, 1, 1, 0, 1, 2, 0, 1, NULL, 0, '2020-12-10 09:41:32', '2020-12-10 09:58:09'),
(139, '', '', '', '', '0.0000', '0.0000', '0.0000', '', '', '', '', '', '', '', 0, 1, 0, 'https://cdn.bestme.asia/images/kesaths/9.png', '', 0, 0, 1, '0.0000', 1, '0.0000', 1, 0, 0, '0000-00-00', '1000.00000000', 1, '0.00000000', '0.00000000', '0.00000000', 0, 1, 1, 0, 1, 2, 0, 1, NULL, 0, '2020-12-10 09:38:29', '2020-12-10 09:38:29'),
(138, '', '', '', '', '0.0000', '0.0000', '0.0000', '', '', '', '', '', '', '', 0, 1, 0, 'https://cdn.bestme.asia/images/kesaths/8.png', '', 0, 0, 1, '0.0000', 1, '0.0000', 1, 0, 0, '0000-00-00', '100.00000000', 1, '0.00000000', '0.00000000', '0.00000000', 0, 1, 1, 0, 1, 2, 0, 1, NULL, 0, '2020-12-10 09:36:35', '2020-12-10 09:36:35'),
(135, '', '', '', '', '0.0000', '0.0000', '0.0000', '', '', '', '', '', '', '', 0, 1, 0, 'https://cdn.bestme.asia/images/kesaths/10.png', '', 0, 0, 1, '0.0000', 1, '1100000.0000', 1, 0, 0, '0000-00-00', '100.00000000', 1, '0.00000000', '0.00000000', '0.00000000', 0, 1, 1, 0, 1, 2, 0, 1, NULL, 0, '2020-12-10 09:23:57', '2020-12-10 09:23:57'),
(136, '', '', '', '', '0.0000', '0.0000', '0.0000', '', '', '', '', '', '', '', 0, 1, 0, 'https://cdn.bestme.asia/images/kesaths/2.png', '', 1, 0, 1, '0.0000', 1, '0.0000', 1, 0, 0, '0000-00-00', '1000.00000000', 1, '0.00000000', '0.00000000', '0.00000000', 0, 1, 1, 0, 1, 2, 0, 1, NULL, 0, '2020-12-10 09:28:56', '2020-12-10 09:28:56'),
(137, '', '', '', '', '0.0000', '0.0000', '0.0000', '', '', '', '', '', '', '', 0, 1, 0, 'https://cdn.bestme.asia/images/kesaths/1.png', '', 1, 0, 1, '0.0000', 1, '0.0000', 1, 0, 0, '0000-00-00', '1000.00000000', 1, '0.00000000', '0.00000000', '0.00000000', 0, 1, 1, 0, 1, 2, 0, 1, NULL, 0, '2020-12-10 09:31:55', '2020-12-10 09:32:34'),
(132, '', '', '', '', '0.0000', '0.0000', '0.0000', '', '', '', '', '', '', '', 0, 1, 0, 'https://cdn.bestme.asia/images/kesaths/13.png', '', 0, 0, 1, '0.0000', 1, '630000.0000', 1, 0, 0, '0000-00-00', '100.00000000', 1, '0.00000000', '0.00000000', '0.00000000', 0, 1, 1, 0, 1, 2, 0, 1, NULL, 0, '2020-12-10 09:19:24', '2020-12-10 09:19:24'),
(133, '', '', '', '', '0.0000', '0.0000', '0.0000', '', '', '', '', '', '', '', 0, 1, 0, 'https://cdn.bestme.asia/images/kesaths/18.png', '', 0, 0, 1, '0.0000', 1, '862000.0000', 1, 0, 0, '0000-00-00', '100.00000000', 1, '0.00000000', '0.00000000', '0.00000000', 0, 1, 1, 0, 1, 2, 0, 1, NULL, 0, '2020-12-10 09:20:37', '2020-12-10 09:20:37'),
(134, '', '', '', '', '0.0000', '0.0000', '0.0000', '', '', '', '', '', '', '', 0, 1, 0, 'https://cdn.bestme.asia/images/kesaths/11.png', '', 0, 0, 1, '0.0000', 1, '860000.0000', 1, 0, 0, '0000-00-00', '100.00000000', 1, '0.00000000', '0.00000000', '0.00000000', 0, 1, 1, 0, 1, 2, 0, 1, NULL, 0, '2020-12-10 09:23:01', '2020-12-10 09:23:01');

-- restore soft-deleted products if demo
UPDATE `oc_product` SET `deleted` = NULL
WHERE `demo` = 1
  AND `product_id` IN (
      145,
      144,
      143,
      142,
      141,
      140,
      139,
      138,
      135,
      136,
      137,
      132,
      133,
      134
  );

-- oc_product_collection PRIMARY KEY (`product_collection_id`)
INSERT IGNORE INTO `oc_product_collection` (`product_collection_id`, `product_id`, `collection_id`, `sort_order`) VALUES
(349, 140, 30, 0),
(348, 141, 30, 0),
(347, 139, 30, 0),
(346, 138, 30, 0),
(355, 136, 27, 2),
(354, 137, 27, 1),
(345, 134, 29, 0),
(344, 135, 29, 0),
(353, 144, 31, 0),
(352, 143, 31, 0),
(351, 145, 31, 0),
(350, 142, 31, 0),
(343, 132, 28, 0),
(342, 133, 28, 0);

-- oc_product_description PRIMARY KEY (`product_id`,`language_id`)
INSERT IGNORE INTO `oc_product_description` (`product_id`, `language_id`, `name`, `description`, `sub_description`, `seo_title`, `seo_description`, `tag`, `meta_title`, `meta_description`, `meta_keyword`) VALUES
(132, 2, 'Kệ siêu thị đơn tôn lỗ', '&lt;h3&gt;THÔNG SỐ KỸ THUẬT&lt;/h3&gt;\r\n\r\n&lt;ul&gt;\r\n	&lt;li&gt;Lựa chọn về chiều cao: 120cm, 150cm, 180cm&lt;/li&gt;\r\n	&lt;li&gt;Lựa chọn về chiều dài: 90cm, 120cm&lt;/li&gt;\r\n	&lt;li&gt;Chiều rộng kệ: 49cm&lt;/li&gt;\r\n	&lt;li&gt;Số tầng sàn: 3 – 5 tầng sàn tùy theo nhu cầu khách hàng&lt;/li&gt;\r\n	&lt;li&gt;Màu sắc tiêu chuẩn: trắng, đen, vàng&lt;/li&gt;\r\n	&lt;li&gt;Nẹp nhựa: xanh, đỏ&lt;/li&gt;\r\n	&lt;li&gt;Chất liệu: sắt thép cao cấp được sơn tĩnh điện 3 lớp&lt;/li&gt;\r\n	&lt;li&gt;Bảo hành: 36 tháng&lt;/li&gt;\r\n&lt;/ul&gt;\r\n\r\n&lt;h3&gt;KÍCH THƯỚC TIÊU CHUẨN&lt;/h3&gt;\r\n\r\n&lt;table id=&quot;tablepress-17&quot;&gt;\r\n	&lt;tbody&gt;\r\n		&lt;tr&gt;\r\n			&lt;td&gt;Chiều cao ( cm)&lt;/td&gt;\r\n			&lt;td&gt;120; 150; 180&lt;/td&gt;\r\n		&lt;/tr&gt;\r\n		&lt;tr&gt;\r\n			&lt;td&gt;Chiều dài ( cm)&lt;/td&gt;\r\n			&lt;td&gt;70; 90; 120&lt;/td&gt;\r\n		&lt;/tr&gt;\r\n		&lt;tr&gt;\r\n			&lt;td&gt;Số mâm tầng ( mâm)&lt;/td&gt;\r\n			&lt;td&gt;4-5&lt;/td&gt;\r\n		&lt;/tr&gt;\r\n	&lt;/tbody&gt;\r\n&lt;/table&gt;\r\n\r\n&lt;p&gt;Bảng thiết kế này theo tiêu chuẩn an toàn – chất lượng Nhật Bản. Đã được kiểm định và xét duyệt, ứng dụng rộng rãi trong ngành kệ công nghiệp hiện nay. Dưới tiêu chuẩn này Vinatech đo lường chính xác các thông tin và dữ liệu hệ thống mang lại sản phẩm đạt chất lượng ISO 9001: 2008.&lt;/p&gt;\r\n\r\n&lt;p&gt;Nhằm tạo ra sản phẩm kệ chất lượng nhất, vừa đảm bảo các chỉ tiêu an toàn chất lượng vừa đáp ứng theo nhu cầu, nguyện vọng lưu trữ tại hệ thống kho lưu trữ của khách hàng&lt;/p&gt;', '', '', '', '', '', '', ''),
(133, 2, 'Kệ siêu thị đơn tôn liền', '&lt;h3&gt;THÔNG SỐ KỸ THUẬT&lt;/h3&gt;\r\n\r\n&lt;ul&gt;\r\n	&lt;li&gt;Lựa chọn về chiều cao: 120cm, 150cm, 180cm&lt;/li&gt;\r\n	&lt;li&gt;Lựa chọn về chiều dài: 90cm, 120cm&lt;/li&gt;\r\n	&lt;li&gt;Chiều rộng kệ: 49cm&lt;/li&gt;\r\n	&lt;li&gt;Số tầng sàn: 3 – 5 tầng sàn tùy theo nhu cầu khách hàng&lt;/li&gt;\r\n	&lt;li&gt;Màu sắc tiêu chuẩn: trắng, đen, vàng&lt;/li&gt;\r\n	&lt;li&gt;Nẹp nhựa: xanh, đỏ&lt;/li&gt;\r\n	&lt;li&gt;Chất liệu: sắt thép cao cấp được sơn tĩnh điện 3 lớp&lt;/li&gt;\r\n	&lt;li&gt;Bảo hành: 36 tháng&lt;/li&gt;\r\n&lt;/ul&gt;\r\n\r\n&lt;h3&gt;KÍCH THƯỚC TIÊU CHUẨN&lt;/h3&gt;\r\n\r\n&lt;table id=&quot;tablepress-17&quot;&gt;\r\n	&lt;tbody&gt;\r\n		&lt;tr&gt;\r\n			&lt;td&gt;Chiều cao ( cm)&lt;/td&gt;\r\n			&lt;td&gt;120; 150; 180&lt;/td&gt;\r\n		&lt;/tr&gt;\r\n		&lt;tr&gt;\r\n			&lt;td&gt;Chiều dài ( cm)&lt;/td&gt;\r\n			&lt;td&gt;70; 90; 120&lt;/td&gt;\r\n		&lt;/tr&gt;\r\n		&lt;tr&gt;\r\n			&lt;td&gt;Số mâm tầng ( mâm)&lt;/td&gt;\r\n			&lt;td&gt;4-5&lt;/td&gt;\r\n		&lt;/tr&gt;\r\n	&lt;/tbody&gt;\r\n&lt;/table&gt;\r\n\r\n&lt;p&gt;Bảng thiết kế này theo tiêu chuẩn an toàn – chất lượng Nhật Bản. Đã được kiểm định và xét duyệt, ứng dụng rộng rãi trong ngành kệ công nghiệp hiện nay. Dưới tiêu chuẩn này Vinatech đo lường chính xác các thông tin và dữ liệu hệ thống mang lại sản phẩm đạt chất lượng ISO 9001: 2008.&lt;/p&gt;\r\n\r\n&lt;p&gt;Nhằm tạo ra sản phẩm kệ chất lượng nhất, vừa đảm bảo các chỉ tiêu an toàn chất lượng vừa đáp ứng theo nhu cầu, nguyện vọng lưu trữ tại hệ thống kho lưu trữ của khách hàng&lt;/p&gt;\r\n\r\n&lt;p&gt; &lt;/p&gt;', '', '', '', '', '', '', ''),
(134, 2, 'Kệ đôi tôn liền', '&lt;p&gt; Kệ đôi tôn liền là loại kệ thông dụng được bày giữa không gian các mặt bằng bán hàng như siêu thị hay các cửa hàng tiện lợi. Sản phẩm này được thiết kế với 2 mặt để hàng giống hệt nhau, dùng để bài trí các hàng hóa trên giá kệ một cách khoa học và gọn gàng.&lt;/p&gt;\r\n\r\n&lt;p&gt;Kệ đôi thường có chiều cao trung bình từ 1,5 – 2 mét, tương đương với khoảng 4 – 6 tầng kệ. Chiều dài từ 70 – 120 cm và rộng 72 cm. Nó thích hợp với mọi diện tích mặt bằng dù rộng hay hẹp. Mỗi bộ kệ chỉ chiếm khoảng diện tích từ 0,8 – 1 mét vuông.&lt;/p&gt;\r\n\r\n&lt;p&gt;Kệ đôi siêu thị vẫn đáp ứng chức năng chung là để trưng bày các sản phẩm hàng hóa trong các cửa hàng, siêu thị hiện nay. Bên cạnh đó thì nhờ thiết kế kích thước nhỏ gọn, hiện đại, kệ giúp đem lại sự chuyên nghiệp hơn cho cửa hàng của bạn.&lt;/p&gt;\r\n\r\n&lt;h3&gt;&lt;strong&gt;Kích thước kệ đôi siêu thị&lt;/strong&gt;&lt;/h3&gt;\r\n\r\n&lt;table id=&quot;tablepress-17&quot;&gt;\r\n	&lt;tbody&gt;\r\n		&lt;tr&gt;\r\n			&lt;td&gt;Chiều cao ( cm)&lt;/td&gt;\r\n			&lt;td&gt;120; 150; 180&lt;/td&gt;\r\n		&lt;/tr&gt;\r\n		&lt;tr&gt;\r\n			&lt;td&gt;Chiều dài ( cm)&lt;/td&gt;\r\n			&lt;td&gt;70; 90; 120&lt;/td&gt;\r\n		&lt;/tr&gt;\r\n		&lt;tr&gt;\r\n			&lt;td&gt;Số mâm tầng ( mâm)&lt;/td&gt;\r\n			&lt;td&gt;4-5&lt;/td&gt;\r\n		&lt;/tr&gt;\r\n	&lt;/tbody&gt;\r\n&lt;/table&gt;\r\n\r\n&lt;p&gt;Bảng thiết kế này theo tiêu chuẩn an toàn – chất lượng Nhật Bản. Đã được kiểm định và xét duyệt, ứng dụng rộng rãi trong ngành kệ công nghiệp hiện nay. Dưới tiêu chuẩn này Vinatech Group đo lường chính xác các thông tin và dữ liệu hệ thống mang lại sản phẩm đạt chất lượng ISO 9001: 2008.&lt;/p&gt;\r\n\r\n&lt;h3&gt;ƯU NHƯỢC ĐIỂM CỦA KỆ ĐÔI SIÊU THỊ&lt;/h3&gt;\r\n\r\n&lt;h4&gt;Ưu điểm của kệ đôi&lt;/h4&gt;\r\n\r\n&lt;ul&gt;\r\n	&lt;li&gt;Chịu tải lớn, độ bền vượt trội&lt;/li&gt;\r\n	&lt;li&gt;Kiểu dáng thiết kế đẹp, hiện đại&lt;/li&gt;\r\n	&lt;li&gt;Nước sơn đồng đều, bóng đẹp&lt;/li&gt;\r\n	&lt;li&gt;Tiết kiệm tối đa không gian đi lại&lt;/li&gt;\r\n	&lt;li&gt;Tăng diện tích trưng bày hàng hóa&lt;/li&gt;\r\n	&lt;li&gt;Có thể đứng độc lập chắc chắn&lt;/li&gt;\r\n&lt;/ul&gt;\r\n\r\n&lt;h4&gt;Nhược điểm&lt;/h4&gt;\r\n\r\n&lt;ul&gt;\r\n	&lt;li&gt;Thích hợp với không gian siêu thị lớn&lt;/li&gt;\r\n	&lt;li&gt;Chi phí đầu tư đắt hơn các sản phẩm cùng loại&lt;/li&gt;\r\n	&lt;li&gt;Số lượng hàng hóa nhiều tương ứng&lt;/li&gt;\r\n&lt;/ul&gt;\r\n\r\n&lt;p&gt;&lt;img data-ll-status=&quot;loaded&quot; src=&quot;https://vinatechgroup.vn/wp-content/uploads/2020/05/ke-sieu-thi-doi-5.png&quot; /&gt;&lt;/p&gt;', '', '', '', '', '', '', ''),
(135, 2, 'Kệ đôi tôn đục lỗ', '&lt;p&gt;Kệ đôi tôn đục lỗ là loại kệ thông dụng được bày giữa không gian các mặt bằng bán hàng như siêu thị hay các cửa hàng tiện lợi. Sản phẩm này được thiết kế với 2 mặt để hàng giống hệt nhau, dùng để bài trí các hàng hóa trên giá kệ một cách khoa học và gọn gàng.&lt;/p&gt;\r\n\r\n&lt;p&gt;Kệ đôi thường có chiều cao trung bình từ 1,5 – 2 mét, tương đương với khoảng 4 – 6 tầng kệ. Chiều dài từ 70 – 120 cm và rộng 72 cm. Nó thích hợp với mọi diện tích mặt bằng dù rộng hay hẹp. Mỗi bộ kệ chỉ chiếm khoảng diện tích từ 0,8 – 1 mét vuông.&lt;/p&gt;\r\n\r\n&lt;p&gt;Kệ đôi siêu thị vẫn đáp ứng chức năng chung là để trưng bày các sản phẩm hàng hóa trong các cửa hàng, siêu thị hiện nay. Bên cạnh đó thì nhờ thiết kế kích thước nhỏ gọn, hiện đại, kệ giúp đem lại sự chuyên nghiệp hơn cho cửa hàng của bạn.&lt;/p&gt;\r\n\r\n&lt;h3&gt;&lt;strong&gt;Kích thước kệ đôi siêu thị&lt;/strong&gt;&lt;/h3&gt;\r\n\r\n&lt;table id=&quot;tablepress-17&quot;&gt;\r\n	&lt;tbody&gt;\r\n		&lt;tr&gt;\r\n			&lt;td&gt;Chiều cao ( cm)&lt;/td&gt;\r\n			&lt;td&gt;120; 150; 180&lt;/td&gt;\r\n		&lt;/tr&gt;\r\n		&lt;tr&gt;\r\n			&lt;td&gt;Chiều dài ( cm)&lt;/td&gt;\r\n			&lt;td&gt;70; 90; 120&lt;/td&gt;\r\n		&lt;/tr&gt;\r\n		&lt;tr&gt;\r\n			&lt;td&gt;Số mâm tầng ( mâm)&lt;/td&gt;\r\n			&lt;td&gt;4-5&lt;/td&gt;\r\n		&lt;/tr&gt;\r\n	&lt;/tbody&gt;\r\n&lt;/table&gt;\r\n\r\n&lt;p&gt;Bảng thiết kế này theo tiêu chuẩn an toàn – chất lượng Nhật Bản. Đã được kiểm định và xét duyệt, ứng dụng rộng rãi trong ngành kệ công nghiệp hiện nay. Dưới tiêu chuẩn này Vinatech Group đo lường chính xác các thông tin và dữ liệu hệ thống mang lại sản phẩm đạt chất lượng ISO 9001: 2008.&lt;/p&gt;\r\n\r\n&lt;h3&gt;ƯU NHƯỢC ĐIỂM CỦA KỆ ĐÔI SIÊU THỊ&lt;/h3&gt;\r\n\r\n&lt;h4&gt;Ưu điểm của kệ đôi&lt;/h4&gt;\r\n\r\n&lt;ul&gt;\r\n	&lt;li&gt;Chịu tải lớn, độ bền vượt trội&lt;/li&gt;\r\n	&lt;li&gt;Kiểu dáng thiết kế đẹp, hiện đại&lt;/li&gt;\r\n	&lt;li&gt;Nước sơn đồng đều, bóng đẹp&lt;/li&gt;\r\n	&lt;li&gt;Tiết kiệm tối đa không gian đi lại&lt;/li&gt;\r\n	&lt;li&gt;Tăng diện tích trưng bày hàng hóa&lt;/li&gt;\r\n	&lt;li&gt;Có thể đứng độc lập chắc chắn&lt;/li&gt;\r\n&lt;/ul&gt;\r\n\r\n&lt;h4&gt;Nhược điểm&lt;/h4&gt;\r\n\r\n&lt;ul&gt;\r\n	&lt;li&gt;Thích hợp với không gian siêu thị lớn&lt;/li&gt;\r\n	&lt;li&gt;Chi phí đầu tư đắt hơn các sản phẩm cùng loại&lt;/li&gt;\r\n	&lt;li&gt;Số lượng hàng hóa nhiều tương ứng&lt;/li&gt;\r\n&lt;/ul&gt;\r\n\r\n&lt;p&gt;&lt;img data-ll-status=&quot;loaded&quot; src=&quot;https://vinatechgroup.vn/wp-content/uploads/2020/05/ke-sieu-thi-doi-5.png&quot; /&gt;&lt;/p&gt;', '', '', '', '', '', '', ''),
(136, 2, 'Kệ siêu thị tôn đục lỗ', '&lt;h3&gt;Cấu tạo kệ siêu thị tôn đục lỗ&lt;/h3&gt;\r\n\r\n&lt;ul&gt;\r\n	&lt;li&gt;&lt;strong&gt;Lưới&lt;/strong&gt; : Thiết kế khung hộp (1,5cmx1,5cm) viền quanh lưới Ø 3,5mm&lt;/li&gt;\r\n	&lt;li&gt;&lt;strong&gt;Chân trụ :&lt;/strong&gt; Hình chữ L và T liền kích thước 3x6cm. Thép chịu lực, chịu tải cao.&lt;/li&gt;\r\n	&lt;li&gt;&lt;strong&gt;Mặt mâm:&lt;/strong&gt; Thép sơn tĩnh điện hai lớp chống khỏi các tác nhân từ môi trường như mối mọt, ẩm mốc, hoen gỉ, độ chịu lực tốt với độ dày 0.5li , 0.6 li&lt;/li&gt;\r\n	&lt;li&gt;&lt;strong&gt;Tay đỡ&lt;/strong&gt; : Mỗi tầng mâm có 2 tay bát đặt trên mâm tầng tay bát có các vấu đề bám chắc chắn vào khung kệ&lt;/li&gt;\r\n	&lt;li&gt;&lt;strong&gt;Rào chắn:&lt;/strong&gt; trang trí kệ mặt tầng cho kệ tôn lá sơn tĩnh điện – màu sắc: Xanh, đỏ, đen, vàng… tùy theo yêu cầu khách hàng.&lt;/li&gt;\r\n	&lt;li&gt;&lt;strong&gt;Rào:&lt;/strong&gt; chắn mặt chống trượt hàng hóa ra ngoài, Ø 4mm sơn tĩnh điện&lt;/li&gt;\r\n&lt;/ul&gt;\r\n\r\n&lt;h3&gt;Bảng kích thước kệ tôn lỗ&lt;/h3&gt;\r\n\r\n&lt;table id=&quot;tablepress-16&quot;&gt;\r\n	&lt;tbody&gt;\r\n		&lt;tr&gt;\r\n			&lt;td&gt;Kích thước&lt;/td&gt;\r\n			&lt;td&gt;Kệ đơn&lt;/td&gt;\r\n			&lt;td&gt;Kệ đôi&lt;/td&gt;\r\n		&lt;/tr&gt;\r\n		&lt;tr&gt;\r\n			&lt;td&gt;Chiều cao&lt;/td&gt;\r\n			&lt;td&gt;120cm, 150cm, 180cm&lt;/td&gt;\r\n			&lt;td&gt;70cm, 90cm và 120cm&lt;/td&gt;\r\n		&lt;/tr&gt;\r\n		&lt;tr&gt;\r\n			&lt;td&gt;Chiều dài&lt;/td&gt;\r\n			&lt;td&gt;120cm, 150cm, 180cm&lt;/td&gt;\r\n			&lt;td&gt;90cm và 120cm&lt;/td&gt;\r\n		&lt;/tr&gt;\r\n	&lt;/tbody&gt;\r\n&lt;/table&gt;\r\n\r\n&lt;p&gt; &lt;/p&gt;\r\n\r\n&lt;h3&gt;ƯU VÀ NHƯỢC ĐIỂM CỦA KỆ TÔN LỖ&lt;/h3&gt;\r\n\r\n&lt;h4&gt;Ưu điểm&lt;/h4&gt;\r\n\r\n&lt;ul&gt;\r\n	&lt;li&gt;Tải trọng lớn thích hợp với các sản phẩm trên thị trường hiện nay&lt;/li&gt;\r\n	&lt;li&gt;Tính thẩm mỹ cao với thiết kế hiện đại&lt;/li&gt;\r\n	&lt;li&gt;Mang lại tính sang trọng, hiện đại cho cửa hàng, siêu thị sử dụng&lt;/li&gt;\r\n	&lt;li&gt;Phun sơn tĩnh điện 2 lớp bền đẹp, an toàn&lt;/li&gt;\r\n	&lt;li&gt;Thời gian sử dụng từ 10- 15 năm mà không bị xuống cấp, cong vênh&lt;/li&gt;\r\n&lt;/ul&gt;\r\n\r\n&lt;h4&gt;Nhược điểm&lt;/h4&gt;\r\n\r\n&lt;ul&gt;\r\n	&lt;li&gt;Giá thành tương đối cao so với các thiết bị trưng bày thông thường&lt;/li&gt;\r\n	&lt;li&gt;Sử dụng hiệu quả đối với siêu thị, cửa hàng lớn&lt;/li&gt;\r\n	&lt;li&gt;Kệ có tầm nhìn hạn chế không rộng rãi như kệ tôn lưới thông thường&lt;/li&gt;\r\n&lt;/ul&gt;\r\n\r\n&lt;section&gt;\r\n&lt;h3&gt;NHỮNG LOẠI KỆ TÔN ĐỤC LỖ PHỔ BIẾN&lt;/h3&gt;\r\n\r\n&lt;h4&gt;Kệ tôn lỗ dày&lt;/h4&gt;\r\n\r\n&lt;p&gt;&lt;strong&gt;Đặc điểm:&lt;/strong&gt; Kệ có độ dày mâm là 0.6 gấp mép 1.2 li giúp chịu tải rất tốt. Sản phẩm có khả năng chịu tải tốt từ 50- 70kg/ mâm tầng. Ngoài ra nó còn thông thoáng nhờ lưng tôn được đục lỗ.&lt;/p&gt;\r\n\r\n&lt;p&gt;&lt;strong&gt;Thiết kế:&lt;/strong&gt; mang tính thẩm mỹ cao, phù hợp với đại đa số siêu thị, cửa hàng hiện nay. Những bộ phận được thiết kế tháo lắp dễ dàng. Phần khớp nối chính xác đến từng chi tiết. Điều này giúp cho kệ tôn đục lỗ Vinatech dễ dàng lắp đặt, điều chỉnh số mâm tầng thích hợp.&lt;/p&gt;\r\n\r\n&lt;p&gt;&lt;strong&gt;Ưu điểm:&lt;/strong&gt; Sản phẩm có tuổi thọ lớn, sử dụng lâu dài không bị bong tróc hay han gỉ. Kệ cũng có nhiều màu sắc để người dùng lựa chọn theo sở thích góp phần làm tăng thêm sự độc đáo cho gian hàng&lt;/p&gt;\r\n\r\n&lt;p&gt;&lt;strong&gt;Giá thành:&lt;/strong&gt; Có giá thành cao hơn loại kệ tôn đục lỗ mỏng và một số sản phẩm kệ của các đơn vị giá rẻ khác&lt;/p&gt;\r\n&lt;img alt=&quot;Kệ siêu thị tôn đục lỗ loại dày&quot; data-ll-status=&quot;loaded&quot; src=&quot;https://vinatechgroup.vn/wp-content/uploads/2020/05/ke-ton-duc-lo-3.png&quot; /&gt;\r\n&lt;h4&gt;Kệ tôn lỗ mỏng&lt;/h4&gt;\r\n\r\n&lt;p&gt;&lt;strong&gt;Đặc điểm:&lt;/strong&gt; Kệ có độ dày mâm là 0.5 gấp mép 1 li giúp chịu tải ổn định lên đến 50 kg/mâm tầng. Kệ tôn đục lỗ mỏng cũng rất thông thoáng khi trưng bày&lt;/p&gt;\r\n\r\n&lt;p&gt;&lt;strong&gt;Thiết kế:&lt;/strong&gt; có tính thẩm mỹ cao, thiết kế tương tự kệ tôn đục lỗ dày. Sản phẩm phù hợp với đại đa số siêu thị, cửa hàng hiện nay. Các bộ phận được thiết kế tháo lắp và để rời. Phần tay bát, mâm tôn, chân trụ, lưng tôn lỗ, nẹp rào….&lt;/p&gt;\r\n\r\n&lt;p&gt;&lt;strong&gt;Ưu điểm:&lt;/strong&gt; Độ bền khá cao tuổi thọ kệ lớn, sử dụng lâu dài không bị bong tróc hay han gỉ vì được sơn tĩnh điện cẩn thận. Giá thành của kệ tôn lỗ mỏng luôn thấp hơn so với kệ dày và những loại kệ phổ biến khác.&lt;/p&gt;\r\n\r\n&lt;p&gt;&lt;strong&gt;Giá thành&lt;/strong&gt;: chỉ từ 334.000 vnđ/bộ đơn của hệ thống kệ nối tiếp hai mâm tầng và một mâm đáy&lt;/p&gt;\r\n&lt;img alt=&quot;Kệ siêu thị tôn đục lỗ loại mỏng&quot; data-ll-status=&quot;loaded&quot; src=&quot;https://vinatechgroup.vn/wp-content/uploads/2020/05/ke-ton-duc-lo-4.png&quot; /&gt;\r\n&lt;h4&gt;Kệ tôn lỗ đơn&lt;/h4&gt;\r\n\r\n&lt;p&gt;&lt;strong&gt;Đặc điểm:&lt;/strong&gt; Kệ gồm một mặt đơn áp trực tiếp vào bề mặt tường. Thích hợp trưng bày mọi loại hàng hóa như tạp hóa, mẹ và bé, điện dân dụng… Khả năng chịu tải lên đến 50 kg/mâm tầng. Thông thoáng khi trưng bày sản phẩm, bền đẹp chống mài mòn, han rỉ… Kệ đơn có thể đứng một mình hoặc thường được kê áp tường&lt;/p&gt;\r\n\r\n&lt;p&gt;&lt;strong&gt;Thiết kế:&lt;/strong&gt; Liên kết ngàm chắc chắn, dễ dàng tháo lắp giúp cho việc điều chỉnh khoảng cách giữa các tầng trở nên dễ dàng. Chân trụ làm từ thép hộp nguyên khối, không cắt hàn mối nối để đảm bảo chân trụ vững chãi.&lt;/p&gt;\r\n\r\n&lt;p&gt;&lt;strong&gt;Ưu điểm:&lt;/strong&gt; Tận dụng tối đa góc chết cũng như tiết kiệm diện tích cho không gian cửa hàng. Thích hợp với cả các không gian cửa hàng tạp hóa có diện tích nhỏ. Sản phẩm có tuổi thọ và độ bền cao. Giá thành rẻ hơn nhiều so với các mẫu kệ đôi trưng bày&lt;/p&gt;\r\n\r\n&lt;p&gt;&lt;strong&gt;Giá thành:&lt;/strong&gt;&lt;br /&gt;\r\n+ Kệ đơn mỏng từ 334.000 vnđ/bộ/nối tiếp hai mâm tầng và một mâm đáy.&lt;br /&gt;\r\n+ Kệ đơn dày từ 570.000 vnđ/bộ/nối tiếp hai mâm tầng và một mâm đáy.&lt;/p&gt;\r\n&lt;img alt=&quot;Kệ siêu thị tôn đục lỗ đơn&quot; data-ll-status=&quot;loaded&quot; src=&quot;https://vinatechgroup.vn/wp-content/uploads/2020/05/ke-ton-duc-lo-2.png&quot; /&gt;\r\n&lt;h4&gt;Kệ tôn lỗ đôi&lt;/h4&gt;\r\n\r\n&lt;p&gt;&lt;strong&gt;Đặc điểm:&lt;/strong&gt; Có thể treo móc các sản phẩm tương ứng nhờ thiết kế tôn lỗ chắc chắn. Phù hợp với các hệ thống siêu thị, bách hóa.&lt;/p&gt;\r\n\r\n&lt;p&gt;&lt;strong&gt;Thiết kế:&lt;/strong&gt; Phần lưng lỗ nổi bật của kệ siêu thị tôn đột lỗ, là sản phẩm có tính thẩm mỹ cao nhất trong các dòng kệ hiện nay. Kệ được thiết kế viền chắn bằng lưới chắn giúp hàng hóa không bị rơi đổ, an toàn hơn.&lt;/p&gt;\r\n\r\n&lt;p&gt;&lt;strong&gt;Ưu điểm:&lt;/strong&gt; Có thể trưng bày ở những gian hàng lớn, tiết kiệm diện tích cho cửa hàng. Phù hợp để sử dụng trưng bày sản phẩm, chứa đựng hàng hòa có khối lượng vừa.&lt;/p&gt;\r\n\r\n&lt;p&gt;&lt;strong&gt;Giá thành:&lt;/strong&gt;&lt;br /&gt;\r\n+ Kệ tôn lỗ mỏng từ 729.000 vnđ/bộ/nối tiếp hai mâm tầng và một mâm đáy.&lt;br /&gt;\r\n+ Kệ tôn lỗ dày từ 1.063.000 vnđ/bộ/nối tiếp hai mâm tầng và một mâm đáy.&lt;/p&gt;\r\n&lt;img alt=&quot;Kệ siêu thị tôn đục lỗ đôi&quot; data-ll-status=&quot;loaded&quot; src=&quot;https://vinatechgroup.vn/wp-content/uploads/2020/05/ke-ton-duc-lo.png&quot; /&gt;&lt;/section&gt;\r\n\r\n&lt;section&gt;\r\n&lt;h3&gt; &lt;/h3&gt;\r\n&lt;/section&gt;', '', '', '', '', '', '', ''),
(137, 2, 'Kệ siêu thị tôn liền', '&lt;h1&gt;&lt;span style=&quot;font-size:16px;&quot;&gt;KỆ SIÊU THỊ TÔN LIỀN&lt;/span&gt;&lt;/h1&gt;\r\n\r\n&lt;p&gt;&lt;span style=&quot;font-size:16px;&quot;&gt;Kệ siêu thị tôn liền hay còn gọi kệ lưng tole liền là mẫu kệ mất nhiều nguyên liệu để sản xuất nhất trong các loại giá kệ. Và bởi mặt lưng của kệ được làm từ chất liệu tấm tole liền nên nó là loại kệ có độ bền cao nhất và tính năng đa dạng nhất.&lt;/span&gt;&lt;/p&gt;\r\n\r\n&lt;p&gt;&lt;span style=&quot;font-size:16px;&quot;&gt;Kệ tôn liền ra đời đáp ứng nhu cầu ngày càng tăng của khách hàng về mẫu mã cũng như chất lượng, Cùng thuộc loại giá kệ siêu thị hiện đang bán trên thị trường, có cấu tạo bằng sắt, phủ sơn tĩnh điện, kệ được ghép nối giữa các chi tiết như: chân trụ, tay đỡ, giá đỡ để tạo thành bộ nguyên.&lt;/span&gt;&lt;/p&gt;\r\n\r\n&lt;h3&gt;&lt;span style=&quot;font-size:16px;&quot;&gt;KẾT CẤU HỆ THỐNG&lt;/span&gt;&lt;/h3&gt;\r\n\r\n&lt;ul&gt;\r\n	&lt;li&gt;&lt;span style=&quot;font-size:16px;&quot;&gt;&lt;strong&gt;Lưới&lt;/strong&gt; : Thiết kế khung hộp (1,5cmx1,5cm) viền quanh lưới Ø 3,5mm&lt;/span&gt;&lt;/li&gt;\r\n	&lt;li&gt;&lt;span style=&quot;font-size:16px;&quot;&gt;&lt;strong&gt;Chân trụ :&lt;/strong&gt; Hình chữ L và T liền kích thước 3x6cm. Thép chịu lực, chịu tải cao.&lt;/span&gt;&lt;/li&gt;\r\n	&lt;li&gt;&lt;span style=&quot;font-size:16px;&quot;&gt;&lt;strong&gt;Mặt mâm:&lt;/strong&gt; Thép sơn tĩnh điện hai lớp chống khỏi các tác nhân từ môi trường như mối mọt, ẩm mốc, hoen gỉ, độ chịu lực tốt với độ dày 0.5li , 0.6 li&lt;/span&gt;&lt;/li&gt;\r\n	&lt;li&gt;&lt;span style=&quot;font-size:16px;&quot;&gt;&lt;strong&gt;Tay đỡ&lt;/strong&gt; : Mỗi tầng mâm có 2 tay bát đặt trên mâm tầng tay bát có các vấu đề bám chắc chắn vào khung kệ&lt;/span&gt;&lt;/li&gt;\r\n	&lt;li&gt;&lt;span style=&quot;font-size:16px;&quot;&gt;&lt;strong&gt;Rào chắn:&lt;/strong&gt; trang trí kệ mặt tầng cho kệ tôn lá sơn tĩnh điện – màu sắc: Xanh, đỏ, đen, vàng… tùy theo yêu cầu khách hàng.&lt;/span&gt;&lt;/li&gt;\r\n	&lt;li&gt;&lt;span style=&quot;font-size:16px;&quot;&gt;&lt;strong&gt;Rào:&lt;/strong&gt; chắn mặt chống trượt hàng hóa ra ngoài, Ø 4mm sơn tĩnh điện&lt;/span&gt;&lt;/li&gt;\r\n&lt;/ul&gt;\r\n\r\n&lt;p&gt;&lt;span style=&quot;font-size:16px;&quot;&gt;&lt;img data-ll-status=&quot;loaded&quot; src=&quot;https://vinatechgroup.vn/wp-content/uploads/2020/05/ke-ton-lien.png&quot; /&gt;&lt;/span&gt;&lt;/p&gt;\r\n\r\n&lt;h3&gt;&lt;span style=&quot;font-size:16px;&quot;&gt;KÍCH THƯỚC TIÊU CHUẨN&lt;/span&gt;&lt;/h3&gt;\r\n\r\n&lt;table id=&quot;tablepress-16&quot;&gt;\r\n	&lt;tbody&gt;\r\n		&lt;tr&gt;\r\n			&lt;td&gt;&lt;span style=&quot;font-size:16px;&quot;&gt;Kích thước&lt;/span&gt;&lt;/td&gt;\r\n			&lt;td&gt;&lt;span style=&quot;font-size:16px;&quot;&gt;Kệ đơn&lt;/span&gt;&lt;/td&gt;\r\n			&lt;td&gt;&lt;span style=&quot;font-size:16px;&quot;&gt;Kệ đôi&lt;/span&gt;&lt;/td&gt;\r\n		&lt;/tr&gt;\r\n		&lt;tr&gt;\r\n			&lt;td&gt;&lt;span style=&quot;font-size:16px;&quot;&gt;Chiều cao&lt;/span&gt;&lt;/td&gt;\r\n			&lt;td&gt;&lt;span style=&quot;font-size:16px;&quot;&gt;120cm, 150cm, 180cm&lt;/span&gt;&lt;/td&gt;\r\n			&lt;td&gt;&lt;span style=&quot;font-size:16px;&quot;&gt;70cm, 90cm và 120cm&lt;/span&gt;&lt;/td&gt;\r\n		&lt;/tr&gt;\r\n		&lt;tr&gt;\r\n			&lt;td&gt;&lt;span style=&quot;font-size:16px;&quot;&gt;Chiều dài&lt;/span&gt;&lt;/td&gt;\r\n			&lt;td&gt;&lt;span style=&quot;font-size:16px;&quot;&gt;120cm, 150cm, 180cm&lt;/span&gt;&lt;/td&gt;\r\n			&lt;td&gt;&lt;span style=&quot;font-size:16px;&quot;&gt;90cm và 120cm&lt;/span&gt;&lt;/td&gt;\r\n		&lt;/tr&gt;\r\n	&lt;/tbody&gt;\r\n&lt;/table&gt;\r\n\r\n&lt;p&gt;&lt;span style=&quot;font-size:16px;&quot;&gt;Bảng thiết kế này theo tiêu chuẩn an toàn – chất lượng Nhật Bản. Đã được kiểm định và xét duyệt, ứng dụng rộng rãi trong ngành kệ công nghiệp hiện nay. Dưới tiêu chuẩn này Vinatech đo lường chính xác các thông tin và dữ liệu hệ thống mang lại sản phẩm đạt chất lượng ISO 9001: 2008.&lt;/span&gt;&lt;/p&gt;\r\n\r\n&lt;p&gt;&lt;span style=&quot;font-size:16px;&quot;&gt;Nhằm tạo ra sản phẩm kệ chất lượng nhất, vừa đảm bảo các chỉ tiêu an toàn chất lượng vừa đáp ứng theo nhu cầu, nguyện vọng lưu trữ tại hệ thống kho lưu trữ của khách hàng&lt;/span&gt;&lt;/p&gt;\r\n\r\n&lt;h4&gt;&lt;span style=&quot;font-size:16px;&quot;&gt;Đặc điểm nổi bật&lt;/span&gt;&lt;/h4&gt;\r\n\r\n&lt;ul&gt;\r\n	&lt;li&gt;&lt;span style=&quot;font-size:16px;&quot;&gt;Thiết kế và sản xuất bằng công nghệ hiện đại với các thiết bị vượt trội và tiên tiến.&lt;/span&gt;&lt;/li&gt;\r\n	&lt;li&gt;&lt;span style=&quot;font-size:16px;&quot;&gt;Tính thẩm mỹ cao, chất lượng vượt trội nên có thể sử dụng lâu dài, bền bỉ&lt;/span&gt;&lt;/li&gt;\r\n	&lt;li&gt;&lt;span style=&quot;font-size:16px;&quot;&gt;Khả năng chịu nhiệt và chịu lực tác động rất tốt.&lt;/span&gt;&lt;/li&gt;\r\n	&lt;li&gt;&lt;span style=&quot;font-size:16px;&quot;&gt;Được tính toán kích thước chính xác một cách tối đa.&lt;/span&gt;&lt;/li&gt;\r\n	&lt;li&gt;&lt;span style=&quot;font-size:16px;&quot;&gt;Quá trình lắp đặt nhanh chóng, tối ưu thời gian và sự tiện lợi cho khách hàng&lt;/span&gt;&lt;/li&gt;\r\n	&lt;li&gt;&lt;span style=&quot;font-size:16px;&quot;&gt;Được cam kết bảo hành lâu dài về chất lượng sản phẩm&lt;/span&gt;&lt;/li&gt;\r\n&lt;/ul&gt;\r\n\r\n&lt;p&gt;&lt;span style=&quot;font-size:16px;&quot;&gt;&lt;img alt=&quot;&quot; data-ll-status=&quot;loaded&quot; src=&quot;https://vinatechgroup.vn/wp-content/uploads/2020/05/ke-ton-lien-3.png&quot; /&gt;&lt;/span&gt;&lt;/p&gt;\r\n\r\n&lt;p&gt; &lt;/p&gt;', '', '', '', '', '', '', ''),
(138, 2, 'Kệ NARROW AISLE', '&lt;h1&gt;KỆ NARROW AISLE&lt;/h1&gt;\r\n\r\n&lt;p&gt; &lt;/p&gt;\r\n\r\n&lt;p&gt;&lt;a href=&quot;https://vinatechgroup.vn/san-pham/ke-narrow-aisle&quot;&gt;Kệ Narrow Aisle&lt;/a&gt; còn gọi là kệ đường đi hẹp, kệ là sự kết hợp giữa &lt;a href=&quot;https://vinatechgroup.vn/san-pham/ke-selective&quot;&gt;kệ Selective&lt;/a&gt; và mật độ lưu kho đạt tối ưu. Kệ có đặc điểm là sử dụng đường đi rất nhỏ, tiết kiệm tối đa không gian hành lang. Sử dụng &lt;a href=&quot;https://vinatechgroup.vn/danh-muc/ke-kho-hang&quot;&gt;kệ kho hàng&lt;/a&gt; Narrow Aisle có lối đi hẹp là giải pháp tối ưu giúp bạn tiết kiệm chi phí xây dựng và thuê kho.&lt;/p&gt;\r\n\r\n&lt;p&gt;&lt;strong&gt;Ưu điểm&lt;/strong&gt;&lt;/p&gt;\r\n\r\n&lt;ul&gt;\r\n	&lt;li&gt;Xuất nhập hàng hóa dễ dàng&lt;/li&gt;\r\n	&lt;li&gt;Thích hợp cho các ứng dụng lưu trữ hàng hóa cao&lt;/li&gt;\r\n	&lt;li&gt;Thuận tiện trong quản lý nhà kho&lt;/li&gt;\r\n	&lt;li&gt;Xuất nhập hàng linh hoạt&lt;/li&gt;\r\n	&lt;li&gt;Giảm tối thiểu chiều rộng lối đi giúp tăng việc sử dụng diện tích tối ưu&lt;/li&gt;\r\n&lt;/ul&gt;\r\n\r\n&lt;p&gt;&lt;strong&gt;Nhược điểm&lt;/strong&gt;&lt;/p&gt;\r\n\r\n&lt;ul&gt;\r\n	&lt;li&gt;Chi phí đầu tư xe nâng cao&lt;/li&gt;\r\n&lt;/ul&gt;\r\n\r\n&lt;h3&gt;KẾT CẤU HỆ THỐNG NARROW AISLE&lt;/h3&gt;\r\n\r\n&lt;ul&gt;\r\n	&lt;li&gt;&lt;strong&gt;Khung cột trụ&lt;/strong&gt;: định hình kích thước chiều rộng, chiều sâu, và độ dày&lt;/li&gt;\r\n	&lt;li&gt;&lt;strong&gt;Thanh beam đỡ:&lt;/strong&gt; lắp vào cột bằng các bas móc, có thể nâng/ hạ chiều cao dễ dàng&lt;/li&gt;\r\n	&lt;li&gt;&lt;strong&gt;Thanh giằng&lt;/strong&gt;: định hình để tăng độ chịu lực của khung cột&lt;/li&gt;\r\n	&lt;li&gt;&lt;strong&gt;Rào để bảo vệ&lt;/strong&gt;: giúp kệ an toàn khi hoạt động cùng thường xuyên với xe nâng&lt;/li&gt;\r\n	&lt;li&gt;&lt;strong&gt;Thanh bảo vệ cột&lt;/strong&gt;: giảm thiểu thiệt hại thấp nhất&lt;/li&gt;\r\n&lt;/ul&gt;\r\n\r\n&lt;p&gt;&lt;img data-ll-status=&quot;loaded&quot; src=&quot;https://vinatechgroup.vn/wp-content/uploads/2020/08/ke-narrow-aisle-2.jpeg&quot; /&gt;&lt;/p&gt;\r\n\r\n&lt;h3&gt;KÍCH THƯỚC TIÊU CHUẨN&lt;/h3&gt;\r\n\r\n&lt;table id=&quot;tablepress-51&quot;&gt;\r\n	&lt;tbody&gt;\r\n		&lt;tr&gt;\r\n			&lt;td&gt;Pallet Euro&lt;/td&gt;\r\n			&lt;td&gt;W800 x D1200mm&lt;/td&gt;\r\n			&lt;td&gt;3 pallets&lt;/td&gt;\r\n			&lt;td&gt;Level&lt;/td&gt;\r\n		&lt;/tr&gt;\r\n		&lt;tr&gt;\r\n			&lt;td&gt;Pallet Asia&lt;/td&gt;\r\n			&lt;td&gt;W1200 x D1000&lt;/td&gt;\r\n			&lt;td&gt;2 pallets&lt;/td&gt;\r\n			&lt;td&gt;Level&lt;/td&gt;\r\n		&lt;/tr&gt;\r\n		&lt;tr&gt;\r\n			&lt;td&gt;Pallet Japan&lt;/td&gt;\r\n			&lt;td&gt;W1100 x D1100 mm&lt;/td&gt;\r\n			&lt;td&gt;2 pallets&lt;/td&gt;\r\n			&lt;td&gt;Level&lt;/td&gt;\r\n		&lt;/tr&gt;\r\n	&lt;/tbody&gt;\r\n&lt;/table&gt;\r\n\r\n&lt;p&gt;Bảng kích thước quy chuẩn Pallet dựa theo tiêu chuẩn khác nhau giữa Châu Âu, Châu Á, Nhật Bản. Quý khách hàng cần tư vấn vui lòng liên hệ với chúng tôi để nhận kích thước phù hợp với không gian lưu trữ.&lt;/p&gt;\r\n\r\n&lt;h3&gt;ĐẶC TÍNH SẢN PHẨM&lt;/h3&gt;\r\n\r\n&lt;h4&gt;Đặc điểm kệ Narrow Aisle&lt;/h4&gt;\r\n\r\n&lt;ul&gt;\r\n	&lt;li&gt;Xe nâng cao đến 17m&lt;/li&gt;\r\n	&lt;li&gt;Lối đi giữa dãy kệ từ 1750mm tới 2000mm&lt;/li&gt;\r\n	&lt;li&gt;Giảm được việc lãng phí không gian lưu trữ bằng việc sử dụng chiều cao&lt;/li&gt;\r\n	&lt;li&gt;Thiết kế linh hoạt&lt;/li&gt;\r\n	&lt;li&gt;Hàng hoá trong pallet hoạt động theo nguyên lý nhập trước xuất trước&lt;/li&gt;\r\n	&lt;li&gt;Kiểm soát 100% Pallets hàng hóa đang nằm trên giá kệ.&lt;/li&gt;\r\n	&lt;li&gt;Khả năng tiếp cận hàng hoá 100%&lt;/li&gt;\r\n&lt;/ul&gt;\r\n\r\n&lt;p&gt;&lt;img alt=&quot;&quot; data-ll-status=&quot;loaded&quot; src=&quot;https://vinatechgroup.vn/wp-content/uploads/2020/08/ke-narrow-aisle-4.jpeg&quot; /&gt;&lt;/p&gt;\r\n\r\n&lt;h4&gt;Sử dụng loại xe Turret Trucks&lt;/h4&gt;\r\n\r\n&lt;ul&gt;\r\n	&lt;li&gt;Phù hợp cho hoạt động ra vào lối đi hẹp&lt;/li&gt;\r\n	&lt;li&gt;Có thể xuất nhập hàng hóa ở bất kỳ vị trí nào trong kho&lt;/li&gt;\r\n	&lt;li&gt;Không ảnh hưởng đến mật độ lưu trữ&lt;/li&gt;\r\n	&lt;li&gt;Khả năng nâng cao tối đa 30m&lt;/li&gt;\r\n	&lt;li&gt;Tận dụng tối đa chiều cao của kho hàng&lt;/li&gt;\r\n	&lt;li&gt;Mang lại hệ thống pallet dày đặc hiệu quả&lt;/li&gt;\r\n&lt;/ul&gt;\r\n\r\n&lt;p&gt;&lt;img alt=&quot;&quot; data-ll-status=&quot;loaded&quot; src=&quot;https://vinatechgroup.vn/wp-content/uploads/2020/08/ke-narrow-aisle-1.jpeg&quot; /&gt;&lt;/p&gt;\r\n\r\n&lt;h4&gt;Truy kho ASRS&lt;/h4&gt;\r\n\r\n&lt;ul&gt;\r\n	&lt;li&gt;Tiết kiệm chi phí lưu trữ kho doanh nghiệp&lt;/li&gt;\r\n	&lt;li&gt;Tận dụng chiều cao của tòa nhà, nhà kho&lt;/li&gt;\r\n	&lt;li&gt;Tăng hiệu năng, năng suất làm việc&lt;/li&gt;\r\n	&lt;li&gt;Kết hợp hoàn hảo với kệ Narrow Aisle&lt;/li&gt;\r\n	&lt;li&gt;Dễ dàng quản lý hàng hóa xuất nhập&lt;/li&gt;\r\n	&lt;li&gt;Tỉ lệ lựa chọn 100%&lt;/li&gt;\r\n&lt;/ul&gt;\r\n\r\n&lt;p&gt;&lt;img alt=&quot;&quot; data-ll-status=&quot;loaded&quot; src=&quot;https://vinatechgroup.vn/wp-content/uploads/2020/08/ke-narrow-aisle-3.jpeg&quot; /&gt;&lt;/p&gt;\r\n\r\n&lt;p&gt; &lt;/p&gt;', '', '', '', '', '', '', ''),
(139, 2, 'Kệ sàn MEZZANINE', '&lt;h1&gt;&lt;span style=&quot;font-size:16px;&quot;&gt;KỆ SÀN MEZZANINE&lt;/span&gt;&lt;/h1&gt;\r\n\r\n&lt;p&gt;Kệ sàn mezzanine (kệ sàn lửng) là một giải pháp lưu trữ phổ biến trong kho chứa hàng. Hệ thống kệ chứa hàng công nghiệp này phù hợp với những mặt bằng nhà xưởng, kho bãi rất hạn hẹp. Nó không sử dụng pallet chứa hàng, tải trọng có thể lên đến 6000 kg/tầng&lt;/p&gt;\r\n\r\n&lt;h3&gt;THÔNG SỐ KỸ THUẬT&lt;/h3&gt;\r\n\r\n&lt;ul&gt;\r\n	&lt;li&gt;&lt;strong&gt;Tải trọng&lt;/strong&gt;: 50 – 1500 kg/ m2.&lt;/li&gt;\r\n	&lt;li&gt;&lt;strong&gt;Khung chân&lt;/strong&gt;: Sử dụng chân omega dập lỗ hoặc hộp&lt;/li&gt;\r\n	&lt;li&gt;&lt;strong&gt;Mặt sàn&lt;/strong&gt;: Sử dụng ván, tôn, tôn gân&lt;/li&gt;\r\n	&lt;li&gt;&lt;strong&gt;Phương thức lấy hàng&lt;/strong&gt;: Xe nâng hoặc xe thang, hoặc bằng tay&lt;/li&gt;\r\n	&lt;li&gt;&lt;strong&gt;Màu sơn tiêu chuẩn:&lt;/strong&gt; Xanh – Cam – Xám (có thể thay đổi màu sơn theo yêu cầu khách hàng)&lt;/li&gt;\r\n	&lt;li&gt;&lt;strong&gt;Ứng dụng kệ sàn Mezzanine&lt;/strong&gt;: Sử dụng trong các nhà kho có diện tích hẹp&lt;/li&gt;\r\n&lt;/ul&gt;\r\n\r\n&lt;p&gt;&lt;img data-ll-status=&quot;loaded&quot; src=&quot;https://vinatechgroup.vn/wp-content/uploads/2020/07/ke-san.jpg&quot; /&gt;&lt;/p&gt;\r\n\r\n&lt;h3&gt;BẢNG KÍCH THƯỚC TIÊU CHUẨN&lt;/h3&gt;\r\n\r\n&lt;table id=&quot;tablepress-45&quot;&gt;\r\n	&lt;tbody&gt;\r\n		&lt;tr&gt;\r\n			&lt;td&gt;Tải trọng tối đa (kg/m²)&lt;/td&gt;\r\n			&lt;td&gt;2000&lt;/td&gt;\r\n		&lt;/tr&gt;\r\n		&lt;tr&gt;\r\n			&lt;td&gt;Khoảng cách tối đa (m)&lt;/td&gt;\r\n			&lt;td&gt;8&lt;/td&gt;\r\n		&lt;/tr&gt;\r\n		&lt;tr&gt;\r\n			&lt;td&gt;Tải trọng trung bình (kg)&lt;/td&gt;\r\n			&lt;td&gt;500- 5000&lt;/td&gt;\r\n		&lt;/tr&gt;\r\n	&lt;/tbody&gt;\r\n&lt;/table&gt;\r\n\r\n&lt;p&gt;Bảng thiết kế này theo tiêu chuẩn an toàn – chất lượng Châu Âu. Đã được kiểm định và xét duyệt ứng dụng rộng rãi trong ngành kệ công nghiệp hiện nay. Dưới tiêu chuẩn này Vinatech đo lường chính xác các thông tin và dữ liệu hệ thống. Nhằm tạo ra sản phẩm kệ chất lượng nhất, vừa đảm bảo các chỉ tiêu an toàn chất lượng vừa đáp ứng theo nhu cầu, nguyện vọng lưu trữ tại hệ thống kho lưu trữ của khách hàng.&lt;/p&gt;\r\n\r\n&lt;h4&gt;Đặc điểm của kệ sàn&lt;/h4&gt;\r\n\r\n&lt;ul&gt;\r\n	&lt;li&gt;Kết cấu hệ thống sàn kho với mặt sàn lót ván với các tầng lưu trữ khác nhau, xung quanh mặt sàn lắp đặt lan can hoặc tường lưới để bảo đảm an toàn cho hàng hóa hoặc người làm việc.&lt;/li&gt;\r\n	&lt;li&gt;Hàng hóa được chứa trên mặt sàn lót ván chứ không sử dụng pallet giá đỡ như các loại giá kệ rack thông thường.&lt;/li&gt;\r\n	&lt;li&gt;Chân trụ và kệ thống chịu lực có độ chịu tải cao, chiụ được va đập mạnh.&lt;/li&gt;\r\n	&lt;li&gt;Hệ thống dầm chính,dầm phụ lắp khít với các thanh giằng kết hợp với chân trụ hình hộp sẽ chịu lực cho toàn bộ sàn.&lt;/li&gt;\r\n	&lt;li&gt;Mặt sàn thường được lót ván ép sơn chống trượt đảm bảo khi xếp hàng và vận chuyển.&lt;/li&gt;\r\n&lt;/ul&gt;\r\n\r\n&lt;p&gt;&lt;img alt=&quot;&quot; data-ll-status=&quot;loaded&quot; src=&quot;https://vinatechgroup.vn/wp-content/uploads/2020/07/ke-san-5.jpg&quot; /&gt;&lt;/p&gt;\r\n\r\n&lt;h4&gt;Ưu điểm&lt;/h4&gt;\r\n\r\n&lt;p&gt;Kệ sàn Mezzanine sẽ giúp tăng diện tích kho hàng lên đến 100% hoặc hơn nhiều lần so với ban đầu.&lt;/p&gt;\r\n\r\n&lt;p&gt;– Kệ có kết cấu rất đơn giản, tháo lắp dễ dàng, có nhiều lợi thế hơn hẳn so với các loại sàn bê tông.&lt;/p&gt;\r\n\r\n&lt;p&gt;– Có thể chứa hàng trên sàn với nhiều cách khác nhau (trực tiếp, kê kệ khác trên kệ sàn,…).&lt;/p&gt;\r\n\r\n&lt;p&gt;– Tải trọng vượt trội hơn rất nhiều so với những loại kệ trung tải hay kệ hạng nặng khác.&lt;/p&gt;\r\n\r\n&lt;p&gt;– Chân trụ rất khỏe, chịu được tải trọng lớn, được thiết kế phù hợp theo số lượng tầng, tải trọng khách hàng mong muốn.&lt;/p&gt;\r\n\r\n&lt;p&gt;– Tối đa hóa diện tích không gian trong kho hàng, đặc biệt là tận dụng không gian trên cao.&lt;/p&gt;\r\n\r\n&lt;p&gt;&lt;img alt=&quot;Kệ sàn Mezzanine Vinatech Group&quot; data-ll-status=&quot;loaded&quot; src=&quot;https://vinatechgroup.vn/wp-content/uploads/2020/07/ke-san-1.jpg&quot; /&gt;&lt;/p&gt;\r\n\r\n&lt;p&gt; &lt;/p&gt;', '', '', '', '', '', '', ''),
(140, 2, 'Kệ Double Deep', '&lt;h3&gt;&lt;span style=&quot;font-size:16px;&quot;&gt;ĐẶC ĐIỂM PHÂN LOẠI KỆ HẠNG NẶNG&lt;/span&gt;&lt;/h3&gt;\r\n\r\n&lt;h4&gt;&lt;span style=&quot;font-size:16px;&quot;&gt;&lt;strong&gt;Đặc điểm&lt;/strong&gt;&lt;/span&gt;&lt;/h4&gt;\r\n\r\n&lt;ul&gt;\r\n	&lt;li&gt;&lt;span style=&quot;font-size:16px;&quot;&gt;Kệ hàng hạng nặng hay kệ tải trọng nặng là những loại kệ sắt để hàng sử dụng chân trụ Omega bắn tắc kê vào nền nhà,&lt;/span&gt;&lt;/li&gt;\r\n	&lt;li&gt;&lt;span style=&quot;font-size:16px;&quot;&gt;Có các thanh giằng chéo, giằng ngang dùng để cố định và chống rung lắc cho kệ&lt;/span&gt;&lt;/li&gt;\r\n	&lt;li&gt;&lt;span style=&quot;font-size:16px;&quot;&gt;Kệ bao gồm các tầng chứa hàng và các thanh sóng cường lực để tăng thêm độ cứng cho kệ.&lt;/span&gt;&lt;/li&gt;\r\n	&lt;li&gt;&lt;span style=&quot;font-size:16px;&quot;&gt;Những loại kệ tải trọng nặng thường có tải trọng thấp nhất là 700 kg/tầng kệ.&lt;/span&gt;&lt;/li&gt;\r\n&lt;/ul&gt;\r\n\r\n&lt;h4&gt;&lt;span style=&quot;font-size:16px;&quot;&gt;&lt;strong&gt;Phân loại kệ hạng nặng &lt;/strong&gt;&lt;/span&gt;&lt;/h4&gt;\r\n\r\n&lt;ul&gt;\r\n	&lt;li&gt;&lt;span style=&quot;font-size:16px;&quot;&gt;Tải trọng trên một pallet (tối đa trên một pallet &amp; trung bình trên một pallet).&lt;/span&gt;&lt;/li&gt;\r\n	&lt;li&gt;&lt;span style=&quot;font-size:16px;&quot;&gt;Phân loại theo từng loại kệ (con lăn, kệ sàn, kệ selective,…)&lt;/span&gt;&lt;/li&gt;\r\n	&lt;li&gt;&lt;span style=&quot;font-size:16px;&quot;&gt;Phân loại theo số tầng của từng loại kệ: Kệ sàn có loại 1 tầng, 2 tầng, 3 tầng&lt;/span&gt;&lt;/li&gt;\r\n&lt;/ul&gt;\r\n\r\n&lt;h4&gt;&lt;span style=&quot;font-size:16px;&quot;&gt;&lt;strong&gt;Kệ Double Deep&lt;/strong&gt;&lt;/span&gt;&lt;/h4&gt;\r\n\r\n&lt;p&gt;&lt;span style=&quot;font-size:16px;&quot;&gt;&lt;strong&gt;Mô tả&lt;/strong&gt;&lt;/span&gt;&lt;/p&gt;\r\n\r\n&lt;ul&gt;\r\n	&lt;li&gt;&lt;span style=&quot;font-size:16px;&quot;&gt;Kệ Double Deep được lắp ghép từ hai dãy kệ đôi Selective Racking đấu lưng vào với nhau.&lt;/span&gt;&lt;/li&gt;\r\n	&lt;li&gt;&lt;span style=&quot;font-size:16px;&quot;&gt;Giảm được lối đi dành cho xe nâng hàng, tăng diện tích sử dụng nhà kho.&lt;/span&gt;&lt;/li&gt;\r\n	&lt;li&gt;&lt;span style=&quot;font-size:16px;&quot;&gt;Thiết kế lối đi cho xe nâng rộng từ 3 – 3.4m&lt;/span&gt;&lt;/li&gt;\r\n	&lt;li&gt;&lt;span style=&quot;font-size:16px;&quot;&gt;Áp dụng phương thức lấy hàng FIFO&lt;/span&gt;&lt;/li&gt;\r\n&lt;/ul&gt;\r\n\r\n&lt;p&gt;&lt;span style=&quot;font-size:16px;&quot;&gt;&lt;strong&gt;Ứng dụng&lt;/strong&gt;&lt;/span&gt;&lt;/p&gt;\r\n\r\n&lt;ul&gt;\r\n	&lt;li&gt;&lt;span style=&quot;font-size:16px;&quot;&gt;Sử dụng phổ biến tại tất cả các kho hàng&lt;/span&gt;&lt;/li&gt;\r\n	&lt;li&gt;&lt;span style=&quot;font-size:16px;&quot;&gt;Tăng diện tích cho kho hàng tối ưu chi phí quản lý kho cho doanh nghiệp&lt;/span&gt;&lt;/li&gt;\r\n&lt;/ul&gt;\r\n\r\n&lt;p&gt;&lt;span style=&quot;font-size:16px;&quot;&gt;&lt;img alt=&quot;&quot; data-ll-status=&quot;loaded&quot; src=&quot;https://vinatechgroup.vn/wp-content/uploads/2020/05/ke-kho-hang-3.png&quot; /&gt;&lt;/span&gt;&lt;/p&gt;\r\n\r\n&lt;h3&gt;&lt;span style=&quot;font-size:16px;&quot;&gt;Ưu và nhược điểm của kệ Double Deep&lt;/span&gt;&lt;/h3&gt;\r\n\r\n&lt;h4&gt;&lt;span style=&quot;font-size:16px;&quot;&gt;Ưu điểm&lt;/span&gt;&lt;/h4&gt;\r\n\r\n&lt;p&gt;&lt;span style=&quot;font-size:16px;&quot;&gt;+ &lt;strong&gt;Tăng diện tích lưu trữ&lt;/strong&gt;: các loại kệ kho double deep được thiết kế tối ưu gấp đôi diện tích lưu trữ của kệ Selective Racking thông thường. Vậy nên kệ có khả năng lưu trữ tốt hơn so với không gian ứng dụng cần lưu trữ.&lt;/span&gt;&lt;/p&gt;\r\n\r\n&lt;p&gt;&lt;span style=&quot;font-size:16px;&quot;&gt;+ &lt;strong&gt;Tiết kiệm diện tích lối đi&lt;/strong&gt;: kệ có cấu tạo từ 2 mặt lưng được đấu lại với nhau nên diện tích lối đi cho xe nâng hàng cũng được mở rộng hơn. Mang lại khả năng tối ưu được diện tích sử dụng cho nhà kho.&lt;/span&gt;&lt;/p&gt;\r\n\r\n&lt;p&gt;&lt;span style=&quot;font-size:16px;&quot;&gt;+ &lt;strong&gt;Chất lượng cao, có độ bền lớn&lt;/strong&gt;: Kệ có khả năng lưu trữ hàng hóa có tải trọng lớn đến rất lớn. Toàn bộ khung kệ đều được sơn tĩnh điện bên ngoài, chống gỉ sét hao mòn, bay màu trong quá trình sử dụng đặc biệt là kể cả khi có va đập.&lt;/span&gt;&lt;/p&gt;\r\n\r\n&lt;p&gt;&lt;span style=&quot;font-size:16px;&quot;&gt;+ &lt;strong&gt;Mang tính linh hoạt&lt;/strong&gt;: Kệ liên kết bằng hệ thống bulong nên kệ dễ dàng di chuyển cũng như điều chỉnh độ cao các tầng cho phù hợp với nhu cầu lưu trữ. Giúp tăng hiệu quả hoạt động trong kho: kho lạnh, kho khô, ngoài trời… tạo nên hệ thống lưu trữ tối ưu.&lt;/span&gt;&lt;/p&gt;\r\n\r\n&lt;h4&gt;&lt;span style=&quot;font-size:16px;&quot;&gt;Nhược điểm&lt;/span&gt;&lt;/h4&gt;\r\n\r\n&lt;p&gt;&lt;span style=&quot;font-size:16px;&quot;&gt;&lt;strong&gt;+ Giảm sức nâng của xe&lt;/strong&gt;: nếu người sử dụng không dùng hết công năng của xe hàng do xe phải mất thêm thời gian, lực để đưa, kéo hàng hóa từ sâu bên trong kệ.&lt;/span&gt;&lt;/p&gt;\r\n\r\n&lt;p&gt;&lt;span style=&quot;font-size:16px;&quot;&gt;&lt;strong&gt;+ Chi phí cao&lt;/strong&gt;: Double Deep là một trong số những mẫu kệ hiện đại, chuyên nghiệp nhất hiện nay trên thị trường. Kệ tích hợp nhiều tính năng mới, hiệu quả trên thị trường vì vậy giá thành kệ tương đối cao, khách hàng đầu tư cho hệ thống cần nhiều vốn.&lt;/span&gt;&lt;/p&gt;\r\n\r\n&lt;p&gt; &lt;/p&gt;', '', '', '', '', '', '', ''),
(141, 2, 'Kệ tay đỡ', '&lt;h1&gt;&lt;span style=&quot;font-size:14px;&quot;&gt;KỆ TAY ĐỠ&lt;/span&gt;&lt;/h1&gt;\r\n\r\n&lt;p&gt;Giá kệ tay đỡ (Cantilever Rack) là loại kệ để sắt thép mang lại hiệu quả sử dụng tối ưu. Kệ tay đỡ là loại kệ được thiết kế để chứa hàng hóa, sản phẩm với nhiều kích thước khác nhau, phù hợp với mặt hàng ống dài, thanh gỗ…&lt;/p&gt;\r\n\r\n&lt;p&gt;Kệ phù hợp với xe nâng chuyên dụng đặc biệt hoặc lấy hàng bằng tay&lt;br /&gt;\r\nSản phẩm kệ tay đỡ với mối hàn và cách lắp đặt cẩn thận, chắc chắn giúp đặt để hàng hóa chắc chắn, an toàn và thuận lợi hơn. Chi phí đắt hơn các loại vật liệu khác nhưng thời gian sử dụng của vật liệu sẽ lâu hơn.&lt;/p&gt;\r\n\r\n&lt;h3&gt;THÔNG SỐ KỸ THUẬT&lt;/h3&gt;\r\n\r\n&lt;ul&gt;\r\n	&lt;li&gt;&lt;strong&gt;Chân trụ&lt;/strong&gt;:  Cột chịu tải được gắn vào đế.  Chiều cao và tải trọng phụ thuộc vào nhu cầu sử dụng.&lt;/li&gt;\r\n	&lt;li&gt;&lt;strong&gt;Giằng chéo (ngang và đường chéo):&lt;/strong&gt; Thanh beam cung cấp tính ổn định cho hệ thống. Chiều rộng và độ dài của các thanh beam được xác định bằng kích thước  tải trọng của hàng hóa lưu trữ, cũng như ứng dụng mà hệ thống đang được thiết kế.&lt;/li&gt;\r\n	&lt;li&gt;&lt;strong&gt;Cánh tay đỡ:&lt;/strong&gt; Hệ thống tay đỡ rất nhiều kiểu dáng, kích thước và khả năng khác nhau. Tay đỡ có thể thay đổi về nhu cầu, có thể thẳng hoặc nghiêng, đáp ứng đầy đủ các nhu cầu lưu trữ. Chiều dài cánh tay của phạm vi kệ từ 600 đến 2500mm.&lt;/li&gt;\r\n	&lt;li&gt;&lt;strong&gt;Đế chân:&lt;/strong&gt; Hệ thống đế áp xuống sàn và hỗ trợ một phần cho cột chịu tải, giữ kệ luôn thẳng đứng và không lung lay. Kích thước của đế phụ thuộc vào kích thước của tay đỡ chịu tải.&lt;/li&gt;\r\n&lt;/ul&gt;\r\n\r\n&lt;p&gt; &lt;/p&gt;\r\n\r\n&lt;p&gt;&lt;img data-ll-status=&quot;loaded&quot; src=&quot;https://vinatechgroup.vn/wp-content/uploads/2020/05/ke-tay-do-2.png&quot; /&gt;&lt;/p&gt;\r\n\r\n&lt;h3&gt;KÍCH THƯỚC THIẾT KẾ CHI TIẾT&lt;/h3&gt;\r\n\r\n&lt;section&gt;\r\n&lt;table id=&quot;tablepress-13&quot;&gt;\r\n	&lt;tbody&gt;\r\n		&lt;tr&gt;\r\n			&lt;td&gt;Column Height - Depth 300mm&lt;/td&gt;\r\n			&lt;td&gt;3300, 4200, 4800, 6000mm&lt;/td&gt;\r\n		&lt;/tr&gt;\r\n		&lt;tr&gt;\r\n			&lt;td&gt;Column Height - Depth 400mm&lt;/td&gt;\r\n			&lt;td&gt;3300, 4800, 6000mm&lt;/td&gt;\r\n		&lt;/tr&gt;\r\n		&lt;tr&gt;\r\n			&lt;td&gt;Base SE and DE&lt;/td&gt;\r\n			&lt;td&gt;600, 900, 1200mm&lt;/td&gt;\r\n		&lt;/tr&gt;\r\n		&lt;tr&gt;\r\n			&lt;td&gt;Arm Length&lt;/td&gt;\r\n			&lt;td&gt;600, 900, 1200mm&lt;/td&gt;\r\n		&lt;/tr&gt;\r\n	&lt;/tbody&gt;\r\n&lt;/table&gt;\r\n\r\n&lt;p&gt;Bảng thiết kế này theo tiêu chuẩn an toàn – chất lượng Nhật Bản.&lt;/p&gt;\r\n\r\n&lt;h3&gt;ĐẶC TÍNH SẢN PHẨM&lt;/h3&gt;\r\n\r\n&lt;h4&gt;Đặc tính lưu trữ&lt;/h4&gt;\r\n\r\n&lt;ul&gt;\r\n	&lt;li&gt;Kệ phù hợp với xe nâng chuyên dụng đặc biệt hoặc lấy hàng bằng tay&lt;/li&gt;\r\n	&lt;li&gt;Sản phẩm kệ với mối hàn và cách lắp đặt cẩn thận, chắc chắn giúp đặt để hàng hóa chắc chắn, an toàn và thuận lợi hơn.&lt;/li&gt;\r\n	&lt;li&gt;Sản phẩm kệ để hàng trong kho này được làm từ thép nên có thời gian sử dụng lâu hơn các loại vật liệu khác.&lt;/li&gt;\r\n	&lt;li&gt;Chi phí đắt hơn các loại vật liệu khác nhưng thời gian sử dụng của vật liệu sẽ lâu hơn.&lt;/li&gt;\r\n	&lt;li&gt;Thiết kế bằng việc bắt ốc vít nên có thể tháo lắp dễ dàng và nhanh chóng&lt;/li&gt;\r\n&lt;/ul&gt;\r\n\r\n&lt;p&gt;&lt;img alt=&quot;&quot; data-ll-status=&quot;loaded&quot; src=&quot;https://vinatechgroup.vn/wp-content/uploads/2020/05/ke-tay-do-5.png&quot; /&gt;&lt;/p&gt;\r\n\r\n&lt;h4&gt;Thông số kỹ thuật&lt;/h4&gt;\r\n\r\n&lt;ul&gt;\r\n	&lt;li&gt;Màu sơn tiêu chuẩn: Xanh – Cam – Xám (có thể thay đổi màu sơn theo yêu cầu khách hàng)&lt;/li&gt;\r\n	&lt;li&gt;Thời gian bảo hành sản phẩm: 12 tháng&lt;/li&gt;\r\n	&lt;li&gt;Thời gian lắp đặt nhanh chóng để doanh nghiệp sớm có thể đi vào hoạt động.&lt;/li&gt;\r\n	&lt;li&gt;Nhiều mẫu thiết kế nên khách hàng có thể chọn lựa kiểu dáng thích hợp để đặt sản phẩm của mình.&lt;/li&gt;\r\n&lt;/ul&gt;\r\n\r\n&lt;p&gt;&lt;img alt=&quot;&quot; data-ll-status=&quot;loaded&quot; src=&quot;https://vinatechgroup.vn/wp-content/uploads/2020/05/ke-tay-do-3.png&quot; /&gt;&lt;/p&gt;\r\n\r\n&lt;h4&gt;Cấu tạo kệ&lt;/h4&gt;\r\n\r\n&lt;ul&gt;\r\n	&lt;li&gt;Bố trí hàng theo phương thẳng đứng&lt;/li&gt;\r\n	&lt;li&gt;Thiết kế tay đỡ một hoặc cả hai bên&lt;/li&gt;\r\n	&lt;li&gt;Độ sâu chân đế kệ tay đỡ đa dạng&lt;/li&gt;\r\n	&lt;li&gt;Độ dài có thể bố trí theo ý muốn&lt;/li&gt;\r\n	&lt;li&gt;Kết cấu chân trụ đặc trưng tạo độ vững cho kệ&lt;/li&gt;\r\n	&lt;li&gt;Khung kệ đôi hoặc đơn thiết kế chứa đa dạng hàng hóa&lt;/li&gt;\r\n	&lt;li&gt;Thanh giằng được thiết kế vững chắc cao&lt;/li&gt;\r\n	&lt;li&gt;Tay đỡ chắc chắn, đỡ hàng an toàn&lt;/li&gt;\r\n	&lt;li&gt;Chân đến kết hợp với cột trung tâm rất chắc chắn&lt;/li&gt;\r\n&lt;/ul&gt;\r\n\r\n&lt;p&gt;&lt;img alt=&quot;&quot; data-ll-status=&quot;loaded&quot; src=&quot;https://vinatechgroup.vn/wp-content/uploads/2020/05/ke-tay-do-6.png&quot; /&gt;&lt;/p&gt;\r\n\r\n&lt;p&gt; &lt;/p&gt;\r\n&lt;/section&gt;', '', '', '', '', '', '', ''),
(142, 2, 'Kệ kho di động', '&lt;h1&gt;&lt;span style=&quot;font-size:16px;&quot;&gt;KỆ KHO DI ĐỘNG (MOBILE RACK)&lt;/span&gt;&lt;/h1&gt;\r\n\r\n&lt;p&gt;Kệ kho di động (Mobile Rack) là hệ thống kệ di động hoàn toàn, kệ chứa hàng pallet áp sát nhau, được liên kết với những kết cấu di động giúp nó di chuyển qua lại trên hệ thống ray nằm trên sàn.&lt;/p&gt;\r\n\r\n&lt;p&gt;Đây là loại kệ công nghiệp giúp lưu trữ tài liệu hay các vật tư kho cần sử dụng thường xuyên còn thêm 1 lựa chọn loại kệ Mobile Rack dạng tủ. Văn phòng thay đổi theo thời gian, và do đó làm tăng tình huống lưu trữ của họ. Khi việc kinh doanh của bạn phát triển, bạn có thể cần nhiều không gian lưu trữ nhiều hơn, hoặc bạn có thể muốn sắp xếp lại kệ hiện tại của bạn.&lt;/p&gt;\r\n\r\n&lt;h3&gt;KỆ KHO DI ĐỘNG&lt;/h3&gt;\r\n\r\n&lt;ul&gt;\r\n	&lt;li&gt;Thời gian các dãy kệ kho chứa hàng di chuyển khoảng 30 giây.&lt;/li&gt;\r\n	&lt;li&gt;Các ngăn kệ có chiều dài từ 1200mm ÷ 4500mm.&lt;/li&gt;\r\n	&lt;li&gt;Hệ thống điện sử dụng 220V.&lt;/li&gt;\r\n	&lt;li&gt;Hệ thống điều khiển vận hành PLC.&lt;/li&gt;\r\n	&lt;li&gt;Quản lý không gian thông minh bao gồm việc tránh các cấu trúc&lt;/li&gt;\r\n	&lt;li&gt;Cố định giá kệ di động của cho phép bạn làm chính xác điều đó một cách nhanh gọn.&lt;/li&gt;\r\n&lt;/ul&gt;\r\n\r\n&lt;p&gt;&lt;img data-ll-status=&quot;loaded&quot; src=&quot;https://vinatechgroup.vn/wp-content/uploads/2020/05/ke-di-dong-6.png&quot; /&gt;&lt;/p&gt;\r\n\r\n&lt;h3&gt;BẢNG THIẾT KẾ TIÊU CHUẨN&lt;/h3&gt;\r\n\r\n&lt;table id=&quot;tablepress-6&quot;&gt;\r\n	&lt;tbody&gt;\r\n		&lt;tr&gt;\r\n			&lt;td&gt;Pallet (mm)&lt;/td&gt;\r\n			&lt;td&gt;800 x 1200&lt;/td&gt;\r\n			&lt;td&gt;1000 x 1200&lt;/td&gt;\r\n			&lt;td&gt;1200 x 1000&lt;/td&gt;\r\n		&lt;/tr&gt;\r\n		&lt;tr&gt;\r\n			&lt;td&gt;Hành lang (mm)&lt;/td&gt;\r\n			&lt;td&gt;800&lt;/td&gt;\r\n			&lt;td&gt;1000&lt;/td&gt;\r\n			&lt;td&gt;1200&lt;/td&gt;\r\n		&lt;/tr&gt;\r\n		&lt;tr&gt;\r\n			&lt;td&gt;Beam Standard&lt;/td&gt;\r\n			&lt;td&gt;2700&lt;/td&gt;\r\n			&lt;td&gt;2300&lt;/td&gt;\r\n			&lt;td&gt;2700&lt;/td&gt;\r\n		&lt;/tr&gt;\r\n		&lt;tr&gt;\r\n			&lt;td&gt;Số tầng&lt;/td&gt;\r\n			&lt;td&gt;3&lt;/td&gt;\r\n			&lt;td&gt;2&lt;/td&gt;\r\n			&lt;td&gt;2&lt;/td&gt;\r\n		&lt;/tr&gt;\r\n	&lt;/tbody&gt;\r\n&lt;/table&gt;\r\n\r\n&lt;p&gt; &lt;/p&gt;\r\n\r\n&lt;h3&gt;ĐẶC TÍNH CỦA SẢN PHẨM&lt;/h3&gt;\r\n\r\n&lt;h4&gt;Cách thức lưu trữ&lt;/h4&gt;\r\n\r\n&lt;ul&gt;\r\n	&lt;li&gt;Kệ di động mobile rack được hình thành bởi 1 dãy kệ selective&lt;/li&gt;\r\n	&lt;li&gt;Phần đế chân của kệ được lắp đặt hệ thống dẫn động điều khiển PLC&lt;/li&gt;\r\n	&lt;li&gt;Giúp việc xuất nhập hàng trong kho được hiệu quả và dễ dàng.&lt;/li&gt;\r\n	&lt;li&gt;Tiết kiệm không gian dành cho lối đi, diện tích sử dụng kho được tăng lên đáng kể.&lt;/li&gt;\r\n&lt;/ul&gt;\r\n\r\n&lt;p&gt;&lt;img alt=&quot;&quot; data-ll-status=&quot;loaded&quot; src=&quot;https://vinatechgroup.vn/wp-content/uploads/2020/05/ke-di-dong-8.png&quot; /&gt;&lt;/p&gt;\r\n\r\n&lt;h4&gt;Kệ di động tiết kiệm không gian 50% một cách thông minh&lt;/h4&gt;\r\n\r\n&lt;ul&gt;\r\n	&lt;li&gt;Kệ Pallet di động bao gồm hai dãy kệ cố định ở hai bìa của hệ thống,&lt;/li&gt;\r\n	&lt;li&gt;Khoảng giữa của hai dãy kệ này là các kệ di động&lt;/li&gt;\r\n	&lt;li&gt;Kệ di động chỉ cần một lối đi duy nhất cho mỗi hệ thống&lt;/li&gt;\r\n	&lt;li&gt;Mở lối đi để tiếp cận dãy kệ cần thao tác.&lt;/li&gt;\r\n	&lt;li&gt;Khi hoàn thành việc sắp xếp hàng hóa lên pallet trên kệ,&lt;/li&gt;\r\n	&lt;li&gt;Quản lý kho có thể đóng toàn bộ cửa giúp hệ thống giảm 50% diện tích nhà kho.&lt;/li&gt;\r\n&lt;/ul&gt;\r\n\r\n&lt;p&gt;&lt;img alt=&quot;&quot; data-ll-status=&quot;loaded&quot; src=&quot;https://vinatechgroup.vn/wp-content/uploads/2020/05/ke-di-dong-3-1.png&quot; /&gt;&lt;/p&gt;\r\n\r\n&lt;h4&gt;Chế độ mở nguyên lối đi (độ rộng lớn nhất)&lt;/h4&gt;\r\n\r\n&lt;ul&gt;\r\n	&lt;li&gt;Xe nâng nhanh chóng tiếp cận lối đi.&lt;/li&gt;\r\n	&lt;li&gt;Kết hợp giữa đường ray và xe nâng quay 3 hướng hoặc xe nâng có chỗ đứng cho người soạn hàng,&lt;/li&gt;\r\n	&lt;li&gt;Tiết kiệm thêm độ rộng lối đi.&lt;/li&gt;\r\n	&lt;li&gt;Chế độ mở nguyên lối có thể mở ở bất kỳ dãy kệ nào trong hệ thống giúp xe nâng di chuyển qua lại dễ dàng tiết kiệm thời gian công sức&lt;/li&gt;\r\n&lt;/ul&gt;\r\n\r\n&lt;p&gt;&lt;img alt=&quot;&quot; data-ll-status=&quot;loaded&quot; src=&quot;https://vinatechgroup.vn/wp-content/uploads/2020/05/ke-di-dong-1-1.png&quot; /&gt;&lt;/p&gt;\r\n\r\n&lt;h4&gt;Chế độ mở nửa lối tiện lợi cho việc sắp xếp hàng thủ công&lt;/h4&gt;\r\n\r\n&lt;ul&gt;\r\n	&lt;li&gt;Ở chế độ mở nửa lối, công nhân có thể dễ dàng sắp xếp hàng hóa trong kho tại các pallet mà mình cần.&lt;/li&gt;\r\n	&lt;li&gt;Thay vì chỉ sắp xếp hàng hóa từ một phía kệ di động cho phép mở cửa cả hai đầu của một dãy kệ giúp nhanh chóng tháo rỡ và sắp xếp hàng hóa hơn.&lt;/li&gt;\r\n	&lt;li&gt;Mang lại cách quản lý thông minh, ưu điểm khi mở nửa lối của kệ.&lt;/li&gt;\r\n	&lt;li&gt;Có thể mở cửa ở bất kỳ dãy kệ nào mình cần.&lt;/li&gt;\r\n&lt;/ul&gt;\r\n\r\n&lt;p&gt;&lt;img alt=&quot;&quot; data-ll-status=&quot;loaded&quot; src=&quot;https://vinatechgroup.vn/wp-content/uploads/2020/05/ke-di-dong-5.png&quot; /&gt;&lt;/p&gt;\r\n\r\n&lt;h4&gt;Chế độ mở dãn cách giúp hàng hóa thông thoáng&lt;/h4&gt;\r\n\r\n&lt;ul&gt;\r\n	&lt;li&gt;Chế độ mở giãn cách đều nhau hữu ích cho hoạt động lấy hàng tồn kho.&lt;/li&gt;\r\n	&lt;li&gt;Tiết kiệm điều hòa trong kho lạnh/đông lạnh vì nó cung cấp&lt;/li&gt;\r\n	&lt;li&gt;Không gian tương đối giữa các mặt hàng được lưu kho và cho phép không khí lạnh lưu thông đều.&lt;/li&gt;\r\n	&lt;li&gt;Mở giãn cách sẽ đảm bảo hàng hóa, đặc biệt là các hàng đông lạnh, hàng cần sự thông thoáng khí đảm bảo an toàn không bị hư hỏng.&lt;/li&gt;\r\n&lt;/ul&gt;\r\n\r\n&lt;p&gt;&lt;img alt=&quot;&quot; data-ll-status=&quot;loaded&quot; src=&quot;https://vinatechgroup.vn/wp-content/uploads/2020/05/ke-di-dong-7.png&quot; /&gt;&lt;/p&gt;\r\n\r\n&lt;p&gt; &lt;/p&gt;', '', '', '', '', '', '', ''),
(143, 2, 'Kệ con lăn (FLOW CARTON RACKS)', '&lt;h1&gt;&lt;span style=&quot;font-size:16px;&quot;&gt;KỆ CON LĂN (FLOW CARTON RACKS) VINATECH GROUP&lt;/span&gt;&lt;/h1&gt;\r\n\r\n&lt;p&gt;Hệ thống &lt;a href=&quot;https://vinatechgroup.vn/san-pham/ke-con-lan-flow-carton-racks&quot;&gt;kệ con lăn&lt;/a&gt; chứa hàng Carton Flow Rack là một trong các hệ thống kệ động, trong đó lối đi dành cho việc nhập hàng và lấy hàng được tách biệt nhau.&lt;/p&gt;\r\n\r\n&lt;p&gt;Hàng hóa được chứa trong các kiện giống nhau, có thể tự động trượt về phía trước trên các làn kệ nhờ hệ thống con lăn. Với hệ thống &lt;a href=&quot;https://vinatechgroup.vn/danh-muc/ke-kho-hang&quot;&gt;kệ nhà kho&lt;/a&gt; này, chi phí lao động có thể giảm tới 75% so với các hệ thống kệ tĩnh thông thường.&lt;/p&gt;\r\n\r\n&lt;h3&gt;MÔ TẢ HỆ THỐNG KỆ CON LĂN&lt;/h3&gt;\r\n\r\n&lt;p&gt;Một hệ thống kệ con lăn carton flow bao gồm:&lt;/p&gt;\r\n\r\n&lt;ul&gt;\r\n	&lt;li&gt;Một hay nhiều làn kệ&lt;/li&gt;\r\n	&lt;li&gt;Trên mỗi làn sử dụng hệ thống các con lăn&lt;/li&gt;\r\n	&lt;li&gt;Lắp nghiêng từ phía nhập hàng đến phía xuất hàng&lt;/li&gt;\r\n&lt;/ul&gt;\r\n\r\n&lt;p&gt;&lt;img data-ll-status=&quot;loaded&quot; src=&quot;https://vinatechgroup.vn/wp-content/uploads/2020/05/ke-con-lan-3.png&quot; /&gt;&lt;/p&gt;\r\n\r\n&lt;h3&gt;KÍCH THƯỚC KỆ CON LĂN CHI TIẾT&lt;/h3&gt;\r\n\r\n&lt;table id=&quot;tablepress-8&quot;&gt;\r\n	&lt;tbody&gt;\r\n		&lt;tr&gt;\r\n			&lt;td&gt;Pallet (mm)&lt;/td&gt;\r\n			&lt;td&gt;800 x 1200&lt;/td&gt;\r\n			&lt;td&gt;1000 x 1200&lt;/td&gt;\r\n			&lt;td&gt;1200 x 1000&lt;/td&gt;\r\n		&lt;/tr&gt;\r\n		&lt;tr&gt;\r\n			&lt;td&gt;Lối đi (mm)&lt;/td&gt;\r\n			&lt;td&gt;800&lt;/td&gt;\r\n			&lt;td&gt;1000&lt;/td&gt;\r\n			&lt;td&gt;1200&lt;/td&gt;\r\n		&lt;/tr&gt;\r\n		&lt;tr&gt;\r\n			&lt;td&gt;Tải trọng/ sức chứa (kg/pallet)&lt;/td&gt;\r\n			&lt;td&gt;1000&lt;/td&gt;\r\n			&lt;td&gt;1000&lt;/td&gt;\r\n			&lt;td&gt;1000&lt;/td&gt;\r\n		&lt;/tr&gt;\r\n	&lt;/tbody&gt;\r\n&lt;/table&gt;\r\n\r\n&lt;p&gt;Bảng thiết kế này theo tiêu chuẩn an toàn – chất lượng Nhật Bản.&lt;/p&gt;\r\n\r\n&lt;h4&gt;Thông số kỹ thuật&lt;/h4&gt;\r\n\r\n&lt;ul&gt;\r\n	&lt;li&gt;Tải trọng: hàng hóa tải trọng nhẹ.&lt;/li&gt;\r\n	&lt;li&gt;Khung chân: Sử dụng chân omega dập lỗ&lt;/li&gt;\r\n	&lt;li&gt;Mặt kệ: Sử dụng các thanh ray và con lăn (rulo)…&lt;/li&gt;\r\n	&lt;li&gt;Phương thức lấy hàng: Bằng tay&lt;br /&gt;\r\n	Truy xuất hàng hóa: FIFO (First In First Out)&lt;/li&gt;\r\n	&lt;li&gt;Màu sơn tiêu chuẩn: Xanh – Cam – Xám (có thể thay đổi màu sơn theo yêu cầu khách hàng)&lt;/li&gt;\r\n	&lt;li&gt;Thời gian bảo hành sản phẩm: 03 năm&lt;/li&gt;\r\n&lt;/ul&gt;\r\n\r\n&lt;p&gt;&lt;img alt=&quot;Đặc tính của kệ con lăn Vinatech&quot; data-ll-status=&quot;loaded&quot; src=&quot;https://vinatechgroup.vn/wp-content/uploads/2020/05/ke-con-lan-4.png&quot; /&gt;&lt;/p&gt;\r\n\r\n&lt;h4&gt;Cấu tạo chính&lt;/h4&gt;\r\n\r\n&lt;ul&gt;\r\n	&lt;li&gt;Hệ thống kệ chứa hàng carton flow bao gồm một hay nhiều làn kệ,&lt;/li&gt;\r\n	&lt;li&gt;Trên mỗi làn sử dụng hệ thống các con lăn, được lắp nghiêng từ phía nhập hàng đến phía xuất hàng&lt;/li&gt;\r\n	&lt;li&gt;Theo hướng từ cao xuống thấp. Các bộ phận của kệ bao gồm: con lăn (rulo), kiện hàng, chân trụ, thanh ngang.&lt;/li&gt;\r\n&lt;/ul&gt;\r\n\r\n&lt;p&gt;&lt;img alt=&quot;Cấu tạo chính của kệ con lăn&quot; data-ll-status=&quot;loaded&quot; src=&quot;https://vinatechgroup.vn/wp-content/uploads/2020/05/ke-con-lan-5.png&quot; /&gt;&lt;/p&gt;\r\n\r\n&lt;h4&gt;Cách thức hoạt động&lt;/h4&gt;\r\n\r\n&lt;ul&gt;\r\n	&lt;li&gt;Khi kiện hàng đầu tiên được đặt lên kệ, dưới tác dụng của trọng lực, kiện hàng sẽ tự động trượt nhẹ từ phía nhập hàng về phía xuất hàng.&lt;/li&gt;\r\n	&lt;li&gt;Cứ như thế nhân viên nhập hàng chỉ cần nhập hàng tại một vị trí, và các kiện hàng sẽ tự động chạy về phía trước cho đến khi làn kệ được lấp đầy.&lt;/li&gt;\r\n	&lt;li&gt;Tại khu vực xuất hàng, nhân viên xuất hàng sau khi lấy kiện hàng đầu tiên, kiện hàng tiếp sau sẽ tự động trượt vào vị trí của kiện hàng trước.&lt;/li&gt;\r\n&lt;/ul&gt;\r\n\r\n&lt;p&gt;&lt;img alt=&quot;Hình ảnh kệ con lăn trượt hàng pallet&quot; data-ll-status=&quot;loaded&quot; src=&quot;https://vinatechgroup.vn/wp-content/uploads/2020/05/ke-con-lan-3.png&quot; /&gt;&lt;/p&gt;', '', '', '', '', '', '', ''),
(144, 2, 'Kệ DRIVE IN/ DRIVE THRU', '&lt;h3&gt;KỆ DRIVE IN LÀ GÌ? DRIVE THRU LÀ GÌ?&lt;/h3&gt;\r\n\r\n&lt;h4&gt;Kệ Drive In là gì?&lt;/h4&gt;\r\n\r\n&lt;p&gt;Hệ thống kệ kho Drive In là một hệ thống kệ chứa hàng sản xuất lớn, thường sử dụng cho các nhà kho, nhà xưởng có quy mô để lưu trữ bảo quản lượng hàng hóa lớn, tải trọng nặng. Loại kệ này có sức chứa gấp đôi so với các loại kệ kho thông thường, do vậy được các chủ doanh nghiệp rất tin tưởng sử dụng, nhất là với những ngành công nghiệp nặng.&lt;/p&gt;\r\n\r\n&lt;h4&gt;Kệ Drive Thru là gì?&lt;/h4&gt;\r\n\r\n&lt;p&gt;Kệ Drive Thru tương tự như Drive – In Rack đều thuộc nhóm kệ tải trọng nặng, nhưng cho phép một xe nâng để nhập các giá đỡ từ hai bên để chọn lên hoặc kéo ra khỏi pallet. Drive – Thru là mở ở hai đầu, cho phép đầu vào, lưu trữ và đồng thời xuất ra đầu tiên (FIFO).&lt;/p&gt;\r\n\r\n&lt;p&gt;Hệ thống này được sử dụng khi ngày hết hạn của lô hàng cần phải xuất đi hoặc thời hạn sử dụng là mối quan tâm hàng đầu.&lt;/p&gt;\r\n\r\n&lt;h3&gt;ĐIỂM GIỐNG VÀ KHÁC NHAU&lt;/h3&gt;\r\n\r\n&lt;h4&gt;Điểm giống nhau&lt;/h4&gt;\r\n\r\n&lt;p&gt;+ Thành phần cấu tạo: Hai loại kệ này có thành phần cấu tạo tương tự nhau bao gồm: Khung kệ, chân trụ, thanh giữa, ray dẫn Pallet, gối tay đỡ, beam đỉnh, ốp chân, nẹp lưng, nẹp chặn&lt;/p&gt;\r\n\r\n&lt;p&gt;+ Chức năng sử dụng: Hai loại kệ Drive In và Drive Thru có chung mục đích sử dụng, chứa để hàng tải trọng ngang nhau. Đều dùng chứa hàng nặng tối ưu diện tích kho.&lt;/p&gt;\r\n\r\n&lt;p&gt;+ Giá thành sản phẩm: Vì có chung cấu tạo, sản xuất tương tự nhau nên hai loại kệ này sẽ có giá thành tương tự nhau. Chênh lệch rất ít hoặc không đáng kể&lt;/p&gt;\r\n\r\n&lt;p&gt;+ Lắp đặt giá kệ: Hai loại kệ Drive In và Drive Thru có cách lắp đặt tương tự nhau.&lt;/p&gt;\r\n\r\n&lt;h4&gt;Điểm khác biệt&lt;/h4&gt;\r\n\r\n&lt;p&gt;Nguyên lý hoạt động chứa để hàng của hai loại kệ Drive In và Drive Thru hoàn toàn khác nhau. Điều này dẫn đến việc sử dụng kệ với những nhà kho hàng hóa phù hợp.&lt;/p&gt;\r\n\r\n&lt;h4&gt;Thông số chung của Drive In/ Thru&lt;/h4&gt;\r\n\r\n&lt;ul&gt;\r\n	&lt;li&gt;Tải trọng: ≥ 500 kg/ Pallet.&lt;/li&gt;\r\n	&lt;li&gt;Khung chân: Sử dụng chân omega dập lỗ&lt;/li&gt;\r\n	&lt;li&gt;Phương thức lấy hàng: Xe nâng các loại&lt;/li&gt;\r\n	&lt;li&gt;Màu sơn tiêu chuẩn: Xanh – Cam – Xám (có thể thay đổi màu sơn theo yêu cầu khách hàng)&lt;/li&gt;\r\n	&lt;li&gt;Kệ có thể lưu trữ sâu tới 10 – 12 pallet và cao 6 – 7 pallet&lt;/li&gt;\r\n	&lt;li&gt;Tối ưu sử dụng từ 50 – 60% số lượng pallet có trong kho&lt;/li&gt;\r\n	&lt;li&gt;Pallet sử dụng: (0,8m x 1m2) hoặc (1m x 1m2)&lt;/li&gt;\r\n	&lt;li&gt;Lối đi/ hành lang: 1m2&lt;/li&gt;\r\n	&lt;li&gt;R/R Standard: 1070&lt;/li&gt;\r\n	&lt;li&gt;C/C Standard: 1370&lt;/li&gt;\r\n	&lt;li&gt;Thời gian bảo hành: 02 năm&lt;/li&gt;\r\n&lt;/ul&gt;\r\n\r\n&lt;p&gt;&lt;img alt=&quot;&quot; data-ll-status=&quot;loaded&quot; src=&quot;https://vinatechgroup.vn/wp-content/uploads/2020/05/ke-drive-in-drive-thru-3.png&quot; /&gt;&lt;/p&gt;\r\n\r\n&lt;h4&gt;Kệ Drive In/ Thru có cấu tạo chung&lt;/h4&gt;\r\n\r\n&lt;p&gt;Kệ Drive In và kệ Drive Thru có kết cấu tương đối giống nhau. Bao gồm:&lt;/p&gt;\r\n\r\n&lt;ul&gt;\r\n	&lt;li&gt;&lt;strong&gt;Khung kệ&lt;/strong&gt;: Liên kết cột chịu tải với sàn, giữ hệ thống đứng vững&lt;/li&gt;\r\n	&lt;li&gt;&lt;strong&gt;Chân trụ&lt;/strong&gt;: Chịu lực của toàn hệ thống&lt;/li&gt;\r\n	&lt;li&gt;&lt;strong&gt;Thanh giữa&lt;/strong&gt;: Hỗ trợ top beam liên kết khung kệ&lt;/li&gt;\r\n	&lt;li&gt;&lt;strong&gt;Ray dẫn Pallet&lt;/strong&gt;: Hỗ trợ tay đỡ, giữa Pallet ổn định.&lt;/li&gt;\r\n	&lt;li&gt;&lt;strong&gt;Gối tay đỡ&lt;/strong&gt;: liên kết các khung chịu tải&lt;/li&gt;\r\n	&lt;li&gt;&lt;strong&gt;Beam đỉnh&lt;/strong&gt;: Nối giữa 2 khung cột chịu tải, vì không có thanh beam&lt;/li&gt;\r\n	&lt;li&gt;&lt;strong&gt;Ốp chân&lt;/strong&gt;: Giúp chân trụ vững chắc hệ thống kệ chắc chắn hơn&lt;/li&gt;\r\n	&lt;li&gt;&lt;strong&gt;Nẹp lưng&lt;/strong&gt;: Để cố định hàng hóa chứa đựng không bị xô lệch, rớt ở phần lưng kệ&lt;/li&gt;\r\n	&lt;li&gt;&lt;strong&gt;Nẹp chặn&lt;/strong&gt;: Chặn trượt pallet cuối hàng&lt;/li&gt;\r\n&lt;/ul&gt;\r\n\r\n&lt;p&gt;&lt;img alt=&quot;&quot; data-ll-status=&quot;loaded&quot; src=&quot;https://vinatechgroup.vn/wp-content/uploads/2020/05/ke-drive-in.png&quot; /&gt;&lt;/p&gt;\r\n\r\n&lt;h4&gt;Nguyên lý hoạt động kệ Drive In (FIFO)&lt;/h4&gt;\r\n\r\n&lt;p&gt;FIFO(first in first out) là nguyên tắc quản lý hàng hóa vào trước ra trước. Tức là hàng hóa sắp xếp vào kệ trước sẽ được lấy ra trước tiên. Ứng dụng vào hệ thống kệ Drive In, xe nâng sẽ xếp hàng vào một đầu và lấy hàng ở đầu đối diện.&lt;/p&gt;\r\n\r\n&lt;p&gt;Với nguyên lý hoạt động này kho hàng sẽ phù hợp với hàng hóa có hạn sử dụng nhất định. Hàng mới sẽ liên tục được nạp vào lưu trữ trên kệ còn hàng cũ sẽ được đẩy ra vận chuyển khỏi kho hàng.&lt;/p&gt;\r\n\r\n&lt;p&gt;&lt;img alt=&quot;Nguyên lý hoạt động của kệ Drive In&quot; data-ll-status=&quot;loaded&quot; src=&quot;https://vinatechgroup.vn/wp-content/uploads/2020/05/anh-ke-drive-in.jpg&quot; /&gt;&lt;/p&gt;\r\n\r\n&lt;h4&gt;Nguyên lý hoạt động kệ Drive Thru (LIFO)&lt;/h4&gt;\r\n\r\n&lt;p&gt;Cấu tạo tương tự như kệ Drive In nhưng kệ Drive Thru có nguyên lý hoạt động quản lý kho hàng trái ngược hoàn toàn.&lt;/p&gt;\r\n\r\n&lt;p&gt;LIFO(last in first out) là nguyên tắc quản lý hàng hóa vào sau nhưng ra trước. Tức là hàng hóa sẽ được xếp vào và lấy ra ở một đầu, xếp vào sau sẽ được lấy ra trước.&lt;/p&gt;\r\n\r\n&lt;p&gt;Với nguyên tắc quản lý hàng hóa LIFO, kệ Drive Thru phù hợp với những mặt hàng không có hạn sử dụng, không bị thất thoát theo thời gian ví dụ như|: xi măng, cát, đá, sỏi,.. Sử dụng kệ Drive Thru sẽ giúp phản ảnh chính xác nhất tình trạng doanh nghiệp.&lt;/p&gt;\r\n\r\n&lt;p&gt;&lt;img alt=&quot;Kệ Drive In/Thru nguyên lý hoạt động&quot; data-ll-status=&quot;loaded&quot; src=&quot;https://vinatechgroup.vn/wp-content/uploads/2020/05/ke-drive-in-drive-thru-vinatech-group-6.png&quot; /&gt;&lt;/p&gt;\r\n\r\n&lt;h4&gt;Ưu điểm khi dùng kệ Drive In/ Thru khi chứa hàng trong kho&lt;/h4&gt;\r\n\r\n&lt;ul&gt;\r\n	&lt;li&gt;Tối ưu hệ thống lưu trữ nhờ thiết kế các tầng đựng hàng bởi các thanh ray đảm bảo các pallet được xếp cạnh nhau theo chiều sâu của ray đỡ bằng xe nâng.&lt;/li&gt;\r\n	&lt;li&gt;Có khả năng chứa được từ 1 tới 8 pallet hoặc nhiều hơn.&lt;/li&gt;\r\n	&lt;li&gt;Mỗi hệ thống kệ có thể được thiết kế từ 1 tới 6 tầng tùy theo nhu cầu sử dụng của khách hàng và chiều cao của nhà kho.&lt;/li&gt;\r\n	&lt;li&gt;Quản lý hàng hóa hiệu quả, tăng diện tích sử dụng kho lên đến 70%&lt;/li&gt;\r\n&lt;/ul&gt;\r\n\r\n&lt;p&gt;&lt;img alt=&quot;Kệ kho để hàng Drive In/ Thru&quot; data-ll-status=&quot;loaded&quot; src=&quot;https://vinatechgroup.vn/wp-content/uploads/2020/05/ke-kho-de-hang-4.jpg&quot; /&gt;&lt;/p&gt;\r\n\r\n&lt;h4&gt;Nhược điểm khi dùng kệ Drive In/ Thru để chứa hàng trong kho&lt;/h4&gt;\r\n\r\n&lt;ul&gt;\r\n	&lt;li&gt;Kệ Drive Thru có hình thức LIFO (vào sau ra trước) Chỉ phù hợp với các mặt hàng có thể lưu trữ lâu dài, không bị ảnh hưởng chất lượng, hao hụt theo thời gian. Không sử dụng được (hoặc không phù hợp) với các hàng hóa có hạn sử dụng.&lt;/li&gt;\r\n	&lt;li&gt;Kệ Drive In có hình thức FIFO(vào trước ra trước) chỉ phù hợp với các mặt hàng cần quan tâm đến hạn sử dụng sản phẩm.&lt;/li&gt;\r\n&lt;/ul&gt;\r\n\r\n&lt;p&gt;&lt;img alt=&quot;&quot; data-ll-status=&quot;loaded&quot; src=&quot;https://vinatechgroup.vn/wp-content/uploads/2020/05/ke-driver.png&quot; /&gt;&lt;/p&gt;\r\n\r\n&lt;p&gt; &lt;/p&gt;', '', '', '', '', '', '', ''),
(145, 2, 'Kệ SELECTIVE VINATECH', '&lt;h2&gt;Kệ Selective là kệ gì?&lt;/h2&gt;\r\n\r\n&lt;p&gt;Kệ Selective (dịch tiếng việt là kệ lựa chọn, kệ tuyển chọn, giá kệ lựa chọn chứa pallet ) là loại kệ thường dùng cho hàng hóa có tải trọng nặng, với thiết kế của kệ giúp lấy hàng dễ dàng, sử dụng được với mọi kích thước Pallet, được lắp đặt bằng Bulong nên dễ dàng thay đổi kích thước cũng như di chuyển dễ dàng.&lt;/p&gt;\r\n\r\n&lt;p&gt;Hệ thống giá kệ Selective Pallet Racking cung cấp truy cập trực tiếp đến mọi pallet trong kho. Đối với những dòng sản phẩm có doanh thu thấp và khác biệt cao, nhất định phải dùng loại kệ này để tiết kiệm tối đa chi phí.&lt;/p&gt;\r\n\r\n&lt;p&gt;Điều này đồng nghĩa với việc kệ Selective được sinh ra dành cho hệ thống lưu trữ hàng hóa vào trước ra trước “FIFO” (những pallet không thể sử dụng cho tới khi các mặt hàng mới được xuất ra).&lt;/p&gt;\r\n\r\n&lt;h3&gt;Ưu điểm của kệ Selective&lt;/h3&gt;\r\n\r\n&lt;ul&gt;\r\n	&lt;li&gt;Mỗi tầng kệ trong hệ thống kệ selective có khả năng chịu tải từ 500kg/pallet ÷ 2500kg/pallet.&lt;/li&gt;\r\n	&lt;li&gt;Các ngăn kệ kho có chiều dài từ 1150mm ÷ 3600mm (tải trọng giảm dần theo chiều dài).&lt;/li&gt;\r\n	&lt;li&gt;Kệ selective cũng dễ điều chỉnh và dễ di dời, nâng cấp, mở rộng hoặc thay thế bất kỳ lúc nào.&lt;/li&gt;\r\n	&lt;li&gt;Hệ thống giá kệ selective dành cho nhà kho có thiết kế phù hợp với các loại hàng hóa, mọi quy cách, kích thước pallet, mọi loại diện tích nhà kho, với thông số đo đạc tận nơi.&lt;/li&gt;\r\n&lt;/ul&gt;\r\n\r\n&lt;h3&gt;Nhược điểm của kệ Selective&lt;/h3&gt;\r\n\r\n&lt;ul&gt;\r\n	&lt;li&gt;Kệ Selective phù hợp với các nhà kho vừa đến trung bình hệ thống này chỉ lưu trữ được hàng hóa có tải trọng dưới 3000kg/ tầng&lt;/li&gt;\r\n	&lt;li&gt;Nếu nhà kho của bạn có khối lượng lớn mà vẫn sử dụng hệ thống kệ Selective thì chi phí lắp đặt rất lớn và đây không phải là giải pháp tối ưu mặt bằng kho hàng.&lt;/li&gt;\r\n&lt;/ul&gt;\r\n\r\n&lt;h3&gt;THÔNG SỐ KỸ THUẬT GIÁ KỆ SELECTIVE RACKING&lt;/h3&gt;\r\n\r\n&lt;ul&gt;\r\n	&lt;li&gt;Dễ dàng điều chỉnh khoảng cách các tầng giá kệ bằng cách điều chỉnh vị trí thanh beam để phù hợp với nhu cầu sử dụng.&lt;/li&gt;\r\n	&lt;li&gt;Các thanh đỡ (Beam bar) có khả năng chịu tải trọng từ 800 kg ÷6000 kg/tầng. Có thể tùy chỉnh tải trọng bằng cách tăng độ dày và kích thước của thanh Beam.&lt;/li&gt;\r\n	&lt;li&gt;Mặt tầng (mặt pallet) có thể tùy chỉnh linh hoạt vật liệu và tải trọng phù hợp: nhựa, gỗ, sắt thép…&lt;/li&gt;\r\n	&lt;li&gt;Sử dụng phổ biến trong hầu hết các ngành công nghiệp, sản xuất, trung tâm hàng hóa, đòi hỏi khả năng tiếp cận nhanh các pallet chứa hàng mà không cần phải di chuyển các pallet chứa hàng khác.&lt;/li&gt;\r\n	&lt;li&gt;Sử dụng phù hợp hầu hết các loại xe nâng hàng hiện có.&lt;/li&gt;\r\n	&lt;li&gt;Chiều cao giá kệ lưu trữ hàng hóa đạt tới 12.8m, kích thước cao phổ biến tại Vinatech sản xuất là kệ cao 8m, nhờ đó tiết kiệm được&lt;/li&gt;\r\n	&lt;li&gt;Tối ưu diện tích sử dụng cho kho, lên tới 30%- 40%.&lt;/li&gt;\r\n	&lt;li&gt;Sự lựa chọn hàng hóa lưu trữ đạt 100%.&lt;/li&gt;\r\n	&lt;li&gt;Có thể kết hợp được với các loại kệ khác.&lt;/li&gt;\r\n&lt;/ul&gt;\r\n\r\n&lt;h3&gt;Kích thước tiêu chuẩn&lt;/h3&gt;\r\n\r\n&lt;p&gt;Bảng thiết kế này theo tiêu chuẩn an toàn – chất lượng Nhật Bản. Đã được kiểm định và xét duyệt, ứng dụng rộng rãi trong ngành kệ công nghiệp hiện nay. Dưới tiêu chuẩn này Vinatech đo lường chính xác các thông tin và dữ liệu hệ thống mang lại sản phẩm đạt chất lượng ISO 9001: 2008.&lt;/p&gt;\r\n\r\n&lt;p&gt;Nhằm tạo ra sản phẩm kệ chất lượng nhất, vừa đảm bảo các chỉ tiêu an toàn chất lượng vừa đáp ứng theo nhu cầu, nguyện vọng lưu trữ tại hệ thống kho lưu trữ của khách hàng.&lt;/p&gt;\r\n\r\n&lt;p&gt;&lt;img data-ll-status=&quot;loaded&quot; src=&quot;https://vinatechgroup.vn/wp-content/uploads/2020/05/ke-double-deep-2.png&quot; /&gt;&lt;/p&gt;\r\n\r\n&lt;h4&gt;Kệ Selective linh hoạt&lt;/h4&gt;\r\n\r\n&lt;ul&gt;\r\n	&lt;li&gt;Selective là giải pháp lưu trữ kho hàng tải trọng nặng hiệu quả nhất hiện nay&lt;/li&gt;\r\n	&lt;li&gt;Tính năng thông dụng và linh hoạt&lt;/li&gt;\r\n	&lt;li&gt;Thích hợp với nhiều ngành nghề, lĩnh vực cần sử dụng Pallet&lt;/li&gt;\r\n	&lt;li&gt;Thiết kế thay đổi cho phù hợp với yêu cầu hay hàng hóa kích thước của Pallet&lt;/li&gt;\r\n	&lt;li&gt; Thời gian xuất nhập hàng hóa liên tục&lt;/li&gt;\r\n	&lt;li&gt;Giải quyết tồn kho hiệu quả, tiết kiệm thời gian&lt;/li&gt;\r\n	&lt;li&gt;Khung kệ có thể tháo rời dễ dàng, di chuyển nâng cấp đơn giản khi cần thiết.&lt;/li&gt;\r\n&lt;/ul&gt;\r\n\r\n&lt;p&gt;&lt;img alt=&quot;&quot; data-ll-status=&quot;loaded&quot; src=&quot;https://vinatechgroup.vn/wp-content/uploads/2020/05/ke-double-deep-4.png&quot; /&gt;&lt;/p&gt;\r\n\r\n&lt;h4&gt;Phù hợp với mọi loại xe nâng&lt;/h4&gt;\r\n\r\n&lt;ul&gt;\r\n	&lt;li&gt;Khả năng tiếp cận hàng hóa trong kho lên tới 100%&lt;/li&gt;\r\n	&lt;li&gt;Thích hợp với mọi loại xe nâng hàng trên thị trường&lt;/li&gt;\r\n	&lt;li&gt;Xe nâng trực tiếp tiếp cận với toàn bộ Pallet&lt;/li&gt;\r\n	&lt;li&gt;Tạo ra lối đi thông thoáng rộng rãi cho xe nâng di chuyển dễ dàng nhanh chóng.&lt;/li&gt;\r\n	&lt;li&gt;Tiết kiệm chi phí đầu tư.&lt;/li&gt;\r\n&lt;/ul&gt;\r\n\r\n&lt;p&gt;&lt;img alt=&quot;&quot; data-ll-status=&quot;loaded&quot; src=&quot;https://vinatechgroup.vn/wp-content/uploads/2020/05/ke-double-deep-1.png&quot; /&gt;&lt;/p&gt;\r\n\r\n&lt;h4&gt;Đa dạng hàng hóa lưu trữ&lt;/h4&gt;\r\n\r\n&lt;ul&gt;\r\n	&lt;li&gt;Kệ thích hợp với đa số hàng hóa trên mọi lĩnh vực, chủng loại khác nhau.&lt;/li&gt;\r\n	&lt;li&gt;Điều chỉnh kích thước sao cho phù hợp với kích thước khác nhau của sản phẩm.&lt;/li&gt;\r\n	&lt;li&gt;Kết cấu phụ mang lại khả năng lưu trữ nhiều hàng hóa hơn&lt;/li&gt;\r\n	&lt;li&gt;Thích hợp với các kho điều kiện thông thường, kho lạnh hay kho ngoài trời&lt;/li&gt;\r\n&lt;/ul&gt;\r\n\r\n&lt;p&gt;&lt;img alt=&quot;&quot; data-ll-status=&quot;loaded&quot; src=&quot;https://vinatechgroup.vn/wp-content/uploads/2020/05/ke-double-deep.png&quot; /&gt;&lt;/p&gt;\r\n\r\n&lt;p&gt; &lt;/p&gt;', '', '', '', '', '', '', '');


-- oc_product_image PRIMARY KEY (`product_image_id`)
INSERT IGNORE INTO `oc_product_image` (`product_image_id`, `product_id`, `image`, `image_alt`, `sort_order`) VALUES
(143, 136, 'https://cdn.bestme.asia/images/kesaths/16.png', '', 0),
(144, 136, 'https://cdn.bestme.asia/images/kesaths/15.png', '', 1),
(145, 136, 'https://cdn.bestme.asia/images/kesaths/14.png', '', 2),
(146, 136, 'https://cdn.bestme.asia/images/kesaths/13.png', '', 3),
(147, 137, 'https://cdn.bestme.asia/images/kesaths/19.png', '', 0),
(148, 137, 'https://cdn.bestme.asia/images/kesaths/18.png', '', 1),
(149, 137, 'https://cdn.bestme.asia/images/kesaths/11.png', '', 2),
(150, 137, 'https://cdn.bestme.asia/images/kesaths/4.png', '', 3);

-- oc_product_to_category PRIMARY KEY (`product_id`,`category_id`)
INSERT IGNORE INTO `oc_product_to_category` (`product_id`, `category_id`) VALUES
(132, 32),
(132, 33),
(133, 32),
(133, 33),
(134, 32),
(134, 34),
(135, 32),
(135, 34),
(136, 32),
(136, 35),
(137, 32),
(137, 36),
(138, 37),
(139, 37),
(140, 37),
(141, 37),
(142, 42),
(143, 42),
(144, 42),
(145, 42);

-- oc_product_to_store PRIMARY KEY (`product_id`,`store_id`)
INSERT IGNORE INTO `oc_product_to_store` (`product_id`, `store_id`, `product_version_id`, `quantity`, `cost_price`) VALUES
(145, 0, 0, 0, '0.0000'),
(144, 0, 0, 0, '0.0000'),
(143, 0, 0, 0, '0.0000'),
(142, 0, 0, 0, '0.0000'),
(141, 0, 0, 0, '0.0000'),
(140, 0, 0, 0, '0.0000'),
(139, 0, 0, 0, '0.0000'),
(138, 0, 0, 100, '0.0000'),
(137, 0, 5, 0, '0.0000'),
(137, 0, 6, 0, '0.0000'),
(136, 0, 4, 0, '0.0000'),
(136, 0, 3, 0, '0.0000'),
(136, 0, 2, 0, '0.0000'),
(136, 0, 1, 0, '0.0000'),
(134, 0, 0, 50, '0.0000'),
(135, 0, 0, 50, '0.0000'),
(132, 0, 0, 50, '0.0000'),
(133, 0, 0, 50, '0.0000');