-- oc_product PRIMARY KEY (`product_id`)
-- delete first
INSERT IGNORE INTO `oc_product` (`product_id`, `model`, `sku`, `common_barcode`, `common_sku`, `common_compare_price`, `common_price`, `common_cost_price`, `barcode`, `upc`, `ean`, `jan`, `isbn`, `mpn`, `location`, `quantity`, `sale_on_out_of_stock`, `stock_status_id`, `image`, `image_alt`, `multi_versions`, `manufacturer_id`, `shipping`, `price`, `price_currency_id`, `compare_price`, `c_price_currency_id`, `points`, `tax_class_id`, `date_available`, `weight`, `weight_class_id`, `length`, `width`, `height`, `length_class_id`, `subtract`, `minimum`, `sort_order`, `status`, `channel`, `viewed`, `demo`, `deleted`, `default_store_id`, `date_added`, `date_modified`) VALUES
(165, '', '', '', '', '0.0000', '0.0000', '0.0000', '', '', '', '', '', '', '', 0, 0, 0, 'https://2.pik.vn/2020fdeb9c13-108e-4b08-9080-fa4ad088a27c.png', '', 0, 26, 1, '0.0000', 1, '856000.0000', 1, 0, 0, '0000-00-00', '100.00000000', 1, '0.00000000', '0.00000000', '0.00000000', 0, 1, 1, 0, 1, 2, 0, 1, NULL, 0, '2020-12-10 11:34:17', '2020-12-10 11:34:17'),
(164, '', '', '', '', '0.0000', '0.0000', '0.0000', '', '', '', '', '', '', '', 0, 0, 0, 'https://2.pik.vn/20205c87bcec-ef89-4013-a062-b0a91ee51d2c.png', '', 0, 26, 1, '0.0000', 1, '987500.0000', 1, 0, 0, '0000-00-00', '100.00000000', 1, '0.00000000', '0.00000000', '0.00000000', 0, 1, 1, 0, 1, 2, 0, 1, NULL, 0, '2020-12-10 11:34:17', '2020-12-10 11:34:17'),
(163, '', '', '', '', '0.0000', '0.0000', '0.0000', '', '', '', '', '', '', '', 0, 0, 0, 'https://2.pik.vn/2020698bafea-510c-4e44-a5d1-1220c5a6552a.png', '', 0, 26, 1, '0.0000', 1, '985000.0000', 1, 0, 0, '0000-00-00', '100.00000000', 1, '0.00000000', '0.00000000', '0.00000000', 0, 1, 1, 0, 1, 2, 0, 1, NULL, 0, '2020-12-10 11:34:17', '2020-12-10 11:34:17'),
(162, '', '', '', '', '0.0000', '0.0000', '0.0000', '', '', '', '', '', '', '', 0, 0, 0, 'https://2.pik.vn/20203851d1f8-ccc5-4d3a-9043-b865848b30d7.png', '', 0, 26, 1, '0.0000', 1, '1102000.0000', 1, 0, 0, '0000-00-00', '100.00000000', 1, '0.00000000', '0.00000000', '0.00000000', 0, 1, 1, 0, 1, 2, 0, 1, NULL, 0, '2020-12-10 11:34:17', '2020-12-10 11:34:17'),
(161, '', '', '', '', '0.0000', '0.0000', '0.0000', '', '', '', '', '', '', '', 0, 0, 0, 'https://2.pik.vn/20206e153190-3dc3-4118-8d7e-ee88f470f345.png', '', 0, 26, 1, '0.0000', 1, '789000.0000', 1, 0, 0, '0000-00-00', '100.00000000', 1, '0.00000000', '0.00000000', '0.00000000', 0, 1, 1, 0, 1, 2, 0, 1, NULL, 0, '2020-12-10 11:34:17', '2020-12-10 11:34:17'),
(160, '', '', '', '', '0.0000', '0.0000', '0.0000', '', '', '', '', '', '', '', 0, 0, 0, 'https://2.pik.vn/202023fd8c42-63b3-4d79-9682-2eca8dfb780d.png', '', 0, 26, 1, '0.0000', 1, '860000.0000', 1, 0, 0, '0000-00-00', '100.00000000', 1, '0.00000000', '0.00000000', '0.00000000', 0, 1, 1, 0, 1, 2, 0, 1, NULL, 0, '2020-12-10 11:34:17', '2020-12-10 11:34:17'),
(166, '', '', '', '', '0.0000', '0.0000', '0.0000', '', '', '', '', '', '', '', 0, 0, 0, 'https://2.pik.vn/20203b53e413-7365-4e8a-917b-0cfbdec2062e.png', '', 0, 26, 1, '0.0000', 1, '479000.0000', 1, 0, 0, '0000-00-00', '100.00000000', 1, '0.00000000', '0.00000000', '0.00000000', 0, 1, 1, 0, 1, 2, 0, 1, NULL, 0, '2020-12-10 11:34:17', '2020-12-10 11:34:17'),
(167, '', '', '', '', '0.0000', '0.0000', '0.0000', '', '', '', '', '', '', '', 0, 0, 0, 'https://2.pik.vn/20203f6a1301-1f29-4196-b4b3-2f21782711f6.png', '', 0, 26, 1, '0.0000', 1, '875000.0000', 1, 0, 0, '0000-00-00', '100.00000000', 1, '0.00000000', '0.00000000', '0.00000000', 0, 1, 1, 0, 1, 2, 0, 1, NULL, 0, '2020-12-10 11:34:17', '2020-12-10 11:34:17'),
(168, '', '', '', '', '0.0000', '0.0000', '0.0000', '', '', '', '', '', '', '', 0, 0, 0, 'https://2.pik.vn/20206c040c84-5d19-49d5-96da-080d04b0498b.png', '', 0, 26, 1, '0.0000', 1, '865000.0000', 1, 0, 0, '0000-00-00', '100.00000000', 1, '0.00000000', '0.00000000', '0.00000000', 0, 1, 1, 0, 1, 2, 0, 1, NULL, 0, '2020-12-10 11:34:17', '2020-12-10 11:34:17'),
(169, '', '', '', '', '0.0000', '0.0000', '0.0000', '', '', '', '', '', '', '', 0, 0, 0, 'https://2.pik.vn/2020b881892d-aa2c-4f9f-a40c-5c8b2f042ee6.png', '', 0, 26, 1, '0.0000', 1, '752000.0000', 1, 0, 0, '0000-00-00', '100.00000000', 1, '0.00000000', '0.00000000', '0.00000000', 0, 1, 1, 0, 1, 2, 0, 1, NULL, 0, '2020-12-10 11:34:17', '2020-12-10 11:34:17'),
(170, '', '', '', '', '0.0000', '0.0000', '0.0000', '', '', '', '', '', '', '', 0, 0, 0, 'https://2.pik.vn/20209e5132b6-d34c-47fb-8237-0d3bc8ca0461.png', '', 0, 26, 1, '0.0000', 1, '963000.0000', 1, 0, 0, '0000-00-00', '100.00000000', 1, '0.00000000', '0.00000000', '0.00000000', 0, 1, 1, 0, 1, 2, 0, 1, NULL, 0, '2020-12-10 11:34:17', '2020-12-10 11:34:17'),
(171, '', '', '', '', '0.0000', '0.0000', '0.0000', '', '', '', '', '', '', '', 0, 0, 0, 'https://2.pik.vn/2020b371638c-c0ed-4a63-8e46-6507bb9f9d29.png', '', 0, 26, 1, '0.0000', 1, '876000.0000', 1, 0, 0, '0000-00-00', '100.00000000', 1, '0.00000000', '0.00000000', '0.00000000', 0, 1, 1, 0, 1, 2, 0, 1, NULL, 0, '2020-12-10 11:34:17', '2020-12-10 11:34:17'),
(172, '', '', '', '', '0.0000', '0.0000', '0.0000', '', '', '', '', '', '', '', 0, 0, 0, 'https://2.pik.vn/20208c21db97-2ecd-4977-895e-06a2a1985fb1.png', '', 0, 26, 1, '0.0000', 1, '989000.0000', 1, 0, 0, '0000-00-00', '100.00000000', 1, '0.00000000', '0.00000000', '0.00000000', 0, 1, 1, 0, 1, 2, 0, 1, NULL, 0, '2020-12-10 11:34:17', '2020-12-10 11:34:17'),
(173, '', '', '', '', '0.0000', '0.0000', '0.0000', '', '', '', '', '', '', '', 0, 0, 0, 'https://2.pik.vn/202037892465-e83e-48fe-8164-520708c0cf76.png', '', 0, 26, 1, '0.0000', 1, '687000.0000', 1, 0, 0, '0000-00-00', '100.00000000', 1, '0.00000000', '0.00000000', '0.00000000', 0, 1, 1, 0, 1, 2, 0, 1, NULL, 0, '2020-12-10 11:34:17', '2020-12-10 11:34:17'),
(174, '', '', '', '', '0.0000', '0.0000', '0.0000', '', '', '', '', '', '', '', 0, 0, 0, 'https://2.pik.vn/2020f776e985-666b-46d7-aa59-3dcbb4c98c11.png', '', 0, 26, 1, '0.0000', 1, '963140.0000', 1, 0, 0, '0000-00-00', '100.00000000', 1, '0.00000000', '0.00000000', '0.00000000', 0, 1, 1, 0, 1, 2, 0, 1, NULL, 0, '2020-12-10 11:34:17', '2020-12-10 11:34:17'),
(175, '', '', '', '', '0.0000', '0.0000', '0.0000', '', '', '', '', '', '', '', 0, 0, 0, 'https://2.pik.vn/2020232f7487-d6ba-44ca-8be7-1510dce0360a.png', '', 0, 26, 1, '0.0000', 1, '896200.0000', 1, 0, 0, '0000-00-00', '100.00000000', 1, '0.00000000', '0.00000000', '0.00000000', 0, 1, 1, 0, 1, 2, 0, 1, NULL, 0, '2020-12-10 11:34:17', '2020-12-10 11:34:17'),
(176, '', '', '', '', '0.0000', '0.0000', '0.0000', '', '', '', '', '', '', '', 0, 0, 0, 'https://2.pik.vn/20206159efb5-6c86-483e-87b1-886f5ea1e080.png', '', 0, 26, 1, '0.0000', 1, '687000.0000', 1, 0, 0, '0000-00-00', '100.00000000', 1, '0.00000000', '0.00000000', '0.00000000', 0, 1, 1, 0, 1, 2, 0, 1, NULL, 0, '2020-12-10 11:34:17', '2020-12-10 11:34:17'),
(177, '', '', '', '', '0.0000', '0.0000', '0.0000', '', '', '', '', '', '', '', 0, 0, 0, 'https://2.pik.vn/20209c8d925e-d7ab-4f63-87c9-a566aafd6f1e.png', '', 0, 26, 1, '0.0000', 1, '2310000.0000', 1, 0, 0, '0000-00-00', '100.00000000', 1, '0.00000000', '0.00000000', '0.00000000', 0, 1, 1, 0, 1, 2, 0, 1, NULL, 0, '2020-12-10 11:34:17', '2020-12-10 11:34:17'),
(178, '', '', '', '', '0.0000', '0.0000', '0.0000', '', '', '', '', '', '', '', 0, 0, 0, 'https://2.pik.vn/20200f99c569-c528-425b-9fbd-5fff193f8326.png', '', 0, 26, 1, '0.0000', 1, '3210000.0000', 1, 0, 0, '0000-00-00', '100.00000000', 1, '0.00000000', '0.00000000', '0.00000000', 0, 1, 1, 0, 1, 2, 0, 1, NULL, 0, '2020-12-10 11:34:17', '2020-12-10 11:34:17'),
(179, '', '', '', '', '0.0000', '0.0000', '0.0000', '', '', '', '', '', '', '', 0, 0, 0, 'https://2.pik.vn/2020a8733a5b-7d12-4bc7-9b38-94d02b0219c4.png', '', 0, 26, 1, '0.0000', 1, '5320000.0000', 1, 0, 0, '0000-00-00', '100.00000000', 1, '0.00000000', '0.00000000', '0.00000000', 0, 1, 1, 0, 1, 2, 0, 1, NULL, 0, '2020-12-10 11:34:17', '2020-12-10 11:34:17'),
(180, '', '', '', '', '0.0000', '0.0000', '0.0000', '', '', '', '', '', '', '', 0, 0, 0, 'https://2.pik.vn/20206bf7ecd0-987c-4703-ae9f-6798a2cb25f0.png', '', 0, 26, 1, '0.0000', 1, '410000.0000', 1, 0, 0, '0000-00-00', '100.00000000', 1, '0.00000000', '0.00000000', '0.00000000', 0, 1, 1, 0, 1, 2, 0, 1, NULL, 0, '2020-12-10 11:34:17', '2020-12-10 11:34:17'),
(181, '', '', '', '', '0.0000', '0.0000', '0.0000', '', '', '', '', '', '', '', 0, 0, 0, 'https://2.pik.vn/2020b1633765-a6f0-46b3-9132-7c729361826d.png', '', 0, 26, 1, '0.0000', 1, '231000.0000', 1, 0, 0, '0000-00-00', '100.00000000', 1, '0.00000000', '0.00000000', '0.00000000', 0, 1, 1, 0, 1, 2, 0, 1, NULL, 0, '2020-12-10 11:34:17', '2020-12-10 11:34:17'),
(182, '', '', '', '', '0.0000', '0.0000', '0.0000', '', '', '', '', '', '', '', 0, 0, 0, 'https://2.pik.vn/20202e2b8051-16c5-4b94-b32a-2397c6438fce.png', '', 0, 26, 1, '0.0000', 1, '410000.0000', 1, 0, 0, '0000-00-00', '100.00000000', 1, '0.00000000', '0.00000000', '0.00000000', 0, 1, 1, 0, 1, 2, 0, 1, NULL, 0, '2020-12-10 11:34:17', '2020-12-10 11:34:17'),
(183, '', '', '', '', '0.0000', '0.0000', '0.0000', '', '', '', '', '', '', '', 0, 0, 0, 'https://2.pik.vn/20208068dee9-7e76-432a-b952-bbcc1b67c87b.png', '', 0, 26, 1, '0.0000', 1, '231000.0000', 1, 0, 0, '0000-00-00', '100.00000000', 1, '0.00000000', '0.00000000', '0.00000000', 0, 1, 1, 0, 1, 2, 0, 1, NULL, 0, '2020-12-10 11:34:17', '2020-12-10 11:34:17'),
(184, '', '', '', '', '0.0000', '0.0000', '0.0000', '', '', '', '', '', '', '', 0, 0, 0, 'https://2.pik.vn/2020e1e9b522-16a9-4979-9802-800043bdd3b7.png', '', 0, 26, 1, '0.0000', 1, '125000.0000', 1, 0, 0, '0000-00-00', '100.00000000', 1, '0.00000000', '0.00000000', '0.00000000', 0, 1, 1, 0, 1, 2, 0, 1, NULL, 0, '2020-12-10 11:34:17', '2020-12-10 11:34:17'),
(185, '', '', '', '', '0.0000', '0.0000', '0.0000', '', '', '', '', '', '', '', 0, 0, 0, 'https://2.pik.vn/2020897a7fcb-e246-4cad-8baa-4325c0a09868.png', '', 0, 26, 1, '0.0000', 1, '136000.0000', 1, 0, 0, '0000-00-00', '100.00000000', 1, '0.00000000', '0.00000000', '0.00000000', 0, 1, 1, 0, 1, 2, 0, 1, NULL, 0, '2020-12-10 11:34:17', '2020-12-10 11:34:17'),
(186, '', '', '', '', '0.0000', '0.0000', '0.0000', '', '', '', '', '', '', '', 0, 0, 0, 'https://2.pik.vn/2020c814b34e-7c4d-403f-8dce-52b5e4ffca50.png', '', 0, 26, 1, '0.0000', 1, '235000.0000', 1, 0, 0, '0000-00-00', '100.00000000', 1, '0.00000000', '0.00000000', '0.00000000', 0, 1, 1, 0, 1, 2, 0, 1, NULL, 0, '2020-12-10 11:34:17', '2020-12-10 11:34:17'),
(187, '', '', '', '', '0.0000', '0.0000', '0.0000', '', '', '', '', '', '', '', 0, 0, 0, 'https://2.pik.vn/2020ee4f3019-a97e-435a-b94d-0af7123c8ad0.png', '', 0, 26, 1, '0.0000', 1, '245000.0000', 1, 0, 0, '0000-00-00', '100.00000000', 1, '0.00000000', '0.00000000', '0.00000000', 0, 1, 1, 0, 1, 2, 0, 1, NULL, 0, '2020-12-10 11:34:17', '2020-12-10 11:34:17');

-- restore soft-deleted products if demo
UPDATE `oc_product` SET `deleted` = NULL
WHERE `demo` = 1
  AND `product_id` IN (
    165,
    164,
    163,
    162,
    161,
    160,
    166,
    167,
    168,
    169,
    170,
    171,
    172,
    173,
    174,
    175,
    176,
    177,
    178,
    179,
    180,
    181,
    182,
    183,
    184,
    185,
    186,
    187
  );

-- oc_product_collection PRIMARY KEY (`product_collection_id`)
INSERT IGNORE INTO `oc_product_collection` (`product_collection_id`, `product_id`, `collection_id`, `sort_order`) VALUES
(270, 183, 15, 0),
(278, 179, 16, 0),
(269, 182, 15, 0),
(277, 178, 16, 0),
(276, 177, 16, 0),
(275, 176, 16, 0),
(294, 160, 18, 0),
(274, 187, 15, 0),
(293, 161, 18, 0),
(266, 187, 14, 0),
(265, 186, 14, 0),
(264, 185, 14, 0),
(268, 181, 15, 0),
(273, 186, 15, 0),
(263, 184, 14, 0),
(267, 180, 15, 0),
(262, 183, 14, 0),
(261, 181, 14, 0),
(260, 182, 14, 0),
(272, 185, 15, 0),
(271, 184, 15, 0),
(259, 180, 14, 0),
(292, 162, 18, 0),
(291, 163, 18, 0),
(290, 164, 18, 0),
(289, 165, 18, 0),
(288, 166, 18, 0),
(287, 167, 18, 0),
(286, 175, 17, 0),
(285, 174, 17, 0),
(284, 173, 17, 0),
(283, 172, 17, 0),
(282, 171, 17, 0),
(281, 170, 17, 0),
(280, 169, 17, 0),
(279, 168, 17, 0),
(298, 172, 19, 0),
(297, 171, 19, 0),
(296, 179, 19, 0),
(295, 177, 19, 0);

-- oc_product_description PRIMARY KEY (`product_id`,`language_id`)
INSERT IGNORE INTO `oc_product_description` (`product_id`, `language_id`, `name`, `description`, `sub_description`, `seo_title`, `seo_description`, `tag`, `meta_title`, `meta_description`, `meta_keyword`) VALUES
(160, 2, 'Kệ phòng khách CS01', ' Mô tả sản phẩm <br />\n- Kích thước, kiểu dáng <br />\n- Chất liệu<br />\n- Màu sắc<br />\n- Tính năng nổi bật<br />\n- Hướng dẫn sử dụng<br />\n- Xuất xứ, thương hiệu', '', '', '', '', '', '', ''),
(161, 2, 'Kệ phòng khách CS02', ' Mô tả sản phẩm <br />\n- Kích thước, kiểu dáng <br />\n- Chất liệu<br />\n- Màu sắc<br />\n- Tính năng nổi bật<br />\n- Hướng dẫn sử dụng<br />\n- Xuất xứ, thương hiệu', '', '', '', '', '', '', ''),
(162, 2, 'Kệ phòng khách CS03', ' Mô tả sản phẩm <br />\n- Kích thước, kiểu dáng <br />\n- Chất liệu<br />\n- Màu sắc<br />\n- Tính năng nổi bật<br />\n- Hướng dẫn sử dụng<br />\n- Xuất xứ, thương hiệu', '', '', '', '', '', '', ''),
(163, 2, 'Kệ phòng khách CS04', ' Mô tả sản phẩm <br />\n- Kích thước, kiểu dáng <br />\n- Chất liệu<br />\n- Màu sắc<br />\n- Tính năng nổi bật<br />\n- Hướng dẫn sử dụng<br />\n- Xuất xứ, thương hiệu', '', '', '', '', '', '', ''),
(164, 2, 'Kệ phòng khách CS05', ' Mô tả sản phẩm <br />\n- Kích thước, kiểu dáng <br />\n- Chất liệu<br />\n- Màu sắc<br />\n- Tính năng nổi bật<br />\n- Hướng dẫn sử dụng<br />\n- Xuất xứ, thương hiệu', '', '', '', '', '', '', ''),
(165, 2, 'Kệ phòng khách CS06', ' Mô tả sản phẩm <br />\n- Kích thước, kiểu dáng <br />\n- Chất liệu<br />\n- Màu sắc<br />\n- Tính năng nổi bật<br />\n- Hướng dẫn sử dụng<br />\n- Xuất xứ, thương hiệu', '', '', '', '', '', '', ''),
(166, 2, 'Kệ phòng khách CS07', ' Mô tả sản phẩm <br />\n- Kích thước, kiểu dáng <br />\n- Chất liệu<br />\n- Màu sắc<br />\n- Tính năng nổi bật<br />\n- Hướng dẫn sử dụng<br />\n- Xuất xứ, thương hiệu', '', '', '', '', '', '', ''),
(167, 2, 'Kệ phòng khách CS08', ' Mô tả sản phẩm <br />\n- Kích thước, kiểu dáng <br />\n- Chất liệu<br />\n- Màu sắc<br />\n- Tính năng nổi bật<br />\n- Hướng dẫn sử dụng<br />\n- Xuất xứ, thương hiệu', '', '', '', '', '', '', ''),
(168, 2, 'Kệ phòng bếp T01', ' Mô tả sản phẩm <br />\n- Kích thước, kiểu dáng <br />\n- Chất liệu<br />\n- Màu sắc<br />\n- Tính năng nổi bật<br />\n- Hướng dẫn sử dụng<br />\n- Xuất xứ, thương hiệu', '', '', '', '', '', '', ''),
(169, 2, 'Kệ phòng bếp T02', ' Mô tả sản phẩm <br />\n- Kích thước, kiểu dáng <br />\n- Chất liệu<br />\n- Màu sắc<br />\n- Tính năng nổi bật<br />\n- Hướng dẫn sử dụng<br />\n- Xuất xứ, thương hiệu', '', '', '', '', '', '', ''),
(170, 2, 'Kệ phòng bếp T03', ' Mô tả sản phẩm <br />\n- Kích thước, kiểu dáng <br />\n- Chất liệu<br />\n- Màu sắc<br />\n- Tính năng nổi bật<br />\n- Hướng dẫn sử dụng<br />\n- Xuất xứ, thương hiệu', '', '', '', '', '', '', ''),
(171, 2, 'Kệ phòng bếp T04', ' Mô tả sản phẩm <br />\n- Kích thước, kiểu dáng <br />\n- Chất liệu<br />\n- Màu sắc<br />\n- Tính năng nổi bật<br />\n- Hướng dẫn sử dụng<br />\n- Xuất xứ, thương hiệu', '', '', '', '', '', '', ''),
(172, 2, 'Kệ phòng bếp T05', ' Mô tả sản phẩm <br />\n- Kích thước, kiểu dáng <br />\n- Chất liệu<br />\n- Màu sắc<br />\n- Tính năng nổi bật<br />\n- Hướng dẫn sử dụng<br />\n- Xuất xứ, thương hiệu', '', '', '', '', '', '', ''),
(173, 2, 'Kệ phòng bếp T06', ' Mô tả sản phẩm <br />\n- Kích thước, kiểu dáng <br />\n- Chất liệu<br />\n- Màu sắc<br />\n- Tính năng nổi bật<br />\n- Hướng dẫn sử dụng<br />\n- Xuất xứ, thương hiệu', '', '', '', '', '', '', ''),
(174, 2, 'Kệ phòng bếp T07', ' Mô tả sản phẩm <br />\n- Kích thước, kiểu dáng <br />\n- Chất liệu<br />\n- Màu sắc<br />\n- Tính năng nổi bật<br />\n- Hướng dẫn sử dụng<br />\n- Xuất xứ, thương hiệu', '', '', '', '', '', '', ''),
(175, 2, 'Kệ phòng bếp T08', ' Mô tả sản phẩm <br />\n- Kích thước, kiểu dáng <br />\n- Chất liệu<br />\n- Màu sắc<br />\n- Tính năng nổi bật<br />\n- Hướng dẫn sử dụng<br />\n- Xuất xứ, thương hiệu', '', '', '', '', '', '', ''),
(176, 2, 'Kệ decor cà phê FF012', ' Mô tả sản phẩm <br />\n- Kích thước, kiểu dáng <br />\n- Chất liệu<br />\n- Màu sắc<br />\n- Tính năng nổi bật<br />\n- Hướng dẫn sử dụng<br />\n- Xuất xứ, thương hiệu', '', '', '', '', '', '', ''),
(177, 2, 'Kệ decor cà phê FF013', ' Mô tả sản phẩm <br />\n- Kích thước, kiểu dáng <br />\n- Chất liệu<br />\n- Màu sắc<br />\n- Tính năng nổi bật<br />\n- Hướng dẫn sử dụng<br />\n- Xuất xứ, thương hiệu', '', '', '', '', '', '', ''),
(178, 2, 'Kệ decor cà phê FF014', ' Mô tả sản phẩm <br />\n- Kích thước, kiểu dáng <br />\n- Chất liệu<br />\n- Màu sắc<br />\n- Tính năng nổi bật<br />\n- Hướng dẫn sử dụng<br />\n- Xuất xứ, thương hiệu', '', '', '', '', '', '', ''),
(179, 2, 'Kệ decor cà phê FF015', ' Mô tả sản phẩm <br />\n- Kích thước, kiểu dáng <br />\n- Chất liệu<br />\n- Màu sắc<br />\n- Tính năng nổi bật<br />\n- Hướng dẫn sử dụng<br />\n- Xuất xứ, thương hiệu', '', '', '', '', '', '', ''),
(180, 2, 'Kệ khung decor 001', ' Mô tả sản phẩm <br />\n- Kích thước, kiểu dáng <br />\n- Chất liệu<br />\n- Màu sắc<br />\n- Tính năng nổi bật<br />\n- Hướng dẫn sử dụng<br />\n- Xuất xứ, thương hiệu', '', '', '', '', '', '', ''),
(181, 2, 'Kệ khung decor 002', ' Mô tả sản phẩm <br />\n- Kích thước, kiểu dáng <br />\n- Chất liệu<br />\n- Màu sắc<br />\n- Tính năng nổi bật<br />\n- Hướng dẫn sử dụng<br />\n- Xuất xứ, thương hiệu', '', '', '', '', '', '', ''),
(182, 2, 'Kệ khung decor 003', ' Mô tả sản phẩm <br />\n- Kích thước, kiểu dáng <br />\n- Chất liệu<br />\n- Màu sắc<br />\n- Tính năng nổi bật<br />\n- Hướng dẫn sử dụng<br />\n- Xuất xứ, thương hiệu', '', '', '', '', '', '', ''),
(183, 2, 'Kệ khung decor 004', ' Mô tả sản phẩm <br />\n- Kích thước, kiểu dáng <br />\n- Chất liệu<br />\n- Màu sắc<br />\n- Tính năng nổi bật<br />\n- Hướng dẫn sử dụng<br />\n- Xuất xứ, thương hiệu', '', '', '', '', '', '', ''),
(184, 2, 'Kệ khung decor 005', ' Mô tả sản phẩm <br />\n- Kích thước, kiểu dáng <br />\n- Chất liệu<br />\n- Màu sắc<br />\n- Tính năng nổi bật<br />\n- Hướng dẫn sử dụng<br />\n- Xuất xứ, thương hiệu', '', '', '', '', '', '', ''),
(185, 2, 'Kệ khung decor 006', ' Mô tả sản phẩm <br />\n- Kích thước, kiểu dáng <br />\n- Chất liệu<br />\n- Màu sắc<br />\n- Tính năng nổi bật<br />\n- Hướng dẫn sử dụng<br />\n- Xuất xứ, thương hiệu', '', '', '', '', '', '', ''),
(186, 2, 'Kệ khung decor 007', ' Mô tả sản phẩm <br />\n- Kích thước, kiểu dáng <br />\n- Chất liệu<br />\n- Màu sắc<br />\n- Tính năng nổi bật<br />\n- Hướng dẫn sử dụng<br />\n- Xuất xứ, thương hiệu', '', '', '', '', '', '', ''),
(187, 2, 'Kệ khung decor 008', ' Mô tả sản phẩm <br />\n- Kích thước, kiểu dáng <br />\n- Chất liệu<br />\n- Màu sắc<br />\n- Tính năng nổi bật<br />\n- Hướng dẫn sử dụng<br />\n- Xuất xứ, thương hiệu', '', '', '', '', '', '', '');

-- oc_product_image PRIMARY KEY (`product_image_id`)
INSERT IGNORE INTO `oc_product_image` (`product_image_id`, `product_id`, `image`, `image_alt`, `sort_order`) VALUES
(160, 140, 'https://2.pik.vn/20206c040c84-5d19-49d5-96da-080d04b0498b.png', '', 1),
(161, 141, '', '', 0),
(162, 141, 'https://2.pik.vn/2020b881892d-aa2c-4f9f-a40c-5c8b2f042ee6.png', '', 1),
(163, 142, '', '', 0),
(164, 142, 'https://2.pik.vn/20209e5132b6-d34c-47fb-8237-0d3bc8ca0461.png', '', 1),
(165, 143, '', '', 0),
(166, 143, 'https://2.pik.vn/2020b371638c-c0ed-4a63-8e46-6507bb9f9d29.png', '', 1),
(167, 144, '', '', 0),
(168, 144, 'https://2.pik.vn/20208c21db97-2ecd-4977-895e-06a2a1985fb1.png', '', 1),
(169, 145, '', '', 0),
(170, 145, 'https://2.pik.vn/202037892465-e83e-48fe-8164-520708c0cf76.png', '', 1),
(171, 146, '', '', 0),
(172, 146, 'https://2.pik.vn/2020f776e985-666b-46d7-aa59-3dcbb4c98c11.png', '', 1),
(173, 147, '', '', 0),
(174, 147, 'https://2.pik.vn/2020232f7487-d6ba-44ca-8be7-1510dce0360a.png', '', 1),
(175, 148, '', '', 0),
(176, 148, 'https://2.pik.vn/20206159efb5-6c86-483e-87b1-886f5ea1e080.png', '', 1),
(177, 149, '', '', 0),
(178, 149, 'https://2.pik.vn/20209c8d925e-d7ab-4f63-87c9-a566aafd6f1e.png', '', 1),
(179, 150, '', '', 0),
(180, 150, 'https://2.pik.vn/20200f99c569-c528-425b-9fbd-5fff193f8326.png', '', 1),
(181, 151, '', '', 0),
(182, 151, 'https://2.pik.vn/2020a8733a5b-7d12-4bc7-9b38-94d02b0219c4.png', '', 1),
(183, 152, '', '', 0),
(184, 152, 'https://2.pik.vn/20206bf7ecd0-987c-4703-ae9f-6798a2cb25f0.png', '', 1),
(185, 153, '', '', 0),
(186, 153, 'https://2.pik.vn/2020b1633765-a6f0-46b3-9132-7c729361826d.png', '', 1),
(187, 154, '', '', 0);


-- oc_product_to_category PRIMARY KEY (`product_id`,`category_id`)
INSERT IGNORE INTO `oc_product_to_category` (`product_id`, `category_id`) VALUES
(160, 32),
(161, 32),
(162, 32),
(163, 32),
(164, 32),
(165, 32),
(166, 32),
(167, 32),
(168, 33),
(169, 33),
(170, 33),
(171, 33),
(172, 33),
(173, 33),
(174, 33),
(175, 33),
(176, 34),
(177, 34),
(178, 34),
(179, 34),
(180, 35),
(181, 35),
(182, 35),
(183, 35),
(184, 35),
(185, 35),
(186, 35),
(187, 35);

-- oc_product_to_store PRIMARY KEY (`product_id`,`store_id`)
INSERT IGNORE INTO `oc_product_to_store` (`product_id`, `store_id`, `product_version_id`, `quantity`, `cost_price`) VALUES
(168, 0, 0, 50, '0.0000'),
(180, 0, 0, 50, '0.0000'),
(186, 0, 0, 50, '0.0000'),
(174, 0, 0, 50, '0.0000'),
(163, 0, 0, 50, '0.0000'),
(167, 0, 0, 50, '0.0000'),
(179, 0, 0, 50, '0.0000'),
(173, 0, 0, 50, '0.0000'),
(185, 0, 0, 50, '0.0000'),
(178, 0, 0, 50, '0.0000'),
(162, 0, 0, 50, '0.0000'),
(166, 0, 0, 50, '0.0000'),
(161, 0, 0, 50, '0.0000'),
(172, 0, 0, 50, '0.0000'),
(184, 0, 0, 50, '0.0000'),
(165, 0, 0, 50, '0.0000'),
(177, 0, 0, 50, '0.0000'),
(183, 0, 0, 50, '0.0000'),
(176, 0, 0, 50, '0.0000'),
(160, 0, 0, 50, '0.0000'),
(171, 0, 0, 50, '0.0000'),
(170, 0, 0, 50, '0.0000'),
(182, 0, 0, 50, '0.0000'),
(164, 0, 0, 50, '0.0000'),
(181, 0, 0, 50, '0.0000'),
(175, 0, 0, 50, '0.0000'),
(187, 0, 0, 50, '0.0000'),
(169, 0, 0, 50, '0.0000');