-- oc_category PRIMARY KEY (`category_id`)
INSERT IGNORE INTO `oc_category` (`category_id`, `image`, `parent_id`, `top`, `column`, `sort_order`, `status`, `date_added`, `date_modified`) VALUES
(44, NULL, 42, 0, 0, 0, 1, '2020-09-24 14:58:22', '2020-09-25 01:14:36'),
(43, NULL, 42, 0, 0, 0, 1, '2020-09-24 14:58:22', '2020-09-25 01:14:36'),
(42, '', 0, 0, 0, 0, 1, '2020-09-24 14:58:22', '2020-09-25 01:14:36'),
(41, NULL, 32, 0, 0, 0, 1, '2020-09-24 14:58:22', '2020-09-25 01:14:50'),
(40, NULL, 32, 0, 0, 0, 1, '2020-09-24 14:58:21', '2020-09-25 01:14:50'),
(39, NULL, 32, 0, 0, 0, 1, '2020-09-24 14:58:21', '2020-09-25 01:14:50'),
(38, NULL, 32, 0, 0, 0, 1, '2020-09-24 14:58:21', '2020-09-25 01:14:50'),
(37, NULL, 32, 0, 0, 0, 1, '2020-09-24 14:58:21', '2020-09-25 01:14:50'),
(36, NULL, 32, 0, 0, 0, 1, '2020-09-24 14:58:21', '2020-09-25 01:14:50'),
(32, '', 0, 0, 0, 0, 1, '2020-09-24 14:58:21', '2020-09-25 01:14:50'),
(34, NULL, 32, 0, 0, 0, 1, '2020-09-24 14:58:21', '2020-09-25 01:14:50'),
(45, '', 42, 0, 0, 0, 1, '2020-09-24 16:27:49', '2020-09-25 01:14:36'),
(46, '', 42, 0, 0, 0, 1, '2020-09-24 16:27:49', '2020-09-25 01:14:36'),
(47, '', 42, 0, 0, 0, 1, '2020-09-25 01:13:58', '2020-09-25 01:14:36'),
(48, '', 42, 0, 0, 0, 1, '2020-09-25 01:14:28', '2020-09-25 01:14:36');

-- oc_category_description PRIMARY KEY (`category_id`,`language_id`)
INSERT IGNORE INTO `oc_category_description` (`category_id`, `language_id`, `name`, `description`, `meta_title`, `meta_description`, `meta_keyword`) VALUES
(42, 2, 'Tranh Đính Đá', 'Tranh Đính Đá', '', '', ''),
(41, 1, 'Tranh Đá Quý Động Vật', 'Tranh Đá Quý Động Vật', '', '', ''),
(41, 2, 'Tranh Đá Quý Động Vật', 'Tranh Đá Quý Động Vật', '', '', ''),
(40, 1, 'Tranh Đá Quý Phong Cảnh', 'Tranh Đá Quý Phong Cảnh', '', '', ''),
(40, 2, 'Tranh Đá Quý Phong Cảnh', 'Tranh Đá Quý Phong Cảnh', '', '', ''),
(39, 1, 'Tranh Đá Quý Đồng Hồ', 'Tranh Đá Quý Đồng Hồ', '', '', ''),
(39, 2, 'Tranh Đá Quý Đồng Hồ', 'Tranh Đá Quý Đồng Hồ', '', '', ''),
(38, 1, 'Tranh Đá Quý Đồng Quê', 'Tranh Đá Quý Đồng Quê', '', '', ''),
(37, 1, 'Tranh Đá Quý Phố Cổ', 'Tranh Đá Quý Phố Cổ', '', '', ''),
(38, 2, 'Tranh Đá Quý Đồng Quê', 'Tranh Đá Quý Đồng Quê', '', '', ''),
(37, 2, 'Tranh Đá Quý Phố Cổ', 'Tranh Đá Quý Phố Cổ', '', '', ''),
(32, 2, 'Tranh Đá Quý', 'Tranh Đá Quý', '', '', ''),
(32, 1, 'Tranh Đá Quý', 'Tranh Đá Quý', '', '', ''),
(45, 2, 'Tranh Đính Đá Phong Thủy', 'Tranh Đính Đá Phong Thủy', '', '', ''),
(45, 1, 'Tranh Đính Đá Phong Thủy', 'Tranh Đính Đá Phong Thủy', '', '', ''),
(34, 2, 'Tranh Đá Tứ Quý', 'Tranh Đá Tứ Quý', '', '', ''),
(34, 1, 'Tranh Đá Tứ Quý', 'Tranh Đá Tứ Quý', '', '', ''),
(46, 2, 'Tranh Đính Đá Thư Pháp', 'Tranh Đính Đá Thư Pháp', '', '', ''),
(36, 2, 'Tranh Đá Thác Nước', 'Tranh Đá Thác Nước', '', '', ''),
(36, 1, 'Tranh Đá Thác Nước', 'Tranh Đá Thác Nước', '', '', ''),
(42, 1, 'Tranh Đính Đá', 'Tranh Đính Đá', '', '', ''),
(43, 2, 'Tranh Đính Đá Đồng Hồ', 'Tranh Đính Đá Đồng Hồ', '', '', ''),
(43, 1, 'Tranh Đính Đá Đồng Hồ', 'Tranh Đính Đá Đồng Hồ', '', '', ''),
(44, 2, 'Tranh Đính Đá Hoa', 'Tranh Đính Đá Hoa', '', '', ''),
(44, 1, 'Tranh Đính Đá Hoa', 'Tranh Đính Đá Hoa', '', '', ''),
(46, 1, 'Tranh Đính Đá Thư Pháp', 'Tranh Đính Đá Thư Pháp', '', '', ''),
(47, 2, 'Tranh Đính Đá Tôn Giáo', 'Tranh Đính Đá Tôn Giáo', '', '', ''),
(47, 1, 'Tranh Đính Đá Tôn Giáo', 'Tranh Đính Đá Tôn Giáo', '', '', ''),
(48, 2, 'Tranh Đính Đá Tĩnh Vật', 'Tranh Đính Đá Tĩnh Vật', '', '', ''),
(48, 1, 'Tranh Đính Đá Tĩnh Vật', 'Tranh Đính Đá Tĩnh Vật', '', '', '');

-- oc_category_path PRIMARY KEY (`category_id`,`path_id`)
INSERT IGNORE INTO `oc_category_path` (`category_id`, `path_id`, `level`) VALUES
(48, 48, 1),
(48, 42, 0),
(47, 47, 1),
(47, 42, 0),
(46, 46, 1),
(45, 42, 0),
(34, 34, 0),
(45, 45, 1),
(32, 32, 0),
(46, 42, 0),
(44, 44, 0),
(37, 37, 0),
(36, 36, 0),
(43, 43, 0),
(42, 42, 0),
(41, 41, 0),
(40, 40, 0),
(39, 39, 0),
(38, 38, 0);

-- oc_category_to_store PRIMARY KEY (`category_id`,`store_id`)
INSERT IGNORE INTO `oc_category_to_store` (`category_id`, `store_id`) VALUES
(32, 0),
(34, 0),
(36, 0),
(37, 0),
(38, 0),
(39, 0),
(40, 0),
(41, 0),
(42, 0),
(43, 0),
(44, 0),
(45, 0),
(46, 0),
(47, 0),
(48, 0);