-- oc_product PRIMARY KEY (`product_id`)
-- delete first
INSERT IGNORE INTO `oc_product` (`product_id`, `model`, `sku`, `common_barcode`, `common_sku`, `common_compare_price`, `common_price`, `common_cost_price`, `barcode`, `upc`, `ean`, `jan`, `isbn`, `mpn`, `location`, `quantity`, `sale_on_out_of_stock`, `stock_status_id`, `image`, `image_alt`, `multi_versions`, `manufacturer_id`, `shipping`, `price`, `price_currency_id`, `compare_price`, `c_price_currency_id`, `points`, `tax_class_id`, `date_available`, `weight`, `weight_class_id`, `length`, `width`, `height`, `length_class_id`, `subtract`, `minimum`, `sort_order`, `status`, `channel`, `viewed`, `demo`, `deleted`, `default_store_id`, `user_create_id`, `date_added`, `date_modified`) VALUES
(156, '', 'DQ01', '', '', '0.0000', '0.0000', '0.0000', '', '', '', '', '', '', '', 0, 0, 0, 'https://2.pik.vn/2020da7b09e4-2a57-4cb3-a812-3749d99a1a70.jpg', '', 0, 26, 1, '0.0000', 1, '1480000.0000', 1, 0, 0, '0000-00-00', '240.00000000', 1, '0.00000000', '0.00000000', '0.00000000', 0, 1, 1, 0, 1, 2, 0, 1, NULL, 0, 1, '2020-09-24 14:58:21', '2020-09-26 23:54:46'),
(155, '', 'PC08', '', '', '1250000.0000', '0.0000', '0.0000', '', '', '', '', '', '', '', 0, 0, 0, 'https://2.pik.vn/2020c4a8bb92-6dec-4e62-a0d0-c3d96f07fbb4.jpg', '', 1, 26, 1, '0.0000', 1, '1250000.0000', 1, 0, 0, '0000-00-00', '180.00000000', 1, '0.00000000', '0.00000000', '0.00000000', 0, 1, 1, 0, 1, 2, 0, 1, NULL, 0, 1, '2020-09-24 14:58:21', '2020-09-27 00:23:55'),
(154, '', 'PC07', '', '', '0.0000', '0.0000', '0.0000', '', '', '', '', '', '', '', 0, 0, 0, 'https://2.pik.vn/20202078f1f0-28fb-47c7-a9f7-5a8bdeef1d90.jpg', '', 1, 26, 1, '0.0000', 1, '1350000.0000', 1, 0, 0, '0000-00-00', '180.00000000', 1, '0.00000000', '0.00000000', '0.00000000', 0, 1, 1, 0, 1, 2, 0, 1, NULL, 0, 1, '2020-09-24 14:58:21', '2020-09-25 01:35:35'),
(153, '', 'PC06', '', '', '0.0000', '0.0000', '0.0000', '', '', '', '', '', '', '', 0, 0, 0, 'https://2.pik.vn/20200c673b40-6a57-407e-ac65-84c1e08a3b97.jpg', '', 0, 26, 1, '0.0000', 1, '975000.0000', 1, 0, 0, '0000-00-00', '180.00000000', 1, '0.00000000', '0.00000000', '0.00000000', 0, 1, 1, 0, 1, 2, 0, 1, NULL, 0, 1, '2020-09-24 14:58:21', '2020-09-25 01:38:54'),
(152, '', 'PC05', '', '', '0.0000', '0.0000', '0.0000', '', '', '', '', '', '', '', 0, 0, 0, 'https://2.pik.vn/2020933521be-f87c-4170-85a5-b8b6f4000c5c.jpg', '', 0, 26, 1, '0.0000', 1, '950000.0000', 1, 0, 0, '0000-00-00', '180.00000000', 1, '0.00000000', '0.00000000', '0.00000000', 0, 1, 1, 0, 1, 2, 0, 1, NULL, 0, 1, '2020-09-24 14:58:21', '2020-09-25 01:38:43'),
(151, '', 'PC04', '', '', '1320000.0000', '0.0000', '0.0000', '', '', '', '', '', '', '', 0, 0, 0, 'https://2.pik.vn/20206b260b8e-475e-4af5-b7f2-c57e4e4e1ba4.jpg', '', 1, 26, 1, '0.0000', 1, '132000.0000', 1, 0, 0, '0000-00-00', '180.00000000', 1, '0.00000000', '0.00000000', '0.00000000', 0, 1, 1, 0, 1, 2, 0, 1, NULL, 0, 1, '2020-09-24 14:58:21', '2020-09-25 01:36:25'),
(150, '', 'PC03', '', '', '0.0000', '0.0000', '0.0000', '', '', '', '', '', '', '', 0, 0, 0, 'https://2.pik.vn/202042e31316-e114-486d-93e2-d8325e22ae51.jpg', '', 1, 26, 1, '0.0000', 1, '1420000.0000', 1, 0, 0, '0000-00-00', '180.00000000', 1, '0.00000000', '0.00000000', '0.00000000', 0, 1, 1, 0, 1, 2, 0, 1, NULL, 0, 1, '2020-09-24 14:58:21', '2020-09-25 01:36:06'),
(149, '', 'PC02', '', '', '1350000.0000', '0.0000', '0.0000', '', '', '', '', '', '', '', 0, 0, 0, 'https://2.pik.vn/20202de063ef-e40c-4fbc-a8c5-9a4d3b6fe6ad.jpg', '', 1, 26, 1, '1050000.0000', 1, '1350000.0000', 1, 0, 0, '0000-00-00', '180.00000000', 1, '0.00000000', '0.00000000', '0.00000000', 0, 1, 1, 0, 1, 2, 0, 1, NULL, 0, 1, '2020-09-24 14:58:21', '2020-09-25 01:37:06'),
(148, '', 'PC01', '', '', '1850000.0000', '0.0000', '0.0000', '', '', '', '', '', '', '', 0, 0, 0, 'https://2.pik.vn/2020260f8396-511e-4be9-ba5d-6e283b4d700f.jpg', '', 1, 26, 1, '1000000.0000', 1, '1250000.0000', 1, 0, 0, '0000-00-00', '180.00000000', 1, '0.00000000', '0.00000000', '0.00000000', 0, 1, 1, 0, 1, 2, 0, 1, NULL, 0, 1, '2020-09-24 14:58:21', '2020-09-26 23:24:32'),
(147, '', 'TN08', '', '', '0.0000', '0.0000', '0.0000', '', '', '', '', '', '', '', 0, 0, 0, 'https://2.pik.vn/2020391caae4-88d3-4e7e-aa1c-5101f05d87f7.jpg', '', 0, 26, 1, '0.0000', 1, '1500000.0000', 1, 0, 0, '0000-00-00', '250.00000000', 1, '0.00000000', '0.00000000', '0.00000000', 0, 1, 1, 0, 1, 2, 0, 1, NULL, 0, 1, '2020-09-24 14:58:21', '2020-09-26 23:48:27'),
(146, '', 'TN07', '', '', '0.0000', '0.0000', '0.0000', '', '', '', '', '', '', '', 0, 0, 0, 'https://2.pik.vn/2020ea22861a-93eb-4809-b4cf-ecfb6ed05e31.jpg', '', 0, 26, 1, '0.0000', 1, '1640000.0000', 1, 0, 0, '0000-00-00', '250.00000000', 1, '0.00000000', '0.00000000', '0.00000000', 0, 1, 1, 0, 1, 2, 0, 1, NULL, 0, 1, '2020-09-24 14:58:21', '2020-09-26 23:46:35'),
(145, '', 'TN06', '', '', '0.0000', '0.0000', '0.0000', '', '', '', '', '', '', '', 0, 0, 0, 'https://2.pik.vn/20203ea1c29d-cc6f-4025-aeec-af762e70d20d.jpg', '', 0, 26, 1, '1450000.0000', 1, '1950000.0000', 1, 0, 0, '0000-00-00', '250.00000000', 1, '0.00000000', '0.00000000', '0.00000000', 0, 1, 1, 0, 1, 2, 0, 1, NULL, 0, 1, '2020-09-24 14:58:21', '2020-09-26 23:44:56'),
(144, '', 'TN05', '', '', '0.0000', '0.0000', '0.0000', '', '', '', '', '', '', '', 0, 0, 0, 'https://2.pik.vn/202074560c4a-6bba-4a7b-a295-4ccf96f257ca.jpg', '', 0, 26, 1, '0.0000', 1, '1680000.0000', 1, 0, 0, '0000-00-00', '250.00000000', 1, '0.00000000', '0.00000000', '0.00000000', 0, 1, 1, 0, 1, 2, 0, 1, NULL, 0, 1, '2020-09-24 14:58:21', '2020-09-26 23:46:47'),
(143, '', 'TN04', '', '', '0.0000', '0.0000', '0.0000', '', '', '', '', '', '', '', 0, 0, 0, 'https://2.pik.vn/20207e8aa1bf-edf0-4747-8736-cfe1c0f83a35.jpg', '', 0, 26, 1, '0.0000', 1, '1750000.0000', 1, 0, 0, '0000-00-00', '250.00000000', 1, '0.00000000', '0.00000000', '0.00000000', 0, 1, 1, 0, 1, 2, 0, 1, NULL, 0, 1, '2020-09-24 14:58:21', '2020-09-26 23:45:44'),
(141, '', 'TN02', '', '', '0.0000', '0.0000', '0.0000', '', '', '', '', '', '', '', 0, 0, 0, 'https://2.pik.vn/2020ff1648ea-b35c-4778-bf72-f04fe9607e2e.jpg', '', 0, 26, 1, '1700000.0000', 1, '1850000.0000', 1, 0, 0, '0000-00-00', '250.00000000', 1, '0.00000000', '0.00000000', '0.00000000', 0, 1, 1, 0, 1, 2, 0, 1, NULL, 0, 1, '2020-09-24 14:58:21', '2020-09-26 23:42:41'),
(142, '', 'TN03', '', '', '0.0000', '0.0000', '0.0000', '', '', '', '', '', '', '', 0, 0, 0, 'https://2.pik.vn/2020e60b1a32-fb66-4ba5-86d7-e44845416d8f.jpg', '', 0, 26, 1, '1950000.0000', 1, '2100000.0000', 1, 0, 0, '0000-00-00', '250.00000000', 1, '0.00000000', '0.00000000', '0.00000000', 0, 1, 1, 0, 1, 2, 0, 1, NULL, 0, 1, '2020-09-24 14:58:21', '2020-09-26 23:46:19'),
(140, '', 'TN01', '', '', '0.0000', '0.0000', '0.0000', '', '', '', '', '', '', '', 0, 0, 0, 'https://2.pik.vn/2020bd49001f-d072-458e-b119-4db59aa3fd71.jpg', '', 0, 26, 1, '0.0000', 1, '1500000.0000', 1, 0, 0, '0000-00-00', '250.00000000', 1, '0.00000000', '0.00000000', '0.00000000', 0, 1, 1, 0, 1, 2, 0, 1, NULL, 0, 1, '2020-09-24 14:58:21', '2020-09-26 23:42:56'),
(139, '', 'TQ08', '', '', '0.0000', '0.0000', '0.0000', '', '', '', '', '', '', '', 0, 0, 0, 'https://2.pik.vn/2020c3bc96c6-3fcb-4be3-8916-2b141509d9e2.jpg', '', 0, 26, 1, '0.0000', 1, '2485000.0000', 1, 0, 0, '0000-00-00', '400.00000000', 1, '0.00000000', '0.00000000', '0.00000000', 0, 1, 1, 0, 1, 2, 0, 1, NULL, 0, 1, '2020-09-24 14:58:21', '2020-09-26 23:45:26'),
(137, '', 'TQ06', '', '', '0.0000', '0.0000', '0.0000', '', '', '', '', '', '', '', 0, 0, 0, 'https://2.pik.vn/20205ee0b336-0925-49cd-8b81-3e84ece18690.jpg', '', 0, 26, 1, '0.0000', 1, '2650000.0000', 1, 0, 0, '0000-00-00', '400.00000000', 1, '0.00000000', '0.00000000', '0.00000000', 0, 1, 1, 0, 1, 2, 0, 1, NULL, 0, 1, '2020-09-24 14:58:21', '2020-09-26 23:41:31'),
(138, '', 'TQ07', '', '', '0.0000', '0.0000', '0.0000', '', '', '', '', '', '', '', 0, 0, 0, 'https://2.pik.vn/2020cc20463a-ce63-4052-9538-da772ebc4ea0.jpg', '', 0, 26, 1, '2100000.0000', 1, '2430000.0000', 1, 0, 0, '0000-00-00', '400.00000000', 1, '0.00000000', '0.00000000', '0.00000000', 0, 1, 1, 0, 1, 2, 0, 1, NULL, 0, 1, '2020-09-24 14:58:21', '2020-09-26 23:42:23'),
(136, '', 'TQ05', '', '', '0.0000', '0.0000', '0.0000', '', '', '', '', '', '', '', 0, 0, 0, 'https://2.pik.vn/2020fe19792e-e4c5-40c1-bbf3-37363b44fc1a.jpg', '', 0, 26, 1, '0.0000', 1, '2400000.0000', 1, 0, 0, '0000-00-00', '400.00000000', 1, '0.00000000', '0.00000000', '0.00000000', 0, 1, 1, 0, 1, 2, 0, 1, NULL, 0, 1, '2020-09-24 14:58:21', '2020-09-26 23:45:59'),
(135, '', 'TQ04', '', '', '0.0000', '0.0000', '0.0000', '', '', '', '', '', '', '', 0, 0, 0, 'https://2.pik.vn/2020e6b5e2b2-a191-46a7-89ff-e2c0cb875fb9.jpg', '', 0, 26, 1, '0.0000', 1, '2350000.0000', 1, 0, 0, '0000-00-00', '400.00000000', 1, '0.00000000', '0.00000000', '0.00000000', 0, 1, 1, 0, 1, 2, 0, 1, NULL, 0, 1, '2020-09-24 14:58:21', '2020-09-26 23:42:06'),
(134, '', 'TQ03', '', '', '0.0000', '0.0000', '0.0000', '', '', '', '', '', '', '', 0, 0, 0, 'https://2.pik.vn/20208b0284e4-4f2d-4587-8625-9e876fa5b2e3.jpg', '', 0, 26, 1, '0.0000', 1, '2450000.0000', 1, 0, 0, '0000-00-00', '400.00000000', 1, '0.00000000', '0.00000000', '0.00000000', 0, 1, 1, 0, 1, 2, 0, 1, NULL, 0, 1, '2020-09-24 14:58:21', '2020-09-26 23:45:10'),
(132, '', 'TQ01', '', '', '0.0000', '0.0000', '0.0000', '', '', '', '', '', '', '', 0, 0, 0, 'https://2.pik.vn/2020e54e64e7-0653-4063-812e-730496a15f2a.jpg', '', 0, 26, 1, '2150000.0000', 1, '2500000.0000', 1, 0, 0, '0000-00-00', '400.00000000', 1, '0.00000000', '0.00000000', '0.00000000', 0, 1, 1, 0, 1, 2, 0, 1, NULL, 0, 1, '2020-09-24 14:58:21', '2020-09-26 23:41:13'),
(133, '', 'TQ02', '', '', '0.0000', '0.0000', '0.0000', '', '', '', '', '', '', '', 0, 0, 0, 'https://2.pik.vn/202040361b5d-02b6-471c-9bd6-b3e5e43e845b.jpg', '', 0, 26, 1, '0.0000', 1, '2650000.0000', 1, 0, 0, '0000-00-00', '400.00000000', 1, '0.00000000', '0.00000000', '0.00000000', 0, 1, 1, 0, 1, 2, 0, 1, NULL, 0, 1, '2020-09-24 14:58:21', '2020-09-26 23:44:37'),
(157, '', 'DQ02', '', '', '0.0000', '0.0000', '0.0000', '', '', '', '', '', '', '', 0, 0, 0, 'https://2.pik.vn/2020ad241d3f-a568-49c4-918a-2b4139ef8ddb.jpg', '', 0, 26, 1, '1850000.0000', 1, '2090000.0000', 1, 0, 0, '0000-00-00', '240.00000000', 1, '0.00000000', '0.00000000', '0.00000000', 0, 1, 1, 0, 1, 2, 0, 1, NULL, 0, 1, '2020-09-24 14:58:21', '2020-09-26 23:50:09'),
(158, '', 'DQ03', '', '', '0.0000', '0.0000', '0.0000', '', '', '', '', '', '', '', 0, 0, 0, 'https://2.pik.vn/202016bfd356-45dc-4956-b718-520f1f72a8d8.jpg', '', 0, 26, 1, '0.0000', 1, '1860000.0000', 1, 0, 0, '0000-00-00', '240.00000000', 1, '0.00000000', '0.00000000', '0.00000000', 0, 1, 1, 0, 1, 2, 0, 1, NULL, 0, 1, '2020-09-24 14:58:21', '2020-09-26 23:54:33'),
(159, '', 'DQ04', '', '', '0.0000', '0.0000', '0.0000', '', '', '', '', '', '', '', 0, 0, 0, 'https://2.pik.vn/202000808b93-36a6-46c9-bf19-8328482b942e.jpg', '', 0, 26, 1, '1450000.0000', 1, '1750000.0000', 1, 0, 0, '0000-00-00', '240.00000000', 1, '0.00000000', '0.00000000', '0.00000000', 0, 1, 1, 0, 1, 2, 0, 1, NULL, 0, 1, '2020-09-24 14:58:21', '2020-09-26 23:51:30'),
(160, '', 'DQ05', '', '', '0.0000', '0.0000', '0.0000', '', '', '', '', '', '', '', 0, 0, 0, 'https://2.pik.vn/20205fe34ba1-b854-4a6f-b95c-3f453f76e639.jpg', '', 0, 26, 1, '0.0000', 1, '1630000.0000', 1, 0, 0, '0000-00-00', '240.00000000', 1, '0.00000000', '0.00000000', '0.00000000', 0, 1, 1, 0, 1, 2, 0, 1, NULL, 0, 1, '2020-09-24 14:58:21', '2020-09-26 23:54:18'),
(161, '', 'DQ06', '', '', '0.0000', '0.0000', '0.0000', '', '', '', '', '', '', '', 0, 0, 0, 'https://2.pik.vn/20201889e9d8-fe03-42a3-a3bf-7c0b9ef9c249.jpg', '', 0, 26, 1, '0.0000', 1, '1640000.0000', 1, 0, 0, '0000-00-00', '240.00000000', 1, '0.00000000', '0.00000000', '0.00000000', 0, 1, 1, 0, 1, 2, 0, 1, NULL, 0, 1, '2020-09-24 14:58:21', '2020-09-26 23:49:08'),
(162, '', 'DQ07', '', '', '0.0000', '0.0000', '0.0000', '', '', '', '', '', '', '', 0, 0, 0, 'https://2.pik.vn/20207aa7a8d9-cbee-4c92-8455-8b3abeee00ef.jpg', '', 0, 26, 1, '0.0000', 1, '1360000.0000', 1, 0, 0, '0000-00-00', '240.00000000', 1, '0.00000000', '0.00000000', '0.00000000', 0, 1, 1, 0, 1, 2, 0, 1, NULL, 0, 1, '2020-09-24 14:58:21', '2020-09-26 23:48:52'),
(163, '', 'DQ08', '', '', '0.0000', '0.0000', '0.0000', '', '', '', '', '', '', '', 0, 0, 0, 'https://2.pik.vn/202026804972-c7f2-4fda-820e-90f74cecfbf4.jpg', '', 0, 26, 1, '0.0000', 1, '1250000.0000', 1, 0, 0, '0000-00-00', '240.00000000', 1, '0.00000000', '0.00000000', '0.00000000', 0, 1, 1, 0, 1, 2, 0, 1, NULL, 0, 1, '2020-09-24 14:58:21', '2020-09-26 23:54:05'),
(164, '', 'DH01', '', '', '0.0000', '0.0000', '0.0000', '', '', '', '', '', '', '', 0, 0, 0, 'https://2.pik.vn/202020372231-7c61-4029-8f0c-27c688dbf443.jpg', '', 0, 26, 1, '0.0000', 1, '1030000.0000', 1, 0, 0, '0000-00-00', '200.00000000', 1, '0.00000000', '0.00000000', '0.00000000', 0, 1, 1, 0, 1, 2, 0, 1, NULL, 0, 1, '2020-09-24 14:58:21', '2020-09-26 23:48:14'),
(165, '', 'DH02', '', '', '0.0000', '0.0000', '0.0000', '', '', '', '', '', '', '', 0, 0, 0, 'https://2.pik.vn/2020fe0f10e1-1b03-449f-bb2b-0f06bbff57b6.jpg', '', 0, 26, 1, '0.0000', 1, '980000.0000', 1, 0, 0, '0000-00-00', '200.00000000', 1, '0.00000000', '0.00000000', '0.00000000', 0, 1, 1, 0, 1, 2, 0, 1, NULL, 0, 1, '2020-09-24 14:58:21', '2020-09-26 23:48:39'),
(166, '', 'DH03', '', '', '0.0000', '0.0000', '0.0000', '', '', '', '', '', '', '', 0, 0, 0, 'https://2.pik.vn/2020083bc701-16e2-41fa-b33c-05b38ea76914.jpg', '', 0, 26, 1, '0.0000', 1, '960000.0000', 1, 0, 0, '0000-00-00', '200.00000000', 1, '0.00000000', '0.00000000', '0.00000000', 0, 1, 1, 0, 1, 2, 0, 1, NULL, 0, 1, '2020-09-24 14:58:21', '2020-09-26 23:53:52'),
(167, '', 'DH04', '', '', '0.0000', '0.0000', '0.0000', '', '', '', '', '', '', '', 0, 0, 0, 'https://2.pik.vn/2020119688ea-fd0d-48b6-83a5-81bdb40e4a47.jpg', '', 0, 26, 1, '0.0000', 1, '1450000.0000', 1, 0, 0, '0000-00-00', '200.00000000', 1, '0.00000000', '0.00000000', '0.00000000', 0, 1, 1, 0, 1, 2, 0, 1, NULL, 0, 1, '2020-09-24 14:58:21', '2020-09-27 00:23:09'),
(168, '', 'DV01', '', '', '0.0000', '0.0000', '0.0000', '', '', '', '', '', '', '', 0, 0, 0, 'https://2.pik.vn/202022ece7c0-04c8-437c-8dd6-d0e84a498547.png', '', 0, 26, 1, '0.0000', 1, '850000.0000', 1, 0, 0, '0000-00-00', '170.00000000', 1, '0.00000000', '0.00000000', '0.00000000', 0, 1, 1, 0, 1, 2, 0, 1, NULL, 0, 1, '2020-09-24 14:58:22', '2020-09-26 23:29:30'),
(169, '', 'DV02', '', '', '0.0000', '0.0000', '0.0000', '', '', '', '', '', '', '', 0, 0, 0, 'https://2.pik.vn/202066a7b058-589d-4310-a24d-c6dd5bd9540e.jpg', '', 0, 26, 1, '0.0000', 1, '790000.0000', 1, 0, 0, '0000-00-00', '170.00000000', 1, '0.00000000', '0.00000000', '0.00000000', 0, 1, 1, 0, 1, 2, 0, 1, NULL, 0, 1, '2020-09-24 14:58:22', '2020-09-27 00:19:17'),
(170, '', 'DV03', '', '', '0.0000', '0.0000', '0.0000', '', '', '', '', '', '', '', 0, 0, 0, 'https://2.pik.vn/202018cf916f-64cf-4704-9372-1b593ee05500.jpg', '', 0, 26, 1, '920000.0000', 1, '950000.0000', 1, 0, 0, '0000-00-00', '170.00000000', 1, '0.00000000', '0.00000000', '0.00000000', 0, 1, 1, 0, 1, 2, 0, 1, NULL, 0, 1, '2020-09-24 14:58:22', '2020-09-26 23:02:40'),
(171, '', 'DV04', '', '', '0.0000', '0.0000', '0.0000', '', '', '', '', '', '', '', 0, 0, 0, 'https://2.pik.vn/20201abe56e8-2d93-4e56-8ac2-273f31b4d573.jpg', '', 0, 26, 1, '0.0000', 1, '857000.0000', 1, 0, 0, '0000-00-00', '170.00000000', 1, '0.00000000', '0.00000000', '0.00000000', 0, 1, 1, 0, 1, 2, 0, 1, NULL, 0, 1, '2020-09-24 14:58:22', '2020-09-27 00:23:41'),
(172, '', 'DD01', '', '', '0.0000', '0.0000', '0.0000', '', '', '', '', '', '', '', 0, 0, 0, 'https://2.pik.vn/202076f0ee86-596f-4797-b3db-300d32459f4d.jpg', '', 0, 26, 1, '0.0000', 1, '540000.0000', 1, 0, 0, '0000-00-00', '500.00000000', 1, '0.00000000', '0.00000000', '0.00000000', 0, 1, 1, 0, 1, 2, 0, 1, NULL, 0, 1, '2020-09-24 14:58:22', '2020-09-27 00:18:18'),
(173, '', 'DD02', '', '', '0.0000', '0.0000', '0.0000', '', '', '', '', '', '', '', 0, 0, 0, 'https://2.pik.vn/202006ef2980-a010-48f7-9397-86e1b15f6f02.jpg', '', 0, 26, 1, '0.0000', 1, '590000.0000', 1, 0, 0, '0000-00-00', '500.00000000', 1, '0.00000000', '0.00000000', '0.00000000', 0, 1, 1, 0, 1, 2, 0, 1, NULL, 0, 1, '2020-09-24 14:58:22', '2020-09-26 23:40:19'),
(174, '', 'DD03', '', '', '0.0000', '0.0000', '0.0000', '', '', '', '', '', '', '', 0, 0, 0, 'https://2.pik.vn/2020eed8d78d-152d-4735-9288-fe566e65ad69.jpg', '', 0, 26, 1, '0.0000', 1, '650000.0000', 1, 0, 0, '0000-00-00', '500.00000000', 1, '0.00000000', '0.00000000', '0.00000000', 0, 1, 1, 0, 1, 2, 0, 1, NULL, 0, 1, '2020-09-24 14:58:22', '2020-09-26 23:40:54'),
(175, '', 'DD04', '', '', '0.0000', '0.0000', '0.0000', '', '', '', '', '', '', '', 0, 0, 0, 'https://2.pik.vn/2020956c7453-4139-4192-8f4e-8a4cc648ce17.jpg', '', 0, 26, 1, '620000.0000', 1, '720000.0000', 1, 0, 0, '0000-00-00', '500.00000000', 1, '0.00000000', '0.00000000', '0.00000000', 0, 1, 1, 0, 1, 2, 0, 1, NULL, 0, 1, '2020-09-24 14:58:22', '2020-09-26 23:17:10'),
(176, '', 'H01', '', '', '0.0000', '0.0000', '0.0000', '', '', '', '', '', '', '', 0, 0, 0, 'https://2.pik.vn/202021a60fff-17f5-4ca7-ba46-a3628c7d20a2.jpg', '', 0, 26, 1, '0.0000', 1, '500000.0000', 1, 0, 0, '0000-00-00', '350.00000000', 1, '0.00000000', '0.00000000', '0.00000000', 0, 1, 1, 0, 1, 2, 0, 1, NULL, 0, 1, '2020-09-24 14:58:22', '2020-09-27 00:23:31'),
(177, '', 'H02', '', '', '0.0000', '0.0000', '0.0000', '', '', '', '', '', '', '', 0, 0, 0, 'https://2.pik.vn/2020174b8af9-123a-4f7e-8ba3-95c34c56adec.jpg', '', 0, 26, 1, '350000.0000', 1, '450000.0000', 1, 0, 0, '0000-00-00', '350.00000000', 1, '0.00000000', '0.00000000', '0.00000000', 0, 1, 1, 0, 1, 2, 0, 1, NULL, 0, 1, '2020-09-24 14:58:22', '2020-09-27 00:13:46'),
(178, '', 'H03', '', '', '0.0000', '0.0000', '0.0000', '', '', '', '', '', '', '', 0, 0, 0, 'https://2.pik.vn/202017e80b95-2e2f-424e-8de4-37889375c849.jpg', '', 0, 26, 1, '0.0000', 1, '320000.0000', 1, 0, 0, '0000-00-00', '350.00000000', 1, '0.00000000', '0.00000000', '0.00000000', 0, 1, 1, 0, 1, 2, 0, 1, NULL, 0, 1, '2020-09-24 14:58:22', '2020-09-27 00:18:54'),
(179, '', 'H04', '', '', '0.0000', '0.0000', '0.0000', '', '', '', '', '', '', '', 0, 0, 0, 'https://2.pik.vn/2020e5000ff9-f040-4491-9950-72233baa755d.jpg', '', 0, 26, 1, '0.0000', 1, '450000.0000', 1, 0, 0, '0000-00-00', '350.00000000', 1, '0.00000000', '0.00000000', '0.00000000', 0, 1, 1, 0, 1, 2, 0, 1, NULL, 0, 1, '2020-09-24 14:58:22', '2020-09-27 00:23:19'),
(180, '', 'H05', '', '', '0.0000', '0.0000', '0.0000', '', '', '', '', '', '', '', 0, 0, 0, 'https://2.pik.vn/2020c17075b1-dfd9-40fd-822c-0f80316b97d2.jpg', '', 0, 26, 1, '0.0000', 1, '620000.0000', 1, 0, 0, '0000-00-00', '350.00000000', 1, '0.00000000', '0.00000000', '0.00000000', 0, 1, 1, 0, 1, 2, 0, 1, NULL, 0, 1, '2020-09-24 14:58:22', '2020-09-26 23:16:38'),
(181, '', 'H06', '', '', '0.0000', '0.0000', '0.0000', '', '', '', '', '', '', '', 0, 0, 0, 'https://2.pik.vn/2020a1a20056-7c62-402f-b70a-29741415d4cb.jpg', '', 0, 26, 1, '0.0000', 1, '430000.0000', 1, 0, 0, '0000-00-00', '350.00000000', 1, '0.00000000', '0.00000000', '0.00000000', 0, 1, 1, 0, 1, 2, 0, 1, NULL, 0, 1, '2020-09-24 14:58:22', '2020-09-27 00:20:38'),
(182, '', 'H07', '', '', '0.0000', '0.0000', '0.0000', '', '', '', '', '', '', '', 0, 0, 0, 'https://2.pik.vn/202091590a77-05b4-448f-bb17-355a81dfe847.jpg', '', 0, 26, 1, '0.0000', 1, '320000.0000', 1, 0, 0, '0000-00-00', '350.00000000', 1, '0.00000000', '0.00000000', '0.00000000', 0, 1, 1, 0, 1, 2, 0, 1, NULL, 0, 1, '2020-09-24 14:58:22', '2020-09-26 23:01:04'),
(183, '', 'H08', '', '', '0.0000', '0.0000', '0.0000', '', '', '', '', '', '', '', 0, 0, 0, 'https://2.pik.vn/202017df7fb1-91f5-4e04-9d21-aa8b60bf9a10.jpg', '', 0, 26, 1, '0.0000', 1, '425000.0000', 1, 0, 0, '0000-00-00', '350.00000000', 1, '0.00000000', '0.00000000', '0.00000000', 0, 1, 1, 0, 1, 2, 0, 1, NULL, 0, 1, '2020-09-24 14:58:22', '2020-09-26 22:59:36');

-- restore soft-deleted products if demo
UPDATE `oc_product` SET `deleted` = NULL
WHERE `demo` = 1
  AND `product_id` IN (
   156,
   155,
   154,
   153,
   152,
   151,
   150,
   149,
   148,
   147,
   146,
   145,
   144,
   143,
   141,
   142,
   140,
   139,
   137,
   138,
   136,
   135,
   134,
   132,
   133,
   157,
   158,
   159,
   160,
   161,
   162,
   163,
   164,
   165,
   166,
   167,
   168,
   169,
   170,
   171,
   172,
   173,
   174,
   175,
   176,
   177,
   178,
   179,
   180,
   181,
   182,
   183
  );

-- oc_product_collection PRIMARY KEY (`product_collection_id`)
INSERT IGNORE INTO `oc_product_collection` (`product_collection_id`, `product_id`, `collection_id`, `sort_order`) VALUES
(358, 163, 10, 0),
(354, 162, 10, 0),
(355, 161, 10, 0),
(359, 160, 10, 0),
(371, 155, 9, 0),
(315, 154, 9, 0),
(327, 153, 9, 0),
(325, 152, 9, 0),
(319, 151, 9, 0),
(317, 150, 9, 0),
(321, 149, 9, 0),
(334, 148, 9, 0),
(357, 159, 10, 0),
(360, 158, 10, 0),
(343, 140, 11, 0),
(356, 157, 10, 0),
(361, 156, 10, 0),
(342, 141, 11, 0),
(350, 142, 11, 0),
(348, 143, 11, 0),
(352, 144, 11, 0),
(345, 145, 11, 0),
(351, 146, 11, 0),
(353, 147, 11, 0),
(335, 168, 12, 0),
(365, 169, 12, 0),
(330, 170, 12, 0),
(369, 171, 12, 0),
(347, 139, 14, 0),
(341, 138, 14, 0),
(339, 137, 14, 0),
(349, 136, 14, 0),
(340, 135, 14, 0),
(346, 134, 14, 0),
(344, 133, 14, 0),
(338, 132, 14, 0),
(363, 172, 15, 0),
(336, 173, 15, 0),
(337, 174, 15, 0),
(332, 175, 15, 0),
(368, 176, 16, 0),
(362, 177, 16, 0),
(364, 178, 16, 0),
(367, 179, 16, 0),
(331, 180, 16, 0),
(366, 181, 16, 0),
(329, 182, 16, 0),
(328, 183, 16, 0),
(333, 148, 17, 0),
(320, 149, 17, 0),
(316, 150, 17, 0),
(318, 151, 17, 0),
(324, 152, 17, 0),
(326, 153, 17, 0),
(314, 154, 17, 0),
(370, 155, 17, 0);

-- oc_product_description PRIMARY KEY (`product_id`,`language_id`)
INSERT IGNORE INTO `oc_product_description` (`product_id`, `language_id`, `name`, `description`, `sub_description`, `seo_title`, `seo_description`, `tag`, `meta_title`, `meta_description`, `meta_keyword`) VALUES
(154, 2, 'Tranh Đá Quý Phố Cổ 07', '&lt;p&gt; &lt;/p&gt;\r\n\r\n&lt;ul&gt;\r\n	&lt;li&gt;Tranh đá quý được làm từ các loại đá quý tự nhiên 100% lung linh nhiều màu sắc&lt;/li&gt;\r\n	&lt;li&gt;Không phai màu, độ bền lâu dài theo thời gian&lt;/li&gt;\r\n	&lt;li&gt;Không gây ô nhiễm và không độc hại cho sức khỏe con người&lt;/li&gt;\r\n&lt;/ul&gt;\r\n\r\n&lt;p&gt;Thông tin nguồn gốc:&lt;/p&gt;\r\n\r\n&lt;ul&gt;\r\n	&lt;li&gt;Đá thô feridot xanh ngọc từ Tây Nguyên&lt;/li&gt;\r\n	&lt;li&gt;Đá caxedon vàng nắng, vàng rơm, vàng hổ...&lt;/li&gt;\r\n	&lt;li&gt;Đá quý hồng ngọc ( ruby đỏ việt nam ) được khai thác từ chính những mỏ đá quý tại Nghệ An, Yên Bái, lòng hồ Thác Bà.&lt;/li&gt;\r\n	&lt;li&gt;Đá bán quý mã não đổ từ những tán lá cây đậm màu.&lt;/li&gt;\r\n	&lt;li&gt;Đá quý sapphire nghiền nhỏ để có màu nền trời xanh biếc in bóng xuống hồ nước cùng gam màu...&lt;/li&gt;\r\n&lt;/ul&gt;\r\n\r\n&lt;p&gt; &lt;/p&gt;', '&lt;p&gt;- Kích thước:&lt;/p&gt;\r\n\r\n&lt;p&gt;- Chất liệu:&lt;/p&gt;\r\n\r\n&lt;p&gt;- Xuất xứ:&lt;/p&gt;', '', '', '', '', '', ''),
(150, 2, 'Tranh Đá Quý Phố Cổ 03', '&lt;p&gt; &lt;/p&gt;\r\n\r\n&lt;ul&gt;\r\n	&lt;li&gt;Tranh đá quý được làm từ các loại đá quý tự nhiên 100% lung linh nhiều màu sắc&lt;/li&gt;\r\n	&lt;li&gt;Không phai màu, độ bền lâu dài theo thời gian&lt;/li&gt;\r\n	&lt;li&gt;Không gây ô nhiễm và không độc hại cho sức khỏe con người&lt;/li&gt;\r\n&lt;/ul&gt;\r\n\r\n&lt;p&gt;Thông tin nguồn gốc:&lt;/p&gt;\r\n\r\n&lt;ul&gt;\r\n	&lt;li&gt;Đá thô feridot xanh ngọc từ Tây Nguyên&lt;/li&gt;\r\n	&lt;li&gt;Đá caxedon vàng nắng, vàng rơm, vàng hổ...&lt;/li&gt;\r\n	&lt;li&gt;Đá quý hồng ngọc ( ruby đỏ việt nam ) được khai thác từ chính những mỏ đá quý tại Nghệ An, Yên Bái, lòng hồ Thác Bà.&lt;/li&gt;\r\n	&lt;li&gt;Đá bán quý mã não đổ từ những tán lá cây đậm màu.&lt;/li&gt;\r\n	&lt;li&gt;Đá quý sapphire nghiền nhỏ để có màu nền trời xanh biếc in bóng xuống hồ nước cùng gam màu...&lt;/li&gt;\r\n&lt;/ul&gt;\r\n\r\n&lt;p&gt; &lt;/p&gt;', '&lt;p&gt;- Kích thước:&lt;/p&gt;\r\n\r\n&lt;p&gt;- Chất liệu:&lt;/p&gt;\r\n\r\n&lt;p&gt;- Xuất xứ:&lt;/p&gt;', '', '', '', '', '', ''),
(151, 2, 'Tranh Đá Quý Phố Cổ 04', '&lt;p&gt; &lt;/p&gt;\r\n\r\n&lt;ul&gt;\r\n	&lt;li&gt;Tranh đá quý được làm từ các loại đá quý tự nhiên 100% lung linh nhiều màu sắc&lt;/li&gt;\r\n	&lt;li&gt;Không phai màu, độ bền lâu dài theo thời gian&lt;/li&gt;\r\n	&lt;li&gt;Không gây ô nhiễm và không độc hại cho sức khỏe con người&lt;/li&gt;\r\n&lt;/ul&gt;\r\n\r\n&lt;p&gt;Thông tin nguồn gốc:&lt;/p&gt;\r\n\r\n&lt;ul&gt;\r\n	&lt;li&gt;Đá thô feridot xanh ngọc từ Tây Nguyên&lt;/li&gt;\r\n	&lt;li&gt;Đá caxedon vàng nắng, vàng rơm, vàng hổ...&lt;/li&gt;\r\n	&lt;li&gt;Đá quý hồng ngọc ( ruby đỏ việt nam ) được khai thác từ chính những mỏ đá quý tại Nghệ An, Yên Bái, lòng hồ Thác Bà.&lt;/li&gt;\r\n	&lt;li&gt;Đá bán quý mã não đổ từ những tán lá cây đậm màu.&lt;/li&gt;\r\n	&lt;li&gt;Đá quý sapphire nghiền nhỏ để có màu nền trời xanh biếc in bóng xuống hồ nước cùng gam màu...&lt;/li&gt;\r\n&lt;/ul&gt;\r\n\r\n&lt;p&gt; &lt;/p&gt;', '&lt;p&gt;- Kích thước:&lt;/p&gt;\r\n\r\n&lt;p&gt;- Chất liệu:&lt;/p&gt;\r\n\r\n&lt;p&gt;- Xuất xứ:&lt;/p&gt;', '', '', '', '', '', ''),
(149, 2, 'Tranh Đá Quý Phố Cổ 02', '&lt;p&gt; &lt;/p&gt;\r\n\r\n&lt;ul&gt;\r\n	&lt;li&gt;Tranh đá quý được làm từ các loại đá quý tự nhiên 100% lung linh nhiều màu sắc&lt;/li&gt;\r\n	&lt;li&gt;Không phai màu, độ bền lâu dài theo thời gian&lt;/li&gt;\r\n	&lt;li&gt;Không gây ô nhiễm và không độc hại cho sức khỏe con người&lt;/li&gt;\r\n&lt;/ul&gt;\r\n\r\n&lt;p&gt;Thông tin nguồn gốc:&lt;/p&gt;\r\n\r\n&lt;ul&gt;\r\n	&lt;li&gt;Đá thô feridot xanh ngọc từ Tây Nguyên&lt;/li&gt;\r\n	&lt;li&gt;Đá caxedon vàng nắng, vàng rơm, vàng hổ...&lt;/li&gt;\r\n	&lt;li&gt;Đá quý hồng ngọc ( ruby đỏ việt nam ) được khai thác từ chính những mỏ đá quý tại Nghệ An, Yên Bái, lòng hồ Thác Bà.&lt;/li&gt;\r\n	&lt;li&gt;Đá bán quý mã não đổ từ những tán lá cây đậm màu.&lt;/li&gt;\r\n	&lt;li&gt;Đá quý sapphire nghiền nhỏ để có màu nền trời xanh biếc in bóng xuống hồ nước cùng gam màu...&lt;/li&gt;\r\n&lt;/ul&gt;\r\n\r\n&lt;p&gt; &lt;/p&gt;', '&lt;p&gt;- Kích thước:&lt;/p&gt;\r\n\r\n&lt;p&gt;- Chất liệu:&lt;/p&gt;\r\n\r\n&lt;p&gt;- Xuất xứ:&lt;/p&gt;', '', '', '', '', '', ''),
(152, 2, 'Tranh Đá Quý Phố Cổ 05', '&lt;p&gt; &lt;/p&gt;\r\n\r\n&lt;ul&gt;\r\n	&lt;li&gt;Tranh đá quý được làm từ các loại đá quý tự nhiên 100% lung linh nhiều màu sắc&lt;/li&gt;\r\n	&lt;li&gt;Không phai màu, độ bền lâu dài theo thời gian&lt;/li&gt;\r\n	&lt;li&gt;Không gây ô nhiễm và không độc hại cho sức khỏe con người&lt;/li&gt;\r\n&lt;/ul&gt;\r\n\r\n&lt;p&gt;Thông tin nguồn gốc:&lt;/p&gt;\r\n\r\n&lt;ul&gt;\r\n	&lt;li&gt;Đá thô feridot xanh ngọc từ Tây Nguyên&lt;/li&gt;\r\n	&lt;li&gt;Đá caxedon vàng nắng, vàng rơm, vàng hổ...&lt;/li&gt;\r\n	&lt;li&gt;Đá quý hồng ngọc ( ruby đỏ việt nam ) được khai thác từ chính những mỏ đá quý tại Nghệ An, Yên Bái, lòng hồ Thác Bà.&lt;/li&gt;\r\n	&lt;li&gt;Đá bán quý mã não đổ từ những tán lá cây đậm màu.&lt;/li&gt;\r\n	&lt;li&gt;Đá quý sapphire nghiền nhỏ để có màu nền trời xanh biếc in bóng xuống hồ nước cùng gam màu...&lt;/li&gt;\r\n&lt;/ul&gt;\r\n\r\n&lt;p&gt; &lt;/p&gt;', '&lt;p&gt;- Kích thước:&lt;/p&gt;\r\n\r\n&lt;p&gt;- Chất liệu:&lt;/p&gt;\r\n\r\n&lt;p&gt;- Xuất xứ:&lt;/p&gt;', '', '', '', '', '', ''),
(153, 2, 'Tranh Đá Quý Phố Cổ 06', '&lt;p&gt; &lt;/p&gt;\r\n\r\n&lt;ul&gt;\r\n	&lt;li&gt;Tranh đá quý được làm từ các loại đá quý tự nhiên 100% lung linh nhiều màu sắc&lt;/li&gt;\r\n	&lt;li&gt;Không phai màu, độ bền lâu dài theo thời gian&lt;/li&gt;\r\n	&lt;li&gt;Không gây ô nhiễm và không độc hại cho sức khỏe con người&lt;/li&gt;\r\n&lt;/ul&gt;\r\n\r\n&lt;p&gt;Thông tin nguồn gốc:&lt;/p&gt;\r\n\r\n&lt;ul&gt;\r\n	&lt;li&gt;Đá thô feridot xanh ngọc từ Tây Nguyên&lt;/li&gt;\r\n	&lt;li&gt;Đá caxedon vàng nắng, vàng rơm, vàng hổ...&lt;/li&gt;\r\n	&lt;li&gt;Đá quý hồng ngọc ( ruby đỏ việt nam ) được khai thác từ chính những mỏ đá quý tại Nghệ An, Yên Bái, lòng hồ Thác Bà.&lt;/li&gt;\r\n	&lt;li&gt;Đá bán quý mã não đổ từ những tán lá cây đậm màu.&lt;/li&gt;\r\n	&lt;li&gt;Đá quý sapphire nghiền nhỏ để có màu nền trời xanh biếc in bóng xuống hồ nước cùng gam màu...&lt;/li&gt;\r\n&lt;/ul&gt;\r\n\r\n&lt;p&gt; &lt;/p&gt;', '&lt;p&gt;- Kích thước:&lt;/p&gt;\r\n\r\n&lt;p&gt;- Chất liệu:&lt;/p&gt;\r\n\r\n&lt;p&gt;- Xuất xứ:&lt;/p&gt;', '', '', '', '', '', ''),
(183, 2, 'Tranh Đính Đá Hoa 08', '&lt;ul&gt;\r\n	&lt;li&gt;Tranh đá quý được làm từ các loại đá quý tự nhiên 100% lung linh nhiều màu sắc&lt;/li&gt;\r\n	&lt;li&gt;Không phai màu, độ bền lâu dài theo thời gian&lt;/li&gt;\r\n	&lt;li&gt;Không gây ô nhiễm và không độc hại cho sức khỏe con người&lt;/li&gt;\r\n&lt;/ul&gt;\r\n\r\n&lt;p&gt;Thông tin nguồn gốc:&lt;/p&gt;\r\n\r\n&lt;ul&gt;\r\n	&lt;li&gt;Đá thô feridot xanh ngọc từ Tây Nguyên&lt;/li&gt;\r\n	&lt;li&gt;Đá caxedon vàng nắng, vàng rơm, vàng hổ...&lt;/li&gt;\r\n	&lt;li&gt;Đá quý hồng ngọc ( ruby đỏ việt nam ) được khai thác từ chính những mỏ đá quý tại Nghệ An, Yên Bái, lòng hồ Thác Bà.&lt;/li&gt;\r\n	&lt;li&gt;Đá bán quý mã não đổ từ những tán lá cây đậm màu.&lt;/li&gt;\r\n	&lt;li&gt;Đá quý sapphire nghiền nhỏ để có màu nền trời xanh biếc in bóng xuống hồ nước cùng gam màu...&lt;/li&gt;\r\n&lt;/ul&gt;', '&lt;p&gt;- Kích thước:&lt;/p&gt;\r\n\r\n&lt;p&gt;- Chất liệu:&lt;/p&gt;\r\n\r\n&lt;p&gt;- Xuất xứ:&lt;/p&gt;', '', '', '', '', '', ''),
(182, 2, 'Tranh Đính Đá Hoa 07', '&lt;ul&gt;\r\n	&lt;li&gt;Tranh đá quý được làm từ các loại đá quý tự nhiên 100% lung linh nhiều màu sắc&lt;/li&gt;\r\n	&lt;li&gt;Không phai màu, độ bền lâu dài theo thời gian&lt;/li&gt;\r\n	&lt;li&gt;Không gây ô nhiễm và không độc hại cho sức khỏe con người&lt;/li&gt;\r\n&lt;/ul&gt;\r\n\r\n&lt;p&gt;Thông tin nguồn gốc:&lt;/p&gt;\r\n\r\n&lt;ul&gt;\r\n	&lt;li&gt;Đá thô feridot xanh ngọc từ Tây Nguyên&lt;/li&gt;\r\n	&lt;li&gt;Đá caxedon vàng nắng, vàng rơm, vàng hổ...&lt;/li&gt;\r\n	&lt;li&gt;Đá quý hồng ngọc ( ruby đỏ việt nam ) được khai thác từ chính những mỏ đá quý tại Nghệ An, Yên Bái, lòng hồ Thác Bà.&lt;/li&gt;\r\n	&lt;li&gt;Đá bán quý mã não đổ từ những tán lá cây đậm màu.&lt;/li&gt;\r\n	&lt;li&gt;Đá quý sapphire nghiền nhỏ để có màu nền trời xanh biếc in bóng xuống hồ nước cùng gam màu...&lt;/li&gt;\r\n&lt;/ul&gt;', '&lt;p&gt;- Kích thước:&lt;/p&gt;\r\n\r\n&lt;p&gt;- Chất liệu:&lt;/p&gt;\r\n\r\n&lt;p&gt;- Xuất xứ:&lt;/p&gt;\r\n\r\n&lt;p&gt;- Kích thước:&lt;/p&gt;\r\n\r\n&lt;p&gt;- Chất liệu:&lt;/p&gt;\r\n\r\n&lt;p&gt;- Xuất xứ:&lt;/p&gt;\r\n\r\n&lt;p&gt;- Kích thước:&lt;/p&gt;\r\n\r\n&lt;p&gt;- Chất liệu:&lt;/p&gt;\r\n\r\n&lt;p&gt;- Xuất xứ:&lt;/p&gt;', '', '', '', '', '', ''),
(170, 2, 'Tranh Đá Quý Động Vật 03', '&lt;p&gt; &lt;/p&gt;\r\n\r\n&lt;ul&gt;\r\n	&lt;li&gt;Tranh đá quý được làm từ các loại đá quý tự nhiên 100% lung linh nhiều màu sắc&lt;/li&gt;\r\n	&lt;li&gt;Không phai màu, độ bền lâu dài theo thời gian&lt;/li&gt;\r\n	&lt;li&gt;Không gây ô nhiễm và không độc hại cho sức khỏe con người&lt;/li&gt;\r\n&lt;/ul&gt;\r\n\r\n&lt;p&gt;Thông tin nguồn gốc:&lt;/p&gt;\r\n\r\n&lt;ul&gt;\r\n	&lt;li&gt;Đá thô feridot xanh ngọc từ Tây Nguyên&lt;/li&gt;\r\n	&lt;li&gt;Đá caxedon vàng nắng, vàng rơm, vàng hổ...&lt;/li&gt;\r\n	&lt;li&gt;Đá quý hồng ngọc ( ruby đỏ việt nam ) được khai thác từ chính những mỏ đá quý tại Nghệ An, Yên Bái, lòng hồ Thác Bà.&lt;/li&gt;\r\n	&lt;li&gt;Đá bán quý mã não đổ từ những tán lá cây đậm màu.&lt;/li&gt;\r\n	&lt;li&gt;Đá quý sapphire nghiền nhỏ để có màu nền trời xanh biếc in bóng xuống hồ nước cùng gam màu...&lt;/li&gt;\r\n&lt;/ul&gt;', '&lt;p&gt;- Kích thước:&lt;/p&gt;\r\n\r\n&lt;p&gt;- Chất liệu:&lt;/p&gt;\r\n\r\n&lt;p&gt;- Xuất xứ:&lt;/p&gt;', '', '', '', '', '', ''),
(180, 2, 'Tranh Đính Đá Hoa 05', '&lt;ul&gt;\r\n	&lt;li&gt;Tranh đá quý được làm từ các loại đá quý tự nhiên 100% lung linh nhiều màu sắc&lt;/li&gt;\r\n	&lt;li&gt;Không phai màu, độ bền lâu dài theo thời gian&lt;/li&gt;\r\n	&lt;li&gt;Không gây ô nhiễm và không độc hại cho sức khỏe con người&lt;/li&gt;\r\n&lt;/ul&gt;\r\n\r\n&lt;p&gt;Thông tin nguồn gốc:&lt;/p&gt;\r\n\r\n&lt;ul&gt;\r\n	&lt;li&gt;Đá thô feridot xanh ngọc từ Tây Nguyên&lt;/li&gt;\r\n	&lt;li&gt;Đá caxedon vàng nắng, vàng rơm, vàng hổ...&lt;/li&gt;\r\n	&lt;li&gt;Đá quý hồng ngọc ( ruby đỏ việt nam ) được khai thác từ chính những mỏ đá quý tại Nghệ An, Yên Bái, lòng hồ Thác Bà.&lt;/li&gt;\r\n	&lt;li&gt;Đá bán quý mã não đổ từ những tán lá cây đậm màu.&lt;/li&gt;\r\n	&lt;li&gt;Đá quý sapphire nghiền nhỏ để có màu nền trời xanh biếc in bóng xuống hồ nước cùng gam màu...&lt;/li&gt;\r\n&lt;/ul&gt;', '&lt;p&gt;- Kích thước:&lt;/p&gt;\r\n\r\n&lt;p&gt;- Chất liệu:&lt;/p&gt;\r\n\r\n&lt;p&gt;- Xuất xứ:&lt;/p&gt;', '', '', '', '', '', ''),
(175, 2, 'Tranh Đính Đá Đồng Hồ 04', '&lt;ul&gt;\r\n	&lt;li&gt;Tranh đá quý được làm từ các loại đá quý tự nhiên 100% lung linh nhiều màu sắc&lt;/li&gt;\r\n	&lt;li&gt;Không phai màu, độ bền lâu dài theo thời gian&lt;/li&gt;\r\n	&lt;li&gt;Không gây ô nhiễm và không độc hại cho sức khỏe con người&lt;/li&gt;\r\n&lt;/ul&gt;\r\n\r\n&lt;p&gt;Thông tin nguồn gốc:&lt;/p&gt;\r\n\r\n&lt;ul&gt;\r\n	&lt;li&gt;Đá thô feridot xanh ngọc từ Tây Nguyên&lt;/li&gt;\r\n	&lt;li&gt;Đá caxedon vàng nắng, vàng rơm, vàng hổ...&lt;/li&gt;\r\n	&lt;li&gt;Đá quý hồng ngọc ( ruby đỏ việt nam ) được khai thác từ chính những mỏ đá quý tại Nghệ An, Yên Bái, lòng hồ Thác Bà.&lt;/li&gt;\r\n	&lt;li&gt;Đá bán quý mã não đổ từ những tán lá cây đậm màu.&lt;/li&gt;\r\n	&lt;li&gt;Đá quý sapphire nghiền nhỏ để có màu nền trời xanh biếc in bóng xuống hồ nước cùng gam màu...&lt;/li&gt;\r\n&lt;/ul&gt;\r\n\r\n&lt;p&gt; &lt;/p&gt;', '&lt;p&gt;- Kích thước:&lt;/p&gt;\r\n\r\n&lt;p&gt;- Chất liệu:&lt;/p&gt;\r\n\r\n&lt;p&gt;- Xuất xứ:&lt;/p&gt;', '', '', '', '', '', ''),
(168, 2, 'Tranh Đá Quý Động Vật 01', '&lt;ul&gt;\r\n	&lt;li&gt;Tranh đá quý được làm từ các loại đá quý tự nhiên 100% lung linh nhiều màu sắc&lt;/li&gt;\r\n	&lt;li&gt;Không phai màu, độ bền lâu dài theo thời gian&lt;/li&gt;\r\n	&lt;li&gt;Không gây ô nhiễm và không độc hại cho sức khỏe con người&lt;/li&gt;\r\n&lt;/ul&gt;\r\n\r\n&lt;p&gt;Thông tin nguồn gốc:&lt;/p&gt;\r\n\r\n&lt;ul&gt;\r\n	&lt;li&gt;Đá thô feridot xanh ngọc từ Tây Nguyên&lt;/li&gt;\r\n	&lt;li&gt;Đá caxedon vàng nắng, vàng rơm, vàng hổ...&lt;/li&gt;\r\n	&lt;li&gt;Đá quý hồng ngọc ( ruby đỏ việt nam ) được khai thác từ chính những mỏ đá quý tại Nghệ An, Yên Bái, lòng hồ Thác Bà.&lt;/li&gt;\r\n	&lt;li&gt;Đá bán quý mã não đổ từ những tán lá cây đậm màu.&lt;/li&gt;\r\n	&lt;li&gt;Đá quý sapphire nghiền nhỏ để có màu nền trời xanh biếc in bóng xuống hồ nước cùng gam màu...&lt;/li&gt;\r\n&lt;/ul&gt;', '&lt;p&gt;- Kích thước:&lt;/p&gt;\r\n\r\n&lt;p&gt;- Chất liệu:&lt;/p&gt;\r\n\r\n&lt;p&gt;- Xuất xứ:&lt;/p&gt;', '', '', '', '', '', ''),
(173, 2, 'Tranh Đính Đá Đồng Hồ 02', '&lt;ul&gt;\r\n	&lt;li&gt;Tranh đá quý được làm từ các loại đá quý tự nhiên 100% lung linh nhiều màu sắc&lt;/li&gt;\r\n	&lt;li&gt;Không phai màu, độ bền lâu dài theo thời gian&lt;/li&gt;\r\n	&lt;li&gt;Không gây ô nhiễm và không độc hại cho sức khỏe con người&lt;/li&gt;\r\n&lt;/ul&gt;\r\n\r\n&lt;p&gt;Thông tin nguồn gốc:&lt;/p&gt;\r\n\r\n&lt;ul&gt;\r\n	&lt;li&gt;Đá thô feridot xanh ngọc từ Tây Nguyên&lt;/li&gt;\r\n	&lt;li&gt;Đá caxedon vàng nắng, vàng rơm, vàng hổ...&lt;/li&gt;\r\n	&lt;li&gt;Đá quý hồng ngọc ( ruby đỏ việt nam ) được khai thác từ chính những mỏ đá quý tại Nghệ An, Yên Bái, lòng hồ Thác Bà.&lt;/li&gt;\r\n	&lt;li&gt;Đá bán quý mã não đổ từ những tán lá cây đậm màu.&lt;/li&gt;\r\n	&lt;li&gt;Đá quý sapphire nghiền nhỏ để có màu nền trời xanh biếc in bóng xuống hồ nước cùng gam màu...&lt;/li&gt;\r\n&lt;/ul&gt;', '&lt;p&gt;- Kích thước:&lt;/p&gt;\r\n\r\n&lt;p&gt;- Chất liệu:&lt;/p&gt;\r\n\r\n&lt;p&gt;- Xuất xứ:&lt;/p&gt;', '', '', '', '', '', ''),
(174, 2, 'Tranh Đính Đá Đồng Hồ 03', '&lt;ul&gt;\r\n	&lt;li&gt;Tranh đá quý được làm từ các loại đá quý tự nhiên 100% lung linh nhiều màu sắc&lt;/li&gt;\r\n	&lt;li&gt;Không phai màu, độ bền lâu dài theo thời gian&lt;/li&gt;\r\n	&lt;li&gt;Không gây ô nhiễm và không độc hại cho sức khỏe con người&lt;/li&gt;\r\n&lt;/ul&gt;\r\n\r\n&lt;p&gt;Thông tin nguồn gốc:&lt;/p&gt;\r\n\r\n&lt;ul&gt;\r\n	&lt;li&gt;Đá thô feridot xanh ngọc từ Tây Nguyên&lt;/li&gt;\r\n	&lt;li&gt;Đá caxedon vàng nắng, vàng rơm, vàng hổ...&lt;/li&gt;\r\n	&lt;li&gt;Đá quý hồng ngọc ( ruby đỏ việt nam ) được khai thác từ chính những mỏ đá quý tại Nghệ An, Yên Bái, lòng hồ Thác Bà.&lt;/li&gt;\r\n	&lt;li&gt;Đá bán quý mã não đổ từ những tán lá cây đậm màu.&lt;/li&gt;\r\n	&lt;li&gt;Đá quý sapphire nghiền nhỏ để có màu nền trời xanh biếc in bóng xuống hồ nước cùng gam màu...&lt;/li&gt;\r\n&lt;/ul&gt;', '&lt;p&gt;- Kích thước:&lt;/p&gt;\r\n\r\n&lt;p&gt;- Chất liệu:&lt;/p&gt;\r\n\r\n&lt;p&gt;- Xuất xứ:&lt;/p&gt;', '', '', '', '', '', ''),
(132, 2, 'Tranh Đá Tứ Quý 01', '&lt;ul&gt;\r\n	&lt;li&gt;Tranh đá quý được làm từ các loại đá quý tự nhiên 100% lung linh nhiều màu sắc&lt;/li&gt;\r\n	&lt;li&gt;Không phai màu, độ bền lâu dài theo thời gian&lt;/li&gt;\r\n	&lt;li&gt;Không gây ô nhiễm và không độc hại cho sức khỏe con người&lt;/li&gt;\r\n&lt;/ul&gt;\r\n\r\n&lt;p&gt;Thông tin nguồn gốc:&lt;/p&gt;\r\n\r\n&lt;ul&gt;\r\n	&lt;li&gt;Đá thô feridot xanh ngọc từ Tây Nguyên&lt;/li&gt;\r\n	&lt;li&gt;Đá caxedon vàng nắng, vàng rơm, vàng hổ...&lt;/li&gt;\r\n	&lt;li&gt;Đá quý hồng ngọc ( ruby đỏ việt nam ) được khai thác từ chính những mỏ đá quý tại Nghệ An, Yên Bái, lòng hồ Thác Bà.&lt;/li&gt;\r\n	&lt;li&gt;Đá bán quý mã não đổ từ những tán lá cây đậm màu.&lt;/li&gt;\r\n	&lt;li&gt;Đá quý sapphire nghiền nhỏ để có màu nền trời xanh biếc in bóng xuống hồ nước cùng gam màu...&lt;/li&gt;\r\n&lt;/ul&gt;', '&lt;p&gt;- Kích thước:&lt;/p&gt;\r\n\r\n&lt;p&gt;- Chất liệu:&lt;/p&gt;\r\n\r\n&lt;p&gt;- Xuất xứ:&lt;/p&gt;', '', '', '', '', '', ''),
(137, 2, 'Tranh Đá Tứ Quý 06', '&lt;ul&gt;\r\n	&lt;li&gt;Tranh đá quý được làm từ các loại đá quý tự nhiên 100% lung linh nhiều màu sắc&lt;/li&gt;\r\n	&lt;li&gt;Không phai màu, độ bền lâu dài theo thời gian&lt;/li&gt;\r\n	&lt;li&gt;Không gây ô nhiễm và không độc hại cho sức khỏe con người&lt;/li&gt;\r\n&lt;/ul&gt;\r\n\r\n&lt;p&gt;Thông tin nguồn gốc:&lt;/p&gt;\r\n\r\n&lt;ul&gt;\r\n	&lt;li&gt;Đá thô feridot xanh ngọc từ Tây Nguyên&lt;/li&gt;\r\n	&lt;li&gt;Đá caxedon vàng nắng, vàng rơm, vàng hổ...&lt;/li&gt;\r\n	&lt;li&gt;Đá quý hồng ngọc ( ruby đỏ việt nam ) được khai thác từ chính những mỏ đá quý tại Nghệ An, Yên Bái, lòng hồ Thác Bà.&lt;/li&gt;\r\n	&lt;li&gt;Đá bán quý mã não đổ từ những tán lá cây đậm màu.&lt;/li&gt;\r\n	&lt;li&gt;Đá quý sapphire nghiền nhỏ để có màu nền trời xanh biếc in bóng xuống hồ nước cùng gam màu...&lt;/li&gt;\r\n&lt;/ul&gt;', '&lt;p&gt;- Kích thước:&lt;/p&gt;\r\n\r\n&lt;p&gt;- Chất liệu:&lt;/p&gt;\r\n\r\n&lt;p&gt;- Xuất xứ:&lt;/p&gt;', '', '', '', '', '', ''),
(135, 2, 'Tranh Đá Tứ Quý 04', '&lt;ul&gt;\r\n	&lt;li&gt;Tranh đá quý được làm từ các loại đá quý tự nhiên 100% lung linh nhiều màu sắc&lt;/li&gt;\r\n	&lt;li&gt;Không phai màu, độ bền lâu dài theo thời gian&lt;/li&gt;\r\n	&lt;li&gt;Không gây ô nhiễm và không độc hại cho sức khỏe con người&lt;/li&gt;\r\n&lt;/ul&gt;\r\n\r\n&lt;p&gt;Thông tin nguồn gốc:&lt;/p&gt;\r\n\r\n&lt;ul&gt;\r\n	&lt;li&gt;Đá thô feridot xanh ngọc từ Tây Nguyên&lt;/li&gt;\r\n	&lt;li&gt;Đá caxedon vàng nắng, vàng rơm, vàng hổ...&lt;/li&gt;\r\n	&lt;li&gt;Đá quý hồng ngọc ( ruby đỏ việt nam ) được khai thác từ chính những mỏ đá quý tại Nghệ An, Yên Bái, lòng hồ Thác Bà.&lt;/li&gt;\r\n	&lt;li&gt;Đá bán quý mã não đổ từ những tán lá cây đậm màu.&lt;/li&gt;\r\n	&lt;li&gt;Đá quý sapphire nghiền nhỏ để có màu nền trời xanh biếc in bóng xuống hồ nước cùng gam màu...&lt;/li&gt;\r\n&lt;/ul&gt;', '&lt;p&gt;- Kích thước:&lt;/p&gt;\r\n\r\n&lt;p&gt;- Chất liệu:&lt;/p&gt;\r\n\r\n&lt;p&gt;- Xuất xứ:&lt;/p&gt;', '', '', '', '', '', ''),
(138, 2, 'Tranh Đá Tứ Quý 07', '&lt;ul&gt;\r\n	&lt;li&gt;Tranh đá quý được làm từ các loại đá quý tự nhiên 100% lung linh nhiều màu sắc&lt;/li&gt;\r\n	&lt;li&gt;Không phai màu, độ bền lâu dài theo thời gian&lt;/li&gt;\r\n	&lt;li&gt;Không gây ô nhiễm và không độc hại cho sức khỏe con người&lt;/li&gt;\r\n&lt;/ul&gt;\r\n\r\n&lt;p&gt;Thông tin nguồn gốc:&lt;/p&gt;\r\n\r\n&lt;ul&gt;\r\n	&lt;li&gt;Đá thô feridot xanh ngọc từ Tây Nguyên&lt;/li&gt;\r\n	&lt;li&gt;Đá caxedon vàng nắng, vàng rơm, vàng hổ...&lt;/li&gt;\r\n	&lt;li&gt;Đá quý hồng ngọc ( ruby đỏ việt nam ) được khai thác từ chính những mỏ đá quý tại Nghệ An, Yên Bái, lòng hồ Thác Bà.&lt;/li&gt;\r\n	&lt;li&gt;Đá bán quý mã não đổ từ những tán lá cây đậm màu.&lt;/li&gt;\r\n	&lt;li&gt;Đá quý sapphire nghiền nhỏ để có màu nền trời xanh biếc in bóng xuống hồ nước cùng gam màu...&lt;/li&gt;\r\n&lt;/ul&gt;', '&lt;p&gt;- Kích thước:&lt;/p&gt;\r\n\r\n&lt;p&gt;- Chất liệu:&lt;/p&gt;\r\n\r\n&lt;p&gt;- Xuất xứ:&lt;/p&gt;', '', '', '', '', '', ''),
(141, 2, 'Tranh Đá Quý Thác Nước 02', '&lt;ul&gt;\r\n	&lt;li&gt;Tranh đá quý được làm từ các loại đá quý tự nhiên 100% lung linh nhiều màu sắc&lt;/li&gt;\r\n	&lt;li&gt;Không phai màu, độ bền lâu dài theo thời gian&lt;/li&gt;\r\n	&lt;li&gt;Không gây ô nhiễm và không độc hại cho sức khỏe con người&lt;/li&gt;\r\n&lt;/ul&gt;\r\n\r\n&lt;p&gt;Thông tin nguồn gốc:&lt;/p&gt;\r\n\r\n&lt;ul&gt;\r\n	&lt;li&gt;Đá thô feridot xanh ngọc từ Tây Nguyên&lt;/li&gt;\r\n	&lt;li&gt;Đá caxedon vàng nắng, vàng rơm, vàng hổ...&lt;/li&gt;\r\n	&lt;li&gt;Đá quý hồng ngọc ( ruby đỏ việt nam ) được khai thác từ chính những mỏ đá quý tại Nghệ An, Yên Bái, lòng hồ Thác Bà.&lt;/li&gt;\r\n	&lt;li&gt;Đá bán quý mã não đổ từ những tán lá cây đậm màu.&lt;/li&gt;\r\n	&lt;li&gt;Đá quý sapphire nghiền nhỏ để có màu nền trời xanh biếc in bóng xuống hồ nước cùng gam màu...&lt;/li&gt;\r\n&lt;/ul&gt;', '&lt;p&gt;- Kích thước:&lt;/p&gt;\r\n\r\n&lt;p&gt;- Chất liệu:&lt;/p&gt;\r\n\r\n&lt;p&gt;- Xuất xứ:&lt;/p&gt;', '', '', '', '', '', ''),
(140, 2, 'Tranh Đá Quý Thác Nước 01', '&lt;ul&gt;\r\n	&lt;li&gt;Tranh đá quý được làm từ các loại đá quý tự nhiên 100% lung linh nhiều màu sắc&lt;/li&gt;\r\n	&lt;li&gt;Không phai màu, độ bền lâu dài theo thời gian&lt;/li&gt;\r\n	&lt;li&gt;Không gây ô nhiễm và không độc hại cho sức khỏe con người&lt;/li&gt;\r\n&lt;/ul&gt;\r\n\r\n&lt;p&gt;Thông tin nguồn gốc:&lt;/p&gt;\r\n\r\n&lt;ul&gt;\r\n	&lt;li&gt;Đá thô feridot xanh ngọc từ Tây Nguyên&lt;/li&gt;\r\n	&lt;li&gt;Đá caxedon vàng nắng, vàng rơm, vàng hổ...&lt;/li&gt;\r\n	&lt;li&gt;Đá quý hồng ngọc ( ruby đỏ việt nam ) được khai thác từ chính những mỏ đá quý tại Nghệ An, Yên Bái, lòng hồ Thác Bà.&lt;/li&gt;\r\n	&lt;li&gt;Đá bán quý mã não đổ từ những tán lá cây đậm màu.&lt;/li&gt;\r\n	&lt;li&gt;Đá quý sapphire nghiền nhỏ để có màu nền trời xanh biếc in bóng xuống hồ nước cùng gam màu...&lt;/li&gt;\r\n&lt;/ul&gt;', '&lt;p&gt;- Kích thước:&lt;/p&gt;\r\n\r\n&lt;p&gt;- Chất liệu:&lt;/p&gt;\r\n\r\n&lt;p&gt;- Xuất xứ:&lt;/p&gt;', '', '', '', '', '', ''),
(133, 2, 'Tranh Đá Tứ Quý 02', '&lt;ul&gt;\r\n	&lt;li&gt;Tranh đá quý được làm từ các loại đá quý tự nhiên 100% lung linh nhiều màu sắc&lt;/li&gt;\r\n	&lt;li&gt;Không phai màu, độ bền lâu dài theo thời gian&lt;/li&gt;\r\n	&lt;li&gt;Không gây ô nhiễm và không độc hại cho sức khỏe con người&lt;/li&gt;\r\n&lt;/ul&gt;\r\n\r\n&lt;p&gt;Thông tin nguồn gốc:&lt;/p&gt;\r\n\r\n&lt;ul&gt;\r\n	&lt;li&gt;Đá thô feridot xanh ngọc từ Tây Nguyên&lt;/li&gt;\r\n	&lt;li&gt;Đá caxedon vàng nắng, vàng rơm, vàng hổ...&lt;/li&gt;\r\n	&lt;li&gt;Đá quý hồng ngọc ( ruby đỏ việt nam ) được khai thác từ chính những mỏ đá quý tại Nghệ An, Yên Bái, lòng hồ Thác Bà.&lt;/li&gt;\r\n	&lt;li&gt;Đá bán quý mã não đổ từ những tán lá cây đậm màu.&lt;/li&gt;\r\n	&lt;li&gt;Đá quý sapphire nghiền nhỏ để có màu nền trời xanh biếc in bóng xuống hồ nước cùng gam màu...&lt;/li&gt;\r\n&lt;/ul&gt;', '&lt;p&gt;- Kích thước:&lt;/p&gt;\r\n\r\n&lt;p&gt;- Chất liệu:&lt;/p&gt;\r\n\r\n&lt;p&gt;- Xuất xứ:&lt;/p&gt;', '', '', '', '', '', ''),
(145, 2, 'Tranh Đá Quý Thác Nước 06', '&lt;ul&gt;\r\n	&lt;li&gt;Tranh đá quý được làm từ các loại đá quý tự nhiên 100% lung linh nhiều màu sắc&lt;/li&gt;\r\n	&lt;li&gt;Không phai màu, độ bền lâu dài theo thời gian&lt;/li&gt;\r\n	&lt;li&gt;Không gây ô nhiễm và không độc hại cho sức khỏe con người&lt;/li&gt;\r\n&lt;/ul&gt;\r\n\r\n&lt;p&gt;Thông tin nguồn gốc:&lt;/p&gt;\r\n\r\n&lt;ul&gt;\r\n	&lt;li&gt;Đá thô feridot xanh ngọc từ Tây Nguyên&lt;/li&gt;\r\n	&lt;li&gt;Đá caxedon vàng nắng, vàng rơm, vàng hổ...&lt;/li&gt;\r\n	&lt;li&gt;Đá quý hồng ngọc ( ruby đỏ việt nam ) được khai thác từ chính những mỏ đá quý tại Nghệ An, Yên Bái, lòng hồ Thác Bà.&lt;/li&gt;\r\n	&lt;li&gt;Đá bán quý mã não đổ từ những tán lá cây đậm màu.&lt;/li&gt;\r\n	&lt;li&gt;Đá quý sapphire nghiền nhỏ để có màu nền trời xanh biếc in bóng xuống hồ nước cùng gam màu...&lt;/li&gt;\r\n&lt;/ul&gt;', '&lt;p&gt;- Kích thước:&lt;/p&gt;\r\n\r\n&lt;p&gt;- Chất liệu:&lt;/p&gt;\r\n\r\n&lt;p&gt;- Xuất xứ:&lt;/p&gt;', '', '', '', '', '', ''),
(134, 2, 'Tranh Đá Tứ Quý 03', '&lt;ul&gt;\r\n	&lt;li&gt;Tranh đá quý được làm từ các loại đá quý tự nhiên 100% lung linh nhiều màu sắc&lt;/li&gt;\r\n	&lt;li&gt;Không phai màu, độ bền lâu dài theo thời gian&lt;/li&gt;\r\n	&lt;li&gt;Không gây ô nhiễm và không độc hại cho sức khỏe con người&lt;/li&gt;\r\n&lt;/ul&gt;\r\n\r\n&lt;p&gt;Thông tin nguồn gốc:&lt;/p&gt;\r\n\r\n&lt;ul&gt;\r\n	&lt;li&gt;Đá thô feridot xanh ngọc từ Tây Nguyên&lt;/li&gt;\r\n	&lt;li&gt;Đá caxedon vàng nắng, vàng rơm, vàng hổ...&lt;/li&gt;\r\n	&lt;li&gt;Đá quý hồng ngọc ( ruby đỏ việt nam ) được khai thác từ chính những mỏ đá quý tại Nghệ An, Yên Bái, lòng hồ Thác Bà.&lt;/li&gt;\r\n	&lt;li&gt;Đá bán quý mã não đổ từ những tán lá cây đậm màu.&lt;/li&gt;\r\n	&lt;li&gt;Đá quý sapphire nghiền nhỏ để có màu nền trời xanh biếc in bóng xuống hồ nước cùng gam màu...&lt;/li&gt;\r\n&lt;/ul&gt;', '&lt;p&gt;- Kích thước:&lt;/p&gt;\r\n\r\n&lt;p&gt;- Chất liệu:&lt;/p&gt;\r\n\r\n&lt;p&gt;- Xuất xứ:&lt;/p&gt;', '', '', '', '', '', ''),
(139, 2, 'Tranh Đá Tứ Quý 08', '&lt;ul&gt;\r\n	&lt;li&gt;Tranh đá quý được làm từ các loại đá quý tự nhiên 100% lung linh nhiều màu sắc&lt;/li&gt;\r\n	&lt;li&gt;Không phai màu, độ bền lâu dài theo thời gian&lt;/li&gt;\r\n	&lt;li&gt;Không gây ô nhiễm và không độc hại cho sức khỏe con người&lt;/li&gt;\r\n&lt;/ul&gt;\r\n\r\n&lt;p&gt;Thông tin nguồn gốc:&lt;/p&gt;\r\n\r\n&lt;ul&gt;\r\n	&lt;li&gt;Đá thô feridot xanh ngọc từ Tây Nguyên&lt;/li&gt;\r\n	&lt;li&gt;Đá caxedon vàng nắng, vàng rơm, vàng hổ...&lt;/li&gt;\r\n	&lt;li&gt;Đá quý hồng ngọc ( ruby đỏ việt nam ) được khai thác từ chính những mỏ đá quý tại Nghệ An, Yên Bái, lòng hồ Thác Bà.&lt;/li&gt;\r\n	&lt;li&gt;Đá bán quý mã não đổ từ những tán lá cây đậm màu.&lt;/li&gt;\r\n	&lt;li&gt;Đá quý sapphire nghiền nhỏ để có màu nền trời xanh biếc in bóng xuống hồ nước cùng gam màu...&lt;/li&gt;\r\n&lt;/ul&gt;', '&lt;p&gt;- Kích thước:&lt;/p&gt;\r\n\r\n&lt;p&gt;- Chất liệu:&lt;/p&gt;\r\n\r\n&lt;p&gt;- Xuất xứ:&lt;/p&gt;', '', '', '', '', '', ''),
(143, 2, 'Tranh Đá Quý Thác Nước 04', '&lt;ul&gt;\r\n	&lt;li&gt;Tranh đá quý được làm từ các loại đá quý tự nhiên 100% lung linh nhiều màu sắc&lt;/li&gt;\r\n	&lt;li&gt;Không phai màu, độ bền lâu dài theo thời gian&lt;/li&gt;\r\n	&lt;li&gt;Không gây ô nhiễm và không độc hại cho sức khỏe con người&lt;/li&gt;\r\n&lt;/ul&gt;\r\n\r\n&lt;p&gt;Thông tin nguồn gốc:&lt;/p&gt;\r\n\r\n&lt;ul&gt;\r\n	&lt;li&gt;Đá thô feridot xanh ngọc từ Tây Nguyên&lt;/li&gt;\r\n	&lt;li&gt;Đá caxedon vàng nắng, vàng rơm, vàng hổ...&lt;/li&gt;\r\n	&lt;li&gt;Đá quý hồng ngọc ( ruby đỏ việt nam ) được khai thác từ chính những mỏ đá quý tại Nghệ An, Yên Bái, lòng hồ Thác Bà.&lt;/li&gt;\r\n	&lt;li&gt;Đá bán quý mã não đổ từ những tán lá cây đậm màu.&lt;/li&gt;\r\n	&lt;li&gt;Đá quý sapphire nghiền nhỏ để có màu nền trời xanh biếc in bóng xuống hồ nước cùng gam màu...&lt;/li&gt;\r\n&lt;/ul&gt;', '&lt;p&gt;- Kích thước:&lt;/p&gt;\r\n\r\n&lt;p&gt;- Chất liệu:&lt;/p&gt;\r\n\r\n&lt;p&gt;- Xuất xứ:&lt;/p&gt;', '', '', '', '', '', ''),
(136, 2, 'Tranh Đá Tứ Quý 05', '&lt;ul&gt;\r\n	&lt;li&gt;Tranh đá quý được làm từ các loại đá quý tự nhiên 100% lung linh nhiều màu sắc&lt;/li&gt;\r\n	&lt;li&gt;Không phai màu, độ bền lâu dài theo thời gian&lt;/li&gt;\r\n	&lt;li&gt;Không gây ô nhiễm và không độc hại cho sức khỏe con người&lt;/li&gt;\r\n&lt;/ul&gt;\r\n\r\n&lt;p&gt;Thông tin nguồn gốc:&lt;/p&gt;\r\n\r\n&lt;ul&gt;\r\n	&lt;li&gt;Đá thô feridot xanh ngọc từ Tây Nguyên&lt;/li&gt;\r\n	&lt;li&gt;Đá caxedon vàng nắng, vàng rơm, vàng hổ...&lt;/li&gt;\r\n	&lt;li&gt;Đá quý hồng ngọc ( ruby đỏ việt nam ) được khai thác từ chính những mỏ đá quý tại Nghệ An, Yên Bái, lòng hồ Thác Bà.&lt;/li&gt;\r\n	&lt;li&gt;Đá bán quý mã não đổ từ những tán lá cây đậm màu.&lt;/li&gt;\r\n	&lt;li&gt;Đá quý sapphire nghiền nhỏ để có màu nền trời xanh biếc in bóng xuống hồ nước cùng gam màu...&lt;/li&gt;\r\n&lt;/ul&gt;', '&lt;p&gt;- Kích thước:&lt;/p&gt;\r\n\r\n&lt;p&gt;- Chất liệu:&lt;/p&gt;\r\n\r\n&lt;p&gt;- Xuất xứ:&lt;/p&gt;', '', '', '', '', '', ''),
(142, 2, 'Tranh Đá Quý Thác Nước 03', '&lt;ul&gt;\r\n	&lt;li&gt;Tranh đá quý được làm từ các loại đá quý tự nhiên 100% lung linh nhiều màu sắc&lt;/li&gt;\r\n	&lt;li&gt;Không phai màu, độ bền lâu dài theo thời gian&lt;/li&gt;\r\n	&lt;li&gt;Không gây ô nhiễm và không độc hại cho sức khỏe con người&lt;/li&gt;\r\n&lt;/ul&gt;\r\n\r\n&lt;p&gt;Thông tin nguồn gốc:&lt;/p&gt;\r\n\r\n&lt;ul&gt;\r\n	&lt;li&gt;Đá thô feridot xanh ngọc từ Tây Nguyên&lt;/li&gt;\r\n	&lt;li&gt;Đá caxedon vàng nắng, vàng rơm, vàng hổ...&lt;/li&gt;\r\n	&lt;li&gt;Đá quý hồng ngọc ( ruby đỏ việt nam ) được khai thác từ chính những mỏ đá quý tại Nghệ An, Yên Bái, lòng hồ Thác Bà.&lt;/li&gt;\r\n	&lt;li&gt;Đá bán quý mã não đổ từ những tán lá cây đậm màu.&lt;/li&gt;\r\n	&lt;li&gt;Đá quý sapphire nghiền nhỏ để có màu nền trời xanh biếc in bóng xuống hồ nước cùng gam màu...&lt;/li&gt;\r\n&lt;/ul&gt;', '&lt;p&gt;- Kích thước:&lt;/p&gt;\r\n\r\n&lt;p&gt;- Chất liệu:&lt;/p&gt;\r\n\r\n&lt;p&gt;- Xuất xứ:&lt;/p&gt;', '', '', '', '', '', ''),
(146, 2, 'Tranh Đá Quý Thác Nước 07', '&lt;ul&gt;\r\n	&lt;li&gt;Tranh đá quý được làm từ các loại đá quý tự nhiên 100% lung linh nhiều màu sắc&lt;/li&gt;\r\n	&lt;li&gt;Không phai màu, độ bền lâu dài theo thời gian&lt;/li&gt;\r\n	&lt;li&gt;Không gây ô nhiễm và không độc hại cho sức khỏe con người&lt;/li&gt;\r\n&lt;/ul&gt;\r\n\r\n&lt;p&gt;Thông tin nguồn gốc:&lt;/p&gt;\r\n\r\n&lt;ul&gt;\r\n	&lt;li&gt;Đá thô feridot xanh ngọc từ Tây Nguyên&lt;/li&gt;\r\n	&lt;li&gt;Đá caxedon vàng nắng, vàng rơm, vàng hổ...&lt;/li&gt;\r\n	&lt;li&gt;Đá quý hồng ngọc ( ruby đỏ việt nam ) được khai thác từ chính những mỏ đá quý tại Nghệ An, Yên Bái, lòng hồ Thác Bà.&lt;/li&gt;\r\n	&lt;li&gt;Đá bán quý mã não đổ từ những tán lá cây đậm màu.&lt;/li&gt;\r\n	&lt;li&gt;Đá quý sapphire nghiền nhỏ để có màu nền trời xanh biếc in bóng xuống hồ nước cùng gam màu...&lt;/li&gt;\r\n&lt;/ul&gt;', '&lt;p&gt;- Kích thước:&lt;/p&gt;\r\n\r\n&lt;p&gt;- Chất liệu:&lt;/p&gt;\r\n\r\n&lt;p&gt;- Xuất xứ:&lt;/p&gt;', '', '', '', '', '', ''),
(144, 2, 'Tranh Đá Quý Thác Nước 05', '&lt;ul&gt;\r\n	&lt;li&gt;Tranh đá quý được làm từ các loại đá quý tự nhiên 100% lung linh nhiều màu sắc&lt;/li&gt;\r\n	&lt;li&gt;Không phai màu, độ bền lâu dài theo thời gian&lt;/li&gt;\r\n	&lt;li&gt;Không gây ô nhiễm và không độc hại cho sức khỏe con người&lt;/li&gt;\r\n&lt;/ul&gt;\r\n\r\n&lt;p&gt;Thông tin nguồn gốc:&lt;/p&gt;\r\n\r\n&lt;ul&gt;\r\n	&lt;li&gt;Đá thô feridot xanh ngọc từ Tây Nguyên&lt;/li&gt;\r\n	&lt;li&gt;Đá caxedon vàng nắng, vàng rơm, vàng hổ...&lt;/li&gt;\r\n	&lt;li&gt;Đá quý hồng ngọc ( ruby đỏ việt nam ) được khai thác từ chính những mỏ đá quý tại Nghệ An, Yên Bái, lòng hồ Thác Bà.&lt;/li&gt;\r\n	&lt;li&gt;Đá bán quý mã não đổ từ những tán lá cây đậm màu.&lt;/li&gt;\r\n	&lt;li&gt;Đá quý sapphire nghiền nhỏ để có màu nền trời xanh biếc in bóng xuống hồ nước cùng gam màu...&lt;/li&gt;\r\n&lt;/ul&gt;', '&lt;p&gt;- Kích thước:&lt;/p&gt;\r\n\r\n&lt;p&gt;- Chất liệu:&lt;/p&gt;\r\n\r\n&lt;p&gt;- Xuất xứ:&lt;/p&gt;', '', '', '', '', '', ''),
(164, 2, 'Tranh Đá Quý Đồng Hồ 01', '&lt;ul&gt;\r\n	&lt;li&gt;Tranh đá quý được làm từ các loại đá quý tự nhiên 100% lung linh nhiều màu sắc&lt;/li&gt;\r\n	&lt;li&gt;Không phai màu, độ bền lâu dài theo thời gian&lt;/li&gt;\r\n	&lt;li&gt;Không gây ô nhiễm và không độc hại cho sức khỏe con người&lt;/li&gt;\r\n&lt;/ul&gt;\r\n\r\n&lt;p&gt;Thông tin nguồn gốc:&lt;/p&gt;\r\n\r\n&lt;ul&gt;\r\n	&lt;li&gt;Đá thô feridot xanh ngọc từ Tây Nguyên&lt;/li&gt;\r\n	&lt;li&gt;Đá caxedon vàng nắng, vàng rơm, vàng hổ...&lt;/li&gt;\r\n	&lt;li&gt;Đá quý hồng ngọc ( ruby đỏ việt nam ) được khai thác từ chính những mỏ đá quý tại Nghệ An, Yên Bái, lòng hồ Thác Bà.&lt;/li&gt;\r\n	&lt;li&gt;Đá bán quý mã não đổ từ những tán lá cây đậm màu.&lt;/li&gt;\r\n	&lt;li&gt;Đá quý sapphire nghiền nhỏ để có màu nền trời xanh biếc in bóng xuống hồ nước cùng gam màu...&lt;/li&gt;\r\n&lt;/ul&gt;', '&lt;p&gt;- Kích thước:&lt;/p&gt;\r\n\r\n&lt;p&gt;- Chất liệu:&lt;/p&gt;\r\n\r\n&lt;p&gt;- Xuất xứ:&lt;/p&gt;', '', '', '', '', '', ''),
(147, 2, 'Tranh Đá Quý Thác Nước 08', '&lt;ul&gt;\r\n	&lt;li&gt;Tranh đá quý được làm từ các loại đá quý tự nhiên 100% lung linh nhiều màu sắc&lt;/li&gt;\r\n	&lt;li&gt;Không phai màu, độ bền lâu dài theo thời gian&lt;/li&gt;\r\n	&lt;li&gt;Không gây ô nhiễm và không độc hại cho sức khỏe con người&lt;/li&gt;\r\n&lt;/ul&gt;\r\n\r\n&lt;p&gt;Thông tin nguồn gốc:&lt;/p&gt;\r\n\r\n&lt;ul&gt;\r\n	&lt;li&gt;Đá thô feridot xanh ngọc từ Tây Nguyên&lt;/li&gt;\r\n	&lt;li&gt;Đá caxedon vàng nắng, vàng rơm, vàng hổ...&lt;/li&gt;\r\n	&lt;li&gt;Đá quý hồng ngọc ( ruby đỏ việt nam ) được khai thác từ chính những mỏ đá quý tại Nghệ An, Yên Bái, lòng hồ Thác Bà.&lt;/li&gt;\r\n	&lt;li&gt;Đá bán quý mã não đổ từ những tán lá cây đậm màu.&lt;/li&gt;\r\n	&lt;li&gt;Đá quý sapphire nghiền nhỏ để có màu nền trời xanh biếc in bóng xuống hồ nước cùng gam màu...&lt;/li&gt;\r\n&lt;/ul&gt;', '&lt;p&gt;- Kích thước:&lt;/p&gt;\r\n\r\n&lt;p&gt;- Chất liệu:&lt;/p&gt;\r\n\r\n&lt;p&gt;- Xuất xứ:&lt;/p&gt;', '', '', '', '', '', ''),
(165, 2, 'Tranh Đá Quý Đồng Hồ 02', '&lt;ul&gt;\r\n	&lt;li&gt;Tranh đá quý được làm từ các loại đá quý tự nhiên 100% lung linh nhiều màu sắc&lt;/li&gt;\r\n	&lt;li&gt;Không phai màu, độ bền lâu dài theo thời gian&lt;/li&gt;\r\n	&lt;li&gt;Không gây ô nhiễm và không độc hại cho sức khỏe con người&lt;/li&gt;\r\n&lt;/ul&gt;\r\n\r\n&lt;p&gt;Thông tin nguồn gốc:&lt;/p&gt;\r\n\r\n&lt;ul&gt;\r\n	&lt;li&gt;Đá thô feridot xanh ngọc từ Tây Nguyên&lt;/li&gt;\r\n	&lt;li&gt;Đá caxedon vàng nắng, vàng rơm, vàng hổ...&lt;/li&gt;\r\n	&lt;li&gt;Đá quý hồng ngọc ( ruby đỏ việt nam ) được khai thác từ chính những mỏ đá quý tại Nghệ An, Yên Bái, lòng hồ Thác Bà.&lt;/li&gt;\r\n	&lt;li&gt;Đá bán quý mã não đổ từ những tán lá cây đậm màu.&lt;/li&gt;\r\n	&lt;li&gt;Đá quý sapphire nghiền nhỏ để có màu nền trời xanh biếc in bóng xuống hồ nước cùng gam màu...&lt;/li&gt;\r\n&lt;/ul&gt;', '&lt;p&gt;- Kích thước:&lt;/p&gt;\r\n\r\n&lt;p&gt;- Chất liệu:&lt;/p&gt;\r\n\r\n&lt;p&gt;- Xuất xứ:&lt;/p&gt;', '', '', '', '', '', ''),
(162, 2, 'Tranh Đá Quý Đồng Quê 07', '&lt;ul&gt;\r\n	&lt;li&gt;Tranh đá quý được làm từ các loại đá quý tự nhiên 100% lung linh nhiều màu sắc&lt;/li&gt;\r\n	&lt;li&gt;Không phai màu, độ bền lâu dài theo thời gian&lt;/li&gt;\r\n	&lt;li&gt;Không gây ô nhiễm và không độc hại cho sức khỏe con người&lt;/li&gt;\r\n&lt;/ul&gt;\r\n\r\n&lt;p&gt;Thông tin nguồn gốc:&lt;/p&gt;\r\n\r\n&lt;ul&gt;\r\n	&lt;li&gt;Đá thô feridot xanh ngọc từ Tây Nguyên&lt;/li&gt;\r\n	&lt;li&gt;Đá caxedon vàng nắng, vàng rơm, vàng hổ...&lt;/li&gt;\r\n	&lt;li&gt;Đá quý hồng ngọc ( ruby đỏ việt nam ) được khai thác từ chính những mỏ đá quý tại Nghệ An, Yên Bái, lòng hồ Thác Bà.&lt;/li&gt;\r\n	&lt;li&gt;Đá bán quý mã não đổ từ những tán lá cây đậm màu.&lt;/li&gt;\r\n	&lt;li&gt;Đá quý sapphire nghiền nhỏ để có màu nền trời xanh biếc in bóng xuống hồ nước cùng gam màu...&lt;/li&gt;\r\n&lt;/ul&gt;', '&lt;p&gt;- Kích thước:&lt;/p&gt;\r\n\r\n&lt;p&gt;- Chất liệu:&lt;/p&gt;\r\n\r\n&lt;p&gt;- Xuất xứ:&lt;/p&gt;', '', '', '', '', '', ''),
(161, 2, 'Tranh Đá Quý Đồng Quê 06', '&lt;ul&gt;\r\n	&lt;li&gt;Tranh đá quý được làm từ các loại đá quý tự nhiên 100% lung linh nhiều màu sắc&lt;/li&gt;\r\n	&lt;li&gt;Không phai màu, độ bền lâu dài theo thời gian&lt;/li&gt;\r\n	&lt;li&gt;Không gây ô nhiễm và không độc hại cho sức khỏe con người&lt;/li&gt;\r\n&lt;/ul&gt;\r\n\r\n&lt;p&gt;Thông tin nguồn gốc:&lt;/p&gt;\r\n\r\n&lt;ul&gt;\r\n	&lt;li&gt;Đá thô feridot xanh ngọc từ Tây Nguyên&lt;/li&gt;\r\n	&lt;li&gt;Đá caxedon vàng nắng, vàng rơm, vàng hổ...&lt;/li&gt;\r\n	&lt;li&gt;Đá quý hồng ngọc ( ruby đỏ việt nam ) được khai thác từ chính những mỏ đá quý tại Nghệ An, Yên Bái, lòng hồ Thác Bà.&lt;/li&gt;\r\n	&lt;li&gt;Đá bán quý mã não đổ từ những tán lá cây đậm màu.&lt;/li&gt;\r\n	&lt;li&gt;Đá quý sapphire nghiền nhỏ để có màu nền trời xanh biếc in bóng xuống hồ nước cùng gam màu...&lt;/li&gt;\r\n&lt;/ul&gt;', '&lt;p&gt;- Kích thước:&lt;/p&gt;\r\n\r\n&lt;p&gt;- Chất liệu:&lt;/p&gt;\r\n\r\n&lt;p&gt;- Xuất xứ:&lt;/p&gt;', '', '', '', '', '', ''),
(157, 2, 'Tranh Đá Quý Đồng Quê 02', '&lt;ul&gt;\r\n	&lt;li&gt;Tranh đá quý được làm từ các loại đá quý tự nhiên 100% lung linh nhiều màu sắc&lt;/li&gt;\r\n	&lt;li&gt;Không phai màu, độ bền lâu dài theo thời gian&lt;/li&gt;\r\n	&lt;li&gt;Không gây ô nhiễm và không độc hại cho sức khỏe con người&lt;/li&gt;\r\n&lt;/ul&gt;\r\n\r\n&lt;p&gt;Thông tin nguồn gốc:&lt;/p&gt;\r\n\r\n&lt;ul&gt;\r\n	&lt;li&gt;Đá thô feridot xanh ngọc từ Tây Nguyên&lt;/li&gt;\r\n	&lt;li&gt;Đá caxedon vàng nắng, vàng rơm, vàng hổ...&lt;/li&gt;\r\n	&lt;li&gt;Đá quý hồng ngọc ( ruby đỏ việt nam ) được khai thác từ chính những mỏ đá quý tại Nghệ An, Yên Bái, lòng hồ Thác Bà.&lt;/li&gt;\r\n	&lt;li&gt;Đá bán quý mã não đổ từ những tán lá cây đậm màu.&lt;/li&gt;\r\n	&lt;li&gt;Đá quý sapphire nghiền nhỏ để có màu nền trời xanh biếc in bóng xuống hồ nước cùng gam màu...&lt;/li&gt;\r\n&lt;/ul&gt;', '&lt;p&gt;- Kích thước:&lt;/p&gt;\r\n\r\n&lt;p&gt;- Chất liệu:&lt;/p&gt;\r\n\r\n&lt;p&gt;- Xuất xứ:&lt;/p&gt;', '', '', '', '', '', ''),
(159, 2, 'Tranh Đá Quý Đồng Quê 04', '&lt;ul&gt;\r\n	&lt;li&gt;Tranh đá quý được làm từ các loại đá quý tự nhiên 100% lung linh nhiều màu sắc&lt;/li&gt;\r\n	&lt;li&gt;Không phai màu, độ bền lâu dài theo thời gian&lt;/li&gt;\r\n	&lt;li&gt;Không gây ô nhiễm và không độc hại cho sức khỏe con người&lt;/li&gt;\r\n&lt;/ul&gt;\r\n\r\n&lt;p&gt;Thông tin nguồn gốc:&lt;/p&gt;\r\n\r\n&lt;ul&gt;\r\n	&lt;li&gt;Đá thô feridot xanh ngọc từ Tây Nguyên&lt;/li&gt;\r\n	&lt;li&gt;Đá caxedon vàng nắng, vàng rơm, vàng hổ...&lt;/li&gt;\r\n	&lt;li&gt;Đá quý hồng ngọc ( ruby đỏ việt nam ) được khai thác từ chính những mỏ đá quý tại Nghệ An, Yên Bái, lòng hồ Thác Bà.&lt;/li&gt;\r\n	&lt;li&gt;Đá bán quý mã não đổ từ những tán lá cây đậm màu.&lt;/li&gt;\r\n	&lt;li&gt;Đá quý sapphire nghiền nhỏ để có màu nền trời xanh biếc in bóng xuống hồ nước cùng gam màu...&lt;/li&gt;\r\n&lt;/ul&gt;', '&lt;p&gt;- Kích thước:&lt;/p&gt;\r\n\r\n&lt;p&gt;- Chất liệu:&lt;/p&gt;\r\n\r\n&lt;p&gt;- Xuất xứ:&lt;/p&gt;', '', '', '', '', '', ''),
(166, 2, 'Tranh Đá Quý Đồng Hồ 03', '&lt;ul&gt;\r\n	&lt;li&gt;Tranh đá quý được làm từ các loại đá quý tự nhiên 100% lung linh nhiều màu sắc&lt;/li&gt;\r\n	&lt;li&gt;Không phai màu, độ bền lâu dài theo thời gian&lt;/li&gt;\r\n	&lt;li&gt;Không gây ô nhiễm và không độc hại cho sức khỏe con người&lt;/li&gt;\r\n&lt;/ul&gt;\r\n\r\n&lt;p&gt;Thông tin nguồn gốc:&lt;/p&gt;\r\n\r\n&lt;ul&gt;\r\n	&lt;li&gt;Đá thô feridot xanh ngọc từ Tây Nguyên&lt;/li&gt;\r\n	&lt;li&gt;Đá caxedon vàng nắng, vàng rơm, vàng hổ...&lt;/li&gt;\r\n	&lt;li&gt;Đá quý hồng ngọc ( ruby đỏ việt nam ) được khai thác từ chính những mỏ đá quý tại Nghệ An, Yên Bái, lòng hồ Thác Bà.&lt;/li&gt;\r\n	&lt;li&gt;Đá bán quý mã não đổ từ những tán lá cây đậm màu.&lt;/li&gt;\r\n	&lt;li&gt;Đá quý sapphire nghiền nhỏ để có màu nền trời xanh biếc in bóng xuống hồ nước cùng gam màu...&lt;/li&gt;\r\n&lt;/ul&gt;', '&lt;p&gt;- Kích thước:&lt;/p&gt;\r\n\r\n&lt;p&gt;- Chất liệu:&lt;/p&gt;\r\n\r\n&lt;p&gt;- Xuất xứ:&lt;/p&gt;', '', '', '', '', '', ''),
(163, 2, 'Tranh Đá Quý Đồng Quê 08', '&lt;ul&gt;\r\n	&lt;li&gt;Tranh đá quý được làm từ các loại đá quý tự nhiên 100% lung linh nhiều màu sắc&lt;/li&gt;\r\n	&lt;li&gt;Không phai màu, độ bền lâu dài theo thời gian&lt;/li&gt;\r\n	&lt;li&gt;Không gây ô nhiễm và không độc hại cho sức khỏe con người&lt;/li&gt;\r\n&lt;/ul&gt;\r\n\r\n&lt;p&gt;Thông tin nguồn gốc:&lt;/p&gt;\r\n\r\n&lt;ul&gt;\r\n	&lt;li&gt;Đá thô feridot xanh ngọc từ Tây Nguyên&lt;/li&gt;\r\n	&lt;li&gt;Đá caxedon vàng nắng, vàng rơm, vàng hổ...&lt;/li&gt;\r\n	&lt;li&gt;Đá quý hồng ngọc ( ruby đỏ việt nam ) được khai thác từ chính những mỏ đá quý tại Nghệ An, Yên Bái, lòng hồ Thác Bà.&lt;/li&gt;\r\n	&lt;li&gt;Đá bán quý mã não đổ từ những tán lá cây đậm màu.&lt;/li&gt;\r\n	&lt;li&gt;Đá quý sapphire nghiền nhỏ để có màu nền trời xanh biếc in bóng xuống hồ nước cùng gam màu...&lt;/li&gt;\r\n&lt;/ul&gt;', '&lt;p&gt;- Kích thước:&lt;/p&gt;\r\n\r\n&lt;p&gt;- Chất liệu:&lt;/p&gt;\r\n\r\n&lt;p&gt;- Xuất xứ:&lt;/p&gt;', '', '', '', '', '', ''),
(160, 2, 'Tranh Đá Quý Đồng Quê 05', '&lt;ul&gt;\r\n	&lt;li&gt;Tranh đá quý được làm từ các loại đá quý tự nhiên 100% lung linh nhiều màu sắc&lt;/li&gt;\r\n	&lt;li&gt;Không phai màu, độ bền lâu dài theo thời gian&lt;/li&gt;\r\n	&lt;li&gt;Không gây ô nhiễm và không độc hại cho sức khỏe con người&lt;/li&gt;\r\n&lt;/ul&gt;\r\n\r\n&lt;p&gt;Thông tin nguồn gốc:&lt;/p&gt;\r\n\r\n&lt;ul&gt;\r\n	&lt;li&gt;Đá thô feridot xanh ngọc từ Tây Nguyên&lt;/li&gt;\r\n	&lt;li&gt;Đá caxedon vàng nắng, vàng rơm, vàng hổ...&lt;/li&gt;\r\n	&lt;li&gt;Đá quý hồng ngọc ( ruby đỏ việt nam ) được khai thác từ chính những mỏ đá quý tại Nghệ An, Yên Bái, lòng hồ Thác Bà.&lt;/li&gt;\r\n	&lt;li&gt;Đá bán quý mã não đổ từ những tán lá cây đậm màu.&lt;/li&gt;\r\n	&lt;li&gt;Đá quý sapphire nghiền nhỏ để có màu nền trời xanh biếc in bóng xuống hồ nước cùng gam màu...&lt;/li&gt;\r\n&lt;/ul&gt;', '&lt;p&gt;- Kích thước:&lt;/p&gt;\r\n\r\n&lt;p&gt;- Chất liệu:&lt;/p&gt;\r\n\r\n&lt;p&gt;- Xuất xứ:&lt;/p&gt;', '', '', '', '', '', ''),
(158, 2, 'Tranh Đá Quý Đồng Quê 03', '&lt;ul&gt;\r\n	&lt;li&gt;Tranh đá quý được làm từ các loại đá quý tự nhiên 100% lung linh nhiều màu sắc&lt;/li&gt;\r\n	&lt;li&gt;Không phai màu, độ bền lâu dài theo thời gian&lt;/li&gt;\r\n	&lt;li&gt;Không gây ô nhiễm và không độc hại cho sức khỏe con người&lt;/li&gt;\r\n&lt;/ul&gt;\r\n\r\n&lt;p&gt;Thông tin nguồn gốc:&lt;/p&gt;\r\n\r\n&lt;ul&gt;\r\n	&lt;li&gt;Đá thô feridot xanh ngọc từ Tây Nguyên&lt;/li&gt;\r\n	&lt;li&gt;Đá caxedon vàng nắng, vàng rơm, vàng hổ...&lt;/li&gt;\r\n	&lt;li&gt;Đá quý hồng ngọc ( ruby đỏ việt nam ) được khai thác từ chính những mỏ đá quý tại Nghệ An, Yên Bái, lòng hồ Thác Bà.&lt;/li&gt;\r\n	&lt;li&gt;Đá bán quý mã não đổ từ những tán lá cây đậm màu.&lt;/li&gt;\r\n	&lt;li&gt;Đá quý sapphire nghiền nhỏ để có màu nền trời xanh biếc in bóng xuống hồ nước cùng gam màu...&lt;/li&gt;\r\n&lt;/ul&gt;', '&lt;p&gt;- Kích thước:&lt;/p&gt;\r\n\r\n&lt;p&gt;- Chất liệu:&lt;/p&gt;\r\n\r\n&lt;p&gt;- Xuất xứ:&lt;/p&gt;', '', '', '', '', '', ''),
(156, 2, 'Tranh Đá Quý Đồng Quê 01', '&lt;ul&gt;\r\n	&lt;li&gt;Tranh đá quý được làm từ các loại đá quý tự nhiên 100% lung linh nhiều màu sắc&lt;/li&gt;\r\n	&lt;li&gt;Không phai màu, độ bền lâu dài theo thời gian&lt;/li&gt;\r\n	&lt;li&gt;Không gây ô nhiễm và không độc hại cho sức khỏe con người&lt;/li&gt;\r\n&lt;/ul&gt;\r\n\r\n&lt;p&gt;Thông tin nguồn gốc:&lt;/p&gt;\r\n\r\n&lt;ul&gt;\r\n	&lt;li&gt;Đá thô feridot xanh ngọc từ Tây Nguyên&lt;/li&gt;\r\n	&lt;li&gt;Đá caxedon vàng nắng, vàng rơm, vàng hổ...&lt;/li&gt;\r\n	&lt;li&gt;Đá quý hồng ngọc ( ruby đỏ việt nam ) được khai thác từ chính những mỏ đá quý tại Nghệ An, Yên Bái, lòng hồ Thác Bà.&lt;/li&gt;\r\n	&lt;li&gt;Đá bán quý mã não đổ từ những tán lá cây đậm màu.&lt;/li&gt;\r\n	&lt;li&gt;Đá quý sapphire nghiền nhỏ để có màu nền trời xanh biếc in bóng xuống hồ nước cùng gam màu...&lt;/li&gt;\r\n&lt;/ul&gt;', '&lt;p&gt;- Kích thước:&lt;/p&gt;\r\n\r\n&lt;p&gt;- Chất liệu:&lt;/p&gt;\r\n\r\n&lt;p&gt;- Xuất xứ:&lt;/p&gt;', '', '', '', '', '', ''),
(177, 2, 'Tranh Đính Đá Hoa 02', '&lt;ul&gt;\r\n	&lt;li&gt;Tranh đá quý được làm từ các loại đá quý tự nhiên 100% lung linh nhiều màu sắc&lt;/li&gt;\r\n	&lt;li&gt;Không phai màu, độ bền lâu dài theo thời gian&lt;/li&gt;\r\n	&lt;li&gt;Không gây ô nhiễm và không độc hại cho sức khỏe con người&lt;/li&gt;\r\n&lt;/ul&gt;\r\n\r\n&lt;p&gt;Thông tin nguồn gốc:&lt;/p&gt;\r\n\r\n&lt;ul&gt;\r\n	&lt;li&gt;Đá thô feridot xanh ngọc từ Tây Nguyên&lt;/li&gt;\r\n	&lt;li&gt;Đá caxedon vàng nắng, vàng rơm, vàng hổ...&lt;/li&gt;\r\n	&lt;li&gt;Đá quý hồng ngọc ( ruby đỏ việt nam ) được khai thác từ chính những mỏ đá quý tại Nghệ An, Yên Bái, lòng hồ Thác Bà.&lt;/li&gt;\r\n	&lt;li&gt;Đá bán quý mã não đổ từ những tán lá cây đậm màu.&lt;/li&gt;\r\n	&lt;li&gt;Đá quý sapphire nghiền nhỏ để có màu nền trời xanh biếc in bóng xuống hồ nước cùng gam màu...&lt;/li&gt;\r\n&lt;/ul&gt;', '&lt;p&gt;- Kích thước:&lt;/p&gt;\r\n\r\n&lt;p&gt;- Chất liệu:&lt;/p&gt;\r\n\r\n&lt;p&gt;- Xuất xứ:&lt;/p&gt;', '', '', '', '', '', ''),
(172, 2, 'Tranh Đính Đá Đồng Hồ 01', '&lt;ul&gt;\r\n	&lt;li&gt;Tranh đá quý được làm từ các loại đá quý tự nhiên 100% lung linh nhiều màu sắc&lt;/li&gt;\r\n	&lt;li&gt;Không phai màu, độ bền lâu dài theo thời gian&lt;/li&gt;\r\n	&lt;li&gt;Không gây ô nhiễm và không độc hại cho sức khỏe con người&lt;/li&gt;\r\n&lt;/ul&gt;\r\n\r\n&lt;p&gt;Thông tin nguồn gốc:&lt;/p&gt;\r\n\r\n&lt;ul&gt;\r\n	&lt;li&gt;Đá thô feridot xanh ngọc từ Tây Nguyên&lt;/li&gt;\r\n	&lt;li&gt;Đá caxedon vàng nắng, vàng rơm, vàng hổ...&lt;/li&gt;\r\n	&lt;li&gt;Đá quý hồng ngọc ( ruby đỏ việt nam ) được khai thác từ chính những mỏ đá quý tại Nghệ An, Yên Bái, lòng hồ Thác Bà.&lt;/li&gt;\r\n	&lt;li&gt;Đá bán quý mã não đổ từ những tán lá cây đậm màu.&lt;/li&gt;\r\n	&lt;li&gt;Đá quý sapphire nghiền nhỏ để có màu nền trời xanh biếc in bóng xuống hồ nước cùng gam màu...&lt;/li&gt;\r\n&lt;/ul&gt;', '&lt;p&gt;- Kích thước:&lt;/p&gt;\r\n\r\n&lt;p&gt;- Chất liệu:&lt;/p&gt;\r\n\r\n&lt;p&gt;- Xuất xứ:&lt;/p&gt;', '', '', '', '', '', ''),
(178, 2, 'Tranh Đính Đá Hoa 03', '&lt;ul&gt;\r\n	&lt;li&gt;Tranh đá quý được làm từ các loại đá quý tự nhiên 100% lung linh nhiều màu sắc&lt;/li&gt;\r\n	&lt;li&gt;Không phai màu, độ bền lâu dài theo thời gian&lt;/li&gt;\r\n	&lt;li&gt;Không gây ô nhiễm và không độc hại cho sức khỏe con người&lt;/li&gt;\r\n&lt;/ul&gt;\r\n\r\n&lt;p&gt;Thông tin nguồn gốc:&lt;/p&gt;\r\n\r\n&lt;ul&gt;\r\n	&lt;li&gt;Đá thô feridot xanh ngọc từ Tây Nguyên&lt;/li&gt;\r\n	&lt;li&gt;Đá caxedon vàng nắng, vàng rơm, vàng hổ...&lt;/li&gt;\r\n	&lt;li&gt;Đá quý hồng ngọc ( ruby đỏ việt nam ) được khai thác từ chính những mỏ đá quý tại Nghệ An, Yên Bái, lòng hồ Thác Bà.&lt;/li&gt;\r\n	&lt;li&gt;Đá bán quý mã não đổ từ những tán lá cây đậm màu.&lt;/li&gt;\r\n	&lt;li&gt;Đá quý sapphire nghiền nhỏ để có màu nền trời xanh biếc in bóng xuống hồ nước cùng gam màu...&lt;/li&gt;\r\n&lt;/ul&gt;', '&lt;p&gt;- Kích thước:&lt;/p&gt;\r\n\r\n&lt;p&gt;- Chất liệu:&lt;/p&gt;\r\n\r\n&lt;p&gt;- Xuất xứ:&lt;/p&gt;', '', '', '', '', '', ''),
(169, 2, 'Tranh Đá Quý Động Vật 02', '&lt;ul&gt;\r\n	&lt;li&gt;Tranh đá quý được làm từ các loại đá quý tự nhiên 100% lung linh nhiều màu sắc&lt;/li&gt;\r\n	&lt;li&gt;Không phai màu, độ bền lâu dài theo thời gian&lt;/li&gt;\r\n	&lt;li&gt;Không gây ô nhiễm và không độc hại cho sức khỏe con người&lt;/li&gt;\r\n&lt;/ul&gt;\r\n\r\n&lt;p&gt;Thông tin nguồn gốc:&lt;/p&gt;\r\n\r\n&lt;ul&gt;\r\n	&lt;li&gt;Đá thô feridot xanh ngọc từ Tây Nguyên&lt;/li&gt;\r\n	&lt;li&gt;Đá caxedon vàng nắng, vàng rơm, vàng hổ...&lt;/li&gt;\r\n	&lt;li&gt;Đá quý hồng ngọc ( ruby đỏ việt nam ) được khai thác từ chính những mỏ đá quý tại Nghệ An, Yên Bái, lòng hồ Thác Bà.&lt;/li&gt;\r\n	&lt;li&gt;Đá bán quý mã não đổ từ những tán lá cây đậm màu.&lt;/li&gt;\r\n	&lt;li&gt;Đá quý sapphire nghiền nhỏ để có màu nền trời xanh biếc in bóng xuống hồ nước cùng gam màu...&lt;/li&gt;\r\n&lt;/ul&gt;', '&lt;p&gt;- Kích thước:&lt;/p&gt;\r\n\r\n&lt;p&gt;- Chất liệu:&lt;/p&gt;\r\n\r\n&lt;p&gt;- Xuất xứ:&lt;/p&gt;', '', '', '', '', '', ''),
(181, 2, 'Tranh Đính Đá Hoa 06', '&lt;ul&gt;\r\n	&lt;li&gt;Tranh đá quý được làm từ các loại đá quý tự nhiên 100% lung linh nhiều màu sắc&lt;/li&gt;\r\n	&lt;li&gt;Không phai màu, độ bền lâu dài theo thời gian&lt;/li&gt;\r\n	&lt;li&gt;Không gây ô nhiễm và không độc hại cho sức khỏe con người&lt;/li&gt;\r\n&lt;/ul&gt;\r\n\r\n&lt;p&gt;Thông tin nguồn gốc:&lt;/p&gt;\r\n\r\n&lt;ul&gt;\r\n	&lt;li&gt;Đá thô feridot xanh ngọc từ Tây Nguyên&lt;/li&gt;\r\n	&lt;li&gt;Đá caxedon vàng nắng, vàng rơm, vàng hổ...&lt;/li&gt;\r\n	&lt;li&gt;Đá quý hồng ngọc ( ruby đỏ việt nam ) được khai thác từ chính những mỏ đá quý tại Nghệ An, Yên Bái, lòng hồ Thác Bà.&lt;/li&gt;\r\n	&lt;li&gt;Đá bán quý mã não đổ từ những tán lá cây đậm màu.&lt;/li&gt;\r\n	&lt;li&gt;Đá quý sapphire nghiền nhỏ để có màu nền trời xanh biếc in bóng xuống hồ nước cùng gam màu...&lt;/li&gt;\r\n&lt;/ul&gt;', '&lt;p&gt;- Kích thước:&lt;/p&gt;\r\n\r\n&lt;p&gt;- Chất liệu:&lt;/p&gt;\r\n\r\n&lt;p&gt;- Xuất xứ:&lt;/p&gt;', '', '', '', '', '', ''),
(167, 2, 'Tranh Đá Quý Đồng Hồ 04', '&lt;ul&gt;\r\n	&lt;li&gt;Tranh đá quý được làm từ các loại đá quý tự nhiên 100% lung linh nhiều màu sắc&lt;/li&gt;\r\n	&lt;li&gt;Không phai màu, độ bền lâu dài theo thời gian&lt;/li&gt;\r\n	&lt;li&gt;Không gây ô nhiễm và không độc hại cho sức khỏe con người&lt;/li&gt;\r\n&lt;/ul&gt;\r\n\r\n&lt;p&gt;Thông tin nguồn gốc:&lt;/p&gt;\r\n\r\n&lt;ul&gt;\r\n	&lt;li&gt;Đá thô feridot xanh ngọc từ Tây Nguyên&lt;/li&gt;\r\n	&lt;li&gt;Đá caxedon vàng nắng, vàng rơm, vàng hổ...&lt;/li&gt;\r\n	&lt;li&gt;Đá quý hồng ngọc ( ruby đỏ việt nam ) được khai thác từ chính những mỏ đá quý tại Nghệ An, Yên Bái, lòng hồ Thác Bà.&lt;/li&gt;\r\n	&lt;li&gt;Đá bán quý mã não đổ từ những tán lá cây đậm màu.&lt;/li&gt;\r\n	&lt;li&gt;Đá quý sapphire nghiền nhỏ để có màu nền trời xanh biếc in bóng xuống hồ nước cùng gam màu...&lt;/li&gt;\r\n&lt;/ul&gt;', '&lt;p&gt;- Kích thước:&lt;/p&gt;\r\n\r\n&lt;p&gt;- Chất liệu:&lt;/p&gt;\r\n\r\n&lt;p&gt;- Xuất xứ:&lt;/p&gt;', '', '', '', '', '', ''),
(179, 2, 'Tranh Đính Đá Hoa 04', '&lt;ul&gt;\r\n	&lt;li&gt;Tranh đá quý được làm từ các loại đá quý tự nhiên 100% lung linh nhiều màu sắc&lt;/li&gt;\r\n	&lt;li&gt;Không phai màu, độ bền lâu dài theo thời gian&lt;/li&gt;\r\n	&lt;li&gt;Không gây ô nhiễm và không độc hại cho sức khỏe con người&lt;/li&gt;\r\n&lt;/ul&gt;\r\n\r\n&lt;p&gt;Thông tin nguồn gốc:&lt;/p&gt;\r\n\r\n&lt;ul&gt;\r\n	&lt;li&gt;Đá thô feridot xanh ngọc từ Tây Nguyên&lt;/li&gt;\r\n	&lt;li&gt;Đá caxedon vàng nắng, vàng rơm, vàng hổ...&lt;/li&gt;\r\n	&lt;li&gt;Đá quý hồng ngọc ( ruby đỏ việt nam ) được khai thác từ chính những mỏ đá quý tại Nghệ An, Yên Bái, lòng hồ Thác Bà.&lt;/li&gt;\r\n	&lt;li&gt;Đá bán quý mã não đổ từ những tán lá cây đậm màu.&lt;/li&gt;\r\n	&lt;li&gt;Đá quý sapphire nghiền nhỏ để có màu nền trời xanh biếc in bóng xuống hồ nước cùng gam màu...&lt;/li&gt;\r\n&lt;/ul&gt;', '&lt;p&gt;- Kích thước:&lt;/p&gt;\r\n\r\n&lt;p&gt;- Chất liệu:&lt;/p&gt;\r\n\r\n&lt;p&gt;- Xuất xứ:&lt;/p&gt;', '', '', '', '', '', ''),
(176, 2, 'Tranh Đính Đá Hoa 01', '&lt;ul&gt;\r\n	&lt;li&gt;Tranh đá quý được làm từ các loại đá quý tự nhiên 100% lung linh nhiều màu sắc&lt;/li&gt;\r\n	&lt;li&gt;Không phai màu, độ bền lâu dài theo thời gian&lt;/li&gt;\r\n	&lt;li&gt;Không gây ô nhiễm và không độc hại cho sức khỏe con người&lt;/li&gt;\r\n&lt;/ul&gt;\r\n\r\n&lt;p&gt;Thông tin nguồn gốc:&lt;/p&gt;\r\n\r\n&lt;ul&gt;\r\n	&lt;li&gt;Đá thô feridot xanh ngọc từ Tây Nguyên&lt;/li&gt;\r\n	&lt;li&gt;Đá caxedon vàng nắng, vàng rơm, vàng hổ...&lt;/li&gt;\r\n	&lt;li&gt;Đá quý hồng ngọc ( ruby đỏ việt nam ) được khai thác từ chính những mỏ đá quý tại Nghệ An, Yên Bái, lòng hồ Thác Bà.&lt;/li&gt;\r\n	&lt;li&gt;Đá bán quý mã não đổ từ những tán lá cây đậm màu.&lt;/li&gt;\r\n	&lt;li&gt;Đá quý sapphire nghiền nhỏ để có màu nền trời xanh biếc in bóng xuống hồ nước cùng gam màu...&lt;/li&gt;\r\n&lt;/ul&gt;', '&lt;p&gt;- Kích thước:&lt;/p&gt;\r\n\r\n&lt;p&gt;- Chất liệu:&lt;/p&gt;\r\n\r\n&lt;p&gt;- Xuất xứ:&lt;/p&gt;', '', '', '', '', '', ''),
(171, 2, 'Tranh Đá Quý Động Vật 04', '&lt;ul&gt;\r\n	&lt;li&gt;Tranh đá quý được làm từ các loại đá quý tự nhiên 100% lung linh nhiều màu sắc&lt;/li&gt;\r\n	&lt;li&gt;Không phai màu, độ bền lâu dài theo thời gian&lt;/li&gt;\r\n	&lt;li&gt;Không gây ô nhiễm và không độc hại cho sức khỏe con người&lt;/li&gt;\r\n&lt;/ul&gt;\r\n\r\n&lt;p&gt;Thông tin nguồn gốc:&lt;/p&gt;\r\n\r\n&lt;ul&gt;\r\n	&lt;li&gt;Đá thô feridot xanh ngọc từ Tây Nguyên&lt;/li&gt;\r\n	&lt;li&gt;Đá caxedon vàng nắng, vàng rơm, vàng hổ...&lt;/li&gt;\r\n	&lt;li&gt;Đá quý hồng ngọc ( ruby đỏ việt nam ) được khai thác từ chính những mỏ đá quý tại Nghệ An, Yên Bái, lòng hồ Thác Bà.&lt;/li&gt;\r\n	&lt;li&gt;Đá bán quý mã não đổ từ những tán lá cây đậm màu.&lt;/li&gt;\r\n	&lt;li&gt;Đá quý sapphire nghiền nhỏ để có màu nền trời xanh biếc in bóng xuống hồ nước cùng gam màu...&lt;/li&gt;\r\n&lt;/ul&gt;', '&lt;p&gt;- Kích thước:&lt;/p&gt;\r\n\r\n&lt;p&gt;- Chất liệu:&lt;/p&gt;\r\n\r\n&lt;p&gt;- Xuất xứ:&lt;/p&gt;', '', '', '', '', '', ''),
(155, 2, 'Tranh Đá Quý Phố Cổ 08', '&lt;ul&gt;\r\n	&lt;li&gt;Tranh đá quý được làm từ các loại đá quý tự nhiên 100% lung linh nhiều màu sắc&lt;/li&gt;\r\n	&lt;li&gt;Không phai màu, độ bền lâu dài theo thời gian&lt;/li&gt;\r\n	&lt;li&gt;Không gây ô nhiễm và không độc hại cho sức khỏe con người&lt;/li&gt;\r\n&lt;/ul&gt;\r\n\r\n&lt;p&gt;Thông tin nguồn gốc:&lt;/p&gt;\r\n\r\n&lt;ul&gt;\r\n	&lt;li&gt;Đá thô feridot xanh ngọc từ Tây Nguyên&lt;/li&gt;\r\n	&lt;li&gt;Đá caxedon vàng nắng, vàng rơm, vàng hổ...&lt;/li&gt;\r\n	&lt;li&gt;Đá quý hồng ngọc ( ruby đỏ việt nam ) được khai thác từ chính những mỏ đá quý tại Nghệ An, Yên Bái, lòng hồ Thác Bà.&lt;/li&gt;\r\n	&lt;li&gt;Đá bán quý mã não đổ từ những tán lá cây đậm màu.&lt;/li&gt;\r\n	&lt;li&gt;Đá quý sapphire nghiền nhỏ để có màu nền trời xanh biếc in bóng xuống hồ nước cùng gam màu...&lt;/li&gt;\r\n&lt;/ul&gt;', '&lt;p&gt;- Kích thước:&lt;/p&gt;\r\n\r\n&lt;p&gt;- Chất liệu:&lt;/p&gt;\r\n\r\n&lt;p&gt;- Xuất xứ:&lt;/p&gt;', '', '', '', '', '', ''),
(148, 2, 'Tranh Đá Quý Phố Cổ 01', '&lt;p&gt; &lt;/p&gt;\r\n\r\n&lt;ul&gt;\r\n	&lt;li&gt;Tranh đá quý được làm từ các loại đá quý tự nhiên 100% lung linh nhiều màu sắc&lt;/li&gt;\r\n	&lt;li&gt;Không phai màu, độ bền lâu dài theo thời gian&lt;/li&gt;\r\n	&lt;li&gt;Không gây ô nhiễm và không độc hại cho sức khỏe con người&lt;/li&gt;\r\n&lt;/ul&gt;\r\n\r\n&lt;p&gt;Thông tin nguồn gốc:&lt;/p&gt;\r\n\r\n&lt;ul&gt;\r\n	&lt;li&gt;Đá thô feridot xanh ngọc từ Tây Nguyên&lt;/li&gt;\r\n	&lt;li&gt;Đá caxedon vàng nắng, vàng rơm, vàng hổ...&lt;/li&gt;\r\n	&lt;li&gt;Đá quý hồng ngọc ( ruby đỏ việt nam ) được khai thác từ chính những mỏ đá quý tại Nghệ An, Yên Bái, lòng hồ Thác Bà.&lt;/li&gt;\r\n	&lt;li&gt;Đá bán quý mã não đổ từ những tán lá cây đậm màu.&lt;/li&gt;\r\n	&lt;li&gt;Đá quý sapphire nghiền nhỏ để có màu nền trời xanh biếc in bóng xuống hồ nước cùng gam màu...&lt;/li&gt;\r\n&lt;/ul&gt;\r\n\r\n&lt;p&gt; &lt;/p&gt;', '&lt;p&gt;- Kích thước:&lt;/p&gt;\r\n\r\n&lt;p&gt;- Chất liệu:&lt;/p&gt;\r\n\r\n&lt;p&gt;- Xuất xứ:&lt;/p&gt;', '', '', '', '', '', '');

-- oc_product_image PRIMARY KEY (`product_image_id`)
-- nothing

-- oc_product_to_category PRIMARY KEY (`product_id`,`category_id`)
INSERT IGNORE INTO `oc_product_to_category` (`product_id`, `category_id`) VALUES
(132, 32),
(132, 34),
(133, 32),
(133, 34),
(134, 32),
(134, 34),
(135, 32),
(135, 34),
(136, 32),
(136, 34),
(137, 32),
(137, 34),
(138, 32),
(138, 34),
(139, 32),
(139, 34),
(140, 32),
(140, 36),
(141, 32),
(141, 36),
(142, 32),
(142, 36),
(143, 32),
(143, 36),
(144, 32),
(144, 36),
(145, 32),
(145, 36),
(146, 32),
(146, 36),
(147, 32),
(147, 36),
(148, 32),
(148, 37),
(149, 32),
(149, 37),
(150, 32),
(150, 37),
(151, 32),
(151, 37),
(152, 32),
(152, 37),
(153, 32),
(153, 37),
(154, 32),
(154, 37),
(155, 32),
(155, 37),
(156, 32),
(156, 38),
(157, 32),
(157, 38),
(158, 32),
(158, 38),
(159, 32),
(159, 38),
(160, 32),
(160, 38),
(161, 32),
(161, 38),
(162, 32),
(162, 38),
(163, 32),
(163, 38),
(164, 32),
(164, 39),
(165, 32),
(165, 39),
(166, 32),
(166, 39),
(167, 32),
(167, 39),
(168, 32),
(168, 41),
(169, 32),
(169, 41),
(170, 32),
(170, 41),
(171, 32),
(171, 41),
(172, 42),
(172, 43),
(173, 42),
(173, 43),
(174, 42),
(174, 43),
(175, 42),
(175, 43),
(176, 42),
(176, 44),
(177, 42),
(177, 44),
(178, 42),
(178, 44),
(179, 42),
(179, 44),
(180, 42),
(180, 44),
(181, 42),
(181, 44),
(182, 42),
(182, 44),
(183, 42),
(183, 44);

-- oc_product_to_store PRIMARY KEY (`product_id`,`store_id`)
INSERT IGNORE INTO `oc_product_to_store` (`product_id`, `store_id`, `product_version_id`, `quantity`, `cost_price`) VALUES
(154, 0, 13, 0, '0.0000'),
(153, 0, 0, 15, '0.0000'),
(152, 0, 0, 15, '0.0000'),
(151, 0, 7, 0, '0.0000'),
(160, 0, 0, 20, '0.0000'),
(159, 0, 0, 20, '0.0000'),
(179, 0, 0, 16, '0.0000'),
(177, 0, 0, 16, '0.0000'),
(174, 0, 0, 20, '0.0000'),
(142, 0, 0, 25, '0.0000'),
(181, 0, 0, 16, '0.0000'),
(141, 0, 0, 25, '0.0000'),
(140, 0, 0, 25, '0.0000'),
(146, 0, 0, 25, '0.0000'),
(139, 0, 0, 30, '0.0000'),
(144, 0, 0, 25, '0.0000'),
(138, 0, 0, 30, '0.0000'),
(150, 0, 10, 0, '0.0000'),
(155, 0, 18, 0, '0.0000'),
(136, 0, 0, 30, '0.0000'),
(145, 0, 0, 25, '0.0000'),
(134, 0, 0, 30, '0.0000'),
(137, 0, 0, 30, '0.0000'),
(133, 0, 0, 30, '0.0000'),
(135, 0, 0, 30, '0.0000'),
(132, 0, 0, 30, '0.0000'),
(143, 0, 0, 25, '0.0000'),
(147, 0, 0, 25, '0.0000'),
(158, 0, 0, 20, '0.0000'),
(168, 0, 0, 25, '0.0000'),
(170, 0, 0, 25, '0.0000'),
(163, 0, 0, 20, '0.0000'),
(172, 0, 0, 20, '0.0000'),
(156, 0, 0, 20, '0.0000'),
(166, 0, 0, 15, '0.0000'),
(157, 0, 0, 20, '0.0000'),
(161, 0, 0, 20, '0.0000'),
(169, 0, 0, 25, '0.0000'),
(162, 0, 0, 20, '0.0000'),
(171, 0, 0, 25, '0.0000'),
(164, 0, 0, 15, '0.0000'),
(173, 0, 0, 20, '0.0000'),
(165, 0, 0, 15, '0.0000'),
(175, 0, 0, 20, '0.0000'),
(176, 0, 0, 16, '0.0000'),
(167, 0, 0, 15, '0.0000'),
(178, 0, 0, 16, '0.0000'),
(148, 0, 3, 0, '0.0000'),
(180, 0, 0, 16, '0.0000'),
(149, 0, 4, 0, '0.0000'),
(182, 0, 0, 16, '0.0000'),
(183, 0, 0, 16, '0.0000'),
(148, 0, 2, 0, '0.0000'),
(148, 0, 1, 0, '0.0000'),
(149, 0, 5, 0, '0.0000'),
(149, 0, 6, 0, '0.0000'),
(151, 0, 8, 0, '0.0000'),
(151, 0, 9, 0, '0.0000'),
(150, 0, 11, 0, '0.0000'),
(150, 0, 12, 0, '0.0000'),
(154, 0, 14, 0, '0.0000'),
(154, 0, 15, 0, '0.0000'),
(155, 0, 17, 0, '0.0000'),
(155, 0, 16, 0, '0.0000');