-- oc_product PRIMARY KEY (`product_id`)
-- delete first
INSERT IGNORE INTO `oc_product` (`product_id`, `model`, `sku`, `common_barcode`, `common_sku`, `common_compare_price`, `common_price`, `common_cost_price`, `barcode`, `upc`, `ean`, `jan`, `isbn`, `mpn`, `location`, `quantity`, `sale_on_out_of_stock`, `stock_status_id`, `image`, `image_alt`, `multi_versions`, `manufacturer_id`, `shipping`, `price`, `price_currency_id`, `compare_price`, `c_price_currency_id`, `points`, `tax_class_id`, `date_available`, `weight`, `weight_class_id`, `length`, `width`, `height`, `length_class_id`, `subtract`, `minimum`, `sort_order`, `status`, `channel`, `viewed`, `demo`, `deleted`, `default_store_id`, `date_added`, `date_modified`) VALUES
(104, '', '', '', '', '0.0000', '0.0000', '0.0000', '', '', '', '', '', '', '', 0, 0, 0, 'https://2.pik.vn/20209ed8d3e5-f16a-48a7-97c3-afbecb3c0e83.jpg', '', 0, 26, 1, '499000.0000', 1, '599000.0000', 1, 0, 0, '0000-00-00', '500.00000000', 1, '0.00000000', '0.00000000', '0.00000000', 0, 1, 1, 0, 1, 2, 0, 1, NULL, 0, '2020-06-09 17:50:59', '2020-06-09 17:50:59'),
(105, '', '', '', '', '0.0000', '0.0000', '0.0000', '', '', '', '', '', '', '', 0, 0, 0, 'https://2.pik.vn/2020e75418de-aa87-4af8-a37c-c8201ef50716.jpg', '', 0, 26, 1, '499000.0000', 1, '599000.0000', 1, 0, 0, '0000-00-00', '500.00000000', 1, '0.00000000', '0.00000000', '0.00000000', 0, 1, 1, 0, 1, 2, 0, 1, NULL, 0, '2020-06-09 17:50:59', '2020-06-09 17:50:59'),
(106, '', '', '', '', '0.0000', '0.0000', '0.0000', '', '', '', '', '', '', '', 0, 0, 0, 'https://2.pik.vn/2020e06602d8-6162-456c-86af-9f013c2dd601.jpg', '', 0, 26, 1, '499000.0000', 1, '599000.0000', 1, 0, 0, '0000-00-00', '500.00000000', 1, '0.00000000', '0.00000000', '0.00000000', 0, 1, 1, 0, 1, 2, 0, 1, NULL, 0, '2020-06-09 17:50:59', '2020-06-09 17:50:59'),
(107, '', '', '', '', '0.0000', '0.0000', '0.0000', '', '', '', '', '', '', '', 0, 0, 0, 'https://2.pik.vn/20204524bc56-1184-43c1-bda7-a9d73c749926.jpg', '', 0, 26, 1, '499000.0000', 1, '599000.0000', 1, 0, 0, '0000-00-00', '500.00000000', 1, '0.00000000', '0.00000000', '0.00000000', 0, 1, 1, 0, 1, 2, 0, 1, NULL, 0, '2020-06-09 17:50:59', '2020-06-09 17:50:59'),
(108, '', '', '', '', '0.0000', '0.0000', '0.0000', '', '', '', '', '', '', '', 0, 0, 0, 'https://2.pik.vn/2020ede6c474-bb04-4f8e-9eff-ad83ee39777f.jpg', '', 0, 26, 1, '499000.0000', 1, '599000.0000', 1, 0, 0, '0000-00-00', '500.00000000', 1, '0.00000000', '0.00000000', '0.00000000', 0, 1, 1, 0, 1, 2, 0, 1, NULL, 0, '2020-06-09 17:50:59', '2020-06-09 17:50:59'),
(109, '', '', '', '', '0.0000', '0.0000', '0.0000', '', '', '', '', '', '', '', 0, 0, 0, 'https://2.pik.vn/20201fc77ad9-86cb-4059-baaa-d3a02e9facca.jpg', '', 0, 26, 1, '499000.0000', 1, '599000.0000', 1, 0, 0, '0000-00-00', '500.00000000', 1, '0.00000000', '0.00000000', '0.00000000', 0, 1, 1, 0, 1, 2, 0, 1, NULL, 0, '2020-06-09 17:50:59', '2020-06-09 17:50:59'),
(110, '', '', '', '', '0.0000', '0.0000', '0.0000', '', '', '', '', '', '', '', 0, 0, 0, 'https://2.pik.vn/20204db40300-5921-41bc-99c7-d95a8cafd193.jpg', '', 0, 26, 1, '499000.0000', 1, '599000.0000', 1, 0, 0, '0000-00-00', '500.00000000', 1, '0.00000000', '0.00000000', '0.00000000', 0, 1, 1, 0, 1, 2, 0, 1, NULL, 0, '2020-06-09 17:50:59', '2020-06-09 17:50:59'),
(111, '', '', '', '', '0.0000', '0.0000', '0.0000', '', '', '', '', '', '', '', 0, 0, 0, 'https://2.pik.vn/20201f1c7af1-02bd-4c51-817a-732a0d29d434.jpg', '', 0, 26, 1, '499000.0000', 1, '599000.0000', 1, 0, 0, '0000-00-00', '500.00000000', 1, '0.00000000', '0.00000000', '0.00000000', 0, 1, 1, 0, 1, 2, 0, 1, NULL, 0, '2020-06-09 17:50:59', '2020-06-09 17:50:59'),
(112, '', '', '', '', '0.0000', '0.0000', '0.0000', '', '', '', '', '', '', '', 0, 0, 0, 'https://2.pik.vn/20205fc54653-3cbb-4274-af9d-792cdfe47fe6.jpg', '', 0, 26, 1, '499000.0000', 1, '599000.0000', 1, 0, 0, '0000-00-00', '500.00000000', 1, '0.00000000', '0.00000000', '0.00000000', 0, 1, 1, 0, 1, 2, 0, 1, NULL, 0, '2020-06-09 17:50:59', '2020-06-09 17:50:59'),
(113, '', '', '', '', '0.0000', '0.0000', '0.0000', '', '', '', '', '', '', '', 0, 0, 0, 'https://2.pik.vn/2020f3e60b4e-b2e7-4b71-8d78-5f63620c8ac7.jpg', '', 0, 26, 1, '499000.0000', 1, '599000.0000', 1, 0, 0, '0000-00-00', '500.00000000', 1, '0.00000000', '0.00000000', '0.00000000', 0, 1, 1, 0, 1, 2, 0, 1, NULL, 0, '2020-06-09 17:50:59', '2020-06-09 17:50:59'),
(114, '', '', '', '', '0.0000', '0.0000', '0.0000', '', '', '', '', '', '', '', 0, 0, 0, 'https://2.pik.vn/2020b0cbe789-54f4-4246-ad24-604b6fbf8161.jpg', '', 0, 26, 1, '499000.0000', 1, '599000.0000', 1, 0, 0, '0000-00-00', '500.00000000', 1, '0.00000000', '0.00000000', '0.00000000', 0, 1, 1, 0, 1, 2, 0, 1, NULL, 0, '2020-06-09 17:50:59', '2020-06-09 17:50:59'),
(115, '', '', '', '', '0.0000', '0.0000', '0.0000', '', '', '', '', '', '', '', 0, 0, 0, 'https://2.pik.vn/20201c7683f0-093a-42f6-a215-4bbe527314bb.png', '', 0, 26, 1, '499000.0000', 1, '599000.0000', 1, 0, 0, '0000-00-00', '500.00000000', 1, '0.00000000', '0.00000000', '0.00000000', 0, 1, 1, 0, 1, 2, 0, 1, NULL, 0, '2020-06-09 17:50:59', '2020-06-09 17:50:59'),
(116, '', '', '', '', '0.0000', '0.0000', '0.0000', '', '', '', '', '', '', '', 0, 0, 0, 'https://2.pik.vn/2020f0028a91-1412-4731-b6e3-c8a6110b4ea2.jpg', '', 0, 26, 1, '499000.0000', 1, '599000.0000', 1, 0, 0, '0000-00-00', '500.00000000', 1, '0.00000000', '0.00000000', '0.00000000', 0, 1, 1, 0, 1, 2, 0, 1, NULL, 0, '2020-06-09 17:50:59', '2020-06-09 17:50:59'),
(117, '', '', '', '', '0.0000', '0.0000', '0.0000', '', '', '', '', '', '', '', 0, 0, 0, 'https://2.pik.vn/2020cfc8e4cb-d80e-41d8-8d19-25f93496fc2a.jpg', '', 0, 26, 1, '499000.0000', 1, '599000.0000', 1, 0, 0, '0000-00-00', '500.00000000', 1, '0.00000000', '0.00000000', '0.00000000', 0, 1, 1, 0, 1, 2, 0, 1, NULL, 0, '2020-06-09 17:50:59', '2020-06-09 17:50:59'),
(118, '', '', '', '', '0.0000', '0.0000', '0.0000', '', '', '', '', '', '', '', 0, 0, 0, 'https://2.pik.vn/2020dfc16b74-b265-43f9-afa4-8145d313c70f.jpg', '', 0, 26, 1, '499000.0000', 1, '599000.0000', 1, 0, 0, '0000-00-00', '500.00000000', 1, '0.00000000', '0.00000000', '0.00000000', 0, 1, 1, 0, 1, 2, 0, 1, NULL, 0, '2020-06-09 17:50:59', '2020-06-09 17:50:59'),
(119, '', '', '', '', '0.0000', '0.0000', '0.0000', '', '', '', '', '', '', '', 0, 0, 0, 'https://2.pik.vn/202042ff250a-cc98-4bea-97f2-a502800eefa8.jpg', '', 0, 26, 1, '499000.0000', 1, '599000.0000', 1, 0, 0, '0000-00-00', '500.00000000', 1, '0.00000000', '0.00000000', '0.00000000', 0, 1, 1, 0, 1, 2, 0, 1, NULL, 0, '2020-06-09 17:50:59', '2020-06-09 17:50:59'),
(120, '', '', '', '', '0.0000', '0.0000', '0.0000', '', '', '', '', '', '', '', 0, 0, 0, 'https://2.pik.vn/2020cf8f5821-3007-41fe-9c97-8ab57cc50c70.jpg', '', 0, 26, 1, '499000.0000', 1, '699000.0000', 1, 0, 0, '0000-00-00', '500.00000000', 1, '0.00000000', '0.00000000', '0.00000000', 0, 1, 1, 0, 1, 2, 0, 1, NULL, 0, '2020-06-09 17:50:59', '2020-06-09 20:37:53'),
(121, '', '', '', '', '0.0000', '0.0000', '0.0000', '', '', '', '', '', '', '', 0, 0, 0, 'https://2.pik.vn/20208e3c7ca6-1150-4f8d-bb38-4ab31fc60e51.jpg', '', 0, 26, 1, '499000.0000', 1, '599000.0000', 1, 0, 0, '0000-00-00', '500.00000000', 1, '0.00000000', '0.00000000', '0.00000000', 0, 1, 1, 0, 1, 2, 0, 1, NULL, 0, '2020-06-09 17:50:59', '2020-06-09 17:50:59'),
(122, '', '', '', '', '0.0000', '0.0000', '0.0000', '', '', '', '', '', '', '', 0, 0, 0, 'https://2.pik.vn/2020de762b31-5ac6-45b3-9529-20b17417ce06.jpg', '', 0, 26, 1, '499000.0000', 1, '599000.0000', 1, 0, 0, '0000-00-00', '500.00000000', 1, '0.00000000', '0.00000000', '0.00000000', 0, 1, 1, 0, 1, 2, 0, 1, NULL, 0, '2020-06-09 17:50:59', '2020-06-09 17:50:59'),
(123, '', '', '', '', '0.0000', '0.0000', '0.0000', '', '', '', '', '', '', '', 0, 0, 0, 'https://2.pik.vn/20203e9203ca-37b1-4cfa-9250-7b7ed13d6446.jpg', '', 0, 26, 1, '499000.0000', 1, '599000.0000', 1, 0, 0, '0000-00-00', '500.00000000', 1, '0.00000000', '0.00000000', '0.00000000', 0, 1, 1, 0, 1, 2, 0, 1, NULL, 0, '2020-06-09 17:50:59', '2020-06-09 17:50:59'),
(124, '', '', '', '', '0.0000', '0.0000', '0.0000', '', '', '', '', '', '', '', 0, 0, 0, 'https://2.pik.vn/2020181d6438-8fb5-4f27-b4b3-6143e035b754.png', '', 0, 26, 1, '499000.0000', 1, '599000.0000', 1, 0, 0, '0000-00-00', '500.00000000', 1, '0.00000000', '0.00000000', '0.00000000', 0, 1, 1, 0, 1, 2, 0, 1, NULL, 0, '2020-06-09 17:50:59', '2020-06-09 17:50:59'),
(125, '', '', '', '', '0.0000', '0.0000', '0.0000', '', '', '', '', '', '', '', 0, 0, 0, 'https://2.pik.vn/2020c057c3e8-534e-41ff-bdf7-6ead16eccee9.png', '', 0, 26, 1, '499000.0000', 1, '599000.0000', 1, 0, 0, '0000-00-00', '500.00000000', 1, '0.00000000', '0.00000000', '0.00000000', 0, 1, 1, 0, 1, 2, 0, 1, NULL, 0, '2020-06-09 17:50:59', '2020-06-09 17:50:59'),
(126, '', '', '', '', '0.0000', '0.0000', '0.0000', '', '', '', '', '', '', '', 0, 0, 0, 'https://2.pik.vn/2020c32f96ac-ec40-4cb5-97d1-626fdfb05120.jpg', '', 0, 26, 1, '499000.0000', 1, '599000.0000', 1, 0, 0, '0000-00-00', '500.00000000', 1, '0.00000000', '0.00000000', '0.00000000', 0, 1, 1, 0, 1, 2, 0, 1, NULL, 0, '2020-06-09 17:50:59', '2020-06-09 17:50:59'),
(127, '', '', '', '', '0.0000', '0.0000', '0.0000', '', '', '', '', '', '', '', 0, 0, 0, 'https://2.pik.vn/202021ace2ea-a975-4e79-a047-892674ad4629.jpg', '', 0, 26, 1, '499000.0000', 1, '599000.0000', 1, 0, 0, '0000-00-00', '500.00000000', 1, '0.00000000', '0.00000000', '0.00000000', 0, 1, 1, 0, 1, 2, 0, 1, NULL, 0, '2020-06-09 17:50:59', '2020-06-09 17:50:59'),
(128, '', '', '', '', '0.0000', '0.0000', '0.0000', '', '', '', '', '', '', '', 0, 0, 0, 'https://2.pik.vn/20205b5be943-f5dc-4a4e-a1a4-766c26e19c1c.jpg', '', 0, 26, 1, '499000.0000', 1, '599000.0000', 1, 0, 0, '0000-00-00', '500.00000000', 1, '0.00000000', '0.00000000', '0.00000000', 0, 1, 1, 0, 1, 2, 0, 1, NULL, 0, '2020-06-09 17:50:59', '2020-06-09 17:50:59'),
(129, '', '', '', '', '0.0000', '0.0000', '0.0000', '', '', '', '', '', '', '', 0, 0, 0, 'https://2.pik.vn/20206d07350d-0b13-4737-b089-82e1d63ba904.jpg', '', 0, 26, 1, '499000.0000', 1, '599000.0000', 1, 0, 0, '0000-00-00', '500.00000000', 1, '0.00000000', '0.00000000', '0.00000000', 0, 1, 1, 0, 1, 2, 0, 1, NULL, 0, '2020-06-09 17:50:59', '2020-06-09 17:50:59'),
(130, '', '', '', '', '0.0000', '0.0000', '0.0000', '', '', '', '', '', '', '', 0, 0, 0, 'https://2.pik.vn/2020105c4d37-5ed2-4653-a4a4-24039929891c.png', '', 0, 26, 1, '499000.0000', 1, '599000.0000', 1, 0, 0, '0000-00-00', '500.00000000', 1, '0.00000000', '0.00000000', '0.00000000', 0, 1, 1, 0, 1, 2, 0, 1, NULL, 0, '2020-06-09 17:50:59', '2020-06-09 17:50:59'),
(131, '', '', '', '', '0.0000', '0.0000', '0.0000', '', '', '', '', '', '', '', 0, 0, 0, 'https://2.pik.vn/2020f92fba6d-d431-4c95-a2c8-0bfea2ede436.png', '', 0, 26, 1, '499000.0000', 1, '599000.0000', 1, 0, 0, '0000-00-00', '500.00000000', 1, '0.00000000', '0.00000000', '0.00000000', 0, 1, 1, 0, 1, 2, 0, 1, NULL, 0, '2020-06-09 17:50:59', '2020-06-09 17:50:59');

-- restore soft-deleted products if demo
UPDATE `oc_product` SET `deleted` = NULL
WHERE `demo` = 1
  AND `product_id` IN (
      104,
      105,
      106,
      107,
      108,
      109,
      110,
      111,
      112,
      113,
      114,
      115,
      116,
      117,
      118,
      119,
      120,
      121,
      122,
      123,
      124,
      125,
      126,
      127,
      128,
      129,
      130,
      131
  );

-- oc_product_collection PRIMARY KEY (`product_collection_id`)
INSERT IGNORE INTO `oc_product_collection` (`product_collection_id`, `product_id`, `collection_id`, `sort_order`) VALUES
(147, 120, 8, 0),
(145, 121, 8, 0),
(144, 122, 8, 0),
(143, 123, 8, 0),
(142, 124, 8, 0),
(141, 125, 8, 0),
(140, 126, 8, 0),
(139, 127, 8, 0),
(138, 128, 8, 0),
(137, 129, 8, 0),
(136, 130, 8, 0),
(135, 131, 8, 0);

-- oc_product_description PRIMARY KEY (`product_id`,`language_id`)
INSERT IGNORE INTO `oc_product_description` (`product_id`, `language_id`, `name`, `description`, `sub_description`, `seo_title`, `seo_description`, `tag`, `meta_title`, `meta_description`, `meta_keyword`) VALUES
(104, 2, 'Váy đầm dự tiệc sang trọng - Độc đáo - Giá cả hợp lý VD01', ' - Váy suông ren là  item chưa bao giờ hết hot, mang đến vẻ quyến rũ cho phái đẹp và đặc biệt giúp bạn che đi khuyết điểm cơ thể mình. \n- Chất liệu ren gợi cảm, sang trọng mang lại cho quý cô phong cách thời trang thời thượng và thanh lịch.', '', '', '', '', '', '', ''),
(105, 2, 'Váy đầm dự tiệc sang trọng - Độc đáo - Giá cả hợp lý VD02', ' - Váy suông ren là  item chưa bao giờ hết hot, mang đến vẻ quyến rũ cho phái đẹp và đặc biệt giúp bạn che đi khuyết điểm cơ thể mình. \n- Chất liệu ren gợi cảm, sang trọng mang lại cho quý cô phong cách thời trang thời thượng và thanh lịch.', '', '', '', '', '', '', ''),
(106, 2, 'Váy đầm dự tiệc sang trọng - Độc đáo - Giá cả hợp lý VD03', ' - Váy suông ren là  item chưa bao giờ hết hot, mang đến vẻ quyến rũ cho phái đẹp và đặc biệt giúp bạn che đi khuyết điểm cơ thể mình. \n- Chất liệu ren gợi cảm, sang trọng mang lại cho quý cô phong cách thời trang thời thượng và thanh lịch.', '', '', '', '', '', '', ''),
(107, 2, 'Váy đầm dự tiệc sang trọng - Độc đáo - Giá cả hợp lý VD04', ' - Váy suông ren là  item chưa bao giờ hết hot, mang đến vẻ quyến rũ cho phái đẹp và đặc biệt giúp bạn che đi khuyết điểm cơ thể mình. \n- Chất liệu ren gợi cảm, sang trọng mang lại cho quý cô phong cách thời trang thời thượng và thanh lịch.', '', '', '', '', '', '', ''),
(108, 2, 'Váy đầm dự tiệc sang trọng - Độc đáo - Giá cả hợp lý VD05', ' - Váy suông ren là  item chưa bao giờ hết hot, mang đến vẻ quyến rũ cho phái đẹp và đặc biệt giúp bạn che đi khuyết điểm cơ thể mình. \n- Chất liệu ren gợi cảm, sang trọng mang lại cho quý cô phong cách thời trang thời thượng và thanh lịch.', '', '', '', '', '', '', ''),
(109, 2, 'Váy đầm dự tiệc sang trọng - Độc đáo - Giá cả hợp lý VD06', ' - Váy suông ren là  item chưa bao giờ hết hot, mang đến vẻ quyến rũ cho phái đẹp và đặc biệt giúp bạn che đi khuyết điểm cơ thể mình. \n- Chất liệu ren gợi cảm, sang trọng mang lại cho quý cô phong cách thời trang thời thượng và thanh lịch.', '', '', '', '', '', '', ''),
(110, 2, 'Váy đầm dự tiệc sang trọng - Độc đáo - Giá cả hợp lý VD07', ' - Váy suông ren là  item chưa bao giờ hết hot, mang đến vẻ quyến rũ cho phái đẹp và đặc biệt giúp bạn che đi khuyết điểm cơ thể mình. \n- Chất liệu ren gợi cảm, sang trọng mang lại cho quý cô phong cách thời trang thời thượng và thanh lịch.', '', '', '', '', '', '', ''),
(111, 2, 'Váy đầm dự tiệc sang trọng - Độc đáo - Giá cả hợp lý VD08', ' - Váy suông ren là  item chưa bao giờ hết hot, mang đến vẻ quyến rũ cho phái đẹp và đặc biệt giúp bạn che đi khuyết điểm cơ thể mình. \n- Chất liệu ren gợi cảm, sang trọng mang lại cho quý cô phong cách thời trang thời thượng và thanh lịch.', '', '', '', '', '', '', ''),
(112, 2, 'Váy đầm dự tiệc sang trọng - Độc đáo - Giá cả hợp lý VD09', ' - Váy suông ren là  item chưa bao giờ hết hot, mang đến vẻ quyến rũ cho phái đẹp và đặc biệt giúp bạn che đi khuyết điểm cơ thể mình. \n- Chất liệu ren gợi cảm, sang trọng mang lại cho quý cô phong cách thời trang thời thượng và thanh lịch.', '', '', '', '', '', '', ''),
(113, 2, 'Váy đầm dự tiệc sang trọng - Độc đáo - Giá cả hợp lý VD10', ' - Váy suông ren là  item chưa bao giờ hết hot, mang đến vẻ quyến rũ cho phái đẹp và đặc biệt giúp bạn che đi khuyết điểm cơ thể mình. \n- Chất liệu ren gợi cảm, sang trọng mang lại cho quý cô phong cách thời trang thời thượng và thanh lịch.', '', '', '', '', '', '', ''),
(114, 2, 'Váy đầm dự tiệc sang trọng - Độc đáo - Giá cả hợp lý VD11', ' - Váy suông ren là  item chưa bao giờ hết hot, mang đến vẻ quyến rũ cho phái đẹp và đặc biệt giúp bạn che đi khuyết điểm cơ thể mình. \n- Chất liệu ren gợi cảm, sang trọng mang lại cho quý cô phong cách thời trang thời thượng và thanh lịch.', '', '', '', '', '', '', ''),
(115, 2, 'Váy đầm dự tiệc sang trọng - Độc đáo - Giá cả hợp lý VD12', ' - Váy suông ren là  item chưa bao giờ hết hot, mang đến vẻ quyến rũ cho phái đẹp và đặc biệt giúp bạn che đi khuyết điểm cơ thể mình. \n- Chất liệu ren gợi cảm, sang trọng mang lại cho quý cô phong cách thời trang thời thượng và thanh lịch.', '', '', '', '', '', '', ''),
(116, 2, 'Váy đầm dự tiệc sang trọng - Độc đáo - Giá cả hợp lý VD13', ' - Váy suông ren là  item chưa bao giờ hết hot, mang đến vẻ quyến rũ cho phái đẹp và đặc biệt giúp bạn che đi khuyết điểm cơ thể mình. \n- Chất liệu ren gợi cảm, sang trọng mang lại cho quý cô phong cách thời trang thời thượng và thanh lịch.', '', '', '', '', '', '', ''),
(117, 2, 'Váy đầm dự tiệc sang trọng - Độc đáo - Giá cả hợp lý VD14', ' - Váy suông ren là  item chưa bao giờ hết hot, mang đến vẻ quyến rũ cho phái đẹp và đặc biệt giúp bạn che đi khuyết điểm cơ thể mình. \n- Chất liệu ren gợi cảm, sang trọng mang lại cho quý cô phong cách thời trang thời thượng và thanh lịch.', '', '', '', '', '', '', ''),
(118, 2, 'Váy đầm dự tiệc sang trọng - Độc đáo - Giá cả hợp lý VD15', ' - Váy suông ren là  item chưa bao giờ hết hot, mang đến vẻ quyến rũ cho phái đẹp và đặc biệt giúp bạn che đi khuyết điểm cơ thể mình. \n- Chất liệu ren gợi cảm, sang trọng mang lại cho quý cô phong cách thời trang thời thượng và thanh lịch.', '', '', '', '', '', '', ''),
(119, 2, 'Váy đầm dự tiệc sang trọng - Độc đáo - Giá cả hợp lý VD16', ' - Váy suông ren là  item chưa bao giờ hết hot, mang đến vẻ quyến rũ cho phái đẹp và đặc biệt giúp bạn che đi khuyết điểm cơ thể mình. \n- Chất liệu ren gợi cảm, sang trọng mang lại cho quý cô phong cách thời trang thời thượng và thanh lịch.', '', '', '', '', '', '', ''),
(120, 2, 'Váy đầm dự tiệc sang trọng - Độc đáo - Giá cả hợp lý VD17', '&lt;p&gt;- Váy suông ren là item chưa bao giờ hết hot, mang đến vẻ quyến rũ cho phái đẹp và đặc biệt giúp bạn che đi khuyết điểm cơ thể mình. - Chất liệu ren gợi cảm, sang trọng mang lại cho quý cô phong cách thời trang thời thượng và thanh lịch.&lt;/p&gt;', '', '', '', '', '', '', ''),
(121, 2, 'Váy đầm dự tiệc sang trọng - Độc đáo - Giá cả hợp lý VD18', ' - Váy suông ren là  item chưa bao giờ hết hot, mang đến vẻ quyến rũ cho phái đẹp và đặc biệt giúp bạn che đi khuyết điểm cơ thể mình. \n- Chất liệu ren gợi cảm, sang trọng mang lại cho quý cô phong cách thời trang thời thượng và thanh lịch.', '', '', '', '', '', '', ''),
(122, 2, 'Váy đầm dự tiệc sang trọng - Độc đáo - Giá cả hợp lý VD19', ' - Váy suông ren là  item chưa bao giờ hết hot, mang đến vẻ quyến rũ cho phái đẹp và đặc biệt giúp bạn che đi khuyết điểm cơ thể mình. \n- Chất liệu ren gợi cảm, sang trọng mang lại cho quý cô phong cách thời trang thời thượng và thanh lịch.', '', '', '', '', '', '', ''),
(123, 2, 'Váy đầm dự tiệc sang trọng - Độc đáo - Giá cả hợp lý VD20', ' - Váy suông ren là  item chưa bao giờ hết hot, mang đến vẻ quyến rũ cho phái đẹp và đặc biệt giúp bạn che đi khuyết điểm cơ thể mình. \n- Chất liệu ren gợi cảm, sang trọng mang lại cho quý cô phong cách thời trang thời thượng và thanh lịch.', '', '', '', '', '', '', ''),
(124, 2, 'Váy đầm dự tiệc sang trọng - Độc đáo - Giá cả hợp lý VD21', ' - Váy suông ren là  item chưa bao giờ hết hot, mang đến vẻ quyến rũ cho phái đẹp và đặc biệt giúp bạn che đi khuyết điểm cơ thể mình. \n- Chất liệu ren gợi cảm, sang trọng mang lại cho quý cô phong cách thời trang thời thượng và thanh lịch.', '', '', '', '', '', '', ''),
(125, 2, 'Váy đầm dự tiệc sang trọng - Độc đáo - Giá cả hợp lý VD22', ' - Váy suông ren là  item chưa bao giờ hết hot, mang đến vẻ quyến rũ cho phái đẹp và đặc biệt giúp bạn che đi khuyết điểm cơ thể mình. \n- Chất liệu ren gợi cảm, sang trọng mang lại cho quý cô phong cách thời trang thời thượng và thanh lịch.', '', '', '', '', '', '', ''),
(126, 2, 'Váy đầm dự tiệc sang trọng - Độc đáo - Giá cả hợp lý VD23', ' - Váy suông ren là  item chưa bao giờ hết hot, mang đến vẻ quyến rũ cho phái đẹp và đặc biệt giúp bạn che đi khuyết điểm cơ thể mình. \n- Chất liệu ren gợi cảm, sang trọng mang lại cho quý cô phong cách thời trang thời thượng và thanh lịch.', '', '', '', '', '', '', ''),
(127, 2, 'Váy đầm dự tiệc sang trọng - Độc đáo - Giá cả hợp lý VD24', ' - Váy suông ren là  item chưa bao giờ hết hot, mang đến vẻ quyến rũ cho phái đẹp và đặc biệt giúp bạn che đi khuyết điểm cơ thể mình. \n- Chất liệu ren gợi cảm, sang trọng mang lại cho quý cô phong cách thời trang thời thượng và thanh lịch.', '', '', '', '', '', '', ''),
(128, 2, 'Váy đầm dự tiệc sang trọng - Độc đáo - Giá cả hợp lý VD25', ' - Váy suông ren là  item chưa bao giờ hết hot, mang đến vẻ quyến rũ cho phái đẹp và đặc biệt giúp bạn che đi khuyết điểm cơ thể mình. \n- Chất liệu ren gợi cảm, sang trọng mang lại cho quý cô phong cách thời trang thời thượng và thanh lịch.', '', '', '', '', '', '', ''),
(129, 2, 'Váy đầm dự tiệc sang trọng - Độc đáo - Giá cả hợp lý VD26', ' - Váy suông ren là  item chưa bao giờ hết hot, mang đến vẻ quyến rũ cho phái đẹp và đặc biệt giúp bạn che đi khuyết điểm cơ thể mình. \n- Chất liệu ren gợi cảm, sang trọng mang lại cho quý cô phong cách thời trang thời thượng và thanh lịch.', '', '', '', '', '', '', ''),
(130, 2, 'Váy đầm dự tiệc sang trọng - Độc đáo - Giá cả hợp lý VD27', ' - Váy suông ren là  item chưa bao giờ hết hot, mang đến vẻ quyến rũ cho phái đẹp và đặc biệt giúp bạn che đi khuyết điểm cơ thể mình. \n- Chất liệu ren gợi cảm, sang trọng mang lại cho quý cô phong cách thời trang thời thượng và thanh lịch.', '', '', '', '', '', '', ''),
(131, 2, 'Váy đầm dự tiệc sang trọng - Độc đáo - Giá cả hợp lý VD28', ' - Váy suông ren là  item chưa bao giờ hết hot, mang đến vẻ quyến rũ cho phái đẹp và đặc biệt giúp bạn che đi khuyết điểm cơ thể mình. \n- Chất liệu ren gợi cảm, sang trọng mang lại cho quý cô phong cách thời trang thời thượng và thanh lịch.', '', '', '', '', '', '', '');

-- oc_product_image PRIMARY KEY (`product_image_id`)
-- INSERT IGNORE INTO `oc_product_image` (`product_image_id`, `product_id`, `image`, `image_alt`, `sort_order`) VALUES
-- nothing

-- oc_product_to_category PRIMARY KEY (`product_id`,`category_id`)
INSERT IGNORE INTO `oc_product_to_category` (`product_id`, `category_id`) VALUES
(104, 21),
(105, 22),
(106, 23),
(107, 24),
(108, 25),
(109, 26),
(110, 27),
(111, 21),
(112, 22),
(113, 23),
(114, 24),
(115, 25),
(116, 26),
(117, 27),
(118, 21),
(119, 22),
(120, 21),
(120, 23),
(120, 24),
(120, 27),
(121, 24),
(121, 27),
(122, 25),
(122, 27),
(123, 26),
(124, 23),
(124, 27),
(125, 23),
(125, 27),
(126, 23),
(126, 27),
(127, 23),
(127, 27),
(128, 23),
(128, 27),
(129, 23),
(129, 27),
(130, 23),
(130, 27),
(131, 23),
(131, 27);

-- oc_product_to_store PRIMARY KEY (`product_id`,`store_id`)
INSERT IGNORE INTO `oc_product_to_store` (`product_id`, `store_id`, `product_version_id`, `quantity`, `cost_price`) VALUES
(104, 0, 0, 50, '0.0000'),
(105, 0, 0, 50, '0.0000'),
(106, 0, 0, 50, '0.0000'),
(107, 0, 0, 50, '0.0000'),
(108, 0, 0, 50, '0.0000'),
(109, 0, 0, 50, '0.0000'),
(110, 0, 0, 50, '0.0000'),
(111, 0, 0, 50, '0.0000'),
(112, 0, 0, 50, '0.0000'),
(113, 0, 0, 49, '0.0000'),
(114, 0, 0, 50, '0.0000'),
(115, 0, 0, 50, '0.0000'),
(116, 0, 0, 50, '0.0000'),
(117, 0, 0, 50, '0.0000'),
(118, 0, 0, 50, '0.0000'),
(119, 0, 0, 50, '0.0000'),
(120, 0, 0, 50, '0.0000'),
(121, 0, 0, 50, '0.0000'),
(122, 0, 0, 50, '0.0000'),
(123, 0, 0, 50, '0.0000'),
(124, 0, 0, 50, '0.0000'),
(125, 0, 0, 49, '0.0000'),
(126, 0, 0, 50, '0.0000'),
(127, 0, 0, 50, '0.0000'),
(128, 0, 0, 50, '0.0000'),
(129, 0, 0, 50, '0.0000'),
(130, 0, 0, 50, '0.0000'),
(131, 0, 0, 50, '0.0000');