-- oc_product PRIMARY KEY (`product_id`)
-- delete first
INSERT IGNORE INTO `oc_product` (`product_id`, `model`, `sku`, `common_barcode`, `common_sku`, `common_compare_price`, `common_price`, `common_cost_price`, `barcode`, `upc`, `ean`, `jan`, `isbn`, `mpn`, `location`, `quantity`, `sale_on_out_of_stock`, `stock_status_id`, `image`, `image_alt`, `multi_versions`, `manufacturer_id`, `shipping`, `price`, `price_currency_id`, `compare_price`, `c_price_currency_id`, `points`, `tax_class_id`, `date_available`, `weight`, `weight_class_id`, `length`, `width`, `height`, `length_class_id`, `subtract`, `minimum`, `sort_order`, `status`, `channel`, `viewed`, `demo`, `deleted`, `default_store_id`, `date_added`, `date_modified`) VALUES
(147, '', '', '', '', '0.0000', '0.0000', '0.0000', '', '', '', '', '', '', '', 0, 1, 0, 'https://cdn.bestme.asia/images/kafe/banana-smoothie-700-519.jpg', '', 0, 5, 1, '0.0000', 1, '70000.0000', 1, 0, 0, '0000-00-00', '545.00000000', 1, '0.00000000', '0.00000000', '0.00000000', 0, 1, 1, 0, 1, 0, 0, 0, NULL, 1, '2021-03-22 17:21:11', '2021-03-22 17:21:11'),
(146, '', '', '', '', '0.0000', '0.0000', '0.0000', '', '', '', '', '', '', '', 0, 1, 0, 'https://cdn.bestme.asia/images/kafe/do-uong-healthy.jpg', '', 0, 5, 1, '0.0000', 1, '80000.0000', 1, 0, 0, '0000-00-00', '458.00000000', 1, '0.00000000', '0.00000000', '0.00000000', 0, 1, 1, 0, 1, 0, 0, 0, NULL, 1, '2021-03-22 17:18:54', '2021-03-22 17:18:54'),
(145, '', '', '', '', '0.0000', '0.0000', '0.0000', '', '', '', '', '', '', '', 0, 1, 0, 'https://cdn.bestme.asia/images/kafe/healthy-drink-green-smoothie-gettyimages-158311554.jpg', '', 0, 5, 1, '0.0000', 1, '69000.0000', 1, 0, 0, '0000-00-00', '456.00000000', 1, '0.00000000', '0.00000000', '0.00000000', 0, 1, 1, 0, 1, 2, 0, 0, NULL, 1, '2021-03-22 17:17:18', '2021-03-22 17:17:18'),
(144, '', '', '', '', '0.0000', '0.0000', '0.0000', '', '', '', '', '', '', '', 0, 1, 0, 'https://cdn.bestme.asia/images/kafe/unnamed.jpg', '', 0, 4, 1, '0.0000', 1, '49000.0000', 1, 0, 0, '0000-00-00', '245.00000000', 1, '0.00000000', '0.00000000', '0.00000000', 0, 1, 1, 0, 1, 0, 0, 0, NULL, 1, '2021-03-22 17:08:36', '2021-03-22 17:08:36'),
(143, '', '', '', '', '0.0000', '0.0000', '0.0000', '', '', '', '', '', '', '', 0, 1, 0, 'https://cdn.bestme.asia/images/kafe/nuoc-ep-oi-co-tac-dung-gi-va-cach-uong-nuoc-ep-oi-b540e37aa15d4a39829a59e438d4f6bd_15762103106841598-1596523408-11-width700height700.jpg', '', 0, 4, 1, '0.0000', 1, '39000.0000', 1, 0, 0, '0000-00-00', '1465.00000000', 1, '0.00000000', '0.00000000', '0.00000000', 0, 1, 1, 0, 1, 0, 0, 0, NULL, 1, '2021-03-22 17:06:50', '2021-03-22 17:06:50'),
(142, '', '', '', '', '0.0000', '0.0000', '0.0000', '', '', '', '', '', '', '', 0, 1, 0, 'https://cdn.bestme.asia/images/kafe/cropped-nuoc-ep-tao-tai-nha.jpg', '', 0, 4, 1, '0.0000', 1, '39000.0000', 1, 0, 0, '0000-00-00', '427.00000000', 1, '0.00000000', '0.00000000', '0.00000000', 0, 1, 1, 0, 1, 0, 0, 0, NULL, 1, '2021-03-22 17:03:39', '2021-03-22 17:03:39'),
(141, '', '', '', '', '0.0000', '0.0000', '0.0000', '', '', '', '', '', '', '', 0, 1, 0, 'https://cdn.bestme.asia/images/kafe/image-248-2.png', '', 0, 2, 1, '39000.0000', 1, '49000.0000', 1, 0, 0, '0000-00-00', '450.00000000', 1, '0.00000000', '0.00000000', '0.00000000', 0, 1, 1, 0, 1, 0, 0, 0, NULL, 1, '2021-03-22 16:53:37', '2021-03-22 16:53:37'),
(140, '', '4564215', '', '', '0.0000', '0.0000', '0.0000', '', '', '', '', '', '', '', 0, 1, 0, 'https://cdn.bestme.asia/images/kafe/image-248-1.png', '', 0, 2, 1, '39000.0000', 1, '49000.0000', 1, 0, 0, '0000-00-00', '350.00000000', 1, '0.00000000', '0.00000000', '0.00000000', 0, 1, 1, 0, 1, 0, 0, 0, NULL, 1, '2021-03-22 16:50:40', '2021-03-22 16:50:40'),
(139, '', '5452456', '', '', '0.0000', '0.0000', '0.0000', '', '', '', '', '', '', '', 0, 1, 0, 'https://cdn.bestme.asia/images/kafe/image-248.png', '', 0, 2, 1, '39000.0000', 1, '49000.0000', 1, 0, 0, '0000-00-00', '450.00000000', 1, '0.00000000', '0.00000000', '0.00000000', 0, 1, 1, 0, 1, 0, 0, 0, NULL, 1, '2021-03-22 16:48:34', '2021-03-22 16:48:34'),
(138, '', '5454735', '', '', '0.0000', '0.0000', '0.0000', '', '', '', '', '', '', '', 0, 1, 0, 'https://cdn.bestme.asia/images/kafe/image-242-4_APF6QOX.png', '', 0, 1, 1, '39000.0000', 1, '49000.0000', 1, 0, 0, '0000-00-00', '350.00000000', 1, '0.00000000', '0.00000000', '0.00000000', 0, 1, 1, 0, 1, 0, 0, 0, NULL, 1, '2021-03-22 16:42:48', '2021-03-22 16:42:48'),
(137, '', '', '', '', '0.0000', '0.0000', '0.0000', '', '', '', '', '', '', '', 0, 1, 0, 'https://cdn.bestme.asia/images/kafe/image-242-3.png', '', 0, 1, 1, '29000.0000', 1, '39000.0000', 1, 0, 0, '0000-00-00', '350.00000000', 1, '0.00000000', '0.00000000', '0.00000000', 0, 1, 1, 0, 1, 0, 0, 0, NULL, 1, '2021-03-22 16:40:26', '2021-03-22 16:40:26'),
(136, '', '147378', '', '', '0.0000', '0.0000', '0.0000', '', '', '', '', '', '', '', 0, 1, 0, 'https://cdn.bestme.asia/images/kafe/image-242-2.png', '', 0, 1, 1, '29000.0000', 1, '39000.0000', 1, 0, 0, '0000-00-00', '300.00000000', 1, '0.00000000', '0.00000000', '0.00000000', 0, 1, 1, 0, 1, 0, 0, 0, NULL, 1, '2021-03-22 16:37:21', '2021-03-22 16:38:34'),
(135, '', '', '', '', '0.0000', '0.0000', '0.0000', '', '', '', '', '', '', '', 0, 1, 0, 'https://cdn.bestme.asia/images/kafe/image-242_ROxF2Tv.png', '', 0, 1, 1, '49000.0000', 1, '59000.0000', 1, 0, 0, '0000-00-00', '300.00000000', 1, '0.00000000', '0.00000000', '0.00000000', 0, 1, 1, 0, 1, 0, 0, 0, NULL, 1, '2021-03-22 16:35:23', '2021-03-22 16:35:23'),
(134, '', '', '', '119349', '39000.0000', '29000.0000', '25000.0000', '', '', '', '', '', '', '', 0, 1, 0, 'https://cdn.bestme.asia/images/kafe/image-242-4.png', '', 1, 1, 1, '0.0000', 1, '0.0000', 1, 0, 0, '0000-00-00', '250.00000000', 1, '0.00000000', '0.00000000', '0.00000000', 0, 1, 1, 0, 1, 0, 0, 0, NULL, 1, '2021-03-22 16:30:33', '2021-03-22 16:30:33'),
(133, '', '', '', '119348', '49000.0000', '39000.0000', '20000.0000', '', '', '', '', '', '', '', 0, 1, 0, 'https://cdn.bestme.asia/images/kafe/image-242.png', '', 1, 1, 1, '0.0000', 1, '0.0000', 1, 0, 0, '0000-00-00', '250.00000000', 1, '0.00000000', '0.00000000', '0.00000000', 0, 1, 1, 0, 1, 2, 0, 0, NULL, 1, '2021-03-22 16:05:53', '2021-03-22 16:12:54');

-- restore soft-deleted products if demo
UPDATE `oc_product` SET `deleted` = NULL
WHERE `demo` = 1
  AND `product_id` IN (
      147,
      146,
      145,
      144,
      143,
      142,
      141,
      140,
      139,
      138,
      137,
      136,
      135,
      134,
      133
  );

-- oc_product_collection PRIMARY KEY (`product_collection_id`)
INSERT IGNORE INTO `oc_product_collection` (`product_collection_id`, `product_id`, `collection_id`, `sort_order`) VALUES
(161, 135, 11, 0),
(160, 136, 11, 0),
(174, 144, 10, 6),
(173, 143, 10, 5),
(172, 142, 10, 4),
(156, 141, 9, 0),
(155, 138, 9, 0),
(154, 137, 9, 0),
(153, 136, 9, 0),
(151, 135, 9, 0),
(150, 134, 9, 0),
(149, 133, 9, 0),
(162, 134, 11, 0),
(163, 133, 11, 0),
(164, 138, 11, 0),
(165, 137, 11, 0),
(171, 139, 10, 3),
(170, 140, 10, 2),
(169, 141, 10, 1),
(175, 136, 10, 7),
(176, 135, 10, 8),
(177, 134, 10, 9),
(178, 133, 10, 10),
(179, 138, 10, 11),
(180, 137, 10, 12),
(181, 145, 10, 0),
(182, 146, 10, 0),
(183, 147, 10, 0),
(184, 136, 12, 0),
(185, 147, 12, 0),
(186, 146, 12, 0),
(187, 135, 12, 0),
(188, 134, 12, 0),
(189, 133, 12, 0),
(190, 138, 12, 0),
(191, 141, 12, 0),
(192, 145, 12, 0),
(193, 137, 12, 0),
(194, 144, 12, 0),
(195, 143, 12, 0),
(196, 142, 12, 0),
(197, 140, 12, 0),
(198, 139, 12, 0),
(207, 139, 13, 3),
(206, 140, 13, 2),
(205, 141, 13, 1),
(202, 147, 14, 0),
(203, 146, 14, 0),
(204, 145, 14, 0),
(208, 144, 15, 0),
(209, 143, 15, 0),
(210, 142, 15, 0);

-- oc_product_description PRIMARY KEY (`product_id`,`language_id`)
INSERT IGNORE INTO `oc_product_description` (`product_id`, `language_id`, `name`, `description`, `sub_description`, `seo_title`, `seo_description`, `tag`, `meta_title`, `meta_description`, `meta_keyword`) VALUES
(133, 2, 'Cà phê đen', '&lt;p&gt;Cà phê đen Việt Nam được mệnh danh là một trong những loại cà phê ngon nhất thế giới. Quả thật khi thưởng thức cà phê đen, bạn sẽ cảm nhận ngay được vị đắng đặc trưng có một chút chua, mùi hương thơm nồng của hạt cà phê. Cách uống cà phê đen cũng rất lạ. Không như các loại cà phê máy và cà phê Ý có thể uống nhanh, bạn chỉ có thể cảm nhận được hết mùi vị của cà phê đen khi ngồi nhâm nhi, ngắm cà phê trong phin chảy xuống cốc. Ấy thế nên cà phê đen không bao giờ là một thứ thuộc về sự ồn ào và gấp gáp.&lt;/p&gt;\r\n\r\n&lt;p&gt;Cà phê đen cũng rất tốt cho sức khỏe. Cà phê đen có thể giúp bạn giảm nguy cơ mắc bệnh ung thư, rối loạn nhịp tim, giảm cân và bổ sung năng lượng...&lt;/p&gt;', '&lt;p&gt;Cà phê đen nhắc chúng ta nhớ rằng: Phải trải qua cay đắng mới cảm nhận hết được vị ngọt&lt;/p&gt;', '', '', '', '', '', ''),
(134, 2, 'Cà phê nâu', '&lt;p&gt;Cà phê nâu còn được gọi là cà phê sữa vì khi cho sữa vào cà phê thì chúng sẽ quyện vào nhau tạo ra màu nâu đẹp mắt. Như vậy, thành phần chính của loại Cafe nâu là cà phê và sữa đặc. Cafe nâu có hương vị thơm ngon và béo ngậy cùng vị đậm đà của cafe nguyên chất hấp dẫn. Vào những ngày hè nóng nực mà được thưởng thức ly Cafe nâu mát lạnh quả rất tuyệt vời&lt;/p&gt;', '&lt;p&gt;Nâu đá là món cafe thuần việt, được pha từ cafe, sữa đặc và đá&lt;/p&gt;', '', '', '', '', '', ''),
(135, 2, 'Cà phê Latte', '&lt;p&gt;&lt;strong&gt;Latte là kiểu café sữa của Ý&lt;/strong&gt;, được làm từ nguyên liệu chính là Espresso và sữa, trong đó Espresso chiếm 1/3, sữa nóng chiếm 1/3 và 1/3 còn lại là bọt sữa. Điều đặc biệt để tạo nên một ly Latte hấp dẫn đó chính là lớp bọt sữa được tạo hình nghệ thuật.&lt;/p&gt;', '&lt;p&gt;&lt;strong&gt;Latte là kiểu café sữa của Ý&lt;/strong&gt;, được làm từ nguyên liệu chính là Espresso và sữa, trong đó Espresso chiếm 1/3, sữa nóng chiếm 1/3 và 1/3 còn lại là bọt sữa. Điều đặc biệt để tạo nên một ly Latte hấp dẫn đó chính là lớp bọt sữa được tạo hình nghệ thuật.&lt;/p&gt;', '', '', '', '', '', ''),
(136, 2, 'Bạc xỉu', '', '', '', '', '', '', '', ''),
(137, 2, 'Mocha', '', '', '', '', '', '', '', ''),
(138, 2, 'Capuchino', '', '', '', '', '', '', '', ''),
(139, 2, 'Trà đào cam sả', '', '', '', '', '', '', '', ''),
(140, 2, 'Trà cam quế mật ong', '', '', '', '', '', '', '', ''),
(141, 2, 'Hồng trà bá tước', '', '', '', '', '', '', '', ''),
(142, 2, 'Nước ép táo', '', '', '', '', '', '', '', ''),
(143, 2, 'Nước ép ổi', '', '', '', '', '', '', '', ''),
(144, 2, 'Nước ép dứa cà rốt', '', '', '', '', '', '', '', ''),
(145, 2, 'Green health', '', '', '', '', '', '', '', ''),
(146, 2, 'Boosted detox', '', '', '', '', '', '', '', ''),
(147, 2, 'Boosted banana', '', '', '', '', '', '', '', '');

-- oc_product_image PRIMARY KEY (`product_image_id`)
INSERT IGNORE INTO `oc_product_image` (`product_image_id`, `product_id`, `image`, `image_alt`, `sort_order`) VALUES
(148, 133, 'https://cdn.bestme.asia/images/kafe/a447a1da3ddaa54d1fc0ce8258fd2cda-1.jpg', '', 2),
(147, 133, 'https://cdn.bestme.asia/images/kafe/cach-pha-ca-phe-den-bang-phin-1.jpg', '', 1),
(146, 133, 'https://cdn.bestme.asia/images/kafe/cf_da_copy_a33d6e77f8da405bba9da541744dcea9_master.jpg', '', 0),
(149, 134, 'https://cdn.bestme.asia/images/kafe/nau-a-4.jpg', '', 0),
(150, 134, 'https://cdn.bestme.asia/images/kafe/ca-phe-sau-khi-lac-luong-nuoc-chi-con-2-3ly-phan-con-lai-la-bot-xung-quanh-thanh-ly.jpg', '', 1),
(151, 134, 'https://cdn.bestme.asia/images/kafe/b-924.jpeg', '', 2),
(152, 135, 'https://cdn.bestme.asia/images/kafe/mg3a7709_1024_800x.jpg', '', 0),
(153, 135, 'https://cdn.bestme.asia/images/kafe/cach-pha-cafe-latte.jpg', '', 1),
(154, 135, 'https://cdn.bestme.asia/images/kafe/2102020-caffe-latte-113920.jpg', '', 2),
(162, 136, 'https://cdn.bestme.asia/images/kafe/rectangle-520.png', '', 3),
(161, 136, 'https://cdn.bestme.asia/images/kafe/rectangle-521.png', '', 2),
(160, 136, 'https://cdn.bestme.asia/images/kafe/rectangle-522.png', '', 1),
(159, 136, 'https://cdn.bestme.asia/images/kafe/rectangle-523.png', '', 0),
(163, 136, 'https://cdn.bestme.asia/images/kafe/image-230.png', '', 4),
(164, 137, 'https://cdn.bestme.asia/images/kafe/mocha-001-8301418.jpg', '', 0),
(165, 137, 'https://cdn.bestme.asia/images/kafe/ali03708-1-720x720.jpg', '', 1),
(166, 138, 'https://cdn.bestme.asia/images/kafe/capuchino-la-gi.jpg', '', 0),
(167, 138, 'https://cdn.bestme.asia/images/kafe/cappuccino.jpg', '', 1);

-- oc_product_to_category PRIMARY KEY (`product_id`,`category_id`)
INSERT IGNORE INTO `oc_product_to_category` (`product_id`, `category_id`) VALUES
(133, 32),
(134, 32),
(135, 32),
(136, 32),
(137, 32),
(138, 32),
(139, 33),
(140, 33),
(141, 33),
(142, 34),
(143, 34),
(144, 34),
(145, 35),
(146, 35),
(147, 35);

-- oc_product_to_store PRIMARY KEY (`product_id`,`store_id`)
INSERT IGNORE INTO `oc_product_to_store` (`product_id`, `store_id`, `product_version_id`, `quantity`, `cost_price`) VALUES
(147, 0, 0, 75, '0.0000'),
(146, 0, 0, 56, '0.0000'),
(145, 0, 0, 4578, '0.0000'),
(144, 0, 0, 2143, '0.0000'),
(143, 0, 0, 54, '0.0000'),
(142, 0, 0, 78, '0.0000'),
(141, 0, 0, 250, '35000.0000'),
(140, 0, 0, 250, '30000.0000'),
(139, 0, 0, 150, '30000.0000'),
(138, 0, 0, 250, '35000.0000'),
(137, 0, 0, 250, '30000.0000'),
(136, 0, 0, 257, '30000.0000'),
(135, 0, 0, 250, '30000.0000'),
(134, 0, 6, 300, '25000.0000'),
(134, 0, 5, 250, '25000.0000'),
(134, 0, 4, 2500, '25000.0000'),
(133, 0, 1, 1500, '20000.0000'),
(133, 0, 2, 500, '20000.0000'),
(133, 0, 3, 1500, '20000.0000');