-- oc_product PRIMARY KEY (`product_id`)
-- delete first
INSERT IGNORE INTO `oc_product` (`product_id`, `model`, `sku`, `common_barcode`, `common_sku`, `common_compare_price`, `common_price`, `common_cost_price`, `barcode`, `upc`, `ean`, `jan`, `isbn`, `mpn`, `location`, `quantity`, `sale_on_out_of_stock`, `stock_status_id`, `image`, `image_alt`, `multi_versions`, `manufacturer_id`, `shipping`, `price`, `price_currency_id`, `compare_price`, `c_price_currency_id`, `points`, `tax_class_id`, `date_available`, `weight`, `weight_class_id`, `length`, `width`, `height`, `length_class_id`, `subtract`, `minimum`, `sort_order`, `status`, `channel`, `viewed`, `demo`, `deleted`, `default_store_id`, `user_create_id`, `date_added`, `date_modified`) VALUES
(132, '', '', '', '', '0.0000', '0.0000', '0.0000', '', '', '', '', '', '', '', 0, 1, 0, 'https://cdn.bestme.asia/images/x2/elecsan-pham-1.png', '', 0, 0, 1, '0.0000', 1, '15000000.0000', 1, 0, 0, '0000-00-00', '2700.00000000', 1, '0.00000000', '0.00000000', '0.00000000', 0, 1, 1, 0, 1, 0, 0, 1, NULL, 0, 1, '2020-08-07 10:51:42', '2020-08-07 11:52:13'),
(133, '', '', '', '', '0.0000', '0.0000', '0.0000', '', '', '', '', '', '', '', 0, 1, 0, 'https://cdn.bestme.asia/images/x2/elecsan-pham-2.png', '', 0, 0, 1, '12000000.0000', 1, '14900000.0000', 1, 0, 0, '0000-00-00', '1000.00000000', 1, '0.00000000', '0.00000000', '0.00000000', 0, 1, 1, 0, 1, 0, 0, 1, NULL, 0, 1, '2020-08-07 11:02:30', '2020-08-07 11:52:07'),
(134, '', '', '', '', '0.0000', '0.0000', '0.0000', '', '', '', '', '', '', '', 0, 1, 0, 'https://cdn.bestme.asia/images/x2/elecsan-pham-3.png', '', 0, 0, 1, '23000000.0000', 1, '25000000.0000', 1, 0, 0, '0000-00-00', '1200.00000000', 1, '0.00000000', '0.00000000', '0.00000000', 0, 1, 1, 0, 1, 0, 0, 1, NULL, 0, 1, '2020-08-07 11:06:46', '2020-08-07 11:51:55'),
(135, '', '', '', '', '0.0000', '0.0000', '0.0000', '', '', '', '', '', '', '', 0, 1, 0, 'https://cdn.bestme.asia/images/x2/elecsan-pham-4.png', '', 0, 0, 1, '26000000.0000', 1, '30000000.0000', 1, 0, 0, '0000-00-00', '2300.00000000', 1, '0.00000000', '0.00000000', '0.00000000', 0, 1, 1, 0, 1, 0, 0, 1, NULL, 0, 1, '2020-08-07 11:25:07', '2020-08-07 11:51:49'),
(136, '', '', '', '', '0.0000', '0.0000', '0.0000', '', '', '', '', '', '', '', 0, 1, 0, 'https://cdn.bestme.asia/images/x2/elecanh-san-pham-17.png', '', 0, 0, 1, '0.0000', 1, '3000000.0000', 1, 0, 0, '0000-00-00', '123.00000000', 1, '0.00000000', '0.00000000', '0.00000000', 0, 1, 1, 0, 1, 0, 0, 1, NULL, 0, 1, '2020-08-07 11:33:59', '2020-08-07 11:51:10'),
(137, '', '', '', '', '0.0000', '0.0000', '0.0000', '', '', '', '', '', '', '', 0, 1, 0, 'https://cdn.bestme.asia/images/x2/elecanh-san-pham-18.png', '', 0, 0, 1, '90000.0000', 1, '100000.0000', 1, 0, 0, '0000-00-00', '12.00000000', 1, '0.00000000', '0.00000000', '0.00000000', 0, 1, 1, 0, 1, 0, 0, 1, NULL, 0, 1, '2020-08-07 11:38:16', '2020-08-07 11:51:43'),
(138, '', '', '', '', '0.0000', '0.0000', '0.0000', '', '', '', '', '', '', '', 0, 1, 0, 'https://cdn.bestme.asia/images/x2/msi.png', '', 0, 0, 1, '23000000.0000', 1, '25900000.0000', 1, 0, 0, '0000-00-00', '10000.00000000', 1, '0.00000000', '0.00000000', '0.00000000', 0, 1, 1, 0, 1, 0, 0, 1, NULL, 0, 1, '2020-08-07 11:41:44', '2020-08-07 11:51:33'),
(139, '', '', '', '', '0.0000', '0.0000', '0.0000', '', '', '', '', '', '', '', 0, 1, 0, 'https://cdn.bestme.asia/images/x2/mac.png', '', 0, 0, 1, '29000000.0000', 1, '30000000.0000', 1, 0, 0, '0000-00-00', '1900.00000000', 1, '0.00000000', '0.00000000', '0.00000000', 0, 1, 1, 0, 1, 0, 0, 1, NULL, 0, 1, '2020-08-07 11:43:29', '2020-08-07 11:45:15'),
(140, '', '', '', '', '0.0000', '0.0000', '0.0000', '', '', '', '', '', '', '', 0, 1, 0, 'https://cdn.bestme.asia/images/x2/iphone.png', '', 0, 0, 1, '0.0000', 1, '19000000.0000', 1, 0, 0, '0000-00-00', '100.00000000', 1, '0.00000000', '0.00000000', '0.00000000', 0, 1, 1, 0, 1, 0, 0, 1, NULL, 0, 1, '2020-08-07 11:44:52', '2020-08-07 11:45:01'),
(141, '', '', '', '', '0.0000', '0.0000', '0.0000', '', '', '', '', '', '', '', 0, 1, 0, 'https://cdn.bestme.asia/images/x2/tai-nghe.png', '', 0, 0, 1, '0.0000', 1, '1000000.0000', 1, 0, 0, '0000-00-00', '100.00000000', 1, '0.00000000', '0.00000000', '0.00000000', 0, 1, 1, 0, 1, 0, 0, 1, NULL, 0, 1, '2020-08-07 11:49:42', '2020-08-07 11:51:03');

-- restore soft-deleted products if demo
UPDATE `oc_product` SET `deleted` = NULL
WHERE `demo` = 1
  AND `product_id` IN (
      132,
      133,
      134,
      135,
      136,
      137,
      138,
      139,
      140,
      141
  );

-- oc_product_collection PRIMARY KEY (`product_collection_id`)
INSERT IGNORE INTO `oc_product_collection` (`product_collection_id`, `product_id`, `collection_id`, `sort_order`) VALUES
(159, 132, 13, 0),
(158, 140, 12, 0),
(157, 136, 11, 0),
(156, 141, 10, 0),
(155, 137, 10, 0),
(154, 138, 9, 0),
(153, 133, 9, 0),
(152, 135, 9, 0),
(151, 134, 9, 0),
(150, 132, 9, 0),
(149, 139, 9, 0),
(148, 136, 8, 1),
(161, 139, 15, 0),
(160, 138, 14, 0);

-- oc_product_description PRIMARY KEY (`product_id`,`language_id`)
INSERT IGNORE INTO `oc_product_description` (`product_id`, `language_id`, `name`, `description`, `sub_description`, `seo_title`, `seo_description`, `tag`, `meta_title`, `meta_description`, `meta_keyword`) VALUES
(132, 2, 'Laptop Asus VivoBook X509MA N4020/4GB/256GB/Win10 (BR271T)', '&lt;h2&gt;Laptop Asus VivoBook X509MA là phiên bản laptop giá rẻ hướng đến đối tượng người dùng là học sinh sinh viên. Máy có thiết kế gọn nhẹ, cấu hình đủ dùng học tập, lướt web mượt mà.&lt;/h2&gt;\r\n\r\n&lt;h3&gt;Thiết kế gọn nhẹ năng động&lt;/h3&gt;\r\n\r\n&lt;p&gt;Laptop &lt;a href=&quot;https://www.thegioididong.com/laptop-asus&quot; target=&quot;_blank&quot; title=&quot;Xem thêm các sản phẩm laptop Asus đang bán tại Thegioididong.com&quot;&gt;Asus &lt;/a&gt;có trọng lượng chỉ khoảng &lt;strong&gt;1.66 kg&lt;/strong&gt; và độ dày &lt;strong&gt;22.9 mm&lt;/strong&gt;, dễ dàng mang theo mỗi khi đi học, đi làm hay đi cà phê, phù hợp với giới trẻ năng động.&lt;/p&gt;\r\n\r\n&lt;p&gt;Vỏ máy được làm từ nhựa với tông màu bạc cuốn hút, được hoàn thiện tỉ mỉ tạo nên tổng thể máy đẹp, trang nhã.&lt;/p&gt;\r\n\r\n&lt;p&gt;&lt;a href=&quot;https://www.thegioididong.com/images/44/224411/asus-vivobook-x509ma-n4020-br271t-kg.jpg&quot; onclick=&quot;return false;&quot;&gt;&lt;img alt=&quot;Laptop Asus có trọng lượng chỉ khoảng 1.66 kg và độ dày 22.9 mm&quot; data-original=&quot;https://cdn.tgdd.vn/Products/Images/44/224411/asus-vivobook-x509ma-n4020-br271t-kg.jpg&quot; src=&quot;https://cdn.tgdd.vn/Products/Images/44/224411/asus-vivobook-x509ma-n4020-br271t-kg.jpg&quot; title=&quot;Laptop Asus có trọng lượng chỉ khoảng 1.66 kg và độ dày 22.9 mm&quot; /&gt;&lt;/a&gt;&lt;/p&gt;\r\n\r\n&lt;p&gt;Asus trang bị cho thiết bị của mình tính năng bảo mật vân tay hiện đại. Cảm biến vân tay được đặt gọn trên bàn di chuột, giúp cho việc đăng nhập vào máy trở nên tiện lợi và an toàn hơn bao giờ hết. &lt;/p&gt;\r\n\r\n&lt;p&gt;&lt;a href=&quot;https://www.thegioididong.com/images/44/224411/asus-vivobook-x509ma-n4020-br271t-va%CC%82n-tay.jpg&quot; onclick=&quot;return false;&quot;&gt;&lt;img alt=&quot;Laptop Asus VivoBook X509MA (BR271T) | Cảm biến vân tay &quot; data-original=&quot;https://cdn.tgdd.vn/Products/Images/44/224411/asus-vivobook-x509ma-n4020-br271t-vân-tay.jpg&quot; src=&quot;https://cdn.tgdd.vn/Products/Images/44/224411/asus-vivobook-x509ma-n4020-br271t-va%CC%82n-tay.jpg&quot; title=&quot;Laptop Asus VivoBook X509MA (BR271T) | Cảm biến vân tay &quot; /&gt;&lt;/a&gt;&lt;/p&gt;\r\n\r\n&lt;h3&gt;Màn hình viền mỏng, hiển thị rõ ràng&lt;/h3&gt;\r\n\r\n&lt;p&gt;&lt;a href=&quot;https://www.thegioididong.com/laptop-asus-vivobook&quot; target=&quot;_blank&quot; title=&quot;Xem thêm các sản phẩm Asus VivoBook đang bán tại Thegioididong.com&quot;&gt;Asus VivoBook&lt;/a&gt; trang bị màn hình &lt;a href=&quot;https://www.thegioididong.com/laptop-tren-15-inch&quot; target=&quot;_blank&quot; title=&quot;Xem thêm một số laptop màn hình trên 15 inch đang được kinh doanh tại Thegioididong.com&quot;&gt;&lt;strong&gt;15.6 inch&lt;/strong&gt;&lt;/a&gt; được thiết kế viền mỏng, viền màn hình mỏng 14 mm - 9.5 mm cho khung nhìn sâu hơn, trải nghiệm hình ảnh đã mắt hơn.&lt;/p&gt;\r\n\r\n&lt;p&gt;Độ phân giải HD cho bạn hình ảnh rõ nét, màu sắc sống động, đủ cho các trải nghiệm làm việc, giải trí thường ngày.&lt;/p&gt;\r\n\r\n&lt;p&gt;Nghe nhạc, xem phim thoải mái với âm thanh được tinh chỉnh bởi công nghệ SonicMaster. Đây là công nghệ được phát triển bởi Asus, có khả năng lọc tiếng ồn, tạo ra âm thanh to rõ và trong trẻo.&lt;/p&gt;\r\n\r\n&lt;p&gt;&lt;a href=&quot;https://www.thegioididong.com/images/44/224411/asus-vivobook-x509ma-n4020-br271t-ma%CC%80n-hi%CC%80nh.jpg&quot; onclick=&quot;return false;&quot;&gt;&lt;img alt=&quot;Laptop Asus VivoBook X509MA (BR271T) | Màn hình viền mỏng, hiển thị rõ ràng&quot; data-original=&quot;https://cdn.tgdd.vn/Products/Images/44/224411/asus-vivobook-x509ma-n4020-br271t-màn-hình.jpg&quot; src=&quot;https://cdn.tgdd.vn/Products/Images/44/224411/asus-vivobook-x509ma-n4020-br271t-ma%CC%80n-hi%CC%80nh.jpg&quot; title=&quot;Laptop Asus VivoBook X509MA (BR271T) | Màn hình viền mỏng, hiển thị rõ ràng&quot; /&gt;&lt;/a&gt;&lt;/p&gt;\r\n\r\n&lt;h3&gt;Phù hợp cho nhu cầu văn phòng, học tập trực tuyến&lt;/h3&gt;\r\n\r\n&lt;p&gt;Máy trang bị cấu hình gồm chip &lt;a href=&quot;https://www.thegioididong.com/laptop?g=celeron&quot; target=&quot;_blank&quot; title=&quot;Xem thêm các sản phẩm laptop CPU Celeron đang bán tại Thegioididong.com&quot;&gt;&lt;strong&gt;Intel Celeron&lt;/strong&gt;&lt;/a&gt; N4020 và &lt;strong&gt;&lt;a href=&quot;https://www.thegioididong.com/laptop?g=4-gb&quot; target=&quot;_blank&quot; title=&quot;Laptop được trang bị RAM 4 GB đang kinh doanh tại Thegioididong.com&quot;&gt;RAM 4 GB&lt;/a&gt;&lt;/strong&gt; đủ mạnh để đáp ứng nhu cầu học tập và văn phòng cơ bản như các ứng dụng Microsoft Office, lướt web xem phim, giải trí. &lt;/p&gt;\r\n\r\n&lt;p&gt;Máy hỗ trợ nâng cấp RAM tối đa lên 16 GB để người dùng có những trải nghiệm đa nhiệm mượt mà hơn. &lt;/p&gt;\r\n\r\n&lt;p&gt;&lt;a href=&quot;https://www.thegioididong.com/images/44/224411/asus-vivobook-x509ma-n4020-br271t-core-i5.jpg&quot; onclick=&quot;return false;&quot;&gt;&lt;img alt=&quot;Laptop Asus VivoBook X509MA (BR271T) | Intel Celeron N4020 và RAM 4 GB &quot; data-original=&quot;https://cdn.tgdd.vn/Products/Images/44/224411/asus-vivobook-x509ma-n4020-br271t-core-i5.jpg&quot; src=&quot;https://cdn.tgdd.vn/Products/Images/44/224411/asus-vivobook-x509ma-n4020-br271t-core-i5.jpg&quot; title=&quot;Laptop Asus VivoBook X509MA (BR271T) | Intel Celeron N4020 và RAM 4 GB &quot; /&gt;&lt;/a&gt;&lt;/p&gt;\r\n\r\n&lt;p&gt;Ổ cứng SSD &lt;strong&gt;&lt;a href=&quot;https://www.thegioididong.com/laptop?g=ssd-256-gb&quot; target=&quot;_blank&quot; title=&quot;Xem thêm các laptop có SSD 256 GB&quot;&gt;256 GB&lt;/a&gt; &lt;/strong&gt;cho tốc độ khởi động nhanh chóng, chỉ từ 10-15 giây, các thao tác cũng được phản hồi gần như ngay lập tức, để bạn không mất nhiều thời gian chờ đợi.&lt;/p&gt;\r\n\r\n&lt;p&gt;&lt;a href=&quot;https://www.thegioididong.com/images/44/224411/asus-vivobook-x509ma-n4020-br271t-ssd.jpg&quot; onclick=&quot;return false;&quot;&gt;&lt;img alt=&quot;Laptop Asus VivoBook X509MA (BR271T) | Ổ cứng SSD 256 GB&quot; data-original=&quot;https://cdn.tgdd.vn/Products/Images/44/224411/asus-vivobook-x509ma-n4020-br271t-ssd.jpg&quot; src=&quot;https://cdn.tgdd.vn/Products/Images/44/224411/asus-vivobook-x509ma-n4020-br271t-ssd.jpg&quot; title=&quot;Laptop Asus VivoBook X509MA (BR271T) | Ổ cứng SSD 256 GB&quot; /&gt;&lt;/a&gt;&lt;/p&gt;\r\n\r\n&lt;p&gt;Máy có sẵn khe HDD để người dùng dễ nâng cấp nếu có nhiều nhu cầu lưu trữ. &lt;/p&gt;\r\n\r\n&lt;p&gt;&lt;a href=&quot;https://www.thegioididong.com/laptop/asus-vivobook-x509fj-ej132t&quot; target=&quot;_blank&quot; title=&quot;Laptop Asus VivoBook X509 (EJ132T)&quot;&gt;Asus VivoBook X509&lt;/a&gt; có đầy đủ cổng kết nối thông dụng như USB 2.0, USB 3.1, HDMI và USB Type-C, phục vụ cho việc trao đổi thông tin giữa laptop với thiết bị khác khi thuyết trình, họp nhóm,...&lt;/p&gt;\r\n\r\n&lt;p&gt;&lt;a href=&quot;https://www.thegioididong.com/images/44/224411/asus-vivobook-x509ma-n4020-br271t-224411-usb.jpg&quot; onclick=&quot;return false;&quot;&gt;&lt;img alt=&quot;Asus VivoBook có đầy đủ cổng kết nối thông dụng &quot; data-original=&quot;https://cdn.tgdd.vn/Products/Images/44/224411/asus-vivobook-x509ma-n4020-br271t-224411-usb.jpg&quot; src=&quot;https://cdn.tgdd.vn/Products/Images/44/224411/asus-vivobook-x509ma-n4020-br271t-224411-usb.jpg&quot; title=&quot;Asus VivoBook có đầy đủ cổng kết nối thông dụng &quot; /&gt;&lt;/a&gt;&lt;/p&gt;\r\n\r\n&lt;p&gt;Khi sử dụng làm việc trên Chrome, chat Line, Zalo,... trong điều kiện kết nối wifi liên tục và độ sáng 100% thì máy hoạt động khoảng 3 giờ liên tục, tuy không quá dài nhưng cũng đủ để phục vụ bạn trong 1 buổi, tất nhiên phải cầm theo cục sạc nếu muốn dùng trong thời gian dài.&lt;/p&gt;\r\n\r\n&lt;p&gt;Asus VivoBook X509MA (BR271T) có thiết kế gọn gàng, cơ động phù hợp với giới trẻ thường xuyên đi lại, cấu hình của máy tuy không mạnh nhưng đủ cho các tác vụ văn phòng, học tập và giải trí thường ngày. &lt;/p&gt;', '', '', '', '', '', '', ''),
(133, 2, 'Laptop Lenovo IdeaPad Slim 5 15IIL05 i3 1005G1/8GB/512GB/Win10 (81YK004TVN)', '&lt;h2&gt;Laptop Lenovo IdeaPad Slim 5 15IIL05 là chiếc laptop học tập văn phòng hướng đến người dùng là giới trẻ. Máy có thiết kế thời trang, bảo mật an toàn và cấu hình đủ dùng cho nhu cầu làm việc và giải trí nhẹ nhàng. &lt;/h2&gt;\r\n\r\n&lt;h3&gt;&lt;strong&gt;Vi xử lí Intel tân tiến nhất&lt;/strong&gt;&lt;/h3&gt;\r\n\r\n&lt;p&gt;Lenovo IdeaPad 5 trang bị cho mình con chip Intel Core i3 Ice Lake thế hệ 10 mới, được ra mắt cuối năm 2019 cho hiệu năng ổn định, xử lí nhanh, tiết kiệm điện năng. &lt;/p&gt;\r\n\r\n&lt;p&gt;RAM 8 GB đủ dùng cho việc đa nhiệm, bạn có thể mở đến 20 tab Chrome cùng lúc, hay sử dụng nhiều ứng dụng mà không xảy ra tình trạng đứng máy. &lt;/p&gt;\r\n\r\n&lt;p&gt;Ổ cứng SSD 512 GB đem đến tốc độ xử lí nhanh, tiết kiệm được khá nhiều thời gian, cho bạn làm việc năng suất hơn. Lenovo IdeaPad 5 chỉ mất khoảng 10-15 giây để mở máy, 3-5 giây để khởi chạy ứng dụng.&lt;/p&gt;\r\n\r\n&lt;p&gt;&lt;a href=&quot;https://www.thegioididong.com/images/44/222634/lenovo-ideapad-5-15iil05-i3-81yk004tvn-core-i3-gen-10.jpg&quot; onclick=&quot;return false;&quot;&gt;&lt;img alt=&quot;Laptop Lenovo IdeaPad 5 15IIL05 i3 | Core i3 thế hệ mới&quot; data-original=&quot;https://cdn.tgdd.vn/Products/Images/44/222634/lenovo-ideapad-5-15iil05-i3-81yk004tvn-core-i3-gen-10.jpg&quot; src=&quot;https://cdn.tgdd.vn/Products/Images/44/222634/lenovo-ideapad-5-15iil05-i3-81yk004tvn-core-i3-gen-10.jpg&quot; title=&quot;Laptop Lenovo IdeaPad 5 15IIL05 i3 | Core i3 thế hệ mới&quot; /&gt;&lt;/a&gt;&lt;/p&gt;\r\n\r\n&lt;p&gt;Với cấu hình này, Lenovo IdeaPad có thể phục vụ công việc văn phòng, học tập, lướt web mượt mà.&lt;/p&gt;\r\n\r\n&lt;h3&gt;&lt;strong&gt;Bảo mật vân tay, khóa camera an toàn&lt;/strong&gt;&lt;/h3&gt;\r\n\r\n&lt;p&gt;Lenovo IdeaPad 5 sử dụng công nghệ bảo mật bằng vân tay hiện đại, giúp đăng nhập vào máy cực kì nhanh mà không phải nhập mật khẩu thông thường, tăng tính an toàn cho dữ liệu. &lt;/p&gt;\r\n\r\n&lt;p&gt;&lt;a href=&quot;https://www.thegioididong.com/images/44/222634/lenovo-ideapad-5-15iil05-i3-81yk004tvn-va%CC%82ntay.jpg&quot; onclick=&quot;return false;&quot;&gt;&lt;img alt=&quot;Laptop Lenovo IdeaPad 5 15IIL05 i3 | Bảo mật vân tay &quot; data-original=&quot;https://cdn.tgdd.vn/Products/Images/44/222634/lenovo-ideapad-5-15iil05-i3-81yk004tvn-vântay.jpg&quot; src=&quot;https://cdn.tgdd.vn/Products/Images/44/222634/lenovo-ideapad-5-15iil05-i3-81yk004tvn-va%CC%82ntay.jpg&quot; title=&quot;Laptop Lenovo IdeaPad 5 15IIL05 i3 | Bảo mật vân tay &quot; /&gt;&lt;/a&gt;&lt;/p&gt;\r\n\r\n&lt;p&gt;Công tắc khóa camera hạn chế được tình trạng đánh cắp hình ảnh, thông tin người dùng, bạn hoàn toàn có thể tắt camera khi không sử dụng. &lt;/p&gt;\r\n\r\n&lt;p&gt;&lt;a href=&quot;https://www.thegioididong.com/images/44/222634/lenovo-ideapad-5-15iil05-i3-81yk004tvn-ma%CC%80n-tra%CC%A3%CC%82p.jpg&quot; onclick=&quot;return false;&quot;&gt;&lt;img alt=&quot;Laptop Lenovo IdeaPad 5 15IIL05 i3 | Khóa camera an toàn&quot; data-original=&quot;https://cdn.tgdd.vn/Products/Images/44/222634/lenovo-ideapad-5-15iil05-i3-81yk004tvn-màn-trập.jpg&quot; src=&quot;https://cdn.tgdd.vn/Products/Images/44/222634/lenovo-ideapad-5-15iil05-i3-81yk004tvn-ma%CC%80n-tra%CC%A3%CC%82p.jpg&quot; title=&quot;Laptop Lenovo IdeaPad 5 15IIL05 i3 | Khóa camera an toàn&quot; /&gt;&lt;/a&gt;&lt;/p&gt;\r\n\r\n&lt;h3&gt;&lt;strong&gt;Mỏng gọn, thời trang &lt;/strong&gt;&lt;/h3&gt;\r\n\r\n&lt;p&gt;Lenovo IdeaPad 5 được hoàn thiện từ chất liệu vỏ nhựa, riêng phần nắp lưng bằng kim loại giúp cho tổng thể máy sang trọng mà vẫn đảm bảo được độ mỏng nhẹ. &lt;/p&gt;\r\n\r\n&lt;p&gt;Máy có độ dày 19.9 mm, cân nặng 1.8 kg, khá gọn gàng đối với một chiếc máy tính xách tay 15.6 inch. &lt;/p&gt;\r\n\r\n&lt;p&gt;&lt;a href=&quot;https://www.thegioididong.com/images/44/222634/lenovo-ideapad-5-15iil05-i3-81yk004tvn-kg.jpg&quot; onclick=&quot;return false;&quot;&gt;&lt;img alt=&quot;Laptop Lenovo IdeaPad 5 15IIL05 i3 | Độ dày 19.9 mm, cân nặng 1.8 kg&quot; data-original=&quot;https://cdn.tgdd.vn/Products/Images/44/222634/lenovo-ideapad-5-15iil05-i3-81yk004tvn-kg.jpg&quot; src=&quot;https://cdn.tgdd.vn/Products/Images/44/222634/lenovo-ideapad-5-15iil05-i3-81yk004tvn-kg.jpg&quot; title=&quot;Laptop Lenovo IdeaPad 5 15IIL05 i3 | Độ dày 19.9 mm, cân nặng 1.8 kg&quot; /&gt;&lt;/a&gt;&lt;/p&gt;\r\n\r\n&lt;p&gt;Lenovo IdeaPad 5 sử dụng màn hình IPS 15.6 inch độ phân giải Full HD (1920 x 1080) cung cấp không gian nhìn rộng, độ nét cao, phục vụ tối ưu cho giải trí và làm việc. &lt;/p&gt;\r\n\r\n&lt;p&gt;Viền màn hình được vát gọt cực mỏng để tối đa không gian hiển thị, cho trải nghiệm nhìn choáng ngợp, hạn chế xao nhãng cũng như khiến ngoại hình của laptop trở nên thời thượng hơn nhiều. &lt;/p&gt;\r\n\r\n&lt;p&gt;Bề mặt màn hình có một lớp nhám chống chói khi sử dụng ở nơi có ánh sáng phức tạp như trước cửa sổ, ngoài trời, ngược sáng,...&lt;/p&gt;\r\n\r\n&lt;p&gt;&lt;a href=&quot;https://www.thegioididong.com/images/44/222634/lenovo-ideapad-5-15iil05-i3-81yk004tvn-inch.jpg&quot; onclick=&quot;return false;&quot;&gt;&lt;img alt=&quot;Laptop Lenovo IdeaPad 5 15IIL05 i3 | Màn hình IPS 15.6 inch&quot; data-original=&quot;https://cdn.tgdd.vn/Products/Images/44/222634/lenovo-ideapad-5-15iil05-i3-81yk004tvn-inch.jpg&quot; src=&quot;https://cdn.tgdd.vn/Products/Images/44/222634/lenovo-ideapad-5-15iil05-i3-81yk004tvn-inch.jpg&quot; title=&quot;Laptop Lenovo IdeaPad 5 15IIL05 i3 | Màn hình IPS 15.6 inch&quot; /&gt;&lt;/a&gt;&lt;/p&gt;\r\n\r\n&lt;p&gt;Công nghệ âm thanh Dolby Audio đem lại âm thanh vòm trong trẻo, sống động, giúp bạn có được trải nghiệm giải trí đắm chìm khi nghe nhạc, giải trí trực tuyến hay trò chuyện video với bạn bè.&lt;/p&gt;\r\n\r\n&lt;p&gt;&lt;a href=&quot;https://www.thegioididong.com/images/44/222634/lenovo-ideapad-5-15iil05-i3-81yk004tvn-a%CC%82m-thanh.jpg&quot; onclick=&quot;return false;&quot;&gt;&lt;img alt=&quot;Laptop Lenovo IdeaPad 5 15IIL05 i3 | Công nghệ âm thanh Dolby Audio&quot; data-original=&quot;https://cdn.tgdd.vn/Products/Images/44/222634/lenovo-ideapad-5-15iil05-i3-81yk004tvn-âm-thanh.jpg&quot; src=&quot;https://cdn.tgdd.vn/Products/Images/44/222634/lenovo-ideapad-5-15iil05-i3-81yk004tvn-a%CC%82m-thanh.jpg&quot; title=&quot;Laptop Lenovo IdeaPad 5 15IIL05 i3 | Công nghệ âm thanh Dolby Audio&quot; /&gt;&lt;/a&gt;&lt;/p&gt;\r\n\r\n&lt;p&gt;Máy trang bị 2 cổng USB 3.0, 1 cổng HDMI để phục vụ cho việc truyền dữ liệu. Đây là những chuẩn kết nối hiện đại, đa dạng và nhanh chóng. &lt;/p&gt;\r\n\r\n&lt;p&gt;&lt;a href=&quot;https://www.thegioididong.com/images/44/222634/lenovo-ideapad-5-15iil05-i3-81yk004tvn-core-i3-gen-10-1.jpg&quot; onclick=&quot;return false;&quot;&gt;&lt;img alt=&quot;Laptop Lenovo IdeaPad 5 15IIL05 i3 (81YK004TVN) | Kết nối hiện đại&quot; data-original=&quot;https://cdn.tgdd.vn/Products/Images/44/222634/lenovo-ideapad-5-15iil05-i3-81yk004tvn-core-i3-gen-10-1.jpg&quot; src=&quot;https://cdn.tgdd.vn/Products/Images/44/222634/lenovo-ideapad-5-15iil05-i3-81yk004tvn-core-i3-gen-10-1.jpg&quot; title=&quot;Laptop Lenovo IdeaPad 5 15IIL05 i3 (81YK004TVN) | Kết nối hiện đại&quot; /&gt;&lt;/a&gt;&lt;/p&gt;\r\n\r\n&lt;p&gt;Laptop sử dụng loại bàn phím Full size, có hàng phím số riêng biệt, soạn thảo, nhập liệu dễ dàng hơn rất nhiều với Lenovo IdeaPad 5.&lt;/p&gt;\r\n\r\n&lt;p&gt;Bàn phím cũng có bàn phím số - nhanh chóng trong việc nhập liệu và đèn nền thuận tiện khi sử dụng ở nơi không đủ ánh sáng.&lt;/p&gt;\r\n\r\n&lt;p&gt;&lt;a href=&quot;https://www.thegioididong.com/images/44/222634/lenovo-ideapad-5-15iil05-i3-81yk004tvn-bp-so%CC%82%CC%81.jpg&quot; onclick=&quot;return false;&quot;&gt;&lt;img alt=&quot;Laptop Lenovo IdeaPad 5 15IIL05 i3 | Bàn phím có đèn nền, bàn phím số&quot; data-original=&quot;https://cdn.tgdd.vn/Products/Images/44/222634/lenovo-ideapad-5-15iil05-i3-81yk004tvn-bp-số.jpg&quot; src=&quot;https://cdn.tgdd.vn/Products/Images/44/222634/lenovo-ideapad-5-15iil05-i3-81yk004tvn-bp-so%CC%82%CC%81.jpg&quot; title=&quot;Laptop Lenovo IdeaPad 5 15IIL05 i3 | Bàn phím có đèn nền, bàn phím số&quot; /&gt;&lt;/a&gt;&lt;/p&gt;\r\n\r\n&lt;p&gt;Tóm lại, Lenovo IdeaPad 5 15IIL05 i3 là chiếc máy tính có cấu hình ổn định, nhiều tính năng hiện đại phù hợp cho người dùng là sinh viên, học sinh, nhân viên văn phòng. &lt;/p&gt;', '', '', '', '', '', '', ''),
(134, 2, 'Laptop Dell Inspiron 5593 i5 1035G1/8GB/256GB/2GB MX230/Win10 (N5I5513W)', '&lt;h2&gt;nằm ở phân khúc laptop cao cấp, là trợ thủ công nghệ đắc lực dành cho những doanh nhân khi sở hữu chiếc laptop có màn hình lớn, thiết kế tinh tế, thời trang và hiệu năng cực đỉnh.&lt;/h2&gt;\r\n\r\n&lt;h3&gt;Thiết kế sang trọng&lt;/h3&gt;\r\n\r\n&lt;p&gt;Laptop Dell Inspiron 5593 sở hữu ngoại hình với lớp&lt;strong&gt; vỏ nhựa &lt;/strong&gt;màu bạc thanh lịch, thời trang, hoàn thiện chắc chắn và vát mỏng đều ở các góc cạnh. Tuy nhiên, trọng lượng máy lên đến&lt;strong&gt; 2.05 kg&lt;/strong&gt;, không quá nặng đối với những ai phải thường xuyên mang laptop ra ngoài làm việc.&lt;/p&gt;\r\n\r\n&lt;h2&gt;&lt;a href=&quot;https://www.thegioididong.com/images/44/213570/dell-inspiron-5593-i5-1035g1-8gb-256gb-2gb-mx230-w-205kg.jpg&quot; onclick=&quot;return false;&quot;&gt;&lt;img alt=&quot;Laptop Dell Inspiron 5593 sở hữu ngoại hình với lớp vỏ nhựa màu bạc thanh lịch&quot; data-original=&quot;https://cdn.tgdd.vn/Products/Images/44/213570/dell-inspiron-5593-i5-1035g1-8gb-256gb-2gb-mx230-w-205kg.jpg&quot; src=&quot;https://cdn.tgdd.vn/Products/Images/44/213570/dell-inspiron-5593-i5-1035g1-8gb-256gb-2gb-mx230-w-205kg.jpg&quot; title=&quot;Laptop Dell Inspiron 5593 sở hữu ngoại hình với lớp vỏ nhựa màu bạc thanh lịch&quot; /&gt;&lt;/a&gt;&lt;/h2&gt;\r\n\r\n&lt;h3&gt;Màn hình lớn 15.6 inch, xem phim cực đã&lt;/h3&gt;\r\n\r\n&lt;p&gt;Là một chiếc laptop dòng cao cấp, laptop Dell Inspiron 5593 sở hữu màn hình rộng ấn tượng có kích thước &lt;strong&gt;15.6 inch&lt;/strong&gt;, độ phân giải &lt;strong&gt;Full HD&lt;/strong&gt; sắc nét, viền mỏng đều.&lt;/p&gt;\r\n\r\n&lt;p&gt;Khi bạn xem video, hình ảnh sống động như thế giới thực, màu sắc phong phú và rực rỡ, cho bạn đắm chìm vào những bộ phim yêu thích.&lt;/p&gt;\r\n\r\n&lt;p&gt;&lt;a href=&quot;https://www.thegioididong.com/images/44/213570/dell-inspiron-5593-i5-1035g1-8gb-256gb-2gb-mx230-w-156inch.jpg&quot; onclick=&quot;return false;&quot;&gt;&lt;img alt=&quot;Màn hình lớn 15.6 inch, xem phim cực đã của Dell Inspiron 5593 &quot; data-original=&quot;https://cdn.tgdd.vn/Products/Images/44/213570/dell-inspiron-5593-i5-1035g1-8gb-256gb-2gb-mx230-w-156inch.jpg&quot; src=&quot;https://cdn.tgdd.vn/Products/Images/44/213570/dell-inspiron-5593-i5-1035g1-8gb-256gb-2gb-mx230-w-156inch.jpg&quot; title=&quot;Màn hình lớn 15.6 inch, xem phim cực đã&quot; /&gt;&lt;/a&gt;&lt;/p&gt;\r\n\r\n&lt;h3&gt;Chạy mượt mà các ứng dụng đồ họa&lt;/h3&gt;\r\n\r\n&lt;p&gt;Được trang bị Intel&lt;strong&gt; Core i5 &lt;/strong&gt;Ice Lake - Intel thế hệ 10 mới ra mắt (cuối 2019), Dell Inspiron 5593 là một chiếc laptop có khả năng chạy mượt mà các ứng dụng đồ họa như: Photoshop, Ai... Hơn thế nữa, laptop còn tiết kiệm năng lượng gia tăng hiệu suất làm việc.&lt;/p&gt;\r\n\r\n&lt;p&gt;Bộ nhớ &lt;strong&gt;RAM 8 GB&lt;/strong&gt; đem lại khả năng đa nhiệm cực kì tốt, có thể chạy đồng thời 20 tab Google Chrome mà không xuất hiện tình trạng giật lag.&lt;/p&gt;\r\n\r\n&lt;p&gt;&lt;a href=&quot;https://www.thegioididong.com/images/44/213570/dell-inspiron-5593-i5-1035g1-8gb-256gb-2gb-mx230-w-i5-10.jpg&quot; onclick=&quot;return false;&quot;&gt;&lt;img alt=&quot; Dell Inspiron 5593 được trang bị Intel Core i5 Ice Lake&quot; data-original=&quot;https://cdn.tgdd.vn/Products/Images/44/213570/dell-inspiron-5593-i5-1035g1-8gb-256gb-2gb-mx230-w-i5-10.jpg&quot; src=&quot;https://cdn.tgdd.vn/Products/Images/44/213570/dell-inspiron-5593-i5-1035g1-8gb-256gb-2gb-mx230-w-i5-10.jpg&quot; title=&quot;Được trang bị Intel Core i5 Ice Lake&quot; /&gt;&lt;/a&gt;&lt;/p&gt;\r\n\r\n&lt;p&gt;Đối với&lt;strong&gt; 256 GB SSD&lt;/strong&gt; thì việc khởi động máy sẽ diễn ra chưa đến 20 giây, di chuyển các file có dung lượng lớn và nhỏ cũng đều rất nhanh trong vòng 15 giây.&lt;/p&gt;\r\n\r\n&lt;h3&gt;&lt;a href=&quot;https://www.thegioididong.com/images/44/213570/dell-inspiron-5593-i5-1035g1-8gb-256gb-2gb-mx230-w-ssd256gb.jpg&quot; onclick=&quot;return false;&quot;&gt;&lt;img alt=&quot; Dell Inspiron 5593 khởi động máy chưa đến 20 giây&quot; data-original=&quot;https://cdn.tgdd.vn/Products/Images/44/213570/dell-inspiron-5593-i5-1035g1-8gb-256gb-2gb-mx230-w-ssd256gb.jpg&quot; src=&quot;https://cdn.tgdd.vn/Products/Images/44/213570/dell-inspiron-5593-i5-1035g1-8gb-256gb-2gb-mx230-w-ssd256gb.jpg&quot; title=&quot;Đối với 256 GB SSD thì việc khởi động máy sẽ diễn ra chưa đến 20 giây&quot; /&gt;&lt;/a&gt;&lt;/h3&gt;\r\n\r\n&lt;h3&gt;Card đồ họa rời NVIDIA GeForce MX230 &lt;/h3&gt;\r\n\r\n&lt;p&gt;Việc trang bị loại card đồ hoạ này sẽ giúp máy tính nâng cao độ mượt mà khi thực hiện các tác vụ chỉnh ảnh và video.&lt;/p&gt;\r\n\r\n&lt;h3&gt;&lt;a href=&quot;https://www.thegioididong.com/images/44/213570/dell-inspiron-5593-i5-1035g1-8gb-256gb-2gb-mx230-w-mx230.jpg&quot; onclick=&quot;return false;&quot;&gt;&lt;img alt=&quot; Dell Inspiron 5593 trang bị Card đồ họa rời NVIDIA GeForce MX230 &quot; data-original=&quot;https://cdn.tgdd.vn/Products/Images/44/213570/dell-inspiron-5593-i5-1035g1-8gb-256gb-2gb-mx230-w-mx230.jpg&quot; src=&quot;https://cdn.tgdd.vn/Products/Images/44/213570/dell-inspiron-5593-i5-1035g1-8gb-256gb-2gb-mx230-w-mx230.jpg&quot; title=&quot;Card đồ họa rời NVIDIA GeForce MX230 &quot; /&gt;&lt;/a&gt;&lt;/h3&gt;\r\n\r\n&lt;h3&gt;Chất lượng âm thanh to, rõ &lt;/h3&gt;\r\n\r\n&lt;p&gt;Hệ thống âm thanh Waves MaxxAudio cho chất lượng &lt;strong&gt;âm thanh to&lt;/strong&gt;,&lt;strong&gt; rõ ràng&lt;/strong&gt;, sắc nét, tất cả sẽ mang đến cho bạn những trải nghiệm giải trí tuyệt vời.&lt;/p&gt;\r\n\r\n&lt;p&gt;&lt;a href=&quot;https://www.thegioididong.com/images/44/213570/dell-inspiron-5593-i5-1035g1-8gb-256gb-2gb-mx230-w-mx230-wavesmaxxaudio.jpg&quot; onclick=&quot;return false;&quot;&gt;&lt;img alt=&quot; Công nghệ âm thanh của Dell Inspiron 5593 &quot; data-original=&quot;https://cdn.tgdd.vn/Products/Images/44/213570/dell-inspiron-5593-i5-1035g1-8gb-256gb-2gb-mx230-w-mx230-wavesmaxxaudio.jpg&quot; src=&quot;https://cdn.tgdd.vn/Products/Images/44/213570/dell-inspiron-5593-i5-1035g1-8gb-256gb-2gb-mx230-w-mx230-wavesmaxxaudio.jpg&quot; title=&quot;Hệ thống âm thanh Waves MaxxAudio cho chất lượng âm thanh to, rõ ràng&quot; /&gt;&lt;/a&gt;&lt;/p&gt;', '', '', '', '', '', '', ''),
(135, 2, 'Laptop HP Envy 13 aq1057TX i7 10510U/8GB/512GB/2GB MX250/Win10 (8XS68PA)', '&lt;h2&gt;Laptop HP Envy 13 aq1057TX i7 là chiếc laptop thuộc dòng HP Envy 13 vừa được ra mắt năm 2019 có cấu hình mạnh mẽ với chip Intel Core i7 thế hệ mới cùng card đồ họa rời. Máy có thiết kế siêu mỏng nhẹ phù hợp với người thường xuyên di chuyển. &lt;/h2&gt;\r\n\r\n&lt;h3&gt;&lt;strong&gt;Thiết kế hiện đại, sang trọng với họa tiết vân gỗ&lt;/strong&gt;&lt;/h3&gt;\r\n\r\n&lt;p&gt;HP Envy 13 aq1057TX i7 sở hữu thiết kế mang hơi hướng hiện đại, trẻ trung với vỏ kim loại nguyên khối có họa tiết vân gỗ độc đáo trên chiếu nghỉ tay.&lt;/p&gt;\r\n\r\n&lt;p&gt;Laptop siêu mỏng nhẹ chỉ 14.7 mm. nặng 1.17 kg - chỉ xấp xỉ vài quyển sách, bạn thậm chí sẽ quên mất mình đang mang theo laptop khi cho nó vào balo.&lt;/p&gt;\r\n\r\n&lt;p&gt;&lt;a href=&quot;https://www.thegioididong.com/images/44/220503/hp-envy-13-i7-8xs68pa-thie%CC%82%CC%81tke%CC%82%CC%81.jpg&quot; onclick=&quot;return false;&quot;&gt;&lt;img alt=&quot;HP Envy 13 aq1057TX i7 sở hữu thiết kế mang hơi hướng hiện đại&quot; data-original=&quot;https://cdn.tgdd.vn/Products/Images/44/220503/hp-envy-13-i7-8xs68pa-thiếtkế.jpg&quot; src=&quot;https://cdn.tgdd.vn/Products/Images/44/220503/hp-envy-13-i7-8xs68pa-thie%CC%82%CC%81tke%CC%82%CC%81.jpg&quot; title=&quot;HP Envy 13 aq1057TX i7 sở hữu thiết kế mang hơi hướng hiện đại&quot; /&gt;&lt;/a&gt;&lt;/p&gt;\r\n\r\n&lt;h3&gt;&lt;strong&gt;Vi xử lí thế hệ 10 mạnh mẽ&lt;/strong&gt;&lt;/h3&gt;\r\n\r\n&lt;p&gt;CPU Intel Core i7&lt;a href=&quot;https://www.thegioididong.com/laptop?g=core-i7&quot; target=&quot;_blank&quot; title=&quot;Xem thêm các laptop Core i7 đang bán tại Thegioididong.com&quot; type=&quot;Xem thêm các laptop Core i7 đang bán tại Thegioididong.com&quot;&gt; &lt;/a&gt;thế hệ 10 (ra mắt cuối năm 2019) đem đến hiệu năng mạnh mẽ chạy được các ứng dụng nặng.&lt;/p&gt;\r\n\r\n&lt;p&gt;RAM 8 GB đa nhiệm tốt, sử dụng nhiều ứng dụng hay trên 20 tab Chrome cùng lúc vẫn không xảy ra giật lag máy.&lt;/p&gt;\r\n\r\n&lt;p&gt;&lt;a href=&quot;https://www.thegioididong.com/images/44/220503/hp-envy-13-i7-8xs68pa-corei7.jpg&quot; onclick=&quot;return false;&quot;&gt;&lt;img alt=&quot;HP Envy 13 aq1057TX | CPU Intel Core i7 thế hệ 10&quot; data-original=&quot;https://cdn.tgdd.vn/Products/Images/44/220503/hp-envy-13-i7-8xs68pa-corei7.jpg&quot; src=&quot;https://cdn.tgdd.vn/Products/Images/44/220503/hp-envy-13-i7-8xs68pa-corei7.jpg&quot; title=&quot;HP Envy 13 aq1057TX | CPU Intel Core i7 thế hệ 10&quot; /&gt;&lt;/a&gt;&lt;/p&gt;\r\n\r\n&lt;p&gt;Ổ cứng SSD 512 GB M.2 PCIe đem đến tốc độ xử lí nhanh để bạn không cần chờ đợi lâu. Dung lượng lưu trữ rộng 512 GB cho người dùng lưu trữ thoải mái mà không lo ngại đầy bộ nhớ. &lt;/p&gt;\r\n\r\n&lt;p&gt;&lt;a href=&quot;https://www.thegioididong.com/images/44/220503/hp-envy-13-i7-8xs68pa-512gb.jpg&quot; onclick=&quot;return false;&quot;&gt;&lt;img alt=&quot;HP Envy 13 aq1057TX | Ổ cứng SSD 512 GB &quot; data-original=&quot;https://cdn.tgdd.vn/Products/Images/44/220503/hp-envy-13-i7-8xs68pa-512gb.jpg&quot; src=&quot;https://cdn.tgdd.vn/Products/Images/44/220503/hp-envy-13-i7-8xs68pa-512gb.jpg&quot; title=&quot;HP Envy 13 aq1057TX | Ổ cứng SSD 512 GB &quot; /&gt;&lt;/a&gt;&lt;/p&gt;\r\n\r\n&lt;p&gt;Card đồ họa rời NVIDIA GeForce MX250 2 GB hỗ trợ sử dụng các ứng dụng đồ họa 2D mượt mà, chuyên nghiệp trên Photoshop, Illustrator, Lightroom,... Bạn cũng có thể chỉnh sửa video đơn giản hoặc chơi một số tựa game phổ biến với cấu hình này. &lt;/p&gt;\r\n\r\n&lt;p&gt;&lt;a href=&quot;https://www.thegioididong.com/images/44/220503/hp-envy-13-i7-8xs68pa-usb-mx250.jpg&quot; onclick=&quot;return false;&quot;&gt;&lt;img alt=&quot;Laptop HP Envy 13 aq1057TX i7 | Card đồ họa rời NVIDIA GeForce MX250 &quot; data-original=&quot;https://cdn.tgdd.vn/Products/Images/44/220503/hp-envy-13-i7-8xs68pa-usb-mx250.jpg&quot; src=&quot;https://cdn.tgdd.vn/Products/Images/44/220503/hp-envy-13-i7-8xs68pa-usb-mx250.jpg&quot; title=&quot;Laptop HP Envy 13 aq1057TX i7 | Card đồ họa rời NVIDIA GeForce MX250 &quot; /&gt;&lt;/a&gt;&lt;/p&gt;\r\n\r\n&lt;h3&gt;&lt;strong&gt;Màn hình viền mỏng IPS &lt;/strong&gt;&lt;/h3&gt;\r\n\r\n&lt;p&gt;Màn hình 13.3 inch (1920 x 1080) sử dụng công nghệ IPS cho hình ảnh sắc nét, độ tương phản cao, hình ảnh và màu sắc không bị biến đổi với mọi góc nhìn. &lt;/p&gt;\r\n\r\n&lt;p&gt;Viền màn hình được làm mỏng ở cả 4 cạnh giúp không gian nhìn trở nên rộng và ít phân tâm hơn khi giải trí, làm việc.&lt;/p&gt;\r\n\r\n&lt;p&gt;&lt;a href=&quot;https://www.thegioididong.com/images/44/220503/hp-envy-13-i7-8xs68pa-133inch.jpg&quot; onclick=&quot;return false;&quot;&gt;&lt;img alt=&quot;HP Envy 13 aq1057TX | Màn hình 13.3 inch&quot; data-original=&quot;https://cdn.tgdd.vn/Products/Images/44/220503/hp-envy-13-i7-8xs68pa-133inch.jpg&quot; src=&quot;https://cdn.tgdd.vn/Products/Images/44/220503/hp-envy-13-i7-8xs68pa-133inch.jpg&quot; title=&quot;HP Envy 13 aq1057TX | Màn hình 13.3 inch&quot; /&gt;&lt;/a&gt;&lt;/p&gt;\r\n\r\n&lt;p&gt;HP sử dụng công nghệ Bang &amp; Olufsen audio lọc tiếng ồn hiệu quả, tinh chỉnh âm thanh to rõ hơn. &lt;/p&gt;\r\n\r\n&lt;p&gt;&lt;a href=&quot;https://www.thegioididong.com/images/44/220503/hp-envy-13-i7-8xs68pa-a%CC%82mthanh.jpg&quot; onclick=&quot;return false;&quot;&gt;&lt;img alt=&quot;HP Envy 13 aq1057TX i7 |  Bang &amp;amp; Olufsen audio&quot; data-original=&quot;https://cdn.tgdd.vn/Products/Images/44/220503/hp-envy-13-i7-8xs68pa-âmthanh.jpg&quot; src=&quot;https://cdn.tgdd.vn/Products/Images/44/220503/hp-envy-13-i7-8xs68pa-a%CC%82mthanh.jpg&quot; title=&quot;HP Envy 13 aq1057TX i7 |  Bang &amp;amp; Olufsen audio&quot; /&gt;&lt;/a&gt;&lt;/p&gt;\r\n\r\n&lt;p&gt;Tuy sở hữu một thiết kế mỏng nhẹ nhưng HP Envy vẫn trang bị khá đầy đủ các cổng kết nối cần thiết cho người dùng, gồm 2 cổng USB 3.1 và 1 cổng USB Type C dễ dàng kết nối với các thiết bị ngoại vi như loa, màn hình, máy chiếu,...&lt;/p&gt;\r\n\r\n&lt;p&gt;&lt;a href=&quot;https://www.thegioididong.com/images/44/220503/hp-envy-13-i7-8xs68pa-usb.jpg&quot; onclick=&quot;return false;&quot;&gt;&lt;img alt=&quot;HP Envy 13 aq1057TX i7 trang bị khá đầy đủ các cổng kết nối&quot; data-original=&quot;https://cdn.tgdd.vn/Products/Images/44/220503/hp-envy-13-i7-8xs68pa-usb.jpg&quot; src=&quot;https://cdn.tgdd.vn/Products/Images/44/220503/hp-envy-13-i7-8xs68pa-usb.jpg&quot; title=&quot;HP Envy 13 aq1057TX i7 trang bị khá đầy đủ các cổng kết nối&quot; /&gt;&lt;/a&gt;&lt;/p&gt;\r\n\r\n&lt;h3&gt;&lt;strong&gt;Bảo mật hiện đại&lt;/strong&gt;&lt;/h3&gt;\r\n\r\n&lt;p&gt;Nâng cao bảo mật nhờ cảm biến vân tay được đặt gọn gàng ngay cạnh bàn phím giúp mở khóa nhanh, tiện lợi.&lt;/p&gt;\r\n\r\n&lt;p&gt;Bên cạnh đó, phần mềm HP BIOS Recovery bảo vệ tốt hơn cho dữ liệu trên máy, hạn chế đánh cắp dữ liệu. &lt;/p&gt;\r\n\r\n&lt;p&gt;&lt;a href=&quot;https://www.thegioididong.com/images/44/220503/hp-envy-13-i7-8xs68pa-va%CC%82ntay.jpg&quot; onclick=&quot;return false;&quot;&gt;&lt;img alt=&quot;HP Envy 13 aq1057TX i7 có  cảm biến vân tay&quot; data-original=&quot;https://cdn.tgdd.vn/Products/Images/44/220503/hp-envy-13-i7-8xs68pa-vântay.jpg&quot; src=&quot;https://cdn.tgdd.vn/Products/Images/44/220503/hp-envy-13-i7-8xs68pa-va%CC%82ntay.jpg&quot; title=&quot;HP Envy 13 aq1057TX i7 có  cảm biến vân tay&quot; /&gt;&lt;/a&gt;&lt;/p&gt;\r\n\r\n&lt;p&gt;Công tắc khóa camera nằm ngay cạnh bên của máy cho bạn chủ động hơn trong việc kiểm soát camera của laptop, có thể tắt camera khi không sử dụng để đảm bảo riêng tư.&lt;/p&gt;\r\n\r\n&lt;p&gt;&lt;a href=&quot;https://www.thegioididong.com/images/44/220503/hp-envy-13-i7-8xs68pa-ta%CC%86%CC%81tcamera.jpg&quot; onclick=&quot;return false;&quot;&gt;&lt;img alt=&quot;HP Envy 13 aq1057TX i7 | Công tắc khóa camera &quot; data-original=&quot;https://cdn.tgdd.vn/Products/Images/44/220503/hp-envy-13-i7-8xs68pa-tắtcamera.jpg&quot; src=&quot;https://cdn.tgdd.vn/Products/Images/44/220503/hp-envy-13-i7-8xs68pa-ta%CC%86%CC%81tcamera.jpg&quot; title=&quot;HP Envy 13 aq1057TX i7 | Công tắc khóa camera &quot; /&gt;&lt;/a&gt;&lt;/p&gt;\r\n\r\n&lt;p&gt;Bàn phím trang bị đèn nền để người dùng dễ sử dụng khi thiếu sáng. &lt;/p&gt;\r\n\r\n&lt;p&gt;&lt;a href=&quot;https://www.thegioididong.com/images/44/220503/hp-envy-13-i7-8xs68pa-de%CC%80nbp.jpg&quot; onclick=&quot;return false;&quot;&gt;&lt;img alt=&quot;Bàn phím trang bị đèn nền &quot; data-original=&quot;https://cdn.tgdd.vn/Products/Images/44/220503/hp-envy-13-i7-8xs68pa-dènbp.jpg&quot; src=&quot;https://cdn.tgdd.vn/Products/Images/44/220503/hp-envy-13-i7-8xs68pa-de%CC%80nbp.jpg&quot; title=&quot;Bàn phím trang bị đèn nền &quot; /&gt;&lt;/a&gt;&lt;/p&gt;\r\n\r\n&lt;p&gt;Laptop HP Envy 13 aq1057TX i7 (8XS68PA) là chiếc laptop cao cấp với thiết kế siêu gọn nhẹ và sức mạnh đáng kinh ngạc đáng để trải nghiệm trong phân khúc.&lt;/p&gt;', '', '', '', '', '', '', ''),
(136, 2, 'Máy ảnh Canon Ixus 190 (Blue)', '&lt;p&gt;- Thương hiệu: CANON&lt;br /&gt;\r\n- Độ phân giải: 1280 x 720 / 640 x 480 / 4:3&lt;br /&gt;\r\nẢnh cỡ lớn: 5152 x 3864&lt;br /&gt;\r\nẢnh cỡ trung 1: 3648 x 2736&lt;br /&gt;\r\nẢnh cỡ trung 2: 2048 x 1536&lt;br /&gt;\r\nẢnh cỡ trung: 2560 x 1920&lt;br /&gt;\r\nẢnh cỡ nhỏ: 640 x 480&lt;br /&gt;\r\n- Zoom: 10x / 20x&lt;br /&gt;\r\n- Thẻ nhớ hỗ trợ: SDHC, SDXC, SD&lt;br /&gt;\r\n- Bảo hành chính hãng: 24 tháng&lt;/p&gt;', '', '', '', '', '', '', ''),
(137, 2, 'USB 16GB SanDisk SDCZ71-B35', '&lt;p&gt;- Màu sắc: Xám&lt;br /&gt;\r\n- Dung lượng: 16GB &lt;br /&gt;\r\n- Kết nối: USB 2.0&lt;/p&gt;', '', '', '', '', '', '', ''),
(138, 2, 'Laptop MSI Thin GF75 10SCXR-248VN 4719072735210', '&lt;p&gt;- CPU: Intel Core i7-10750H&lt;br /&gt;\r\n- Màn hình: 17.3&quot; IPS (1920 x 1080), 144Hz&lt;br /&gt;\r\n- RAM: 1 x 8GB DDR4 2666MHz&lt;br /&gt;\r\n- Đồ họa: NVIDIA GeForce GTX 1650 4GB GDDR6 / Intel UHD Graphics&lt;br /&gt;\r\n- Lưu trữ: 512GB SSD M.2 NVMe /&lt;br /&gt;\r\n- Hệ điều hành: Windows 10 Home 64-bit&lt;br /&gt;\r\n- Pin: 3 cell Pin liền&lt;br /&gt;\r\n- Khối lượng: 2.2 kg&lt;/p&gt;', '', '', '', '', '', '', ''),
(139, 2, 'Laptop APPLE MacBook Air 2020 MWTK2SA/A MWTK2SA/A', '&lt;p&gt;- CPU: Intel Core i3&lt;br /&gt;\r\n- Màn hình: 13.3&quot; IPS (2560 x 1600)&lt;br /&gt;\r\n- RAM: 8GB Onboard LPDDR4 3733MHz&lt;br /&gt;\r\n- Đồ họa: Intel Iris Plus Graphics&lt;br /&gt;\r\n- Lưu trữ: 256GB SSD /&lt;br /&gt;\r\n- Hệ điều hành: macOS&lt;br /&gt;\r\n- Pin liền&lt;br /&gt;\r\n- Khối lượng: 1.3 kg&lt;/p&gt;', '', '', '', '', '', '', ''),
(140, 2, 'Điện thoại Apple iPhone 11 64GB MWLY2VN/A (Green)', '&lt;p&gt;- Chính hãng, Mới 100%, Nguyên seal&lt;br /&gt;\r\n- Màn hình: 6.1 inch Liquid Retina HD&lt;br /&gt;\r\n- Camera sau: 2x 12MP&lt;br /&gt;\r\n- Camera trước: 12MP&lt;br /&gt;\r\n- CPU: A13 Bionic&lt;br /&gt;\r\n- Bộ nhớ: 64GB&lt;br /&gt;\r\n- RAM: 4GB&lt;br /&gt;\r\n- Hệ điều hành: IOS&lt;/p&gt;', '', '', '', '', '', '', ''),
(141, 2, 'Tai nghe HyperX Orbit (HX-HSCO-GM/WW)', '&lt;p&gt;&lt;strong&gt;Tai nghe HyperX Orbit (HX-HSCO-GM/WW)&lt;/strong&gt; mang đến một trải nghiệm mới về chất lượng âm thanh với màng loa 100mm đến từ Audeze cùng công nghệ âm thanh 3D Waves Nx. Đây không chỉ là một trong những phụ kiện các game thủ cần, mà còn đem lại cho người dùng những giai điệu chân thực nhất khi nghe nhạc, xem phim.&lt;/p&gt;\r\n\r\n&lt;figure&gt;&lt;img alt=&quot;HyperX-Orbit-HX-HSCO-GMWW-1 - Copy&quot; src=&quot;https://tmp.phongvu.vn/wp-content/uploads/2019/10/HyperX-Orbit-HX-HSCO-GMWW-1-Copy.jpg&quot; /&gt;&lt;/figure&gt;\r\n\r\n&lt;h2&gt;&lt;strong&gt;Thiết kế mạnh mẽ cá tính của  HyperX Orbit&lt;/strong&gt;&lt;/h2&gt;\r\n\r\n&lt;p&gt;HyperX Orbit thuộc dòng tai nghe over ear nên phần chụp tai khá to giúp ôm sát tai, hạn chế âm thanh bên ngoài lọt vào. Phần chụp tai được bọc lớp đệm dài, giúp không đau tai nghe khi quá lâu, headband cũng được bọc một lớp đệm dày ở giữa, giúp giảm tối đa sức nặng của tai nghe lên phần đầu, cho người dùng thoải mái nhất khi đeo.&lt;/p&gt;\r\n\r\n&lt;p&gt;Vẻ ngoài cồng kềnh là thế nhưng trọng lượng tai nghe vẫn khá gọn nhẹ, nên khách hàng có thể yên tâm. Nút điều khiển đều được tích hợp ở phần chụp tai nghe bên trái, tạo điều kiện thao tác điều chỉnh dễ dàng hơn như: thiết lập âm thanh 3D, cấu hình EQ, điều chỉnh âm lượng và tắt mic.&lt;/p&gt;\r\n\r\n&lt;h2&gt;&lt;strong&gt;Chất lượng âm thanh đỉnh cao&lt;/strong&gt;&lt;/h2&gt;\r\n\r\n&lt;p&gt;HX-HSCO-GM/WW sử dụng màng loa từ phẳng Audeze, với kích thước cực mỏng và nam châm có công suất lớn, điều này giúp đáp tuyến tần số siêu nhanh, đồng thời giảm độ méo tiếng xuống mức thấp nhất. Giúp âm thanh phát ra tròn vạnh, sống động, rõ ràng theo một tầm cao mới.&lt;/p&gt;\r\n\r\n&lt;figure&gt;&lt;img alt=&quot;HyperX-Orbit-HX-HSCO-GMWW-4 - Copy&quot; src=&quot;https://tmp.phongvu.vn/wp-content/uploads/2019/10/HyperX-Orbit-HX-HSCO-GMWW-4-Copy.jpg&quot; /&gt;&lt;/figure&gt;\r\n\r\n&lt;p&gt;Bộ Micro cũng sở hữu bộ lọc tạp âm giúp loại bỏ những tạp âm gây ảnh hưởng và bạn có thể tự điều chỉnh micro theo ý thích. Mic cũng có thể tháo gỡ dễ dàng sau khi chơi game hoặc khi bạn chỉ muốn nghe nhạc và không sử dụng đến mic.&lt;/p&gt;\r\n\r\n&lt;h2&gt;&lt;strong&gt;Trang bị cáp rời tiện dụng&lt;/strong&gt;&lt;/h2&gt;\r\n\r\n&lt;figure&gt;&lt;img alt=&quot;HyperX-Orbit-HX-HSCO-GMWW-6&quot; src=&quot;https://tmp.phongvu.vn/wp-content/uploads/2019/10/HyperX-Orbit-HX-HSCO-GMWW-6.jpg&quot; /&gt;&lt;/figure&gt;\r\n\r\n&lt;p&gt;Khi mua tai nghe, bạn sẽ nhận được 3 cáp rời tương đương: USB Type A, USB Type C và 3,5mm (4 chấu). Với 3 loại cáp khác nhau bạn sẽ kết nối được đa dạng các thiết bị và thưởng thức âm thanh 3D sống động nhất, dù bạn kết nối với PC, Xbox One, PS4 hay thiết bị di động.&lt;/p&gt;', '', '', '', '', '', '', '');

-- oc_product_image PRIMARY KEY (`product_image_id`)
-- INSERT IGNORE INTO `oc_product_image` (`product_image_id`, `product_id`, `image`, `image_alt`, `sort_order`) VALUES
-- nothing

-- oc_product_to_category PRIMARY KEY (`product_id`,`category_id`)
INSERT IGNORE INTO `oc_product_to_category` (`product_id`, `category_id`) VALUES
(132, 26),
(133, 26),
(134, 26),
(135, 26),
(136, 14),
(137, 17),
(138, 26),
(139, 26),
(140, 19),
(141, 17);

-- oc_product_to_store PRIMARY KEY (`product_id`,`store_id`)
INSERT IGNORE INTO `oc_product_to_store` (`product_id`, `store_id`, `product_version_id`, `quantity`, `cost_price`) VALUES
(132, 0, 0, 100000, '0.0000'),
(141, 0, 0, 1000000, '0.0000'),
(140, 0, 0, 1000000, '0.0000'),
(139, 0, 0, 100000, '0.0000'),
(138, 0, 0, 100000, '0.0000'),
(137, 0, 0, 100000, '0.0000'),
(136, 0, 0, 100000, '0.0000'),
(135, 0, 0, 100000, '0.0000'),
(134, 0, 0, 100000, '0.0000'),
(133, 0, 0, 10000, '0.0000');