-- oc_product PRIMARY KEY (`product_id`)
INSERT IGNORE INTO `oc_product` (`product_id`, `model`, `sku`, `common_barcode`, `common_sku`, `common_compare_price`, `common_price`, `barcode`, `upc`, `ean`, `jan`, `isbn`, `mpn`, `location`, `quantity`, `sale_on_out_of_stock`, `stock_status_id`, `image`, `image_alt`, `multi_versions`, `manufacturer_id`, `shipping`, `price`, `price_currency_id`, `compare_price`, `c_price_currency_id`, `points`, `tax_class_id`, `date_available`, `weight`, `weight_class_id`, `length`, `width`, `height`, `length_class_id`, `subtract`, `minimum`, `sort_order`, `status`, `channel`, `viewed`, `demo`, `deleted`, `default_store_id`, `date_added`, `date_modified`) VALUES
(104, '', '', '', '', '0.0000', '0.0000', '', '', '', '', '', '', '', 0, 0, 0, 'https://2.pik.vn/202033ff0c99-3125-45d8-bcfb-7f39fa486f88.jpg', '', 0, 26, 1, '0.0000', 1, '0.0000', 1, 0, 0, '0000-00-00', '50000.00000000', 1, '0.00000000', '0.00000000', '0.00000000', 0, 1, 1, 0, 1, 2, 0, 1, NULL, 0, '2020-04-21 19:50:20', '2020-04-21 19:50:20'),
(105, '', '', '', '', '0.0000', '0.0000', '', '', '', '', '', '', '', 0, 0, 0, 'https://2.pik.vn/2020faf13eeb-0345-4b96-8041-fda5eee7848d.jpg', '', 0, 26, 1, '0.0000', 1, '0.0000', 1, 0, 0, '0000-00-00', '50000.00000000', 1, '0.00000000', '0.00000000', '0.00000000', 0, 1, 1, 0, 1, 2, 0, 1, NULL, 0, '2020-04-21 19:50:20', '2020-04-21 19:50:20'),
(106, '', '', '', '', '0.0000', '0.0000', '', '', '', '', '', '', '', 0, 0, 0, 'https://2.pik.vn/202034f3fabb-e949-4dd3-9351-e37069ed4aee.jpg', '', 0, 26, 1, '0.0000', 1, '0.0000', 1, 0, 0, '0000-00-00', '50000.00000000', 1, '0.00000000', '0.00000000', '0.00000000', 0, 1, 1, 0, 1, 2, 0, 1, NULL, 0, '2020-04-21 19:50:20', '2020-04-21 19:50:20'),
(107, '', '', '', '', '0.0000', '0.0000', '', '', '', '', '', '', '', 0, 0, 0, 'https://2.pik.vn/2020ee0e1b49-3c91-4d4b-aa35-4e670937b856.jpg', '', 0, 26, 1, '0.0000', 1, '0.0000', 1, 0, 0, '0000-00-00', '50000.00000000', 1, '0.00000000', '0.00000000', '0.00000000', 0, 1, 1, 0, 1, 2, 0, 1, NULL, 0, '2020-04-21 19:50:20', '2020-04-21 19:50:20'),
(108, '', '', '', '', '0.0000', '0.0000', '', '', '', '', '', '', '', 0, 0, 0, 'https://2.pik.vn/202063d46acb-a0f8-45b8-99e5-21bcc444de3c.jpg', '', 0, 26, 1, '0.0000', 1, '0.0000', 1, 0, 0, '0000-00-00', '50000.00000000', 1, '0.00000000', '0.00000000', '0.00000000', 0, 1, 1, 0, 1, 2, 0, 1, NULL, 0, '2020-04-21 19:50:20', '2020-04-21 19:50:20'),
(109, '', '', '', '', '0.0000', '0.0000', '', '', '', '', '', '', '', 0, 0, 0, 'https://2.pik.vn/2020dc3dfd5f-12e0-48e8-a387-4d2f0adad93f.jpg', '', 0, 26, 1, '0.0000', 1, '0.0000', 1, 0, 0, '0000-00-00', '50000.00000000', 1, '0.00000000', '0.00000000', '0.00000000', 0, 1, 1, 0, 1, 2, 0, 1, NULL, 0, '2020-04-21 19:50:20', '2020-04-21 19:50:20'),
(110, '', '', '', '', '0.0000', '0.0000', '', '', '', '', '', '', '', 0, 0, 0, 'https://2.pik.vn/2020349246ab-974b-4d7b-8c7c-a28d742a454f.jpg', '', 0, 26, 1, '0.0000', 1, '0.0000', 1, 0, 0, '0000-00-00', '50000.00000000', 1, '0.00000000', '0.00000000', '0.00000000', 0, 1, 1, 0, 1, 2, 0, 1, NULL, 0, '2020-04-21 19:50:20', '2020-04-21 19:50:20'),
(111, '', '', '', '', '0.0000', '0.0000', '', '', '', '', '', '', '', 0, 0, 0, 'https://2.pik.vn/2020c557a26e-5256-457b-9bc5-dc0413d07fd7.jpg', '', 0, 26, 1, '0.0000', 1, '0.0000', 1, 0, 0, '0000-00-00', '50000.00000000', 1, '0.00000000', '0.00000000', '0.00000000', 0, 1, 1, 0, 1, 2, 0, 1, NULL, 0, '2020-04-21 19:50:20', '2020-04-21 19:50:20'),
(112, '', '', '', '', '0.0000', '0.0000', '', '', '', '', '', '', '', 0, 0, 0, 'https://2.pik.vn/2020e2fdfac9-e8ff-4a7c-ae52-cb45331b348f.jpg', '', 0, 26, 1, '0.0000', 1, '0.0000', 1, 0, 0, '0000-00-00', '50000.00000000', 1, '0.00000000', '0.00000000', '0.00000000', 0, 1, 1, 0, 1, 2, 0, 1, NULL, 0, '2020-04-21 19:50:20', '2020-04-21 19:50:20'),
(113, '', '', '', '', '0.0000', '0.0000', '', '', '', '', '', '', '', 0, 0, 0, 'https://2.pik.vn/202006d4477b-a392-40da-931a-ea8aa7c2d399.jpg', '', 0, 26, 1, '0.0000', 1, '0.0000', 1, 0, 0, '0000-00-00', '50000.00000000', 1, '0.00000000', '0.00000000', '0.00000000', 0, 1, 1, 0, 1, 2, 0, 1, NULL, 0, '2020-04-21 19:50:20', '2020-04-21 19:50:20'),
(114, '', '', '', '', '0.0000', '0.0000', '', '', '', '', '', '', '', 0, 0, 0, 'https://2.pik.vn/20207a8c022c-e01a-4309-985c-7ac63d5d7439.jpg', '', 0, 26, 1, '0.0000', 1, '0.0000', 1, 0, 0, '0000-00-00', '50000.00000000', 1, '0.00000000', '0.00000000', '0.00000000', 0, 1, 1, 0, 1, 2, 0, 1, NULL, 0, '2020-04-21 19:50:20', '2020-04-21 19:50:20'),
(115, '', '', '', '', '0.0000', '0.0000', '', '', '', '', '', '', '', 0, 0, 0, 'https://2.pik.vn/2020cdb40eea-1e9a-4fa8-8cae-d6fcaa872d2c.jpg', '', 0, 26, 1, '0.0000', 1, '0.0000', 1, 0, 0, '0000-00-00', '50000.00000000', 1, '0.00000000', '0.00000000', '0.00000000', 0, 1, 1, 0, 1, 2, 0, 1, NULL, 0, '2020-04-21 19:50:20', '2020-04-21 19:50:20'),
(116, '', '', '', '', '0.0000', '0.0000', '', '', '', '', '', '', '', 0, 0, 0, 'https://2.pik.vn/2020d15ec6bf-b403-4eca-9171-bb5eedbeed4b.jpg', '', 0, 26, 1, '0.0000', 1, '0.0000', 1, 0, 0, '0000-00-00', '50000.00000000', 1, '0.00000000', '0.00000000', '0.00000000', 0, 1, 1, 0, 1, 2, 0, 1, NULL, 0, '2020-04-21 19:50:20', '2020-04-21 19:50:20'),
(117, '', '', '', '', '0.0000', '0.0000', '', '', '', '', '', '', '', 0, 0, 0, 'https://2.pik.vn/20205ae283e7-8148-4f54-babc-70bc3de6b7f4.jpg', '', 0, 26, 1, '0.0000', 1, '0.0000', 1, 0, 0, '0000-00-00', '50000.00000000', 1, '0.00000000', '0.00000000', '0.00000000', 0, 1, 1, 0, 1, 2, 0, 1, NULL, 0, '2020-04-21 19:50:20', '2020-04-21 19:50:20'),
(118, '', '', '', '', '0.0000', '0.0000', '', '', '', '', '', '', '', 0, 0, 0, 'https://2.pik.vn/2020775d4cc6-46bb-4505-a075-1331278a924e.jpg', '', 0, 26, 1, '0.0000', 1, '0.0000', 1, 0, 0, '0000-00-00', '50000.00000000', 1, '0.00000000', '0.00000000', '0.00000000', 0, 1, 1, 0, 1, 2, 0, 1, NULL, 0, '2020-04-21 19:50:20', '2020-04-21 19:50:20'),
(119, '', '', '', '', '0.0000', '0.0000', '', '', '', '', '', '', '', 0, 0, 0, 'https://2.pik.vn/202069469af2-5e09-4d61-8009-deed3e43c0c4.jpg', '', 0, 26, 1, '0.0000', 1, '0.0000', 1, 0, 0, '0000-00-00', '50000.00000000', 1, '0.00000000', '0.00000000', '0.00000000', 0, 1, 1, 0, 1, 2, 0, 1, NULL, 0, '2020-04-21 19:50:20', '2020-04-21 19:50:20'),
(120, '', '', '', '', '0.0000', '0.0000', '', '', '', '', '', '', '', 0, 0, 0, 'https://2.pik.vn/202024fb663e-ebf3-47d7-9163-54722ac41067.jpg', '', 0, 26, 1, '0.0000', 1, '0.0000', 1, 0, 0, '0000-00-00', '50000.00000000', 1, '0.00000000', '0.00000000', '0.00000000', 0, 1, 1, 0, 1, 2, 0, 1, NULL, 0, '2020-04-21 19:50:20', '2020-04-21 19:50:20'),
(121, '', '', '', '', '0.0000', '0.0000', '', '', '', '', '', '', '', 0, 0, 0, 'https://2.pik.vn/202013ad3e8e-0d7a-4239-a562-1ad874796216.jpg', '', 0, 26, 1, '0.0000', 1, '0.0000', 1, 0, 0, '0000-00-00', '50000.00000000', 1, '0.00000000', '0.00000000', '0.00000000', 0, 1, 1, 0, 1, 2, 0, 1, NULL, 0, '2020-04-21 19:50:20', '2020-04-21 19:50:20'),
(122, '', '', '', '', '0.0000', '0.0000', '', '', '', '', '', '', '', 0, 0, 0, 'https://2.pik.vn/2020c4c5561d-1440-4db2-9dff-90533c8ee1f5.jpg', '', 0, 26, 1, '0.0000', 1, '0.0000', 1, 0, 0, '0000-00-00', '50000.00000000', 1, '0.00000000', '0.00000000', '0.00000000', 0, 1, 1, 0, 1, 2, 0, 1, NULL, 0, '2020-04-21 19:50:20', '2020-04-21 19:50:20');

-- restore soft-deleted products if demo
UPDATE `oc_product` SET `deleted` = NULL
WHERE `demo` = 1
  AND `product_id` IN (
      104,
      105,
      106,
      107,
      108,
      109,
      110,
      111,
      112,
      113,
      114,
      115,
      116,
      117,
      118,
      119,
      120,
      121,
      122
  );

-- oc_product_collection PRIMARY KEY (`product_collection_id`)
INSERT IGNORE INTO `oc_product_collection` (`product_collection_id`, `product_id`, `collection_id`, `sort_order`) VALUES
(137, 114, 8, 0),
(136, 113, 8, 0),
(135, 104, 8, 0),
(140, 117, 8, 0),
(139, 116, 8, 0),
(138, 115, 8, 0),
(143, 121, 8, 0),
(142, 120, 8, 0),
(141, 119, 8, 0),
(146, 109, 8, 0),
(145, 108, 8, 0),
(144, 122, 8, 0),
(147, 110, 8, 0),
(148, 111, 8, 0),
(149, 105, 8, 0),
(150, 106, 8, 0),
(151, 104, 9, 0),
(152, 113, 9, 0),
(153, 114, 9, 0),
(154, 115, 9, 0),
(155, 116, 9, 0),
(156, 117, 9, 0),
(157, 118, 9, 0),
(158, 119, 9, 0),
(159, 104, 10, 0),
(160, 113, 10, 0),
(161, 114, 10, 0),
(162, 115, 10, 0),
(163, 116, 10, 0),
(164, 117, 10, 0),
(165, 118, 10, 0),
(166, 119, 10, 0),
(167, 120, 10, 0);

-- oc_product_description PRIMARY KEY (`product_id`,`language_id`)
INSERT IGNORE INTO `oc_product_description` (`product_id`, `language_id`, `name`, `description`, `sub_description`, `seo_title`, `seo_description`, `tag`, `meta_title`, `meta_description`, `meta_keyword`) VALUES
(104, 2, 'TOYOTA INNOVA 2.0E1', ' - Số chỗ ngồi : 8 chỗ \n- Kiểu dáng : Đa dụng \n- Nhiên liệu : Xăng \n- Xuất xứ : Xe trong nước \n\nThông tin khác: \n- Số tự động 5 cấp\n- Động cơ xăng dung tích 1.998 cm3', '', '', '', '', '', '', ''),
(105, 2, 'TOYOTA INNOVA 2.0E2', ' - Số chỗ ngồi : 8 chỗ \n- Kiểu dáng : Đa dụng \n- Nhiên liệu : Xăng \n- Xuất xứ : Xe trong nước \n\nThông tin khác: \n- Số tự động 5 cấp\n- Động cơ xăng dung tích 1.998 cm3', '', '', '', '', '', '', ''),
(106, 2, 'TOYOTA INNOVA 2.0E3', ' - Số chỗ ngồi : 8 chỗ \n- Kiểu dáng : Đa dụng \n- Nhiên liệu : Xăng \n- Xuất xứ : Xe trong nước \n\nThông tin khác: \n- Số tự động 5 cấp\n- Động cơ xăng dung tích 1.998 cm3', '', '', '', '', '', '', ''),
(107, 2, 'TOYOTA INNOVA 2.0E4', ' - Số chỗ ngồi : 8 chỗ \n- Kiểu dáng : Đa dụng \n- Nhiên liệu : Xăng \n- Xuất xứ : Xe trong nước \n\nThông tin khác: \n- Số tự động 5 cấp\n- Động cơ xăng dung tích 1.998 cm3', '', '', '', '', '', '', ''),
(108, 2, 'TOYOTA INNOVA 2.0E5', ' - Số chỗ ngồi : 8 chỗ \n- Kiểu dáng : Đa dụng \n- Nhiên liệu : Xăng \n- Xuất xứ : Xe trong nước \n\nThông tin khác: \n- Số tự động 5 cấp\n- Động cơ xăng dung tích 1.998 cm3', '', '', '', '', '', '', ''),
(109, 2, 'TOYOTA INNOVA 2.0E6', ' - Số chỗ ngồi : 8 chỗ \n- Kiểu dáng : Đa dụng \n- Nhiên liệu : Xăng \n- Xuất xứ : Xe trong nước \n\nThông tin khác: \n- Số tự động 5 cấp\n- Động cơ xăng dung tích 1.998 cm3', '', '', '', '', '', '', ''),
(110, 2, 'TOYOTA INNOVA 2.0E7', ' - Số chỗ ngồi : 8 chỗ \n- Kiểu dáng : Đa dụng \n- Nhiên liệu : Xăng \n- Xuất xứ : Xe trong nước \n\nThông tin khác: \n- Số tự động 5 cấp\n- Động cơ xăng dung tích 1.998 cm3', '', '', '', '', '', '', ''),
(111, 2, 'TOYOTA INNOVA 2.0E8', ' - Số chỗ ngồi : 8 chỗ \n- Kiểu dáng : Đa dụng \n- Nhiên liệu : Xăng \n- Xuất xứ : Xe trong nước \n\nThông tin khác: \n- Số tự động 5 cấp\n- Động cơ xăng dung tích 1.998 cm3', '', '', '', '', '', '', ''),
(112, 2, 'TOYOTA INNOVA 2.0E9', ' - Số chỗ ngồi : 8 chỗ \n- Kiểu dáng : Đa dụng \n- Nhiên liệu : Xăng \n- Xuất xứ : Xe trong nước \n\nThông tin khác: \n- Số tự động 5 cấp\n- Động cơ xăng dung tích 1.998 cm3', '', '', '', '', '', '', ''),
(113, 2, 'TOYOTA INNOVA 2.0E10', ' - Số chỗ ngồi : 8 chỗ \n- Kiểu dáng : Đa dụng \n- Nhiên liệu : Xăng \n- Xuất xứ : Xe trong nước \n\nThông tin khác: \n- Số tự động 5 cấp\n- Động cơ xăng dung tích 1.998 cm3', '', '', '', '', '', '', ''),
(114, 2, 'TOYOTA INNOVA 2.0E11', ' - Số chỗ ngồi : 8 chỗ \n- Kiểu dáng : Đa dụng \n- Nhiên liệu : Xăng \n- Xuất xứ : Xe trong nước \n\nThông tin khác: \n- Số tự động 5 cấp\n- Động cơ xăng dung tích 1.998 cm3', '', '', '', '', '', '', ''),
(115, 2, 'TOYOTA INNOVA 2.0E12', ' - Số chỗ ngồi : 8 chỗ \n- Kiểu dáng : Đa dụng \n- Nhiên liệu : Xăng \n- Xuất xứ : Xe trong nước \n\nThông tin khác: \n- Số tự động 5 cấp\n- Động cơ xăng dung tích 1.998 cm3', '', '', '', '', '', '', ''),
(116, 2, 'TOYOTA INNOVA 2.0E13', ' - Số chỗ ngồi : 8 chỗ \n- Kiểu dáng : Đa dụng \n- Nhiên liệu : Xăng \n- Xuất xứ : Xe trong nước \n\nThông tin khác: \n- Số tự động 5 cấp\n- Động cơ xăng dung tích 1.998 cm3', '', '', '', '', '', '', ''),
(117, 2, 'TOYOTA INNOVA 2.0E14', ' - Số chỗ ngồi : 8 chỗ \n- Kiểu dáng : Đa dụng \n- Nhiên liệu : Xăng \n- Xuất xứ : Xe trong nước \n\nThông tin khác: \n- Số tự động 5 cấp\n- Động cơ xăng dung tích 1.998 cm3', '', '', '', '', '', '', ''),
(118, 2, 'TOYOTA INNOVA 2.0E15', ' - Số chỗ ngồi : 8 chỗ \n- Kiểu dáng : Đa dụng \n- Nhiên liệu : Xăng \n- Xuất xứ : Xe trong nước \n\nThông tin khác: \n- Số tự động 5 cấp\n- Động cơ xăng dung tích 1.998 cm3', '', '', '', '', '', '', ''),
(119, 2, 'TOYOTA INNOVA 2.0E16', ' - Số chỗ ngồi : 8 chỗ \n- Kiểu dáng : Đa dụng \n- Nhiên liệu : Xăng \n- Xuất xứ : Xe trong nước \n\nThông tin khác: \n- Số tự động 5 cấp\n- Động cơ xăng dung tích 1.998 cm3', '', '', '', '', '', '', ''),
(120, 2, 'TOYOTA INNOVA 2.0E17', ' - Số chỗ ngồi : 8 chỗ \n- Kiểu dáng : Đa dụng \n- Nhiên liệu : Xăng \n- Xuất xứ : Xe trong nước \n\nThông tin khác: \n- Số tự động 5 cấp\n- Động cơ xăng dung tích 1.998 cm3', '', '', '', '', '', '', ''),
(121, 2, 'TOYOTA INNOVA 2.0E18', ' - Số chỗ ngồi : 8 chỗ \n- Kiểu dáng : Đa dụng \n- Nhiên liệu : Xăng \n- Xuất xứ : Xe trong nước \n\nThông tin khác: \n- Số tự động 5 cấp\n- Động cơ xăng dung tích 1.998 cm3', '', '', '', '', '', '', ''),
(122, 2, 'TOYOTA INNOVA 2.0E19', ' - Số chỗ ngồi : 8 chỗ \n- Kiểu dáng : Đa dụng \n- Nhiên liệu : Xăng \n- Xuất xứ : Xe trong nước \n\nThông tin khác: \n- Số tự động 5 cấp\n- Động cơ xăng dung tích 1.998 cm3', '', '', '', '', '', '', '');

-- oc_product_image PRIMARY KEY (`product_image_id`)
-- INSERT IGNORE INTO `oc_product_image` (`product_image_id`, `product_id`, `image`, `image_alt`, `sort_order`) VALUES
-- nothing

-- oc_product_to_category PRIMARY KEY (`product_id`,`category_id`)
-- INSERT IGNORE INTO `oc_product_to_category` (`product_id`, `category_id`) VALUES
-- nothing

-- oc_product_to_store PRIMARY KEY (`product_id`,`store_id`)
INSERT IGNORE INTO `oc_product_to_store` (`product_id`, `store_id`, `product_version_id`, `quantity`, `cost_price`) VALUES
(104, 0, 0, 10, '0.0000'),
(105, 0, 0, 10, '0.0000'),
(106, 0, 0, 10, '0.0000'),
(107, 0, 0, 10, '0.0000'),
(108, 0, 0, 10, '0.0000'),
(109, 0, 0, 10, '0.0000'),
(110, 0, 0, 10, '0.0000'),
(111, 0, 0, 10, '0.0000'),
(112, 0, 0, 10, '0.0000'),
(113, 0, 0, 10, '0.0000'),
(114, 0, 0, 10, '0.0000'),
(115, 0, 0, 10, '0.0000'),
(116, 0, 0, 10, '0.0000'),
(117, 0, 0, 10, '0.0000'),
(118, 0, 0, 10, '0.0000'),
(119, 0, 0, 10, '0.0000'),
(120, 0, 0, 10, '0.0000'),
(121, 0, 0, 10, '0.0000'),
(122, 0, 0, 10, '0.0000');