-- oc_category PRIMARY KEY (`category_id`)
INSERT IGNORE INTO `oc_category` (`category_id`, `image`, `parent_id`, `top`, `column`, `sort_order`, `status`, `date_added`, `date_modified`) VALUES
(99, '', 95, 0, 0, 0, 1, '2020-12-16 11:55:13', '2020-12-16 11:55:13'),
(100, '', 95, 0, 0, 0, 1, '2020-12-16 11:55:13', '2020-12-16 11:55:13'),
(101, '', 95, 0, 0, 0, 1, '2020-12-16 11:55:13', '2020-12-16 11:55:13'),
(102, '', 95, 0, 0, 0, 1, '2020-12-16 11:55:13', '2020-12-16 11:55:13'),
(103, '', 0, 0, 0, 3, 1, '2020-12-16 11:56:02', '2020-12-16 11:56:06'),
(97, '', 95, 0, 0, 0, 1, '2020-12-16 11:55:13', '2020-12-16 11:55:13'),
(98, '', 95, 0, 0, 0, 1, '2020-12-16 11:55:13', '2020-12-16 11:55:13'),
(96, '', 93, 0, 0, 0, 1, '2020-12-16 11:54:35', '2020-12-16 11:54:35'),
(91, '', 81, 0, 0, 0, 1, '2020-12-16 11:54:07', '2020-12-16 11:54:07'),
(92, '', 81, 0, 0, 0, 1, '2020-12-16 11:54:07', '2020-12-16 11:54:07'),
(93, '', 0, 0, 0, 2, 1, '2020-12-16 11:54:35', '2020-12-16 11:54:40'),
(94, '', 93, 0, 0, 0, 1, '2020-12-16 11:54:35', '2020-12-16 11:54:35'),
(95, '', 93, 0, 0, 0, 1, '2020-12-16 11:54:35', '2020-12-16 11:55:13'),
(79, '', 0, 0, 0, 1, 1, '2020-12-16 11:53:11', '2020-12-16 11:53:14'),
(80, '', 79, 0, 0, 0, 1, '2020-12-16 11:53:11', '2020-12-16 11:53:37'),
(81, '', 79, 0, 0, 0, 1, '2020-12-16 11:53:11', '2020-12-16 11:54:07'),
(82, '', 79, 0, 0, 0, 1, '2020-12-16 11:53:11', '2020-12-16 11:53:11'),
(83, '', 79, 0, 0, 0, 1, '2020-12-16 11:53:11', '2020-12-16 11:53:11'),
(84, '', 79, 0, 0, 0, 1, '2020-12-16 11:53:11', '2020-12-16 11:53:11'),
(85, '', 80, 0, 0, 0, 1, '2020-12-16 11:53:37', '2020-12-16 11:53:37'),
(86, '', 80, 0, 0, 0, 1, '2020-12-16 11:53:37', '2020-12-16 11:53:37'),
(87, '', 80, 0, 0, 0, 1, '2020-12-16 11:53:37', '2020-12-16 11:53:37'),
(88, '', 80, 0, 0, 0, 1, '2020-12-16 11:53:37', '2020-12-16 11:53:37'),
(89, '', 81, 0, 0, 0, 1, '2020-12-16 11:54:07', '2020-12-16 11:54:07'),
(90, '', 81, 0, 0, 0, 1, '2020-12-16 11:54:07', '2020-12-16 11:54:07'),
(104, '', 103, 0, 0, 0, 1, '2020-12-16 11:56:02', '2020-12-16 11:56:02'),
(105, '', 103, 0, 0, 0, 1, '2020-12-16 11:56:02', '2020-12-16 11:56:02'),
(106, '', 103, 0, 0, 0, 1, '2020-12-16 11:56:02', '2020-12-16 11:56:02'),
(107, '', 103, 0, 0, 0, 1, '2020-12-16 11:56:02', '2020-12-16 11:56:02'),
(108, '', 103, 0, 0, 0, 1, '2020-12-16 11:56:02', '2020-12-16 11:56:02'),
(109, '', 103, 0, 0, 0, 1, '2020-12-16 11:56:02', '2020-12-16 11:56:02'),
(110, '', 0, 0, 0, 4, 1, '2020-12-16 11:56:29', '2020-12-16 11:56:34'),
(111, '', 110, 0, 0, 0, 1, '2020-12-16 11:56:29', '2020-12-16 11:56:29'),
(112, '', 110, 0, 0, 0, 1, '2020-12-16 11:56:29', '2020-12-16 11:56:29'),
(113, '', 110, 0, 0, 0, 1, '2020-12-16 11:56:29', '2020-12-16 11:56:55'),
(114, '', 113, 0, 0, 0, 1, '2020-12-16 11:56:55', '2020-12-16 11:56:55'),
(115, '', 113, 0, 0, 0, 1, '2020-12-16 11:56:55', '2020-12-16 11:56:55'),
(116, '', 113, 0, 0, 0, 1, '2020-12-16 11:56:55', '2020-12-16 11:56:55');

-- oc_category_description PRIMARY KEY (`category_id`,`language_id`)
INSERT IGNORE INTO `oc_category_description` (`category_id`, `language_id`, `name`, `description`, `meta_title`, `meta_description`, `meta_keyword`) VALUES
(116, 2, 'Parmesan Cheese', 'Parmesan Cheese', '', '', ''),
(116, 1, 'Parmesan Cheese', 'Parmesan Cheese', '', '', ''),
(115, 1, 'Cheddar Cheese', 'Cheddar Cheese', '', '', ''),
(110, 1, 'Kem, Bơ Và Phô Mai', 'Kem, Bơ Và Phô Mai', '', '', ''),
(111, 2, 'Các Loại Bơ', 'Các Loại Bơ', '', '', ''),
(111, 1, 'Các Loại Bơ', 'Các Loại Bơ', '', '', ''),
(112, 2, 'Kem', 'Kem', '', '', ''),
(112, 1, 'Kem', 'Kem', '', '', ''),
(113, 2, 'Phô Mai', 'Phô Mai', '', '', ''),
(113, 1, 'Phô Mai', 'Phô Mai', '', '', ''),
(114, 2, 'Blue Cheese', 'Blue Cheese', '', '', ''),
(114, 1, 'Blue Cheese', 'Blue Cheese', '', '', ''),
(115, 2, 'Cheddar Cheese', 'Cheddar Cheese', '', '', ''),
(79, 2, 'Rau Củ', 'Rau Củ', '', '', ''),
(79, 1, 'Rau Củ', 'Rau Củ', '', '', ''),
(80, 2, 'Rau Ăn Củ', 'Rau Ăn Củ', '', '', ''),
(80, 1, 'Rau Ăn Củ', 'Rau Ăn Củ', '', '', ''),
(81, 2, 'Rau Ăn Lá', 'Rau Ăn Lá', '', '', ''),
(81, 1, 'Rau Ăn Lá', 'Rau Ăn Lá', '', '', ''),
(82, 2, 'Rau Ăn Quả', 'Rau Ăn Quả', '', '', ''),
(82, 1, 'Rau Ăn Quả', 'Rau Ăn Quả', '', '', ''),
(83, 2, 'Rau Củ Sấy Khô', 'Rau Củ Sấy Khô', '', '', ''),
(83, 1, 'Rau Củ Sấy Khô', 'Rau Củ Sấy Khô', '', '', ''),
(84, 2, 'Rau Củ Đóng Hộp', 'Rau Củ Đóng Hộp', '', '', ''),
(84, 1, 'Rau Củ Đóng Hộp', 'Rau Củ Đóng Hộp', '', '', ''),
(85, 2, 'Cà Rốt', 'Cà Rốt', '', '', ''),
(85, 1, 'Cà Rốt', 'Cà Rốt', '', '', ''),
(86, 2, 'Các Củ Khác', 'Các Củ Khác', '', '', ''),
(86, 1, 'Các Củ Khác', 'Các Củ Khác', '', '', ''),
(87, 2, 'Củ Cải', 'Củ Cải', '', '', ''),
(87, 1, 'Củ Cải', 'Củ Cải', '', '', ''),
(88, 2, 'Củ Gia Vị', 'Củ Gia Vị', '', '', ''),
(88, 1, 'Củ Gia Vị', 'Củ Gia Vị', '', '', ''),
(89, 2, 'Bông Cải', 'Bông Cải', '', '', ''),
(89, 1, 'Bông Cải', 'Bông Cải', '', '', ''),
(90, 2, 'Rau Cải', 'Rau Cải', '', '', ''),
(90, 1, 'Rau Cải', 'Rau Cải', '', '', ''),
(91, 2, 'Rau Gia Vị', 'Rau Gia Vị', '', '', ''),
(91, 1, 'Rau Gia Vị', 'Rau Gia Vị', '', '', ''),
(92, 2, 'Xà Lách', 'Xà Lách', '', '', ''),
(92, 1, 'Xà Lách', 'Xà Lách', '', '', ''),
(93, 2, 'Trái Cây', 'Trái Cây', '', '', ''),
(93, 1, 'Trái Cây', 'Trái Cây', '', '', ''),
(94, 2, 'Trái Cây Khô', 'Trái Cây Khô', '', '', ''),
(94, 1, 'Trái Cây Khô', 'Trái Cây Khô', '', '', ''),
(95, 2, 'Trái Cây Tươi', 'Trái Cây Tươi', '', '', ''),
(95, 1, 'Trái Cây Tươi', 'Trái Cây Tươi', '', '', ''),
(96, 2, 'Trái Cây Đông Lạnh', 'Trái Cây Đông Lạnh', '', '', ''),
(96, 1, 'Trái Cây Đông Lạnh', 'Trái Cây Đông Lạnh', '', '', ''),
(97, 2, 'Chuối', 'Chuối', '', '', ''),
(97, 1, 'Chuối', 'Chuối', '', '', ''),
(98, 2, 'Dưa', 'Dưa', '', '', ''),
(98, 1, 'Dưa', 'Dưa', '', '', ''),
(99, 2, 'Nho', 'Nho', '', '', ''),
(99, 1, 'Nho', 'Nho', '', '', ''),
(100, 2, 'Táo', 'Táo', '', '', ''),
(100, 1, 'Táo', 'Táo', '', '', ''),
(101, 2, 'Xoài', 'Xoài', '', '', ''),
(101, 1, 'Xoài', 'Xoài', '', '', ''),
(102, 2, 'Trái Cây Khác', 'Trái Cây Khác', '', '', ''),
(102, 1, 'Trái Cây Khác', 'Trái Cây Khác', '', '', ''),
(103, 2, 'Gia Vị Và Phụ Liệu', 'Gia Vị Và Phụ Liệu', '', '', ''),
(103, 1, 'Gia Vị Và Phụ Liệu', 'Gia Vị Và Phụ Liệu', '', '', ''),
(104, 2, 'Các Loại Sốt', 'Các Loại Sốt', '', '', ''),
(104, 1, 'Các Loại Sốt', 'Các Loại Sốt', '', '', ''),
(105, 2, 'Dầu Thực Vật', 'Dầu Thực Vật', '', '', ''),
(105, 1, 'Dầu Thực Vật', 'Dầu Thực Vật', '', '', ''),
(106, 2, 'Gia Vị Khô', 'Gia Vị Khô', '', '', ''),
(106, 1, 'Gia Vị Khô', 'Gia Vị Khô', '', '', ''),
(107, 2, 'Giấm', 'Giấm', '', '', ''),
(107, 1, 'Giấm', 'Giấm', '', '', ''),
(108, 2, 'Nước Mắm', 'Nước Mắm', '', '', ''),
(108, 1, 'Nước Mắm', 'Nước Mắm', '', '', ''),
(109, 2, 'Nước Tương', 'Nước Tương', '', '', ''),
(109, 1, 'Nước Tương', 'Nước Tương', '', '', ''),
(110, 2, 'Kem, Bơ Và Phô Mai', 'Kem, Bơ Và Phô Mai', '', '', '');

-- oc_category_path PRIMARY KEY (`category_id`,`path_id`)
INSERT IGNORE INTO `oc_category_path` (`category_id`, `path_id`, `level`) VALUES
(112, 112, 1),
(112, 110, 0),
(108, 103, 0),
(107, 107, 1),
(107, 103, 0),
(93, 93, 0),
(106, 106, 1),
(106, 103, 0),
(97, 97, 2),
(102, 102, 2),
(100, 93, 0),
(97, 95, 1),
(94, 93, 0),
(100, 95, 1),
(105, 105, 1),
(105, 103, 0),
(92, 92, 2),
(103, 103, 0),
(86, 80, 1),
(85, 80, 1),
(85, 85, 2),
(104, 103, 0),
(104, 104, 1),
(86, 79, 0),
(83, 83, 1),
(82, 82, 1),
(102, 95, 1),
(102, 93, 0),
(101, 101, 2),
(101, 95, 1),
(101, 93, 0),
(100, 100, 2),
(97, 93, 0),
(96, 96, 1),
(96, 93, 0),
(95, 95, 1),
(95, 93, 0),
(94, 94, 1),
(99, 99, 2),
(99, 95, 1),
(99, 93, 0),
(98, 98, 2),
(98, 95, 1),
(98, 93, 0),
(92, 81, 1),
(92, 79, 0),
(91, 91, 2),
(91, 81, 1),
(91, 79, 0),
(90, 90, 2),
(90, 81, 1),
(90, 79, 0),
(89, 89, 2),
(89, 81, 1),
(89, 79, 0),
(88, 88, 2),
(88, 80, 1),
(88, 79, 0),
(87, 87, 2),
(87, 80, 1),
(87, 79, 0),
(86, 86, 2),
(111, 111, 1),
(111, 110, 0),
(110, 110, 0),
(109, 109, 1),
(109, 103, 0),
(108, 108, 1),
(85, 79, 0),
(84, 84, 1),
(80, 79, 0),
(80, 80, 1),
(79, 79, 0),
(84, 79, 0),
(81, 81, 1),
(82, 79, 0),
(83, 79, 0),
(81, 79, 0),
(113, 110, 0),
(113, 113, 1),
(114, 110, 0),
(114, 113, 1),
(114, 114, 2),
(115, 110, 0),
(115, 113, 1),
(115, 115, 2),
(116, 110, 0),
(116, 113, 1),
(116, 116, 2);

-- oc_category_to_store PRIMARY KEY (`category_id`,`store_id`)
INSERT IGNORE INTO `oc_category_to_store` (`category_id`, `store_id`) VALUES
(79, 0),
(80, 0),
(81, 0),
(82, 0),
(83, 0),
(84, 0),
(85, 0),
(86, 0),
(87, 0),
(88, 0),
(89, 0),
(90, 0),
(91, 0),
(92, 0),
(93, 0),
(94, 0),
(95, 0),
(96, 0),
(97, 0),
(98, 0),
(99, 0),
(100, 0),
(101, 0),
(102, 0),
(103, 0),
(104, 0),
(105, 0),
(106, 0),
(107, 0),
(108, 0),
(109, 0),
(110, 0),
(111, 0),
(112, 0),
(113, 0),
(114, 0),
(115, 0),
(116, 0);