-- oc_product PRIMARY KEY (`product_id`)
-- delete first
INSERT IGNORE INTO `oc_product` (`product_id`, `model`, `sku`, `common_barcode`, `common_sku`, `common_compare_price`, `common_price`, `common_cost_price`, `barcode`, `upc`, `ean`, `jan`, `isbn`, `mpn`, `location`, `quantity`, `sale_on_out_of_stock`, `stock_status_id`, `image`, `image_alt`, `multi_versions`, `manufacturer_id`, `shipping`, `price`, `price_currency_id`, `compare_price`, `c_price_currency_id`, `points`, `tax_class_id`, `date_available`, `weight`, `weight_class_id`, `length`, `width`, `height`, `length_class_id`, `subtract`, `minimum`, `sort_order`, `status`, `channel`, `viewed`, `demo`, `deleted`, `default_store_id`, `user_create_id`, `date_added`, `date_modified`) VALUES
(132, '', '', '', '', '0.0000', '0.0000', '0.0000', '', '', '', '', '', '', '', 0, 1, 0, 'https://cdn.bestme.asia/images/x2/93357828159721938229.jpg', '', 0, 0, 1, '0.0000', 1, '885000.0000', 1, 0, 0, '0000-00-00', '30.00000000', 1, '0.00000000', '0.00000000', '0.00000000', 0, 1, 1, 0, 1, 2, 0, 1, NULL, 0, 1, '2020-08-12 14:49:14', '2020-08-12 15:03:29'),
(133, '', '', '', '', '0.0000', '0.0000', '0.0000', '', '', '', '', '', '', '', 0, 1, 0, 'https://cdn.bestme.asia/images/x2/seriefersgolfcallawayapex5pwdroitierregular28159721943529.jpg', '', 0, 0, 1, '0.0000', 1, '5760000.0000', 1, 0, 0, '0000-00-00', '30.00000000', 1, '0.00000000', '0.00000000', '0.00000000', 0, 1, 1, 0, 1, 2, 0, 1, NULL, 0, 1, '2020-08-12 14:54:33', '2020-08-12 15:04:03'),
(134, '', '', '', '', '0.0000', '0.0000', '0.0000', '', '', '', '', '', '', '', 0, 1, 0, 'https://cdn.bestme.asia/images/x2/htb1l2nwmzfpk1rjszfoq6y6nfxawjpg640x64028159721946229.jpg', '', 0, 0, 1, '0.0000', 1, '895000.0000', 1, 0, 0, '0000-00-00', '30.00000000', 1, '0.00000000', '0.00000000', '0.00000000', 0, 1, 1, 0, 1, 2, 0, 1, NULL, 0, 1, '2020-08-12 14:56:42', '2020-08-12 15:04:32'),
(135, '', '', '', '', '0.0000', '0.0000', '0.0000', '', '', '', '', '', '', '', 0, 1, 0, 'https://cdn.bestme.asia/images/x2/ca415321e8c1c042dc5de77ec6feea69.jpg', '', 0, 0, 1, '0.0000', 1, '3485000.0000', 1, 0, 0, '0000-00-00', '30.00000000', 1, '0.00000000', '0.00000000', '0.00000000', 0, 1, 1, 0, 1, 2, 0, 1, NULL, 0, 1, '2020-08-12 15:05:51', '2020-08-12 15:05:51'),
(136, '', '', '', '', '0.0000', '0.0000', '0.0000', '', '', '', '', '', '', '', 0, 1, 0, 'https://cdn.bestme.asia/images/x2/25ebf78190f9c319e9355e4fd1754abb.jpg', '', 0, 0, 1, '0.0000', 1, '2245000.0000', 1, 0, 0, '0000-00-00', '30.00000000', 1, '0.00000000', '0.00000000', '0.00000000', 0, 1, 1, 0, 1, 2, 0, 1, NULL, 0, 1, '2020-08-12 15:11:04', '2020-08-12 15:11:04'),
(137, '', '', '', '', '0.0000', '0.0000', '0.0000', '', '', '', '', '', '', '', 0, 1, 0, 'https://cdn.bestme.asia/images/x2/b74bcc8919ebac38a16f19df045b4d26.jpg', '', 0, 0, 1, '0.0000', 1, '1685000.0000', 1, 0, 0, '0000-00-00', '30.00000000', 1, '0.00000000', '0.00000000', '0.00000000', 0, 1, 1, 0, 1, 2, 0, 1, NULL, 0, 1, '2020-08-12 15:14:10', '2020-08-12 15:14:10'),
(138, '', '', '', '', '0.0000', '0.0000', '0.0000', '', '', '', '', '', '', '', 0, 1, 0, 'https://cdn.bestme.asia/images/x2/i-img800x800-15903197659ch2wq179263.jpg', '', 0, 0, 1, '0.0000', 1, '985000.0000', 1, 0, 0, '0000-00-00', '30.00000000', 1, '0.00000000', '0.00000000', '0.00000000', 0, 1, 1, 0, 1, 2, 0, 1, NULL, 0, 1, '2020-08-12 15:20:59', '2020-08-12 15:20:59'),
(139, '', '', '', '', '0.0000', '0.0000', '0.0000', '', '', '', '', '', '', '', 0, 1, 0, 'https://cdn.bestme.asia/images/x2/untitled-1_N2GAXEr.jpg', '', 0, 0, 1, '0.0000', 1, '6180000.0000', 1, 0, 0, '0000-00-00', '30.00000000', 1, '0.00000000', '0.00000000', '0.00000000', 0, 1, 1, 0, 1, 0, 0, 1, NULL, 0, 1, '2020-08-12 15:26:17', '2020-08-12 15:26:17'),
(140, '', '', '', '', '0.0000', '0.0000', '0.0000', '', '', '', '', '', '', '', 0, 1, 0, 'https://cdn.bestme.asia/images/x2/thiet-ke-khong-ten-41.png', '', 0, 0, 1, '0.0000', 1, '445000.0000', 1, 0, 0, '0000-00-00', '30.00000000', 1, '0.00000000', '0.00000000', '0.00000000', 0, 1, 1, 0, 1, 2, 0, 1, NULL, 0, 1, '2020-08-12 15:31:08', '2020-08-12 15:39:12'),
(141, '', '', '', '', '0.0000', '0.0000', '0.0000', '', '', '', '', '', '', '', 0, 1, 0, 'https://cdn.bestme.asia/images/x2/945574.jpg', '', 0, 0, 1, '0.0000', 1, '595000.0000', 1, 0, 0, '0000-00-00', '30.00000000', 1, '0.00000000', '0.00000000', '0.00000000', 0, 1, 1, 0, 1, 0, 0, 1, NULL, 0, 1, '2020-08-12 15:35:13', '2020-08-12 15:39:02'),
(142, '', '', '', '', '0.0000', '0.0000', '0.0000', '', '', '', '', '', '', '', 0, 1, 0, 'https://cdn.bestme.asia/images/x2/untitled-2_jPFJnDg.jpg', '', 0, 0, 1, '0.0000', 1, '745000.0000', 1, 0, 0, '0000-00-00', '30.00000000', 1, '0.00000000', '0.00000000', '0.00000000', 0, 1, 1, 0, 1, 2, 0, 1, NULL, 0, 1, '2020-08-12 15:38:51', '2020-08-12 15:38:51'),
(143, '', '', '', '', '0.0000', '0.0000', '0.0000', '', '', '', '', '', '', '', 0, 1, 0, 'https://cdn.bestme.asia/images/x2/484218e4bef12e1134e7db8c03a343b0.png', '', 0, 0, 1, '0.0000', 1, '345000.0000', 1, 0, 0, '0000-00-00', '30.00000000', 1, '0.00000000', '0.00000000', '0.00000000', 0, 1, 1, 0, 1, 0, 0, 1, NULL, 0, 1, '2020-08-12 15:42:13', '2020-08-12 15:42:13'),
(144, '', '', '', '', '0.0000', '0.0000', '0.0000', '', '', '', '', '', '', '', 0, 1, 0, 'https://cdn.bestme.asia/images/x2/untitled-3.jpg', '', 0, 0, 1, '0.0000', 1, '2495000.0000', 1, 0, 0, '0000-00-00', '30.00000000', 1, '0.00000000', '0.00000000', '0.00000000', 0, 1, 1, 0, 1, 2, 0, 1, NULL, 0, 1, '2020-08-12 15:45:26', '2020-08-12 15:45:26'),
(145, '', '', '', '', '0.0000', '0.0000', '0.0000', '', '', '', '', '', '', '', 0, 1, 0, 'https://cdn.bestme.asia/images/x2/51viwjecphl.jpg', '', 0, 0, 1, '0.0000', 1, '1295000.0000', 1, 0, 0, '0000-00-00', '30.00000000', 1, '0.00000000', '0.00000000', '0.00000000', 0, 1, 1, 0, 1, 2, 0, 1, NULL, 0, 1, '2020-08-12 15:47:46', '2020-08-12 15:47:46'),
(146, '', '', '', '', '0.0000', '0.0000', '0.0000', '', '', '', '', '', '', '', 0, 1, 0, 'https://cdn.bestme.asia/images/x2/1337908.jpg', '', 0, 0, 1, '0.0000', 1, '1495000.0000', 1, 0, 0, '0000-00-00', '30.00000000', 1, '0.00000000', '0.00000000', '0.00000000', 0, 1, 1, 0, 1, 2, 0, 1, NULL, 0, 1, '2020-08-12 15:50:05', '2020-08-12 15:50:05'),
(147, '', '', '', '', '0.0000', '0.0000', '0.0000', '', '', '', '', '', '', '', 0, 1, 0, 'https://cdn.bestme.asia/images/x2/tb2ueycdpxxxxbhxxxxxxxxxxxx-1684891524.jpg', '', 0, 0, 1, '0.0000', 1, '995000.0000', 1, 0, 0, '0000-00-00', '30.00000000', 1, '0.00000000', '0.00000000', '0.00000000', 0, 1, 1, 0, 1, 2, 0, 1, NULL, 0, 1, '2020-08-12 15:52:15', '2020-08-12 15:52:15'),
(148, '', '', '', '', '0.0000', '0.0000', '0.0000', '', '', '', '', '', '', '', 0, 1, 0, 'https://cdn.bestme.asia/images/x2/cbc7490ef8adecf74255dc1e8d1e8160.jpg', '', 0, 0, 1, '0.0000', 1, '20000.0000', 1, 0, 0, '0000-00-00', '30.00000000', 1, '0.00000000', '0.00000000', '0.00000000', 0, 1, 1, 0, 1, 2, 0, 1, NULL, 0, 1, '2020-08-12 16:02:44', '2020-08-12 16:03:07'),
(149, '', '', '', '', '0.0000', '0.0000', '0.0000', '', '', '', '', '', '', '', 0, 1, 0, 'https://cdn.bestme.asia/images/x2/getthumbnail.jpg', '', 0, 0, 1, '0.0000', 1, '12990000.0000', 1, 0, 0, '0000-00-00', '30.00000000', 1, '0.00000000', '0.00000000', '0.00000000', 0, 1, 1, 0, 1, 2, 0, 1, NULL, 0, 1, '2020-08-12 16:27:22', '2020-08-12 16:27:22'),
(150, '', '', '', '', '0.0000', '0.0000', '0.0000', '', '', '', '', '', '', '', 0, 1, 0, 'https://cdn.bestme.asia/images/x2/untitled-4.jpg', '', 0, 0, 1, '0.0000', 1, '15900000.0000', 1, 0, 0, '0000-00-00', '30.00000000', 1, '0.00000000', '0.00000000', '0.00000000', 0, 1, 1, 0, 1, 2, 0, 1, NULL, 0, 1, '2020-08-12 16:30:25', '2020-08-12 16:30:25'),
(151, '', '', '', '', '0.0000', '0.0000', '0.0000', '', '', '', '', '', '', '', 0, 1, 0, 'https://cdn.bestme.asia/images/x2/958378.jpg', '', 0, 0, 1, '0.0000', 1, '395000.0000', 1, 0, 0, '0000-00-00', '30.00000000', 1, '0.00000000', '0.00000000', '0.00000000', 0, 1, 1, 0, 1, 2, 0, 1, NULL, 0, 1, '2020-08-12 16:36:20', '2020-08-12 16:36:20'),
(152, '', '', '', '', '0.0000', '0.0000', '0.0000', '', '', '', '', '', '', '', 0, 1, 0, 'https://cdn.bestme.asia/images/x2/39e450f9481fd93ee67205998e3d4c6b.jpg', '', 0, 0, 1, '0.0000', 1, '545000.0000', 1, 0, 0, '0000-00-00', '30.00000000', 1, '0.00000000', '0.00000000', '0.00000000', 0, 1, 1, 0, 1, 2, 0, 1, NULL, 0, 1, '2020-08-12 16:39:50', '2020-08-12 16:39:50'),
(153, '', '', '', '', '0.0000', '0.0000', '0.0000', '', '', '', '', '', '', '', 0, 1, 0, 'https://cdn.bestme.asia/images/x2/3c968dc40db8ed06dc94e203ef24989a.png', '', 0, 0, 1, '0.0000', 1, '1485000.0000', 1, 0, 0, '0000-00-00', '30.00000000', 1, '0.00000000', '0.00000000', '0.00000000', 0, 1, 1, 0, 1, 2, 0, 1, NULL, 0, 1, '2020-08-12 16:43:28', '2020-08-12 16:43:28'),
(154, '', '', '', '', '0.0000', '0.0000', '0.0000', '', '', '', '', '', '', '', 0, 1, 0, 'https://cdn.bestme.asia/images/x2/84586e516ccd195b19e1a76fc166876c.jpg', '', 0, 0, 1, '0.0000', 1, '985000.0000', 1, 0, 0, '0000-00-00', '30.00000000', 1, '0.00000000', '0.00000000', '0.00000000', 0, 1, 1, 0, 1, 2, 0, 1, NULL, 0, 1, '2020-08-12 16:45:38', '2020-08-12 16:45:38'),
(155, '', '', '', '', '0.0000', '0.0000', '0.0000', '', '', '', '', '', '', '', 0, 1, 0, 'https://cdn.bestme.asia/images/x2/jzq0018bf4b939a1244ebc9d6ebd2337caaebcmaster.jpg', '', 0, 0, 1, '0.0000', 1, '385000.0000', 1, 0, 0, '0000-00-00', '30.00000000', 1, '0.00000000', '0.00000000', '0.00000000', 0, 1, 1, 0, 1, 2, 0, 1, NULL, 0, 1, '2020-08-12 16:47:44', '2020-08-12 16:47:44');

-- restore soft-deleted products if demo
UPDATE `oc_product` SET `deleted` = NULL
WHERE `demo` = 1
  AND `product_id` IN (
      132,
      133,
      134,
      135,
      136,
      137,
      138,
      139,
      140,
      141,
      142,
      143,
      144,
      145,
      146,
      147,
      148,
      149,
      150,
      151,
      152,
      153,
      154,
      155
  );

-- oc_product_collection PRIMARY KEY (`product_collection_id`)
INSERT IGNORE INTO `oc_product_collection` (`product_collection_id`, `product_id`, `collection_id`, `sort_order`) VALUES
(159, 142, 11, 0),
(158, 143, 11, 0),
(157, 140, 11, 0),
(156, 141, 11, 0),
(155, 138, 10, 0),
(154, 137, 10, 0),
(153, 136, 10, 0),
(152, 139, 10, 0),
(151, 135, 9, 0),
(150, 132, 9, 0),
(149, 133, 9, 0),
(148, 134, 9, 0),
(160, 144, 12, 0),
(161, 147, 12, 0),
(162, 146, 12, 0),
(163, 145, 12, 0),
(164, 148, 13, 0),
(165, 151, 13, 0),
(166, 150, 13, 0),
(167, 149, 13, 0),
(168, 153, 14, 0),
(169, 155, 14, 0),
(170, 152, 14, 0),
(171, 154, 14, 0),
(223, 135, 31, 4),
(183, 135, 27, 0),
(182, 140, 26, 0),
(181, 141, 25, 0),
(180, 151, 24, 0),
(179, 154, 23, 0),
(178, 148, 22, 0),
(177, 151, 21, 0),
(176, 153, 19, 0),
(175, 150, 18, 0),
(174, 143, 17, 0),
(173, 148, 16, 0),
(172, 134, 15, 0),
(222, 132, 31, 3),
(221, 133, 31, 2),
(220, 134, 31, 1),
(192, 141, 32, 0),
(193, 140, 32, 0),
(194, 144, 32, 0),
(195, 147, 32, 0),
(196, 146, 32, 0),
(197, 143, 32, 0),
(198, 142, 32, 0),
(199, 145, 32, 0),
(200, 153, 33, 0),
(201, 148, 33, 0),
(202, 155, 33, 0),
(203, 151, 33, 0),
(204, 150, 33, 0),
(205, 152, 33, 0),
(206, 154, 33, 0),
(207, 149, 33, 0),
(224, 141, 34, 1),
(209, 148, 35, 0),
(210, 151, 36, 0),
(211, 152, 37, 0),
(212, 141, 38, 0),
(213, 141, 39, 0),
(214, 148, 40, 0),
(225, 148, 41, 1);

-- oc_product_description PRIMARY KEY (`product_id`,`language_id`)
INSERT IGNORE INTO `oc_product_description` (`product_id`, `language_id`, `name`, `description`, `sub_description`, `seo_title`, `seo_description`, `tag`, `meta_title`, `meta_description`, `meta_keyword`) VALUES
(132, 2, 'GẬY SẮT SỐ 7 - PGM G300 GOLF IRON - TIG025', '&lt;h2&gt;&lt;strong&gt;I. Tên sản phẩm : Gậy sắt số 7 - PGM G300 Golf Iron - TIG025&lt;/strong&gt;&lt;/h2&gt;\r\n\r\n&lt;p&gt;- Mã sản phẩm : TIG025&lt;/p&gt;\r\n\r\n&lt;p&gt;- Thương hiệu : PGM&lt;/p&gt;\r\n\r\n&lt;h2&gt;&lt;strong&gt;II. Chi tiết sản phẩm TIG025&lt;/strong&gt;&lt;/h2&gt;\r\n\r\n&lt;h3&gt;&lt;strong&gt;1. Mô tả sản phẩm&lt;/strong&gt;&lt;/h3&gt;\r\n\r\n&lt;p&gt;- Loại gậy : Gậy 7 Iron&lt;/p&gt;\r\n\r\n&lt;p&gt;- Loại cán : Graphite&lt;/p&gt;\r\n\r\n&lt;p&gt;- Độ cứng Flex : R&lt;/p&gt;\r\n\r\n&lt;p&gt;- Giới tính : Nam&lt;/p&gt;\r\n\r\n&lt;p&gt;- Màu sắc : Trắng Xanh&lt;/p&gt;\r\n\r\n&lt;p&gt;- Trọng lượng đầu gậy : 271 g&lt;/p&gt;\r\n\r\n&lt;p&gt;- Trọng lượng thân gậy : 64 g&lt;/p&gt;\r\n\r\n&lt;p&gt;- Trọng lượng tay nắm : 51 g &lt;/p&gt;\r\n\r\n&lt;p&gt;- Tổng trọng lượng : 386 g&lt;/p&gt;\r\n\r\n&lt;p&gt;- Góc loft : 30&lt;sup&gt;o&lt;/sup&gt;&lt;/p&gt;\r\n\r\n&lt;p&gt;- Góc lie : 62&lt;sup&gt;o&lt;/sup&gt; &lt;/p&gt;\r\n\r\n&lt;h3&gt;&lt;strong&gt;2. Chất liệu&lt;/strong&gt; &lt;/h3&gt;\r\n\r\n&lt;p&gt;- Tay nắm gậy được làm từ cao su.&lt;/p&gt;\r\n\r\n&lt;p&gt;-  Mặt gậy là thép đúc nguyên khối.&lt;/p&gt;\r\n\r\n&lt;p&gt;- Thân gậy làm bằng Graphite nhẹ, kiểm soát tốt lực đánh phù hợp cho cả người mới bắt đầu và các Golfer lâu năm.&lt;/p&gt;\r\n\r\n&lt;h3&gt;&lt;strong&gt;3. Tính năng&lt;/strong&gt;&lt;/h3&gt;\r\n\r\n&lt;p&gt;- Công nghệ sơn tĩnh điện siêu bền.&lt;/p&gt;\r\n\r\n&lt;p&gt;- Công nghệ mạ Crom siêu bền trên cán gậy.&lt;/p&gt;\r\n\r\n&lt;p&gt;- Sử dụng công nghệ CNC (cắt nét chính xác và tinh xảo trên mặt gậy thông qua robot)&lt;/p&gt;\r\n\r\n&lt;p&gt;- Công nghệ lắp ráp gậy thông qua hệ thống điều khiển tự động (đảm bảo sự chính xác về thông số kỹ thuật).&lt;/p&gt;\r\n\r\n&lt;p&gt;-&lt;b&gt; &lt;/b&gt;Đầu gậy dễ dàng chuyển hóa năng lượng tới trái bóng mà không tốn quá nhiều sức của Golfer.&lt;/p&gt;\r\n\r\n&lt;p&gt;- Mặt gậy cũng được mở rộng bằng cách loại bỏ những mối hàn cho phép đánh bóng đi cao hơn trên toàn bộ bề mặt của gậy.&lt;/p&gt;\r\n\r\n&lt;p&gt;- Gậy có độ cứng cao nên khoảng cách của bóng xa hơn, khả năng chống mài mòn cao và tuổi thọ là 5 năm.&lt;/p&gt;\r\n\r\n&lt;h3&gt;&lt;strong&gt;4. Mức độ uy tín&lt;/strong&gt;&lt;/h3&gt;\r\n\r\n&lt;p&gt;- PGM là hãng sản xuất chuyên về dụng cụ Golf có sự phát triển vượt bậc trong 10 năm qua, mở rộng nhiều thị trường hoạt động rộng lớn phải kể đến Bắc Mỹ, Trung Á và Nam Mỹ trong đó có Việt Nam cùng hầu hết các nước Đông Nam Á.&lt;/p&gt;\r\n\r\n&lt;p&gt;- PGM là lựa chọn số 1 tại đất nước tỉ dân Trung Quốc, đi kèm với chất lượng đã qua kiểm duyệt và mẫu mã đa dạng đáp ứng nhu cầu an toàn cho người sử dụng.&lt;/p&gt;\r\n\r\n&lt;p&gt;- Teeoff Golf Shop là đại lý độc quyền phân phối chính hãng sản phẩm của PGM tại Việt Nam. Mang đến sự hài lòng cho khách hàng của Teeoff bằng những sản phẩm có mẫu mã chất lượng, chế độ bảo hành uy tín, hàng thật và nói không với hàng giả hàng nhái.&lt;/p&gt;\r\n\r\n&lt;p&gt; &lt;/p&gt;\r\n\r\n&lt;p&gt;&lt;img src=&quot;https://img.alicdn.com/imgextra/i2/80289080/O1CN012GwgjXuP3Q8NJAb_!!80289080.jpg&quot; /&gt;&lt;/p&gt;\r\n\r\n&lt;p&gt; &lt;/p&gt;', '', '', '', '', '', '', ''),
(133, 2, 'GẬY SẮT SỐ 7 - CALLAWAY IR RH APEX 19 - CTIGNS950', '&lt;h3&gt;&lt;strong&gt;1. Mô tả sản phẩm &lt;/strong&gt;&lt;/h3&gt;\r\n\r\n&lt;p&gt;Gậy Golf Iron Callaway Apex Forged 19 là dòng sản phẩm được hầu hết Golfer đánh giá tốt trên Golf Digest là gậy Golf cho cảm giác tuyệt vời với khả năng cho khoảng cách tối đa trong các loại gậy Golf, đây hứa hẹn sẽ là dòng gậy bán chạy nhất trong năm 2019 của thương hiệu nổi tiếng Callaway.&lt;/p&gt;\r\n\r\n&lt;ul&gt;\r\n	&lt;li&gt;\r\n	&lt;p&gt;Loại gậy : Gậy 7 Iron&lt;/p&gt;\r\n	&lt;/li&gt;\r\n	&lt;li&gt;\r\n	&lt;p&gt;Loại cán : Graphite&lt;/p&gt;\r\n	&lt;/li&gt;\r\n	&lt;li&gt;\r\n	&lt;p&gt;Độ cứng Flex : R&lt;/p&gt;\r\n	&lt;/li&gt;\r\n	&lt;li&gt;\r\n	&lt;p&gt;Tay thuận : Tay phải&lt;/p&gt;\r\n	&lt;/li&gt;\r\n	&lt;li&gt;\r\n	&lt;p&gt;Màu sắc : Bạc &lt;/p&gt;\r\n	&lt;/li&gt;\r\n	&lt;li&gt;\r\n	&lt;p&gt;Độ dài : 37 inch (~ 94 cm)&lt;/p&gt;\r\n	&lt;/li&gt;\r\n	&lt;li&gt;\r\n	&lt;p&gt;Trọng lượng : 375g &lt;/p&gt;\r\n	&lt;/li&gt;\r\n	&lt;li&gt;\r\n	&lt;p&gt;Góc loft : 30.5&lt;sup&gt;o&lt;/sup&gt;&lt;/p&gt;\r\n	&lt;/li&gt;\r\n	&lt;li&gt;\r\n	&lt;p&gt;Góc lie : 62&lt;sup&gt;o&lt;/sup&gt; &lt;/p&gt;\r\n	&lt;/li&gt;\r\n&lt;/ul&gt;\r\n\r\n&lt;h3&gt;&lt;img alt=&quot;&quot; src=&quot;http://bizweb.dktcdn.net/thumb/grande/100/182/519/products/01b.jpg?v=1494563425633&quot; /&gt;&lt;strong&gt;2. Chất liệu&lt;/strong&gt;&lt;/h3&gt;\r\n\r\n&lt;p&gt;- Đầu gậy : Làm bằng Thép Carbon Forged 1025 cao cấp, không gỉ. &lt;/p&gt;\r\n\r\n&lt;p&gt;- Thân gậy : Làm bằng Graphite nhẹ, kiểm soát tốt lực đánh.&lt;/p&gt;\r\n\r\n&lt;p&gt;- Tay nắm : Làm bằng cao su cao cấp, cấu trúc tổ ong làm giảm lực ma sát tăng độ bám giúp người chơi dễ đánh hơn. &lt;/p&gt;\r\n\r\n&lt;h3&gt;&lt;strong&gt;3. Tính năng&lt;/strong&gt;&lt;/h3&gt;\r\n\r\n&lt;p dir=&quot;ltr&quot;&gt;- Gậy được thiết kế theo cấu trúc đa mảnh theo tiêu chuẩn hoàn toàn mới của Callaway đối với dòng gậy Apex, cho cú đánh có hiệu suất tối đa, âm thanh và cảm giác đánh vượt trội.&lt;/p&gt;\r\n\r\n&lt;p dir=&quot;ltr&quot;&gt;- Một thiết kế Forged mới kết hợp với công nghệ Speed Ball, một công nghệ mới sáng tạo, cho người chơi cú đánh có quỹ đạo cao và tốc độ hoàn hảo.&lt;/p&gt;\r\n\r\n&lt;p dir=&quot;ltr&quot;&gt;- Gậy được làm bằng chất liệu thép Forged 1025 cao cấp thể hiện sự sang trọng và đẳng cấp hút hồn Golfer ngay từ cái nhìn đầu tiên. &lt;/p&gt;\r\n\r\n&lt;p dir=&quot;ltr&quot;&gt;- Đây cũng là dòng gậy được hãng áp dụng kính hiển vi Urethane độc ​​quyền giúp gậy loại bỏ những rung động không mong muốn khi bóng va chạm vào mặt gậy Golf.&lt;/p&gt;\r\n\r\n&lt;p dir=&quot;ltr&quot;&gt;- Thiết kế mặt gậy xoay 360&lt;sup&gt;o&lt;/sup&gt; giúp mặt gậy linh hoạt hơn, cho tốc độ bóng nhanh với khoảng cách nhất quán, đồng thời dễ dàng đánh bóng vào trung tâm mặt gậy.&lt;/p&gt;\r\n\r\n&lt;p dir=&quot;ltr&quot;&gt;- Một bước đột phá trong gậy sắt ngắn đó là công nghệ VFT Face, các Golfer dễ dàng điều khiển cú đánh của mình đi chuẩn xác.&lt;/p&gt;\r\n\r\n&lt;p dir=&quot;ltr&quot;&gt;- Với cấu trúc đa vật liệu, trọng lượng thép Vonfram giúp người chơi dễ dàng xác định trọng tâm CG trong mỗi gậy sắt cho độ chính xác và duy trì tính linh hoạt của mặt gậy. Điều này sẽ giúp đường bóng đi ổn định và kiểm soát bóng chính xác hơn.&lt;/p&gt;\r\n\r\n&lt;p dir=&quot;ltr&quot;&gt;&lt;img data-thumb=&quot;original&quot; original-height=&quot;1050&quot; original-width=&quot;800&quot; src=&quot;https://bizweb.dktcdn.net/100/182/519/files/callaway-apex-2019-irons-6.jpg?v=1573636165688&quot; /&gt;&lt;/p&gt;', '', '', '', '', '', '', ''),
(134, 2, 'GẬY PUTTER C4 - PGM TUG005', '&lt;h3 style=&quot;margin-top:20px; margin-bottom:10px; text-align:start; text-indent:0px; -webkit-text-stroke-width:0px&quot;&gt;&lt;span style=&quot;font-size:24px&quot;&gt;&lt;span style=&quot;box-sizing:border-box&quot;&gt;&lt;span style=&quot;font-family:Arial&quot;&gt;&lt;span style=&quot;font-weight:500&quot;&gt;&lt;span style=&quot;line-height:1.1&quot;&gt;&lt;span style=&quot;color:#333333&quot;&gt;&lt;span style=&quot;font-style:normal&quot;&gt;&lt;span style=&quot;font-variant-ligatures:normal&quot;&gt;&lt;span style=&quot;font-variant-caps:normal&quot;&gt;&lt;span style=&quot;letter-spacing:normal&quot;&gt;&lt;span style=&quot;orphans:2&quot;&gt;&lt;span style=&quot;text-transform:none&quot;&gt;&lt;span style=&quot;white-space:normal&quot;&gt;&lt;span style=&quot;widows:2&quot;&gt;&lt;span style=&quot;word-spacing:0px&quot;&gt;&lt;span style=&quot;background-color:#ffffff&quot;&gt;&lt;span style=&quot;text-decoration-style:initial&quot;&gt;&lt;span style=&quot;text-decoration-color:initial&quot;&gt;&lt;span style=&quot;font-size:14px&quot;&gt;&lt;span style=&quot;box-sizing:border-box&quot;&gt;&lt;strong style=&quot;box-sizing:border-box; font-weight:700&quot;&gt;1. Mô tả sản phẩm &lt;/strong&gt;&lt;/span&gt;&lt;/span&gt;&lt;/span&gt;&lt;/span&gt;&lt;/span&gt;&lt;/span&gt;&lt;/span&gt;&lt;/span&gt;&lt;/span&gt;&lt;/span&gt;&lt;/span&gt;&lt;/span&gt;&lt;/span&gt;&lt;/span&gt;&lt;/span&gt;&lt;/span&gt;&lt;/span&gt;&lt;/span&gt;&lt;/span&gt;&lt;/span&gt;&lt;/h3&gt;\r\n\r\n&lt;p style=&quot;text-indent:0px; -webkit-text-stroke-width:0px; text-align:justify; margin-bottom:10px&quot;&gt;&lt;span style=&quot;font-size:14px&quot;&gt;&lt;span style=&quot;box-sizing:border-box&quot;&gt;&lt;span style=&quot;color:#333333&quot;&gt;&lt;span style=&quot;font-family:Arial&quot;&gt;&lt;span style=&quot;font-style:normal&quot;&gt;&lt;span style=&quot;font-variant-ligatures:normal&quot;&gt;&lt;span style=&quot;font-variant-caps:normal&quot;&gt;&lt;span style=&quot;font-weight:400&quot;&gt;&lt;span style=&quot;letter-spacing:normal&quot;&gt;&lt;span style=&quot;orphans:2&quot;&gt;&lt;span style=&quot;text-transform:none&quot;&gt;&lt;span style=&quot;white-space:normal&quot;&gt;&lt;span style=&quot;widows:2&quot;&gt;&lt;span style=&quot;word-spacing:0px&quot;&gt;&lt;span style=&quot;background-color:#ffffff&quot;&gt;&lt;span style=&quot;text-decoration-style:initial&quot;&gt;&lt;span style=&quot;text-decoration-color:initial&quot;&gt;&lt;span style=&quot;font-size:14px&quot;&gt;&lt;span style=&quot;box-sizing:border-box&quot;&gt;&lt;span style=&quot;box-sizing:border-box&quot;&gt;&lt;span style=&quot;font-family:Arial, Helvetica, sans-serif&quot;&gt;TUG005 là cây gậy Putter hay được sử dụng nhiều trên Green nhanh bởi nhiều đặc tính như mỏng, nhẹ, dễ dàng sử dụng.&lt;/span&gt;&lt;/span&gt;&lt;/span&gt;&lt;/span&gt;&lt;/span&gt;&lt;/span&gt;&lt;/span&gt;&lt;/span&gt;&lt;/span&gt;&lt;/span&gt;&lt;/span&gt;&lt;/span&gt;&lt;/span&gt;&lt;/span&gt;&lt;/span&gt;&lt;/span&gt;&lt;/span&gt;&lt;/span&gt;&lt;/span&gt;&lt;/span&gt;&lt;/span&gt;&lt;/p&gt;\r\n\r\n&lt;ul style=&quot;box-sizing:border-box; color:#333333; font-family:Arial; font-size:14px; font-style:normal; font-variant-ligatures:normal; font-variant-caps:normal; font-weight:400; letter-spacing:normal; orphans:2; text-align:start; text-indent:0px; text-transform:none; white-space:normal; widows:2; word-spacing:0px; -webkit-text-stroke-width:0px; text-decoration-style:initial; text-decoration-color:initial; background-color:#ffffff&quot;&gt;\r\n	&lt;li style=&quot;box-sizing:border-box; text-indent:0px; -webkit-text-stroke-width:0px; margin-bottom:10px; text-align:justify&quot;&gt;\r\n	&lt;p style=&quot;margin-bottom:10px&quot;&gt;&lt;span style=&quot;box-sizing:border-box&quot;&gt;&lt;span style=&quot;font-size:14px&quot;&gt;&lt;span style=&quot;box-sizing:border-box&quot;&gt;&lt;span style=&quot;box-sizing:border-box&quot;&gt;&lt;span style=&quot;font-family:Arial, Helvetica, sans-serif&quot;&gt;&lt;span style=&quot;box-sizing:border-box&quot;&gt;&lt;span style=&quot;box-sizing:border-box&quot;&gt;Loại gậy: Gậy gạt Putter&lt;/span&gt;&lt;/span&gt;&lt;/span&gt;&lt;/span&gt;&lt;/span&gt;&lt;/span&gt;&lt;/span&gt;&lt;/p&gt;\r\n	&lt;/li&gt;\r\n	&lt;li style=&quot;box-sizing:border-box&quot;&gt;\r\n	&lt;p style=&quot;text-align:justify; margin-bottom:10px&quot;&gt;&lt;span style=&quot;box-sizing:border-box&quot;&gt;&lt;span style=&quot;font-size:14px&quot;&gt;&lt;span style=&quot;box-sizing:border-box&quot;&gt;&lt;span style=&quot;box-sizing:border-box&quot;&gt;&lt;span style=&quot;font-family:Arial, Helvetica, sans-serif&quot;&gt;&lt;span style=&quot;box-sizing:border-box&quot;&gt;&lt;span style=&quot;box-sizing:border-box&quot;&gt;&lt;span style=&quot;box-sizing:border-box&quot;&gt;&lt;span style=&quot;box-sizing:border-box&quot;&gt;&lt;span style=&quot;box-sizing:border-box&quot;&gt;&lt;span style=&quot;box-sizing:border-box&quot;&gt;&lt;span style=&quot;box-sizing:border-box&quot;&gt;&lt;span style=&quot;box-sizing:border-box&quot;&gt;&lt;span style=&quot;box-sizing:border-box&quot;&gt;&lt;span style=&quot;box-sizing:border-box&quot;&gt;&lt;span style=&quot;box-sizing:border-box&quot;&gt;&lt;span style=&quot;box-sizing:border-box&quot;&gt;&lt;span style=&quot;box-sizing:border-box&quot;&gt;&lt;span style=&quot;box-sizing:border-box&quot;&gt;&lt;span style=&quot;box-sizing:border-box&quot;&gt;Loại cán : Thép&lt;/span&gt;&lt;/span&gt;&lt;/span&gt;&lt;/span&gt;&lt;/span&gt;&lt;/span&gt;&lt;/span&gt;&lt;/span&gt;&lt;/span&gt;&lt;/span&gt;&lt;/span&gt;&lt;/span&gt;&lt;/span&gt;&lt;/span&gt;&lt;/span&gt;&lt;/span&gt;&lt;/span&gt;&lt;/span&gt;&lt;/span&gt;&lt;/span&gt;&lt;/p&gt;\r\n	&lt;/li&gt;\r\n	&lt;li style=&quot;box-sizing:border-box&quot;&gt;\r\n	&lt;p style=&quot;text-align:justify; margin-bottom:10px&quot;&gt;&lt;span style=&quot;box-sizing:border-box&quot;&gt;&lt;span style=&quot;font-size:14px&quot;&gt;&lt;span style=&quot;box-sizing:border-box&quot;&gt;&lt;span style=&quot;box-sizing:border-box&quot;&gt;&lt;span style=&quot;font-family:Arial, Helvetica, sans-serif&quot;&gt;&lt;span style=&quot;box-sizing:border-box&quot;&gt;&lt;span style=&quot;box-sizing:border-box&quot;&gt;&lt;span style=&quot;box-sizing:border-box&quot;&gt;&lt;span style=&quot;box-sizing:border-box&quot;&gt;&lt;span style=&quot;box-sizing:border-box&quot;&gt;&lt;span style=&quot;box-sizing:border-box&quot;&gt;&lt;span style=&quot;box-sizing:border-box&quot;&gt;&lt;span style=&quot;box-sizing:border-box&quot;&gt;&lt;span style=&quot;box-sizing:border-box&quot;&gt;&lt;span style=&quot;box-sizing:border-box&quot;&gt;&lt;span style=&quot;box-sizing:border-box&quot;&gt;&lt;span style=&quot;box-sizing:border-box&quot;&gt;&lt;span style=&quot;box-sizing:border-box&quot;&gt;&lt;font style=&quot;box-sizing:border-box&quot;&gt;&lt;span style=&quot;box-sizing:border-box&quot;&gt;Độ cứng Flex : R&lt;/span&gt;&lt;/font&gt;&lt;/span&gt;&lt;/span&gt;&lt;/span&gt;&lt;/span&gt;&lt;/span&gt;&lt;/span&gt;&lt;/span&gt;&lt;/span&gt;&lt;/span&gt;&lt;/span&gt;&lt;/span&gt;&lt;/span&gt;&lt;/span&gt;&lt;/span&gt;&lt;/span&gt;&lt;/span&gt;&lt;/span&gt;&lt;/span&gt;&lt;/p&gt;\r\n	&lt;/li&gt;\r\n	&lt;li style=&quot;box-sizing:border-box&quot;&gt;\r\n	&lt;p style=&quot;text-align:justify; margin-bottom:10px&quot;&gt;&lt;span style=&quot;box-sizing:border-box&quot;&gt;&lt;span style=&quot;font-size:14px&quot;&gt;&lt;span style=&quot;box-sizing:border-box&quot;&gt;&lt;span style=&quot;box-sizing:border-box&quot;&gt;&lt;span style=&quot;font-family:Arial, Helvetica, sans-serif&quot;&gt;&lt;span style=&quot;box-sizing:border-box&quot;&gt;&lt;span style=&quot;box-sizing:border-box&quot;&gt;&lt;span style=&quot;box-sizing:border-box&quot;&gt;&lt;span style=&quot;box-sizing:border-box&quot;&gt;&lt;span style=&quot;box-sizing:border-box&quot;&gt;&lt;span style=&quot;box-sizing:border-box&quot;&gt;&lt;span style=&quot;box-sizing:border-box&quot;&gt;&lt;span style=&quot;box-sizing:border-box&quot;&gt;&lt;span style=&quot;box-sizing:border-box&quot;&gt;&lt;span style=&quot;box-sizing:border-box&quot;&gt;&lt;span style=&quot;box-sizing:border-box&quot;&gt;&lt;span style=&quot;box-sizing:border-box&quot;&gt;&lt;span style=&quot;box-sizing:border-box&quot;&gt;&lt;span style=&quot;box-sizing:border-box&quot;&gt;&lt;span style=&quot;box-sizing:border-box&quot;&gt;Tay thuận : Tay phải&lt;/span&gt;&lt;/span&gt;&lt;/span&gt;&lt;/span&gt;&lt;/span&gt;&lt;/span&gt;&lt;/span&gt;&lt;/span&gt;&lt;/span&gt;&lt;/span&gt;&lt;/span&gt;&lt;/span&gt;&lt;/span&gt;&lt;/span&gt;&lt;/span&gt;&lt;/span&gt;&lt;/span&gt;&lt;/span&gt;&lt;/span&gt;&lt;/span&gt;&lt;/p&gt;\r\n	&lt;/li&gt;\r\n	&lt;li style=&quot;box-sizing:border-box&quot;&gt;\r\n	&lt;p style=&quot;text-align:justify; margin-bottom:10px&quot;&gt;&lt;span style=&quot;box-sizing:border-box&quot;&gt;&lt;span style=&quot;font-size:14px&quot;&gt;&lt;span style=&quot;box-sizing:border-box&quot;&gt;&lt;span style=&quot;box-sizing:border-box&quot;&gt;&lt;span style=&quot;font-family:Arial, Helvetica, sans-serif&quot;&gt;&lt;span style=&quot;box-sizing:border-box&quot;&gt;&lt;span style=&quot;box-sizing:border-box&quot;&gt;&lt;span style=&quot;box-sizing:border-box&quot;&gt;&lt;span style=&quot;box-sizing:border-box&quot;&gt;&lt;span style=&quot;box-sizing:border-box&quot;&gt;&lt;span style=&quot;box-sizing:border-box&quot;&gt;&lt;span style=&quot;box-sizing:border-box&quot;&gt;&lt;span style=&quot;box-sizing:border-box&quot;&gt;&lt;span style=&quot;box-sizing:border-box&quot;&gt;&lt;span style=&quot;box-sizing:border-box&quot;&gt;&lt;span style=&quot;box-sizing:border-box&quot;&gt;&lt;span style=&quot;box-sizing:border-box&quot;&gt;&lt;span style=&quot;box-sizing:border-box&quot;&gt;&lt;span style=&quot;box-sizing:border-box&quot;&gt;&lt;span style=&quot;box-sizing:border-box&quot;&gt;Giới tính : Unisex&lt;/span&gt;&lt;/span&gt;&lt;/span&gt;&lt;/span&gt;&lt;/span&gt;&lt;/span&gt;&lt;/span&gt;&lt;/span&gt;&lt;/span&gt;&lt;/span&gt;&lt;/span&gt;&lt;/span&gt;&lt;/span&gt;&lt;/span&gt;&lt;/span&gt;&lt;/span&gt;&lt;/span&gt;&lt;/span&gt;&lt;/span&gt;&lt;/span&gt;&lt;/p&gt;\r\n	&lt;/li&gt;\r\n	&lt;li style=&quot;box-sizing:border-box&quot;&gt;\r\n	&lt;p style=&quot;text-align:justify; margin-bottom:10px&quot;&gt;&lt;span style=&quot;box-sizing:border-box&quot;&gt;&lt;span style=&quot;font-size:14px&quot;&gt;&lt;span style=&quot;box-sizing:border-box&quot;&gt;&lt;span style=&quot;box-sizing:border-box&quot;&gt;&lt;span style=&quot;font-family:Arial, Helvetica, sans-serif&quot;&gt;&lt;span style=&quot;box-sizing:border-box&quot;&gt;&lt;span style=&quot;box-sizing:border-box&quot;&gt;&lt;span style=&quot;box-sizing:border-box&quot;&gt;&lt;span style=&quot;box-sizing:border-box&quot;&gt;&lt;span style=&quot;box-sizing:border-box&quot;&gt;&lt;span style=&quot;box-sizing:border-box&quot;&gt;&lt;span style=&quot;box-sizing:border-box&quot;&gt;&lt;span style=&quot;box-sizing:border-box&quot;&gt;&lt;span style=&quot;box-sizing:border-box&quot;&gt;&lt;span style=&quot;box-sizing:border-box&quot;&gt;&lt;span style=&quot;box-sizing:border-box&quot;&gt;&lt;span style=&quot;box-sizing:border-box&quot;&gt;&lt;span style=&quot;box-sizing:border-box&quot;&gt;&lt;span style=&quot;box-sizing:border-box&quot;&gt;&lt;span style=&quot;box-sizing:border-box&quot;&gt;Màu sắc : Đen&lt;/span&gt;&lt;/span&gt;&lt;/span&gt;&lt;/span&gt;&lt;/span&gt;&lt;/span&gt;&lt;/span&gt;&lt;/span&gt;&lt;/span&gt;&lt;/span&gt;&lt;/span&gt;&lt;/span&gt;&lt;/span&gt;&lt;/span&gt;&lt;/span&gt;&lt;/span&gt;&lt;/span&gt;&lt;/span&gt;&lt;/span&gt;&lt;/span&gt;&lt;/p&gt;\r\n	&lt;/li&gt;\r\n	&lt;li style=&quot;box-sizing:border-box&quot;&gt;\r\n	&lt;p style=&quot;text-align:justify; margin-bottom:10px&quot;&gt;&lt;span style=&quot;box-sizing:border-box&quot;&gt;&lt;span style=&quot;font-size:14px&quot;&gt;&lt;span style=&quot;box-sizing:border-box&quot;&gt;&lt;span style=&quot;box-sizing:border-box&quot;&gt;&lt;span style=&quot;font-family:Arial, Helvetica, sans-serif&quot;&gt;&lt;span style=&quot;box-sizing:border-box&quot;&gt;&lt;span style=&quot;box-sizing:border-box&quot;&gt;&lt;span style=&quot;box-sizing:border-box&quot;&gt;&lt;span style=&quot;box-sizing:border-box&quot;&gt;&lt;span style=&quot;box-sizing:border-box&quot;&gt;&lt;span style=&quot;box-sizing:border-box&quot;&gt;&lt;span style=&quot;box-sizing:border-box&quot;&gt;&lt;span style=&quot;box-sizing:border-box&quot;&gt;&lt;span style=&quot;box-sizing:border-box&quot;&gt;&lt;span style=&quot;box-sizing:border-box&quot;&gt;&lt;span style=&quot;box-sizing:border-box&quot;&gt;&lt;span style=&quot;box-sizing:border-box&quot;&gt;Cân nặng : Khoảng 545g&lt;/span&gt;&lt;/span&gt;&lt;/span&gt;&lt;/span&gt;&lt;/span&gt;&lt;/span&gt;&lt;/span&gt;&lt;/span&gt;&lt;/span&gt;&lt;/span&gt;&lt;/span&gt;&lt;/span&gt;&lt;/span&gt;&lt;/span&gt;&lt;/span&gt;&lt;/span&gt;&lt;/span&gt;&lt;/p&gt;\r\n	&lt;/li&gt;\r\n	&lt;li style=&quot;box-sizing:border-box&quot;&gt;\r\n	&lt;p style=&quot;text-align:justify; margin-bottom:10px&quot;&gt;&lt;span style=&quot;box-sizing:border-box&quot;&gt;&lt;span style=&quot;font-size:14px&quot;&gt;&lt;span style=&quot;box-sizing:border-box&quot;&gt;&lt;span style=&quot;box-sizing:border-box&quot;&gt;&lt;span style=&quot;font-family:Arial, Helvetica, sans-serif&quot;&gt;&lt;span style=&quot;box-sizing:border-box&quot;&gt;&lt;span style=&quot;box-sizing:border-box&quot;&gt;&lt;span style=&quot;box-sizing:border-box&quot;&gt;&lt;span style=&quot;box-sizing:border-box&quot;&gt;&lt;span style=&quot;box-sizing:border-box&quot;&gt;&lt;span style=&quot;box-sizing:border-box&quot;&gt;&lt;span style=&quot;box-sizing:border-box&quot;&gt;&lt;span style=&quot;box-sizing:border-box&quot;&gt;&lt;span style=&quot;box-sizing:border-box&quot;&gt;&lt;span style=&quot;box-sizing:border-box&quot;&gt;&lt;span style=&quot;box-sizing:border-box&quot;&gt;&lt;span style=&quot;box-sizing:border-box&quot;&gt;&lt;span style=&quot;box-sizing:border-box&quot;&gt;&lt;span style=&quot;box-sizing:border-box&quot;&gt;&lt;span style=&quot;box-sizing:border-box&quot;&gt;Độ dài : 34 inch (86cm)&lt;/span&gt;&lt;/span&gt;&lt;/span&gt;&lt;/span&gt;&lt;/span&gt;&lt;/span&gt;&lt;/span&gt;&lt;/span&gt;&lt;/span&gt;&lt;/span&gt;&lt;/span&gt;&lt;/span&gt;&lt;/span&gt;&lt;/span&gt;&lt;/span&gt;&lt;/span&gt;&lt;/span&gt;&lt;/span&gt;&lt;/span&gt;&lt;/span&gt;&lt;/p&gt;\r\n	&lt;/li&gt;\r\n	&lt;li style=&quot;box-sizing:border-box&quot;&gt;\r\n	&lt;p style=&quot;text-align:justify; margin-bottom:10px&quot;&gt;&lt;span style=&quot;box-sizing:border-box&quot;&gt;&lt;span style=&quot;font-size:14px&quot;&gt;&lt;span style=&quot;box-sizing:border-box&quot;&gt;&lt;span style=&quot;box-sizing:border-box&quot;&gt;&lt;span style=&quot;font-family:Arial, Helvetica, sans-serif&quot;&gt;&lt;span style=&quot;box-sizing:border-box&quot;&gt;&lt;span style=&quot;box-sizing:border-box&quot;&gt;&lt;span style=&quot;box-sizing:border-box&quot;&gt;&lt;span style=&quot;box-sizing:border-box&quot;&gt;&lt;span style=&quot;box-sizing:border-box&quot;&gt;&lt;span style=&quot;box-sizing:border-box&quot;&gt;&lt;span style=&quot;box-sizing:border-box&quot;&gt;&lt;span style=&quot;box-sizing:border-box&quot;&gt;&lt;span style=&quot;box-sizing:border-box&quot;&gt;&lt;span style=&quot;box-sizing:border-box&quot;&gt;&lt;span style=&quot;box-sizing:border-box&quot;&gt;&lt;span style=&quot;box-sizing:border-box&quot;&gt;&lt;span style=&quot;box-sizing:border-box&quot;&gt;&lt;span style=&quot;box-sizing:border-box&quot;&gt;&lt;span style=&quot;box-sizing:border-box&quot;&gt;Góc loft : 3&lt;sup style=&quot;box-sizing:border-box; position:relative; font-size:10.5px; line-height:0; vertical-align:baseline; top:-0.5em&quot;&gt;o&lt;/sup&gt;&lt;/span&gt;&lt;/span&gt;&lt;/span&gt;&lt;/span&gt;&lt;/span&gt;&lt;/span&gt;&lt;/span&gt;&lt;/span&gt;&lt;/span&gt;&lt;/span&gt;&lt;/span&gt;&lt;/span&gt;&lt;/span&gt;&lt;/span&gt;&lt;/span&gt;&lt;/span&gt;&lt;/span&gt;&lt;/span&gt;&lt;/span&gt;&lt;/span&gt;&lt;/p&gt;\r\n	&lt;/li&gt;\r\n	&lt;li style=&quot;box-sizing:border-box&quot;&gt;\r\n	&lt;p style=&quot;text-align:justify; margin-bottom:10px&quot;&gt;&lt;span style=&quot;box-sizing:border-box&quot;&gt;&lt;span style=&quot;font-size:14px&quot;&gt;&lt;span style=&quot;box-sizing:border-box&quot;&gt;&lt;span style=&quot;box-sizing:border-box&quot;&gt;&lt;span style=&quot;font-family:Arial, Helvetica, sans-serif&quot;&gt;&lt;span style=&quot;box-sizing:border-box&quot;&gt;&lt;span style=&quot;box-sizing:border-box&quot;&gt;&lt;span style=&quot;box-sizing:border-box&quot;&gt;&lt;span style=&quot;box-sizing:border-box&quot;&gt;&lt;span style=&quot;box-sizing:border-box&quot;&gt;&lt;span style=&quot;box-sizing:border-box&quot;&gt;&lt;span style=&quot;box-sizing:border-box&quot;&gt;&lt;span style=&quot;box-sizing:border-box&quot;&gt;&lt;span style=&quot;box-sizing:border-box&quot;&gt;&lt;span style=&quot;box-sizing:border-box&quot;&gt;&lt;span style=&quot;box-sizing:border-box&quot;&gt;&lt;span style=&quot;box-sizing:border-box&quot;&gt;&lt;span style=&quot;box-sizing:border-box&quot;&gt;&lt;span style=&quot;box-sizing:border-box&quot;&gt;&lt;span style=&quot;box-sizing:border-box&quot;&gt;Góc lie : 71&lt;sup style=&quot;box-sizing:border-box; position:relative; font-size:10.5px; line-height:0; vertical-align:baseline; top:-0.5em&quot;&gt;o&lt;/sup&gt; &lt;/span&gt;&lt;/span&gt;&lt;/span&gt;&lt;/span&gt;&lt;/span&gt;&lt;/span&gt;&lt;/span&gt;&lt;/span&gt;&lt;/span&gt;&lt;/span&gt;&lt;/span&gt;&lt;/span&gt;&lt;/span&gt;&lt;/span&gt;&lt;/span&gt;&lt;/span&gt;&lt;/span&gt;&lt;/span&gt;&lt;/span&gt;&lt;/span&gt;&lt;/p&gt;\r\n	&lt;/li&gt;\r\n&lt;/ul&gt;\r\n\r\n&lt;h3 style=&quot;margin-top:20px; margin-bottom:10px; text-align:start; text-indent:0px; -webkit-text-stroke-width:0px&quot;&gt;&lt;span style=&quot;font-size:24px&quot;&gt;&lt;span style=&quot;box-sizing:border-box&quot;&gt;&lt;span style=&quot;font-family:Arial&quot;&gt;&lt;span style=&quot;font-weight:500&quot;&gt;&lt;span style=&quot;line-height:1.1&quot;&gt;&lt;span style=&quot;color:#333333&quot;&gt;&lt;span style=&quot;font-style:normal&quot;&gt;&lt;span style=&quot;font-variant-ligatures:normal&quot;&gt;&lt;span style=&quot;font-variant-caps:normal&quot;&gt;&lt;span style=&quot;letter-spacing:normal&quot;&gt;&lt;span style=&quot;orphans:2&quot;&gt;&lt;span style=&quot;text-transform:none&quot;&gt;&lt;span style=&quot;white-space:normal&quot;&gt;&lt;span style=&quot;widows:2&quot;&gt;&lt;span style=&quot;word-spacing:0px&quot;&gt;&lt;span style=&quot;background-color:#ffffff&quot;&gt;&lt;span style=&quot;text-decoration-style:initial&quot;&gt;&lt;span style=&quot;text-decoration-color:initial&quot;&gt;&lt;span style=&quot;font-size:14px&quot;&gt;&lt;span style=&quot;box-sizing:border-box&quot;&gt;&lt;span style=&quot;box-sizing:border-box&quot;&gt;&lt;span style=&quot;box-sizing:border-box&quot;&gt;&lt;span style=&quot;font-family:Arial&quot;&gt;&lt;span style=&quot;box-sizing:border-box&quot;&gt;&lt;span style=&quot;font-weight:500&quot;&gt;&lt;span style=&quot;box-sizing:border-box&quot;&gt;&lt;span style=&quot;line-height:1.1&quot;&gt;&lt;span style=&quot;box-sizing:border-box&quot;&gt;&lt;span style=&quot;color:#333333&quot;&gt;&lt;span style=&quot;box-sizing:border-box&quot;&gt;&lt;span style=&quot;font-style:normal&quot;&gt;&lt;span style=&quot;box-sizing:border-box&quot;&gt;&lt;span style=&quot;font-variant-ligatures:normal&quot;&gt;&lt;span style=&quot;box-sizing:border-box&quot;&gt;&lt;span style=&quot;font-variant-caps:normal&quot;&gt;&lt;span style=&quot;box-sizing:border-box&quot;&gt;&lt;span style=&quot;letter-spacing:normal&quot;&gt;&lt;span style=&quot;box-sizing:border-box&quot;&gt;&lt;span style=&quot;orphans:2&quot;&gt;&lt;span style=&quot;box-sizing:border-box&quot;&gt;&lt;span style=&quot;text-transform:none&quot;&gt;&lt;span style=&quot;box-sizing:border-box&quot;&gt;&lt;span style=&quot;white-space:normal&quot;&gt;&lt;span style=&quot;box-sizing:border-box&quot;&gt;&lt;span style=&quot;widows:2&quot;&gt;&lt;span style=&quot;box-sizing:border-box&quot;&gt;&lt;span style=&quot;word-spacing:0px&quot;&gt;&lt;span style=&quot;box-sizing:border-box&quot;&gt;&lt;span style=&quot;background-color:#ffffff&quot;&gt;&lt;span style=&quot;box-sizing:border-box&quot;&gt;&lt;span style=&quot;text-decoration-style:initial&quot;&gt;&lt;span style=&quot;box-sizing:border-box&quot;&gt;&lt;span style=&quot;text-decoration-color:initial&quot;&gt;&lt;span style=&quot;box-sizing:border-box&quot;&gt;&lt;strong style=&quot;box-sizing:border-box; font-weight:700&quot;&gt;2. Chất liệu&lt;/strong&gt;&lt;/span&gt;&lt;/span&gt;&lt;/span&gt;&lt;/span&gt;&lt;/span&gt;&lt;/span&gt;&lt;/span&gt;&lt;/span&gt;&lt;/span&gt;&lt;/span&gt;&lt;/span&gt;&lt;/span&gt;&lt;/span&gt;&lt;/span&gt;&lt;/span&gt;&lt;/span&gt;&lt;/span&gt;&lt;/span&gt;&lt;/span&gt;&lt;/span&gt;&lt;/span&gt;&lt;/span&gt;&lt;/span&gt;&lt;/span&gt;&lt;/span&gt;&lt;/span&gt;&lt;/span&gt;&lt;/span&gt;&lt;/span&gt;&lt;/span&gt;&lt;/span&gt;&lt;/span&gt;&lt;/span&gt;&lt;/span&gt;&lt;/span&gt;&lt;/span&gt;&lt;/span&gt;&lt;/span&gt;&lt;/span&gt;&lt;/span&gt;&lt;/span&gt;&lt;/span&gt;&lt;/span&gt;&lt;/span&gt;&lt;/span&gt;&lt;/span&gt;&lt;/span&gt;&lt;/span&gt;&lt;/span&gt;&lt;/span&gt;&lt;/span&gt;&lt;/span&gt;&lt;/span&gt;&lt;/span&gt;&lt;/h3&gt;\r\n\r\n&lt;p style=&quot;text-indent:0px; -webkit-text-stroke-width:0px; text-align:justify; margin-bottom:10px&quot;&gt;&lt;span style=&quot;font-size:14px&quot;&gt;&lt;span style=&quot;box-sizing:border-box&quot;&gt;&lt;span style=&quot;color:#333333&quot;&gt;&lt;span style=&quot;font-family:Arial&quot;&gt;&lt;span style=&quot;font-style:normal&quot;&gt;&lt;span style=&quot;font-variant-ligatures:normal&quot;&gt;&lt;span style=&quot;font-variant-caps:normal&quot;&gt;&lt;span style=&quot;font-weight:400&quot;&gt;&lt;span style=&quot;letter-spacing:normal&quot;&gt;&lt;span style=&quot;orphans:2&quot;&gt;&lt;span style=&quot;text-transform:none&quot;&gt;&lt;span style=&quot;white-space:normal&quot;&gt;&lt;span style=&quot;widows:2&quot;&gt;&lt;span style=&quot;word-spacing:0px&quot;&gt;&lt;span style=&quot;background-color:#ffffff&quot;&gt;&lt;span style=&quot;text-decoration-style:initial&quot;&gt;&lt;span style=&quot;text-decoration-color:initial&quot;&gt;&lt;span style=&quot;font-size:14px&quot;&gt;&lt;span style=&quot;box-sizing:border-box&quot;&gt;&lt;span style=&quot;box-sizing:border-box&quot;&gt;&lt;span style=&quot;font-family:Arial, Helvetica, sans-serif&quot;&gt;&lt;span style=&quot;box-sizing:border-box&quot;&gt;&lt;span style=&quot;box-sizing:border-box&quot;&gt;&lt;span style=&quot;color:#333333&quot;&gt;&lt;span style=&quot;box-sizing:border-box&quot;&gt;&lt;span style=&quot;font-style:normal&quot;&gt;&lt;span style=&quot;box-sizing:border-box&quot;&gt;&lt;span style=&quot;font-variant-ligatures:normal&quot;&gt;&lt;span style=&quot;box-sizing:border-box&quot;&gt;&lt;span style=&quot;font-variant-caps:normal&quot;&gt;&lt;span style=&quot;box-sizing:border-box&quot;&gt;&lt;span style=&quot;font-weight:400&quot;&gt;&lt;span style=&quot;box-sizing:border-box&quot;&gt;&lt;span style=&quot;letter-spacing:normal&quot;&gt;&lt;span style=&quot;box-sizing:border-box&quot;&gt;&lt;span style=&quot;orphans:2&quot;&gt;&lt;span style=&quot;box-sizing:border-box&quot;&gt;&lt;span style=&quot;text-transform:none&quot;&gt;&lt;span style=&quot;box-sizing:border-box&quot;&gt;&lt;span style=&quot;white-space:normal&quot;&gt;&lt;span style=&quot;box-sizing:border-box&quot;&gt;&lt;span style=&quot;widows:2&quot;&gt;&lt;span style=&quot;box-sizing:border-box&quot;&gt;&lt;span style=&quot;word-spacing:0px&quot;&gt;&lt;span style=&quot;box-sizing:border-box&quot;&gt;&lt;span style=&quot;background-color:#ffffff&quot;&gt;&lt;span style=&quot;box-sizing:border-box&quot;&gt;&lt;span style=&quot;text-decoration-style:initial&quot;&gt;&lt;span style=&quot;box-sizing:border-box&quot;&gt;&lt;span style=&quot;text-decoration-color:initial&quot;&gt;&lt;span style=&quot;box-sizing:border-box&quot;&gt;&lt;span style=&quot;box-sizing:border-box&quot;&gt;- Đầu gậy : Làm bằng thép đúc nguyên khối không gỉ 304, xử lý công nghệ CNC.&lt;/span&gt;&lt;/span&gt;&lt;/span&gt;&lt;/span&gt;&lt;/span&gt;&lt;/span&gt;&lt;/span&gt;&lt;/span&gt;&lt;/span&gt;&lt;/span&gt;&lt;/span&gt;&lt;/span&gt;&lt;/span&gt;&lt;/span&gt;&lt;/span&gt;&lt;/span&gt;&lt;/span&gt;&lt;/span&gt;&lt;/span&gt;&lt;/span&gt;&lt;/span&gt;&lt;/span&gt;&lt;/span&gt;&lt;/span&gt;&lt;/span&gt;&lt;/span&gt;&lt;/span&gt;&lt;/span&gt;&lt;/span&gt;&lt;/span&gt;&lt;/span&gt;&lt;/span&gt;&lt;/span&gt;&lt;/span&gt;&lt;/span&gt;&lt;/span&gt;&lt;/span&gt;&lt;/span&gt;&lt;/span&gt;&lt;/span&gt;&lt;/span&gt;&lt;/span&gt;&lt;/span&gt;&lt;/span&gt;&lt;/span&gt;&lt;/span&gt;&lt;/span&gt;&lt;/span&gt;&lt;/span&gt;&lt;/span&gt;&lt;/span&gt;&lt;/span&gt;&lt;/p&gt;\r\n\r\n&lt;p style=&quot;text-indent:0px; -webkit-text-stroke-width:0px; text-align:justify; margin-bottom:10px&quot;&gt;&lt;span style=&quot;font-size:14px&quot;&gt;&lt;span style=&quot;box-sizing:border-box&quot;&gt;&lt;span style=&quot;color:#333333&quot;&gt;&lt;span style=&quot;font-family:Arial&quot;&gt;&lt;span style=&quot;font-style:normal&quot;&gt;&lt;span style=&quot;font-variant-ligatures:normal&quot;&gt;&lt;span style=&quot;font-variant-caps:normal&quot;&gt;&lt;span style=&quot;font-weight:400&quot;&gt;&lt;span style=&quot;letter-spacing:normal&quot;&gt;&lt;span style=&quot;orphans:2&quot;&gt;&lt;span style=&quot;text-transform:none&quot;&gt;&lt;span style=&quot;white-space:normal&quot;&gt;&lt;span style=&quot;widows:2&quot;&gt;&lt;span style=&quot;word-spacing:0px&quot;&gt;&lt;span style=&quot;background-color:#ffffff&quot;&gt;&lt;span style=&quot;text-decoration-style:initial&quot;&gt;&lt;span style=&quot;text-decoration-color:initial&quot;&gt;&lt;span style=&quot;font-size:14px&quot;&gt;&lt;span style=&quot;box-sizing:border-box&quot;&gt;&lt;span style=&quot;box-sizing:border-box&quot;&gt;&lt;span style=&quot;font-family:Arial, Helvetica, sans-serif&quot;&gt;&lt;span style=&quot;box-sizing:border-box&quot;&gt;&lt;span style=&quot;box-sizing:border-box&quot;&gt;&lt;span style=&quot;color:#333333&quot;&gt;&lt;span style=&quot;box-sizing:border-box&quot;&gt;&lt;span style=&quot;font-style:normal&quot;&gt;&lt;span style=&quot;box-sizing:border-box&quot;&gt;&lt;span style=&quot;font-variant-ligatures:normal&quot;&gt;&lt;span style=&quot;box-sizing:border-box&quot;&gt;&lt;span style=&quot;font-variant-caps:normal&quot;&gt;&lt;span style=&quot;box-sizing:border-box&quot;&gt;&lt;span style=&quot;font-weight:400&quot;&gt;&lt;span style=&quot;box-sizing:border-box&quot;&gt;&lt;span style=&quot;letter-spacing:normal&quot;&gt;&lt;span style=&quot;box-sizing:border-box&quot;&gt;&lt;span style=&quot;orphans:2&quot;&gt;&lt;span style=&quot;box-sizing:border-box&quot;&gt;&lt;span style=&quot;text-transform:none&quot;&gt;&lt;span style=&quot;box-sizing:border-box&quot;&gt;&lt;span style=&quot;white-space:normal&quot;&gt;&lt;span style=&quot;box-sizing:border-box&quot;&gt;&lt;span style=&quot;widows:2&quot;&gt;&lt;span style=&quot;box-sizing:border-box&quot;&gt;&lt;span style=&quot;word-spacing:0px&quot;&gt;&lt;span style=&quot;box-sizing:border-box&quot;&gt;&lt;span style=&quot;background-color:#ffffff&quot;&gt;&lt;span style=&quot;box-sizing:border-box&quot;&gt;&lt;span style=&quot;text-decoration-style:initial&quot;&gt;&lt;span style=&quot;box-sizing:border-box&quot;&gt;&lt;span style=&quot;text-decoration-color:initial&quot;&gt;&lt;span style=&quot;box-sizing:border-box&quot;&gt;&lt;span style=&quot;box-sizing:border-box&quot;&gt;- Thân gậy : Làm bằng thép bên ngoài mạ một lớp Crom chống gỉ.&lt;/span&gt;&lt;/span&gt;&lt;/span&gt;&lt;/span&gt;&lt;/span&gt;&lt;/span&gt;&lt;/span&gt;&lt;/span&gt;&lt;/span&gt;&lt;/span&gt;&lt;/span&gt;&lt;/span&gt;&lt;/span&gt;&lt;/span&gt;&lt;/span&gt;&lt;/span&gt;&lt;/span&gt;&lt;/span&gt;&lt;/span&gt;&lt;/span&gt;&lt;/span&gt;&lt;/span&gt;&lt;/span&gt;&lt;/span&gt;&lt;/span&gt;&lt;/span&gt;&lt;/span&gt;&lt;/span&gt;&lt;/span&gt;&lt;/span&gt;&lt;/span&gt;&lt;/span&gt;&lt;/span&gt;&lt;/span&gt;&lt;/span&gt;&lt;/span&gt;&lt;/span&gt;&lt;/span&gt;&lt;/span&gt;&lt;/span&gt;&lt;/span&gt;&lt;/span&gt;&lt;/span&gt;&lt;/span&gt;&lt;/span&gt;&lt;/span&gt;&lt;/span&gt;&lt;/span&gt;&lt;/span&gt;&lt;/span&gt;&lt;/span&gt;&lt;/span&gt;&lt;/p&gt;\r\n\r\n&lt;p style=&quot;text-indent:0px; -webkit-text-stroke-width:0px; text-align:justify; margin-bottom:10px&quot;&gt;&lt;span style=&quot;font-size:14px&quot;&gt;&lt;span style=&quot;box-sizing:border-box&quot;&gt;&lt;span style=&quot;color:#333333&quot;&gt;&lt;span style=&quot;font-family:Arial&quot;&gt;&lt;span style=&quot;font-style:normal&quot;&gt;&lt;span style=&quot;font-variant-ligatures:normal&quot;&gt;&lt;span style=&quot;font-variant-caps:normal&quot;&gt;&lt;span style=&quot;font-weight:400&quot;&gt;&lt;span style=&quot;letter-spacing:normal&quot;&gt;&lt;span style=&quot;orphans:2&quot;&gt;&lt;span style=&quot;text-transform:none&quot;&gt;&lt;span style=&quot;white-space:normal&quot;&gt;&lt;span style=&quot;widows:2&quot;&gt;&lt;span style=&quot;word-spacing:0px&quot;&gt;&lt;span style=&quot;background-color:#ffffff&quot;&gt;&lt;span style=&quot;text-decoration-style:initial&quot;&gt;&lt;span style=&quot;text-decoration-color:initial&quot;&gt;&lt;span style=&quot;font-size:14px&quot;&gt;&lt;span style=&quot;box-sizing:border-box&quot;&gt;&lt;span style=&quot;box-sizing:border-box&quot;&gt;&lt;span style=&quot;font-family:Arial, Helvetica, sans-serif&quot;&gt;- Tay nắm : Làm bằng cao su, cấu trúc tổ ong làm giảm lực ma sát tăng độ bám giúp người chơi dễ đánh hơn.&lt;/span&gt;&lt;/span&gt;&lt;/span&gt;&lt;/span&gt;&lt;/span&gt;&lt;/span&gt;&lt;/span&gt;&lt;/span&gt;&lt;/span&gt;&lt;/span&gt;&lt;/span&gt;&lt;/span&gt;&lt;/span&gt;&lt;/span&gt;&lt;/span&gt;&lt;/span&gt;&lt;/span&gt;&lt;/span&gt;&lt;/span&gt;&lt;/span&gt;&lt;/span&gt;&lt;/p&gt;\r\n\r\n&lt;h3 style=&quot;margin-top:20px; margin-bottom:10px; text-align:start; text-indent:0px; -webkit-text-stroke-width:0px&quot;&gt;&lt;span style=&quot;font-size:24px&quot;&gt;&lt;span style=&quot;box-sizing:border-box&quot;&gt;&lt;span style=&quot;font-family:Arial&quot;&gt;&lt;span style=&quot;font-weight:500&quot;&gt;&lt;span style=&quot;line-height:1.1&quot;&gt;&lt;span style=&quot;color:#333333&quot;&gt;&lt;span style=&quot;font-style:normal&quot;&gt;&lt;span style=&quot;font-variant-ligatures:normal&quot;&gt;&lt;span style=&quot;font-variant-caps:normal&quot;&gt;&lt;span style=&quot;letter-spacing:normal&quot;&gt;&lt;span style=&quot;orphans:2&quot;&gt;&lt;span style=&quot;text-transform:none&quot;&gt;&lt;span style=&quot;white-space:normal&quot;&gt;&lt;span style=&quot;widows:2&quot;&gt;&lt;span style=&quot;word-spacing:0px&quot;&gt;&lt;span style=&quot;background-color:#ffffff&quot;&gt;&lt;span style=&quot;text-decoration-style:initial&quot;&gt;&lt;span style=&quot;text-decoration-color:initial&quot;&gt;&lt;span style=&quot;font-size:14px&quot;&gt;&lt;span style=&quot;box-sizing:border-box&quot;&gt;&lt;strong style=&quot;box-sizing:border-box; font-weight:700&quot;&gt;3. Tính năng&lt;/strong&gt;&lt;/span&gt;&lt;/span&gt;&lt;/span&gt;&lt;/span&gt;&lt;/span&gt;&lt;/span&gt;&lt;/span&gt;&lt;/span&gt;&lt;/span&gt;&lt;/span&gt;&lt;/span&gt;&lt;/span&gt;&lt;/span&gt;&lt;/span&gt;&lt;/span&gt;&lt;/span&gt;&lt;/span&gt;&lt;/span&gt;&lt;/span&gt;&lt;/span&gt;&lt;/h3&gt;\r\n\r\n&lt;p style=&quot;text-indent:0px; -webkit-text-stroke-width:0px; text-align:justify; margin-bottom:10px&quot;&gt;&lt;span style=&quot;font-size:14px&quot;&gt;&lt;span style=&quot;box-sizing:border-box&quot;&gt;&lt;span style=&quot;color:#333333&quot;&gt;&lt;span style=&quot;font-family:Arial&quot;&gt;&lt;span style=&quot;font-style:normal&quot;&gt;&lt;span style=&quot;font-variant-ligatures:normal&quot;&gt;&lt;span style=&quot;font-variant-caps:normal&quot;&gt;&lt;span style=&quot;font-weight:400&quot;&gt;&lt;span style=&quot;letter-spacing:normal&quot;&gt;&lt;span style=&quot;orphans:2&quot;&gt;&lt;span style=&quot;text-transform:none&quot;&gt;&lt;span style=&quot;white-space:normal&quot;&gt;&lt;span style=&quot;widows:2&quot;&gt;&lt;span style=&quot;word-spacing:0px&quot;&gt;&lt;span style=&quot;background-color:#ffffff&quot;&gt;&lt;span style=&quot;text-decoration-style:initial&quot;&gt;&lt;span style=&quot;text-decoration-color:initial&quot;&gt;&lt;span style=&quot;font-size:14px&quot;&gt;&lt;span style=&quot;box-sizing:border-box&quot;&gt;&lt;span style=&quot;box-sizing:border-box&quot;&gt;&lt;span style=&quot;font-family:Arial, Helvetica, sans-serif&quot;&gt;&lt;b style=&quot;box-sizing:border-box; font-weight:700&quot;&gt;-&lt;/b&gt; Thân gậy bằng thép giúp nâng cao tối đã cảm giác của người chơi, hoàn thành cú đánh chính xác hơn. &lt;/span&gt;&lt;/span&gt;&lt;/span&gt;&lt;/span&gt;&lt;/span&gt;&lt;/span&gt;&lt;/span&gt;&lt;/span&gt;&lt;/span&gt;&lt;/span&gt;&lt;/span&gt;&lt;/span&gt;&lt;/span&gt;&lt;/span&gt;&lt;/span&gt;&lt;/span&gt;&lt;/span&gt;&lt;/span&gt;&lt;/span&gt;&lt;/span&gt;&lt;/span&gt;&lt;/p&gt;\r\n\r\n&lt;p style=&quot;text-indent:0px; -webkit-text-stroke-width:0px; text-align:justify; margin-bottom:10px&quot;&gt;&lt;span style=&quot;font-size:14px&quot;&gt;&lt;span style=&quot;box-sizing:border-box&quot;&gt;&lt;span style=&quot;color:#333333&quot;&gt;&lt;span style=&quot;font-family:Arial&quot;&gt;&lt;span style=&quot;font-style:normal&quot;&gt;&lt;span style=&quot;font-variant-ligatures:normal&quot;&gt;&lt;span style=&quot;font-variant-caps:normal&quot;&gt;&lt;span style=&quot;font-weight:400&quot;&gt;&lt;span style=&quot;letter-spacing:normal&quot;&gt;&lt;span style=&quot;orphans:2&quot;&gt;&lt;span style=&quot;text-transform:none&quot;&gt;&lt;span style=&quot;white-space:normal&quot;&gt;&lt;span style=&quot;widows:2&quot;&gt;&lt;span style=&quot;word-spacing:0px&quot;&gt;&lt;span style=&quot;background-color:#ffffff&quot;&gt;&lt;span style=&quot;text-decoration-style:initial&quot;&gt;&lt;span style=&quot;text-decoration-color:initial&quot;&gt;&lt;span style=&quot;font-size:14px&quot;&gt;&lt;span style=&quot;box-sizing:border-box&quot;&gt;&lt;span style=&quot;box-sizing:border-box&quot;&gt;&lt;span style=&quot;font-family:Arial, Helvetica, sans-serif&quot;&gt;- Chiều dài thân gậy là 34 inch là một độ dài tiêu chuẩn, phổ biến giúp người chơi có những cú đánh tốt, chính xác và ổn định hơn. &lt;/span&gt;&lt;/span&gt;&lt;/span&gt;&lt;/span&gt;&lt;/span&gt;&lt;/span&gt;&lt;/span&gt;&lt;/span&gt;&lt;/span&gt;&lt;/span&gt;&lt;/span&gt;&lt;/span&gt;&lt;/span&gt;&lt;/span&gt;&lt;/span&gt;&lt;/span&gt;&lt;/span&gt;&lt;/span&gt;&lt;/span&gt;&lt;/span&gt;&lt;/span&gt;&lt;/p&gt;\r\n\r\n&lt;p style=&quot;text-indent:0px; -webkit-text-stroke-width:0px; text-align:justify; margin-bottom:10px&quot;&gt;&lt;span style=&quot;font-size:14px&quot;&gt;&lt;span style=&quot;box-sizing:border-box&quot;&gt;&lt;span style=&quot;color:#333333&quot;&gt;&lt;span style=&quot;font-family:Arial&quot;&gt;&lt;span style=&quot;font-style:normal&quot;&gt;&lt;span style=&quot;font-variant-ligatures:normal&quot;&gt;&lt;span style=&quot;font-variant-caps:normal&quot;&gt;&lt;span style=&quot;font-weight:400&quot;&gt;&lt;span style=&quot;letter-spacing:normal&quot;&gt;&lt;span style=&quot;orphans:2&quot;&gt;&lt;span style=&quot;text-transform:none&quot;&gt;&lt;span style=&quot;white-space:normal&quot;&gt;&lt;span style=&quot;widows:2&quot;&gt;&lt;span style=&quot;word-spacing:0px&quot;&gt;&lt;span style=&quot;background-color:#ffffff&quot;&gt;&lt;span style=&quot;text-decoration-style:initial&quot;&gt;&lt;span style=&quot;text-decoration-color:initial&quot;&gt;&lt;span style=&quot;font-size:14px&quot;&gt;&lt;span style=&quot;box-sizing:border-box&quot;&gt;&lt;span style=&quot;box-sizing:border-box&quot;&gt;&lt;span style=&quot;font-family:Arial, Helvetica, sans-serif&quot;&gt;- Đầu gậy thép không gỉ 304 làm giảm độ xoáy để tăng khả năng chịu lỗi và tăng mặt Putter. Giúp đường bóng mềm mại và ổn định và dễ kiểm soát một cú đánh bóng dài, khả năng chịu lỗi cao.&lt;/span&gt;&lt;/span&gt;&lt;/span&gt;&lt;/span&gt;&lt;/span&gt;&lt;/span&gt;&lt;/span&gt;&lt;/span&gt;&lt;/span&gt;&lt;/span&gt;&lt;/span&gt;&lt;/span&gt;&lt;/span&gt;&lt;/span&gt;&lt;/span&gt;&lt;/span&gt;&lt;/span&gt;&lt;/span&gt;&lt;/span&gt;&lt;/span&gt;&lt;/span&gt;&lt;/p&gt;\r\n\r\n&lt;p style=&quot;text-indent:0px; -webkit-text-stroke-width:0px; text-align:justify; margin-bottom:10px&quot;&gt;&lt;span style=&quot;font-size:14px&quot;&gt;&lt;span style=&quot;box-sizing:border-box&quot;&gt;&lt;span style=&quot;color:#333333&quot;&gt;&lt;span style=&quot;font-family:Arial&quot;&gt;&lt;span style=&quot;font-style:normal&quot;&gt;&lt;span style=&quot;font-variant-ligatures:normal&quot;&gt;&lt;span style=&quot;font-variant-caps:normal&quot;&gt;&lt;span style=&quot;font-weight:400&quot;&gt;&lt;span style=&quot;letter-spacing:normal&quot;&gt;&lt;span style=&quot;orphans:2&quot;&gt;&lt;span style=&quot;text-transform:none&quot;&gt;&lt;span style=&quot;white-space:normal&quot;&gt;&lt;span style=&quot;widows:2&quot;&gt;&lt;span style=&quot;word-spacing:0px&quot;&gt;&lt;span style=&quot;background-color:#ffffff&quot;&gt;&lt;span style=&quot;text-decoration-style:initial&quot;&gt;&lt;span style=&quot;text-decoration-color:initial&quot;&gt;&lt;span style=&quot;font-size:14px&quot;&gt;&lt;span style=&quot;box-sizing:border-box&quot;&gt;&lt;span style=&quot;box-sizing:border-box&quot;&gt;&lt;span style=&quot;font-family:Arial, Helvetica, sans-serif&quot;&gt;- Thiết kế đầu gậy Blade Putter mỏng và nhỏ. Blade Putter thường nhẹ hơn Mallet Putter và do đó rất phù hợp sử dụng trên Green nhanh.&lt;/span&gt;&lt;/span&gt;&lt;/span&gt;&lt;/span&gt;&lt;/span&gt;&lt;/span&gt;&lt;/span&gt;&lt;/span&gt;&lt;/span&gt;&lt;/span&gt;&lt;/span&gt;&lt;/span&gt;&lt;/span&gt;&lt;/span&gt;&lt;/span&gt;&lt;/span&gt;&lt;/span&gt;&lt;/span&gt;&lt;/span&gt;&lt;/span&gt;&lt;/span&gt;&lt;/p&gt;\r\n\r\n&lt;p style=&quot;text-indent:0px; -webkit-text-stroke-width:0px; text-align:justify; margin-bottom:10px&quot;&gt;&lt;span style=&quot;font-size:14px&quot;&gt;&lt;span style=&quot;box-sizing:border-box&quot;&gt;&lt;span style=&quot;color:#333333&quot;&gt;&lt;span style=&quot;font-family:Arial&quot;&gt;&lt;span style=&quot;font-style:normal&quot;&gt;&lt;span style=&quot;font-variant-ligatures:normal&quot;&gt;&lt;span style=&quot;font-variant-caps:normal&quot;&gt;&lt;span style=&quot;font-weight:400&quot;&gt;&lt;span style=&quot;letter-spacing:normal&quot;&gt;&lt;span style=&quot;orphans:2&quot;&gt;&lt;span style=&quot;text-transform:none&quot;&gt;&lt;span style=&quot;white-space:normal&quot;&gt;&lt;span style=&quot;widows:2&quot;&gt;&lt;span style=&quot;word-spacing:0px&quot;&gt;&lt;span style=&quot;background-color:#ffffff&quot;&gt;&lt;span style=&quot;text-decoration-style:initial&quot;&gt;&lt;span style=&quot;text-decoration-color:initial&quot;&gt;&lt;span style=&quot;font-size:14px&quot;&gt;&lt;span style=&quot;box-sizing:border-box&quot;&gt;&lt;span style=&quot;box-sizing:border-box&quot;&gt;&lt;span style=&quot;font-family:Arial, Helvetica, sans-serif&quot;&gt;- Kích thước hợp lý, nhỏ gọn, vừa tay Golfer, trọng lượng vừa phải.&lt;/span&gt;&lt;/span&gt;&lt;/span&gt;&lt;/span&gt;&lt;/span&gt;&lt;/span&gt;&lt;/span&gt;&lt;/span&gt;&lt;/span&gt;&lt;/span&gt;&lt;/span&gt;&lt;/span&gt;&lt;/span&gt;&lt;/span&gt;&lt;/span&gt;&lt;/span&gt;&lt;/span&gt;&lt;/span&gt;&lt;/span&gt;&lt;/span&gt;&lt;/span&gt;&lt;/p&gt;\r\n\r\n&lt;p style=&quot;text-indent:0px; -webkit-text-stroke-width:0px; text-align:justify; margin-bottom:10px&quot;&gt;&lt;span style=&quot;font-size:14px&quot;&gt;&lt;span style=&quot;box-sizing:border-box&quot;&gt;&lt;span style=&quot;color:#333333&quot;&gt;&lt;span style=&quot;font-family:Arial&quot;&gt;&lt;span style=&quot;font-style:normal&quot;&gt;&lt;span style=&quot;font-variant-ligatures:normal&quot;&gt;&lt;span style=&quot;font-variant-caps:normal&quot;&gt;&lt;span style=&quot;font-weight:400&quot;&gt;&lt;span style=&quot;letter-spacing:normal&quot;&gt;&lt;span style=&quot;orphans:2&quot;&gt;&lt;span style=&quot;text-transform:none&quot;&gt;&lt;span style=&quot;white-space:normal&quot;&gt;&lt;span style=&quot;widows:2&quot;&gt;&lt;span style=&quot;word-spacing:0px&quot;&gt;&lt;span style=&quot;background-color:#ffffff&quot;&gt;&lt;span style=&quot;text-decoration-style:initial&quot;&gt;&lt;span style=&quot;text-decoration-color:initial&quot;&gt;&lt;span style=&quot;font-size:14px&quot;&gt;&lt;span style=&quot;box-sizing:border-box&quot;&gt;&lt;span style=&quot;box-sizing:border-box&quot;&gt;&lt;span style=&quot;font-family:Arial, Helvetica, sans-serif&quot;&gt;- Thiết kế kỹ thuật theo công nghệ CNC (cắt nét chính xác và tinh xảo trên mặt gậy thông qua robot) nhằm sửa độ lệch cực kỳ tốt.&lt;/span&gt;&lt;/span&gt;&lt;/span&gt;&lt;/span&gt;&lt;/span&gt;&lt;/span&gt;&lt;/span&gt;&lt;/span&gt;&lt;/span&gt;&lt;/span&gt;&lt;/span&gt;&lt;/span&gt;&lt;/span&gt;&lt;/span&gt;&lt;/span&gt;&lt;/span&gt;&lt;/span&gt;&lt;/span&gt;&lt;/span&gt;&lt;/span&gt;&lt;/span&gt;&lt;/p&gt;\r\n\r\n&lt;p style=&quot;text-indent:0px; -webkit-text-stroke-width:0px; text-align:justify; margin-bottom:10px&quot;&gt;&lt;span style=&quot;font-size:14px&quot;&gt;&lt;span style=&quot;box-sizing:border-box&quot;&gt;&lt;span style=&quot;color:#333333&quot;&gt;&lt;span style=&quot;font-family:Arial&quot;&gt;&lt;span style=&quot;font-style:normal&quot;&gt;&lt;span style=&quot;font-variant-ligatures:normal&quot;&gt;&lt;span style=&quot;font-variant-caps:normal&quot;&gt;&lt;span style=&quot;font-weight:400&quot;&gt;&lt;span style=&quot;letter-spacing:normal&quot;&gt;&lt;span style=&quot;orphans:2&quot;&gt;&lt;span style=&quot;text-transform:none&quot;&gt;&lt;span style=&quot;white-space:normal&quot;&gt;&lt;span style=&quot;widows:2&quot;&gt;&lt;span style=&quot;word-spacing:0px&quot;&gt;&lt;span style=&quot;background-color:#ffffff&quot;&gt;&lt;span style=&quot;text-decoration-style:initial&quot;&gt;&lt;span style=&quot;text-decoration-color:initial&quot;&gt;&lt;span style=&quot;font-size:14px&quot;&gt;&lt;span style=&quot;box-sizing:border-box&quot;&gt;&lt;span style=&quot;box-sizing:border-box&quot;&gt;&lt;span style=&quot;font-family:Arial, Helvetica, sans-serif&quot;&gt;- Công nghệ cân bằng kép cung cấp sự ổn định và nhất quán.&lt;/span&gt;&lt;/span&gt;&lt;/span&gt;&lt;/span&gt;&lt;/span&gt;&lt;/span&gt;&lt;/span&gt;&lt;/span&gt;&lt;/span&gt;&lt;/span&gt;&lt;/span&gt;&lt;/span&gt;&lt;/span&gt;&lt;/span&gt;&lt;/span&gt;&lt;/span&gt;&lt;/span&gt;&lt;/span&gt;&lt;/span&gt;&lt;/span&gt;&lt;/span&gt;&lt;/p&gt;\r\n\r\n&lt;h3 style=&quot;margin-top:20px; margin-bottom:10px; text-align:start; text-indent:0px; -webkit-text-stroke-width:0px&quot;&gt;&lt;span style=&quot;font-size:24px&quot;&gt;&lt;span style=&quot;box-sizing:border-box&quot;&gt;&lt;span style=&quot;font-family:Arial&quot;&gt;&lt;span style=&quot;font-weight:500&quot;&gt;&lt;span style=&quot;line-height:1.1&quot;&gt;&lt;span style=&quot;color:#333333&quot;&gt;&lt;span style=&quot;font-style:normal&quot;&gt;&lt;span style=&quot;font-variant-ligatures:normal&quot;&gt;&lt;span style=&quot;font-variant-caps:normal&quot;&gt;&lt;span style=&quot;letter-spacing:normal&quot;&gt;&lt;span style=&quot;orphans:2&quot;&gt;&lt;span style=&quot;text-transform:none&quot;&gt;&lt;span style=&quot;white-space:normal&quot;&gt;&lt;span style=&quot;widows:2&quot;&gt;&lt;span style=&quot;word-spacing:0px&quot;&gt;&lt;span style=&quot;background-color:#ffffff&quot;&gt;&lt;span style=&quot;text-decoration-style:initial&quot;&gt;&lt;span style=&quot;text-decoration-color:initial&quot;&gt;&lt;span style=&quot;font-size:14px&quot;&gt;&lt;span style=&quot;box-sizing:border-box&quot;&gt;&lt;strong style=&quot;box-sizing:border-box; font-weight:700&quot;&gt;4. Mức độ uy tín&lt;/strong&gt;&lt;/span&gt;&lt;/span&gt;&lt;/span&gt;&lt;/span&gt;&lt;/span&gt;&lt;/span&gt;&lt;/span&gt;&lt;/span&gt;&lt;/span&gt;&lt;/span&gt;&lt;/span&gt;&lt;/span&gt;&lt;/span&gt;&lt;/span&gt;&lt;/span&gt;&lt;/span&gt;&lt;/span&gt;&lt;/span&gt;&lt;/span&gt;&lt;/span&gt;&lt;/h3&gt;\r\n\r\n&lt;p style=&quot;text-indent:0px; -webkit-text-stroke-width:0px; text-align:justify; margin-bottom:10px&quot;&gt;&lt;span style=&quot;font-size:14px&quot;&gt;&lt;span style=&quot;box-sizing:border-box&quot;&gt;&lt;span style=&quot;color:#333333&quot;&gt;&lt;span style=&quot;font-family:Arial&quot;&gt;&lt;span style=&quot;font-style:normal&quot;&gt;&lt;span style=&quot;font-variant-ligatures:normal&quot;&gt;&lt;span style=&quot;font-variant-caps:normal&quot;&gt;&lt;span style=&quot;font-weight:400&quot;&gt;&lt;span style=&quot;letter-spacing:normal&quot;&gt;&lt;span style=&quot;orphans:2&quot;&gt;&lt;span style=&quot;text-transform:none&quot;&gt;&lt;span style=&quot;white-space:normal&quot;&gt;&lt;span style=&quot;widows:2&quot;&gt;&lt;span style=&quot;word-spacing:0px&quot;&gt;&lt;span style=&quot;background-color:#ffffff&quot;&gt;&lt;span style=&quot;text-decoration-style:initial&quot;&gt;&lt;span style=&quot;text-decoration-color:initial&quot;&gt;&lt;span style=&quot;font-size:14px&quot;&gt;&lt;span style=&quot;box-sizing:border-box&quot;&gt;&lt;span style=&quot;box-sizing:border-box&quot;&gt;&lt;span style=&quot;font-family:Arial, Helvetica, sans-serif&quot;&gt;- PGM là hãng sản xuất chuyên về dụng cụ Golf có sự phát triển vượt bậc trong 10 năm qua, mở rộng nhiều thị trường hoạt động rộng lớn phải kể đến Bắc Mỹ, Trung Á và Nam Mỹ trong đó có Việt Nam cùng hầu hết các nước Đông Nam Á. &lt;/span&gt;&lt;/span&gt;&lt;/span&gt;&lt;/span&gt;&lt;/span&gt;&lt;/span&gt;&lt;/span&gt;&lt;/span&gt;&lt;/span&gt;&lt;/span&gt;&lt;/span&gt;&lt;/span&gt;&lt;/span&gt;&lt;/span&gt;&lt;/span&gt;&lt;/span&gt;&lt;/span&gt;&lt;/span&gt;&lt;/span&gt;&lt;/span&gt;&lt;/span&gt;&lt;/p&gt;\r\n\r\n&lt;p style=&quot;text-indent:0px; -webkit-text-stroke-width:0px; text-align:justify; margin-bottom:10px&quot;&gt;&lt;span style=&quot;font-size:14px&quot;&gt;&lt;span style=&quot;box-sizing:border-box&quot;&gt;&lt;span style=&quot;color:#333333&quot;&gt;&lt;span style=&quot;font-family:Arial&quot;&gt;&lt;span style=&quot;font-style:normal&quot;&gt;&lt;span style=&quot;font-variant-ligatures:normal&quot;&gt;&lt;span style=&quot;font-variant-caps:normal&quot;&gt;&lt;span style=&quot;font-weight:400&quot;&gt;&lt;span style=&quot;letter-spacing:normal&quot;&gt;&lt;span style=&quot;orphans:2&quot;&gt;&lt;span style=&quot;text-transform:none&quot;&gt;&lt;span style=&quot;white-space:normal&quot;&gt;&lt;span style=&quot;widows:2&quot;&gt;&lt;span style=&quot;word-spacing:0px&quot;&gt;&lt;span style=&quot;background-color:#ffffff&quot;&gt;&lt;span style=&quot;text-decoration-style:initial&quot;&gt;&lt;span style=&quot;text-decoration-color:initial&quot;&gt;&lt;span style=&quot;font-size:14px&quot;&gt;&lt;span style=&quot;box-sizing:border-box&quot;&gt;&lt;span style=&quot;box-sizing:border-box&quot;&gt;&lt;span style=&quot;font-family:Arial, Helvetica, sans-serif&quot;&gt;- PGM là lựa chọn số 1 tại đất nước tỉ dân Trung Quốc, đi kèm với chất lượng đã qua kiểm duyệt và mẫu mã đa dạng đáp ứng nhu cầu an toàn cho người sử dụng.&lt;/span&gt;&lt;/span&gt;&lt;/span&gt;&lt;/span&gt;&lt;/span&gt;&lt;/span&gt;&lt;/span&gt;&lt;/span&gt;&lt;/span&gt;&lt;/span&gt;&lt;/span&gt;&lt;/span&gt;&lt;/span&gt;&lt;/span&gt;&lt;/span&gt;&lt;/span&gt;&lt;/span&gt;&lt;/span&gt;&lt;/span&gt;&lt;/span&gt;&lt;/span&gt;&lt;/p&gt;\r\n\r\n&lt;p style=&quot;text-indent:0px; -webkit-text-stroke-width:0px; text-align:justify; margin-bottom:10px&quot;&gt;&lt;span style=&quot;font-size:14px&quot;&gt;&lt;span style=&quot;box-sizing:border-box&quot;&gt;&lt;span style=&quot;color:#333333&quot;&gt;&lt;span style=&quot;font-family:Arial&quot;&gt;&lt;span style=&quot;font-style:normal&quot;&gt;&lt;span style=&quot;font-variant-ligatures:normal&quot;&gt;&lt;span style=&quot;font-variant-caps:normal&quot;&gt;&lt;span style=&quot;font-weight:400&quot;&gt;&lt;span style=&quot;letter-spacing:normal&quot;&gt;&lt;span style=&quot;orphans:2&quot;&gt;&lt;span style=&quot;text-transform:none&quot;&gt;&lt;span style=&quot;white-space:normal&quot;&gt;&lt;span style=&quot;widows:2&quot;&gt;&lt;span style=&quot;word-spacing:0px&quot;&gt;&lt;span style=&quot;background-color:#ffffff&quot;&gt;&lt;span style=&quot;text-decoration-style:initial&quot;&gt;&lt;span style=&quot;text-decoration-color:initial&quot;&gt;&lt;span style=&quot;font-size:14px&quot;&gt;&lt;span style=&quot;box-sizing:border-box&quot;&gt;&lt;span style=&quot;box-sizing:border-box&quot;&gt;&lt;span style=&quot;font-family:Arial, Helvetica, sans-serif&quot;&gt;- Teeoff Golf Shop là đại lý độc quyền phân phối chính hãng sản phẩm của PGM tại Việt Nam. Mang đến sự hài lòng cho khách hàng của Teeoff bằng những sản phẩm có mẫu mã chất lượng, chế độ bảo hành uy tín, hàng thật và nói không với hàng giả hàng nhái.&lt;/span&gt;&lt;/span&gt;&lt;/span&gt;&lt;/span&gt;&lt;/span&gt;&lt;/span&gt;&lt;/span&gt;&lt;/span&gt;&lt;/span&gt;&lt;/span&gt;&lt;/span&gt;&lt;/span&gt;&lt;/span&gt;&lt;/span&gt;&lt;/span&gt;&lt;/span&gt;&lt;/span&gt;&lt;/span&gt;&lt;/span&gt;&lt;/span&gt;&lt;/span&gt;&lt;/p&gt;\r\n\r\n&lt;p style=&quot;text-indent:0px; -webkit-text-stroke-width:0px; text-align:justify; margin-bottom:10px&quot;&gt;&lt;span style=&quot;font-size:14px&quot;&gt;&lt;span style=&quot;box-sizing:border-box&quot;&gt;&lt;span style=&quot;color:#333333&quot;&gt;&lt;span style=&quot;font-family:Arial&quot;&gt;&lt;span style=&quot;font-style:normal&quot;&gt;&lt;span style=&quot;font-variant-ligatures:normal&quot;&gt;&lt;span style=&quot;font-variant-caps:normal&quot;&gt;&lt;span style=&quot;font-weight:400&quot;&gt;&lt;span style=&quot;letter-spacing:normal&quot;&gt;&lt;span style=&quot;orphans:2&quot;&gt;&lt;span style=&quot;text-transform:none&quot;&gt;&lt;span style=&quot;white-space:normal&quot;&gt;&lt;span style=&quot;widows:2&quot;&gt;&lt;span style=&quot;word-spacing:0px&quot;&gt;&lt;span style=&quot;background-color:#ffffff&quot;&gt;&lt;span style=&quot;text-decoration-style:initial&quot;&gt;&lt;span style=&quot;text-decoration-color:initial&quot;&gt;&lt;span style=&quot;font-size:14px&quot;&gt;&lt;span style=&quot;box-sizing:border-box&quot;&gt;&lt;span style=&quot;box-sizing:border-box&quot;&gt;&lt;span style=&quot;font-family:Arial, Helvetica, sans-serif&quot;&gt;&lt;img data-thumb=&quot;original&quot; original-height=&quot;207&quot; original-width=&quot;790&quot; src=&quot;https://bizweb.dktcdn.net/100/182/519/files/55.jpg?v=1570761776782&quot; style=&quot;box-sizing:border-box; border:0px; vertical-align:middle; max-width:100%; height:157px; width:600px&quot; /&gt;&lt;/span&gt;&lt;/span&gt;&lt;/span&gt;&lt;/span&gt;&lt;/span&gt;&lt;/span&gt;&lt;/span&gt;&lt;/span&gt;&lt;/span&gt;&lt;/span&gt;&lt;/span&gt;&lt;/span&gt;&lt;/span&gt;&lt;/span&gt;&lt;/span&gt;&lt;/span&gt;&lt;/span&gt;&lt;/span&gt;&lt;/span&gt;&lt;/span&gt;&lt;/span&gt;&lt;/p&gt;', '', '', '', '', '', '', ''),
(135, 2, 'GẬY WEDGE 52 - 56 - 60 - PGM MO EYES SAND WEDGE - SG006', '&lt;h3&gt;&lt;strong&gt;1. Mô tả sản phẩm &lt;/strong&gt;&lt;/h3&gt;\r\n\r\n&lt;p&gt;Gậy Sand Wedge là loại gậy được sử dụng trong Bunker xung quanh khu vực Green. Giúp người chơi tạo ra những cú đánh bóng ngắn nhưng cao, đưa bóng ra khỏi khu vực khó khăn. &lt;/p&gt;\r\n\r\n&lt;ul&gt;\r\n	&lt;li&gt;\r\n	&lt;p&gt;Loại gậy : Gậy Sand Wedge &lt;/p&gt;\r\n	&lt;/li&gt;\r\n	&lt;li&gt;\r\n	&lt;p&gt;Loại cán : Thép &lt;/p&gt;\r\n	&lt;/li&gt;\r\n	&lt;li&gt;\r\n	&lt;p&gt;Độ cứng Flex : R&lt;/p&gt;\r\n	&lt;/li&gt;\r\n	&lt;li&gt;\r\n	&lt;p&gt;Tay thuận : Tay phải&lt;/p&gt;\r\n	&lt;/li&gt;\r\n	&lt;li&gt;\r\n	&lt;p&gt;Giới tính : Unisex&lt;/p&gt;\r\n	&lt;/li&gt;\r\n	&lt;li&gt;\r\n	&lt;p&gt;Màu sắc : Bạc Xanh, Bạc Đỏ&lt;/p&gt;\r\n	&lt;/li&gt;\r\n	&lt;li&gt;\r\n	&lt;p&gt;Trọng lượng : Khoảng 492g&lt;/p&gt;\r\n	&lt;/li&gt;\r\n	&lt;li&gt;\r\n	&lt;p&gt;Chiều dài : 35 inches&lt;/p&gt;\r\n	&lt;/li&gt;\r\n	&lt;li&gt;\r\n	&lt;p&gt;Góc loft : Có các loại 52&lt;sup&gt;o&lt;/sup&gt;, 56&lt;sup&gt;o&lt;/sup&gt;, 60&lt;sup&gt;o&lt;/sup&gt;&lt;/p&gt;\r\n	&lt;/li&gt;\r\n	&lt;li&gt;\r\n	&lt;p&gt;Góc lie : 64&lt;sup&gt;o&lt;/sup&gt;, 63.5&lt;sup&gt;o    &lt;/sup&gt;&lt;/p&gt;\r\n	&lt;/li&gt;\r\n&lt;/ul&gt;\r\n\r\n&lt;h3&gt;&lt;strong&gt;2. Chất liệu &lt;/strong&gt;&lt;/h3&gt;\r\n\r\n&lt;p&gt;- Đầu gậy : Làm bằng thép đúc nguyên khối không gỉ 304, xử lý công nghệ CNC.&lt;/p&gt;\r\n\r\n&lt;p&gt;- Thân gậy : Làm bằng trục thép Stainless Steel 950 nhập khẩu trực tiếp từ Nhật Bản bên ngoài mạ một lớp Crom chống gỉ.&lt;/p&gt;\r\n\r\n&lt;p&gt;- Tay nắm gậy : Làm bằng cao su đàn hồi tốt, cấu trúc tổ ong làm giảm lực ma sát tăng độ bám giúp người chơi dễ đánh hơn.&lt;/p&gt;\r\n\r\n&lt;p&gt;- Các vật liệu đều nguyên chất, sử dụng công nghệ đổi mới khác biệt.&lt;/p&gt;\r\n\r\n&lt;h3&gt;&lt;strong&gt;3. Tính năng&lt;/strong&gt;&lt;/h3&gt;\r\n\r\n&lt;p&gt;- Thiết kế mặt gậy lớn, giúp cải thiện độ ổn định và chính xác của cú đánh bóng. &lt;/p&gt;\r\n\r\n&lt;p&gt;-  Đa dạng lựa chọn về số độ, giúp kiểm soát bóng tại các khu vực khó dễ dàng hơn kể cả với các bẫy cát cao, cỏ dài…&lt;/p&gt;\r\n\r\n&lt;p&gt;- Tay cầm cao su tự nhiên, tuổi thọ cao, chống trơn trượt, bảo vệ môi trường, không mùi, rãnh kết cấu, tăng lực ma sát. &lt;/p&gt;\r\n\r\n&lt;p&gt;- Công nghệ CNC xử lý hoàn hảo bề mặt gậy kết hợp với các rãnh siêu nhỏ có thể tạo ra 84 điểm tiếp xúc với mặt gậy Golf để tăng Backspin. Tăng tỷ lệ thành công ở những cú đánh khó.&lt;/p&gt;\r\n\r\n&lt;p&gt;- Trục gậy làm bằng thép 950 độ nặng tối ưu, khả năng chịu lỗi cao hơn và độ chính xác cao, kiểm soát tốt hơn và đánh bóng xa hơn. Cải tiến thiết kế hợp lý làm giảm lực cản, kết hợp với quán tính cao giúp cú đánh ổn định hơn.&lt;/p&gt;\r\n\r\n&lt;p&gt;&lt;em&gt;&lt;strong&gt;Công nghệ sản xuất:&lt;/strong&gt;&lt;/em&gt;&lt;/p&gt;\r\n\r\n&lt;ul&gt;\r\n	&lt;li&gt;Quy trình mạ chính xác là quá trình điện hóa phủ một lớp mạ kim loại lên gậy. &lt;/li&gt;\r\n	&lt;li&gt;Mặt gậy sử dụng công nghệ mài động để giảm lực cản và cho phép gậy xuyên qua bãi cỏ và cát dài.&lt;/li&gt;\r\n	&lt;li&gt;Bề mặt tác động của thanh cát thông qua quy trình CNC và mặt có kết cấu sâu hơn, có thể tăng cường khả năng xoáy ngược trở lại (Back Spin), dừng bóng khi hạ cánh và có khả năng kiểm soát cao hơn. &lt;/li&gt;\r\n&lt;/ul&gt;\r\n\r\n&lt;h3&gt;&lt;strong&gt;4. Mức độ uy tín &lt;/strong&gt;&lt;/h3&gt;\r\n\r\n&lt;p&gt;- PGM là hãng sản xuất chuyên về dụng cụ Golf có sự phát triển vượt bậc trong 10 năm qua, mở rộng nhiều thị trường hoạt động rộng lớn phải kể đến Bắc Mỹ, Trung Á và Nam Mỹ trong đó có Việt Nam cùng hầu hết các nước Đông Nam Á.&lt;/p&gt;\r\n\r\n&lt;p&gt;- PGM là lựa chọn số 1 tại đất nước tỉ dân Trung Quốc, đi kèm với chất lượng đã qua kiểm duyệt và mẫu mã đa dạng đáp ứng nhu cầu an toàn cho người sử dụng.&lt;/p&gt;\r\n\r\n&lt;p&gt;- Teeoff Golf Shop là đại lý độc quyền phân phối chính hãng sản phẩm của PGM tại Việt Nam. Mang đến sự hài lòng cho khách hàng của Teeoff bằng những sản phẩm có mẫu mã chất lượng, chế độ bảo hành uy tín, hàng thật và nói không với hàng giả hàng nhái.&lt;/p&gt;\r\n\r\n&lt;p&gt;&lt;img alt=&quot;&quot; src=&quot;https://img.alicdn.com/imgextra/i1/80289080/O1CN01v5Af3p2GwgpI6NJPT_!!80289080.jpg&quot; /&gt;&lt;/p&gt;', '', '', '', '', '', '', ''),
(136, 2, 'TÚI GOLF XÁCH TAY CAO CẤP PGM - YWB024 (BEST SELLER 2019)', '&lt;h3&gt;&lt;strong&gt;1. Mô tả sản phẩm &lt;/strong&gt;&lt;/h3&gt;\r\n\r\n&lt;p&gt;&lt;strong&gt;- &lt;/strong&gt;Trọng lượng : 1.2kg&lt;/p&gt;\r\n\r\n&lt;p&gt;&lt;strong&gt;- &lt;/strong&gt;Kích thước :&lt;strong&gt; &lt;/strong&gt;50cm x 25cm x 25cm (Rộng x Dài x Cao) &lt;/p&gt;\r\n\r\n&lt;p&gt;&lt;strong&gt;- &lt;/strong&gt;Màu sắc : Đen, Xanh đậm&lt;/p&gt;\r\n\r\n&lt;p&gt;&lt;strong&gt;2. Chất liệu &lt;/strong&gt;&lt;/p&gt;\r\n\r\n&lt;p&gt;- Da PU pha Nylon : Bền, không dễ trầy xước, nó tồn tại trong ba hoặc năm năm.&lt;/p&gt;\r\n\r\n&lt;p&gt;- Kết cấu : đường khâu tốt, đường mảnh, chất liệu mềm mại và thoải mái.&lt;/p&gt;\r\n\r\n&lt;p&gt;- Đế có chân chống trượt, giúp túi cố định chắc chắn. &lt;/p&gt;\r\n\r\n&lt;h3&gt;&lt;strong&gt;3. Tính năng &lt;/strong&gt;&lt;/h3&gt;\r\n\r\n&lt;p&gt;- Chống thấm nước kể cả khi chơi thể thao ngoài trời.&lt;/p&gt;\r\n\r\n&lt;p&gt;- Có khóa bấm đi kèm, đảm bảo cho các tài sản giá trị lớn..&lt;/p&gt;\r\n\r\n&lt;p&gt;- Thiết kế da 2 lớp ngăn ngừa thấm hút khi có quần áo bẩn, hay đồ bị ướt.&lt;/p&gt;\r\n\r\n&lt;p&gt;- Thiết kế phong cách thể thao thời thượng, phù hợp với cả nam và nữ độ tuổi từ 30-55.&lt;/p&gt;\r\n\r\n&lt;p&gt;- Có các lớp đệm êm có thể giảm sốc cho các đồ vật dễ vỡ như điện thoại, máy tính… &lt;/p&gt;\r\n\r\n&lt;p&gt;- Chỉ với 1 sản phẩm này bạn có thể sử dụng mọi lúc mọi nơi, kể cả khi bạn sử dụng để đi du lịch.&lt;/p&gt;\r\n\r\n&lt;p&gt;- Túi có dung lượng lớn với thiết kế siêu nhẹ 1,2kg giúp đựng được nhiều loại đồ đạc dụng cụ, thiết bị chơi Golf.&lt;/p&gt;\r\n\r\n&lt;p&gt;- Hệ thống ngăn đựng bên trong túi cũng được thiết kế khoa học nhằm tối ưu hóa mọi tính năng sử dụng cho người dùng. Ngăn đựng giày Golf riêng biệt với ngăn đựng quần áo, vật dụng cá nhân đem đến sự sạch sẽ tối đa cho người sử dụng.&lt;/p&gt;\r\n\r\n&lt;h3&gt;&lt;strong&gt;4. Mức độ uy tín &lt;/strong&gt;&lt;/h3&gt;\r\n\r\n&lt;p&gt;- Mỗi bộ sưu tập của hãng khi trình làng đều được chế tác tỉ mỉ, họa tiết đơn giản, lịch lãm và bắt mắt, PGM hiểu rằng khách hàng của mình thấu hiểu trọn vẹn ý nghĩa của sự sang trọng. Nó không chỉ đơn thuần là việc sở hữu một vật phẩm đắt tiền mà còn đề cao chức năng sử dụng nhằm tạo ra sự thư giãn cho người dùng.&lt;/p&gt;\r\n\r\n&lt;p&gt;- Từ những đôi bàn tay thượng hạng với những thiết kế tuyệt vời, đến những công nghệ xử lý nhiệt xử lý chống thấm nước đã cho ra đời những tuyệt phẩm túi đựng đồ Golf với công nghệ may tinh xảo, da mềm mượt, bảo đảm tính thẩm mỹ của sản phẩm và tính ứng dụng của một loại túi Golf chuyên dụng. &lt;/p&gt;\r\n\r\n&lt;p&gt;- Ngoài việc xác lập đẳng cấp của người dùng, các sản phẩm của PGM còn biểu thị một vẻ đẹp không phai mờ theo thời gian.&lt;/p&gt;\r\n\r\n&lt;p&gt;- Teeoff Golf Shop là đại lý độc quyền phân phối chính hãng sản phẩm của PGM tại Việt Nam. Mang đến sự hài lòng cho khách hàng của Teeoff bằng những sản phẩm có mẫu mã chất lượng, chế độ bảo hành uy tín, hàng thật và nói không với hàng giả hàng nhái&lt;/p&gt;', '', '', '', '', '', '', ''),
(137, 2, 'TÚI ĐỰNG GẬY GOLF CHÂN CHỐNG - PGM GOLF STANDARD BAG - QB026', '&lt;h3&gt;&lt;strong&gt;1. Mô tả sản phẩm : &lt;/strong&gt;&lt;/h3&gt;\r\n\r\n&lt;ul&gt;\r\n	&lt;li&gt;&lt;strong&gt;Giới tính&lt;/strong&gt;: Dành cho nam giới &lt;/li&gt;\r\n	&lt;li&gt;&lt;strong&gt;Trọng lượng &lt;/strong&gt;: 2,3 kg&lt;/li&gt;\r\n	&lt;li&gt;&lt;strong&gt;Màu sắc :&lt;/strong&gt;  Trắng/ xanh lá cây; Trắng/ xanh biển; Trắng/ vàng.&lt;/li&gt;\r\n	&lt;li&gt;&lt;strong&gt;Kích thước:&lt;/strong&gt; 90 x 30 x 38 cm                                                                          &lt;/li&gt;\r\n&lt;/ul&gt;\r\n\r\n&lt;p&gt;       + Kích thước đế: 28*20 cm                                                                           &lt;/p&gt;\r\n\r\n&lt;p&gt;       + Kích thước mặt túi: 21*26 cm&lt;/p&gt;\r\n\r\n&lt;h3&gt;&lt;strong&gt;2. Chất liệu :&lt;/strong&gt;&lt;/h3&gt;\r\n\r\n&lt;p&gt;- Vải nylon cao cấp, có đệm lót dày bảo vệ bộ gậy tốt hơn&lt;br /&gt;\r\n- Đế nhựa cao cấp, chắc chắn cố định, chống trượt.&lt;/p&gt;\r\n\r\n&lt;h3&gt;&lt;strong&gt;3. Tính năng của sản phẩm :&lt;/strong&gt;&lt;/h3&gt;\r\n\r\n&lt;p&gt;Túi được thiết kế chắc chắn, ổn định, bền, chống nước, nhẹ nhàng, tiện lợi mang vác.&lt;br /&gt;\r\n&lt;em&gt;Chi tiết bộ phận cho thấy:&lt;/em&gt;&lt;/p&gt;\r\n\r\n&lt;p&gt;[1] Vải nylon chất lượng cao, không nhăn, không mốc, tốt, bền.&lt;/p&gt;\r\n\r\n&lt;p&gt;[2] Đế nhựa có độ cứng cao với giá đỡ chân gà để tăng cường độ ổn định của túi kể cả khi để nghiêng.&lt;/p&gt;\r\n\r\n&lt;p&gt;[3] Sử dụng dây đeo vai độc đáo, diện tích lực lớn hơn, tốt hơn để giảm cảm giác trọng lượng; cũng có thể được mang trực tiếp;&lt;/p&gt;\r\n\r\n&lt;p&gt;[4] Có thể chứa tổng cộng 14 cây gậy, bạn có thể đặt gậy theo thói quen của riêng mình, và dễ dàng đặt cả bộ gậy để tránh va chạm giữa các gậy!&lt;/p&gt;\r\n\r\n&lt;p&gt;[5] Nó sử dụng phần cứng chất lượng cao và khóa tốt, rất bền và khó bị rỉ sét. Có nhiều ngăn riêng biệt để đựng các phụ kiện, đồ đạc cần thiết khi lên sân&lt;/p&gt;\r\n\r\n&lt;p&gt;&lt;strong&gt;4. Mức độ uy tín :&lt;/strong&gt;&lt;/p&gt;\r\n\r\n&lt;p&gt;- PGM là hãng sản xuất chuyên về dụng cụ Golf có sự phát triển vượt bậc trong 10 năm qua, mở rộng nhiều thị trường hoạt động rộng lớn phải kể đến Bắc mỹ, Trung Á và Nam Mỹ trong đó có Việt Nam cùng hầu hết các nước Đông Nam Á .&lt;/p&gt;\r\n\r\n&lt;p&gt;- PGM là lựa chọn số 1 tại đất nước tỉ dân Trung Quốc, đi kèm với chất lượng đã qua kiểm duyệt và mẫu mã đa dạng đáp ứng nhu cầu an toàn cho người sử dụng.&lt;/p&gt;\r\n\r\n&lt;p&gt;- Teeoff Golf Shop là đại lý độc quyền phân phối chính hãng sản phẩm của PGM tại Việt Nam. Mang đến sự hài lòng cho khách hàng của Teeoff bằng những sản phẩm có mẫu mã chất lượng, chế độ bảo hành uy tín, hàng thật và nói không với hàng giả hàng nhái.&lt;/p&gt;', '', '', '', '', '', '', ''),
(138, 2, 'TÚI ĐỰNG QUẦN ÁO, GIẦY GOLF - PGM BOSTON GOLF BAG - YWB017', '&lt;h2&gt;&lt;strong&gt;1. Mô tả sản phẩm&lt;/strong&gt;&lt;/h2&gt;\r\n\r\n&lt;p&gt;- Màu sắc : Đen, trắng, cam&lt;/p&gt;\r\n\r\n&lt;p&gt;- Kích thước : 46 x 22 x 28 cm&lt;/p&gt;\r\n\r\n&lt;p&gt;- Trọng lượng : 1,2 kg&lt;/p&gt;\r\n\r\n&lt;p&gt;- Giới tính : Unisex&lt;/p&gt;\r\n\r\n&lt;h2&gt;&lt;strong&gt;2. Chất liệu&lt;/strong&gt;&lt;/h2&gt;\r\n\r\n&lt;p&gt;- Chất liệu da PU cao cấp chống thấm nước, dễ dàng làm sạch, bền đẹp.&lt;/p&gt;\r\n\r\n&lt;p&gt;- Dây đeo vai chất liệu vải sợi Nylon cao cấp bản to chắc chắn, đeo êm ái giúp người sử dụng không bị đau mỏi cơ.&lt;/p&gt;\r\n\r\n&lt;h2&gt;&lt;strong&gt;3. Tính năng&lt;/strong&gt;&lt;/h2&gt;\r\n\r\n&lt;p&gt;- Túi có ngăn lớn đựng được quần áo và nhiều loại phụ kiện, nhiều ngăn nhỏ trong và ngoài, phần đế cứng chuyên biệt cũng là ngăn đựng giày golf.&lt;/p&gt;\r\n\r\n&lt;p&gt;- Thiết kế hình chữ nhật đứng, đế gắn đinh nhựa giúp túi đứng chắc chắn không bị xô đổ.&lt;/p&gt;\r\n\r\n&lt;p&gt;- Chất liệu da PU cao cấp chống thấm nước và rất dễ vệ sinh khi sử dụng&lt;/p&gt;\r\n\r\n&lt;p&gt;- Kiểu dáng đơn giản, màu sắc bắt mắt, mang đến vẻ trẻ trung và hiện đại.&lt;/p&gt;\r\n\r\n&lt;h2&gt;&lt;strong&gt;4. Mức độ uy tín : &lt;/strong&gt;&lt;/h2&gt;\r\n\r\n&lt;p&gt; - PGM là hãng sản xuất chuyên về dụng cụ Golf có sự phát triển vượt bậc trong 10 năm qua, có nhiều thị trường hoạt động rộng lớn phải kể đến Bắc mỹ, Trung Á và Nam Mỹ trong đó có Việt Nam cùng hầu hết các nước Đông Nam á .&lt;/p&gt;\r\n\r\n&lt;p&gt;- PGM  hiểu rằng khách hàng của mình thấu hiểu trọn vẹn ý nghĩa của sự sang trọng. Túi hay gậy không chỉ đơn thuần là việc sở hữu một vật phẩm đắt tiền mà còn đề cao chức năng sử dụng nhằm tạo ra sự thư giãn cho người dùng.&lt;/p&gt;\r\n\r\n&lt;p&gt;- PGM là lựa chọn số 1 tại đất nước tỉ dân này, đi kèm với chất lượng đã qua kiểm duyệt và mẫu mã đa dạng đáp ứng nhu cầu an toàn cho người sử dụng.&lt;/p&gt;\r\n\r\n&lt;p&gt;- Từ những đôi bàn tay thượng hạng với những thiết kế tuyệt vời, đến những công nghệ xử lý nhiệt xử lý chống thấm nước đã cho ra đời những tuyệt phẩm túi đựng đồ Golf với công nghệ may tinh xảo, da mềm mượt, bảo đảm tính thẩm mỹ của sản phẩm và tính ứng dụng của một loại túi golf chuyên dụng.&lt;/p&gt;\r\n\r\n&lt;p&gt;&lt;img data-thumb=&quot;original&quot; original-height=&quot;295&quot; original-width=&quot;786&quot; src=&quot;https://bizweb.dktcdn.net/100/182/519/files/2018-08-15-115154.jpg?v=1534308726816&quot; /&gt;&lt;/p&gt;', '', '', '', '', '', '', ''),
(139, 2, 'TÚI GẬY GOLF FULLSET - CALLAWAY GOLF BAG - CQB002', '&lt;h3&gt;&lt;strong&gt;1. Mô tả Sản phẩm&lt;/strong&gt;&lt;/h3&gt;\r\n\r\n&lt;p&gt;Túi gậy Golf CQB002 đến từ thương hiệu Callaway nổi tiếng của Mỹ về đồ chơi Golf, túi có thể đựng được tối đa 14 cây gậy. Túi có phần nắp túi rộng thoải mái, dễ dàng tháo lắp, nhiều ngăn sử dụng để đựng các phụ kiện chơi Golf như: Tee, khăn, mark bóng và các đồ vật nhỏ khác. Ngoài ra túi còn có ngăn đựng giày riêng biệt khá tiện lợi. &lt;/p&gt;\r\n\r\n&lt;p&gt;- Màu sắc : Trắng, Đen &lt;/p&gt;\r\n\r\n&lt;p&gt;- Giới tính : Unisex&lt;/p&gt;\r\n\r\n&lt;p&gt;- Trọng lượng : Khoảng 3kg &lt;/p&gt;\r\n\r\n&lt;p&gt;- Kích thước : 130cm x 40cm x 29cm (92cm x 40cm x29cm khi bỏ nắp).&lt;/p&gt;\r\n\r\n&lt;h3&gt;&lt;strong&gt;2. Chất liệu&lt;/strong&gt;&lt;/h3&gt;\r\n\r\n&lt;p&gt;- Túi gậy CQB001 được làm bằng chất liệu da nhân tạo Synthetic Leather cao cấp và vải Nylon, chống thấm nước, bền đẹp. &lt;/p&gt;\r\n\r\n&lt;p&gt;- Túi có tay cầm được gia cố chắc chắn, quai đeo túi bản to êm ái làm bằng sợi Polyester. &lt;/p&gt;\r\n\r\n&lt;p&gt;- Đế túi làm bằng nhựa cứng cao cấp, cố định chắc chắc, chống trượt.&lt;/p&gt;\r\n\r\n&lt;h3&gt;&lt;strong&gt;3. Tính năng&lt;/strong&gt;&lt;/h3&gt;\r\n\r\n&lt;p&gt;- Túi thiết kế vẻ ngoài nổi bật, các đường nhấn nhá, in logo thương hiệu Callaway nổi bật, cao cấp, hiện đại thời thượng. &lt;/p&gt;\r\n\r\n&lt;p&gt;- Đầu chụp túi lớn, dễ dàng tháo lắp, ngăn túi lớn với 5 lỗ thiết kế đựng được đủ 1 bộ gậy fullset, đủ cho Golfer mang tất cả các gậy cần thiết lên sân.&lt;/p&gt;\r\n\r\n&lt;p&gt;- Chất liệu da nhân tạo cao cấp chống thấm nước, kết cấu rất tốt, và dễ dàng làm sạch, bền. &lt;/p&gt;\r\n\r\n&lt;p&gt;- Các miếng da sử dụng chất lượng cao ép phun nhựa kỹ thuật, đóng mang lại cho ổn định cho bề mặt túi.&lt;/p&gt;\r\n\r\n&lt;p&gt;- Đầu túi&lt;strong&gt; &lt;/strong&gt;có một vòng kim loại cố định cho ô và một ngăn ở phía dưới để dễ dàng cắm theo ô mang đi.&lt;/p&gt;\r\n\r\n&lt;p&gt;- Tay cầm gia cố, xử lý tăng sức chống nặng, chắc chắn, chống mài mòn. Dây đeo to bền chắc. &lt;/p&gt;\r\n\r\n&lt;p&gt;- Dễ dàng lắp vừa bộ gậy, thiết kế túi đa chức năng, mặt sau có thiết kế túi giày lớn, dễ dàng mang giày, găng tay, tee, ô và các vật dụng khác. &lt;/p&gt;\r\n\r\n&lt;p&gt;- Phần đế túi dày dặn, giữ cho túi đứng vững vàng, chống trượt, bảo vệ bộ gậy tốt hơn.&lt;/p&gt;\r\n\r\n&lt;p&gt;- Đường may túi đều, đẹp, khóa kéo zip trơn tru, bền bỉ với thời gian. &lt;/p&gt;', '', '', '', '', '', '', ''),
(140, 2, 'DÂY LƯNG GOLF NỮ - PD004', '&lt;p&gt;&lt;strong&gt;Tên sản phẩm&lt;/strong&gt;: Thắt lưng golf nữ - PGM Golf Belt - PD004&lt;br /&gt;\r\n&lt;strong&gt;Mã sản phẩm&lt;/strong&gt;: PD004&lt;br /&gt;\r\n&lt;strong&gt;Chất liệu&lt;/strong&gt;: Da&lt;br /&gt;\r\n&lt;strong&gt;Màu sắc&lt;/strong&gt;: vàng, đen, đỏ, hồng, xanh, neon, trắng sữa&lt;/p&gt;', '', '', '', '', '', '', ''),
(141, 2, 'ÁO LÓT CÁCH NHIỆT CHƠI GOLF - YF083', '&lt;p&gt;&lt;strong&gt;Tên sản phẩm&lt;/strong&gt;: Áo Golf Nam Giữ Nhiệt Thu Đông - PGM YF083;&lt;br /&gt;\r\n&lt;strong&gt;Mã sản phẩm&lt;/strong&gt;: YF083;&lt;br /&gt;\r\n&lt;strong&gt;Chất liệu&lt;/strong&gt;: thun lạnh, 95% polyeste, 5% Spandex;&lt;br /&gt;\r\n&lt;strong&gt;Tính năng&lt;/strong&gt;: không co, không nhăn, nhanh khô, thoáng khí;&lt;br /&gt;\r\n&lt;strong&gt;Màu sắc&lt;/strong&gt;: trắng, xanh nõn, xanh trời, xám;&lt;br /&gt;\r\n&lt;strong&gt;Size&lt;/strong&gt;: M, L, XL, XXL;&lt;br /&gt;\r\n&lt;strong&gt;Mô tả&lt;/strong&gt;: Áo Giữ nhiệt Golf PGM được thiết kế theo thời trang golf  &amp; công sở mang phong cách trẻ trung, màu sắc tinh tế &amp; chất liệu đặc biệt phù hợp vận động với các thuộc tính co dãn 4 chiều tạo cảm giác thoải mái, thoát khí nhanh &amp; cho bạn cảm giác mạnh mẽ khi sử dụng. Chất liệu vài cao cấp, thoát khí lạnh giữ nhiệt cho cơ thể.&lt;br /&gt;\r\n&lt;strong&gt;Phom áo&lt;/strong&gt;: ôm.&lt;/p&gt;\r\n\r\n&lt;p&gt;&lt;img data-thumb=&quot;original&quot; original-height=&quot;611&quot; original-width=&quot;794&quot; src=&quot;https://bizweb.dktcdn.net/100/182/519/files/2018-08-08-093217.jpg?v=1533695613820&quot; /&gt;&lt;/p&gt;\r\n\r\n&lt;p&gt;&lt;img data-thumb=&quot;original&quot; original-height=&quot;664&quot; original-width=&quot;785&quot; src=&quot;https://bizweb.dktcdn.net/100/182/519/files/2018-08-08-093149.jpg?v=1533695636875&quot; /&gt;&lt;img data-thumb=&quot;original&quot; original-height=&quot;642&quot; original-width=&quot;789&quot; src=&quot;https://bizweb.dktcdn.net/100/182/519/files/2018-08-08-093157.jpg?v=1533695644026&quot; /&gt;&lt;img data-thumb=&quot;original&quot; original-height=&quot;625&quot; original-width=&quot;791&quot; src=&quot;https://bizweb.dktcdn.net/100/182/519/files/2018-08-08-093203.jpg?v=1533695652926&quot; /&gt;&lt;img data-thumb=&quot;original&quot; original-height=&quot;667&quot; original-width=&quot;795&quot; src=&quot;https://bizweb.dktcdn.net/100/182/519/files/2018-08-08-093143.jpg?v=1533695668288&quot; /&gt;&lt;/p&gt;\r\n\r\n&lt;p&gt;&lt;img data-thumb=&quot;original&quot; original-height=&quot;1018&quot; original-width=&quot;790&quot; src=&quot;https://bizweb.dktcdn.net/100/182/519/files/yf083.jpg?v=1536303556879&quot; /&gt;&lt;/p&gt;\r\n\r\n&lt;p&gt;&lt;img data-thumb=&quot;original&quot; original-height=&quot;528&quot; original-width=&quot;790&quot; src=&quot;https://bizweb.dktcdn.net/100/182/519/files/yf083-2.jpg?v=1536303694608&quot; /&gt;&lt;/p&gt;\r\n\r\n&lt;ul&gt;\r\n	&lt;li&gt; &lt;/li&gt;\r\n&lt;/ul&gt;', '', '', '', '', '', '', ''),
(142, 2, 'QUẦN SHORT GOLF NAM - KUZ029', '', '', '', '', '', '', '', ''),
(143, 2, 'MŨ GOLF LƯỠI TRAI KẾT HỢP - PGM DETACHABLE CAP - MZ011', '&lt;h3&gt;&lt;strong&gt;1. Mô tả sản phẩm &lt;/strong&gt;&lt;/h3&gt;\r\n\r\n&lt;p&gt;MZ011 là sản phẩm nằm trong bộ sưu tập đồ xuân hè mới nhất năm 2020 của PGM dành cho Golfer. Thiết kế đơn giản thanh lịch nhưng không kém phần sang trọng giúp cho Golfer dễ dàng chọn lựa và sử dụng.  &lt;/p&gt;\r\n\r\n&lt;p&gt;- Loại : Mũ Golf lưỡi trai kết hợp cả đầu và nửa đầu&lt;/p&gt;\r\n\r\n&lt;p&gt;- Giới tính : Unisex&lt;/p&gt;\r\n\r\n&lt;p&gt;- Màu sắc : Đen , Trắng &lt;/p&gt;\r\n\r\n&lt;h3&gt;&lt;strong&gt;2. Chất liệu&lt;/strong&gt;&lt;/h3&gt;\r\n\r\n&lt;p&gt;- Chất liệu : Mũ MZ011 được làm từ vải Cotton và sợi Polyester thấm hút mồ hôi thoáng khí. &lt;/p&gt;\r\n\r\n&lt;h3&gt;&lt;strong&gt;3. Tính Năng &lt;/strong&gt;&lt;/h3&gt;\r\n\r\n&lt;p&gt;- Golf là một môn thể thao ngoài trời, vì vậy người chơi nên chuẩn bị cho bản thân một chiếc mũ để bảo vệ làn da trước ánh nắng mặt trời, chống tia cực tím. Mũ Golf PGM nhỏ gọn tiện lợi không gây ảnh hưởng cho cuộc thi đấu mà còn tăng điểm cho phong cách thời trang của bạn Golfer.&lt;/p&gt;\r\n\r\n&lt;p&gt;- Mũ MZ011 có thể điều chỉnh được và biến hóa dễ dàng từ mũ Golf cả đầu thành mũ Golf nửa đầu với khóa kéo trơn tru. &lt;/p&gt;\r\n\r\n&lt;p&gt;- Bên trong mũ là lớp lưới lót thoáng khí, thấm hút mồ hôi, đảm bảo nhanh khô, thoáng khí. &lt;/p&gt;\r\n\r\n&lt;h3&gt;&lt;strong&gt;4. Mức độ uy tín&lt;/strong&gt; &lt;/h3&gt;\r\n\r\n&lt;p&gt;- PGM là hãng sản xuất chuyên về dụng cụ Golf có sự phát triển vượt bậc trong 10 năm qua, có nhiều thị trường hoạt động rộng lớn phải kể đến Bắc Mỹ, Trung Á và Nam Mỹ trong đó có Việt Nam cùng hầy hết các nước Đông Nam Á.&lt;/p&gt;\r\n\r\n&lt;p&gt;- PGM là lựa chọn số 1 tại đất nước tỉ dân này, đi kèm với chất lượng đã qua kiểm duyệt và mẫu mã đa dạng đáp ứng nhu cầu an toàn cho người sử dụng.&lt;/p&gt;\r\n\r\n&lt;p&gt;- Teeoff Golf Shop là đại lý độc quyền phân phối chính hãng sản phẩm của PGM tại Việt Nam. Mang đến sự hài lòng cho khách hàng của Teeoff bằng những sản phẩm có mẫu mã chất lượng, chế độ bảo hành uy tín, hàng thật và nói không với hàng giả hàng nhái.&lt;/p&gt;\r\n\r\n&lt;p&gt;&lt;img alt=&quot;2&quot; src=&quot;http://ae01.alicdn.com/kf/HTB1ewezX3b.PuJjSZFpq6zuFpXaj.jpg?size=129294&amp;amp;height=266&amp;amp;width=790&amp;amp;hash=67ecbd13566b50fbcace29e707ec288a&quot; /&gt;&lt;/p&gt;', '', '', '', '', '', '', ''),
(144, 2, 'Giày Golf Nam - Golf Classic Cleats - XZ019', '&lt;h2&gt;&lt;strong&gt;1. Mô tả sản phẩm&lt;/strong&gt;&lt;/h2&gt;\r\n\r\n&lt;ul&gt;\r\n	&lt;li&gt;\r\n	&lt;p&gt;Màu sắc : Trắng đen, trắng nâu&lt;/p&gt;\r\n	&lt;/li&gt;\r\n	&lt;li&gt;\r\n	&lt;p&gt;Size : 39, 40, 41, 42, 43, 44.&lt;/p&gt;\r\n	&lt;/li&gt;\r\n	&lt;li&gt;\r\n	&lt;p&gt;Trọng lượng : 1,2 kg&lt;/p&gt;\r\n	&lt;/li&gt;\r\n	&lt;li&gt;\r\n	&lt;p&gt;Kiểu dây giày : Dây vặn&lt;/p&gt;\r\n	&lt;/li&gt;\r\n&lt;/ul&gt;\r\n\r\n&lt;h2&gt;&lt;strong&gt;2. Chất liệu&lt;/strong&gt;&lt;/h2&gt;\r\n\r\n&lt;ul&gt;\r\n	&lt;li&gt;\r\n	&lt;p&gt;Giày XZ019 được làm từ chất liệu da PU bền đẹp kết hợp vải sơ tinh sợi tạo đường nét nổi bật.&lt;/p&gt;\r\n	&lt;/li&gt;\r\n	&lt;li&gt;\r\n	&lt;p&gt;Lớp lót bên trong sử dụng chất liệu vải cotton mềm mại&lt;/p&gt;\r\n	&lt;/li&gt;\r\n	&lt;li&gt;\r\n	&lt;p&gt; Phần đế được làm từ cao su đúc có trang bị bộ đinh rời chuyên dụng cho golf, có thể dễ dàng thay thế trong quá trình sử dụng&lt;/p&gt;\r\n	&lt;/li&gt;\r\n&lt;/ul&gt;\r\n\r\n&lt;h2&gt;&lt;strong&gt;3. Tính năng&lt;/strong&gt;&lt;/h2&gt;\r\n\r\n&lt;ul&gt;\r\n	&lt;li&gt;\r\n	&lt;p&gt;Giày đi êm chân với&lt;strong&gt; bộ đinh rời chuyên dụng&lt;/strong&gt; giúp các golfer chắc từng bước chân và không làm hại green của sân golf&lt;/p&gt;\r\n	&lt;/li&gt;\r\n	&lt;li&gt;\r\n	&lt;p&gt;Thiết kế chất liệu thoáng khí, thoát mồ hôi, tạo cảm giác thoải mái cho người sử dụng.&lt;/p&gt;\r\n	&lt;/li&gt;\r\n	&lt;li&gt;\r\n	&lt;p&gt;Chất liệu&lt;strong&gt; da PU&lt;/strong&gt; chống thấm nước và chống bụi tốt, giữ giày luôn bền đẹp&lt;/p&gt;\r\n	&lt;/li&gt;\r\n	&lt;li&gt;\r\n	&lt;p&gt;&lt;strong&gt;Nút xoay dây giày&lt;/strong&gt; thông minh giúp dễ dàng và nhanh chóng tháo và mang giày.&lt;/p&gt;\r\n	&lt;/li&gt;\r\n&lt;/ul&gt;\r\n\r\n&lt;h2&gt;&lt;strong&gt;4. Mức độ uy tín &lt;/strong&gt;&lt;/h2&gt;\r\n\r\n&lt;ul&gt;\r\n	&lt;li&gt;\r\n	&lt;p&gt;PGM là hãng sản xuất chuyên về dụng cụ Golf có sự phát triển vượt bậc trong 10 năm qua, mở rộng nhiều thị trường hoạt động rộng lớn phải kể đến Bắc mỹ, Trung Á và Nam Mỹ trong đó có Việt Nam cùng hầu hết các nước Đông Nam Á .&lt;/p&gt;\r\n	&lt;/li&gt;\r\n	&lt;li&gt;\r\n	&lt;p&gt; PGM là lựa chọn số 1 tại đất nước tỉ dân Trung Quốc, đi kèm với chất lượng đã qua kiểm duyệt và mẫu mã đa dạng đáp ứng nhu cầu an toàn cho người sử dụng.&lt;/p&gt;\r\n	&lt;/li&gt;\r\n	&lt;li&gt;\r\n	&lt;p&gt;Teeoff Golf Shop là đại lý độc quyền phân phối chính hãng sản phẩm của PGM tại Việt Nam. Mang đến sự hài lòng cho khách hàng của Teeoff bằng những sản phẩm có mẫu mã chất lượng, chế độ bảo hành uy tín, hàng thật và nói không với hàng giả hàng nhái.&lt;/p&gt;\r\n	&lt;/li&gt;\r\n&lt;/ul&gt;', '', '', '', '', '', '', ''),
(145, 2, 'XZ054 - GIÀY GOLF TRẺ EM- GOLF SHOES FOR KIDS', '&lt;h2&gt;&lt;strong&gt;1. Mô tả chi tiết&lt;/strong&gt;&lt;/h2&gt;\r\n\r\n&lt;p&gt;Giày XZ054 là mẫu giày dành cho trẻ em chơi golf, với màu sắc đa dạng, bắt mắt. Đây sẽ là sự lựa chọn lý tưởng cho các bé, mang đến cảm giác thoải mái, dễ chịu.&lt;/p&gt;\r\n\r\n&lt;ul&gt;\r\n	&lt;li&gt;Màu sắc : Xanh nõn, xanh dương&lt;/li&gt;\r\n	&lt;li&gt;Size : 34, 35, 36&lt;/li&gt;\r\n	&lt;li&gt;Trọng lượng : 800 g&lt;/li&gt;\r\n	&lt;li&gt;Kiểu dây giày : Dạng dán tiện lợi&lt;/li&gt;\r\n&lt;/ul&gt;\r\n\r\n&lt;h2&gt;&lt;strong&gt;2. Chất liệu&lt;/strong&gt;&lt;/h2&gt;\r\n\r\n&lt;ul&gt;\r\n	&lt;li&gt;\r\n	&lt;p&gt;Thân giày được làm từ chất liệu&lt;strong&gt; da PU&lt;/strong&gt; bền đẹp&lt;/p&gt;\r\n	&lt;/li&gt;\r\n	&lt;li&gt;\r\n	&lt;p&gt;Lớp lót bên trong bằng &lt;strong&gt;vải thun lycra&lt;/strong&gt; mềm mại&lt;/p&gt;\r\n	&lt;/li&gt;\r\n	&lt;li&gt;\r\n	&lt;p&gt;Đế cao su tự nhiên tạo cảm giác thoải mái&lt;/p&gt;\r\n	&lt;/li&gt;\r\n&lt;/ul&gt;\r\n\r\n&lt;h2&gt;&lt;strong&gt;3. Tính năng&lt;/strong&gt;&lt;/h2&gt;\r\n\r\n&lt;ul&gt;\r\n	&lt;li&gt;\r\n	&lt;p&gt;Giày XZ054 có khả năng chống thấm nước và chống bụi bẩn tốt&lt;/p&gt;\r\n	&lt;/li&gt;\r\n	&lt;li&gt;\r\n	&lt;p&gt;&lt;strong&gt;Đế cao su tự nhiên &lt;/strong&gt;kết hợp &lt;strong&gt;đinh chuyên dụng&lt;/strong&gt; tạo cảm giác thoải mái, chống trơn trượt và bám cỏ tốt.&lt;/p&gt;\r\n	&lt;/li&gt;\r\n	&lt;li&gt;\r\n	&lt;p&gt;Khả năng thấm hút mồ hôi tốt, thoáng khí, mang đến cảm giác dễ chịu cho golfer.&lt;/p&gt;\r\n	&lt;/li&gt;\r\n	&lt;li&gt;\r\n	&lt;p&gt;Dây giày thiết kế dạng dán tiện lợi&lt;/p&gt;\r\n	&lt;/li&gt;\r\n&lt;/ul&gt;\r\n\r\n&lt;h2&gt;&lt;strong&gt;4. Mức độ uy tín&lt;/strong&gt;&lt;/h2&gt;\r\n\r\n&lt;ul&gt;\r\n	&lt;li&gt;\r\n	&lt;p&gt;PGM là hãng sản xuất chuyên về dụng cụ Golf có sự phát triển vượt bậc trong 10 năm qua, mở rộng nhiều thị trường hoạt động rộng lớn phải kể đến Bắc mỹ, Trung Á và Nam Mỹ trong đó có Việt Nam cùng hầu hết các nước Đông Nam Á .&lt;/p&gt;\r\n	&lt;/li&gt;\r\n	&lt;li&gt;\r\n	&lt;p&gt; PGM là lựa chọn số 1 tại đất nước tỉ dân Trung Quốc, đi kèm với chất lượng đã qua kiểm duyệt và mẫu mã đa dạng đáp ứng nhu cầu an toàn cho người sử dụng.&lt;/p&gt;\r\n	&lt;/li&gt;\r\n	&lt;li&gt;\r\n	&lt;p&gt; Teeoff Golf Shop là đại lý độc quyền phân phối chính hãng sản phẩm của PGM tại Việt Nam. Mang đến sự hài lòng cho khách hàng của Teeoff bằng những sản phẩm có mẫu mã chất lượng, chế độ bảo hành uy tín, hàng thật và nói không với hàng giả hàng nhái.&lt;/p&gt;\r\n	&lt;/li&gt;\r\n&lt;/ul&gt;', '', '', '', '', '', '', ''),
(146, 2, 'GIÀY GOLF NỮ - PGM FIBER SKIN - XZ062', '&lt;h2&gt;&lt;strong&gt;1. Mô tả sản phẩm&lt;/strong&gt;&lt;/h2&gt;\r\n\r\n&lt;ul&gt;\r\n	&lt;li&gt;\r\n	&lt;p&gt;Màu sắc : Trắng hồng, trắng xanh&lt;/p&gt;\r\n	&lt;/li&gt;\r\n	&lt;li&gt;\r\n	&lt;p&gt;Size : 35, 36, 37, 38, 39&lt;/p&gt;\r\n	&lt;/li&gt;\r\n	&lt;li&gt;\r\n	&lt;p&gt;Trọng lượng : Khoảng 800 g&lt;/p&gt;\r\n	&lt;/li&gt;\r\n	&lt;li&gt;\r\n	&lt;p&gt;Kiểu dây giày : Dây thắt truyền thống&lt;/p&gt;\r\n	&lt;/li&gt;\r\n&lt;/ul&gt;\r\n\r\n&lt;h2&gt;&lt;strong&gt;2. Chất liệu&lt;/strong&gt;&lt;/h2&gt;\r\n\r\n&lt;ul&gt;\r\n	&lt;li&gt;\r\n	&lt;p&gt;Thân giày làm bằng chất liệu da PU cao cấp và bền đẹp&lt;/p&gt;\r\n	&lt;/li&gt;\r\n	&lt;li&gt;\r\n	&lt;p&gt;Đế cao su tự nhiên&lt;/p&gt;\r\n	&lt;/li&gt;\r\n	&lt;li&gt;\r\n	&lt;p&gt;Lớp lót bên trong sử dụng vải thun lycra mềm mại&lt;/p&gt;\r\n	&lt;/li&gt;\r\n&lt;/ul&gt;\r\n\r\n&lt;h2&gt;&lt;strong&gt;3. Tính năng&lt;/strong&gt;&lt;/h2&gt;\r\n\r\n&lt;ul&gt;\r\n	&lt;li&gt;\r\n	&lt;p&gt;Các ngón chân được củng cố và bọc trong các&lt;strong&gt; sợi da siêu mềm&lt;/strong&gt;, mang lại cảm giác êm ái khi sử dụng trong quá trình thi đấu hay di chuyển&lt;/p&gt;\r\n	&lt;/li&gt;\r\n	&lt;li&gt;\r\n	&lt;p&gt; &lt;strong&gt;Đế giày&lt;/strong&gt; được thiết kế &lt;strong&gt;3 lớp&lt;/strong&gt; dày dặn chắc chắn chống nước &lt;/p&gt;\r\n	&lt;/li&gt;\r\n	&lt;li&gt;\r\n	&lt;p&gt;Lớp lót bên trong được làm bằng vải chất lượng cao, mềm mại và thoải mái, thoáng khí và khô ráo, và không gây ra cảm giác khó chịu.&lt;/p&gt;\r\n	&lt;/li&gt;\r\n	&lt;li&gt;\r\n	&lt;p&gt;&lt;strong&gt;Đinh chuyên dụng &lt;/strong&gt;cho golf, giúp người chơi đứng vững hơn và đánh đẹp hơn. Đinh mềm an toàn cho cỏ trên sân. &lt;/p&gt;\r\n	&lt;/li&gt;\r\n	&lt;li&gt;\r\n	&lt;p&gt;&lt;strong&gt;Rãnh thông hơi 3D&lt;/strong&gt; bên trong tạo sự thoáng khí và thoải mái.&lt;/p&gt;\r\n	&lt;/li&gt;\r\n	&lt;li&gt;\r\n	&lt;p&gt;Chất liệu &lt;strong&gt;da PU &lt;/strong&gt;có khả năng chống thấm nước hiệu quả.&lt;/p&gt;\r\n	&lt;/li&gt;\r\n&lt;/ul&gt;\r\n\r\n&lt;h2&gt;&lt;strong&gt;4. Mức độ uy tín &lt;/strong&gt;&lt;/h2&gt;\r\n\r\n&lt;ul&gt;\r\n	&lt;li&gt;\r\n	&lt;p&gt; PGM là hãng sản xuất chuyên về dụng cụ Golf có sự phát triển vượt bậc trong 10 năm qua, mở rộng nhiều thị trường hoạt động rộng lớn phải kể đến Bắc mỹ, Trung Á và Nam Mỹ trong đó có Việt Nam cùng hầu hết các nước Đông Nam Á .&lt;/p&gt;\r\n	&lt;/li&gt;\r\n	&lt;li&gt;\r\n	&lt;p&gt; PGM là lựa chọn số 1 tại đất nước tỉ dân Trung Quốc, đi kèm với chất lượng đã qua kiểm duyệt và mẫu mã đa dạng đáp ứng nhu cầu an toàn cho người sử dụng.&lt;/p&gt;\r\n	&lt;/li&gt;\r\n	&lt;li&gt;\r\n	&lt;p&gt; Teeoff Golf Shop là đại lý độc quyền phân phối chính hãng sản phẩm của PGM tại Việt Nam. Mang đến sự hài lòng cho khách hàng của Teeoff bằng những sản phẩm có mẫu mã chất lượng, chế độ bảo hành uy tín, hàng thật và nói không với hàng giả hàng nhái.&lt;/p&gt;\r\n	&lt;/li&gt;\r\n&lt;/ul&gt;', '', '', '', '', '', '', ''),
(147, 2, 'GIÀY GOLF NAM - PGM GOLF SHOES - XZ035', '&lt;h2&gt;&lt;strong&gt;1. Mô tả sản phẩm&lt;/strong&gt;&lt;/h2&gt;\r\n\r\n&lt;ul&gt;\r\n	&lt;li&gt;\r\n	&lt;p&gt;Màu sắc : Ghi, xanh cửu long, xanh nhạt&lt;/p&gt;\r\n	&lt;/li&gt;\r\n	&lt;li&gt;\r\n	&lt;p&gt;Size : 39, 40, 40.5, 41, 42, 43,44.5&lt;/p&gt;\r\n	&lt;/li&gt;\r\n	&lt;li&gt;\r\n	&lt;p&gt;Trọng lượng : 1,2 kg&lt;/p&gt;\r\n	&lt;/li&gt;\r\n	&lt;li&gt;\r\n	&lt;p&gt;Giới tính : Nam&lt;/p&gt;\r\n	&lt;/li&gt;\r\n&lt;/ul&gt;\r\n\r\n&lt;h2&gt;&lt;strong&gt;2. Chất liệu&lt;/strong&gt;&lt;/h2&gt;\r\n\r\n&lt;ul&gt;\r\n	&lt;li&gt;\r\n	&lt;p&gt;Giày XZ035 được làm từ chất liệu vải sợi cotton&lt;strong&gt; &lt;/strong&gt;thoáng khí kết hợp da PU bền đẹp.&lt;/p&gt;\r\n	&lt;/li&gt;\r\n	&lt;li&gt;\r\n	&lt;p&gt;Đinh giày cao su chuyên dụng cho môn golf.&lt;/p&gt;\r\n	&lt;/li&gt;\r\n&lt;/ul&gt;\r\n\r\n&lt;h2&gt;&lt;strong&gt;3. Tính năng&lt;/strong&gt;&lt;/h2&gt;\r\n\r\n&lt;ul&gt;\r\n	&lt;li&gt;\r\n	&lt;p&gt;Giày XZ035 mang lại cho người sử dụng cảm giác mềm mại, thoải mái, dễ chịu dù có phải di chuyển cả một ngày dài&lt;/p&gt;\r\n	&lt;/li&gt;\r\n	&lt;li&gt;\r\n	&lt;p&gt;Chất liệu &lt;strong&gt;vải sợi &lt;/strong&gt;thoáng khí, thấm hút mồ hôi tốt.&lt;/p&gt;\r\n	&lt;/li&gt;\r\n	&lt;li&gt;\r\n	&lt;p&gt;&lt;strong&gt;Đinh giày chuyên dụng&lt;/strong&gt; để lên sân golf và lên sân tập, giúp chống trơn trượt, giữ cân bằng.&lt;/p&gt;\r\n	&lt;/li&gt;\r\n&lt;/ul&gt;\r\n\r\n&lt;h2&gt;&lt;strong&gt;4. Mức độ uy tín &lt;/strong&gt;&lt;/h2&gt;\r\n\r\n&lt;ul&gt;\r\n	&lt;li&gt;\r\n	&lt;p&gt; PGM là hãng sản xuất chuyên về dụng cụ Golf có sự phát triển vượt bậc trong 10 năm qua, mở rộng nhiều thị trường hoạt động rộng lớn phải kể đến Bắc mỹ, Trung Á và Nam Mỹ trong đó có Việt Nam cùng hầu hết các nước Đông Nam Á .&lt;/p&gt;\r\n	&lt;/li&gt;\r\n	&lt;li&gt;\r\n	&lt;p&gt; PGM là lựa chọn số 1 tại đất nước tỉ dân Trung Quốc, đi kèm với chất lượng đã qua kiểm duyệt và mẫu mã đa dạng đáp ứng nhu cầu an toàn cho người sử dụng.&lt;/p&gt;\r\n	&lt;/li&gt;\r\n	&lt;li&gt;\r\n	&lt;p&gt; Teeoff Golf Shop là đại lý độc quyền phân phối chính hãng sản phẩm của PGM tại Việt Nam. Mang đến sự hài lòng cho khách hàng của Teeoff bằng những sản phẩm có mẫu mã chất lượng, chế độ bảo hành uy tín, hàng thật và nói không với hàng giả hàng nhái.&lt;/p&gt;\r\n	&lt;/li&gt;\r\n&lt;/ul&gt;\r\n\r\n&lt;p&gt;&lt;img data-thumb=&quot;original&quot; original-height=&quot;650&quot; original-width=&quot;790&quot; src=&quot;https://bizweb.dktcdn.net/100/182/519/files/1-c0a22d71-93d1-4978-b413-98d8f6e3e997.jpg?v=1552636142099&quot; /&gt;&lt;/p&gt;', '', '', '', '', '', '', ''),
(148, 2, 'BÓNG TẬP GOLF - Q003', '&lt;h3&gt;&lt;strong&gt;1. Mô tả sản phẩm&lt;/strong&gt;&lt;/h3&gt;\r\n\r\n&lt;ul&gt;\r\n	&lt;li&gt;\r\n	&lt;p&gt;Cấu tạo: 2 lớp&lt;/p&gt;\r\n	&lt;/li&gt;\r\n	&lt;li&gt;\r\n	&lt;p&gt;Trọng lượng tịnh: 45g&lt;/p&gt;\r\n	&lt;/li&gt;\r\n	&lt;li&gt;\r\n	&lt;p&gt;Đường kính: 42.7mm&lt;/p&gt;\r\n	&lt;/li&gt;\r\n	&lt;li&gt;\r\n	&lt;p&gt;Lực đàn hồi: 65%&lt;/p&gt;\r\n	&lt;/li&gt;\r\n	&lt;li&gt;\r\n	&lt;p&gt;Độ cứng: 75 - 85.&lt;/p&gt;\r\n	&lt;/li&gt;\r\n&lt;/ul&gt;\r\n\r\n&lt;h3&gt;&lt;strong&gt;2. Chất liệu&lt;/strong&gt;&lt;/h3&gt;\r\n\r\n&lt;ul&gt;\r\n	&lt;li&gt;\r\n	&lt;p&gt;Vỏ bóng được làm từ chất liệu surlyn&lt;/p&gt;\r\n	&lt;/li&gt;\r\n	&lt;li&gt;\r\n	&lt;p&gt; Lõi cao su tổng hợp&lt;/p&gt;\r\n	&lt;/li&gt;\r\n&lt;/ul&gt;\r\n\r\n&lt;h3&gt;&lt;strong&gt;3. Tính năng&lt;/strong&gt;&lt;/h3&gt;\r\n\r\n&lt;ul&gt;\r\n	&lt;li&gt;\r\n	&lt;p&gt;Thích hợp để sử dụng khi luyện tập trong nhà và ngoài trời&lt;/p&gt;\r\n	&lt;/li&gt;\r\n	&lt;li&gt;\r\n	&lt;p&gt;Quả bóng golf có tuổi thọ cao, bạn có thể đánh ít nhất 2000 lần&lt;/p&gt;\r\n	&lt;/li&gt;\r\n	&lt;li&gt;\r\n	&lt;p&gt;Công cụ quan trọng nhất trong bộ môn thể thao golf. &lt;/p&gt;\r\n	&lt;/li&gt;\r\n&lt;/ul&gt;\r\n\r\n&lt;h3&gt;&lt;strong&gt;4. Mức độ uy tín &lt;/strong&gt;&lt;/h3&gt;\r\n\r\n&lt;ul&gt;\r\n	&lt;li&gt;\r\n	&lt;p&gt; PGM là hãng sản xuất chuyên về dụng cụ Golf có sự phát triển vượt bậc trong 10 năm qua, có nhiều thị trường hoạt động rộng lớn phải kể đến Bắc mỹ, Trung Á và Nam Mỹ trong đó có Việt Nam cùng hầu hết các nước Đông Nam á .&lt;/p&gt;\r\n	&lt;/li&gt;\r\n	&lt;li&gt;\r\n	&lt;p&gt; PGM là lựa chọn số 1 tại đất nước tỉ dân này, đi kèm với chất lượng đã qua kiểm duyệt và mẫu mã đa dạng đáp ứng nhu cầu an toàn cho người sử dụng.&lt;/p&gt;\r\n	&lt;/li&gt;\r\n	&lt;li&gt;\r\n	&lt;p&gt;Teeoff Golf Shop là đại lý độc quyền phân phối chính hãng sản phẩm của PGM tại Việt Nam. Mang đến sự hài lòng cho khách hàng của Teeoff bằng những sản phẩm có mẫu mã chất lượng, chế độ bảo hành uy tín, hàng thật và nói không với hàng giả hàng nhái.&lt;/p&gt;\r\n	&lt;/li&gt;\r\n&lt;/ul&gt;\r\n\r\n&lt;p&gt; &lt;/p&gt;\r\n\r\n&lt;p&gt;&lt;img alt=&quot;undefined&quot; height=&quot;529.746835443038&quot; src=&quot;https://cbu01.alicdn.com/img/ibank/2014/709/670/1358076907_590814931.jpg&quot; width=&quot;750&quot; /&gt;&lt;/p&gt;', '', '', '', '', '', '', ''),
(149, 2, 'ĐỒNG HỒ THÔNG MINH - GARMIN APPROACH S62', '&lt;h3&gt;&lt;strong&gt;CÁC TÍNH NĂNG CHÍNH&lt;/strong&gt;&lt;/h3&gt;\r\n\r\n&lt;table border=&quot;1&quot; cellpadding=&quot;1&quot; cellspacing=&quot;1&quot;&gt;\r\n	&lt;tbody&gt;\r\n		&lt;tr&gt;\r\n			&lt;td&gt;&lt;img alt=&quot;icon-virtual-caddie&quot; src=&quot;https://www.garmin.com.vn/m/buzz/minisite/images/icon/icon-virtual-caddie.svg&quot; /&gt;&lt;/td&gt;\r\n			&lt;td&gt;&lt;img alt=&quot;icon-touchscreen&quot; src=&quot;https://www.garmin.com.vn/m/buzz/minisite/images/icon/icon-touchscreen.svg&quot; /&gt;&lt;/td&gt;\r\n			&lt;td&gt;&lt;img alt=&quot;icon-courseview-auto-updater&quot; src=&quot;https://www.garmin.com.vn/m/buzz/minisite/images/icon/icon-courseview-auto-updater.svg&quot; /&gt;&lt;/td&gt;\r\n			&lt;td&gt;&lt;img alt=&quot;icon-wrist-based-heart-rate&quot; src=&quot;https://www.garmin.com.vn/m/buzz/minisite/images/icon/icon-wrist-based-heart-rate.svg&quot; /&gt;&lt;/td&gt;\r\n			&lt;td&gt;&lt;img alt=&quot;icon-hazards-and-doglegs&quot; src=&quot;https://www.garmin.com.vn/m/buzz/minisite/images/icon/icon-hazards-and-doglegs.svg&quot; /&gt;&lt;/td&gt;\r\n		&lt;/tr&gt;\r\n		&lt;tr&gt;\r\n			&lt;td&gt;\r\n			&lt;h5&gt;CADDIE ẢO &lt;/h5&gt;\r\n			&lt;/td&gt;\r\n			&lt;td&gt;\r\n			&lt;h5&gt;BẢN ĐỒ MÀU COURSEVIEW&lt;/h5&gt;\r\n			&lt;/td&gt;\r\n			&lt;td&gt;\r\n			&lt;h5&gt;BẢN ĐỒ MÀU COURSEVIEW&lt;/h5&gt;\r\n			&lt;/td&gt;\r\n			&lt;td&gt;\r\n			&lt;h5&gt;ĐO NHỊP TIM Ở CỔ TAY&lt;/h5&gt;\r\n			&lt;/td&gt;\r\n			&lt;td&gt;\r\n			&lt;h5&gt;CHƯỚNG NGẠI VẬT VÀ Ỗ GÔN UỐN CONG&lt;/h5&gt;\r\n			&lt;/td&gt;\r\n		&lt;/tr&gt;\r\n	&lt;/tbody&gt;\r\n&lt;/table&gt;\r\n\r\n&lt;h3&gt;&lt;strong&gt;ĐO NHỊP TIM Ở CỔ TAY&lt;/strong&gt;&lt;/h3&gt;\r\n\r\n&lt;p&gt;Công nghệ tăng nhịp tim đo cường độ đo cường độ của các hoạt động thể dục của bạn và mức độ chăm chỉ của bạn trong suốt quá trình.&lt;/p&gt;\r\n\r\n&lt;h3&gt;&lt;strong&gt;MÀN HÌNH LỚN HƠN - CÁC MẶT ĐỒNG HỒ TÙY CHỈNH&lt;/strong&gt;&lt;/h3&gt;\r\n\r\n&lt;p&gt;&lt;img src=&quot;https://static.garmincdn.com/en/products/010-02200-00/g/BIGGERSCREEN_v01-4cd0666d-ce45-4789-a8e7-584dcd43d013.jpg&quot; /&gt;&lt;/p&gt;\r\n\r\n&lt;p&gt;Màn hình cảm ứng màu lớn 1.3&quot; dễ đọc lớn hơn 17% so với Approach S60 để giúp trải nghiệm của bạn tốt hơn nhiều.&lt;/p&gt;\r\n\r\n&lt;p&gt;Tải xuống các mặt, ứng dụng và tiện ích đồng hồ tùy chỉnh từ Cửa hàng Connect IQ và tùy chỉnh mặt đồng hồ của bạn với bất kỳ ảnh nào từ thiết bị di động của bạn&lt;/p&gt;\r\n\r\n&lt;h3&gt;&lt;strong&gt;CADDIE ẢO - 41,000 SÂN ĐƯỢC TẢI SẴN&lt;/strong&gt;&lt;/h3&gt;\r\n\r\n&lt;p&gt;&lt;img src=&quot;https://static.garmincdn.com/en/products/010-02200-00/g/VirtualCaddie_v01-a5a57b6b-346a-4cab-9a4c-0fb1b70eaf17.jpg&quot; /&gt;&lt;/p&gt;\r\n\r\n&lt;p&gt;Hãy nhận một sự giúp đỡ nhỏ từ chính cổ tay của bạn.Các yếu tố Caddie ảo trong tốc độ và hướng gió và gợi ý một gậy được dựa trên khoảng cách bạn đánh thường xuyên với gậy riêng đó.&lt;/p&gt;\r\n\r\n&lt;p&gt;Đồng hồ của bạn được tải sẵn với hơn 41.000 bản đồ CourseView đầy màu sắc của các sân golf từ khắp nơi trên thế giới. Tải về các bản cập nhật cho sân mà bạn chơi thường xuyên nhất.&lt;/p&gt;\r\n\r\n&lt;p&gt;&lt;strong&gt;KHOẢNG CÁCH PLAYSLIKE - GREEN VIEW - HAZARD VIEW&lt;/strong&gt;&lt;/p&gt;\r\n\r\n&lt;p&gt;&lt;img src=&quot;https://www.garmin.com.vn/m/vn/g/products/outdoor/approach/ApproachS62-feature-03.png&quot; /&gt;&lt;img src=&quot;https://static.garmincdn.com/en/products/010-02200-00/g/GreenView_v01-af37afd7-5e6a-49d5-9c79-1467cc522035.jpg&quot; /&gt;&lt;img src=&quot;https://www.garmin.com.vn/m/vn/g/products/outdoor/approach/ApproachS62-feature-02.png&quot; /&gt;&lt;/p&gt;\r\n\r\n&lt;h3&gt;KHOẢNG CÁCH PLAYSLIKE - Tính năng Khoảng cách PlaysLike điều chỉnh khoảng sân để tính toán các cú đánh sườn dốc và lên dốc để bạn có được thông tin chính xác nhất.&lt;/h3&gt;\r\n\r\n&lt;h3&gt;GREEN VIEW - Tính năng Green View cho bạn từng hình dạng màu xanh lá thật từ bất cứ nơi nào trên sân và nó cho phép bạn kéo và thả ghim để có độ chính xác cao hơn.&lt;/h3&gt;\r\n\r\n&lt;p&gt;HAZARD VIEW -Tính năng này cho phép bạn nhanh chóng cuộn qua từng mối nguy hiểm trên bản đồ để bạn biết những điều cần tránh.&lt;/p&gt;\r\n\r\n&lt;p&gt;&lt;strong&gt;TỐC ĐỘ VÀ HƯỚNG GIÓ&lt;/strong&gt;&lt;/p&gt;\r\n\r\n&lt;p&gt;&lt;img src=&quot;https://static.garmincdn.com/en/products/010-02200-02/g/wind_v02-46d09b7f-a493-4768-84e6-6f051deec0a6.jpg&quot; /&gt;&lt;/p&gt;\r\n\r\n&lt;p&gt;Đồng hồ hiển thị tốc độ và hướng gió, giúp tìm ra gậy nào để sử dụng và hướng nào để đánh dễ hơn.&lt;/p&gt;\r\n\r\n&lt;h3&gt;&lt;strong&gt;PIN&lt;/strong&gt;&lt;/h3&gt;\r\n\r\n&lt;p&gt;&lt;img src=&quot;https://static.garmincdn.com/en/products/010-02200-00/g/battery_v02-b32df293-7a42-4987-b63e-14d83018ea89.jpg&quot; /&gt;&lt;/p&gt;\r\n\r\n&lt;p&gt;Pin có thể sạc lại bên trong cung cấp tối đa 14 ngày ở chế độ smartwatch và 20 giờ ở chế độ GPS.&lt;/p&gt;\r\n\r\n&lt;h2&gt;&lt;strong&gt;II. Chi tiết sản phẩm GARMIN Approach S62&lt;/strong&gt;&lt;/h2&gt;\r\n\r\n&lt;h3&gt;&lt;strong&gt;1. Mô tả sản phẩm &lt;/strong&gt;&lt;/h3&gt;\r\n\r\n&lt;p&gt;Bạn muốn những hoạt động thể thao của mình cần có sự ghi nhận và đo đếm các chỉ số mang tính chuyên môn hóa cao như Golf thì sẽ cần một thiết bị chuyên dụng hơn nhiều là một chiếc Apple watch. Và, chiếc  đồng hồ thông minh Garmin Approach S62 của Garmin là sản phẩm được thiết kế đáp ứng những nhu cầu đó.&lt;/p&gt;\r\n\r\n&lt;ul&gt;\r\n	&lt;li data-spm-anchor-id=&quot;a2o4n.pdp.product_detail.i2.11183ffbPivoEY&quot;&gt;\r\n	&lt;p&gt;Kích cỡ vật lý: 47 x 47 x 14.8 mm. Phù hợp với cổ tay có chu vi 125-208 mm&lt;/p&gt;\r\n	&lt;/li&gt;\r\n	&lt;li&gt;\r\n	&lt;p&gt;Trọng Lượng : 2,2 oz (~61 g)&lt;/p&gt;\r\n	&lt;/li&gt;\r\n	&lt;li&gt;\r\n	&lt;p&gt;Chỉ số chống nước: 5 ATM&lt;/p&gt;\r\n	&lt;/li&gt;\r\n	&lt;li&gt;\r\n	&lt;p&gt;Loại pin: Pin sạc Lithium-ion&lt;/p&gt;\r\n	&lt;/li&gt;\r\n	&lt;li&gt;\r\n	&lt;p&gt;Màn hình cảm ứng: Có&lt;/p&gt;\r\n	&lt;/li&gt;\r\n	&lt;li&gt;\r\n	&lt;p&gt;Loại màn hình: công nghệ MIP (bộ nhớ trong từng điểm ảnh) chống chói, có thể nhìn rõ dưới ánh sáng mặt trời&lt;/p&gt;\r\n	&lt;/li&gt;\r\n	&lt;li&gt;\r\n	&lt;p&gt;Kích thước hiển thị: Đường kính 1,3” (33,02 mm)&lt;/p&gt;\r\n	&lt;/li&gt;\r\n	&lt;li data-spm-anchor-id=&quot;a2o4n.pdp.product_detail.i1.11183ffbPivoEY&quot;&gt;\r\n	&lt;p&gt;Độ phân giải màn hình: 260 x 260 pixel&lt;/p&gt;\r\n	&lt;/li&gt;\r\n	&lt;li&gt;\r\n	&lt;p&gt;Hiển thị màu sắc: Có&lt;/p&gt;\r\n	&lt;/li&gt;\r\n	&lt;li&gt;\r\n	&lt;p&gt;Tuổi thọ pin: Chế độ thông minh: Lên đến 14 ngày, Chế độ GPS: Lên đến 20 giờ&lt;/p&gt;\r\n	&lt;/li&gt;\r\n	&lt;li&gt;\r\n	&lt;p&gt;Bộ nhớ / Lịch sử: 1GB&lt;/p&gt;\r\n	&lt;/li&gt;\r\n	&lt;li&gt;\r\n	&lt;p&gt;Cảm biến: GPS, GLONASS, GALILEO, Gia tốc kế, Garmin Elevate, PULSE OX&lt;/p&gt;\r\n	&lt;/li&gt;\r\n	&lt;li&gt;\r\n	&lt;p&gt;Kết nối: Bluetooth, ANT+&lt;/p&gt;\r\n	&lt;/li&gt;\r\n	&lt;li&gt;\r\n	&lt;p&gt;Ứng dụng hỗ trợ: Garmin Connect &lt;/p&gt;\r\n	&lt;/li&gt;\r\n	&lt;li&gt;\r\n	&lt;p&gt;Hệ điều hành tương thích: iPhone, Android&lt;/p&gt;\r\n	&lt;/li&gt;\r\n	&lt;li&gt;\r\n	&lt;p&gt;Phụ kiện đi kèm: Đồng hồ, Dây sạc, Sách hướng dẫn&lt;/p&gt;\r\n	&lt;/li&gt;\r\n&lt;/ul&gt;\r\n\r\n&lt;h3&gt;&lt;strong&gt;2. Chất liệu &lt;/strong&gt; &lt;/h3&gt;\r\n\r\n&lt;p&gt;- Vật liệu thấu kính: Kính cường lực Corning Gorilla Glass 3&lt;/p&gt;\r\n\r\n&lt;p&gt;- Vật liệu vành mặt đồng hồ: Ceramic&lt;/p&gt;\r\n\r\n&lt;p&gt;- Vật liệu dây đeo: Silicon 125 - 208 (mm)&lt;/p&gt;\r\n\r\n&lt;h3&gt; &lt;strong&gt;3. Tính năng chơi Golf&lt;/strong&gt;&lt;/h3&gt;\r\n\r\n&lt;p&gt;&lt;strong&gt;Đồng hồ Garmin Approach S62&lt;/strong&gt; là chiếc Smartwatch tốt nhất cho người chơi Golf. Nó được tích hợp danh sách chi tiết bản đồ các sân Golf cho hơn 41.000 khóa học trên khắp thế giới, cho phép hiển thị tới người chơi những thông tin một cách rất chi tiết nhất về vị trí mà họ nên nhắm tới cho cú đánh của mình, hay thậm chí nó còn cung cấp các thông tin chi tiết về mặt sân, khoảng cách giữa các lỗ, và nhiều thông tin khác để giúp người chơi ra quyết định cho cú đánh của mình được chính xác nhất.&lt;/p&gt;\r\n\r\n&lt;p&gt;Chiếc Garmin S62 này cũng sẽ là một thiết bị tuyệt vời để theo dõi toàn cường độ tập luyện của người chơi Golf. Nó cung cấp thông tin để giúp người chơi Golf cải thiện cú Swing của mình. Và một chức năng không thể thiếu ở chiếc đồng hồ S62 này là nó được tích hợp thêm cảm biến Pulse Ox ngay bên trong để theo dõi mức bão hòa oxy trong máu và theo dõi nhịp tim. &lt;/p&gt;\r\n\r\n&lt;p&gt;- Chiều dài tính bằng Yard đến F/M/B (khoảng cách đến phía trước, giữa và sau quả đồi).&lt;/p&gt;\r\n\r\n&lt;p&gt;- Chiều dài tình bằng Yard đến lỗ gôn thẳng / lỗ gôn uốn cong.&lt;/p&gt;\r\n\r\n&lt;p&gt;- Đo khoảng cách của mỗi cú đánh bóng (tính toán chính xác cho cú đánh bòng từ mọi vị trí).&lt;/p&gt;\r\n\r\n&lt;p&gt;- Bảng điểm kỹ thuật số.&lt;/p&gt;\r\n\r\n&lt;p&gt;- Mục tiêu tùy chỉnh.&lt;/p&gt;\r\n\r\n&lt;p&gt;- Theo dõi số liệu thống kê (cú đánh mạnh, cú đánh nhẹ, cú đánh vùng đồi và đường lăn bóng, khoảng cách trung bình).&lt;/p&gt;\r\n\r\n&lt;p&gt;- Garmin AutoShot.&lt;/p&gt;\r\n\r\n&lt;p&gt;- Bản đồ Vector hoàn chỉnh.&lt;/p&gt;\r\n\r\n&lt;p&gt;- Cập nhật CourseView tự động.&lt;/p&gt;\r\n\r\n&lt;p&gt;- Ứng dụng GreenView với ghim định vị thủ công.&lt;/p&gt;\r\n\r\n&lt;p&gt;- Chướng ngại vật và mục tiêu hành trình.&lt;/p&gt;\r\n\r\n&lt;p&gt;- PinPointer.&lt;/p&gt;\r\n\r\n&lt;p&gt;- Khoảng cách Playslike.&lt;/p&gt;\r\n\r\n&lt;p&gt;- Chạm mục tiêu để xem khoảng cách đến điểm bất kỳ.&lt;/p&gt;\r\n\r\n&lt;p&gt;- Ghi điểm chấp.&lt;/p&gt;\r\n\r\n&lt;p&gt;- SwingTempo.&lt;/p&gt;\r\n\r\n&lt;p&gt;- Tempo Training.&lt;/p&gt;\r\n\r\n&lt;p&gt;- TruSwing tương thích.&lt;/p&gt;\r\n\r\n&lt;p&gt;- Đồng hồ bấm giờ vòng hoạt động / đồng hồ đo hành trình.&lt;/p&gt;\r\n\r\n&lt;p&gt;- Tính toán hướng gió, lực vung gậy.&lt;/p&gt;\r\n\r\n&lt;p&gt;Ngoài ra Đồng hồ Garmin S62 còn có các tính năng thông minh: tính năng đồng hồ, tính năng thông minh, tính năng chạy bộ, bơi lội, theo dõi hoạt động, tính năng luyện tập, tính năng nhịp tim, đạp xe. &lt;/p&gt;\r\n\r\n&lt;p&gt; &lt;/p&gt;', '', '', '', '', '', '', ''),
(150, 2, 'MÁY ĐO KHOẢNG CÁCH CHƠI GOLF - BUSHNELL PRO XE - CJQXE', '&lt;h3&gt;&lt;strong&gt;1. Mô tả sản phẩm &lt;/strong&gt;&lt;/h3&gt;\r\n\r\n&lt;p&gt;- Sản phẩm Bushnell Pro XE là mẫu ống nhòm chơi Golf, được dùng để đo đạc và tính toán chính xác khoảng cách của các điểm vị trí trên mặt sân Golf. &lt;/p&gt;\r\n\r\n&lt;p&gt;- Pro XE được coi là máy đo khoảng cách chơi Golf tốt nhất mà Bushnell từng chế tạo. Bushnell Pro XE cung cấp khoảng cách trên sân tốt nhất, hiệu suất, độ chính xác và tính nhất quán. Đặc biệt, đây là mẫu máy đo khoảng cách Golf có được khả năng bắn khoảng cách trong điều kiện ban đêm hoặc tầm nhìn không tốt như sương mù bao phủ.&lt;/p&gt;\r\n\r\n&lt;p&gt;- Máy đo khoảng cách Bushnell Pro XE là ống nhòm được ứng dụng công nghệ hiện đại giúp người dùng dễ dàng đo được khoảng cách từ vị trí bạn đứng đến lá cờ trong điều kiện gió to với kết quả rất chính xác.&lt;/p&gt;\r\n\r\n&lt;h3&gt;&lt;strong&gt;2. Thông số kĩ thuật &lt;/strong&gt;&lt;/h3&gt;\r\n\r\n&lt;p&gt;- Loại sản phẩm : Máy đo khoảng cách chơi Golf&lt;/p&gt;\r\n\r\n&lt;p&gt;- Loại pin : CR2 Lithium&lt;/p&gt;\r\n\r\n&lt;p&gt;- Độ phóng đại : 7x (các đối tượng xuất hiện gần hơn 7 lần)&lt;/p&gt;\r\n\r\n&lt;p&gt;- Độ chính xác : Chính xác đến 1 yard&lt;/p&gt;\r\n\r\n&lt;p&gt;- Chống thấm nước : IPX7&lt;/p&gt;\r\n\r\n&lt;p&gt;- Hiển thị khoảng cách : 5-1300 yard (Bắt cờ chính xác trong vòng hơn 500 yard)&lt;/p&gt;\r\n\r\n&lt;p&gt;- Đường kính vật kính : 25mm&lt;/p&gt;\r\n\r\n&lt;p&gt;- Kích thước : 11,4 cm x 7,9 cm x 4,6 cm&lt;/p&gt;\r\n\r\n&lt;p&gt;- Trọng lượng : Khoảng 0.3kg&lt;/p&gt;\r\n\r\n&lt;p&gt;- Trọn bộ : 1 máy đo, Pin đi kèm và 1 bao đựng chống trầy xước. &lt;/p&gt;\r\n\r\n&lt;h3&gt;&lt;b&gt;3. Chất liệu &lt;/b&gt;&lt;/h3&gt;\r\n\r\n&lt;p&gt;- Bushnell Pro XE nổi bật nhất là Laser Rangefinder với tính năng số 1 không thể tranh cãi trong thế giới Golf chuyên nghiệp và là phụ kiện chơi Golf được tin dùng bởi hơn 97% từ các PGA.&lt;/p&gt;\r\n\r\n&lt;p&gt;- Màn hình LCD sắc nét cho phép hiển thị khoảng cách, các chế độ, đơn vị đo hay mức pin hiện tại đang sử dụng.&lt;/p&gt;\r\n\r\n&lt;p&gt;- Lớp ngoài của máy đo được làm từ thép cao cấp, bọc viền quanh là lớp cao su đàn hồi cực tốt, tránh va đập. &lt;/p&gt;\r\n\r\n&lt;p&gt;- Ống kính quang học độ phóng đại cao 7x, được trang phủ nhiều lớp giúp tăng cường độ sáng, độ sắc nét cho hình ảnh quan sát giúp đưa hình ảnh vị trí lại gần hơn.&lt;/p&gt;\r\n\r\n&lt;h3&gt;&lt;b&gt;4. Tính năng&lt;/b&gt;&lt;/h3&gt;\r\n\r\n&lt;p&gt;- Máy đo khoảng cách Laser này đo chính xác trong phạm vị 500m. Trang bị công nghệ dốc bù trừ các yếu tố như: bù độ cao, độ cao, nhiệt độ và áp suất khí quyển. Tính năng PinSeeker với Visual JOLT cho bạn cái nhìn trực quan hơn về phép đo. Pro XE Rangefinder cho ra những bức ảnh 3D hoàn hảo.&lt;/p&gt;\r\n\r\n&lt;p&gt;- Công nghệ Visual JOLT. giúp bạn không phải mất nhiều thời gian để đo và xác định khoảng cách đến lá cờ khi mà lá cờ đang ở trạng thái không đứng yên. Khi lá cờ trong tầm ngắm, máy đo này sẽ rung lên và hiển thị kết quả đo ngay trong màn hình của thiết bị.&lt;/p&gt;\r\n\r\n&lt;p&gt;- Màn hình LCD được ứng dụng công nghệ Dual Display DDT với 2 màu đỏ và đen giúp người dùng có thể tùy chỉnh theo điều kiện ánh sáng xung quanh.&lt;/p&gt;\r\n\r\n&lt;p&gt;- Công nghệ Slope-Switch tích cực cho phép người chơi Golf dễ dàng chuyển đổi vào và ra khỏi chức năng Dốc được cấp bằng sáng chế của Bushnell, phù hợp với những giải đấu chuyên nghiệp.&lt;/p&gt;\r\n\r\n&lt;p&gt;- Máy đo khoảng cách được thiết kế rất nhỏ gọn, cầm thao tác vô cùng thoải mái. Máy được thiết kế theo tiêu chuẩn IPX7 có khả năng chống thấm nước giúp người dùng có thể sử dụng  dưới mọi điều kiện thời tiết.&lt;/p&gt;\r\n\r\n&lt;p&gt;- Ngoài ra, ống nhòm đo khoảng cách Golf Pro XE trang bị thêm giá đỡ BITE từ tính dễ dàng gắn máy để quan sát chuẩn xác hơn.&lt;/p&gt;\r\n\r\n&lt;p&gt;- Màn hình đèn nền siêu sáng nâng cao. &lt;/p&gt;\r\n\r\n&lt;p&gt;&lt;img data-thumb=&quot;original&quot; original-height=&quot;1000&quot; original-width=&quot;1000&quot; src=&quot;https://bizweb.dktcdn.net/100/182/519/files/ong-nhom-do-khoang-cach-bushnell-golf-pro-xe.jpg?v=1589358493631&quot; /&gt;&lt;/p&gt;', '', '', '', '', '', '', ''),
(151, 2, 'GĂNG TAY GOLF &amp; MARK BÓNG - PGM GLOVES WITH MARKER - ST021', '&lt;h3&gt;&lt;strong&gt;1. Mô tả sản phẩm&lt;/strong&gt;&lt;/h3&gt;\r\n\r\n&lt;p&gt;- Màu sắc : Trắng Đen&lt;/p&gt;\r\n\r\n&lt;p&gt;- Trọng lượng : Khoảng 79g&lt;/p&gt;\r\n\r\n&lt;p&gt;- Size : 22, 23, 24, 25, 26 &lt;/p&gt;\r\n\r\n&lt;p&gt;- Loại: Thuận trái, Thuận phải&lt;/p&gt;\r\n\r\n&lt;h3&gt;&lt;strong&gt;2. Chất liệu &lt;/strong&gt;&lt;/h3&gt;\r\n\r\n&lt;p&gt;- Găng tay ST021 được làm từ chất liệu da cừu cao cấp&lt;/p&gt;\r\n\r\n&lt;h3&gt;&lt;strong&gt;3.Tính năng &lt;/strong&gt;&lt;/h3&gt;\r\n\r\n&lt;p&gt;- Bổ Sung Thêm Phụ Kiện : Mark Bóng&lt;/p&gt;\r\n\r\n&lt;p&gt;- Găng tay nhập khẩu từ Indonesia, da cừu nhỏ, ưu điểm của găng tay da cừu là mềm và  tính thấm cao, lâu không thấm mồ hôi tay;&lt;/p&gt;\r\n\r\n&lt;p&gt;- Lòng bàn tay đầy da cừu. Ưu điểm của toàn bộ da cừu là cảm giác tốt hơn, cử động ngón tay rất linh hoạt khi cầm.&lt;/p&gt;\r\n\r\n&lt;p&gt;- Bảo vệ lòng bàn tay, giúp tránh trơn trượt, đảm bảo đánh Golf đúng kỹ thuật.&lt;/p&gt;\r\n\r\n&lt;p&gt;- Ngón giữa và ngón trỏ thiết kế một lỗ nhỏ, là để cải thiện chỉ số tính thấm và tính linh hoạt&lt;/p&gt;\r\n\r\n&lt;p&gt;- Thiết kế cổ điển đẹp, mặt sau bằng da, rất mềm, thoáng khí, găng tay da đầy đủ để đáp ứng nhu cầu tương đối cao cho người chơi.&lt;/p&gt;\r\n\r\n&lt;h2&gt;&lt;strong&gt;4. Mức độ uy tín&lt;/strong&gt;&lt;/h2&gt;\r\n\r\n&lt;p&gt;- PGM là hãng sản xuất chuyên về dụng cụ Golf có sự phát triển vượt bậc trong 10 năm qua, mở rộng nhiều thị trường hoạt động rộng lớn phải kể đến Bắc Mỹ, Trung Á và Nam Mỹ trong đó có Việt Nam cùng hầu hết các nước Đông Nam Á. &lt;/p&gt;\r\n\r\n&lt;p&gt;- PGM là lựa chọn số 1 tại đất nước tỉ dân Trung Quốc, đi kèm với chất lượng đã qua kiểm duyệt và mẫu mã đa dạng đáp ứng nhu cầu an toàn cho người sử dụng.&lt;/p&gt;\r\n\r\n&lt;p&gt;- Teeoff Golf Shop là đại lý độc quyền phân phối chính hãng sản phẩm của PGM tại Việt Nam. Mang đến sự hài lòng cho khách hàng của Teeoff bằng những sản phẩm có mẫu mã chất lượng, chế độ bảo hành uy tín, hàng thật và nói không với hàng giả hàng nhái.&lt;/p&gt;', '', '', '', '', '', '', ''),
(152, 2, 'THẢM TẬP SWING GOLF 3 TRONG 1 - PGM HL001 (TẬP GOLF TẠI NHÀ)', '&lt;h3&gt;&lt;strong&gt;1. Mô tả sản phẩm &lt;/strong&gt;&lt;/h3&gt;\r\n\r\n&lt;p&gt;Thảm tập HL001 thiết kế gọn nhẹ, là sản phẩm thảm dùng để tập luyện trong nhà, tại văn phòng, không gian sân vườn hoặc các không gian nhỏ hẹp khác. Đây là loại thảm di động, vừa giúp người chơi tập luyện, vừa mang lại phút giây giải trí thoải mái cho người tập. &lt;/p&gt;\r\n\r\n&lt;p&gt;- Đối tượng : Thích hợp cho cả nam và nữ, phù hợp với mọi lứa tuổi giúp nâng cao kĩ thuật và thể lực của các Golfer. &lt;/p&gt;\r\n\r\n&lt;p&gt;- Thảm cấu tạo gồm : Bề mặt thảm cỏ, lớp đế cao su đặc, trên bề mặt gắn kèm 1 thanh bóng nhựa xoay 360 độ, một quả bóng nhựa dây dài và một tee cao su gắn thảm. &lt;/p&gt;\r\n\r\n&lt;p&gt;- Trọng lượng : Thảm nặng khoảng 2.25kg&lt;/p&gt;\r\n\r\n&lt;p&gt;- Màu sắc : Xanh cỏ + Đế cao su đen &lt;/p&gt;\r\n\r\n&lt;p&gt;- Kích thước :&lt;/p&gt;\r\n\r\n&lt;ul&gt;\r\n	&lt;li&gt;Thảm tập HL001 có kích thước 47*23*2cm, kích thước tính theo hộp là 49*35*5cm. &lt;/li&gt;\r\n	&lt;li&gt;Lớp cỏ dày 10mm&lt;/li&gt;\r\n&lt;/ul&gt;\r\n\r\n&lt;h3&gt;&lt;strong&gt;2. Chất liệu &lt;/strong&gt;&lt;/h3&gt;\r\n\r\n&lt;p&gt;- Đế thảm làm bằng cao su cao cấp đàn hồi rất tốt (hay còn được gọi là đế Eva).&lt;/p&gt;\r\n\r\n&lt;p&gt;- Lớp thảm cỏ là cỏ nhân tạo cao cấp, mềm mịn.&lt;/p&gt;\r\n\r\n&lt;p&gt;- Bóng gắn thảm là bóng nhựa đặc ruột. &lt;/p&gt;\r\n\r\n&lt;h3&gt; &lt;strong&gt;3. Tính năng &lt;/strong&gt;&lt;/h3&gt;\r\n\r\n&lt;p&gt;- Giúp người mới chơi chuẩn chỉnh các cú đẩy, kéo, Chip và Pitching phản hồi ngay sau đường Swing. Dễ dàng ghép lại và cài đặt với cọc trực tiếp xuống đất. &lt;/p&gt;\r\n\r\n&lt;p&gt;- Xoay để thực hiện các bài tập điểm cố định. Cải thiện độ chính xác của cú đánh mà không cần bóng.&lt;/p&gt;\r\n\r\n&lt;p&gt;- Bóng dây vàng được làm chất lượng có thể đánh như cảm giác đánh bóng thật. &lt;/p&gt;\r\n\r\n&lt;p&gt;- Thanh trục siêu dẻo, mạnh và bền, có thể được thay thế bằng thanh mới, đừng lo lắng về việc bị gãy hỏng sau những cú đánh mạnh. &lt;/p&gt;\r\n\r\n&lt;p&gt;- Đế thảm được làm bằng nhựa phun chất lượng cao, không bị lão hóa, không bị phong hóa, bền và không phai màu. &lt;/p&gt;\r\n\r\n&lt;p&gt;- Cỏ nhập khẩu thân thiện với môi trường, có thể tuổi thọ lớn, độ đàn hồi cao, giảm hao mòn cho gậy, làm giảm thiệt hại ma sát của mặt so với cỏ giá rẻ trong nước. &lt;/p&gt;\r\n\r\n&lt;p&gt;&lt;em&gt;- Bài tập với thảm :&lt;/em&gt; Xoay thanh cho các bài tập điểm cố định. Có thể sử dụng quả bóng màu vàng cho các bài tập đường dài và trung bình. Có thể sử dụng trực tiếp Pad swing và bóng TEE.&lt;/p&gt;\r\n\r\n&lt;h3&gt;&lt;em&gt;- Hướng dẫn lắp đặt :&lt;/em&gt;&lt;/h3&gt;\r\n\r\n&lt;p&gt;1. Lắp ốc vít lớn từ đáy ở tấm đáy.&lt;/p&gt;\r\n\r\n&lt;p&gt;2. Đặt ống và thanh quay vào.&lt;/p&gt;\r\n\r\n&lt;p&gt;3. Thắt chặt với bốn đai ốc.&lt;/p&gt;\r\n\r\n&lt;p&gt;4. Vặn các vít phù hợp với lỗ ở dưới.&lt;/p&gt;\r\n\r\n&lt;p&gt;5. Thắt chặt bằng tuốc nơ vít.&lt;/p&gt;\r\n\r\n&lt;p&gt;6. Gắn quả bóng dây vàng tập thể dục từ xa vào lỗ dành riêng ở tấm dưới cùng.&lt;/p&gt;\r\n\r\n&lt;p&gt;7. Lắp Tee vào lỗ Tee.&lt;/p&gt;\r\n\r\n&lt;h3&gt;&lt;strong&gt;4. Mức độ uy tín&lt;/strong&gt;&lt;/h3&gt;\r\n\r\n&lt;p&gt;- PGM là hãng sản xuất chuyên về dụng cụ Golf có sự phát triển vượt bậc trong 10 năm qua, mở rộng nhiều thị trường hoạt động rộng lớn phải kể đến Bắc Mỹ, Trung Á và Nam Mỹ trong đó có Việt Nam cùng hầu hết các nước Đông Nam Á.&lt;/p&gt;\r\n\r\n&lt;p&gt;- PGM là lựa chọn số 1 tại đất nước tỉ dân Trung Quốc, đi kèm với chất lượng đã qua kiểm duyệt và mẫu mã đa dạng đáp ứng nhu cầu an toàn cho người sử dụng.&lt;/p&gt;\r\n\r\n&lt;p&gt;- Teeoff Golf Shop là đại lý độc quyền phân phối chính hãng sản phẩm của PGM tại Việt Nam. Mang đến sự hài lòng cho khách hàng của Teeoff bằng những sản phẩm có mẫu mã chất lượng, chế độ bảo hành uy tín, hàng thật và nói không với hàng giả hàng nhái.&lt;/p&gt;', '', '', '', '', '', '', ''),
(153, 2, 'BỘ LƯỚI TẬP SWING 3M - PGM GOLF SWING PRACTICE NET - LXW013', '&lt;h3&gt;&lt;strong&gt;1. Mô tả sản phẩm &lt;/strong&gt;&lt;/h3&gt;\r\n\r\n&lt;p&gt;Bộ lưới tập Swing LXW013-3M được cải tiến với bộ khung kim loại lắp ghép nhanh, nhẹ tạo thành lồng giữ bóng, có thể gấp gọn nhanh chóng và dễ dàng. &lt;/p&gt;\r\n\r\n&lt;p&gt;- Loại sản phẩm : Lưới tập Swing 3M&lt;/p&gt;\r\n\r\n&lt;p&gt;- Màu sắc : Xanh, Đen &lt;/p&gt;\r\n\r\n&lt;p&gt;- Kích thước : 3m x 2m x 1.4m (Chiều rộng x Chiều cao x Chiều sâu)&lt;/p&gt;\r\n\r\n&lt;p&gt;- Trọng lượng : Khoảng 3.15kg &lt;/p&gt;\r\n\r\n&lt;p&gt;- Trọn bộ : 1 khung lưới gôm nhiều thanh Carbon ghép nối, phần lưới tập, 1 hồng tâm và 1 túi đựng trọn bộ lưới. &lt;/p&gt;\r\n\r\n&lt;h3&gt;&lt;strong&gt;2. Chất liệu &lt;/strong&gt;&lt;/h3&gt;\r\n\r\n&lt;p&gt;- Lưới làm từ chất liệu Polyester cao cấp.&lt;/p&gt;\r\n\r\n&lt;p&gt;- Vải Oxford được mã hóa + Nylon cao cấp, không phai màu và chống mài mòn.&lt;/p&gt;\r\n\r\n&lt;p&gt;- Khung được kết cấu từ các thanh Carbon Fiber.&lt;/p&gt;\r\n\r\n&lt;p&gt;&lt;em&gt;(Carbon Fiber là được chế tạo từ vật liệu hóa học có tên là Polyacrylonitrile (PAN). Carbon Fiber dùng rất nhiều sợi carbon dệt lại với nhau thành một tấm Carbon lớn hay một cuộn. Sợi Carbon là vật liệu có độ bền rất cao, khối lượng nhẹ, độ đàn hồi cao, độ cứng cao, chịu nhiệt cao, tính kháng hóa chất cao, được kiểm soát chặt chẽ trong quá trình nhệt phân, sự giãn nở nhiệt thấp và giá thành lại thấp nên rất được các nhà sản xuất ứng dụng vào xe, máy bay, điện thoại và laptop. Các dòng laptop sử dụng sợi Carbon làm chất liệu chính như : Lenovo ThinkPad, Dell XPS).&lt;/em&gt;&lt;/p&gt;\r\n\r\n&lt;h3&gt;&lt;strong&gt;3. Tính năng &lt;/strong&gt;&lt;/h3&gt;\r\n\r\n&lt;p&gt;- Với lưới tập đánh Golf này, bạn thậm chí có thể thực hành cú Swing của mình mà không cần rời khỏi nhà. &lt;/p&gt;\r\n\r\n&lt;p&gt;- Khoảng cách rộng của lưới giúp đảm bảo an toàn tối ưu xung quanh khu vực luyện tập của bạn. Tiêu điểm tại điểm trung tâm của vải giúp cho việc luyện tập Swing của bạn dễ dàng hơn. &lt;br /&gt;\r\n- Lưới được chiết xuất từ Polyester&lt;strong&gt; &lt;/strong&gt;dai,&lt;strong&gt; &lt;/strong&gt;bền và chắc chắn, tuổi thọ cao.&lt;/p&gt;\r\n\r\n&lt;p&gt;- Dễ dàng lắp đặt ở bất cứ đâu hỗ trợ tập luyện cho cả trong nhà lẫn ngoài trời.&lt;/p&gt;\r\n\r\n&lt;p&gt;- Thích hợp cho mọi lứa tuổi, trẻ và già, tốt cho sức khỏe, phù hợp với mọi nơi. Khu vực tập luyện có thể dễ dàng thay đổi tùy theo thời tiết, chỉ cần một tấm thảm và lưới tập là bạn đã có thể luyện tập ở bất kì đâu. &lt;/p&gt;\r\n\r\n&lt;p&gt;- Ưu điểm nổi bật là với khung lưới tập này bạn có thể sử dụng để tập với gậy gỗ, gậy sắt hay những cú chip bóng ngắn. Bạn chỉ cần kết hợp khung lưới LXW013 với một thảm Swing bất kỳ cùng với bóng tập và gậy, là đã có thể tạo ra cho riêng mình một bộ tập Swing mini hoàn chỉnh.&lt;/p&gt;\r\n\r\n&lt;p&gt;- Khảo sát rất nhiều Golfers đã cho kết quả cải thiện đáng kể kết quả Swing khi tập luyện thường xuyên, tăng thêm ít nhất 20-30 yards với mỗi cú đánh và tỉ lệ vào Fairway khu vực đẹp là tốt hơn hẳn.&lt;/p&gt;\r\n\r\n&lt;p&gt;&lt;em&gt;&lt;strong&gt;Lưu ý :&lt;/strong&gt; &lt;/em&gt;Thực hành với gậy gỗ nên sử dụng quả bóng mềm để kéo dài tuổi thọ của sản phẩm. &lt;/p&gt;\r\n\r\n&lt;h3&gt;&lt;strong&gt;4. Mức độ uy tín&lt;/strong&gt;&lt;/h3&gt;\r\n\r\n&lt;p&gt;- PGM là hãng sản xuất chuyên về dụng cụ Golf có sự phát triển vượt bậc trong 10 năm qua, mở rộng nhiều thị trường hoạt động rộng lớn phải kể đến Bắc Mỹ, Trung Á và Nam Mỹ trong đó có Việt Nam cùng hầu hết các nước Đông Nam Á.&lt;/p&gt;\r\n\r\n&lt;p&gt;- PGM là lựa chọn số 1 tại đất nước tỉ dân Trung Quốc, đi kèm với chất lượng đã qua kiểm duyệt và mẫu mã đa dạng đáp ứng nhu cầu an toàn cho người sử dụng.&lt;/p&gt;\r\n\r\n&lt;p&gt;- Teeoff Golf Shop là đại lý độc quyền phân phối chính hãng sản phẩm của PGM tại Việt Nam. Mang đến sự hài lòng cho khách hàng của Teeoff bằng những sản phẩm có mẫu mã chất lượng, chế độ bảo hành uy tín, hàng thật và nói không với hàng giả hàng nhái.&lt;/p&gt;\r\n\r\n&lt;p&gt;&lt;img alt=&quot;undefined&quot; src=&quot;http://ae01.alicdn.com/kf/HTB1Q4h0PbrpK1RjSZTEq6AWAVXai.jpg&quot; /&gt;&lt;/p&gt;', '', '', '', '', '', '', ''),
(154, 2, 'THIẾT BỊ HỖ TRỢ TẬP CHƠI GOLF - PGM GOLF TRAINER - JZQ015', '&lt;h3&gt;&lt;strong&gt;1. Mô tả sản phẩm&lt;/strong&gt;&lt;/h3&gt;\r\n\r\n&lt;p&gt;Thiết bị hỗ trợ tập Golf JZQ015 là một chiếc gương nhỏ tuyệt vời giúp định hướng đúng tư thế Swing/ Putt. Đây là 1 dụng cụ hỗ trợ tập luyện không thể thiếu với mỗi Golfer. &lt;/p&gt;\r\n\r\n&lt;p&gt;- Loại sản phẩm : Thiết bị hỗ trợ tập chơi Golf&lt;/p&gt;\r\n\r\n&lt;p&gt;- Màu sắc : Tráng gương&lt;/p&gt;\r\n\r\n&lt;p&gt;- Kích thước : 51cm x 30.8cm (Dài x rộng), Thanh tròn gắn thiết bị có chiều dài 14cm và đường kính là 4.2cm&lt;/p&gt;\r\n\r\n&lt;p&gt;- Trọng lượng : Khoảng 500.5 gam&lt;/p&gt;\r\n\r\n&lt;p&gt;- Độ dày : 5mm&lt;/p&gt;\r\n\r\n&lt;p&gt;- Đối tượng sử dụng : Phù hợp cho cả nam và nữ Golfer&lt;/p&gt;\r\n\r\n&lt;h3&gt;&lt;strong&gt;2. Chất liệu &lt;/strong&gt;&lt;/h3&gt;\r\n\r\n&lt;p&gt;- Thiết bị hỗ trợ tập chơi Golf được làm bằng chất liệu Kính Acrylic. &lt;/p&gt;\r\n\r\n&lt;p&gt;- Thanh tròn điều hướng tập làm bằng chất liệu cao su EVA, đàn hồi tốt, dễ dàng tháo lắp điều chỉnh. &lt;/p&gt;\r\n\r\n&lt;h3&gt;&lt;strong&gt;3. Tính năng&lt;/strong&gt;&lt;/h3&gt;\r\n\r\n&lt;p&gt;- Gương sử dụng chất liệu tấm kính Acrylic có bề mặt sáng bóng, dễ dàng làm sạch và chịu lực cực tốt. Tấm Acrylic giúp tôn lên vẻ đẹp của các thiết kế có phong cách hiện đại, sang trọng, hơn hết là sản phẩm còn rất thân thiện với môi trường.&lt;/p&gt;\r\n\r\n&lt;p&gt;- Thiết bị giúp định hướng, chỉnh đúng tư thế, hỗ trợ thực hành Swing / Putt, Swing điều chỉnh tự do, thích hợp để thực hành trong mọi trường hợp. Chống sốc và chịu nhiệt cao. &lt;/p&gt;\r\n\r\n&lt;p&gt;- Gắn 4 thanh tròn định hướng ở 4 góc đa dạng các loại bài tập, người chơi có thể thực hành đường cong bóng phải, bài tập đường cong trái và bài tập đường bóng thẳng. &lt;/p&gt;\r\n\r\n&lt;p&gt;- Thiết bị  này cho người chơi cái nhìn chân thực về sự liên kết giữa đầu và vai của bạn đối với quả bóng Golf, nó giúp cải thiện độ chính xác và tính nhất quán của bạn.&lt;/p&gt;\r\n\r\n&lt;p&gt;- Gương tập có kích thước nhỏ gọn dễ dàng cất giữ trong túi gậy của bạn và sử dụng nó để luyện tập hoặc khởi động trước một vòng Golf. Thực hành tập luyện mọi lúc mọi nơi: Văn phòng, trong nhà, sân tập Golf, ...&lt;/p&gt;\r\n\r\n&lt;h3&gt;&lt;strong&gt;4. Mức độ uy tín&lt;/strong&gt;&lt;/h3&gt;\r\n\r\n&lt;p&gt;- PGM là hãng sản xuất chuyên về dụng cụ Golf có sự phát triển vượt bậc trong 10 năm qua, mở rộng nhiều thị trường hoạt động rộng lớn phải kể đến Bắc Mỹ, Trung Á và Nam Mỹ trong đó có Việt Nam cùng hầu hết các nước Đông Nam Á.&lt;/p&gt;\r\n\r\n&lt;p&gt;- PGM là lựa chọn số 1 tại đất nước tỉ dân Trung Quốc, đi kèm với chất lượng đã qua kiểm duyệt và mẫu mã đa dạng đáp ứng nhu cầu an toàn cho người sử dụng.&lt;/p&gt;\r\n\r\n&lt;p&gt;- Teeoff Golf Shop là đại lý độc quyền phân phối chính hãng sản phẩm của PGM tại Việt Nam. Mang đến sự hài lòng cho khách hàng của Teeoff bằng những sản phẩm có mẫu mã chất lượng, chế độ bảo hành uy tín, hàng thật và nói không với hàng giả hàng nhái.&lt;/p&gt;', '', '', '', '', '', '', ''),
(155, 2, 'DỤNG CỤ HỖ TRỢ TẬP TAM GIÁC - PGM TRIANGLE FITTING FLOAT - JZQ001', '&lt;h3&gt;&lt;strong&gt;1. Mô tả sản phẩm &lt;/strong&gt;&lt;/h3&gt;\r\n\r\n&lt;p&gt;Dụng cụ hỗ trợ tập Golf tam giác là phụ kiện hỗ trợ bạn khi chơi Golf để có những cú đánh đúng kỹ thuật và chuẩn xác bóng vào lỗ. Với thiết kế tiện lợi và thông minh dụng cụ hỗ trợ tập Golf vô cùng dễ dàng khi sử dụng – nhờ đó giúp người chơi tránh những lỗi sai cơ bản ngay từ khi bắt đầu.&lt;/p&gt;\r\n\r\n&lt;p&gt;- Loại sản phẩm : Dụng cụ hỗ trợ tập&lt;/p&gt;\r\n\r\n&lt;p&gt;- Màu sắc : Xám &lt;/p&gt;\r\n\r\n&lt;p&gt;- Trọng lượng : Khoảng 500g&lt;/p&gt;\r\n\r\n&lt;p&gt;- Kích thước : 230mm x 280mm x 130mm&lt;/p&gt;\r\n\r\n&lt;p&gt;- Trọn bộ : 1 dụng cụ tập hình tam giác hút chân không gọn + 1 hộp giấy đựng kèm. &lt;/p&gt;\r\n\r\n&lt;h3&gt;&lt;strong&gt;2. Chất liệu &lt;/strong&gt;&lt;/h3&gt;\r\n\r\n&lt;p&gt;- Lớp ngoài của dụng cụ tập Swing được làm từ chất liệu nhựa PVC mỏng, mềm và không thoát khí.&lt;/p&gt;\r\n\r\n&lt;p&gt;- Trên lớp vỏ còn có gắn một van đóng mở làm bằng nhựa dẻo. &lt;/p&gt;\r\n\r\n&lt;h3&gt;&lt;strong&gt;3. Tính năng &lt;/strong&gt;&lt;/h3&gt;\r\n\r\n&lt;p&gt;- Dụng cụ tập thiết kế dạng hình tam giác, tạo khung định hình chuẩn cho khoảng cách và tạo tư thế chuẩn cho tay. &lt;/p&gt;\r\n\r\n&lt;p&gt;- Van đóng mở gắn trên lớp vỏ dụng cụ giúp giữ hơi khi sử dụng, đồng thời có thể mở van ra để xả hết hơi và gấp gọn lại khi không sử dụng.&lt;/p&gt;\r\n\r\n&lt;p&gt;- Chất liệu PVC cao cấp dẻo dai, mềm mại, được bơm hơi nên vô cùng êm ái khi sử dụng. Với khả năng ngăn không cho không khí thoát ra bên ngoài, đảm bảo ngươi chơi luyện tập ổn định. &lt;/p&gt;\r\n\r\n&lt;p&gt;- Dụng cụ đa năng có thể bơm hơi căng đầy khi sử dụng và tháo hơi gấp gọn lại khi không sử dụng, người tập có thể gói gọn để trong balo, túi xách tay nhỏ di chuyển theo bên mình đi bất cứ đâu.&lt;/p&gt;\r\n\r\n&lt;p&gt;- Thiết kế hình dáng như là một tam giác dạng bóng hơi khi được bơm đầy không khí vào bên trong, ở phần giữa các cạnh của tam giác bóng hơi tạo ra một đường lõm sâu, đây là điểm tì cần thiết giúp 2 cánh tay người tập kẹp chặt vào dụng cụ trong lúc tập luyện, mà không làm dụng cụ văng ra khỏi tay.&lt;/p&gt;\r\n\r\n&lt;p&gt;&lt;strong&gt;&lt;em&gt;- Cách sử dụng dụng cụ tập : &lt;/em&gt;&lt;/strong&gt;&lt;/p&gt;\r\n\r\n&lt;ul&gt;\r\n	&lt;li&gt;Đặt 2 khuỷa tay vào 2 cạnh của tam giác giúp cố định, hình thành thói quen tạo khoảng cách chuẩn cho 2 khuỷa tay giúp các Golfer có cú Swing đúng kỹ thuật. &lt;/li&gt;\r\n	&lt;li&gt;Thực hiện Swing chính xác có thể làm giảm việc tạo ra các quả bóng bị bẻ lệch sang trái hoặc sang phải, tạo cho tay quán tính đánh bóng thẳng.&lt;/li&gt;\r\n	&lt;li&gt;Hỗ trợ cho người mới chơi tập luyện đúng kĩ thuật : Điều chỉnh hiệu quả tư thế Swing, cải thiện điểm Swing trong thời gian ngắn. &lt;/li&gt;\r\n&lt;/ul&gt;\r\n\r\n&lt;h3&gt;&lt;strong&gt;4. Mức độ uy tín&lt;/strong&gt;&lt;/h3&gt;\r\n\r\n&lt;p&gt;- PGM là hãng sản xuất chuyên về dụng cụ Golf có sự phát triển vượt bậc trong 10 năm qua, mở rộng nhiều thị trường hoạt động rộng lớn phải kể đến Bắc Mỹ, Trung Á và Nam Mỹ trong đó có Việt Nam cùng hầu hết các nước Đông Nam Á.&lt;/p&gt;\r\n\r\n&lt;p&gt;- PGM là lựa chọn số 1 tại đất nước tỉ dân Trung Quốc, đi kèm với chất lượng đã qua kiểm duyệt và mẫu mã đa dạng đáp ứng nhu cầu an toàn cho người sử dụng.&lt;/p&gt;\r\n\r\n&lt;p&gt;- Teeoff Golf Shop là đại lý độc quyền phân phối chính hãng sản phẩm của PGM tại Việt Nam. Mang đến sự hài lòng cho khách hàng của Teeoff bằng những sản phẩm có mẫu mã chất lượng, chế độ bảo hành uy tín, hàng thật và nói không với hàng giả hàng nhái.&lt;/p&gt;', '', '', '', '', '', '', '');

-- oc_product_image PRIMARY KEY (`product_image_id`)
INSERT IGNORE INTO `oc_product_image` (`product_image_id`, `product_id`, `image`, `image_alt`, `sort_order`) VALUES
(126, 99, '/catalog/view/theme/default/image/fashion_shoeszone/products/99/image1.jpg', '', 0),
(127, 103, '/catalog/view/theme/default/image/fashion_shoeszone/products/103/image1.jpg', '', 1),
(119, 98, '/catalog/view/theme/default/image/fashion_shoeszone/products/98/image2.jpg', '', 1),
(118, 97, '/catalog/view/theme/default/image/fashion_shoeszone/products/97/thumb.jpg', '', 0),
(117, 88, '/catalog/view/theme/default/image/fashion_shoeszone/products/88/image1.jpg', '', 0),
(131, 87, '/catalog/view/theme/default/image/fashion_shoeszone/products/87/image1.jpg', '', 0),
(132, 86, '/catalog/view/theme/default/image/fashion_shoeszone/products/86/thumb.jpg', '', 1),
(133, 85, '/catalog/view/theme/default/image/fashion_shoeszone/products/85/image1.jpg', '', 0),
(138, 84, '/catalog/view/theme/default/image/fashion_shoeszone/products/84/thumb.jpg', '', 0),
(139, 83, '/catalog/view/theme/default/image/fashion_shoeszone/products/83/image1.jpg', '', 1);

-- oc_product_to_category PRIMARY KEY (`product_id`,`category_id`)
INSERT IGNORE INTO `oc_product_to_category` (`product_id`, `category_id`) VALUES
(132, 34),
(133, 34),
(134, 35),
(135, 36),
(136, 42),
(137, 43),
(138, 46),
(139, 41),
(140, 54),
(141, 49),
(142, 48),
(143, 53),
(144, 56),
(145, 58),
(146, 57),
(147, 56),
(148, 61),
(149, 69),
(150, 69),
(151, 60),
(152, 71),
(153, 72),
(154, 73),
(155, 73);

-- oc_product_to_store PRIMARY KEY (`product_id`,`store_id`)
INSERT IGNORE INTO `oc_product_to_store` (`product_id`, `store_id`, `product_version_id`, `quantity`, `cost_price`) VALUES
(132, 0, 0, 0, '0.0000'),
(133, 0, 0, 0, '0.0000'),
(134, 0, 0, 0, '0.0000'),
(135, 0, 0, 0, '0.0000'),
(136, 0, 0, 0, '0.0000'),
(137, 0, 0, 0, '0.0000'),
(138, 0, 0, 0, '0.0000'),
(139, 0, 0, 0, '0.0000'),
(140, 0, 0, 0, '0.0000'),
(141, 0, 0, 0, '0.0000'),
(142, 0, 0, 0, '0.0000'),
(143, 0, 0, 0, '0.0000'),
(144, 0, 0, 0, '0.0000'),
(145, 0, 0, 0, '0.0000'),
(146, 0, 0, 0, '0.0000'),
(147, 0, 0, 0, '0.0000'),
(148, 0, 0, 0, '0.0000'),
(149, 0, 0, 0, '0.0000'),
(150, 0, 0, 0, '0.0000'),
(151, 0, 0, 0, '0.0000'),
(152, 0, 0, 0, '0.0000'),
(153, 0, 0, 0, '0.0000'),
(154, 0, 0, 0, '0.0000'),
(155, 0, 0, 0, '0.0000');