-- oc_product PRIMARY KEY (`product_id`)
-- delete first
INSERT IGNORE INTO `oc_product` (`product_id`, `model`, `sku`, `common_barcode`, `common_sku`, `common_compare_price`, `common_price`, `common_cost_price`, `barcode`, `upc`, `ean`, `jan`, `isbn`, `mpn`, `location`, `quantity`, `sale_on_out_of_stock`, `stock_status_id`, `image`, `image_alt`, `multi_versions`, `manufacturer_id`, `shipping`, `price`, `price_currency_id`, `compare_price`, `c_price_currency_id`, `points`, `tax_class_id`, `date_available`, `weight`, `weight_class_id`, `length`, `width`, `height`, `length_class_id`, `subtract`, `minimum`, `sort_order`, `status`, `channel`, `viewed`, `demo`, `deleted`, `default_store_id`, `date_added`, `date_modified`) VALUES
(147, '', '', '', '', '0.0000', '0.0000', '0.0000', '', '', '', '', '', '', '', 0, 1, 0, 'https://cdn.bestme.asia/images/furniturer-furniter-demo/group-916.png', '', 0, 1, 1, '1250000.0000', 1, '1500000.0000', 1, 0, 0, '0000-00-00', '1000.00000000', 1, '0.00000000', '0.00000000', '0.00000000', 0, 1, 1, 0, 1, 0, 0, 0, NULL, 1, '2021-03-23 16:08:42', '2021-03-23 16:08:42'),
(146, '', '', '', '', '0.0000', '0.0000', '0.0000', '', '', '', '', '', '', '', 0, 1, 0, 'https://cdn.bestme.asia/images/furniturer-furniter-demo/group-615-1_VteQFet.png', '', 0, 1, 1, '0.0000', 1, '1500000.0000', 1, 0, 0, '0000-00-00', '5000.00000000', 1, '0.00000000', '0.00000000', '0.00000000', 0, 1, 1, 0, 1, 0, 0, 0, NULL, 1, '2021-03-23 16:06:40', '2021-03-23 16:06:40'),
(145, '', '', '', '', '0.0000', '0.0000', '0.0000', '', '', '', '', '', '', '', 0, 1, 0, 'https://cdn.bestme.asia/images/furniturer-furniter-demo/group-615-3.png', '', 0, 1, 1, '1250000.0000', 1, '1500000.0000', 1, 0, 0, '0000-00-00', '500.00000000', 1, '0.00000000', '0.00000000', '0.00000000', 0, 1, 1, 0, 1, 0, 0, 0, NULL, 1, '2021-03-23 16:00:25', '2021-03-23 16:00:25'),
(144, '', '', '', '', '0.0000', '0.0000', '0.0000', '', '', '', '', '', '', '', 0, 1, 0, 'https://cdn.bestme.asia/images/furniturer-furniter-demo/group-615-2.png', '', 0, 3, 1, '1000000.0000', 1, '1500000.0000', 1, 0, 0, '0000-00-00', '500.00000000', 1, '0.00000000', '0.00000000', '0.00000000', 0, 1, 1, 0, 1, 0, 0, 0, NULL, 1, '2021-03-23 15:59:24', '2021-03-23 15:59:24'),
(143, '', '', '', '', '0.0000', '0.0000', '0.0000', '', '', '', '', '', '', '', 0, 1, 0, 'https://cdn.bestme.asia/images/furniturer-furniter-demo/image-16.png', '', 0, 4, 1, '989000.0000', 1, '1070000.0000', 1, 0, 0, '0000-00-00', '1000.00000000', 1, '0.00000000', '0.00000000', '0.00000000', 0, 1, 1, 0, 1, 0, 0, 0, NULL, 1, '2021-03-23 15:44:20', '2021-03-23 15:44:20'),
(141, '', '', '', '', '0.0000', '0.0000', '0.0000', '', '', '', '', '', '', '', 0, 1, 0, 'https://cdn.bestme.asia/images/furniturer-furniter-demo/group-10542_13fW2ZT.png', '', 0, 4, 1, '0.0000', 1, '6990000.0000', 1, 0, 0, '0000-00-00', '21000.00000000', 1, '0.00000000', '0.00000000', '0.00000000', 0, 1, 1, 0, 1, 0, 0, 0, NULL, 1, '2021-03-23 11:53:40', '2021-03-23 15:51:42'),
(142, '', '', '', '', '0.0000', '0.0000', '0.0000', '', '', '', '', '', '', '', 0, 1, 0, 'https://cdn.bestme.asia/images/furniturer-furniter-demo/group-615_Z17hnc2.png', '', 0, 2, 1, '0.0000', 1, '149000.0000', 1, 0, 0, '0000-00-00', '230.00000000', 1, '0.00000000', '0.00000000', '0.00000000', 0, 1, 1, 0, 1, 0, 0, 0, NULL, 1, '2021-03-23 11:54:15', '2021-03-23 15:33:04'),
(140, '', '', '', '', '0.0000', '0.0000', '0.0000', '', '', '', '', '', '', '', 0, 1, 0, 'https://cdn.bestme.asia/images/furniturer-furniter-demo/image-94-3.png', '', 0, 4, 1, '990000.0000', 1, '1050000.0000', 1, 0, 0, '0000-00-00', '29000.00000000', 1, '0.00000000', '0.00000000', '0.00000000', 0, 1, 1, 0, 1, 0, 0, 0, NULL, 1, '2021-03-23 11:50:45', '2021-03-23 14:45:04'),
(139, '', '', '', '', '0.0000', '0.0000', '0.0000', '', '', '', '', '', '', '', 0, 1, 0, 'https://cdn.bestme.asia/images/furniturer-furniter-demo/fc6a7f5437c3f34427672e5c0de7b408.jfif', '', 0, 1, 1, '0.0000', 1, '249000.0000', 1, 0, 0, '0000-00-00', '1200.00000000', 1, '0.00000000', '0.00000000', '0.00000000', 0, 1, 1, 0, 1, 0, 0, 0, NULL, 1, '2021-03-23 11:50:05', '2021-03-23 15:18:32'),
(137, '', '', '', '', '0.0000', '0.0000', '0.0000', '', '', '', '', '', '', '', 0, 1, 0, 'https://cdn.bestme.asia/images/furniturer-furniter-demo/ke_sach_4_tang_hb463n_1_l0l2_2b_b776709f504e4cc1b0b4afd2b91c1dff_master.jpg', '', 0, 1, 1, '0.0000', 1, '600000.0000', 1, 0, 0, '0000-00-00', '12000.00000000', 1, '0.00000000', '0.00000000', '0.00000000', 0, 1, 1, 0, 1, 0, 0, 0, NULL, 1, '2021-03-23 11:48:41', '2021-03-23 14:20:51'),
(138, '', '', '', '', '0.0000', '0.0000', '0.0000', '', '', '', '', '', '', '', 0, 1, 0, 'https://cdn.bestme.asia/images/furniturer-furniter-demo/group-10542.png', '', 0, 1, 1, '0.0000', 1, '7600000.0000', 1, 0, 0, '0000-00-00', '26000.00000000', 1, '0.00000000', '0.00000000', '0.00000000', 0, 1, 1, 0, 1, 0, 0, 0, NULL, 1, '2021-03-23 11:49:23', '2021-03-23 14:39:36'),
(136, '', '', '', '', '0.0000', '0.0000', '0.0000', '', '', '', '', '', '', '', 0, 1, 0, 'https://cdn.bestme.asia/images/furniturer-furniter-demo/group-10542_0UCUE2l.png', '', 0, 1, 1, '0.0000', 1, '700000.0000', 1, 0, 0, '0000-00-00', '7000.00000000', 1, '0.00000000', '0.00000000', '0.00000000', 0, 1, 1, 0, 1, 0, 0, 0, NULL, 1, '2021-03-23 11:42:28', '2021-03-23 15:58:23'),
(135, '', '', '', '', '0.0000', '0.0000', '0.0000', '', '', '', '', '', '', '', 0, 1, 0, 'https://cdn.bestme.asia/images/furniturer-furniter-demo/group-615-1.png', '', 0, 1, 1, '0.0000', 1, '5500000.0000', 1, 0, 0, '0000-00-00', '29000.00000000', 1, '0.00000000', '0.00000000', '0.00000000', 0, 1, 1, 0, 1, 0, 0, 0, NULL, 1, '2021-03-23 11:33:45', '2021-03-23 15:31:31'),
(133, '', '', '', '', '0.0000', '0.0000', '0.0000', '', '', '', '', '', '', '', 0, 1, 0, 'https://cdn.bestme.asia/images/furniturer-furniter-demo/image-94-2.png', '', 0, 1, 1, '0.0000', 1, '149000.0000', 1, 0, 0, '0000-00-00', '1000.00000000', 1, '0.00000000', '0.00000000', '0.00000000', 0, 1, 1, 0, 1, 0, 0, 0, NULL, 1, '2021-03-23 11:32:17', '2021-03-23 14:45:49'),
(134, '', '', '', '', '0.0000', '0.0000', '0.0000', '', '', '', '', '', '', '', 0, 1, 0, 'https://cdn.bestme.asia/images/furniturer-furniter-demo/group-10542_jcBj0Z5.png', '', 0, 3, 1, '0.0000', 1, '949000.0000', 1, 0, 0, '0000-00-00', '9000.00000000', 1, '0.00000000', '0.00000000', '0.00000000', 0, 1, 1, 0, 1, 0, 0, 0, NULL, 1, '2021-03-23 11:33:02', '2021-03-23 15:46:30');

-- restore soft-deleted products if demo
UPDATE `oc_product` SET `deleted` = NULL
WHERE `demo` = 1
  AND `product_id` IN (
      147,
      146,
      145,
      144,
      143,
      141,
      142,
      140,
      139,
      137,
      138,
      136,
      135,
      133,
      134
  );

-- oc_product_collection PRIMARY KEY (`product_collection_id`)
INSERT IGNORE INTO `oc_product_collection` (`product_collection_id`, `product_id`, `collection_id`, `sort_order`) VALUES
(172, 133, 10, 0),
(171, 133, 9, 0),
(188, 134, 10, 0),
(187, 134, 9, 0),
(186, 134, 11, 0),
(181, 135, 10, 0),
(180, 135, 9, 0),
(179, 135, 11, 0),
(194, 136, 10, 0),
(193, 136, 9, 0),
(170, 133, 11, 0),
(192, 136, 11, 0),
(169, 140, 9, 0),
(182, 142, 10, 0),
(183, 143, 11, 0),
(184, 143, 9, 0),
(185, 143, 10, 0),
(189, 141, 9, 0),
(190, 141, 11, 0),
(191, 141, 10, 0),
(195, 144, 11, 0),
(196, 144, 9, 0),
(197, 144, 10, 0),
(198, 145, 9, 0),
(199, 145, 11, 0),
(200, 145, 10, 0),
(201, 146, 11, 0),
(202, 146, 9, 0),
(203, 146, 10, 0),
(204, 147, 10, 0),
(205, 147, 9, 0),
(206, 147, 11, 0),
(207, 147, 12, 0),
(208, 140, 12, 0),
(209, 135, 12, 0),
(210, 134, 12, 0),
(211, 133, 12, 0),
(212, 145, 12, 0),
(213, 142, 13, 0),
(214, 140, 14, 0),
(215, 135, 14, 0),
(216, 134, 14, 0),
(217, 133, 14, 0),
(218, 136, 15, 0),
(219, 144, 15, 0),
(220, 143, 15, 0),
(221, 146, 15, 0),
(222, 147, 15, 0),
(223, 140, 15, 0),
(224, 135, 15, 0);

-- oc_product_description PRIMARY KEY (`product_id`,`language_id`)
INSERT IGNORE INTO `oc_product_description` (`product_id`, `language_id`, `name`, `description`, `sub_description`, `seo_title`, `seo_description`, `tag`, `meta_title`, `meta_description`, `meta_keyword`) VALUES
(133, 2, 'Ghế Sofa đôn nhỏ', '&lt;p&gt;Ghế Sofa đôn nhỏ&lt;/p&gt;\r\n\r\n&lt;p&gt;Ghế Sofa đôn nhỏ&lt;/p&gt;\r\n\r\n&lt;p&gt;Ghế Sofa đôn nhỏ&lt;/p&gt;\r\n\r\n&lt;p&gt;Ghế Sofa đôn nhỏ&lt;/p&gt;\r\n\r\n&lt;p&gt;Ghế Sofa đôn nhỏ&lt;/p&gt;\r\n\r\n&lt;p&gt;Ghế Sofa đôn nhỏ&lt;/p&gt;\r\n\r\n&lt;p&gt;Ghế Sofa đôn nhỏ&lt;/p&gt;\r\n\r\n&lt;p&gt;Ghế Sofa đôn nhỏ&lt;/p&gt;', '', '', '', '', '', '', ''),
(134, 2, 'Ghế Sofa đôi', '&lt;p&gt;Ghế Sofa đôi&lt;/p&gt;\r\n\r\n&lt;p&gt;Ghế Sofa đôi&lt;/p&gt;\r\n\r\n&lt;p&gt;Ghế Sofa đôi&lt;/p&gt;\r\n\r\n&lt;p&gt;Ghế Sofa đôi&lt;/p&gt;\r\n\r\n&lt;p&gt;Ghế Sofa đôi&lt;/p&gt;\r\n\r\n&lt;p&gt;Ghế Sofa đôi&lt;/p&gt;\r\n\r\n&lt;p&gt;Ghế Sofa đôi&lt;/p&gt;\r\n\r\n&lt;p&gt;Ghế Sofa đôi&lt;/p&gt;', '', '', '', '', '', '', ''),
(135, 2, 'Ghế Sofa dài xanh', '&lt;p&gt;Ghế Sofa dài xanh&lt;/p&gt;\r\n\r\n&lt;p&gt;Ghế Sofa dài xanh&lt;/p&gt;\r\n\r\n&lt;p&gt;Ghế Sofa dài xanh&lt;/p&gt;\r\n\r\n&lt;p&gt;Ghế Sofa dài xanh&lt;/p&gt;\r\n\r\n&lt;p&gt;Ghế Sofa dài xanh&lt;/p&gt;\r\n\r\n&lt;p&gt;Ghế Sofa dài xanh&lt;/p&gt;\r\n\r\n&lt;p&gt;Ghế Sofa dài xanh&lt;/p&gt;\r\n\r\n&lt;p&gt;Ghế Sofa dài xanh&lt;/p&gt;\r\n\r\n&lt;p&gt;Ghế Sofa dài xanh&lt;/p&gt;', '', '', '', '', '', '', ''),
(136, 2, 'Bàn sắt nhỏ 3 chân', '&lt;p&gt;Bàn sắt nhỏ 3 chân&lt;/p&gt;\r\n\r\n&lt;p&gt;Bàn sắt nhỏ 3 chân&lt;/p&gt;\r\n\r\n&lt;p&gt;Bàn sắt nhỏ 3 chân&lt;/p&gt;\r\n\r\n&lt;p&gt;Bàn sắt nhỏ 3 chân&lt;/p&gt;\r\n\r\n&lt;p&gt;Bàn sắt nhỏ 3 chân&lt;/p&gt;\r\n\r\n&lt;p&gt;Bàn sắt nhỏ 3 chân&lt;/p&gt;\r\n\r\n&lt;p&gt;Bàn sắt nhỏ 3 chân&lt;/p&gt;', '', '', '', '', '', '', ''),
(137, 2, 'Kệ sách', '&lt;p&gt;Kệ sách&lt;/p&gt;\r\n\r\n&lt;p&gt;Kệ sách&lt;/p&gt;\r\n\r\n&lt;p&gt;Kệ sách&lt;/p&gt;\r\n\r\n&lt;p&gt;Kệ sách&lt;/p&gt;\r\n\r\n&lt;p&gt;Kệ sách&lt;/p&gt;\r\n\r\n&lt;p&gt;Kệ sách&lt;/p&gt;\r\n\r\n&lt;p&gt;Kệ sách&lt;/p&gt;\r\n\r\n&lt;p&gt;Kệ sách&lt;/p&gt;', '', '', '', '', '', '', ''),
(138, 2, 'Tủ quần áo', '&lt;p&gt;Tủ quần áo&lt;/p&gt;\r\n\r\n&lt;p&gt;Tủ quần áo&lt;/p&gt;\r\n\r\n&lt;p&gt;Tủ quần áo&lt;/p&gt;\r\n\r\n&lt;p&gt;Tủ quần áo&lt;/p&gt;\r\n\r\n&lt;p&gt;Tủ quần áo&lt;/p&gt;\r\n\r\n&lt;p&gt;Tủ quần áo&lt;/p&gt;\r\n\r\n&lt;p&gt;Tủ quần áo&lt;/p&gt;\r\n\r\n&lt;p&gt;Tủ quần áo&lt;/p&gt;', '', '', '', '', '', '', ''),
(139, 2, 'Đồ trang trí bàn trà', '&lt;p&gt;Đồ trang trí bàn trà&lt;/p&gt;\r\n\r\n&lt;p&gt;Đồ trang trí bàn trà&lt;/p&gt;\r\n\r\n&lt;p&gt;Đồ trang trí bàn trà&lt;/p&gt;\r\n\r\n&lt;p&gt;Đồ trang trí bàn trà&lt;/p&gt;\r\n\r\n&lt;p&gt;Đồ trang trí bàn trà&lt;/p&gt;', '', '', '', '', '', '', ''),
(140, 2, 'Ghế sofa 1 đen', '&lt;p&gt;Ghế sofa 1 đen&lt;/p&gt;\r\n\r\n&lt;p&gt;Ghế sofa 1 đen&lt;/p&gt;\r\n\r\n&lt;p&gt;Ghế sofa 1 đen&lt;/p&gt;\r\n\r\n&lt;p&gt;Ghế sofa 1 đen&lt;/p&gt;\r\n\r\n&lt;p&gt;Ghế sofa 1 đen&lt;/p&gt;\r\n\r\n&lt;p&gt;Ghế sofa 1 đen&lt;/p&gt;\r\n\r\n&lt;p&gt;Ghế sofa 1 đen&lt;/p&gt;\r\n\r\n&lt;p&gt;Ghế sofa 1 đen&lt;/p&gt;\r\n\r\n&lt;p&gt; &lt;/p&gt;', '', '', '', '', '', '', ''),
(143, 2, 'Bàn trà đơn giản', '&lt;p&gt;&lt;strong&gt;Bàn trà đơn giản &lt;/strong&gt;với mặt bàn hoàn toàn bằng&lt;b&gt; gỗ Plywood &lt;/b&gt;cốt gỗ tự nhiên, bề mặt phủ melamin cực đẹp. Mặt bàn kích thước 1.2m x 60cm rộng rãi giúp bạn thoải mái bố trí đồ đạc trên mặt bàn. Hệ chân sắt Hairpin đơn giản đẹp mắt kết hợp tạo nên thiết kế sản phẩm trang nhã, phù hợp với nhiều không gian.&lt;/p&gt;\r\n\r\n&lt;p&gt;&lt;strong&gt;THÔNG TIN CHI TIẾT SẢN PHẨM : &lt;/strong&gt;&lt;/p&gt;\r\n\r\n&lt;ul&gt;\r\n	&lt;li&gt;&lt;strong&gt;Hướng dẫn sử dụng :&lt;/strong&gt; Bàn trà, bàn học, ...&lt;/li&gt;\r\n	&lt;li&gt;&lt;strong&gt;Kích thước:&lt;/strong&gt; 120x60x75 (cm)&lt;/li&gt;\r\n	&lt;li&gt;&lt;strong&gt;Chất liệu:&lt;/strong&gt; Mặt bàn gỗ Plywood . Chân bàn được làm từ gỗ thông&lt;/li&gt;\r\n	&lt;li&gt;&lt;strong&gt;Màu sắc:&lt;/strong&gt; mặt bàn vân sáng hoặc vân tối, chân bàn sơn đen&lt;/li&gt;\r\n	&lt;li&gt;&lt;strong&gt;Bảo hành :&lt;/strong&gt; 12 tháng&lt;/li&gt;\r\n&lt;/ul&gt;', '', '', '', '', '', '', ''),
(141, 2, 'Kệ sách gỗ 6 tầng', '&lt;p&gt;Kệ sách gỗ 6 tầng&lt;/p&gt;\r\n\r\n&lt;p&gt;Kệ sách gỗ 6 tầng&lt;/p&gt;\r\n\r\n&lt;p&gt;Kệ sách gỗ 6 tầng&lt;/p&gt;\r\n\r\n&lt;p&gt;Kệ sách gỗ 6 tầng&lt;/p&gt;\r\n\r\n&lt;p&gt;Kệ sách gỗ 6 tầng&lt;/p&gt;\r\n\r\n&lt;p&gt;Kệ sách gỗ 6 tầng&lt;/p&gt;\r\n\r\n&lt;p&gt;Kệ sách gỗ 6 tầng&lt;/p&gt;', '', '', '', '', '', '', ''),
(142, 2, 'Đèn trang trí phòng khách', '&lt;p&gt;Đồ trang trí phòng khách&lt;/p&gt;\r\n\r\n&lt;p&gt;Đồ trang trí phòng khách&lt;/p&gt;\r\n\r\n&lt;p&gt;Đồ trang trí phòng khách&lt;/p&gt;\r\n\r\n&lt;p&gt;Đồ trang trí phòng khách&lt;/p&gt;\r\n\r\n&lt;p&gt;Đồ trang trí phòng khách&lt;/p&gt;\r\n\r\n&lt;p&gt;Đồ trang trí phòng khách&lt;/p&gt;\r\n\r\n&lt;p&gt;Đồ trang trí phòng khách&lt;/p&gt;\r\n\r\n&lt;p&gt;Đồ trang trí phòng khách&lt;/p&gt;', '', '', '', '', '', '', ''),
(144, 2, 'Bàn trà xanh', '&lt;p&gt;Bàn trà xanh&lt;/p&gt;\r\n\r\n&lt;p&gt;Bàn trà xanh&lt;/p&gt;\r\n\r\n&lt;p&gt;Bàn trà xanh&lt;/p&gt;\r\n\r\n&lt;p&gt;Bàn trà xanh&lt;/p&gt;\r\n\r\n&lt;p&gt;Bàn trà xanh&lt;/p&gt;\r\n\r\n&lt;p&gt;Bàn trà xanh&lt;/p&gt;', '', '', '', '', '', '', ''),
(145, 2, 'Ghế tựa lót da', '&lt;p&gt;Ghế tựa lót da &lt;/p&gt;\r\n\r\n&lt;p&gt;Ghế tựa lót da &lt;/p&gt;\r\n\r\n&lt;p&gt;Ghế tựa lót da &lt;/p&gt;\r\n\r\n&lt;p&gt;Ghế tựa lót da &lt;/p&gt;\r\n\r\n&lt;p&gt;Ghế tựa lót da &lt;/p&gt;\r\n\r\n&lt;p&gt;Ghế tựa lót da &lt;/p&gt;\r\n\r\n&lt;p&gt; &lt;/p&gt;', '', '', '', '', '', '', ''),
(146, 2, 'Bộ bàn ăn gỗ sồi', '&lt;p&gt;Bộ bàn ăn gỗ sồi&lt;/p&gt;\r\n\r\n&lt;p&gt;Bộ bàn ăn gỗ sồi&lt;/p&gt;\r\n\r\n&lt;p&gt;Bộ bàn ăn gỗ sồi&lt;/p&gt;\r\n\r\n&lt;p&gt;Bộ bàn ăn gỗ sồi&lt;/p&gt;\r\n\r\n&lt;p&gt;Bộ bàn ăn gỗ sồi&lt;/p&gt;\r\n\r\n&lt;p&gt;Bộ bàn ăn gỗ sồi&lt;/p&gt;', '', '', '', '', '', '', ''),
(147, 2, 'Ghế nan hoa', '&lt;p&gt;Ghế nan hoa&lt;/p&gt;\r\n\r\n&lt;p&gt;Ghế nan hoa&lt;/p&gt;\r\n\r\n&lt;p&gt;Ghế nan hoa&lt;/p&gt;\r\n\r\n&lt;p&gt;Ghế nan hoa&lt;/p&gt;\r\n\r\n&lt;p&gt;Ghế nan hoa&lt;/p&gt;', '', '', '', '', '', '', '');

-- oc_product_image PRIMARY KEY (`product_image_id`)
INSERT IGNORE INTO `oc_product_image` (`product_image_id`, `product_id`, `image`, `image_alt`, `sort_order`) VALUES
(143, 143, 'https://cdn.bestme.asia/images/furniturer-furniter-demo/rectangle-259-3.png', '', 0),
(144, 143, 'https://cdn.bestme.asia/images/furniturer-furniter-demo/rectangle-259-2.png', '', 1),
(145, 143, 'https://cdn.bestme.asia/images/furniturer-furniter-demo/rectangle-259-1.png', '', 2),
(146, 143, 'https://cdn.bestme.asia/images/furniturer-furniter-demo/rectangle-259.png', '', 3);

-- oc_product_to_category PRIMARY KEY (`product_id`,`category_id`)
INSERT IGNORE INTO `oc_product_to_category` (`product_id`, `category_id`) VALUES
(133, 33),
(133, 34),
(134, 33),
(134, 34),
(135, 33),
(135, 34),
(136, 32),
(137, 36),
(138, 37),
(139, 35),
(140, 33),
(141, 36),
(142, 35),
(143, 32),
(144, 32),
(144, 35),
(145, 33),
(145, 34),
(146, 32),
(146, 33),
(147, 33),
(147, 35);

-- oc_product_to_store PRIMARY KEY (`product_id`,`store_id`)
INSERT IGNORE INTO `oc_product_to_store` (`product_id`, `store_id`, `product_version_id`, `quantity`, `cost_price`) VALUES
(140, 0, 0, 80, '0.0000'),
(146, 0, 0, 0, '0.0000'),
(136, 0, 0, 100, '0.0000'),
(139, 0, 0, 50, '0.0000'),
(145, 0, 0, 50, '0.0000'),
(135, 0, 0, 100, '0.0000'),
(138, 0, 0, 100, '0.0000'),
(144, 0, 0, 30, '0.0000'),
(134, 0, 0, 100, '0.0000'),
(143, 0, 0, 150, '0.0000'),
(133, 0, 0, 100, '0.0000'),
(137, 0, 0, 100, '0.0000'),
(141, 0, 0, 60, '0.0000'),
(142, 0, 0, 30, '0.0000'),
(147, 0, 0, 500, '0.0000');