-- oc_product PRIMARY KEY (`product_id`)
-- delete first
INSERT IGNORE INTO `oc_product` (`product_id`, `model`, `sku`, `common_barcode`, `common_sku`, `common_compare_price`, `common_price`, `common_cost_price`, `barcode`, `upc`, `ean`, `jan`, `isbn`, `mpn`, `location`, `quantity`, `sale_on_out_of_stock`, `stock_status_id`, `image`, `image_alt`, `multi_versions`, `manufacturer_id`, `shipping`, `price`, `price_currency_id`, `compare_price`, `c_price_currency_id`, `points`, `tax_class_id`, `date_available`, `weight`, `weight_class_id`, `length`, `width`, `height`, `length_class_id`, `subtract`, `minimum`, `sort_order`, `status`, `channel`, `viewed`, `demo`, `deleted`, `default_store_id`, `user_create_id`, `date_added`, `date_modified`) VALUES
(132, '', 'BZ3535', '', '', '0.0000', '0.0000', '0.0000', '', '', '', '', '', '', '', 0, 0, 0, 'https://cdn.bestme.asia/images/x2/1452dd16d18d76eea6d2211bf009e208.jpg', '', 1, 26, 1, '0.0000', 1, '0.0000', 1, 0, 0, '0000-00-00', '750.00000000', 1, '0.00000000', '0.00000000', '0.00000000', 0, 1, 1, 0, 1, 2, 0, 1, NULL, 0, 1, '2020-08-13 10:46:15', '2020-08-19 23:56:18'),
(133, '', 'GL1810', '', '', '0.0000', '0.0000', '0.0000', '', '', '', '', '', '', '', 0, 0, 0, 'https://cdn.bestme.asia/images/x2/2011439l.jpg', '', 1, 27, 1, '0.0000', 1, '0.0000', 1, 0, 0, '0000-00-00', '600.00000000', 1, '0.00000000', '0.00000000', '0.00000000', 0, 1, 1, 0, 1, 2, 0, 1, NULL, 0, 1, '2020-08-13 10:46:15', '2020-08-19 23:48:09'),
(134, '', '81915565', '', '', '0.0000', '0.0000', '0.0000', '', '', '', '', '', '', '', 0, 0, 0, 'https://cdn.bestme.asia/images/x2/1803f9f2ef31fec50a70f03a03018fc6.jpg', '', 1, 28, 1, '0.0000', 1, '0.0000', 1, 0, 0, '0000-00-00', '650.00000000', 1, '0.00000000', '0.00000000', '0.00000000', 0, 1, 1, 0, 1, 2, 0, 1, NULL, 0, 1, '2020-08-13 10:46:15', '2020-08-19 23:51:57'),
(135, '', 'AT015', '', '', '0.0000', '0.0000', '0.0000', '', '', '', '', '', '', '', 0, 0, 0, 'https://cdn.bestme.asia/images/x2/mhvdnqsimgde2fe0500x500maxb.jpg', '', 1, 28, 1, '0.0000', 1, '0.0000', 1, 0, 0, '0000-00-00', '600.00000000', 1, '0.00000000', '0.00000000', '0.00000000', 0, 1, 1, 0, 1, 2, 0, 1, NULL, 0, 1, '2020-08-13 11:18:47', '2020-08-19 23:44:57'),
(136, '', 'Ep 190719', '', '', '0.0000', '0.0000', '0.0000', '3736149121388', '', '', '', '', '', '', 0, 0, 0, 'https://cdn.bestme.asia/images/x2/f97276-01.png', '', 1, 29, 1, '0.0000', 1, '0.0000', 1, 0, 0, '0000-00-00', '750.00000000', 1, '0.00000000', '0.00000000', '0.00000000', 0, 1, 1, 0, 1, 2, 0, 1, NULL, 0, 1, '2020-08-13 11:18:47', '2020-08-19 23:45:38'),
(137, '', 'Ep Men', '', '', '0.0000', '0.0000', '0.0000', '', '', '', '', '', '', '', 0, 0, 0, 'https://cdn.bestme.asia/images/x2/5e5f6d2803d03-bong-ro-adidas-marquee-boost-bb7822-01.jpg', '', 1, 29, 1, '0.0000', 1, '0.0000', 1, 0, 0, '0000-00-00', '650.00000000', 1, '0.00000000', '0.00000000', '0.00000000', 0, 1, 1, 0, 1, 2, 0, 1, NULL, 0, 1, '2020-08-13 11:18:47', '2020-08-19 23:44:38'),
(138, '', 'TF01', '', '', '0.0000', '0.0000', '0.0000', '', '', '', '', '', '', '', 0, 0, 0, 'https://cdn.bestme.asia/images/x2/28c306688b9116977c34d27fe189b948.jpg', '', 1, 30, 1, '0.0000', 1, '0.0000', 1, 0, 0, '0000-00-00', '600.00000000', 1, '0.00000000', '0.00000000', '0.00000000', 0, 1, 1, 0, 1, 2, 0, 1, NULL, 0, 1, '2020-08-13 11:47:18', '2020-08-17 21:08:45'),
(139, '', 'TF02', '', '', '0.0000', '0.0000', '0.0000', '', '', '', '', '', '', '', 0, 0, 0, 'https://cdn.bestme.asia/images/x2/81294b172a8cdde1ab1618b8e9d1a5d8.jpg', '', 1, 30, 1, '0.0000', 1, '0.0000', 1, 0, 0, '0000-00-00', '750.00000000', 1, '0.00000000', '0.00000000', '0.00000000', 0, 1, 1, 0, 1, 2, 0, 1, NULL, 0, 1, '2020-08-13 11:47:18', '2020-08-17 21:09:24'),
(140, '', 'NI01', '', '', '0.0000', '0.0000', '0.0000', '', '', '', '', '', '', '', 0, 0, 0, 'https://cdn.bestme.asia/images/x2/cd8d52872db9ae879d310a016792cd8c.jpg', '', 1, 30, 1, '0.0000', 1, '0.0000', 1, 0, 0, '0000-00-00', '650.00000000', 1, '0.00000000', '0.00000000', '0.00000000', 0, 1, 1, 0, 1, 2, 0, 1, NULL, 0, 1, '2020-08-13 11:47:18', '2020-08-17 21:08:23'),
(141, '', 'T-731', '', '', '0.0000', '0.0000', '0.0000', '', '', '', '', '', '', '', 0, 0, 0, 'https://cdn.bestme.asia/images/x2/unnamed-3.jpg', '', 1, 41, 1, '0.0000', 1, '0.0000', 1, 0, 0, '0000-00-00', '600.00000000', 1, '0.00000000', '0.00000000', '0.00000000', 0, 1, 1, 0, 1, 2, 0, 1, NULL, 0, 1, '2020-08-13 13:14:11', '2020-08-20 08:56:29'),
(142, '', 'S-565', '', '', '1200000.0000', '950000.0000', '0.0000', '', '', '', '', '', '', '', 0, 0, 0, 'https://cdn.bestme.asia/images/x2/unnamed-2.jpg', '', 1, 41, 1, '0.0000', 1, '0.0000', 1, 0, 0, '0000-00-00', '750.00000000', 1, '0.00000000', '0.00000000', '0.00000000', 0, 1, 1, 0, 1, 2, 0, 1, NULL, 0, 1, '2020-08-13 13:14:12', '2020-08-20 08:55:27'),
(143, '', 'N-795', '', '', '0.0000', '0.0000', '0.0000', '', '', '', '', '', '', '', 0, 0, 0, 'https://cdn.bestme.asia/images/x2/thuong-hieu-giay-the-thao-hot-nhat-nua-cuoi-nam-2019-vhh-5-jpg-1573109914-07112019135834.jpg', '', 1, 41, 1, '0.0000', 1, '0.0000', 1, 0, 0, '0000-00-00', '650.00000000', 1, '0.00000000', '0.00000000', '0.00000000', 0, 1, 1, 0, 1, 2, 0, 1, NULL, 0, 1, '2020-08-13 13:14:12', '2020-08-20 08:55:43'),
(144, '', 'TT98', '', '', '0.0000', '0.0000', '0.0000', '', '', '', '', '', '', '', 0, 0, 0, 'https://2.pik.vn/2020c9eca7d6-8fb4-4421-a9cb-c9bc7d6c094e.jpg', '', 0, 33, 1, '0.0000', 1, '50000.0000', 1, 0, 0, '0000-00-00', '7500.00000000', 1, '0.00000000', '0.00000000', '0.00000000', 0, 1, 1, 0, 1, 2, 0, 1, NULL, 0, 1, '2020-08-13 13:41:13', '2020-08-13 22:45:26'),
(145, '', 'Z-256', '', '', '0.0000', '0.0000', '0.0000', '', '', '', '', '', '', '', 0, 0, 0, 'https://cdn.bestme.asia/images/x2/ta-tay-boc-cao-su-iron-bull-3.jpg', '', 0, 33, 1, '0.0000', 1, '40000.0000', 1, 0, 0, '0000-00-00', '7500.00000000', 1, '0.00000000', '0.00000000', '0.00000000', 0, 1, 1, 0, 1, 2, 0, 1, NULL, 0, 1, '2020-08-13 13:41:13', '2020-08-20 09:08:59'),
(146, '', 'K-845', '', '', '0.0000', '0.0000', '0.0000', '', '', '', '', '', '', '', 0, 0, 0, 'https://cdn.bestme.asia/images/x2/ta-don-dumbbell-d001-nang-cao-dang-cap-freeweight-2-1.png', '', 0, 32, 1, '0.0000', 1, '40000.0000', 1, 0, 0, '0000-00-00', '10000.00000000', 1, '0.00000000', '0.00000000', '0.00000000', 0, 1, 1, 0, 1, 2, 0, 1, NULL, 0, 1, '2020-08-13 13:41:13', '2020-08-20 09:11:22'),
(147, '', 'KS-2041', '', '', '0.0000', '0.0000', '0.0000', '', '', '', '', '', '', '', 0, 0, 0, 'https://2.pik.vn/2020fd6f5bae-e4e9-4776-b4ea-7a5bae945572.jpg', '', 0, 33, 1, '0.0000', 1, '15000000.0000', 1, 0, 0, '0000-00-00', '12000.00000000', 1, '0.00000000', '0.00000000', '0.00000000', 0, 1, 1, 0, 1, 2, 0, 1, NULL, 0, 1, '2020-08-13 13:50:05', '2020-08-13 22:44:14'),
(148, '', 'BK-2034', '', '', '0.0000', '0.0000', '0.0000', '', '', '', '', '', '', '', 0, 0, 0, 'https://cdn.bestme.asia/images/x2/may-chay-bo-mofit-pro900-800x800.png', '', 0, 33, 1, '0.0000', 1, '18500000.0000', 1, 0, 0, '0000-00-00', '15000.00000000', 1, '0.00000000', '0.00000000', '0.00000000', 0, 1, 1, 0, 1, 2, 0, 1, NULL, 0, 1, '2020-08-13 13:50:05', '2020-08-20 08:36:17'),
(149, '', 'BK-5000', '', '', '0.0000', '0.0000', '0.0000', '', '', '', '', '', '', '', 0, 0, 0, 'https://cdn.bestme.asia/images/x2/may-chay-bo-kingsport-bk-800001.jpg', '', 0, 33, 1, '12100000.0000', 1, '13500000.0000', 1, 0, 0, '0000-00-00', '10000.00000000', 1, '0.00000000', '0.00000000', '0.00000000', 0, 1, 1, 0, 1, 2, 0, 1, NULL, 0, 1, '2020-08-13 13:50:05', '2020-08-20 08:25:34'),
(150, '', 'EK-546', '', '', '0.0000', '0.0000', '0.0000', '', '', '', '', '', '', '', 0, 0, 0, 'https://2.pik.vn/202077c915bf-e800-4ca9-8292-28c46d95380c.jpg', '', 0, 33, 1, '9200000.0000', 1, '9900000.0000', 1, 0, 0, '0000-00-00', '12000.00000000', 1, '0.00000000', '0.00000000', '0.00000000', 0, 1, 1, 0, 1, 2, 0, 1, NULL, 0, 1, '2020-08-13 13:55:56', '2020-08-13 22:42:53'),
(151, '', 'XB-546', '', '', '0.0000', '0.0000', '0.0000', '', '', '', '', '', '', '', 0, 0, 0, 'https://2.pik.vn/2020a86aad00-77c8-4683-b176-74895a92ff23.jpg', '', 0, 33, 1, '2900000.0000', 1, '3500000.0000', 1, 0, 0, '0000-00-00', '15000.00000000', 1, '0.00000000', '0.00000000', '0.00000000', 0, 1, 1, 0, 1, 2, 0, 1, NULL, 0, 1, '2020-08-13 13:55:56', '2020-08-13 22:42:08'),
(152, '', 'XD12', '', '', '0.0000', '0.0000', '0.0000', '', '', '', '', '', '', '', 0, 0, 0, 'https://cdn.bestme.asia/images/x2/avatarxbike.jpg', '', 0, 33, 1, '1850000.0000', 1, '2000000.0000', 1, 0, 0, '0000-00-00', '10000.00000000', 1, '0.00000000', '0.00000000', '0.00000000', 0, 1, 1, 0, 1, 2, 0, 1, NULL, 0, 1, '2020-08-13 13:55:56', '2020-08-20 09:04:25'),
(153, '', 'BK-1998', '', '', '0.0000', '0.0000', '0.0000', '', '', '', '', '', '', '', 0, 0, 0, 'https://2.pik.vn/20209a542ee0-2d5f-4674-9be7-aeb1ed5872a2.jpg', '', 0, 33, 1, '0.0000', 1, '7950000.0000', 1, 0, 0, '0000-00-00', '12000.00000000', 1, '0.00000000', '0.00000000', '0.00000000', 0, 1, 1, 0, 1, 2, 0, 1, NULL, 0, 1, '2020-08-13 14:02:14', '2020-08-13 22:41:31'),
(154, '', 'BK-399', '', '', '0.0000', '0.0000', '0.0000', '', '', '', '', '', '', '', 0, 0, 0, 'https://2.pik.vn/202085236123-6090-4bf1-86c3-ce5160c9af32.jpg', '', 0, 33, 1, '17600000.0000', 1, '18500000.0000', 1, 0, 0, '0000-00-00', '15000.00000000', 1, '0.00000000', '0.00000000', '0.00000000', 0, 1, 1, 0, 1, 2, 0, 1, NULL, 0, 1, '2020-08-13 14:02:14', '2020-08-13 22:40:47'),
(155, '', 'BK-785', '', '', '0.0000', '0.0000', '0.0000', '', '', '', '', '', '', '', 0, 0, 0, 'https://2.pik.vn/20206bbf5582-8ee2-4c5c-b65f-d3c0f3017a86.jpg', '', 0, 33, 1, '12000000.0000', 1, '13500000.0000', 1, 0, 0, '0000-00-00', '10000.00000000', 1, '0.00000000', '0.00000000', '0.00000000', 0, 1, 1, 0, 1, 2, 0, 1, NULL, 0, 1, '2020-08-13 14:02:14', '2020-08-13 22:41:07'),
(156, '', 'DC01', '', '', '0.0000', '0.0000', '0.0000', '', '', '', '', '', '', '', 0, 0, 0, 'https://2.pik.vn/2020f60bfc0c-d279-4aa8-8e8b-fe7352514e4d.jpg', '', 0, 34, 1, '0.0000', 1, '120000.0000', 1, 0, 0, '0000-00-00', '1000.00000000', 1, '0.00000000', '0.00000000', '0.00000000', 0, 1, 1, 0, 1, 2, 0, 1, NULL, 0, 1, '2020-08-13 14:11:53', '2020-08-13 22:40:14'),
(157, '', 'W-256', '', '', '0.0000', '0.0000', '0.0000', '', '', '', '', '', '', '', 0, 0, 0, 'https://2.pik.vn/2020259bba57-48c4-4e8a-b157-071147f344d0.jpg', '', 0, 35, 1, '0.0000', 1, '150000.0000', 1, 0, 0, '0000-00-00', '500.00000000', 1, '0.00000000', '0.00000000', '0.00000000', 0, 1, 1, 0, 1, 2, 0, 1, NULL, 0, 1, '2020-08-13 14:11:53', '2020-08-13 22:39:34'),
(158, '', 'T-255', '', '', '0.0000', '0.0000', '0.0000', '', '', '', '', '', '', '', 0, 0, 0, 'https://2.pik.vn/20202bef526e-7b9d-45b7-b062-b3cc4f01054f.jpg', '', 0, 36, 1, '0.0000', 1, '140000.0000', 1, 0, 0, '0000-00-00', '600.00000000', 1, '0.00000000', '0.00000000', '0.00000000', 0, 1, 1, 0, 1, 2, 0, 1, NULL, 0, 1, '2020-08-13 14:11:53', '2020-08-13 22:39:10'),
(159, '', 'BR-256', '', '', '0.0000', '0.0000', '0.0000', '', '', '', '', '', '', '', 0, 0, 0, 'https://2.pik.vn/20206f2fc14c-6dbe-478b-b375-a1a0a7ebf429.png', '', 0, 34, 1, '0.0000', 1, '495000.0000', 1, 0, 0, '0000-00-00', '1000.00000000', 1, '0.00000000', '0.00000000', '0.00000000', 0, 1, 1, 0, 1, 2, 0, 1, NULL, 0, 1, '2020-08-13 14:40:46', '2020-08-13 22:38:50'),
(160, '', 'T5000', '', '', '0.0000', '0.0000', '0.0000', '', '', '', '', '', '', '', 0, 0, 0, 'https://2.pik.vn/2020cf58543d-34b8-4573-af40-5a945fa726df.jpg', '', 0, 34, 1, '0.0000', 1, '100000.0000', 1, 0, 0, '0000-00-00', '500.00000000', 1, '0.00000000', '0.00000000', '0.00000000', 0, 1, 1, 0, 1, 2, 0, 1, NULL, 0, 1, '2020-08-13 14:40:46', '2020-08-13 22:37:36'),
(161, '', 'T842', '', '', '0.0000', '0.0000', '0.0000', '', '', '', '', '', '', '', 0, 0, 0, 'https://2.pik.vn/2020ff294a73-3374-437f-8ffb-f84a82dac6c5.jpg', '', 0, 34, 1, '0.0000', 1, '950000.0000', 1, 0, 0, '0000-00-00', '15000.00000000', 1, '0.00000000', '0.00000000', '0.00000000', 0, 1, 1, 0, 1, 2, 0, 1, NULL, 0, 1, '2020-08-13 14:40:46', '2020-08-13 22:37:59'),
(162, '', 'K-250', '', '', '0.0000', '0.0000', '0.0000', '', '', '', '', '', '', '', 0, 0, 0, 'https://2.pik.vn/2020be8d405d-0cda-4636-ab4d-40157ff1f4f9.jpg', '', 0, 37, 1, '0.0000', 1, '495000.0000', 1, 0, 0, '0000-00-00', '400.00000000', 1, '0.00000000', '0.00000000', '0.00000000', 0, 1, 1, 0, 1, 2, 0, 1, NULL, 0, 1, '2020-08-13 14:48:57', '2020-08-13 22:36:57'),
(163, '', 'M-10', '', '', '0.0000', '0.0000', '0.0000', '', '', '', '', '', '', '', 0, 0, 0, 'https://2.pik.vn/202066c27798-1f09-4b7a-a4ab-0718fb232678.jpg', '', 0, 38, 1, '0.0000', 1, '300000.0000', 1, 0, 0, '0000-00-00', '500.00000000', 1, '0.00000000', '0.00000000', '0.00000000', 0, 1, 1, 0, 1, 2, 0, 1, NULL, 0, 1, '2020-08-13 14:48:57', '2020-08-13 22:37:16'),
(164, '', 'A18', '', '', '0.0000', '0.0000', '0.0000', '', '', '', '', '', '', '', 0, 0, 0, 'https://cdn.bestme.asia/images/x2/victor-tk-9900.jpg', '', 0, 46, 1, '0.0000', 1, '300000.0000', 1, 0, 0, '0000-00-00', '350.00000000', 1, '0.00000000', '0.00000000', '0.00000000', 0, 1, 1, 0, 1, 2, 0, 1, NULL, 0, 1, '2020-08-13 14:48:57', '2020-08-20 09:28:47'),
(165, '', 'F568', '', '', '0.0000', '0.0000', '0.0000', '', '', '', '', '', '', '', 0, 0, 0, 'https://2.pik.vn/2020eed43f67-94d6-46c6-9447-4a79c801ff57.jpg', '', 0, 34, 1, '0.0000', 1, '15000.0000', 1, 0, 0, '0000-00-00', '300.00000000', 1, '0.00000000', '0.00000000', '0.00000000', 0, 1, 1, 0, 1, 2, 0, 1, NULL, 0, 1, '2020-08-13 15:23:09', '2020-08-13 22:36:07'),
(166, '', 'Y-56', '', '', '0.0000', '0.0000', '0.0000', '', '', '', '', '', '', '', 0, 0, 0, 'https://2.pik.vn/2020fa89bf21-499f-4238-b805-628dfb7784e6.jpg', '', 0, 40, 1, '0.0000', 1, '150000.0000', 1, 0, 0, '0000-00-00', '500.00000000', 1, '0.00000000', '0.00000000', '0.00000000', 0, 1, 1, 0, 1, 2, 0, 1, NULL, 0, 1, '2020-08-13 15:23:09', '2020-08-13 22:35:43'),
(167, '', 'P523', '', '', '0.0000', '0.0000', '0.0000', '', '', '', '', '', '', '', 0, 0, 0, 'https://2.pik.vn/20209bae07e6-8e71-4f12-8e7c-1aeac9b00249.jpg', '', 0, 34, 1, '190000.0000', 1, '200000.0000', 1, 0, 0, '0000-00-00', '550.00000000', 1, '0.00000000', '0.00000000', '0.00000000', 0, 1, 1, 0, 1, 2, 0, 1, NULL, 0, 1, '2020-08-13 15:23:09', '2020-08-13 22:35:28'),
(168, '', '', '', '', '0.0000', '0.0000', '0.0000', '', '', '', '', '', '', '', 0, 1, 0, 'https://cdn.bestme.asia/images/x2/8967a280fe81abde90d1ef2ac7e9bd71.jpg', '', 0, 29, 1, '950000.0000', 1, '1200000.0000', 1, 0, 0, '0000-00-00', '1.00000000', 1, '0.00000000', '0.00000000', '0.00000000', 0, 1, 1, 0, 1, 2, 0, 1, NULL, 0, 1, '2020-08-20 08:12:09', '2020-08-20 08:12:09'),
(169, '', '', '', '', '0.0000', '0.0000', '0.0000', '', '', '', '', '', '', '', 0, 1, 0, 'https://cdn.bestme.asia/images/x2/bb4c1aef43696499deb07885b9ffee69.jpg', '', 0, 42, 1, '14500000.0000', 1, '16000000.0000', 1, 0, 0, '0000-00-00', '15000.00000000', 1, '0.00000000', '0.00000000', '0.00000000', 0, 1, 1, 0, 1, 2, 0, 1, NULL, 0, 1, '2020-08-20 08:22:48', '2020-08-20 08:22:48'),
(170, '', '', '', '', '0.0000', '0.0000', '0.0000', '', '', '', '', '', '', '', 0, 1, 0, 'https://cdn.bestme.asia/images/x2/vot-cau-long-cao-cap-yonex-arcsaber-11.jpg', '', 0, 38, 1, '200000.0000', 1, '250000.0000', 1, 0, 0, '0000-00-00', '1.00000000', 1, '0.00000000', '0.00000000', '0.00000000', 0, 1, 1, 0, 1, 2, 0, 1, NULL, 0, 1, '2020-08-20 09:14:53', '2020-08-20 09:27:08'),
(171, '', '', '', '', '0.0000', '0.0000', '0.0000', '', '', '', '', '', '', '', 0, 1, 0, 'https://cdn.bestme.asia/images/x2/unnamed-4.jpg', '', 0, 45, 1, '180000.0000', 1, '200000.0000', 1, 0, 0, '0000-00-00', '1.00000000', 1, '0.00000000', '0.00000000', '0.00000000', 0, 1, 1, 0, 1, 2, 0, 1, NULL, 0, 1, '2020-08-20 09:18:26', '2020-08-20 09:25:08'),
(172, '', '', '', '', '0.0000', '0.0000', '0.0000', '', '', '', '', '', '', '', 0, 1, 0, 'https://cdn.bestme.asia/images/x2/bong-ro-d1000-so-5-phucthanhsport.jpg', '', 0, 47, 1, '200000.0000', 1, '260000.0000', 1, 0, 0, '0000-00-00', '1.00000000', 1, '0.00000000', '0.00000000', '0.00000000', 0, 1, 1, 0, 1, 2, 0, 1, NULL, 0, 1, '2020-08-20 09:34:08', '2020-08-20 09:34:08'),
(173, '', '', '', '', '0.0000', '0.0000', '0.0000', '', '', '', '', '', '', '', 0, 1, 0, 'https://cdn.bestme.asia/images/x2/xjyyjtsimg95b9b7550-550-0-0cropfsimgde2fe0500x500maxb.jpg', '', 0, 48, 1, '0.0000', 1, '200000.0000', 1, 0, 0, '0000-00-00', '1.00000000', 1, '0.00000000', '0.00000000', '0.00000000', 0, 1, 1, 0, 1, 2, 0, 1, NULL, 0, 1, '2020-08-20 09:35:10', '2020-08-20 09:35:10'),
(174, '', '', '', '', '0.0000', '0.0000', '0.0000', '', '', '', '', '', '', '', 0, 1, 0, 'https://cdn.bestme.asia/images/x2/basketbalspaldingsize7-01.jpg', '', 0, 50, 1, '0.0000', 1, '250000.0000', 1, 0, 0, '0000-00-00', '1.00000000', 1, '0.00000000', '0.00000000', '0.00000000', 0, 1, 1, 0, 1, 2, 0, 1, NULL, 0, 1, '2020-08-20 09:36:26', '2020-08-20 09:36:26'),
(175, '', '', '', '', '0.0000', '0.0000', '0.0000', '', '', '', '', '', '', '', 0, 1, 0, 'https://cdn.bestme.asia/images/x2/unnamed-5.jpg', '', 0, 49, 1, '0.0000', 1, '200000.0000', 1, 0, 0, '0000-00-00', '1.00000000', 1, '0.00000000', '0.00000000', '0.00000000', 0, 1, 1, 0, 1, 2, 0, 1, NULL, 0, 1, '2020-08-20 09:37:25', '2020-08-20 09:37:25'),
(176, '', '', '', '', '0.0000', '0.0000', '0.0000', '', '', '', '', '', '', '', 0, 1, 0, 'https://cdn.bestme.asia/images/x2/ce2ffb48a86817a91e1cecc92950d182thumb600x600.jpg', '', 0, 36, 1, '0.0000', 1, '150000.0000', 1, 0, 0, '0000-00-00', '1.00000000', 1, '0.00000000', '0.00000000', '0.00000000', 0, 1, 1, 0, 1, 2, 0, 1, NULL, 0, 1, '2020-08-20 09:44:28', '2020-08-20 09:44:28'),
(177, '', '', '', '', '0.0000', '0.0000', '0.0000', '', '', '', '', '', '', '', 0, 1, 0, 'https://cdn.bestme.asia/images/x2/e5504780f019c775d4845fd65acda17b.jpg', '', 0, 34, 1, '0.0000', 1, '180000.0000', 1, 0, 0, '0000-00-00', '1.00000000', 1, '0.00000000', '0.00000000', '0.00000000', 0, 1, 1, 0, 1, 2, 0, 1, NULL, 0, 1, '2020-08-20 09:45:33', '2020-08-20 09:48:14'),
(178, '', '', '', '', '0.0000', '0.0000', '0.0000', '', '', '', '', '', '', '', 0, 1, 0, 'https://cdn.bestme.asia/images/x2/qua-bong-da-adidas-world-cup-tglid-nam-2018-ce8096.png', '', 0, 30, 1, '175000.0000', 1, '200000.0000', 1, 0, 0, '0000-00-00', '1.00000000', 1, '0.00000000', '0.00000000', '0.00000000', 0, 1, 1, 0, 1, 2, 0, 1, NULL, 0, 1, '2020-08-20 09:46:24', '2020-08-20 09:50:25'),
(179, '', '', '', '', '0.0000', '0.0000', '0.0000', '', '', '', '', '', '', '', 0, 1, 0, 'https://cdn.bestme.asia/images/x2/607202010740lite-265-1.jpg', '', 0, 51, 1, '0.0000', 1, '350000.0000', 1, 0, 0, '0000-00-00', '1.00000000', 1, '0.00000000', '0.00000000', '0.00000000', 0, 1, 1, 0, 1, 2, 0, 1, NULL, 0, 1, '2020-08-20 09:55:09', '2020-08-20 09:55:09'),
(180, '', '', '', '', '0.0000', '0.0000', '0.0000', '', '', '', '', '', '', '', 0, 1, 0, 'https://cdn.bestme.asia/images/x2/2244201924444vottenniswilsonblade100l285gr1.jpg', '', 0, 45, 1, '380000.0000', 1, '400000.0000', 1, 0, 0, '0000-00-00', '1.00000000', 1, '0.00000000', '0.00000000', '0.00000000', 0, 1, 1, 0, 1, 2, 0, 1, NULL, 0, 1, '2020-08-20 09:57:16', '2020-08-20 09:57:16'),
(181, '', '', '', '', '0.0000', '0.0000', '0.0000', '', '', '', '', '', '', '', 0, 1, 0, 'https://cdn.bestme.asia/images/x2/553202025302vottennisheadgraphene360speedmplite20201.jpg', '', 0, 34, 1, '370000.0000', 1, '400000.0000', 1, 0, 0, '0000-00-00', '1.00000000', 1, '0.00000000', '0.00000000', '0.00000000', 0, 1, 1, 0, 1, 2, 0, 1, NULL, 0, 1, '2020-08-20 10:19:57', '2020-08-20 10:19:57');
-- restore soft-deleted products if demo
UPDATE `oc_product` SET `deleted` = NULL
WHERE `demo` = 1
  AND `product_id` IN (
      132,
      133,
      134,
      135,
      136,
      137,
      138,
      139,
      140,
      141,
      142,
      143,
      144,
      145,
      146,
      147,
      148,
      149,
      150,
      151,
      152,
      153,
      154,
      155,
      156,
      157,
      158,
      159,
      160,
      161,
      162,
      163,
      164,
      165,
      166,
      167,
      168,
      169,
      170,
      171,
      172,
      173,
      174,
      175,
      176,
      177,
      178,
      179,
      180,
      181
  );

-- oc_product_collection PRIMARY KEY (`product_collection_id`)
INSERT IGNORE INTO `oc_product_collection` (`product_collection_id`, `product_id`, `collection_id`, `sort_order`) VALUES
(265, 140, 26, 0),
(268, 138, 24, 0),
(271, 139, 24, 0),
(276, 135, 11, 0),
(275, 137, 25, 0),
(277, 136, 11, 0),
(305, 142, 10, 0),
(306, 143, 10, 0),
(308, 141, 26, 0),
(287, 132, 25, 0),
(279, 133, 26, 0),
(285, 134, 25, 0),
(332, 176, 20, 5),
(197, 157, 17, 0),
(201, 155, 16, 0),
(200, 154, 16, 0),
(203, 153, 16, 0),
(213, 144, 15, 0),
(312, 146, 15, 0),
(311, 145, 15, 0),
(309, 152, 14, 0),
(204, 151, 14, 0),
(206, 150, 14, 0),
(302, 148, 24, 0),
(296, 147, 13, 2),
(301, 148, 25, 0),
(331, 177, 20, 4),
(314, 162, 19, 2),
(320, 164, 24, 0),
(334, 179, 17, 0),
(328, 167, 20, 1),
(333, 178, 20, 6),
(217, 155, 24, 0),
(336, 181, 17, 0),
(267, 138, 25, 0),
(270, 139, 26, 0),
(300, 148, 13, 0),
(222, 144, 24, 0),
(319, 164, 19, 0),
(290, 139, 12, 3),
(274, 137, 11, 0),
(286, 132, 9, 0),
(284, 134, 9, 0),
(299, 149, 13, 0),
(230, 167, 25, 0),
(231, 153, 25, 0),
(291, 168, 12, 4),
(289, 138, 12, 2),
(307, 141, 10, 0),
(278, 133, 9, 0),
(288, 140, 12, 1),
(335, 180, 17, 0),
(243, 147, 26, 3),
(242, 155, 26, 2),
(241, 153, 26, 1),
(298, 169, 13, 4),
(318, 170, 19, 0),
(324, 174, 18, 4),
(325, 173, 18, 5),
(326, 172, 18, 6),
(327, 175, 18, 7);

-- oc_product_description PRIMARY KEY (`product_id`,`language_id`)
INSERT IGNORE INTO `oc_product_description` (`product_id`, `language_id`, `name`, `description`, `sub_description`, `seo_title`, `seo_description`, `tag`, `meta_title`, `meta_description`, `meta_keyword`) VALUES
(132, 2, 'Giày thể thao nam BAZAS', '&lt;p&gt;Vải thoáng khí, không gây hầm bí. Giày được thiết kế đẹp mắt , có tính thẩm mỹ cao , nhiều người yêu thích Đế có rãnh chống trơn trượt, đàn hồi tốt. Đường may tinh tế, tỉ mỉ. Kiểu dáng hiện đai, trẻ trung, năng độngmang về nhà 1 sản phẩm chỉ phục vụ cho việc luyện tập không? Giờ đây, để quyết định mua về 1 sản phẩm có giá trị lợi ích sức khỏe mà còn phải đáp ứng đủ đầy không chỉ về sở thích, thẩm mỹ mà còn là một thiết bị góp phần tô điểm trong không gian gia đình bạn. Đáp ứng được những nhu cầu của khách hàng. Tháng 8 này Kingsport đã cho ra mắt 1 dòng xe đạp tại nhà với thiết kế thông mình, kiểu dáng thể thao vô cùng bắt mắt cùng những tone màu cá tính. Lựa chọn xe đạp Kingsport BK-5805 không chỉ giúp bạn mang về 1 vóc dáng hoàn hảo mà còn là một lựa chọn tuyệt vời cho không gian sống của bạn, với vẻ đẹp của sự cá tính, hứa hẹn sẽ luôn thôi thúc cảm giác ham muốn luyện tập cho bạn môi ngày! xe-dap-tap-kingsport-bk-5805 xe-dap-kingsport-bk5805_01 ĐẶC ĐIỂM NỔI BẬT CỦA XE ĐẠP KINGSPORT BK-5805 Sử dụng công nghệ phun sơn điện tử cho màu sắc tinh tế và sắc nét. Cấu tạo khung sương từ thép cao cấp không gỉ cho độ bền và tải trọng cao. Bánh đà đúc liền khối ở phía trước, kết hợp kháng lực đa cấp độ trên sườn xe được thiết kế thông minh dạng nút vặn tùy chỉnh giúp bạn dễ dàng điều chỉnh mọi cấp độ tương ứng với tình trạng sức khỏe hiện tại, cùng với đó là cần thắng giúp bạn có thể dừng lại chuyển động xe bất cứ lúc nào. xe-dap-kingsport-bk5805_03 Màn hình hiển thị Màn hình xe đạp được trang bị đồng hồ hiển thị đầy đủ thông số nhịp tim, quãng đường, vận tốc, calories, thời gian…hỗ trợ một cách hiệu quả trong quá trình luyện tập của bạn. Đặc biệt, phần trên màn hình còn được thiết kế giá đỡ để người tập luyện có thể đặt điện thoại tiện dụng, giúp quá trình tập luyện năng động và đỡ nhàm chán hơn. xe-dap-kingsport-bk5805_05 Nếu trong gia đình có nhiều thành viên có chiều cao khác nhau làm bạn lo lắng khi chọn 1 mẫu xe đạp tập luyện thì nay điều đó không còn là điều làm bạn bận tâm nữa, vì xe đạp Bk-5805 được thiết kế với yên ngồi có thể điều chỉnh cao thấp và trước sau dễ dàng nhiều mức độ khác nhau, phù hợp với đa dạng chiều cao người sử dụng. xe-dap-kingsport-bk5805_04 Theo nhiều nghiên cứu cho rằng, việc luyện tập xe đạp hàng ngày sẽ giúp chúng ta ngủ ngon giấc hơn thông qua quá trình luyện tập, tuần hoàn máu và nhịp tim sẽ tốt hơn. Chính vì thế, hãy tập luyện mỗi ngày để có một cơ xương chắc khỏe, một tinh thần minh mẫn và một cơ thể khỏe mạnh căng tràn sức sống. xe-dap-kingsport-bk5805_02 CHẾ ĐỘ HẬU MÃI – GIAO HÀNG Kingsport luôn đặt tâm huyết mang đến khách hàng những sản phẩm chất lượng, đi cùng đó là chế độ bảo hành lên đến 2 năm và hỗ trợ kỹ thuật đến trọn đời. Chọn mẫu theo thứ tự 1 2 3 4 5 6 7 8 hoặc ghi chú size + mẫu shop sẽ gửi đúng theo yêu cầu khách hàng. #Aounisex đẹp rẻ, chất, siêu cá tính&lt;/p&gt;', '&lt;p&gt;Vải thoáng khí, không gây hầm bí.&lt;/p&gt;', '', '', '', '', '', ''),
(133, 2, 'Giày chạy bộ Goinglink Dream-1 Running', '&lt;p&gt;* Thông tin cơ bản: Giày chạy bộ Goinglink Dream-1 Running GL1810 Tên sản phẩm: Giày chạy bộ Thương hiệu: Goinglink Mã: GL1810 Màu sắc: Đen trắng, nâu, trắng, đen, xám Chất liệu cao cấp Đế cao su Trọng lượng tịnh: 600gr&lt;/p&gt;', '&lt;p&gt;Vải thoáng khí, không gây hầm bí.&lt;/p&gt;', '', '', '', '', '', ''),
(136, 2, 'Giày bóng rổ nam NIKE Pg 3', '&lt;p&gt;Giới thiệu Giày Bóng Rổ Nam Nike Pg 3 Ep 190719 Công nghệ VaporMax mang lại trải nghiệm êm dịu và cân bằng Đệm lunarlon mềm và vững chắc Cấu trúc form giày Flywire Công nghệ Flymesh siêu nhẹ và thoáng khí Cấu trúc lưới nhẹ, đa lớp sử dụng vật liệu lót tối thiểu để giảm độ cứng gót chân&lt;/p&gt;', '&lt;p&gt;Giày Bóng Rổ Nam Nike Pg 3 Ep 190719 được sản xuất từ chất liệu vải thể thao chuyên dụng cùng công nghệ tiên tiến, hỗ trợ tối ưu mọi vận động. Công nghệ VaporMax mang lại trải nghiệm êm dịu và cân...&lt;/p&gt;', '', '', '', '', '', ''),
(137, 2, 'Giày Bóng Rổ Nam Nike Hyperdunk X Low', '&lt;p&gt;Giới thiệu Giày Bóng Rổ Nam Nike Hyperdunk X Low Ep Men Đệm lunarlon mềm và vững chắc Công nghệ VaporMax mang lại trải nghiệm êm dịu và cân bằng Cấu trúc form giày Flywire&lt;/p&gt;', '&lt;p&gt;Giày Bóng Rổ Nam Nike Hyperdunk X Low Ep Men làm bằng công nghệ VaporMax mang lại trải nghiệm êm dịu và cân bằng. Đệm lunarlon mềm và vững chắc. Cấu trúc form giày Flywire. Công nghệ Flymesh siêu...&lt;/p&gt;', '', '', '', '', '', ''),
(138, 2, 'Giày bóng đá TQ ADIDAS', '&lt;p&gt;Chất liệu da cực mềmĐế TF bám sân , giúp kiểm soát bóng và di chuyển nhanh nhẹn hơn Là 1 siêu phẩm mới được ra mắt vào 2019 Là mẫu giày đang được săn lùng khắp nơi&lt;/p&gt;', '&lt;p&gt;* Da mềm, mỏng (Mang lại cảm giác thoải mái cho người mang) * Form giày thon gọn (Hỗ trợ di chuyển xoay xở tốt) * Một trong những đôi giày da mềm nhất (Sờ là biết)&lt;/p&gt;', '', '', '', '', '', ''),
(139, 2, 'Giày bóng đá sân cỏ nhân tạo TF ADIDAS', '&lt;p&gt;Chất liệu da cực mềmĐế TF bám sân , giúp kiểm soát bóng và di chuyển nhanh nhẹn hơn&lt;/p&gt;', '&lt;p&gt;* Da mềm, mỏng (Mang lại cảm giác thoải mái cho người mang)&lt;/p&gt;', '', '', '', '', '', ''),
(140, 2, 'Giày bóng đá adidas Nitrocharge 3.0 TRX AG', '&lt;p&gt;Chất liệu da cực mềmĐế TF bám sân , giúp kiểm soát bóng và di chuyển nhanh nhẹn hơn&lt;/p&gt;', '&lt;p&gt;* Da mềm, mỏng (Mang lại cảm giác thoải mái cho người mang)&lt;/p&gt;', '', '', '', '', '', ''),
(141, 2, 'Giày tập gym PUMA T-731', '', '', '', '', '', '', '', ''),
(142, 2, 'Giày Cardio PUMA', '&lt;p&gt;- Kích thước, kiểu dáng&lt;br /&gt;\r\n- Chất liệu&lt;br /&gt;\r\n- Màu sắc&lt;br /&gt;\r\n- Tính năng nổi bật&lt;br /&gt;\r\n- Hướng dẫn sử dụng&lt;br /&gt;\r\n- Xuất xứ, thương hiệu&lt;/p&gt;', '', '', '', '', '', '', ''),
(143, 2, ' Giày Thể Thao PUMA Train Action', '', '', '', '', '', '', '', ''),
(144, 2, 'Tạ tay phòng GYM KingSport', '&lt;p&gt;Tập thể dục với tạ tay giúp phát triển các phần cơ ở lưng trên và lưng dưới, không những thế nó còn tác động trực tiếp tới cơ cầu vai. Tập luyện tạ tay giúp bạn tăng cơ tay một cách hiệu quả! Tạ tay Kingsport có rất nhiều loại quả tạ tay có khối lượng khác nhau như 2.5kg, 5kg, 7.5kg, 10kg, 15.2kg, 15kg, 20kg, 25kg, 30kg và thanh đòn tạ tay với giá rẻ chất lượng cao cấp.&lt;/p&gt;', '', '', '', '', '', '', ''),
(145, 2, 'Tạ sắt bọc cao su BULL', '&lt;p&gt;- Kích thước, kiểu dáng&lt;br /&gt;\r\n- Chất liệu&lt;br /&gt;\r\n- Màu sắc&lt;br /&gt;\r\n- Tính năng nổi bật&lt;br /&gt;\r\n- Hướng dẫn sử dụng&lt;br /&gt;\r\n- Xuất xứ, thương hiệu&lt;/p&gt;', '', '', '', '', '', '', ''),
(147, 2, 'Máy chạy bộ KingSport KS-2041', '&lt;p&gt;- Kích thước, kiểu dáng&lt;br /&gt;\r\n- Chất liệu&lt;br /&gt;\r\n- Màu sắc&lt;br /&gt;\r\n- Tính năng nổi bật&lt;br /&gt;\r\n- Hướng dẫn sử dụng&lt;br /&gt;\r\n- Xuất xứ, thương hiệu&lt;/p&gt;', '', '', '', '', '', '', ''),
(150, 2, 'Xe đạp tập Eliptical Bike', '&lt;p&gt;- Kích thước, kiểu dáng&lt;br /&gt;\r\n- Chất liệu&lt;br /&gt;\r\n- Màu sắc&lt;br /&gt;\r\n- Tính năng nổi bật&lt;br /&gt;\r\n- Hướng dẫn sử dụng&lt;br /&gt;\r\n- Xuất xứ, thương hiệu&lt;/p&gt;', '', '', '', '', '', '', ''),
(151, 2, 'Xe đạp tập XBike', '&lt;p&gt;- Kích thước, kiểu dáng&lt;br /&gt;\r\n- Chất liệu&lt;br /&gt;\r\n- Màu sắc&lt;br /&gt;\r\n- Tính năng nổi bật&lt;br /&gt;\r\n- Hướng dẫn sử dụng&lt;br /&gt;\r\n- Xuất xứ, thương hiệu&lt;/p&gt;', '', '', '', '', '', '', ''),
(155, 2, 'Ghế tạ đa năng KingSport BK-785 Pro', '&lt;p&gt;- Kích thước, kiểu dáng&lt;br /&gt;\r\n- Chất liệu&lt;br /&gt;\r\n- Màu sắc&lt;br /&gt;\r\n- Tính năng nổi bật&lt;br /&gt;\r\n- Hướng dẫn sử dụng&lt;br /&gt;\r\n- Xuất xứ, thương hiệu&lt;/p&gt;', '', '', '', '', '', '', ''),
(156, 2, 'Dụng cụ tập Tennis tại nhà DC01', '', '', '', '', '', '', '', ''),
(157, 2, 'Vợt Tennis Wolves', '&lt;p&gt;- Kích thước, kiểu dáng&lt;br /&gt;\r\n- Chất liệu&lt;br /&gt;\r\n- Màu sắc&lt;br /&gt;\r\n- Tính năng nổi bật&lt;br /&gt;\r\n- Hướng dẫn sử dụng&lt;br /&gt;\r\n- Xuất xứ, thương hiệu&lt;/p&gt;', '', '', '', '', '', '', ''),
(158, 2, 'Bóng tennis cao su', '&lt;p&gt;- Kích thước, kiểu dáng&lt;br /&gt;\r\n- Chất liệu&lt;br /&gt;\r\n- Màu sắc&lt;br /&gt;\r\n- Tính năng nổi bật&lt;br /&gt;\r\n- Hướng dẫn sử dụng&lt;br /&gt;\r\n- Xuất xứ, thương hiệu&lt;/p&gt;', '', '', '', '', '', '', ''),
(160, 2, 'Quả bóng rổ T5000', '&lt;p&gt;- Kích thước, kiểu dáng&lt;br /&gt;\r\n- Chất liệu&lt;br /&gt;\r\n- Màu sắc&lt;br /&gt;\r\n- Tính năng nổi bật&lt;br /&gt;\r\n- Hướng dẫn sử dụng&lt;br /&gt;\r\n- Xuất xứ, thương hiệu&lt;/p&gt;', '', '', '', '', '', '', ''),
(161, 2, 'TRụ bóng rổ di động T842', '&lt;p&gt;- Kích thước, kiểu dáng&lt;br /&gt;\r\n- Chất liệu&lt;br /&gt;\r\n- Màu sắc&lt;br /&gt;\r\n- Tính năng nổi bật&lt;br /&gt;\r\n- Hướng dẫn sử dụng&lt;br /&gt;\r\n- Xuất xứ, thương hiệu&lt;/p&gt;', '', '', '', '', '', '', ''),
(162, 2, 'Vợt cầu lông Kawasaki 250', '&lt;p&gt;- Kích thước, kiểu dáng&lt;br /&gt;\r\n- Chất liệu&lt;br /&gt;\r\n- Màu sắc&lt;br /&gt;\r\n- Tính năng nổi bật&lt;br /&gt;\r\n- Hướng dẫn sử dụng&lt;br /&gt;\r\n- Xuất xứ, thương hiệu&lt;/p&gt;', '', '', '', '', '', '', ''),
(163, 2, 'Ống cầu lông nhựa YONEX MAV-10', '&lt;p&gt;- Kích thước, kiểu dáng&lt;br /&gt;\r\n- Chất liệu&lt;br /&gt;\r\n- Màu sắc&lt;br /&gt;\r\n- Tính năng nổi bật&lt;br /&gt;\r\n- Hướng dẫn sử dụng&lt;br /&gt;\r\n- Xuất xứ, thương hiệu&lt;/p&gt;', '', '', '', '', '', '', ''),
(165, 2, 'Cọc chiến thuật - kĩ thuật bóng đá', '&lt;p&gt;- Kích thước, kiểu dáng&lt;br /&gt;\r\n- Chất liệu&lt;br /&gt;\r\n- Màu sắc&lt;br /&gt;\r\n- Tính năng nổi bật&lt;br /&gt;\r\n- Hướng dẫn sử dụng&lt;br /&gt;\r\n- Xuất xứ, thương hiệu&lt;/p&gt;', '', '', '', '', '', '', ''),
(166, 2, 'Quả bóng đá 3 lớp YONO', '&lt;p&gt;- Kích thước, kiểu dáng&lt;br /&gt;\r\n- Chất liệu&lt;br /&gt;\r\n- Màu sắc&lt;br /&gt;\r\n- Tính năng nổi bật&lt;br /&gt;\r\n- Hướng dẫn sử dụng&lt;br /&gt;\r\n- Xuất xứ, thương hiệu&lt;/p&gt;', '', '', '', '', '', '', ''),
(167, 2, 'Quả bóng đá Pelada', '&lt;p&gt;- Kích thước, kiểu dáng&lt;br /&gt;\r\n- Chất liệu&lt;br /&gt;\r\n- Màu sắc&lt;br /&gt;\r\n- Tính năng nổi bật&lt;br /&gt;\r\n- Hướng dẫn sử dụng&lt;br /&gt;\r\n- Xuất xứ, thương hiệu&lt;/p&gt;', '', '', '', '', '', '', ''),
(164, 2, 'Vợt cầu lông VICTOR TK 9900', '&lt;p&gt;- Kích thước, kiểu dáng&lt;br /&gt;\r\n- Chất liệu&lt;br /&gt;\r\n- Màu sắc&lt;br /&gt;\r\n- Tính năng nổi bật&lt;br /&gt;\r\n- Hướng dẫn sử dụng&lt;br /&gt;\r\n- Xuất xứ, thương hiệu&lt;/p&gt;', '', '', '', '', '', '', ''),
(159, 2, 'Bộ khung và bóng rổ tiêu chuẩn', '&lt;p&gt;Có kèm lưới, khung và kim bơm bóng&lt;/p&gt;\r\n\r\n&lt;p&gt;- Kích thước, kiểu dáng&lt;br /&gt;\r\n- Chất liệu&lt;br /&gt;\r\n- Màu sắc&lt;br /&gt;\r\n- Tính năng nổi bật&lt;br /&gt;\r\n- Hướng dẫn sử dụng&lt;br /&gt;\r\n- Xuất xứ, thương hiệu&lt;/p&gt;', '', '', '', '', '', '', ''),
(154, 2, 'Giàn tạ đa năng KingSport BK-399 Pro', '&lt;p&gt;- Kích thước, kiểu dáng&lt;br /&gt;\r\n- Chất liệu&lt;br /&gt;\r\n- Màu sắc&lt;br /&gt;\r\n- Tính năng nổi bật&lt;br /&gt;\r\n- Hướng dẫn sử dụng&lt;br /&gt;\r\n- Xuất xứ, thương hiệu&lt;/p&gt;', '', '', '', '', '', '', ''),
(153, 2, 'Giàn tạ đa năng KingSport BK-1998 new', '&lt;p&gt;- Kích thước, kiểu dáng&lt;br /&gt;\r\n- Chất liệu&lt;br /&gt;\r\n- Màu sắc&lt;br /&gt;\r\n- Tính năng nổi bật&lt;br /&gt;\r\n- Hướng dẫn sử dụng&lt;br /&gt;\r\n- Xuất xứ, thương hiệu&lt;/p&gt;', '', '', '', '', '', '', ''),
(152, 2, 'Xe đạp thể thao KingSport XD12', '&lt;p&gt;- Kích thước, kiểu dáng&lt;br /&gt;\r\n- Chất liệu&lt;br /&gt;\r\n- Màu sắc&lt;br /&gt;\r\n- Tính năng nổi bật&lt;br /&gt;\r\n- Hướng dẫn sử dụng&lt;br /&gt;\r\n- Xuất xứ, thương hiệu&lt;/p&gt;', '', '', '', '', '', '', ''),
(148, 2, 'Máy chạy bộ MOFIT', '&lt;p&gt;- Kích thước, kiểu dáng&lt;br /&gt;\r\n- Chất liệu&lt;br /&gt;\r\n- Màu sắc&lt;br /&gt;\r\n- Tính năng nổi bật&lt;br /&gt;\r\n- Hướng dẫn sử dụng&lt;br /&gt;\r\n- Xuất xứ, thương hiệu&lt;/p&gt;', '', '', '', '', '', '', ''),
(149, 2, 'Máy chạy bộ KingSport BK-8000', '&lt;p&gt;- Kích thước, kiểu dáng&lt;br /&gt;\r\n- Chất liệu&lt;br /&gt;\r\n- Màu sắc&lt;br /&gt;\r\n- Tính năng nổi bật&lt;br /&gt;\r\n- Hướng dẫn sử dụng&lt;br /&gt;\r\n- Xuất xứ, thương hiệu&lt;/p&gt;', '', '', '', '', '', '', ''),
(146, 2, 'Tạ tay phòng đơn THOL 10kg', '&lt;p&gt;- Kích thước, kiểu dáng&lt;br /&gt;\r\n- Chất liệu&lt;br /&gt;\r\n- Màu sắc&lt;br /&gt;\r\n- Tính năng nổi bật&lt;br /&gt;\r\n- Hướng dẫn sử dụng&lt;br /&gt;\r\n- Xuất xứ, thương hiệu&lt;/p&gt;', '', '', '', '', '', '', ''),
(135, 2, 'Giày bóng rổ nam ANTA', '&lt;p&gt;⬛ Giày bóng rổ nam Anta 81831101-1 được thiết kế dựa trên nền chất liệu cao cấp ⬛ Đế chống trơn trượt, kết hợp cùng kiểu dáng thể thao và màu sắc nổi bật, chắc chắn sẽ là phụ kiện được nhiều bạn lựa chọn để thể hiện phong cách thể thao khỏe khoắn, năng động. ⬛ Bên cạnh đó, chất liệu nhẹ, êm ái giúp bạn luôn cảm thấy thoải mái trong suốt quá trình vận động. ⬛ Chất liệu: Molding EVA/RB/TPU ⬛ Thông tin bảo hành: đổi trả trong vòng 7 ngày nếu lỗi do nhà sản xuất. ⬛ Xuất xứ: Trung Quốc ⬛ Anta được thành lập bởi Ding Shi Zhong vào năm 1994, hoạt động chủ yếu là thiết kế, phát triển, sáng tạo và tiêu thụ các loại sản phẩm thể dục thể thao. Thương hiệu Anta bao gồm giày dép thể thao, quần áo thể thao và phụ kiện. Với slogan &quot;Keep Moving....&quot; thể hiện sự vận động, phấn đấu không ngừng và phát triển đi lên, Anta được vinh danh là “Thương hiệu nổi tiếng Trung Quốc”, “Nhãn hiệu nổi bật Trung Quốc”, và là “Sản phẩm miễn kiểm tra chất lượng”. Anta chiếm vị trí “Thương hiệu thời trang thể thao bậc nhất trong bảng giá trị thương hiệu&quot; (do tạp chí Forbes công bố), xếp thứ 5 trong bảng xếp hạng các thương hiệu thể thao thế giới.&lt;/p&gt;', '', '', '', '', '', '', ''),
(134, 2, 'Giày chạy bộ nam ANTA', '&lt;p&gt;Giày chạy bộ nam Anta 81915565 được thiết kế chuyên biệt cho các hoạt động thể thao. Bề mặt giày được làm từ chất liệu vải lưới thể thao (Mesh) với nhiều ưu điểm như bề mặt mềm, nhẹ, thông thoáng. Đế đúc EVA êm ái, nhẹ, bền có độ đàn hồi tốt giúp giảm tối đa chấn thương khi bạn tập luyện hoặc chơi thể thao, chống trơn trượt hiệu quả. Giày Anta có kiểu dáng hợp thời trang tạo cảm giác thoải mái, tự tin cho người dùng trong quá trình vận động. Hướng dẫn bảo quản Vệ sinh vết bẩn bằng khăn ẩm mềm Tránh vật sắc nhọn và nơi có nhiệt độ cao Tránh tiếp xúc với môi trường xăng dầu, kiềm Không phơi sản phẩm nơi ánh nắng gắt Để nơi khô thoáng khi không sử dụng&lt;/p&gt;', '&lt;p&gt;Chất liệu mặt giày: Vải lưới thể thao Đế đúc EVA êm ái, đàn hồi tốt, chống trơn trượt và độ bền cao Kiểu cột dây, thiết kế dáng giày thể thao khỏe khoắn Đường may, dán chắc chắn, tỉ mỉ&lt;/p&gt;', '', '', '', '', '', ''),
(168, 2, 'Giày bóng đá Nike Mercurial', '&lt;p&gt;- Thương hiệu&lt;/p&gt;\r\n\r\n&lt;p&gt;- Chất liệu &lt;/p&gt;\r\n\r\n&lt;p&gt;- Công dụng&lt;/p&gt;\r\n\r\n&lt;p&gt;- Nơi sản xuất&lt;/p&gt;', '', '', '', '', '', '', ''),
(169, 2, 'Máy chạy bộ Sunny Health &amp; Fitness', '&lt;p&gt;- Kích thước, kiểu dáng&lt;br /&gt;\r\n- Chất liệu&lt;br /&gt;\r\n- Màu sắc&lt;br /&gt;\r\n- Tính năng nổi bật&lt;br /&gt;\r\n- Hướng dẫn sử dụng&lt;br /&gt;\r\n- Xuất xứ, thương hiệu&lt;/p&gt;', '', '', '', '', '', '', ''),
(170, 2, 'Vợt cầu lông YONEX', '&lt;p&gt;- Kích thước, kiểu dáng&lt;br /&gt;\r\n- Chất liệu&lt;br /&gt;\r\n- Màu sắc&lt;br /&gt;\r\n- Tính năng nổi bật&lt;br /&gt;\r\n- Hướng dẫn sử dụng&lt;br /&gt;\r\n- Xuất xứ, thương hiệu&lt;/p&gt;\r\n\r\n&lt;p&gt; &lt;/p&gt;', '', '', '', '', '', '', ''),
(171, 2, 'Vợt cầu lông WILSON', '&lt;p&gt;- Kích thước, kiểu dáng&lt;br /&gt;\r\n- Chất liệu&lt;br /&gt;\r\n- Màu sắc&lt;br /&gt;\r\n- Tính năng nổi bật&lt;br /&gt;\r\n- Hướng dẫn sử dụng&lt;br /&gt;\r\n- Xuất xứ, thương hiệu&lt;/p&gt;\r\n\r\n&lt;p&gt; &lt;/p&gt;', '', '', '', '', '', '', ''),
(172, 2, 'Quả bóng rổ JATAN', '&lt;p&gt;- Kích thước, kiểu dáng&lt;br /&gt;\r\n- Chất liệu&lt;br /&gt;\r\n- Màu sắc&lt;br /&gt;\r\n- Tính năng nổi bật&lt;br /&gt;\r\n- Hướng dẫn sử dụng&lt;br /&gt;\r\n- Xuất xứ, thương hiệu&lt;/p&gt;\r\n\r\n&lt;p&gt; &lt;/p&gt;', '', '', '', '', '', '', ''),
(173, 2, 'Quả bóng rổ PROSTAR', '&lt;p&gt;- Kích thước, kiểu dáng&lt;br /&gt;\r\n- Chất liệu&lt;br /&gt;\r\n- Màu sắc&lt;br /&gt;\r\n- Tính năng nổi bật&lt;br /&gt;\r\n- Hướng dẫn sử dụng&lt;br /&gt;\r\n- Xuất xứ, thương hiệu&lt;/p&gt;\r\n\r\n&lt;p&gt; &lt;/p&gt;', '', '', '', '', '', '', ''),
(174, 2, 'Quả bóng rổ SPALDING', '&lt;p&gt;- Kích thước, kiểu dáng&lt;br /&gt;\r\n- Chất liệu&lt;br /&gt;\r\n- Màu sắc&lt;br /&gt;\r\n- Tính năng nổi bật&lt;br /&gt;\r\n- Hướng dẫn sử dụng&lt;br /&gt;\r\n- Xuất xứ, thương hiệu&lt;/p&gt;\r\n\r\n&lt;p&gt; &lt;/p&gt;', '', '', '', '', '', '', ''),
(175, 2, 'Quả bóng rổ GERU STAR', '&lt;p&gt;- Kích thước, kiểu dáng&lt;br /&gt;\r\n- Chất liệu&lt;br /&gt;\r\n- Màu sắc&lt;br /&gt;\r\n- Tính năng nổi bật&lt;br /&gt;\r\n- Hướng dẫn sử dụng&lt;br /&gt;\r\n- Xuất xứ, thương hiệu&lt;/p&gt;\r\n\r\n&lt;p&gt; &lt;/p&gt;', '', '', '', '', '', '', ''),
(176, 2, 'Quả bóng đá SVDS', '&lt;p&gt;- Kích thước, kiểu dáng&lt;br /&gt;\r\n- Chất liệu&lt;br /&gt;\r\n- Màu sắc&lt;br /&gt;\r\n- Tính năng nổi bật&lt;br /&gt;\r\n- Hướng dẫn sử dụng&lt;br /&gt;\r\n- Xuất xứ, thương hiệu&lt;/p&gt;\r\n\r\n&lt;p&gt; &lt;/p&gt;', '', '', '', '', '', '', ''),
(177, 2, 'Quả bóng đá O4', '&lt;p&gt;- Kích thước, kiểu dáng&lt;br /&gt;\r\n- Chất liệu&lt;br /&gt;\r\n- Màu sắc&lt;br /&gt;\r\n- Tính năng nổi bật&lt;br /&gt;\r\n- Hướng dẫn sử dụng&lt;br /&gt;\r\n- Xuất xứ, thương hiệu&lt;/p&gt;\r\n\r\n&lt;p&gt; &lt;/p&gt;', '', '', '', '', '', '', ''),
(178, 2, 'Quả bóng đá TELSTAR', '&lt;p&gt;- Kích thước, kiểu dáng&lt;br /&gt;\r\n- Chất liệu&lt;br /&gt;\r\n- Màu sắc&lt;br /&gt;\r\n- Tính năng nổi bật&lt;br /&gt;\r\n- Hướng dẫn sử dụng&lt;br /&gt;\r\n- Xuất xứ, thương hiệu&lt;/p&gt;\r\n\r\n&lt;p&gt; &lt;/p&gt;', '', '', '', '', '', '', ''),
(179, 2, 'Vợt tennis BABOLAT', '&lt;p&gt;- Kích thước, kiểu dáng&lt;br /&gt;\r\n- Chất liệu&lt;br /&gt;\r\n- Màu sắc&lt;br /&gt;\r\n- Tính năng nổi bật&lt;br /&gt;\r\n- Hướng dẫn sử dụng&lt;br /&gt;\r\n- Xuất xứ, thương hiệu&lt;/p&gt;\r\n\r\n&lt;p&gt; &lt;/p&gt;', '', '', '', '', '', '', ''),
(180, 2, 'Vợt tennis WILSON', '&lt;p&gt;- Kích thước, kiểu dáng&lt;br /&gt;\r\n- Chất liệu&lt;br /&gt;\r\n- Màu sắc&lt;br /&gt;\r\n- Tính năng nổi bật&lt;br /&gt;\r\n- Hướng dẫn sử dụng&lt;br /&gt;\r\n- Xuất xứ, thương hiệu&lt;/p&gt;\r\n\r\n&lt;p&gt; &lt;/p&gt;', '', '', '', '', '', '', ''),
(181, 2, 'Vợt tennis Head Graphene 360 Speed', '&lt;p&gt;- Kích thước, kiểu dáng&lt;br /&gt;\r\n- Chất liệu&lt;br /&gt;\r\n- Màu sắc&lt;br /&gt;\r\n- Tính năng nổi bật&lt;br /&gt;\r\n- Hướng dẫn sử dụng&lt;br /&gt;\r\n- Xuất xứ, thương hiệu&lt;/p&gt;\r\n\r\n&lt;p&gt; &lt;/p&gt;', '', '', '', '', '', '', '');

-- oc_product_image PRIMARY KEY (`product_image_id`)
INSERT IGNORE INTO `oc_product_image` (`product_image_id`, `product_id`, `image`, `image_alt`, `sort_order`) VALUES
(139, 83, '/catalog/view/theme/default/image/fashion_shoeszone/products/83/image1.jpg', '', 1),
(138, 84, '/catalog/view/theme/default/image/fashion_shoeszone/products/84/thumb.jpg', '', 0),
(133, 85, '/catalog/view/theme/default/image/fashion_shoeszone/products/85/image1.jpg', '', 0),
(132, 86, '/catalog/view/theme/default/image/fashion_shoeszone/products/86/thumb.jpg', '', 1);

-- oc_product_to_category PRIMARY KEY (`product_id`,`category_id`)
INSERT IGNORE INTO `oc_product_to_category` (`product_id`, `category_id`) VALUES
(132, 32),
(133, 32),
(134, 32),
(135, 33),
(136, 33),
(137, 33),
(138, 35),
(139, 35),
(140, 35),
(141, 34),
(142, 34),
(143, 34),
(144, 37),
(145, 37),
(146, 37),
(147, 36),
(148, 36),
(149, 36),
(150, 38),
(151, 38),
(152, 38),
(153, 39),
(154, 39),
(155, 39),
(157, 40),
(162, 42),
(164, 42),
(167, 43),
(168, 35),
(169, 36),
(170, 42),
(171, 42),
(172, 41),
(173, 41),
(174, 41),
(175, 41),
(176, 43),
(177, 43),
(178, 43),
(179, 40),
(180, 40),
(181, 40);

-- oc_product_to_store PRIMARY KEY (`product_id`,`store_id`)
INSERT IGNORE INTO `oc_product_to_store` (`product_id`, `store_id`, `product_version_id`, `quantity`, `cost_price`) VALUES
(133, 0, 9, 15, '0.0000'),
(133, 0, 10, 15, '0.0000'),
(133, 0, 11, 15, '0.0000'),
(133, 0, 12, 15, '0.0000'),
(132, 0, 6, 20, '0.0000'),
(132, 0, 5, 20, '0.0000'),
(132, 0, 4, 20, '0.0000'),
(132, 0, 3, 20, '0.0000'),
(132, 0, 2, 20, '0.0000'),
(132, 0, 1, 20, '0.0000'),
(133, 0, 8, 15, '0.0000'),
(133, 0, 7, 15, '0.0000'),
(134, 0, 13, 10, '0.0000'),
(134, 0, 14, 10, '0.0000'),
(134, 0, 15, 10, '0.0000'),
(134, 0, 16, 10, '0.0000'),
(134, 0, 17, 10, '0.0000'),
(134, 0, 18, 10, '0.0000'),
(135, 0, 19, 15, '0.0000'),
(135, 0, 20, 10, '0.0000'),
(136, 0, 23, 20, '0.0000'),
(136, 0, 22, 20, '0.0000'),
(136, 0, 21, 20, '0.0000'),
(137, 0, 26, 15, '0.0000'),
(137, 0, 25, 15, '0.0000'),
(137, 0, 24, 15, '0.0000'),
(138, 0, 28, 10, '0.0000'),
(138, 0, 27, 15, '0.0000'),
(139, 0, 31, 20, '0.0000'),
(139, 0, 30, 20, '0.0000'),
(139, 0, 29, 20, '0.0000'),
(140, 0, 34, 15, '0.0000'),
(140, 0, 33, 15, '0.0000'),
(140, 0, 32, 15, '0.0000'),
(141, 0, 36, 10, '0.0000'),
(141, 0, 35, 15, '0.0000'),
(142, 0, 37, 10, '0.0000'),
(142, 0, 38, 10, '0.0000'),
(142, 0, 39, 12, '0.0000'),
(143, 0, 42, 15, '0.0000'),
(143, 0, 41, 15, '0.0000'),
(143, 0, 40, 15, '0.0000'),
(144, 0, 0, 70, '0.0000'),
(145, 0, 0, 15, '0.0000'),
(146, 0, 0, 21, '0.0000'),
(147, 0, 0, 22, '0.0000'),
(148, 0, 0, 23, '0.0000'),
(149, 0, 0, 12, '0.0000'),
(150, 0, 0, 8, '0.0000'),
(151, 0, 0, 20, '0.0000'),
(152, 0, 0, 24, '0.0000'),
(153, 0, 0, 18, '0.0000'),
(154, 0, 0, 35, '0.0000'),
(155, 0, 0, 16, '0.0000'),
(157, 0, 0, 6, '0.0000'),
(178, 0, 0, 0, '0.0000'),
(176, 0, 0, 0, '0.0000'),
(177, 0, 0, 0, '0.0000'),
(162, 0, 0, 20, '0.0000'),
(164, 0, 0, 30, '0.0000'),
(180, 0, 0, 15, '0.0000'),
(179, 0, 0, 20, '0.0000'),
(167, 0, 0, 10, '0.0000'),
(168, 0, 0, 0, '0.0000'),
(169, 0, 0, 0, '0.0000'),
(170, 0, 0, 0, '0.0000'),
(171, 0, 0, 0, '0.0000'),
(172, 0, 0, 0, '0.0000'),
(173, 0, 0, 0, '0.0000'),
(174, 0, 0, 0, '0.0000'),
(175, 0, 0, 0, '0.0000'),
(181, 0, 0, 5, '0.0000');