-- oc_category PRIMARY KEY (`category_id`)
INSERT IGNORE INTO `oc_category` (`category_id`, `image`, `parent_id`, `top`, `column`, `sort_order`, `status`, `date_added`, `date_modified`) VALUES
(40, '', 32, 0, 0, 0, 1, '2020-09-24 08:04:52', '2020-09-24 08:04:52'),
(39, '', 32, 0, 0, 0, 1, '2020-09-24 08:04:52', '2020-09-24 08:04:52'),
(38, '', 32, 0, 0, 0, 1, '2020-09-24 08:04:52', '2020-09-24 08:04:52'),
(37, '', 32, 0, 0, 0, 1, '2020-09-24 08:04:52', '2020-09-24 08:04:52'),
(36, '', 32, 0, 0, 0, 1, '2020-09-24 08:04:52', '2020-09-24 08:04:52'),
(35, '', 32, 0, 0, 0, 1, '2020-09-24 08:04:52', '2020-09-24 08:04:52'),
(32, '', 0, 0, 0, 0, 1, '2020-09-24 08:04:52', '2020-09-24 08:04:52'),
(33, '', 32, 0, 0, 0, 1, '2020-09-24 08:04:52', '2020-09-24 08:06:17'),
(34, '', 32, 0, 0, 0, 1, '2020-09-24 08:04:52', '2020-09-24 08:04:52'),
(41, '', 32, 0, 0, 0, 1, '2020-09-24 08:04:52', '2020-09-24 08:04:52'),
(42, '', 32, 0, 0, 0, 1, '2020-09-24 08:04:52', '2020-09-24 08:04:52'),
(43, '', 32, 0, 0, 0, 1, '2020-09-24 08:04:52', '2020-09-24 08:04:52'),
(44, '', 32, 0, 0, 0, 1, '2020-09-24 08:04:52', '2020-09-24 08:04:52'),
(45, '', 32, 0, 0, 0, 1, '2020-09-24 08:04:52', '2020-09-24 08:04:52'),
(46, '', 32, 0, 0, 0, 1, '2020-09-24 08:04:52', '2020-09-24 08:04:52'),
(47, '', 32, 0, 0, 0, 1, '2020-09-24 08:04:52', '2020-09-24 08:04:52'),
(48, '', 33, 0, 0, 0, 1, '2020-09-24 08:06:17', '2020-09-24 08:06:17'),
(49, '', 33, 0, 0, 0, 1, '2020-09-24 08:06:17', '2020-09-24 08:06:17'),
(50, '', 0, 0, 0, 0, 1, '2020-09-24 08:06:50', '2020-09-24 08:06:50'),
(51, '', 50, 0, 0, 0, 1, '2020-09-24 08:06:50', '2020-09-24 08:06:50'),
(52, '', 50, 0, 0, 0, 1, '2020-09-24 08:06:50', '2020-09-24 08:06:50'),
(53, '', 50, 0, 0, 0, 1, '2020-09-24 08:06:50', '2020-09-24 08:06:50'),
(54, '', 0, 0, 0, 0, 1, '2020-09-24 08:07:46', '2020-09-24 08:07:46'),
(55, '', 54, 0, 0, 0, 1, '2020-09-24 08:07:46', '2020-09-24 08:07:46'),
(56, '', 54, 0, 0, 0, 1, '2020-09-24 08:07:46', '2020-09-24 08:07:46'),
(57, '', 54, 0, 0, 0, 1, '2020-09-24 08:07:46', '2020-09-24 08:07:46'),
(58, '', 54, 0, 0, 0, 1, '2020-09-24 08:07:46', '2020-09-24 08:07:46'),
(59, '', 54, 0, 0, 0, 1, '2020-09-24 08:07:46', '2020-09-24 08:07:46'),
(60, '', 0, 0, 0, 0, 1, '2020-09-24 08:09:13', '2020-09-24 08:09:13'),
(61, '', 60, 0, 0, 0, 1, '2020-09-24 08:09:13', '2020-09-24 08:09:13'),
(62, '', 60, 0, 0, 0, 1, '2020-09-24 08:09:13', '2020-09-24 08:09:13'),
(63, '', 60, 0, 0, 0, 1, '2020-09-24 08:09:13', '2020-09-24 08:09:13'),
(64, '', 60, 0, 0, 0, 1, '2020-09-24 08:09:13', '2020-09-24 08:09:13'),
(65, '', 0, 0, 0, 0, 1, '2020-09-24 08:09:45', '2020-09-24 08:09:45'),
(66, '', 65, 0, 0, 0, 1, '2020-09-24 08:09:45', '2020-09-24 08:09:45'),
(67, '', 65, 0, 0, 0, 1, '2020-09-24 08:09:45', '2020-09-24 08:09:45'),
(68, '', 65, 0, 0, 0, 1, '2020-09-24 08:09:45', '2020-09-24 08:09:45'),
(69, '', 0, 0, 0, 0, 1, '2020-09-24 08:10:29', '2020-09-24 08:10:29'),
(70, '', 69, 0, 0, 0, 1, '2020-09-24 08:10:29', '2020-09-24 08:10:49'),
(71, '', 69, 0, 0, 0, 1, '2020-09-24 08:10:29', '2020-09-24 08:10:29'),
(72, '', 69, 0, 0, 0, 1, '2020-09-24 08:10:29', '2020-09-24 08:10:29'),
(73, '', 70, 0, 0, 0, 1, '2020-09-24 08:10:49', '2020-09-24 08:10:49'),
(74, '', 70, 0, 0, 0, 1, '2020-09-24 08:10:49', '2020-09-24 08:10:49'),
(75, '', 0, 0, 0, 0, 1, '2020-09-24 08:11:38', '2020-09-24 08:12:37'),
(76, '', 75, 0, 0, 0, 1, '2020-09-24 08:11:38', '2020-09-24 08:12:37'),
(77, '', 75, 0, 0, 0, 1, '2020-09-24 08:11:38', '2020-09-24 08:12:37'),
(78, '', 0, 0, 0, 0, 1, '2020-09-24 08:12:47', '2020-09-24 08:12:47');

-- oc_category_description PRIMARY KEY (`category_id`,`language_id`)
INSERT IGNORE INTO `oc_category_description` (`category_id`, `language_id`, `name`, `description`, `meta_title`, `meta_description`, `meta_keyword`) VALUES
(40, 1, 'Bát Hương Bằng Đồng', 'Bát Hương Bằng Đồng', '', '', ''),
(40, 2, 'Bát Hương Bằng Đồng', 'Bát Hương Bằng Đồng', '', '', ''),
(39, 1, 'Đèn Thờ Bằng Đồng', 'Đèn Thờ Bằng Đồng', '', '', ''),
(39, 2, 'Đèn Thờ Bằng Đồng', 'Đèn Thờ Bằng Đồng', '', '', ''),
(38, 1, 'Ống Đựng Hương Bằng Đồng', 'Ống Đựng Hương Bằng Đồng', '', '', ''),
(38, 2, 'Ống Đựng Hương Bằng Đồng', 'Ống Đựng Hương Bằng Đồng', '', '', ''),
(37, 1, 'Khung Ảnh Thờ, Bài Vị Bằng Đồng', 'Khung Ảnh Thờ, Bài Vị Bằng Đồng', '', '', ''),
(36, 1, 'Bàn Thờ Thần Tài', 'Bàn Thờ Thần Tài', '', '', ''),
(37, 2, 'Khung Ảnh Thờ, Bài Vị Bằng Đồng', 'Khung Ảnh Thờ, Bài Vị Bằng Đồng', '', '', ''),
(36, 2, 'Bàn Thờ Thần Tài', 'Bàn Thờ Thần Tài', '', '', ''),
(32, 2, 'Đồ Thờ Cúng', 'Đồ Thờ Cúng', '', '', ''),
(32, 1, 'Đồ Thờ Cúng', 'Đồ Thờ Cúng', '', '', ''),
(33, 2, 'Bộ Tam Sự, Ngũ Sự Bằng Đồng', 'Bộ Tam Sự, Ngũ Sự Bằng Đồng', '', '', ''),
(33, 1, 'Bộ Tam Sự, Ngũ Sự Bằng Đồng', 'Bộ Tam Sự, Ngũ Sự Bằng Đồng', '', '', ''),
(34, 2, 'Mâm Bồng Bằng Đồng', 'Mâm Bồng Bằng Đồng', '', '', ''),
(34, 1, 'Mâm Bồng Bằng Đồng', 'Mâm Bồng Bằng Đồng', '', '', ''),
(35, 2, 'Đồ Thờ Đồng Khác', 'Đồ Thờ Đồng Khác', '', '', ''),
(35, 1, 'Đồ Thờ Đồng Khác', 'Đồ Thờ Đồng Khác', '', '', ''),
(41, 2, 'Hạc Thờ Bằng Đồng', 'Hạc Thờ Bằng Đồng', '', '', ''),
(41, 1, 'Hạc Thờ Bằng Đồng', 'Hạc Thờ Bằng Đồng', '', '', ''),
(42, 2, 'Khám Thờ, Ngai Thờ Bằng Đồng', 'Khám Thờ, Ngai Thờ Bằng Đồng', '', '', ''),
(42, 1, 'Khám Thờ, Ngai Thờ Bằng Đồng', 'Khám Thờ, Ngai Thờ Bằng Đồng', '', '', ''),
(43, 2, 'Chân Nến Bằng Đồng', 'Chân Nến Bằng Đồng', '', '', ''),
(43, 1, 'Chân Nến Bằng Đồng', 'Chân Nến Bằng Đồng', '', '', ''),
(44, 2, 'Ngai Chén Thờ Bằng Đồng', 'Ngai Chén Thờ Bằng Đồng', '', '', ''),
(44, 1, 'Ngai Chén Thờ Bằng Đồng', 'Ngai Chén Thờ Bằng Đồng', '', '', ''),
(45, 2, 'Lọ Hoa Bằng Đồng', 'Lọ Hoa Bằng Đồng', '', '', ''),
(45, 1, 'Lọ Hoa Bằng Đồng', 'Lọ Hoa Bằng Đồng', '', '', ''),
(46, 2, 'Lư Hương Bằng Đồng', 'Lư Hương Bằng Đồng', '', '', ''),
(46, 1, 'Lư Hương Bằng Đồng', 'Lư Hương Bằng Đồng', '', '', ''),
(47, 2, 'Đỉnh Đồng', 'Đỉnh Đồng', '', '', ''),
(47, 1, 'Đỉnh Đồng', 'Đỉnh Đồng', '', '', ''),
(48, 2, 'Đồng Cát Tút', 'Đồng Cát Tút', '', '', ''),
(48, 1, 'Đồng Cát Tút', 'Đồng Cát Tút', '', '', ''),
(49, 2, 'Đồng Dapha', 'Đồng Dapha', '', '', ''),
(49, 1, 'Đồng Dapha', 'Đồng Dapha', '', '', ''),
(50, 2, 'Đồ Đồng Phong Thuỷ', 'Đồ Đồng Phong Thuỷ', '', '', ''),
(50, 1, 'Đồ Đồng Phong Thuỷ', 'Đồ Đồng Phong Thuỷ', '', '', ''),
(51, 2, '12 Con Giáp Bằng Đồng', '12 Con Giáp Bằng Đồng', '', '', ''),
(51, 1, '12 Con Giáp Bằng Đồng', '12 Con Giáp Bằng Đồng', '', '', ''),
(52, 2, 'Các Con Vật Phong Thuỷ Khác', 'Các Con Vật Phong Thuỷ Khác', '', '', ''),
(52, 1, 'Các Con Vật Phong Thuỷ Khác', 'Các Con Vật Phong Thuỷ Khác', '', '', ''),
(53, 2, 'Lư Đốt Trầm Bằng Đồng', 'Lư Đốt Trầm Bằng Đồng', '', '', ''),
(53, 1, 'Lư Đốt Trầm Bằng Đồng', 'Lư Đốt Trầm Bằng Đồng', '', '', ''),
(54, 2, 'Tranh Đồng', 'Tranh Đồng', '', '', ''),
(54, 1, 'Tranh Đồng', 'Tranh Đồng', '', '', ''),
(55, 2, 'Tranh Chữ Bằng Đồng', 'Tranh Chữ Bằng Đồng', '', '', ''),
(55, 1, 'Tranh Chữ Bằng Đồng', 'Tranh Chữ Bằng Đồng', '', '', ''),
(56, 2, 'Tranh Đồng Phong Thuỷ', 'Tranh Đồng Phong Thuỷ', '', '', ''),
(56, 1, 'Tranh Đồng Phong Thuỷ', 'Tranh Đồng Phong Thuỷ', '', '', ''),
(57, 2, 'Tranh Mừng Thọ Bằng Đồng', 'Tranh Mừng Thọ Bằng Đồng', '', '', ''),
(57, 1, 'Tranh Mừng Thọ Bằng Đồng', 'Tranh Mừng Thọ Bằng Đồng', '', '', ''),
(58, 2, 'Tranh Tứ Quý Bằng Đồng', 'Tranh Tứ Quý Bằng Đồng', '', '', ''),
(58, 1, 'Tranh Tứ Quý Bằng Đồng', 'Tranh Tứ Quý Bằng Đồng', '', '', ''),
(59, 2, 'Tranh Đồng Mạ Vàng', 'Tranh Đồng Mạ Vàng', '', '', ''),
(59, 1, 'Tranh Đồng Mạ Vàng', 'Tranh Đồng Mạ Vàng', '', '', ''),
(60, 2, 'Tượng Đồng', 'Tượng Đồng', '', '', ''),
(60, 1, 'Tượng Đồng', 'Tượng Đồng', '', '', ''),
(61, 2, 'Tượng Phật Bằng Đồng', 'Tượng Phật Bằng Đồng', '', '', ''),
(61, 1, 'Tượng Phật Bằng Đồng', 'Tượng Phật Bằng Đồng', '', '', ''),
(62, 2, 'Tượng Danh Nhân', 'Tượng Danh Nhân', '', '', ''),
(62, 1, 'Tượng Danh Nhân', 'Tượng Danh Nhân', '', '', ''),
(63, 2, 'Tượng Để Xe Ô Tô', 'Tượng Để Xe Ô Tô', '', '', ''),
(63, 1, 'Tượng Để Xe Ô Tô', 'Tượng Để Xe Ô Tô', '', '', ''),
(64, 2, 'Tượng Đồng Mỹ Nghệ Khác', 'Tượng Đồng Mỹ Nghệ Khác', '', '', ''),
(64, 1, 'Tượng Đồng Mỹ Nghệ Khác', 'Tượng Đồng Mỹ Nghệ Khác', '', '', ''),
(65, 2, 'Trống Đồng', 'Trống Đồng', '', '', ''),
(65, 1, 'Trống Đồng', 'Trống Đồng', '', '', ''),
(66, 2, 'Trống Đồng Lưu Niệm', 'Trống Đồng Lưu Niệm', '', '', ''),
(66, 1, 'Trống Đồng Lưu Niệm', 'Trống Đồng Lưu Niệm', '', '', ''),
(67, 2, 'Trống Đồng Ngọc Lũ', 'Trống Đồng Ngọc Lũ', '', '', ''),
(67, 1, 'Trống Đồng Ngọc Lũ', 'Trống Đồng Ngọc Lũ', '', '', ''),
(68, 2, 'Mặt Trống Đồng', 'Mặt Trống Đồng', '', '', ''),
(68, 1, 'Mặt Trống Đồng', 'Mặt Trống Đồng', '', '', ''),
(69, 2, 'Chuông Đồng', 'Chuông Đồng', '', '', ''),
(69, 1, 'Chuông Đồng', 'Chuông Đồng', '', '', ''),
(70, 2, 'Chiêng Đồng', 'Chiêng Đồng', '', '', ''),
(70, 1, 'Chiêng Đồng', 'Chiêng Đồng', '', '', ''),
(71, 2, 'Đúc Chuông Đồng', 'Đúc Chuông Đồng', '', '', ''),
(71, 1, 'Đúc Chuông Đồng', 'Đúc Chuông Đồng', '', '', ''),
(72, 2, 'Khánh Đồng', 'Khánh Đồng', '', '', ''),
(72, 1, 'Khánh Đồng', 'Khánh Đồng', '', '', ''),
(73, 2, 'Đồng Xanh Nguyên Chất', 'Đồng Xanh Nguyên Chất', '', '', ''),
(73, 1, 'Đồng Xanh Nguyên Chất', 'Đồng Xanh Nguyên Chất', '', '', ''),
(74, 2, 'Đồng Vàng', 'Đồng Vàng', '', '', ''),
(74, 1, 'Đồng Vàng', 'Đồng Vàng', '', '', ''),
(75, 2, 'Đồ Đồng Cao Cấp', 'Đồ Đồng Cao Cấp', '', '', ''),
(75, 1, 'Đồ Đồng Cao Cấp', 'Đồ Đồng Cao Cấp', '', '', ''),
(76, 2, 'Bộ Bát Bửu', 'Bộ Bát Bửu', '', '', ''),
(76, 1, 'Bộ Bát Bửu', 'Bộ Bát Bửu', '', '', ''),
(77, 2, 'Lọ Lộc Bình', 'Lọ Lộc Bình', '', '', ''),
(77, 1, 'Lọ Lộc Bình', 'Lọ Lộc Bình', '', '', ''),
(78, 2, 'Quà Tặng Bằng Đồng', 'Quà Tặng Bằng Đồng', '', '', ''),
(78, 1, 'Quà Tặng Bằng Đồng', 'Quà Tặng Bằng Đồng', '', '', '');

-- oc_category_path PRIMARY KEY (`category_id`,`path_id`)
INSERT IGNORE INTO `oc_category_path` (`category_id`, `path_id`, `level`) VALUES
(43, 43, 1),
(43, 32, 0),
(42, 42, 1),
(42, 32, 0),
(41, 41, 1),
(41, 32, 0),
(40, 40, 1),
(40, 32, 0),
(39, 39, 1),
(34, 32, 0),
(33, 33, 1),
(33, 32, 0),
(32, 32, 0),
(39, 32, 0),
(38, 38, 1),
(35, 32, 0),
(34, 34, 1),
(38, 32, 0),
(37, 37, 1),
(37, 32, 0),
(36, 36, 1),
(36, 32, 0),
(35, 35, 1),
(44, 32, 0),
(44, 44, 1),
(45, 32, 0),
(45, 45, 1),
(46, 32, 0),
(46, 46, 1),
(47, 32, 0),
(47, 47, 1),
(48, 32, 0),
(48, 33, 1),
(48, 48, 2),
(49, 32, 0),
(49, 33, 1),
(49, 49, 2),
(50, 50, 0),
(51, 50, 0),
(51, 51, 1),
(52, 50, 0),
(52, 52, 1),
(53, 50, 0),
(53, 53, 1),
(54, 54, 0),
(55, 54, 0),
(55, 55, 1),
(56, 54, 0),
(56, 56, 1),
(57, 54, 0),
(57, 57, 1),
(58, 54, 0),
(58, 58, 1),
(59, 54, 0),
(59, 59, 1),
(60, 60, 0),
(61, 60, 0),
(61, 61, 1),
(62, 60, 0),
(62, 62, 1),
(63, 60, 0),
(63, 63, 1),
(64, 60, 0),
(64, 64, 1),
(65, 65, 0),
(66, 65, 0),
(66, 66, 1),
(67, 65, 0),
(67, 67, 1),
(68, 65, 0),
(68, 68, 1),
(69, 69, 0),
(70, 69, 0),
(70, 70, 1),
(71, 69, 0),
(71, 71, 1),
(72, 69, 0),
(72, 72, 1),
(73, 69, 0),
(73, 70, 1),
(73, 73, 2),
(74, 69, 0),
(74, 70, 1),
(74, 74, 2),
(75, 75, 0),
(76, 75, 0),
(76, 76, 1),
(77, 75, 0),
(77, 77, 1),
(78, 78, 0);

-- oc_category_to_store PRIMARY KEY (`category_id`,`store_id`)
INSERT IGNORE INTO `oc_category_to_store` (`category_id`, `store_id`) VALUES
(32, 0),
(33, 0),
(34, 0),
(35, 0),
(36, 0),
(37, 0),
(38, 0),
(39, 0),
(40, 0),
(41, 0),
(42, 0),
(43, 0),
(44, 0),
(45, 0),
(46, 0),
(47, 0),
(48, 0),
(49, 0),
(50, 0),
(51, 0),
(52, 0),
(53, 0),
(54, 0),
(55, 0),
(56, 0),
(57, 0),
(58, 0),
(59, 0),
(60, 0),
(61, 0),
(62, 0),
(63, 0),
(64, 0),
(65, 0),
(66, 0),
(67, 0),
(68, 0),
(69, 0),
(70, 0),
(71, 0),
(72, 0),
(73, 0),
(74, 0),
(75, 0),
(76, 0),
(77, 0),
(78, 0);