-- oc_product PRIMARY KEY (`product_id`)
-- delete first
INSERT IGNORE INTO `oc_product` (`product_id`, `model`, `sku`, `common_barcode`, `common_sku`, `common_compare_price`, `common_price`, `common_cost_price`, `barcode`, `upc`, `ean`, `jan`, `isbn`, `mpn`, `location`, `quantity`, `sale_on_out_of_stock`, `stock_status_id`, `image`, `image_alt`, `multi_versions`, `manufacturer_id`, `shipping`, `price`, `price_currency_id`, `compare_price`, `c_price_currency_id`, `points`, `tax_class_id`, `date_available`, `weight`, `weight_class_id`, `length`, `width`, `height`, `length_class_id`, `subtract`, `minimum`, `sort_order`, `status`, `channel`, `viewed`, `demo`, `deleted`, `default_store_id`, `user_create_id`, `date_added`, `date_modified`) VALUES
(154, '', '', '', '', '0.0000', '0.0000', '0.0000', '', '', '', '', '', '', '', 0, 0, 0, 'https://cdn.bestme.asia/images/x2/thiet-ke-khong-ten-2_H5XZ4xA.png', '', 0, 26, 1, '0.0000', 1, '2100000.0000', 1, 0, 0, '0000-00-00', '100.00000000', 1, '0.00000000', '0.00000000', '0.00000000', 0, 1, 1, 0, 1, 2, 0, 1, NULL, 0, 1, '2020-09-24 08:13:53', '2020-09-24 08:56:41'),
(153, '', '', '', '', '0.0000', '0.0000', '0.0000', '', '', '', '', '', '', '', 0, 0, 0, 'https://cdn.bestme.asia/images/x2/0w2giwpqywzyjphwm19ysw-removebg-preview_ElvJQ9J.png', '', 0, 26, 1, '0.0000', 1, '1980000.0000', 1, 0, 0, '0000-00-00', '100.00000000', 1, '0.00000000', '0.00000000', '0.00000000', 0, 1, 1, 0, 1, 2, 0, 1, NULL, 0, 1, '2020-09-24 08:13:53', '2020-09-24 08:56:32'),
(152, '', '', '', '', '0.0000', '0.0000', '0.0000', '', '', '', '', '', '', '', 0, 0, 0, 'https://cdn.bestme.asia/images/x2/thiet-ke-khong-ten-3_fPFisZc.png', '', 0, 26, 1, '0.0000', 1, '580000.0000', 1, 0, 0, '0000-00-00', '100.00000000', 1, '0.00000000', '0.00000000', '0.00000000', 0, 1, 1, 0, 1, 2, 0, 1, NULL, 0, 1, '2020-09-24 08:13:53', '2020-09-24 08:55:41'),
(151, '', '', '', '', '0.0000', '0.0000', '0.0000', '', '', '', '', '', '', '', 0, 0, 0, 'https://cdn.bestme.asia/images/x2/tranh1_aEPjfL2.png', '', 0, 26, 1, '0.0000', 1, '4100000.0000', 1, 0, 0, '0000-00-00', '100.00000000', 1, '0.00000000', '0.00000000', '0.00000000', 0, 1, 1, 0, 1, 2, 0, 1, NULL, 0, 1, '2020-09-24 08:13:53', '2020-09-24 08:55:23'),
(150, '', '', '', '', '0.0000', '0.0000', '0.0000', '', '', '', '', '', '', '', 0, 0, 0, 'https://cdn.bestme.asia/images/x2/thiet-ke-khong-ten-4_J2MsVfZ.png', '', 0, 26, 1, '0.0000', 1, '2100000.0000', 1, 0, 0, '0000-00-00', '100.00000000', 1, '0.00000000', '0.00000000', '0.00000000', 0, 1, 1, 0, 1, 2, 0, 1, NULL, 0, 1, '2020-09-24 08:13:53', '2020-09-24 08:55:57'),
(149, '', '', '', '', '0.0000', '0.0000', '0.0000', '', '', '', '', '', '', '', 0, 0, 0, 'https://cdn.bestme.asia/images/x2/tranh2_SWyV5CA.png', '', 0, 26, 1, '0.0000', 1, '1900000.0000', 1, 0, 0, '0000-00-00', '100.00000000', 1, '0.00000000', '0.00000000', '0.00000000', 0, 1, 1, 0, 1, 2, 0, 1, NULL, 0, 1, '2020-09-24 08:13:53', '2020-09-24 08:56:59'),
(148, '', '', '', '', '0.0000', '0.0000', '0.0000', '', '', '', '', '', '', '', 0, 0, 0, 'https://cdn.bestme.asia/images/x2/tranh3_qcZYLJa.png', '', 0, 26, 1, '0.0000', 1, '6100000.0000', 1, 0, 0, '0000-00-00', '100.00000000', 1, '0.00000000', '0.00000000', '0.00000000', 0, 1, 1, 0, 1, 2, 0, 1, NULL, 0, 1, '2020-09-24 08:13:53', '2020-09-24 08:57:08'),
(147, '', '', '', '', '0.0000', '0.0000', '0.0000', '', '', '', '', '', '', '', 0, 0, 0, 'https://cdn.bestme.asia/images/x2/trong1_nJUmXIw.png', '', 0, 26, 1, '0.0000', 1, '5100000.0000', 1, 0, 0, '0000-00-00', '100.00000000', 1, '0.00000000', '0.00000000', '0.00000000', 0, 1, 1, 0, 1, 2, 0, 1, NULL, 0, 1, '2020-09-24 08:13:53', '2020-09-24 08:56:06'),
(146, '', '', '', '', '0.0000', '0.0000', '0.0000', '', '', '', '', '', '', '', 0, 0, 0, 'https://cdn.bestme.asia/images/x2/trong4_DBSr3ZK.png', '', 0, 26, 1, '0.0000', 1, '6100000.0000', 1, 0, 0, '0000-00-00', '100.00000000', 1, '0.00000000', '0.00000000', '0.00000000', 0, 1, 1, 0, 1, 2, 0, 1, NULL, 0, 1, '2020-09-24 08:13:53', '2020-09-24 08:55:49'),
(145, '', '', '', '', '0.0000', '0.0000', '0.0000', '', '', '', '', '', '', '', 0, 0, 0, 'https://cdn.bestme.asia/images/x2/trong3_lylItz9.png', '', 0, 26, 1, '0.0000', 1, '4900000.0000', 1, 0, 0, '0000-00-00', '100.00000000', 1, '0.00000000', '0.00000000', '0.00000000', 0, 1, 1, 0, 1, 2, 0, 1, NULL, 0, 1, '2020-09-24 08:13:53', '2020-09-24 08:58:20'),
(144, '', '', '', '', '0.0000', '0.0000', '0.0000', '', '', '', '', '', '', '', 0, 0, 0, 'https://cdn.bestme.asia/images/x2/trong2_dL6TRk3.png', '', 0, 26, 1, '0.0000', 1, '4700000.0000', 1, 0, 0, '0000-00-00', '100.00000000', 1, '0.00000000', '0.00000000', '0.00000000', 0, 1, 1, 0, 1, 2, 0, 1, NULL, 0, 1, '2020-09-24 08:13:53', '2020-09-24 08:58:51'),
(143, '', '', '', '', '0.0000', '0.0000', '0.0000', '', '', '', '', '', '', '', 0, 0, 0, 'https://cdn.bestme.asia/images/x2/td4_qvoRuPZ.png', '', 0, 26, 1, '0.0000', 1, '8700000.0000', 1, 0, 0, '0000-00-00', '100.00000000', 1, '0.00000000', '0.00000000', '0.00000000', 0, 1, 1, 0, 1, 2, 0, 1, NULL, 0, 1, '2020-09-24 08:13:53', '2020-09-24 08:57:18'),
(141, '', '', '', '', '0.0000', '0.0000', '0.0000', '', '', '', '', '', '', '', 0, 0, 0, 'https://cdn.bestme.asia/images/x2/td2_ZaC2QD0.png', '', 0, 26, 1, '0.0000', 1, '6300000.0000', 1, 0, 0, '0000-00-00', '100.00000000', 1, '0.00000000', '0.00000000', '0.00000000', 0, 1, 1, 0, 1, 2, 0, 1, NULL, 0, 1, '2020-09-24 08:13:53', '2020-09-24 08:55:33'),
(142, '', '', '', '', '0.0000', '0.0000', '0.0000', '', '', '', '', '', '', '', 0, 0, 0, 'https://cdn.bestme.asia/images/x2/td3_uQpCUpz.jpg', '', 0, 26, 1, '0.0000', 1, '7400000.0000', 1, 0, 0, '0000-00-00', '100.00000000', 1, '0.00000000', '0.00000000', '0.00000000', 0, 1, 1, 0, 1, 2, 0, 1, NULL, 0, 1, '2020-09-24 08:13:53', '2020-09-24 08:13:53'),
(140, '', '', '', '', '0.0000', '0.0000', '0.0000', '', '', '', '', '', '', '', 0, 0, 0, 'https://cdn.bestme.asia/images/x2/td1_7KZNcoL.png', '', 0, 26, 1, '0.0000', 1, '8300000.0000', 1, 0, 0, '0000-00-00', '100.00000000', 1, '0.00000000', '0.00000000', '0.00000000', 0, 1, 1, 0, 1, 2, 0, 1, NULL, 0, 1, '2020-09-24 08:13:53', '2020-09-24 08:55:13'),
(139, '', '', '', '', '0.0000', '0.0000', '0.0000', '', '', '', '', '', '', '', 0, 0, 0, 'https://cdn.bestme.asia/images/x2/cc3_hdeKTik.png', '', 0, 26, 1, '0.0000', 1, '9700000.0000', 1, 0, 0, '0000-00-00', '100.00000000', 1, '0.00000000', '0.00000000', '0.00000000', 0, 1, 1, 0, 1, 2, 0, 1, NULL, 0, 1, '2020-09-24 08:13:53', '2020-09-24 08:13:53'),
(137, '', '', '', '', '0.0000', '0.0000', '0.0000', '', '', '', '', '', '', '', 0, 0, 0, 'https://cdn.bestme.asia/images/x2/cc1_aEb442O.png', '', 0, 26, 1, '0.0000', 1, '5100000.0000', 1, 0, 0, '0000-00-00', '100.00000000', 1, '0.00000000', '0.00000000', '0.00000000', 0, 1, 1, 0, 1, 2, 0, 1, NULL, 0, 1, '2020-09-24 08:13:53', '2020-09-24 08:56:50'),
(138, '', '', '', '', '0.0000', '0.0000', '0.0000', '', '', '', '', '', '', '', 0, 0, 0, 'https://cdn.bestme.asia/images/x2/cc2_0nDppgw.png', '', 0, 26, 1, '0.0000', 1, '11300000.0000', 1, 0, 0, '0000-00-00', '100.00000000', 1, '0.00000000', '0.00000000', '0.00000000', 0, 1, 1, 0, 1, 2, 0, 1, NULL, 0, 1, '2020-09-24 08:13:53', '2020-09-24 08:56:24'),
(136, '', '', '', '', '0.0000', '0.0000', '0.0000', '', '', '', '', '', '', '', 0, 0, 0, 'https://cdn.bestme.asia/images/x2/cc_D2QeygM.png', '', 0, 26, 1, '0.0000', 1, '12000000.0000', 1, 0, 0, '0000-00-00', '100.00000000', 1, '0.00000000', '0.00000000', '0.00000000', 0, 1, 1, 0, 1, 2, 0, 1, NULL, 0, 1, '2020-09-24 08:13:53', '2020-09-24 08:13:53'),
(135, '', '', '', '', '0.0000', '0.0000', '0.0000', '', '', '', '', '', '', '', 0, 0, 0, 'https://cdn.bestme.asia/images/x2/qt4_ula4BVm.png', '', 0, 26, 1, '0.0000', 1, '6100000.0000', 1, 0, 0, '0000-00-00', '100.00000000', 1, '0.00000000', '0.00000000', '0.00000000', 0, 1, 1, 0, 1, 2, 0, 1, NULL, 0, 1, '2020-09-24 08:13:53', '2020-09-24 08:56:17'),
(134, '', '', '', '', '0.0000', '0.0000', '0.0000', '', '', '', '', '', '', '', 0, 0, 0, 'https://cdn.bestme.asia/images/x2/qt3_N90urIo.png', '', 0, 26, 1, '0.0000', 1, '640000.0000', 1, 0, 0, '0000-00-00', '100.00000000', 1, '0.00000000', '0.00000000', '0.00000000', 0, 1, 1, 0, 1, 2, 0, 1, NULL, 0, 1, '2020-09-24 08:13:53', '2020-09-24 08:57:31'),
(132, '', '', '', '', '0.0000', '0.0000', '0.0000', '', '', '', '', '', '', '', 0, 0, 0, 'https://cdn.bestme.asia/images/x2/qt1_7A2shgt.png', '', 0, 26, 1, '0.0000', 1, '5600000.0000', 1, 0, 0, '0000-00-00', '100.00000000', 1, '0.00000000', '0.00000000', '0.00000000', 0, 1, 1, 0, 1, 2, 0, 1, NULL, 0, 1, '2020-09-24 08:13:53', '2020-09-24 08:57:57'),
(133, '', '', '', '', '0.0000', '0.0000', '0.0000', '', '', '', '', '', '', '', 0, 0, 0, 'https://cdn.bestme.asia/images/x2/qt2_uvcjpzo.png', '', 0, 26, 1, '0.0000', 1, '1600000.0000', 1, 0, 0, '0000-00-00', '100.00000000', 1, '0.00000000', '0.00000000', '0.00000000', 0, 1, 1, 0, 1, 2, 0, 1, NULL, 0, 1, '2020-09-24 08:13:53', '2020-09-24 08:58:42'),
(155, '', '', '', '', '0.0000', '0.0000', '0.0000', '', '', '', '', '', '', '', 0, 0, 0, 'https://cdn.bestme.asia/images/x2/2013020639paireflambeauxlaiton1n-removebg-preview_nm6cNus.png', '', 0, 26, 1, '0.0000', 1, '610000.0000', 1, 0, 0, '0000-00-00', '100.00000000', 1, '0.00000000', '0.00000000', '0.00000000', 0, 1, 1, 0, 1, 2, 0, 1, NULL, 0, 1, '2020-09-24 08:13:53', '2020-09-24 08:13:53'),
(156, '', '', '', '', '0.0000', '0.0000', '0.0000', '', '', '', '', '', '', '', 0, 0, 0, 'https://cdn.bestme.asia/images/x2/tb1fmr1kpxxxxabxvxxxxxxxxxx0-itempic-removebg-preview_EXw0O1Q.png', '', 0, 26, 1, '0.0000', 1, '4120000.0000', 1, 0, 0, '0000-00-00', '100.00000000', 1, '0.00000000', '0.00000000', '0.00000000', 0, 1, 1, 0, 1, 2, 0, 1, NULL, 0, 1, '2020-09-24 08:13:53', '2020-09-24 08:13:53'),
(157, '', '', '', '', '0.0000', '0.0000', '0.0000', '', '', '', '', '', '', '', 0, 0, 0, 'https://cdn.bestme.asia/images/x2/22019543459116228_AhuTO2C.jpg', '', 0, 26, 1, '0.0000', 1, '3410000.0000', 1, 0, 0, '0000-00-00', '100.00000000', 1, '0.00000000', '0.00000000', '0.00000000', 0, 1, 1, 0, 1, 2, 0, 1, NULL, 0, 1, '2020-09-24 08:13:53', '2020-09-24 08:13:53'),
(158, '', '', '', '', '0.0000', '0.0000', '0.0000', '', '', '', '', '', '', '', 0, 0, 0, 'https://cdn.bestme.asia/images/x2/iryiscqml2-re0jxmbjauw-removebg-preview_huakn7X.png', '', 0, 26, 1, '0.0000', 1, '2310000.0000', 1, 0, 0, '0000-00-00', '100.00000000', 1, '0.00000000', '0.00000000', '0.00000000', 0, 1, 1, 0, 1, 2, 0, 1, NULL, 0, 1, '2020-09-24 08:13:53', '2020-09-24 08:58:32'),
(159, '', '', '', '', '0.0000', '0.0000', '0.0000', '', '', '', '', '', '', '', 0, 0, 0, 'https://cdn.bestme.asia/images/x2/linh-vat-heo-phong-thuy-1_Kj8mnAX.jpg', '', 0, 26, 1, '0.0000', 1, '2100000.0000', 1, 0, 0, '0000-00-00', '100.00000000', 1, '0.00000000', '0.00000000', '0.00000000', 0, 1, 1, 0, 1, 2, 0, 1, NULL, 0, 1, '2020-09-24 08:13:53', '2020-09-24 08:13:53'),
(160, '', '', '', '', '0.0000', '0.0000', '0.0000', '', '', '', '', '', '', '', 0, 0, 0, 'https://cdn.bestme.asia/images/x2/thiet-ke-khong-ten-1_80YptsO.png', '', 0, 26, 1, '0.0000', 1, '830000.0000', 1, 0, 0, '0000-00-00', '100.00000000', 1, '0.00000000', '0.00000000', '0.00000000', 0, 1, 1, 0, 1, 2, 0, 1, NULL, 0, 1, '2020-09-24 08:13:53', '2020-09-24 08:58:09'),
(161, '', '', '', '', '0.0000', '0.0000', '0.0000', '', '', '', '', '', '', '', 0, 0, 0, 'https://cdn.bestme.asia/images/x2/vyom-shop-brass-nepali-bell-medium-vyom-shop-brass-nepali-bell-medium-vdn7wi_hymeGDs.jpg', '', 0, 26, 1, '0.0000', 1, '790000.0000', 1, 0, 0, '0000-00-00', '100.00000000', 1, '0.00000000', '0.00000000', '0.00000000', 0, 1, 1, 0, 1, 2, 0, 1, NULL, 0, 1, '2020-09-24 08:13:53', '2020-09-24 08:13:53'),
(162, '', '', '', '', '0.0000', '0.0000', '0.0000', '', '', '', '', '', '', '', 0, 0, 0, 'https://cdn.bestme.asia/images/x2/thiet-ke-khong-ten_q4bMeov.png', '', 0, 26, 1, '0.0000', 1, '490000.0000', 1, 0, 0, '0000-00-00', '100.00000000', 1, '0.00000000', '0.00000000', '0.00000000', 0, 1, 1, 0, 1, 2, 0, 1, NULL, 0, 1, '2020-09-24 08:13:53', '2020-09-24 08:55:05'),
(163, '', '', '', '', '0.0000', '0.0000', '0.0000', '', '', '', '', '', '', '', 0, 0, 0, 'https://cdn.bestme.asia/images/x2/vintage-dragon-font-b-bell-b-font-hang-decoration-buddhist-font-b-bell-b-font-ornament_OqnStHy.jpg', '', 0, 26, 1, '0.0000', 1, '310000.0000', 1, 0, 0, '0000-00-00', '100.00000000', 1, '0.00000000', '0.00000000', '0.00000000', 0, 1, 1, 0, 1, 2, 0, 1, NULL, 0, 1, '2020-09-24 08:13:53', '2020-09-24 08:13:53');

-- restore soft-deleted products if demo
UPDATE `oc_product` SET `deleted` = NULL
WHERE `demo` = 1
  AND `product_id` IN (
    154,
    153,
    152,
    151,
    150,
    149,
    148,
    147,
    146,
    145,
    144,
    143,
    141,
    142,
    140,
    139,
    137,
    138,
    136,
    135,
    134,
    132,
    133,
    155,
    156,
    157,
    158,
    159,
    160,
    161,
    162,
    163
  );

-- oc_product_collection PRIMARY KEY (`product_collection_id`)
INSERT IGNORE INTO `oc_product_collection` (`product_collection_id`, `product_id`, `collection_id`, `sort_order`) VALUES
(252, 132, 21, 0),
(221, 151, 11, 0),
(230, 150, 11, 0),
(244, 149, 11, 0),
(228, 146, 10, 0),
(232, 147, 10, 0),
(262, 144, 10, 0),
(256, 145, 10, 0),
(155, 142, 9, 4),
(219, 140, 9, 0),
(223, 141, 9, 0),
(248, 143, 9, 0),
(250, 134, 22, 0),
(246, 148, 11, 0),
(225, 152, 13, 0),
(234, 135, 21, 0),
(260, 133, 21, 0),
(238, 153, 13, 0),
(240, 154, 13, 0),
(171, 155, 13, 0),
(172, 159, 14, 0),
(258, 158, 14, 0),
(174, 156, 14, 0),
(175, 157, 14, 0),
(176, 139, 15, 0),
(242, 137, 15, 0),
(178, 136, 15, 0),
(236, 138, 15, 0),
(217, 162, 21, 0),
(181, 161, 16, 0),
(182, 163, 16, 0),
(254, 160, 22, 0),
(239, 154, 21, 0),
(233, 135, 12, 0),
(186, 139, 21, 0),
(251, 132, 12, 0),
(259, 133, 12, 0),
(189, 155, 21, 0),
(224, 152, 21, 0),
(241, 137, 21, 0),
(216, 162, 16, 0),
(193, 161, 21, 0),
(253, 160, 16, 0),
(255, 145, 22, 0),
(261, 144, 22, 0),
(231, 147, 22, 0),
(249, 134, 12, 0),
(229, 150, 22, 0),
(243, 149, 22, 0),
(220, 151, 22, 0),
(245, 148, 22, 0),
(227, 146, 23, 0),
(235, 138, 23, 0),
(205, 136, 23, 0),
(237, 153, 23, 0),
(207, 142, 23, 0),
(208, 156, 23, 0),
(218, 140, 23, 0),
(222, 141, 23, 0),
(211, 157, 23, 0),
(247, 143, 23, 0),
(257, 158, 23, 0),
(214, 159, 23, 0),
(226, 146, 22, 0);

-- oc_product_description PRIMARY KEY (`product_id`,`language_id`)
INSERT IGNORE INTO `oc_product_description` (`product_id`, `language_id`, `name`, `description`, `sub_description`, `seo_title`, `seo_description`, `tag`, `meta_title`, `meta_description`, `meta_keyword`) VALUES
(132, 2, 'Bộ Chuông Đồng Văn Phòng', '', '', '', '', '', '', '', ''),
(133, 2, 'Bút Máy Bằng Đồng', '', '', '', '', '', '', '', ''),
(134, 2, 'Móc Đeo Bằng Đồng', '', '', '', '', '', '', '', ''),
(135, 2, 'Biểu Tượng Danh Vọng Bằng Đồng', '', '', '', '', '', '', '', ''),
(136, 2, 'Đỉnh Đồng Cao Cấp Hình Sư Tử', '', '', '', '', '', '', '', ''),
(137, 2, 'Chén Đồng Cao Cấp Hoa Văn Đẹp', '', '', '', '', '', '', '', ''),
(138, 2, 'Đỉnh Đồng Cao Cấp Hoa Văn Rồng', '', '', '', '', '', '', '', ''),
(139, 2, 'Bình Đồng Hoa Văn Cao Cấp', '', '', '', '', '', '', '', ''),
(140, 2, 'Tượng Quan Công', '', '', '', '', '', '', '', ''),
(141, 2, 'Tượng Phật Đồng', '', '', '', '', '', '', '', ''),
(142, 2, 'Tượng Đồng La Hán', '', '', '', '', '', '', '', ''),
(143, 2, 'Tượng Khổng Tử', '', '', '', '', '', '', '', ''),
(144, 2, 'Mặt Trống Đồng Lưu Niệm', '', '', '', '', '', '', '', ''),
(145, 2, 'Mặt Trống Đồng Lạc Việt', '', '', '', '', '', '', '', ''),
(146, 2, 'Trống Đồng Lưu Niệm', '', '', '', '', '', '', '', ''),
(147, 2, 'Mặt Trống Đồng Đông Sơn', '', '', '', '', '', '', '', ''),
(148, 2, 'Tranh Đồng Phong Cảnh', '', '', '', '', '', '', '', ''),
(149, 2, 'Tranh Đồng Hình Rồng Phượng', '', '', '', '', '', '', '', ''),
(150, 2, 'Tranh Đồng Chữ Thọ', '', '', '', '', '', '', '', ''),
(151, 2, 'Tranh Đồng Hoa Sen', '', '', '', '', '', '', '', ''),
(152, 2, 'Chén Thờ Bằng Đồng', '', '', '', '', '', '', '', ''),
(153, 2, 'Đèn Thờ Bằng Đồng', '', '', '', '', '', '', '', ''),
(154, 2, 'Bát Hương Bằng Đồng', '', '', '', '', '', '', '', ''),
(155, 2, 'Chân Nến Bằng Đồng', '', '', '', '', '', '', '', ''),
(156, 2, 'Tượng Rồng', '', '', '', '', '', '', '', ''),
(157, 2, 'Tượng Lân', '', '', '', '', '', '', '', ''),
(158, 2, 'Tượng Khỉ Tài Lộc', '', '', '', '', '', '', '', ''),
(159, 2, 'Tượng Heo Phong Thuỷ (mẫu)', '<h2>Tượng heo phong thủy kích thước dài 17cm, cao 19cm, ngang 11cm, nặng 1,5kg, được đúc theo phong thủy của gia chủ. Đồng phong thủy chuyên cung cấp tượng phong thủy, tượng đồng, linh vật đồng phong thủy,...</h2>\n\n<p><img alt=\"linh vật heo phong thủy\" data-mce-src=\"//file.hstatic.net/1000163445/file/linh-vat-heo-phong-thuy-1.jpg\" src=\"https://file.hstatic.net/1000163445/file/linh-vat-heo-phong-thuy-1.jpg\" /></p>\n\n<p><img alt=\"linh vật heo phong thủy\" data-mce-src=\"//file.hstatic.net/1000163445/file/t__ng-heo-phong-thuy.jpg\" src=\"https://file.hstatic.net/1000163445/file/t__ng-heo-phong-thuy.jpg\" /></p>', '<p>Kích thước: Dài 17cm cao 19cm ngang 11cm.</p>\n\n<p>Khối lượng: 1.5 Kg.</p>\n\n<p>Vật liệu: Đồng vàng nguyên chất.</p>\n\n<p>Xuất xứ: Việt Nam.</p>\n\n<p> </p>', '', '', '', '', '', ''),
(160, 2, 'Chuông Đồng Tượng', '', '', '', '', '', '', '', ''),
(161, 2, 'Chuông Đồng Hoa Văn', '', '', '', '', '', '', '', ''),
(162, 2, 'Chuông Đồng Hình Phật', '', '', '', '', '', '', '', ''),
(163, 2, 'Chuông Đồng Treo Trang Trí Hình Rồng', '', '', '', '', '', '', '', '');

-- oc_product_image PRIMARY KEY (`product_image_id`)
INSERT IGNORE INTO `oc_product_image` (`product_image_id`, `product_id`, `image`, `image_alt`, `sort_order`) VALUES
(143, 159, 'https://res.cloudinary.com/bestme-support/image/upload/v1600663951/28828/tng-heo-phong-thuy.jpg', '', 0);

-- oc_product_to_category PRIMARY KEY (`product_id`,`category_id`)
INSERT IGNORE INTO `oc_product_to_category` (`product_id`, `category_id`) VALUES
(132, 78),
(133, 78),
(134, 78),
(135, 78),
(136, 47),
(136, 75),
(137, 75),
(138, 47),
(138, 75),
(139, 75),
(139, 77),
(140, 62),
(141, 61),
(142, 64),
(143, 62),
(144, 66),
(145, 68),
(146, 66),
(147, 68),
(148, 56),
(149, 59),
(150, 57),
(151, 55),
(152, 44),
(153, 39),
(154, 40),
(155, 43),
(156, 52),
(157, 52),
(158, 51),
(159, 51),
(160, 69),
(161, 69),
(162, 69),
(163, 69);

-- oc_product_to_store PRIMARY KEY (`product_id`,`store_id`)
INSERT IGNORE INTO `oc_product_to_store` (`product_id`, `store_id`, `product_version_id`, `quantity`, `cost_price`) VALUES
(144, 0, 0, 10, '0.0000'),
(133, 0, 0, 10, '0.0000'),
(158, 0, 0, 10, '0.0000'),
(145, 0, 0, 10, '0.0000'),
(160, 0, 0, 10, '0.0000'),
(132, 0, 0, 10, '0.0000'),
(134, 0, 0, 10, '0.0000'),
(143, 0, 0, 10, '0.0000'),
(148, 0, 0, 10, '0.0000'),
(149, 0, 0, 10, '0.0000'),
(137, 0, 0, 10, '0.0000'),
(154, 0, 0, 10, '0.0000'),
(153, 0, 0, 10, '0.0000'),
(138, 0, 0, 10, '0.0000'),
(135, 0, 0, 10, '0.0000'),
(147, 0, 0, 10, '0.0000'),
(150, 0, 0, 10, '0.0000'),
(146, 0, 0, 10, '0.0000'),
(152, 0, 0, 10, '0.0000'),
(141, 0, 0, 10, '0.0000'),
(151, 0, 0, 10, '0.0000'),
(140, 0, 0, 10, '0.0000'),
(162, 0, 0, 10, '0.0000');