-- oc_product PRIMARY KEY (`product_id`)
-- delete first
INSERT IGNORE INTO `oc_product` (`product_id`, `model`, `sku`, `common_barcode`, `common_sku`, `common_compare_price`, `common_price`, `common_cost_price`, `barcode`, `upc`, `ean`, `jan`, `isbn`, `mpn`, `location`, `quantity`, `sale_on_out_of_stock`, `stock_status_id`, `image`, `image_alt`, `multi_versions`, `manufacturer_id`, `shipping`, `price`, `price_currency_id`, `compare_price`, `c_price_currency_id`, `points`, `tax_class_id`, `date_available`, `weight`, `weight_class_id`, `length`, `width`, `height`, `length_class_id`, `subtract`, `minimum`, `sort_order`, `status`, `channel`, `viewed`, `demo`, `deleted`, `default_store_id`, `date_added`, `date_modified`) VALUES
(183, '', '', '', '', '0.0000', '0.0000', '0.0000', '', '', '', '', '', '', '', 0, 0, 0, 'https://cdn.bestme.asia/images/thegioiphongthuy/5d0cbd8986b26-nqvt0991-v-ng-tay-12-cung-ho-ng-o-m-n-o-charm-b-ch-d-ng-8mm-k-5.jpg', '', 0, 26, 1, '0.0000', 1, '500000.0000', 1, 0, 0, '0000-00-00', '1.00000000', 1, '0.00000000', '0.00000000', '0.00000000', 0, 1, 1, 0, 1, 2, 0, 1, NULL, 0, '2020-12-12 11:34:09', '2020-12-12 11:45:30'),
(182, '', '', '', '', '0.0000', '0.0000', '0.0000', '', '', '', '', '', '', '', 0, 0, 0, 'https://cdn.bestme.asia/images/thegioiphongthuy/5d0b6afe3e77f-nqvt0979-v-ng-tay-m-t-h-charm-tu-i-d-n-b-c-m-v-ng-24k-8mm-k-5.jpg', '', 0, 26, 1, '460000.0000', 1, '500000.0000', 1, 0, 0, '0000-00-00', '1.00000000', 1, '0.00000000', '0.00000000', '0.00000000', 0, 1, 1, 0, 1, 2, 0, 1, NULL, 0, '2020-12-12 11:34:09', '2020-12-12 11:44:38'),
(181, '', '', '', '', '0.0000', '0.0000', '0.0000', '', '', '', '', '', '', '', 0, 0, 0, 'https://cdn.bestme.asia/images/thegioiphongthuy/5d0c841216523-nqvt0637-v-ng-tay-c-m-th-ch-s-n-th-y-charm-tu-i-d-u-b-c-m-v-ng-24k-6mm-k-5.jpg', '', 0, 26, 1, '479000.0000', 1, '620000.0000', 1, 0, 0, '0000-00-00', '1.00000000', 1, '0.00000000', '0.00000000', '0.00000000', 0, 1, 1, 0, 1, 2, 0, 1, NULL, 0, '2020-12-12 11:34:09', '2020-12-12 11:45:52'),
(179, '', 'VT016', '', '', '0.0000', '0.0000', '0.0000', '', '', '', '', '', '', '', 0, 0, 0, 'https://2.pik.vn/20205907a07e-4c5c-496d-8e8e-3c85f78a1311.jpg', '', 0, 26, 1, '2280000.0000', 1, '2650000.0000', 1, 0, 0, '0000-00-00', '1.00000000', 1, '0.00000000', '0.00000000', '0.00000000', 0, 1, 1, 0, 1, 2, 0, 1, NULL, 0, '2020-12-12 00:33:43', '2020-12-12 00:33:44'),
(180, '', '', '', '', '0.0000', '0.0000', '0.0000', '', '', '', '', '', '', '', 0, 0, 0, 'https://cdn.bestme.asia/images/thegioiphongthuy/5d0dbfaed3e0b-nqvt1003-v-ng-tay-12-cung-ho-ng-o-obsidian-charm-b-ch-d-ng-8mm-k-5.jpg', '', 0, 26, 1, '459000.0000', 1, '560000.0000', 1, 0, 0, '0000-00-00', '1.00000000', 1, '0.00000000', '0.00000000', '0.00000000', 0, 1, 1, 0, 1, 2, 0, 1, NULL, 0, '2020-12-12 11:34:09', '2020-12-12 11:45:04'),
(178, '', 'VT015', '', '', '0.0000', '0.0000', '0.0000', '', '', '', '', '', '', '', 0, 0, 0, 'https://2.pik.vn/2020b61080c5-1c66-4f77-8d8e-676d3a011553.jpg', '', 0, 26, 1, '2690000.0000', 1, '3000000.0000', 1, 0, 0, '0000-00-00', '1.00000000', 1, '0.00000000', '0.00000000', '0.00000000', 0, 1, 1, 0, 1, 2, 0, 1, NULL, 0, '2020-12-12 00:33:43', '2020-12-12 00:33:44'),
(175, '', 'VT012', '', '', '0.0000', '0.0000', '0.0000', '', '', '', '', '', '', '', 0, 0, 0, 'https://2.pik.vn/2020517af4b3-ceae-4c4b-a911-04df3932d0a4.jpg', '', 0, 26, 1, '1980000.0000', 1, '2250000.0000', 1, 0, 0, '0000-00-00', '1.00000000', 1, '0.00000000', '0.00000000', '0.00000000', 0, 1, 1, 0, 1, 2, 0, 1, NULL, 0, '2020-12-12 00:33:43', '2020-12-12 00:33:44'),
(176, '', 'VT013', '', '', '0.0000', '0.0000', '0.0000', '', '', '', '', '', '', '', 0, 0, 0, 'https://2.pik.vn/20209d21d729-d6d3-4786-9faf-752e8036ff9f.jpg', '', 0, 26, 1, '2190000.0000', 1, '2980000.0000', 1, 0, 0, '0000-00-00', '1.00000000', 1, '0.00000000', '0.00000000', '0.00000000', 0, 1, 1, 0, 1, 2, 0, 1, NULL, 0, '2020-12-12 00:33:43', '2020-12-12 00:33:44'),
(177, '', 'VT014', '', '', '0.0000', '0.0000', '0.0000', '', '', '', '', '', '', '', 0, 0, 0, 'https://2.pik.vn/2020dec992f5-ef75-4492-a27a-5044f7ab9915.jpg', '', 0, 26, 1, '1890000.0000', 1, '2120000.0000', 1, 0, 0, '0000-00-00', '1.00000000', 1, '0.00000000', '0.00000000', '0.00000000', 0, 1, 1, 0, 1, 2, 0, 1, NULL, 0, '2020-12-12 00:33:43', '2020-12-12 00:33:44'),
(174, '', 'VT011', '', '', '0.0000', '0.0000', '0.0000', '', '', '', '', '', '', '', 0, 0, 0, 'https://2.pik.vn/2020771ecd14-9d7b-4150-82f3-f331be3a3c1a.jpg', '', 0, 26, 1, '0.0000', 1, '1390000.0000', 1, 0, 0, '0000-00-00', '1.00000000', 1, '0.00000000', '0.00000000', '0.00000000', 0, 1, 1, 0, 1, 2, 0, 1, NULL, 0, '2020-12-12 00:33:43', '2020-12-12 00:33:44'),
(173, '', 'VT010', '', '', '0.0000', '0.0000', '0.0000', '', '', '', '', '', '', '', 0, 0, 0, 'https://2.pik.vn/20204fafe0f1-3ab2-4073-bc1a-7c23d5e6b9f4.jpg', '', 0, 26, 1, '1890000.0000', 1, '2000000.0000', 1, 0, 0, '0000-00-00', '1.00000000', 1, '0.00000000', '0.00000000', '0.00000000', 0, 1, 1, 0, 1, 2, 0, 1, NULL, 0, '2020-12-12 00:33:43', '2020-12-12 00:33:44'),
(172, '', 'VT009', '', '', '0.0000', '0.0000', '0.0000', '', '', '', '', '', '', '', 0, 0, 0, 'https://2.pik.vn/20204de96840-9418-491a-aac7-436c0d9a2b05.jpg', '', 0, 26, 1, '990000.0000', 1, '1200000.0000', 1, 0, 0, '0000-00-00', '1.00000000', 1, '0.00000000', '0.00000000', '0.00000000', 0, 1, 1, 0, 1, 2, 0, 1, NULL, 0, '2020-12-12 00:33:43', '2020-12-12 00:33:44'),
(171, '', 'VT008', '', '', '0.0000', '0.0000', '0.0000', '', '', '', '', '', '', '', 0, 0, 0, 'https://2.pik.vn/2020aeb8383a-25d7-4d92-9e9e-ea959c6a9e2a.jpg', '', 0, 26, 1, '2590000.0000', 1, '3120000.0000', 1, 0, 0, '0000-00-00', '1.00000000', 1, '0.00000000', '0.00000000', '0.00000000', 0, 1, 1, 0, 1, 2, 0, 1, NULL, 0, '2020-12-12 00:33:43', '2020-12-12 00:33:44'),
(170, '', 'VT007', '', '', '0.0000', '0.0000', '0.0000', '', '', '', '', '', '', '', 0, 0, 0, 'https://2.pik.vn/2020d2f21417-45bf-46d0-b269-c67a739edca4.jpg', '', 0, 26, 1, '2490000.0000', 1, '3000000.0000', 1, 0, 0, '0000-00-00', '1.00000000', 1, '0.00000000', '0.00000000', '0.00000000', 0, 1, 1, 0, 1, 2, 0, 1, NULL, 0, '2020-12-12 00:33:43', '2020-12-12 00:33:44'),
(169, '', 'VT006', '', '', '0.0000', '0.0000', '0.0000', '', '', '', '', '', '', '', 0, 0, 0, 'https://2.pik.vn/2020d3445083-b7f2-4ef2-9334-7c513f01372c.jpg', '', 0, 26, 1, '2560000.0000', 1, '2980000.0000', 1, 0, 0, '0000-00-00', '1.00000000', 1, '0.00000000', '0.00000000', '0.00000000', 0, 1, 1, 0, 1, 2, 0, 1, NULL, 0, '2020-12-12 00:33:43', '2020-12-12 00:33:44'),
(167, '', 'VT004', '', '', '0.0000', '0.0000', '0.0000', '', '', '', '', '', '', '', 0, 0, 0, 'https://2.pik.vn/2020f6d9862b-7ee7-44d4-b2bd-d231c4a22827.jpg', '', 0, 26, 1, '1980000.0000', 1, '2050000.0000', 1, 0, 0, '0000-00-00', '1.00000000', 1, '0.00000000', '0.00000000', '0.00000000', 0, 1, 1, 0, 1, 2, 0, 1, NULL, 0, '2020-12-12 00:33:43', '2020-12-12 00:33:43'),
(168, '', 'VT005', '', '', '0.0000', '0.0000', '0.0000', '', '', '', '', '', '', '', 0, 0, 0, 'https://2.pik.vn/202062c473a2-2b18-4f34-8d4d-c144d88b646c.jpg', '', 0, 26, 1, '0.0000', 1, '550000.0000', 1, 0, 0, '0000-00-00', '1.00000000', 1, '0.00000000', '0.00000000', '0.00000000', 0, 1, 1, 0, 1, 2, 0, 1, NULL, 0, '2020-12-12 00:33:43', '2020-12-12 00:33:44'),
(166, '', 'VT003', '', '', '0.0000', '0.0000', '0.0000', '', '', '', '', '', '', '', 0, 0, 0, 'https://2.pik.vn/2020da03ac47-efd0-4f6f-9fc7-607063534665.jpg', '', 0, 26, 1, '6800000.0000', 1, '10000000.0000', 1, 0, 0, '0000-00-00', '1.00000000', 1, '0.00000000', '0.00000000', '0.00000000', 0, 1, 1, 0, 1, 2, 0, 1, NULL, 0, '2020-12-12 00:33:43', '2020-12-12 00:33:43'),
(164, '', 'VT001', '', '', '0.0000', '0.0000', '0.0000', '', '', '', '', '', '', '', 0, 0, 0, 'https://2.pik.vn/202035431236-f05d-4603-a142-ff2767c93e65.jpg', '', 0, 26, 1, '1680000.0000', 1, '1980000.0000', 1, 0, 0, '0000-00-00', '1.00000000', 1, '0.00000000', '0.00000000', '0.00000000', 0, 1, 1, 0, 1, 2, 0, 1, NULL, 0, '2020-12-12 00:33:43', '2020-12-12 00:33:43'),
(165, '', 'VT002', '', '', '0.0000', '0.0000', '0.0000', '', '', '', '', '', '', '', 0, 0, 0, 'https://2.pik.vn/2020b0b87740-b7d1-49a0-bec8-30d37bdcdd3a.jpg', '', 0, 26, 1, '0.0000', 1, '1490000.0000', 1, 0, 0, '0000-00-00', '1.00000000', 1, '0.00000000', '0.00000000', '0.00000000', 0, 1, 1, 0, 1, 2, 0, 1, NULL, 0, '2020-12-12 00:33:43', '2020-12-12 00:33:43');

-- restore soft-deleted products if demo
UPDATE `oc_product` SET `deleted` = NULL
WHERE `demo` = 1
  AND `product_id` IN (
   183,
   182,
   181,
   179,
   180,
   178,
   175,
   176,
   177,
   174,
   173,
   172,
   171,
   170,
   169,
   167,
   168,
   166,
   164,
   165
  );

-- oc_product_collection PRIMARY KEY (`product_collection_id`)
INSERT IGNORE INTO `oc_product_collection` (`product_collection_id`, `product_id`, `collection_id`, `sort_order`) VALUES
(308, 183, 29, 0),
(304, 177, 28, 0),
(303, 181, 27, 0),
(300, 182, 27, 0),
(306, 173, 28, 0),
(285, 168, 26, 0),
(283, 164, 26, 0),
(281, 176, 26, 0),
(279, 171, 26, 0),
(271, 173, 25, 0),
(273, 172, 25, 0),
(277, 165, 25, 0),
(275, 175, 25, 0),
(265, 174, 24, 0),
(267, 167, 24, 0),
(263, 166, 24, 0),
(269, 169, 24, 0),
(280, 178, 26, 0),
(278, 178, 25, 0),
(284, 175, 26, 0),
(264, 173, 24, 0),
(266, 177, 24, 0),
(268, 172, 24, 0),
(307, 166, 28, 0),
(301, 180, 27, 0),
(302, 183, 27, 0),
(286, 174, 26, 0),
(305, 174, 28, 0),
(310, 181, 29, 0),
(282, 172, 26, 0),
(276, 168, 25, 0),
(274, 169, 25, 0),
(272, 177, 25, 0),
(270, 175, 24, 0),
(309, 180, 29, 0);

-- oc_product_description PRIMARY KEY (`product_id`,`language_id`)
INSERT IGNORE INTO `oc_product_description` (`product_id`, `language_id`, `name`, `description`, `sub_description`, `seo_title`, `seo_description`, `tag`, `meta_title`, `meta_description`, `meta_keyword`) VALUES
(164, 2, 'Rồng Phụng 33cm H40120', 'Rồng được xem là biểu tượng may mắn mạnh nhất trong phong thủy, một trong tứ thánh thú và cũng là là biểu tượng chính trong phong thủy. Rồng còn tượng trưng cho sự bắt đầu tươi mới. Phượng hay còn gọi là Phụng Hoàng cũng một trong tứ linh trong phong thủy, là vua của các loại có cánh, tượng trưng cho sự hồi phục và vươn lên đến đỉnh cao của thành công và thịnh vượng .<br />\n<br />\nrong-phung-1<br />\n<br />\nBiểu Tượng Của Sự Thành Công - Hạnh Phúc<br />\n<br />\nRồng phượng kết hợp lại tượng trưng cho vua và hoàng hậu, cho sự giàu có phú quý nên sự hiện hữu của rồng và phượng luôn là biểu tượng cho sự hạnh phúc, thành công. Do đó, nhiều gia đình thường có tranh, tượng, biểu tượng hoặc những đồ vật mô phỏng rồng phượng trong gia đình.<br />\n<br />\nrong-phung-2<br />\n<br />\nĐặt sản phẩm Rồng Phụng trong nhà sao cho đúng<br />\n<br />\nSản phẩm Rồng Phụng mang ý nghĩa tâm linh rất lớn nên rất được các gia đình ưa chuộng làm đồ trang trí để chưng trong nhà, tuy nhiên không phải ai cũng biết cách treo và đặt những đồ vật này cho hợp phong thủy. Tùy vào vị trí chúng ta đặt mà ảnh hưởng đến các thành viên trong gia đình.<br />\n<br />\n     + Phía Tây Bắc giúp mang may mắn đến cho người cha<br />\n<br />\n     + Phía Tây Nam giúp may mắn sẽ đến với người mẹ<br />\n<br />\n     + Phía Đông mang lợi ích sức khỏe về cho cả gia đình<br />\n<br />\n     + Phía Nam mang đến may mắn và danh vọng cho cả gia đình<br />\n<br />\nrong-phung-3', 'Trong văn hóa của người Việt, long phụng đóng vai trò vô cùng quan trọng. Cặp đôi này không chỉ mang ý nghĩa hòa hợp, hạnh phúc mà còn đem lại sự thành công, thịnh vượng cho gia chủ.Từ xa xưa, trong đám cưới của người Việt, biểu tượng long phụng hay rồng - phượng được dùng để thể hiện cho hôn nhân hòa hợp, tài lộc và có nhiều con cái. Trong đó, rồng tượng trưng cho người cha còn phượng tượng trưng cho người mẹ.<br />\n<br />\nThông Tin Sản Phẩm<br />\n<br />\n+ Chiều ngang x chiều cao: 26 x 33cm<br />\n+ Chất liệu                         : Bột đá<br />\n+ Chữ trên sản phẩm         : Long Phụng Cát Tường', '', '', '', '', '', ''),
(165, 2, 'Tỳ Hưu Tụ Tài H70048', 'Theo các tài liệu cổ thì Tỳ hưu là một loại mãnh thú có hình dạng đặc biệt, hội tụ những nét tinh hoa từ các loại mãnh thú khác như đầu rồng, mình sư tử đã làm cho tỳ hưu càng có vẻ uy dũng vượt trội hơn. Tỳ hưu miệng rộng, mông bự nhưng lại không có hậu môn do vậy mà nó có tác dụng chiêu tài tác lộc, mang lại nhiều điều may mắn cho gia chủ khi trưng bày trong gia đình hoặc nơi làm việc.<br />\n<br />\nty-huu-gia-go-1<br />\n<br />\nĐặc điểm của tượng Tỳ hưu gỗ<br />\n<br />\nLàm từ bột đá màu gỗ, đã làm cho tượng Tỳ hưu trở nên sang trọng hơn, rất phù hợp với những gia đình ưa thích phong cách cổ kính. Tỳ hưu được đặt trên một bệ đá cùng màu mang lại vẻ đồng điệu cho bức tượng, trên bệ có khắc 4 chữ \" Tỳ Hưu Tụ Tài\" với mong muốn khi trưng bày bức tượng này gia chủ sẽ đạt được nhiều tài lộc, may mắn và thịnh vượng.<br />\n<br />\nty-huu-gia-go-2<br />\n<br />\nTỳ Hưu- Tịch Tà: linh vật trừ tà<br />\n<br />\nNgoài ý nghĩa đem đến tài lộc, tiền bạc cho gia chủ thì Tỳ hưu còn mang một ý nghĩa khác đó là khả năng trừ tà. Theo truyền thuyết thì Tỳ hưu là loài vật không có hậu môn chuyên ăn vàng bạc, trang sức, đá quý do vậy mà nó có ý nghĩa mang đến tiền bạc và tài lộc. Tuy nhiên, ngoài vàng bạc, đá quý thì chúng còn ăn cả các loài tà linh- các loại tà thú khác do vậy chúng mới trở thành linh vật trừ tà và được gọi với cái tên là Tịch Tà.<br />\n<br />\nty-huu-gia-go-3<br />\n<br />\nSản phẩm đang được bán tại cửa hàng Quà Yêu Thương, mời các bạn cùng ghé xem và chúc các bạn chọn cho mình được 1 mẫu tỳ hưu thật như ý nhé.<br />\n<br />\nty-huu-gia-go-4<br />\n<br />\nẢnh chụp tỳ hưu tụ tài mặt sau (Ảnh: Quà Yêu Thương)<br />\n<br />\nty-huu-gia-go-1', 'Từ lâu, Tỳ hưu đã trở thành vật phẩm phong thủy được ưa chuộng bởi các doanh nhân, những người làm ăn buôn bán với ý nghĩa chiêu tài, mang lại may mắn cho gia chủ. Đây là một món quà ý nghĩa để dành tặng vào những dịp tân gia, khai trương cho bạn bè, người thân hay sếp. Sản phẩm đang được bán tại shop Quà Yêu Thương, mời các bạn cùng ghé thăm và chọn cho mình được 1 mẫu tỳ hưu thật ưng ý.<br />\n<br />\nThông Tin Sản Phẩm<br />\n<br />\n+ Chiều ngang x chiều cao: 28x30cm<br />\n+ Chất liệu: Bột đá<br />\n+ Chữ trên sản phẩm: Tỳ Hưu Tụ Tài ', '', '', '', '', '', ''),
(166, 2, 'Cóc ngậm tiền (Lớn) H10042', 'Nếu là một nhà kinh doanh chắc hẳn sẽ không ai lạ lẫm với hình ảnh thiềm thừ- một vật phẩm phong thủy rất được ưa chuộng bởi tác dụng mà thiềm thừ đem lại các doanh nhân là rất nhiều có thể kể đến là chiêu tài, mang lại may mắn, thịnh vượng cũng như tiền bạc cho gia chủ.<br />\n<br />\ncoc-ngam-tien-lon-mau-xanh-2<br />\n<br />\nĐặc Điểm Của Tượng Thiềm Thừ Xanh Ngọc<br />\n<br />\nThiềm thừ là một vật phẩm phong thủy phổ biến với tác dụng chính là chiêu tài được thiết kế với nhiều màu sắc khác nhau như màu xanh, màu đỏ,... Tượng Thiềm thừ xanh ngọc H10042 với màu xanh là màu chủ đạo kết hợp với sắc đỏ của những viên đá gắn trên tượng tạo nên vẻ sang trọng cho bức tượng rất thích hợp để trưng bày tại phòng làm việc hay phòng khách trong nhà. Phía trước thiềm thừ có gắn đá xanh được khắc 4 chữ \" Chiêu Tài Vượng Tài\" với hy vọng trưng bày thiềm thừ sẽ mang lại nhiều tài lộc và đem đến sự thịnh vượng cho gia chủ.<br />\n<br />\ncoc-ngam-tien-lon-mau-xanh-3<br />\n<br />\nCách Chưng Thiềm Thừ Thế Nào Cho May Mắn<br />\n<br />\nNên đặt cóc vàng phong thủy tại hai góc của cửa chính trong phòng khách, đầu cóc ngậm tiền luôn quay vào trong nhà, không được để cóc quay đầu ra ngoài vì như vậy sẽ làm cho gia chủ tiêu hao tài lộc và cóc không thể mang tài lộc vào nhà. Nếu đặt ở hai góc trước của bàn thờ Thổ Địa- Thần Tài thì phải chú ý đồng tiền mà cóc ngậm phải quay vào trong bàn thờ.<br />\n<br />\ncoc-ngam-tien-lon-mau-xanh-2', 'Cùng với Tỳ hưu thì Thiềm thừ là một vật phẩm phong thủy phổ biến luôn được lựa chọn trưng bày trong nhà hay nơi làm việc với hy vọng chiêu tài, thu hút tài lộc, mang lại may mắn và thịnh vượng.  Sản phẩm được làm từ bột đá màu cao cấp với thiết kế đẹp mắt hiện đang được bán tại Shop Quà yêu thương với những ưu đãi hấp dẫn sẽ là món quà tân gia, mừng khai trương tuyệt vời cho bạn và gia đình.<br />\n<br />\nThông Tin Sản Phẩm<br />\n<br />\n+ Chiều ngang x chiều cao: 48x50cm<br />\n+ Chất liệu: Bột đá<br />\n+ Chữ trên sản phẩm: Tài Lộc Cả Năm', '', '', '', '', '', ''),
(167, 2, 'Phật Di Lặc H10057', 'Phật di lặc H10057 mang tiền tài, lộc vận tốt cho gia chủ đồng thời mang đến sự an bình trong gia đạo hiện đang là vật phẩm phong thủy dùng làm quà tặng rất được ưa chuộng tại shop Quayeuthuong. Ngoài tác dụng phong thủy thì khi trưng bày tượng Phật trong nhà cũng mang lại ý nghĩa tâm linh tốt đẹp. Tượng Phật phong thủy là món quà vô cùng phù hợp trong những dịp đặc biệt như quà tân gia, khai trương cửa hàng. <br />\n<br />\n<br />\n<br />\nClip giới thiệu sản phẩm Phật Di Lặc Bát Phương Tài Về H10057<br />\n<br />\nẢnh Chụp Sản Phẩm<br />\n<br />\ntuong-ong-than-tai-phong-thuy-1<br />\n<br />\nSự tích Phật Di Lặc<br />\n<br />\nTheo Kinh Phật, Phật Di Lặc là vị Phật cuối cùng sẽ xuất hiện trên Trái Đất thay thế cho Phật Thích Ca. Từ thế kỷ thứ 10, hòa thượng Bố Đại được xem là hiện thân của phật Di Lặc. Phật thường được miêu tả như một người mập mạp với cái bụng to, đầu hói và nụ cười sảng khoái. Tương truyền Phật mang trên vai một túi vải bố có nhiều phép màu và rất quý trẻ con. <br />\n<br />\ntuong-ong-than-tai-phong-thuy-2<br />\n<br />\nĐặc trưng của Phật Di Lặc <br />\n<br />\n- Tượng Phật có màu vàng rực rỡ, làm từ chất liệu bột đá cao cấp với từng đường nét được chế tác cực kì tỉ mỉ. Ông Phật có hình dáng mập mạp, chiếc bụng to tròn, cái đầu hói và nụ cười vô cùng sảng khoái, hiền hậu. Mẫu tượng Phật H10057 miêu tả ông Phật đang ngồi trên nhiều túi tiền lớn và trên tay trái cầm một nén vàng to, tay trái cầm ngọc như ý thể hiện sự sung túc, may mắn. <br />\n<br />\n- Đức Phật ngồi còn tượng trưng cho cuộc sống cân bằng và viên mãn; theo quan niệm phong thủy chiếc bụng lớn của Phật Di Lặc chứa đầy của cải nên mọi người thường dùng tay xoa bụng Phật để mong muốn mang lại may mắn. <br />\n<br />\n- Tượng Phật được đặt trên bệ cao màu gỗ được chạm khắc đôi Tỳ hưu xung quanh tượng trưng cho việc trấn giữ tài lộc và xua đi tà khi cho gia chủ. Trên bệ có khắc 4 chữ vàng nổi bật \"Bát phương tài về\" càng biểu thị ý nghĩa chiêu tài phú quý khi trưng bày tượng Đức Phật trong nhà. <br />\n<br />\ntuong-ong-than-tai-phong-thuy-3<br />\n<br />\nVị trí và hướng đặt Phật Di Lặc<br />\n<br />\nTheo các chuyên gia, gia chủ nên đặt tượng Phật ở góc phía Đông hoặc nhìn thẳng ra cửa nhà để cầu bình an, nếu không bạn cũng có thể bày tượng ở chiếc bàn cạnh tường, trên két sắt hoặc tủ đựng tiền. Đối với văn phòng, cửa hàng kinh doanh tốt nhất là đặt tượng trên nóc két sắt.<br />\n<br />\ntuong-ong-than-tai-phong-thuy-4<br />\n<br />\nLưu ý khi đặt tượng Phật Di Lặc<br />\n<br />\nTượng Phật thiên về tâm linh nhiều hơn do đó cần nhận được sự tôn trọng và nên trưng bày ở những vị trí tôn nghiêm. Không được đặt trong nhà bếp, phòng tắm, phòng ngủ. Đặt tượng Phật ở nơi có độ cao nhất định, tối thiểu là 1m. Không được đặt tượng gần chân cầu thang vì đây là nơi mà mọi người đi lại nhiều lần. <br />\n<br />\ntuong-ong-than-tai-phong-thuy-5<br />\n<br />\nMón quà tâm linh và phong thủy ý nghĩa<br />\n<br />\nTượng Đức Phật Di Lặc mang lại may mắn, sung túc và yên ấm trong gia đạo là món quà tặng tuyệt vời dành cho người thân, bạn bè mừng ngày tân gia nhà mới, quà khai trương văn phòng. Sản phẩm được đóng gói theo quy cách chuẩn và đảm bảo vận chuyển an toàn, không bị đổ vỡ.<br />\n<br />\ntuong-ong-than-tai-phong-thuy-1', 'Ông thần tài H10057 là tượng Phật Di Lặc ngồi trên những túi tiền vàng tay cầm thỏi bạc và ngọc như ý mang đến may mắn sự sung túc cho gia chủ. Theo ý nghĩa tâm linh trưng bày tượng Phật cười trong nhà thì gia đạo sẽ được yên ấm, vui vẻ. Đây là vật phẩm dùng làm quà tặng cực kì ý nghĩa.<br />\n<br />\nThông Tin Sản Phẩm<br />\n<br />\n+ Chiều ngang x chiều cao: 25x30cm<br />\n+ Chất liệu : Bột đá<br />\n+ Chữ trên sản phẩm: Bát Phương Tài về<br />\nPhúc Đến Tài Về H20062, Phật Di Lặc H20039, Phật Di Lặc H70033, Phật Di Lặc, Vật phẩm phong thuỷ, Quà tân gia nên tặng gì, Phật Di Lặc H70031, Rồng Phong Thủy H10076, Thiềm thừ xanh ngọc H20048, Gậy Ngọc Như Ý H20022, Tặng quà khai trương cửa hàng', '', '', '', '', '', ''),
(168, 2, 'Thiềm thừ xanh ngọc H20048', 'Thiềm thừ là linh vật đứng sau Tỳ hưu, đây là biểu tượng của tài lộc và điềm lành đồng thời cũng là vật phẩm của sự may mắn trong việc làm ăn, gia đạo bình an. Thiềm thừ vốn là cóc yêu tinh sau khi được thu phục đã dùng phép thuật của mình đi đến nhân gian thả tiền bạc vào nhà giúp đỡ người dân, do đó thiềm thừ phong thủy được con người trân trọng và trưng bày trong nhà như bảo vật quý giá.<br />\n<br />\nthiem-thu-xanh-ngoc-2<br />\n<br />\nĐặc trưng của thiềm thừ xanh ngọc<br />\n<br />\n- Thiềm thừ xanh ngọc được các nghệ nhân chế tác với hình dáng con cóc to có 3 chân, thân mình có những nốt sần đặc biệt. Mắt mở to màu đỏ nổi bật thể hiện sự linh thiêng. Miệng cóc rộng đang ngậm 1 đồng tiền vàng, cóc 3 chân ngậm tiền còn có tên gọi là kim thiềm thừ. Ngụ ý thiềm thừ sẽ mang tiền vàng vào nhà, thu hút tài lộc và sự may mắn đến với gia chủ. Nhiều chuyên gia cho rằng, miệng cóc càng rộng thì sẽ càng hút nhiều vận may đến cho gia đình.<br />\n<br />\n- Trên lưng thiềm thừ có đeo thêm một xâu tiền nặng trịch càng thể hiện phúc lộc, sung túc gấp bội.<br />\n<br />\n- Thiềm thừ ngồi trên búp sen to với bông sen nở rộ, phía dưới có những gợn sóng nước là hình ảnh rất đẹp và tinh tế. Thiềm thừ - cóc 3 chân chung quy cũng thuộc họ nhà cóc, loài lưỡng cư này rất thích sống ở ao hồ, đầm lầy. Do đó thiềm thừ ngồi trên búp sen càng tăng thêm linh khí và nguồn năng lượng mạnh mẽ của loài linh vật này.<br />\n<br />\nthiem-thu-xanh-ngoc-1<br />\n<br />\nThiềm thừ ngự hoa sen - biểu tượng tốt đẹp<br />\n<br />\n- Hoa sen biểu tượng của Phật giáo còn trong phong thủy, hình ảnh hoa sen tượng trưng cho sự thanh cao, thoát tục và hoàn mỹ vì sống trong bùn nhưng không hề bị ảnh hưởng. Hình ảnh hoa sen giúp con người có thể tịnh tâm, mang đến một nguồn năng lượng tích cực.<br />\n<br />\n- Sự kết hợp của thiềm thừ ngồi trên hoa sen với bông hoa nở rộ giúp điều hòa khí vượng, tăng cường năng lượng tốt và ngăn chặn những điều xấu, giúp cho gia chủ tránh ưu phiền để tĩnh tâm an hưởng cuộc sống hạnh phúc.<br />\n<br />\nthiem-thu-xanh-ngoc-4', 'Cóc ngậm tiền phong thủy H20049 là biểu tượng của điềm lành và may mắn giúp gia chủ thu hút được nhiều tài lộc, hỗ trợ gia đạo bình an do đó được sử dụng trong phong thủy nhà cửa hoặc để làm quà tặng bạn bè người thân trong những dịp hỷ sự đặc biệt. <br />\n<br />\nThông Tin Sản Phẩm<br />\n<br />\n+ Chiều rộng x chiều cao: 15x12cm<br />\n+ Chất liệu                      : Bột đá<br />\n+ Chữ trên sản phẩm      : Thiềm Thừ Chiêu Tài', '', '', '', '', '', ''),
(169, 2, 'Tượng cá chép H40001', 'Cá trong phong thủy là một trong những kiểu dáng chế tác độc đáo về loài linh vật này mà shop Quà yêu Thương xin giới thiệu với quý khách hàng. Cá theo phong thủy là biểu tượng của may mắn và tài lộc nên trưng trong nhà hoặc văn phòng sẽ thu hút vượng khí, mang đến sự giàu sang. Hình tượng cá chép còn liên quan đến điển tích \"cá chép vượt vũ môn hóa rồng\" nên nhà có trẻ đi học, người sắp thi cử trưng tượng cá để cầu may mắn, đỗ đạt.<br />\n<br />\ntuong-ca-chep-1<br />\n<br />\nÝ nghĩa của Cá Chép trong phong Thủy<br />\nTheo truyền thuyết, cá chép còn tượng trưng cho sức mạnh, lòng dũng cảm khi nó thường bơi ngược dòng nước, và những chú cá đã vượt được “vũ môn” thì sẽ hoá thành rồng. Do đó, Cá chép quay đầu là biểu tượng cho những ai vấp ngã trong kinh doanh và muốn vực dậy làm lại từ đầu. Ngoài ra cá chép cũng được coi như một biểu tượng cực kỳ may mắn trong học hành và thi cử.<br />\n<br />\n <br />\n<br />\ntuong-ca-chep-2<br />\n<br />\nCách chưng Cá Chép Phong Thủy thế nào cho đúng<br />\n<br />\nCó rất nhiều gia chủ mua tượng cá chép về để chưng trong gia đình tuy nhiên không phải ai cũng biết cách chưng tượng cá chép thế nào cho đúng cách. Cá chép nếu để trong nhà sẽ mang lại sự may mắn, thịnh vượng, để ở bàn làm việc sẽ mang lại thành công sự nghiệp, thăng quan tiến chức. Đặc biệt khi chưng cá chép thì các bạn nên kiêng kị bày trong nhà vệ sinh, nhà bếp hay phòng ngủ.<br />\n<br />\ntuong-ca-chep-3<br />\n<br />\nMón quà tặng Tân Gia, Khai Trương cực kì ý nghĩa<br />\n<br />\nTượng cá chép là món quà phong thủy dành tặng sinh nhật sếp hoặc những dịp đặc biệt như mừng tân gia, khai trương sẽ cực kì ý nghĩa. Đây là món quà thay cho lời cầu chúc người thân, bạn bè của mình gặp nhiều may mắn, công danh sự nghiệp ngày một phát đạt. <br />\n<br />\ntuong-ca-chep-4<br />\n<br />\nẢnh chụp mặt sau của sản phẩm (Ảnh: Quà Yêu Thương)<br />\n<br />\ntuong-ca-chep-1', 'Theo học thuyết Phong Thủy, sự kích hoạt cho dòng “Thủy” tại căn nhà nơi ta sinh sống là một trong những điều tối quan trọng. Trong khi đó, Cá Chép được cho là linh vật số 1 trong việc kích thích “nguồn Thủy” tại nơi nó trấn giữ. Vì thế mà người đời cho rằng Cá Chép đem đến vận may, hoá giải sát khí, bệnh tật và tai hoạ. Ngoài ra cá còn đại diện cho sự giàu sang, phú quý bởi ngay trong tiếng Hán thì cá là đã mang ý nghĩa của sự sung túc.<br />\n<br />\nThông Tin Sản Phẩm<br />\n<br />\n+ Chiều ngang x chiều cao: 46x54cm<br />\n+ Chất liệu                         : Bột đá<br />\n+ Chữ trên sản phẩm         : Tài Phúc Lâm Môn ', '', '', '', '', '', ''),
(170, 2, 'Phật Di Lặc H20038', 'Phật di lặc H20038 mang tiền tài, lộc vận tốt cho gia chủ đồng thời mang đến sự an bình trong gia đạo hiện đang là vật phẩm phong thủy dùng làm quà tặng rất được ưa chuộng tại shop Quayeuthuong. Ngoài tác dụng phong thủy thì khi trưng bày tượng Phật trong nhà cũng mang lại ý nghĩa tâm linh tốt đẹp. Tượng Phật phong thủy là món quà vô cùng phù hợp trong những dịp đặc biệt như quà tân gia, khai trương cửa hàng. <br />\n<br />\ntuong-than-tai-cam-bap-cai-1<br />\n<br />\nTương Truyền Sự Tích Về Phật Di Lặc<br />\n<br />\nTheo Kinh Phật, Phật Di Lặc là vị Phật cuối cùng sẽ xuất hiện trên Trái Đất thay thế cho Phật Thích Ca. Từ thế kỷ thứ 10, hòa thượng Bố Đại được xem là hiện thân của phật Di Lặc. Phật thường được miêu tả như một người mập mạp với cái bụng to, đầu hói và nụ cười sảng khoái. Tương truyền Phật mang trên vai một túi vải bố có nhiều phép màu và rất quý trẻ con. <br />\n<br />\ntuong-than-tai-cam-bap-cai-2<br />\n<br />\nĐặc Trưng Của Tượng Ông Thần Tài - Phật Di Lặc <br />\n<br />\n      + Tượng Phật có màu vàng rực rỡ, làm từ chất liệu bột đá cao cấp với từng đường nét được chế tác cực kì tỉ mỉ. Ông Phật có hình dáng mập mạp, chiếc bụng to tròn, cái đầu hói và nụ cười vô cùng sảng khoái, hiền hậu.<br />\n<br />\n      + Đức Phật ngồi còn tượng trưng cho cuộc sống cân bằng và viên mãn; theo quan niệm phong thủy chiếc bụng lớn của Phật Di Lặc chứa đầy của cải nên mọi người thường dùng tay xoa bụng Phật để mong muốn mang lại may mắn. <br />\n<br />\n <br />\n<br />\ntuong-than-tai-cam-bap-cai-3<br />\n<br />\nMón Quà Tâm Linh Và Phong Thủy Ý Nghĩa<br />\n<br />\nTượng Đức Phật Di Lặc mang lại may mắn, sung túc và yên ấm trong gia đạo là món quà tặng tuyệt vời dành cho người thân, bạn bè mừng ngày tân gia nhà mới, quà khai trương văn phòng. Sản phẩm được đóng gói theo quy cách chuẩn và đảm bảo vận chuyển an toàn, không bị đổ vỡ.<br />\n<br />\ntuong-than-tai-cam-bap-cai-4<br />\n<br />\nVị trí và hướng đặt Phật Di Lặc<br />\n<br />\nTheo các chuyên gia, gia chủ nên đặt tượng Phật ở góc phía Đông hoặc nhìn thẳng ra cửa nhà để cầu bình an, nếu không bạn cũng có thể bày tượng ở chiếc bàn cạnh tường, trên két sắt hoặc tủ đựng tiền. Đối với văn phòng, cửa hàng kinh doanh tốt nhất là đặt tượng trên nóc két sắt.<br />\n<br />\ntuong-than-tai-cam-bap-cai-1', 'Tượng Phật Di Lặc H20038 ngồi trên bệ gỗ, tay cầm túi tiền vàng và bắp cải ngụ ý mang đến may mắn sự sung túc cho gia chủ. Theo ý nghĩa tâm linh trưng bày tượng Phật cười trong nhà thì gia đạo sẽ được yên ấm, vui vẻ. Đây là vật phẩm dùng làm quà tặng cực kì ý nghĩa và đang được bán tại shop Quà Yêu Thương.<br />\n<br />\nThông Tin Sản Phẩm<br />\n<br />\n+ Chiều ngang x chiều cao: 43x40cm<br />\n+ Chất liệu: Bột đá<br />\n+ Chữ trên sản phẩm: Di Lặc Phát Tài ', '', '', '', '', '', ''),
(171, 2, 'Kim Long Chiêu Tài H40003', 'Các vật phẩm hình Cá Phong Thủy được xem là món đồ mang lại may mắn và có thể được sử dụng để đặt trong văn phòng hoặc tại nhà bạn. Còn theo truyền thuyết, cá còn tượng trưng cho sức mạnh, lòng dũng cảm khi nó thường bơi ngược dòng nước, và những chú cá đã vượt được “vũ môn” thì sẽ hoá thành rồng. Vật phẩm Kim Long Chiêu Tài H40003 mang hình tượng chú cá kim long với dáng vẻ dũng mãnh sẽ giúp cuộc sống gia chủ sung túc hơn.<br />\n<br />\nca-rong-phong-thuy-size-lon-1<br />\n<br />\nĐặc trưng cá kim long chiêu tài <br />\n<br />\n- Cá Kim Long Chiêu Tài được cung cấp bởi shop Quayeuthuong và chế tác từ chất liệu bột đá cao cấp cực kì bền chắc chắn. Toàn thân cá phủ lớp màu vàng rực sáng bóng, vây và đuôi có ánh bạc. Cá có 2 mắt đỏ nổi bật tượng trưng cho sự linh thiêng, những lớp vảy cá được chế tác tỉ mỉ từng đường nét rất sống động.<br />\n<br />\n- Miệng cá ngậm tiền vàng, từ miệng có một xâu tiền nằm dọc sóng lưng ngụ ý cá mang tài lộc phú quý cho người sở hữu nó. Thân mình cá hơi hướng lên bên dưới có những cột sóng nâng thân cá, có mang theo những hòn ngọc thỏi bạc quý giá. Bên dưới có tiền vàng chất cao, các nghệ nhân đã khéo léo tạo thêm \"vũ môn\" được lấp đầy bởi hằng hà sa số thỏi bạc. Cho thấy tượng cá mang đến thành công, giàu sang không kể siết.<br />\n<br />\n- Bệ đỡ cá 2 tầng màu gỗ mun có bịt vàng ở 4 đầu, nổi bật dòng chữ tiếng Hoa \"Chiêu Tài Kim Long\" - ngụ ý cá kim long sẽ là vật phẩm mang đến may mắn, thu hút tài lộc và thành công cho gia đình.<br />\n<br />\nca-rong-phong-thuy-size-lon-2<br />\n<br />\nCách trưng bày Kim long chiêu tài<br />\n<br />\nKhi không nuôi cá thật thì đặt mua một bức tượng cá kim long cũng là một lựa chọn hay, trong gia đình bạn có thể đặt cá tại phòng khách ở vị trí cao và trang trọng với miệng cá hướng ra cửa chính. Còn nếu ở văn phòng bạn nên đặt cá tại bàn làm việc hoặc bàn tiếp khách và hướng ra ngoài cửa nhằm kích hoạt vận may, thành công trong kinh doanh.<br />\n<br />\nca-rong-phong-thuy-size-lon-3<br />\n<br />\nMón quà hấp dẫn và ý nghĩa<br />\n<br />\nHãy thử tưởng tượng khi bạn mua sản phẩm này để tặng sinh nhật người thân, sinh nhật sếp hoặc tặng bạn bè bất kì dịp đặc biệt nào đó chắc chắn họ sẽ cực kì yêu thích và trân trọng món quà này. Trước hết là bởi vì chú cá kim long với hình dáng cực đẹp mắt dùng để bày trí trong nhà sẽ tạo ấn tượng khi khách đến thăm và điều quan trọng chú cá phong thủy này giúp thu hút vận may và tài lộc cho gia chủ.<br />\n<br />\nca-rong-phong-thuy-size-lon-4<br />\n<br />\nVì sao mua Kim Long Chiêu Tài H40003 tại Shop Quayeuthuong?<br />\n<br />\nKim Long Chiêu Tài H40003 hiện đang có chương trình giảm giá, bạn sẽ sở hữu vật phẩm phong thủy đẹp mắt và linh thiêng này với mức giá cực kì hấp dẫn. Chúng tôi có dịch vụ đóng gói chắc chắn và vận chuyển trên toàn quốc nên hàng hóa đảm bảo nguyên vẹn khi đến tay khách hàng. Shop Quayeuthuong còn cung cấp nhiều vật phẩm phong thủy đa dạng cho khách hàng lựa chọn. <br />\n<br />\nca-rong-phong-thuy-size-lon-5<br />\n<br />\nCá rồng phong thủy (Mã: H40003)', 'Theo thuật phong thủy, cá là biểu tượng chiếm vị trí quan trọng, đặc biệt là cá chép, cá rồng và cá vàng (mắt lồi). Cá đại diện cho sự giàu sang, phú quý bởi ngay trong tiếng Hán thì cá đã mang ý nghĩa của sự sung túc. Sản phẩm chế tác từ bột đá cao cấp, màu sắc sáng bóng đẹp mắt với từng đường nét thiết kế khéo léo. <br />\n<br />\nThông Tin Sản Phẩm<br />\n<br />\n+ Chiều rộng x chiều cao: 62x54cm<br />\n+ Chất liệu                      : Bột đá<br />\n+ Chữ trên sản phẩm       : Kim Long Chiêu Tài<br />\nGiá	<br />\n2,490,000đ<br />\n3,000,000đ', '', '', '', '', '', ''),
(172, 2, 'Ngựa Kéo Bắp Cải H20069', 'Sản phẩm là hình ảnh chú ngựa kéo bắp cải đang phi nước đại với kích thước 27x23cm. Sản phẩm được làm từ bột đá và được nhiều người ưa chuộng bởi kết cấu hài hòa, chi tiết tinh xảo và mang lại nhiều may mắn cho gia chủ.<br />\n<br />\nngua-xanh-keo-bap-cai-1<br />\n<br />\nNgựa kéo bắp cải đang phi nước đại<br />\n<br />\nngua-xanh-keo-bap-cai-2<br />\n<br />\nSản phẩm phù hợp để làm đồ trang trí, quà tặng, quà biếu<br />\n<br />\nNgựa phong thủy rất phù hợp để trong phòng làm việc, phòng khách để cầu tài lộc, may mắn cho gia chủ.  Theo các chuyên gia, bài trí ngựa trên bàn làm việc, hoặc chỗ tài vị trong nhà, mặt nên hướng ra cổng lớn hoặc cửa sổ sẽ đại cát, đại lợi.<br />\n<br />\nngua-xanh-keo-bap-cai-3<br />\n<br />\nChú ngựa chở bắp cải đang chạy rất kiêu hãnh<br />\n<br />\nngua-xanh-keo-bap-cai-4<br />\n<br />\nSản phẩm mang lại nhiều may mắn, tài lộc cho gia chủ<br />\n<br />\nTuy nhiên, trước khi sắm ngựa phong thủy bạn nên xem xét cẩn thận nhu cầu về loại đồ đó, sau đó cần có tư vấn của người am hiểu về phong thủy để chọn đồ hợp với tuổi và mệnh, rồi xác định hướng nhà, vị trí đặt ngựa phù hợp, không nên đặt tùy tiện.<br />\n<br />\nngua-xanh-keo-bap-cai-1', 'Ngựa phong thủy không chỉ là vật dụng được rất nhiều người ưa thích dùng để vừa trang trí trong nhà, phòng làm việc vừa mong muốn mang lại tài lộc, danh vọng, của cải cho gia chủ.<br />\n<br />\nThông Tin Sản Phẩm<br />\n<br />\n+ Chiều ngang x chiều cao: 27x23cm<br />\n+ Chất liệu                         : Bột đá<br />\n+ Chữ trên sản phẩm         : Lục Mã Phát Tài ', '', '', '', '', '', ''),
(173, 2, 'Gậy Ngọc Như Ý H10089', 'Gậy ngọc như ý xuất phát từ thời phong kiến Trung Hoa, đây được xem là bảo vật thể hiện quyền lực và sự giàu sang bậc nhất của các bậc vương tôn, vua chúa thời xưa. Ngày nay, đặt gậy ngọc như ý trong nhà hoặc trong văn phòng có tác dụng gia tăng tài vận và mang lại sự phát triển. Đây là vật phẩm rất phù hợp với những người làm lãnh đạo, kinh doanh và công chức văn phòng mong muốn may mắn và thành đạt. <br />\n<br />\ngay-ngoc-nhu-y-vang-1<br />\n<br />\nĐặc trưng hình dáng gậy ngọc như ý<br />\n<br />\n- Gậy ngọc như ý H10089 có kích thước 35x40cm làm từ bột đá cao cấp, có màu vàng rực rỡ; hình dáng uốn lượn với 2 đầu tạo hình đám mây to nhỏ. Phía trên được trang trí nút thần màu đỏ nổi bật, toàn thân có đính 8 cái hồ lô gọi là hồ lô Bát tiên - tượng trưng cho tám loại vận may về trường thọ, hạnh phúc, sung túc, thịnh vượng mà con người luôn mong muốn.<br />\n<br />\n- Bên dưới quyền trượng là những khóm hoa mẫu đơn nở rộ, tán lá xanh mướt biểu thị ý nghĩa cuộc sống thịnh vượng, sung túc. Bệ đỡ được các nghệ nhân chế tác rất đẹp mắt và sang trọng, 4 chữ màu vàng được chạm khắc tinh tế là \"Phú quý như ý\" tức là trưng bày gậy như ý trong nhà sẽ giúp mang đến cuộc sống an khang, phú quý đúng như ước nguyện của gia chủ.<br />\n<br />\ngay-ngoc-nhu-y-vang-2<br />\n<br />\nÝ nghĩa của gậy như ý đối với giới doanh nhân, lãnh đạo<br />\n<br />\nGậy ngọc là vật phẩm phong thủy cực kì phù hợp với giới doanh nhân, lãnh đạo đặc biệt nếu họ là người quản lí và làm các công việc giám sát. Gậy ngọc thể hiện quyền lực và vị trí cao quý của người sở hữu nó, gậy như ý sẽ giúp kích hoạt vận may về quyền lực cho những ai muốn có địa vị xã hội và tạo dựng sự nghiệp thành công.<br />\n<br />\ngay-ngoc-nhu-y-vang-3<br />\n<br />\nVị trí trưng bày phù hợp<br />\n<br />\nTrong văn phòng hoặc cơ sở kinh doanh, vị trí thích hợp để đặt gậy ngọc như ý là bên phải bàn làm việc hoặc trong phòng làm việc ở hướng Tây Bắc sẽ kích hoạt tài lộc tốt nhất. Nếu không bạn cũng có thể đặt ở trên tủ hồ sơ, bàn lễ tân hoặc két sắt cũng là những nơi có năng lượng phù hợp.<br />\n<br />\ngay-ngoc-nhu-y-vang-4<br />\n<br />\nQuà tặng ý nghĩa cho sếp<br />\n<br />\nTại TPHCM hoặc HN bạn đều có thể đến cửa hàng của Quayeuthuong để tự tay chọn cho mình hoặc bạn bè những món quà phong thủy như Gậy Ngọc Như Ý để mang lại may mắn, thành công. Khi chọn quà mừng sinh nhật sếp thì đây là một trong những gợi ý cực kì phù hợp mà bạn nên cân nhắc chắc chắn là sếp sẽ rất hài lòng khi nhận được món quà này.<br />\n<br />\ngay-ngoc-nhu-y-vang-1_1', 'Gậy ngọc như ý tượng trưng cho quyền lực tối cao và sự giàu sang bậc nhất, theo phong thủy đây là vật phẩm giúp kích hoạt con đường tài lộc và mang đến thành công cho người sở hữu. Sản phẩm rất phù hợp làm quà tặng cho giới doanh nhân, người lãnh đạo, sếp lớn vì ý nghĩa phong thủy đặc biệt của nó. <br />\n<br />\nThông Tin Sản Phẩm<br />\n<br />\n+ Chiều ngang x chiều cao: 35x40cm<br />\n+ Chất liệu                         : Bột đá<br />\n+ Chữ trên sản phẩm          : Phú Quý Như Ý ', '', '', '', '', '', ''),
(174, 2, 'Hồ lô cây tiền H30115', 'Cây Chiêu Tài Hồ Lô là vật phẩm phong thủy biểu tượng cho sự sung túc, mang tài vận may mắn và như ý cát tường.Hồ Lô giúp thu hút cát khí ngăn chặn tà khí đồng thời mang đến sức khỏe và thường thọ.  Trưng bày trong gia đình hay trao tặng một chậu cây chiêu tài cũng là một sự ý nhị mà bạn muốn gửi gắm mong cầu mọi điều tốt đẹp đến với bạn bè, người thân hay đồng nghiệp của mình.<br />\n<br />\nThông Tin Sản Phẩm<br />\n<br />\n Chất liệu                  : Cây Kim Tiền : Đá Thạch Anh <br />\n                                  : Hồ Lô              : Bộ Đá <br />\n Kích thước               : Ngang 23cm x rộng 12cm x cao 24cm <br />\n Chữ trên sản phẩm   : Phúc Lộc Chiêu Tài', 'Thông Tin Sản Phẩm<br />\n<br />\n Chất liệu                  : Cây Kim Tiền : Đá Thạch Anh <br />\n                                  : Hồ Lô              : Bộ Đá <br />\n Kích thước               : Ngang 23cm x rộng 12cm x cao 24cm <br />\n Chữ trên sản phẩm   : Phúc Lộc Chiêu Tài', '', '', '', '', '', ''),
(175, 2, 'Tỳ hưu bắp cải H70085', 'Tỳ hưu bắp cải là một sản phẩm độc đáo bao hàm nhiều chi tiết mang tính biểu tượng cao, mang nhiều tầng ý nghĩa sâu sắc. Đây vừa là một vật phẩm phong thủy giúp chủ nhân thu hút một lượng lớn tiền bạc, của cải, mang đến cuộc sống giàu sang dư dả, vừa mang tính thẩm mỹ rất cao. Bởi sở hữu nhiều đặc tính như vậy nên tỳ hưu bắp cải chắc chắn sẽ là một lựa chọn hoàn hảo để làm quà tặng, quà biếu trong những dịp đặc biệt.<br />\n<br />\nty-huu-vang-1<br />\n<br />\nVật Phẩm Bao Gồm Nhiều Biểu Tượng Hàng Đầu Trong Việc Chiêu Tài<br />\n<br />\nĐã từ rất lâu, bắp cải túi tiền, tỳ hưu và cóc ngậm tiền là ba vật phẩm nổi tiếng nhất trong việc mang đến cơ hội về tiền tài, vật chất, mang đến cuộc sống giàu có, sung túc mà nhiều người hằng mơ ước. Tỳ hưu bắp cải được thiết kế rất khéo léo nhằm kết hợp cả ba biểu tượng này vào cùng một sản phẩm để gia tăng công năng chiêu tài, giữ tài của vật phẩm. Điều này góp phần giúp cho Tỳ hưu bắp cải trở thành một vật phẩm phong thủy có năng lực rất mạnh, hứa hẹn sẽ đem đến sự hanh thông và thật nhiều may mắn về tài lộc.<br />\n<br />\nty-huu-vang-2<br />\n<br />\nSự Kết Hợp Tinh Tế Giữa Các Màu Sắc Thuộc Ngũ Hành<br />\n<br />\nBên cạnh bộ ba biểu tượng phong thủy có khả năng mạnh mẽ trong việc gia tăng vận may và cơ hội phát tài thì sản phẩm còn được tạo nên bởi cả thảy năm màu sắc thuộc ngũ hành, mang đến sự cân đối hài hòa về mặt năng lượng. Ngũ hành được thể hiện qua các màu sắc sau: Kim (vàng), mộc (xanh lá), thủy (trắng), hỏa (đỏ), thổ (nâu) một cách hoàn hảo, tạo cảm giác cân bằng về thẩm mỹ. Tổ hợp tinh tế giữa ý nghĩa biểu tượng và màu sắc phong thủy mang đến cho Tỳ hưu bắp cải tác dụng rất mạnh, giúp tiền bạc không ngừng sinh sôi nảy nở.<br />\n<br />\nty-huu-vang-3<br />\n<br />\nVật Phẩm Phong Thủy Đặc Biệt Rất Phù Hợp Để Làm Quà Biếu<br />\n<br />\nCó thể nói, tỳ hưu bắp cải là một trong số ít các sản phẩm trên thị trường có thể bao hàm nhiều yếu tố phong thủy đặc sắc, vừa có sức mạnh trong việc chiêu tài, giữ tài, vừa có kết cấu thẩm mỹ độc đáo. Vật phẩm hoàn hảo này sẽ thay bạn gửi lời chúc mừng thăng tiến và cầu mong phát tài phát lộc, vạn sự như ý. Tỳ hưu bắp cải hiển nhiên sẽ xứng đáng trở thành lựa chọn hàng đầu để làm quà biếu sếp, quà tặng bạn bè, đồng nghiệp trong các dịp trang trọng như khai trương hay mừng thăng quan tiến chức.<br />\n<br />\nty-huu-vang-1', 'Với sự kết hợp hài hòa bởi hai biểu tượng phong thủy hàng đầu trong việc chiêu tài, tỳ hưu bắp cải là một lựa chọn hoàn hảo để cầu tài lộc, khai thông vận may và mang đến nhiều cơ hội về tiền bạc. Ngoài sức mạnh thu hút tài lộc, giúp người dùng được giàu sang phú quý, màu sắc trang nhã và thiết kế ấn tượng của sản phẩm còn giúp tỳ hưu bắp cải trở thành vật trưng bày vô cùng ấn tượng. Sản phẩm này chắc chắn sẽ mang đến nguồn năng lượng tươi mới và tích cực cho không gian sống, trụ sở kinh doanh hoặc văn phòng làm việc của bạn.<br />\n<br />\nThông Tin Sản Phẩm<br />\n<br />\n+ Chiều ngang x chiều cao: 36*32cm<br />\n+ Chất liệu: Bột đá', '', '', '', '', '', ''),
(176, 2, 'Mãnh Hổ H40014', 'Trong phong thủy tượng hổ có tác dụng trấn hạch rất tốt giúp tránh tà ma xâm nhập vào nhà. Sự oai linh và sức mạnh của Hổ cũng tượng trưng cho vị trí của người lãnh đạo, người chủ gia đình do đó sẽ giúp trợ lực cho những người này. Nên đặt tượng hổ trên bàn làm việc, đầu hổ hướng ra ngoài  giúp cho công việc kinh doanh của bạn phát đạt và tạo dựng được chữ tín trên thương trường.<br />\n<br />\nmanh-ho-1<br />\n<br />\nÝ Nghĩa Của Tượng Hỗ Trong Phong Thủy<br />\n<br />\nTượng hổ phong thuỷ cùng với tượng rồng là 2 linh vật mạnh mẽ được thờ cúng rất nhiều trong dân gian. Theo luật Âm – Dương ngũ hành thì Âm – Dương có trung hoà gia đạo mới bền vững và tượng hổ được dùng để cân bằng năng lượng âm dương đó. Tượng hổ được xem là linh vật giám hộ hướng Tây, đầy uy lực, linh thiêng và được thờ phụng. Tượng hổ bảo vệ cho gia chủ, đảm bảo tiền tài, sức khoẻ cho các thành viên trong gia đình. Tượng hổ là biểu tượng của quyền uy, sự thăng tiến trong học hành, kinh doanh và đặc biệt thích hợp cho người tuổi Dần.<br />\n<br />\nmanh-ho-2<br />\n<br />\nCách Đặt Tượng Hỗ Thế Nào Cho Đúng<br />\n<br />\nĐặt tượng hổ trong nhà theo đúng vị trí phong thuỷ sẽ giúp gia đình luôn được bảo vệ và gặp được nhiều may mắn. Tuy nhiên, nếu đặt tượng không đúng phong thuỷ dễ mang đến tai hoạ và ảnh hưởng đến thế hệ sau. Theo các chuyên gia phong thủy thì chúng ta nên đặt tượng hổ trên bàn làm việc, đầu hổ hướng ra ngoài  giúp cho công việc kinh doanh của bạn phát đạt và tạo dựng được chữ tín trên thương trường.<br />\n<br />\n <br />\n<br />\nmanh-ho-3<br />\n<br />\nLưu Ý Cần Tránh Khi Chưng Tượng Hỗ Trong Nhà<br />\n<br />\nTránh đặt tượng hổ trong phòng ngủ (kỵ nhất là phòng vợ chồng) và đối diện với cửa chính. Vì đặt trong phòng ngủ khiến vợ chồng bất an, đối diện phòng khách sẽ ảnh hưởng tới hàng xóm và người tới thăm, hổ có con mắt dữ, hung tợn sẻ khiến cho người ta sợ hãi mà không dám đi vào. Do đó nên đặt Hổ chéo với cửa chính hướng ra ngoài. <br />\n<br />\nmanh-ho-1', 'Trong các triều đại phong kiến Phương Đông, Hổ và Rồng biểu tượng đặc trưng cho vương quyền, quân sự và cho những người đỗ đạt trong thi cử nên thường xuất hiện trong các cung điện, doanh trại và trường thi. Dân gian xưa cũng thần thánh hóa Hổ, cho hổ một sức mạnh thiêng liêng có khả năng diệt trừ được ma quỷ. Hình tượng hổ thường được thấy trong các kiến trúc đình miếu … với quan niệm rằng Hổ trấn giữ của vào thì tà ma không giám xâm nhập. Theo phong thủy tượng hổ có khả năng trấn hạch rất tốt và khá được ưa chuộng trên thị trường hiện nay.<br />\n<br />\nThông Tin Sản Phẩm<br />\n<br />\n+ Chiều ngang x chiều cao: 42x42cm<br />\n+ Chất liệu                         : Bột đá<br />\n+ Chữ trên sản phẩm         : Mãnh Hổ Vượng Tài', '', '', '', '', '', ''),
(177, 2, 'Hồ Lô Như Ý H70024', 'Theo quan niệm phong thủy Á Đông, cá được xem là biểu tượng của giàu sang, phú quý do đó người ta rất ưa chuộng trưng bày những vật phẩm mang hình tượng loài vật này. Cá phong thủy H70024 do Shop Quà Yêu Thương cung cấp làm từ bột đá cao cấp, hình dáng đẹp mắt và hết sức sang trọng đồng thời là món đồ trang trí cho không gian gia đình. Bạn cũng có thể mua sản phẩm làm quà tặng ý nghĩa cho bạn bè, người thân trong dịp đặc biệt.<br />\n<br />\n <br />\n<br />\nca-phong-thuy-ho-lo-1_1<br />\n<br />\nCá phong thủy _ Tài lộc tấn tới<br />\n<br />\n- Tượng cá phong thủy được làm bằng bột đá cao cấp với màu sắc được phối rất hài hòa. Chú cá chép với thân hình tròn, đôi mắt đen sáng, miệng mở to. Chi tiết đuôi, vi cá được chế tác với đường nét mềm mại và cực kì sống động. Bên dưới là các gợn sóng nâng  chú cá lên cao khơi gợi điển tích xưa cá hóa rồng, thể hiện sự thành đạt, thăng quan tiến chức. Bên trái là bầu hồ lô với cành nho sai trái, mặt trước trái bầu khắc chữ PHÚC tượng trưng phúc lộc đầy nhà <br />\n<br />\n- Bệ đỡ sơn phủ màu gỗ sáng bóng, hình dáng uốn cong, trạm trổ tinh tế tạo nên nét trang trọng cho vật phẩm, mặt trước khắc 4 chữ vàng TÀI PHÚC HỮU DƯ: nghĩa là tiền tài, hạnh phúc đủ đầy, dư thừa quanh năm<br />\n<br />\n <br />\n<br />\nca-phong-thuy-ho-lo-2_1<br />\n<br />\nĐặt tượng cá để tài lộc vào nhà,  thăng tiến sự nghiệp<br />\n<br />\nTrên bàn làm việc ở góc phía Bắc, việc đặt tượng cá phong thủy sẽ giúp thúc đẩy sự nghiệp của bạn và mang lại vận may trong kinh doanh. Ngoài ta bạn có thể chọn vị trí trang trọng trong phòng khách, bàn trà, trên kệ tủ, két sắt đều được. <br />\n<br />\nca-phong-thuy-ho-lo-3_1<br />\n<br />\n <br />\n<br />\nMón quà ý nghĩa không thể bỏ qua<br />\n<br />\nCá phong thủy H70024 có kiểu dáng sang trọng lại mang đến phúc lộc gia chủ, do đó đây cũng là món quà cực kì ý nghĩa khi bạn mang làm quà khi đi tân gia hoặc khai trương. Vì trong những dịp quan trọng đó thì gia chủ rất mong muốn được nhận nhiều lời chúc tốt đẹp nên quà cá phong thủy là sự lựa chọn hoàn hảo, chắc chắn họ sẽ cực kì vui mừng khi nhận được.<br />\n<br />\n <br />\n<br />\nca-phong-thuy-ho-lo-4_1<br />\n<br />\n <br />\n<br />\nVì sao nên chọn mua cá phong thủy ở Shop Qùa Yêu Thương?<br />\n<br />\nCá phong thủy ở Shop Quà Yêu Thương được chế tác bởi các nghệ nhân lành nghề, chất liệu cao cấp, được bán với giá tốt nhất thị trường và được nhiều khách hàng đánh giá cao. Không những thế, hiện nay, Shop còn có nhiều chương trình giảm giá trong những dịp đặc biệt và giao hàng tận nơi trên toàn quốc. Do đó, Shop Quà Yêu Thương là một địa chỉ không thể bỏ qua khi bạn mua cá phong thủy cũng như các vật phẩm phong thủy khác.<br />\n<br />\n <br />\n<br />\nca-phong-thuy-ho-lo-1_1', 'Cá phong thủy H70024 là một trong những vật phẩm phong thủy có kiểu dáng chế tác độc đáo, sang trọng mà Shop Quà Yêu Thương xin giới thiệu với quý khách hàng. Cá theo phong thủy là biểu tượng của may mắn và tài lộc nên trưng trong nhà hoặc văn phòng sẽ thu hút vượng khí, mang đến sự giàu sang.<br />\n<br />\nThông Tin Sản Phẩm<br />\n<br />\n+ Chiều ngang x chiều cao: 35x40cm<br />\n+ Chất liệu                         : Bột đá<br />\n+ Chữ trên sản phẩm          : Tài Phúc Hữu Dư', '', '', '', '', '', ''),
(178, 2, 'Kim long chiêu tài H40017', 'Ý nghĩa của cá trong phong thủy có rất nhiều như là chiêu tài, tạo may mắn về tài lộc hay may mắn trong việc học tập, thi cử. Cùng với cá chép, cá vàng thì kim long hay còn gọi là cá rồng được sử dụng rất nhiều trong phong thủy, được coi như là một giải pháp giúp gia tăng tài lộc, tiền bạc cũng như giảm thiểu những vận hạn trong cuộc sống cho gia chủ.<br />\n<br />\nca-phong-thuy-3<br />\n<br />\n <br />\n<br />\nĐặc điểm của tượng Kim long chiêu tài<br />\n<br />\nĐúng với tên gọi của mình, hình ảnh cá rồng được các nghệ nhân khoác lên mình chiếc áo màu vàng bằng bột đá cao cấp với từng nét chạm khắc tinh xảo, vảy cá được tạo nên từ những đồng tiền vàng cùng với 4 chữ \" Kim long chiêu tài\" được chạm khắc trên bệ đỡ màu gỗ ngụ ý thu hút tài lộc, tiền bạc cho gia chủ khi trưng bày. Sự kết hợp giữa màu vàng của cá với màu đỏ tô điểm của những viên đá được gắn trên tượng đã tạo nên một bức tượng đẹp mắt, sang trọng và vô cùng sinh động.<br />\n<br />\n <br />\n<br />\nca-phong-thuy-4<br />\n<br />\n <br />\n<br />\nVị trí trưng bày<br />\n<br />\nCó thể trưng bày cá rồng tại nhà hoặc tại nơi làm việc với nhiều vị trí khác nhau. Khi trưng bày cá rồng trong nhà sẽ mang lại may mắn, thịnh vượng cho gia chủ. Nếu để ở bàn làm việc thì cá rồng sẽ mang lại thành công trong sự nghiệp, giúp thăng quan tiến chức... Lưu ý là không được đặt cá rồng trong nhà tắm, bếp hay phòng ngủ vì đây là những vị trí không tốt khi trưng bày vật phẩm phong thủy.<br />\n<br />\nca-phong-thuy-3', 'Trong phong thủy, cá là biểu tượng của sự giàu sang, phú quý và may mắn. Các vật phẩm hình các phong thủy được xem là món đồ mang lại may mắn thường đùng để trưng bày trong văn phòng hoặc trong nhà. Sản phẩm Kim long chiêu tài H40017 hiện đang được bán tại Shop Quà yêu thương rất thích hợp làm quà tặng cho người thân hay dùng trưng bày trong gia đình.<br />\n<br />\nThông Tin Sản Phẩm<br />\n<br />\n+ Chiều ngang x chiều cao: 50x48cm<br />\n+ Chất liệu                         : Bột đá<br />\n+ Chữ trên sản phẩm          : Kim Long Chiêu Tài ', '', '', '', '', '', ''),
(179, 2, 'Kim Ngọc Mãn Đường H10062', 'Cá là một biểu tượng của sự giàu sang và phú quý vì loài cá là loài rất dồi dào về số lượng cũng như khả năng sinh sôi, nảy nở của chúng. Không chỉ vậy, hình ảnh những chú cá luôn tung tăng bơi lội cho thấy rằng chúng rất hạnh phúc trong môi trường sống cho nên nó đã trở thành biểu tượng của cuộc sống hôn nhân hài hòa, hạnh phúc.<br />\n<br />\nca-phong-thuy-4-con-1<br />\n<br />\nCá chép- linh vật mang lại nhiều ý nghĩa<br />\n<br />\nNgoài những linh vật chiêu tài phổ biến trong phong thủy như tỳ hưu, thiềm thừ,.. thì cá chép cũng được xem là linh vật được trưng bày với tác dụng chiêu tài, hút lộc trong kinh doanh cho gia chủ. Không chỉ vậy, cá chép còn có tác dụng để cầu may mắn, thuận lợi cho con trẻ trong việc học hành thi cử. Bởi đó là biểu tượng của lòng dũng cảm trong truyền thuyết vượt vũ môn hóa rồng ngụ ý đạt được thành công trong học hành, thi cử đỗ đạt; là biểu trưng cho tính kiên nhẫn- điều cần thiết để có thể thành công.<br />\n<br />\nca-phong-thuy-4-con-2<br />\n<br />\n <br />\n<br />\nĐặc điểm của tượng Kim Ngọc Mãn Đường<br />\n<br />\n+ Tượng được làm từ bột đá màu cao cấp với những chú cá chép vàng, hoa mẫu đơn đỏ và dòng nước xanh tạo nên một bức tượng bắt mắt rất thích hợp để trưng bày hoặc đem tặng. Hình ảnh cá chép vàng ngậm viên ngọc đỏ còn mang lại vượng khí giúp tăng cát khí, dương khí và trấn áp hung khí.<br />\n<br />\n+ 4 chú cá chép được đặt trên bệ đá màu gỗ với 4 chữ \" Tiền Tài Tấn Tới\" được chạm khắc rõ nét với ngụ ý mong muốn đạt được may mắn trong kinh doanh, giúp tiền bạc và tài lộc dồi dào, giúp nhân đôi tài lộc.<br />\n<br />\nca-phong-thuy-4-con-3<br />\n<br />\nVị trí đặt cá chép phù hợp<br />\n<br />\nCác vật phẩm hình cá phong thủy được đặt trong nhà sẽ rất tốt, mang lại nhiều lợi ích. Đó là một cách tuyệt vời để hút sự may mắn đến với gia đình. Nếu đặt trên bàn làm việc sẽ mang lại thành công trong sự nghiệp, thăng quan tiến chức. Đặt trong phòng khách sẽ hút được nhiều vận may, tài lộc và sức khỏe và nếu đặt tại bàn học sẽ giúp con trẻ đạt kết quả cao, thi cử đỗ đạt. Nghiêm cấm đặt tượng cá chép trong nhà vệ sinh, nhà bếp hay phòng ngủ.<br />\n<br />\nca-phong-thuy-4-con-4<br />\n<br />\nNhững lợi ích đạt được khi trưng bày tượng cá chép<br />\n<br />\nVới nhiều ý nghĩa mà cá phong thủy nói chung hay cá chép phong thủy nói riêng thì việc đặt cá chép sẽ mang lại nhiều lợi ích cho gia chủ khi trưng bày.Ngoài những lợi ích như để \"đón\" tài lộc, để nâng cao cơ hội thăng tiến, thi cử đỗ đạt thì theo quan niệm phong thủy thì việc tặng hai vật phẩm hình cá sẽ giúp cho tình yêu đôi lứa luôn bền chặt.<br />\n<br />\nca-phong-thuy-4-con-1', 'Cá phong thủy mang ý nghĩa cầu chúc may mắn, bay cao và vươn xa, hình ảnh những chú cá chép vượt vũ môn được liên tưởng tới những bước tiến mới, những thành công mới trong sự nghiệp của gia chủ. Sản phẩm thường được dùng làm quà tặng mừng khai trương, tân gia hoặc chưng trong nhà làm vật trang trí cũng rất phù hợp.<br />\n<br />\nThông Tin Sản Phẩm<br />\n<br />\n+ Chiều rộng x chiều cao: 35x40cm<br />\n+ Chất liệu                       : Bột đá <br />\n+ Chữ trên sản phẩm        : Tiền Tài Tấn Tới<br />\nGiá	<br />\n2,480,000đ<br />\n2,650,000đ', '', '', '', '', '', ''),
(180, 2, 'Vòng tay phong thủy 12 cung hoàng đạo đá obsidian charm Bạch Dương 8mm mệnh Thủy, Mộc - Ngọc Quý Gem', '&lt;p&gt;&quot; Viên Đá Thiền&quot;&quot;, biểu tượng của sự cân bằng, thông thái và giác ngộ.&lt;br /&gt;\r\nLà món quà ý nghĩa dành tặng cho bạn bè và người thân của bạn&lt;br /&gt;\r\nRũ bỏ mọi gánh nặng trong cuộc sống để vươn mình đến thành công.&lt;br /&gt;\r\nMang lại giấc ngủ ngon, có ích cho trí não.&lt;br /&gt;\r\nDuy trì sức khỏe tốt và cải thiện thể lực.&lt;br /&gt;\r\nCam kết bảo hành trọn đời.&lt;/p&gt;\r\n\r\n&lt;p&gt;Người Hindu tin rằng, Obsidian là viên đá hộ mệnh hấp thu những dụng ý xấu xa, sự ganh đua ghen ghét và tham lam của con người. Obsidian khuyến khích chủ nhân hướng về cái thiện, sự thanh thản và bình yên trong tâm trí, tìm về cội nguồn của linh hồn thuần khiết. Tinh thể khôi phục sự cân bằng hài hòa giữa bản ngã tinh thần của bạn và thế giới vật chất.&lt;/p&gt;\r\n\r\n&lt;p&gt;&lt;img data-pagespeed-url-hash=&quot;2655888272&quot; onload=&quot;pagespeed.CriticalImages.checkImageForCriticality(this);&quot; src=&quot;https://i-shop.vnecdn.net/images/2019/06/22/5d0dbfc6b4c65-V-ng-Tay-Cung-Ho-ng-o-Obsidian-Charm-B-ch-D-ng-8mm-k-5.5cm-950k---469k-1-.jpg&quot; /&gt;&lt;br /&gt;\r\nĐá là lời thúc giục cho những ai đang trì hoãn trên hành trình của mình, kích thích lòng tin, sự kiên trì để vượt qua mọi khó khăn, thử thách trong cuộc sống.&lt;br /&gt;\r\nNên để đá cạnh đầu giường hay gối nằm sẽ loại bỏ đi buồn phiền và lo âu, giúp bạn có giấc ngủ ngon và thoải mái.&lt;br /&gt;\r\nObsidian giúp cải thiện túi mật, tim, các vấn đề về thần kinh và chống bức xạ cực tốt.&lt;/p&gt;\r\n\r\n&lt;p&gt;&lt;img data-pagespeed-url-hash=&quot;1606549369&quot; onload=&quot;pagespeed.CriticalImages.checkImageForCriticality(this);&quot; src=&quot;https://i-shop.vnecdn.net/images/2019/06/22/5d0dbfdec685d-V-ng-Tay-Cung-Ho-ng-o-Obsidian-Charm-B-ch-D-ng-8mm-k-5.5cm-950k---469k-2-.jpg&quot; /&gt;&lt;br /&gt;\r\nObsidian còn có cái tên là &quot; Viên Đá Thiền&quot;, tạo ra một buổi trị liệu tâm lý tuyệt vời cho bạn khi thiền định mỗi ngày.&lt;br /&gt;\r\nPHù hợp với người thuôc mệnh Thủy và mệnh Mộc.&lt;/p&gt;\r\n\r\n&lt;p&gt;&lt;img data-pagespeed-url-hash=&quot;1207481866&quot; onload=&quot;pagespeed.CriticalImages.checkImageForCriticality(this);&quot; src=&quot;https://i-shop.vnecdn.net/images/2019/06/22/5d0dbfefe9ba5-V-ng-Tay-Cung-Ho-ng-o-Obsidian-Charm-B-ch-D-ng-8mm-k-5.5cm-950k---469k-3-.jpg&quot; /&gt;&lt;/p&gt;\r\n\r\n&lt;p&gt;✨ CÁCH BẢO QUẢN SẢN PHẨM ✨&lt;/p&gt;', '&lt;table&gt;\r\n	&lt;tbody&gt;\r\n		&lt;tr&gt;\r\n			&lt;td&gt;&lt;label&gt;Chất liệu :&lt;/label&gt;&lt;/td&gt;\r\n			&lt;td&gt;Đá tự nhiên&lt;/td&gt;\r\n		&lt;/tr&gt;\r\n		&lt;tr&gt;\r\n			&lt;td&gt;&lt;label&gt;Kích thước :&lt;/label&gt;&lt;/td&gt;\r\n			&lt;td&gt;Freesize&lt;/td&gt;\r\n		&lt;/tr&gt;\r\n		&lt;tr&gt;\r\n			&lt;td&gt;&lt;label&gt;Xuất xứ :&lt;/label&gt;&lt;/td&gt;\r\n			&lt;td&gt;Việt Nam&lt;/td&gt;\r\n		&lt;/tr&gt;\r\n	&lt;/tbody&gt;\r\n&lt;/table&gt;', '', '', '', '', '', ''),
(182, 2, 'Vòng tay phong thủy đá mắt hổ charm tuổi Dần bạc mạ vàng 24k 8mm mệnh Thổ, Kim - Ngọc Quý Gemstones', '&lt;p&gt;Đá thiên nhiên 100%, không bán hàng giả hoặc hàng kém chất lượng.&lt;br /&gt;\r\nRung động với tần số cao giúp thu hút những điều tốt đẹp và may mắn trong cuộc sống.&lt;br /&gt;\r\nLoại bỏ lo âu, căng thẳng, giúp tinh thần luôn tỉnh táo, lạc quan.&lt;br /&gt;\r\nNâng cao sức khỏe, đặc biệt là vùng hông, bụng và hệ thần kinh.&lt;br /&gt;\r\nCam kết bảo hành trọn đời.&lt;/p&gt;\r\n\r\n&lt;p&gt;Đá Mắt Hổ Vàng Nâu đại diện cho vị chúa tể rừng xanh, tượng trưng cho sự mạnh mẽ gan dạ, quyền uy tối thượng và vị trí đỉnh cao trong xã hội.&lt;br /&gt;\r\nCó giá trị phong thủy về mặt cầu tài lộc, mang lại sự thịnh vượng và thành công trong sự nghiệp&lt;/p&gt;\r\n\r\n&lt;p&gt;.&lt;img data-pagespeed-url-hash=&quot;3135285948&quot; onload=&quot;pagespeed.CriticalImages.checkImageForCriticality(this);&quot; src=&quot;https://i-shop.vnecdn.net/images/2019/06/20/5d0b6b1cb5765-V-ng-Tay-M-t-H-Charm-Tu-i-D-n-B-c-M-V-ng-24K-8mm-k-5.5cm-950k---469k-1-.jpg&quot; /&gt;&lt;br /&gt;\r\nĐá giúp người đeo nhận ra vị trí của mình trong một tập thể, có nhận thức đúng đắn về năng lực và mong ước thật sự của bản thân, từ đó gắn kết mọi người với nhau hơn.&lt;br /&gt;\r\nKhi cảm thấy thất bại, chán nản và muốn bỏ cuộc, hãy giữ Đá Mắt Hổ Vàng Nâu bằng tay trái và tiến hành thiền định sâu để kêu gọi nó ban cho bạn sức mạnh và sự sáng suốt trong thời gian thử thách tâm linh.&lt;/p&gt;\r\n\r\n&lt;p&gt;&lt;img data-pagespeed-url-hash=&quot;1997782549&quot; onload=&quot;pagespeed.CriticalImages.checkImageForCriticality(this);&quot; src=&quot;https://i-shop.vnecdn.net/images/2019/06/20/5d0b6b3347a67-V-ng-Tay-M-t-H-Charm-Tu-i-D-n-B-c-M-V-ng-24K-8mm-k-5.5cm-950k---469k-2-.jpg&quot; /&gt;&lt;br /&gt;\r\nĐá còn ứng dụng nhiểu trong y học để chữa trị các vấn để về hệ thần kinh, tân lý, suy yếu dạ dày và đường ruột.&lt;br /&gt;\r\nRất phù hợp với người có mệnh Thổ hoặc Kim.&lt;/p&gt;\r\n\r\n&lt;p&gt;&lt;img data-pagespeed-url-hash=&quot;2157453633&quot; onload=&quot;pagespeed.CriticalImages.checkImageForCriticality(this);&quot; src=&quot;https://i-shop.vnecdn.net/images/2019/06/20/5d0b6b3f8c5c4-V-ng-Tay-M-t-H-Charm-Tu-i-D-n-B-c-M-V-ng-24K-8mm-k-5.5cm-950k---469k-3-.jpg&quot; /&gt;&lt;/p&gt;\r\n\r\n&lt;p&gt;✨ CÁCH BẢO QUẢN SẢN PHẨM ✨&lt;/p&gt;', '&lt;table&gt;\r\n	&lt;tbody&gt;\r\n		&lt;tr&gt;\r\n			&lt;td&gt;&lt;label&gt;Chất liệu :&lt;/label&gt;&lt;/td&gt;\r\n			&lt;td&gt;Đá tự nhiên&lt;/td&gt;\r\n		&lt;/tr&gt;\r\n		&lt;tr&gt;\r\n			&lt;td&gt;&lt;label&gt;Kích thước :&lt;/label&gt;&lt;/td&gt;\r\n			&lt;td&gt;Freesize&lt;/td&gt;\r\n		&lt;/tr&gt;\r\n		&lt;tr&gt;\r\n			&lt;td&gt;&lt;label&gt;Xuất xứ :&lt;/label&gt;&lt;/td&gt;\r\n			&lt;td&gt;Việt Nam&lt;/td&gt;\r\n		&lt;/tr&gt;\r\n	&lt;/tbody&gt;\r\n&lt;/table&gt;', '', '', '', '', '', ''),
(183, 2, 'Vòng tay phong thủy 12 cung hoàng đạo đá mã não đỏ charm Bạch Dương 8mm mệnh Hỏa, Thổ - Ngọc Quý Gem', '&lt;p&gt;Đá thiên nhiên 100%, không bán hàng giả, hàng kém chất lượng.&lt;br /&gt;\r\nLà món quà ý nghĩa giành tặng cho những người thân yêu.&lt;br /&gt;\r\nHỗ trợ gia tăng cảm xúc và sự tự tin để hoàn thành mong muốn của bản thân.&lt;br /&gt;\r\nCải thiện thể lực và chữa trị một số vấn đề về sức khỏe, đặc biệt ở nữ giới.&lt;br /&gt;\r\nCam kết bảo hành trọn đời.&lt;/p&gt;\r\n\r\n&lt;p&gt;Đá Mã Não có cái tên gắn liền với dòng sông Agate ở Sicily. Do có nhiều hình thức và màu sắc giàu trí tưởng tượng, Mã Não là một trong những đồ trang sức và đá quý được tìm kiếm nhiều từ thời cổ đại. Trong đó, Mã Não Đỏ hay còn được biết đến như &quot; Viên Đá Chiến Binh&quot; đã thể hiện ra vẻ đẹp mê hoặc khi được đề cập trong Kinh Thánh và nhiều lần trở thành biểu tượng đặc trưng ở một số thành phố lớn trên thế giới.&lt;/p&gt;\r\n\r\n&lt;p&gt;&lt;img data-pagespeed-url-hash=&quot;3527295670&quot; onload=&quot;pagespeed.CriticalImages.checkImageForCriticality(this);&quot; src=&quot;https://i-shop.vnecdn.net/images/2019/06/21/5d0cbdc410c52-V-ng-Tay-Cung-Ho-ng-o-M-N-o-Charm-B-ch-D-ng-8mm-k-5.5cm-950k---469k-1-.jpg&quot; /&gt;Mã Não Đỏ sẽ ảnh hưởng đến cuộc sống tình yêu của bạn bằng cách mang lại nhiều đam mê và tình cảm hơn. Bí quyết là luôn mang đá bên mình vào những ngày hẹn hò hoặc thậm chí biến nó trở thành một món đồ trang sức tuyệt đẹp dành cho người đồng hành của bạn.&lt;br /&gt;\r\nViên tinh thể cũng có thể tăng trí nhớ và đảm bảo rằng chúng ta có thể xóa tan những cơn giận dữ hoặc rũ bỏ những tiêu cực lại phía sau. Bằng cách này, chấn thương cảm xúc có thể được xoa dịu như cái cách mà Mã Não yên lặng bảo vệ bạn.&lt;/p&gt;\r\n\r\n&lt;p&gt;&lt;img data-pagespeed-url-hash=&quot;2338670587&quot; onload=&quot;pagespeed.CriticalImages.checkImageForCriticality(this);&quot; src=&quot;https://i-shop.vnecdn.net/images/2019/06/21/5d0cbdcf1c6d9-V-ng-Tay-Cung-Ho-ng-o-M-N-o-Charm-B-ch-D-ng-8mm-k-5.5cm-950k---469k-2-.jpg&quot; /&gt;&lt;/p&gt;\r\n\r\n&lt;p&gt;Viên đá Mã Não Đỏ sẽ giúp bạn đưa ra quyết định tốt hơn và khiến bạn tự tin hơn bất cứ khi nào bạn phải nói lên suy nghĩ của mình hoặc đưa ra quyết định hợp lý, từ đó đưa bạn đến với mục tiêu mà bạn luôn khao khát đạt được.&lt;br /&gt;\r\nĐá có thể làm giảm đau dạ dày hoặc vùng bụng dưới vào những ngày nhạy cảm ở nữ giới.&lt;br /&gt;\r\nThích hợp với người mệnh Hỏa hay mệnh Thổ&lt;/p&gt;\r\n\r\n&lt;p&gt;&lt;img data-pagespeed-url-hash=&quot;2914073337&quot; onload=&quot;pagespeed.CriticalImages.checkImageForCriticality(this);&quot; src=&quot;https://i-shop.vnecdn.net/images/2019/06/21/5d0cbddac80f7-V-ng-Tay-Cung-Ho-ng-o-M-N-o-Charm-B-ch-D-ng-8mm-k-5.5cm-950k---469k-3-.jpg&quot; /&gt;&lt;/p&gt;\r\n\r\n&lt;p&gt;✨ CÁCH BẢO QUẢN SẢN PHẨM ✨&lt;/p&gt;', '', '', '', '', '', '', ''),
(181, 2, 'Vòng tay phong thủy đá cẩm thạch sơn thủy charm tuổi Dậu bạc mạ vàng 24k 8mm - Ngọc Quý Gemstones -', '&lt;p&gt;Đá Cẩm Thạch rất được ưu chuộng do màu sắc đa dạng của nó, đặc biệt ở người cao tuổi.&lt;br /&gt;\r\nDuy trì sự bình yên và thanh thản trong tâm trí.&lt;br /&gt;\r\nHướng bạn đến với những điều may mắn và tốt đẹp trong cuộc sống.&lt;br /&gt;\r\nChữa lành tổn thương về cột sống, xương khớp và thanh lọc tạp chất trong cơ thể.&lt;br /&gt;\r\nCam kết bảo hành trọn đời.&lt;/p&gt;\r\n\r\n&lt;p&gt;Theo như ngạn ngữ Nhật Bản thì mỗi người đều có nỗi sợ hãi và ám ảnh riêng, nhưng nó chỉ trở nên sâu sắc khi tâm trí ta cho phép. Do đó, sự đồng hành của Cẩm Thạch trong cuộc sống cùa bạn là điều cần thiết như một chiến binh bảo vệ bạn trước những nguồn năng lượng xấu.&lt;/p&gt;\r\n\r\n&lt;p&gt;&lt;img data-pagespeed-url-hash=&quot;1088626889&quot; onload=&quot;pagespeed.CriticalImages.checkImageForCriticality(this);&quot; src=&quot;https://i-shop.vnecdn.net/images/2019/06/21/5d0c848bec7cf-V-ng-Tay-C-m-Th-ch-S-n-Th-y-Charm-Tu-i-D-u-B-c-M-V-ng-24K-6mm-k-5.5cm-950k---469k-1-.jpg&quot; /&gt;&lt;br /&gt;\r\nĐá Cẩm Thạch phản ánh nội tâm giúp bạn hiểu rõ mình là ai, mong muốn thật sự của mình là gì và giải phóng bản thân trước mọi xiềng xích ảnh hưởng cho sự phát triển của bạn.&lt;br /&gt;\r\nĐá truyển cảm hứng cho chủ nhân mỗi ngày, đồng thời làm dịu nỗi đau và cân bằng cuộc sống, tránh trầm cảm và uất ức kéo dài.&lt;/p&gt;\r\n\r\n&lt;p&gt;&lt;img data-pagespeed-url-hash=&quot;3125987120&quot; onload=&quot;pagespeed.CriticalImages.checkImageForCriticality(this);&quot; src=&quot;https://i-shop.vnecdn.net/images/2019/06/21/5d0c849e9ade7-V-ng-Tay-C-m-Th-ch-S-n-Th-y-Charm-Tu-i-D-u-B-c-M-V-ng-24K-6mm-k-5.5cm-950k---469k-2-.jpg&quot; /&gt;&lt;br /&gt;\r\nĐeo đá lâu ngày sẽ góp phần cải thiện tuổi thọ, khử độc, trị đau lưng, đau cột sống và giúp làn da luôn khỏe đẹp.&lt;br /&gt;\r\nCẩm Thạch có rất nhiều màu sắc khác nhau nên khi mua cần tìm hiểu kĩ cung mệnh để chọn lựa cho phù hợp.&lt;/p&gt;\r\n\r\n&lt;p&gt;&lt;img data-pagespeed-url-hash=&quot;2934275116&quot; onload=&quot;pagespeed.CriticalImages.checkImageForCriticality(this);&quot; src=&quot;https://i-shop.vnecdn.net/images/2019/06/21/5d0c84ae1e8af-V-ng-Tay-C-m-Th-ch-S-n-Th-y-Charm-Tu-i-D-u-B-c-M-V-ng-24K-6mm-k-5.5cm-950k---469k-3-.jpg&quot; /&gt;&lt;/p&gt;\r\n\r\n&lt;p&gt;✨ CÁCH BẢO QUẢN SẢN PHẨM ✨&lt;/p&gt;', '&lt;table&gt;\r\n	&lt;tbody&gt;\r\n		&lt;tr&gt;\r\n			&lt;td&gt;&lt;label&gt;Chất liệu :&lt;/label&gt;&lt;/td&gt;\r\n			&lt;td&gt;Đá tự nhiên&lt;/td&gt;\r\n		&lt;/tr&gt;\r\n		&lt;tr&gt;\r\n			&lt;td&gt;&lt;label&gt;Kích thước :&lt;/label&gt;&lt;/td&gt;\r\n			&lt;td&gt;Freesize&lt;/td&gt;\r\n		&lt;/tr&gt;\r\n		&lt;tr&gt;\r\n			&lt;td&gt;&lt;label&gt;Xuất xứ :&lt;/label&gt;&lt;/td&gt;\r\n			&lt;td&gt;Việt Nam&lt;/td&gt;\r\n		&lt;/tr&gt;\r\n	&lt;/tbody&gt;\r\n&lt;/table&gt;', '', '', '', '', '', '');

-- oc_product_image PRIMARY KEY (`product_image_id`)
INSERT IGNORE INTO `oc_product_image` (`product_image_id`, `product_id`, `image`, `image_alt`, `sort_order`) VALUES
(157, 180, 'https://cdn.bestme.asia/images/thegioiphongthuy/5d0dbfaf94718-nqvt1003-v-ng-tay-12-cung-ho-ng-o-obsidian-charm-b-ch-d-ng-8mm-k-5.jpg', '', 1),
(156, 180, 'https://cdn.bestme.asia/images/thegioiphongthuy/5d0dbfb0ba7e4-nqvt1003-v-ng-tay-12-cung-ho-ng-o-obsidian-charm-b-ch-d-ng-8mm-k-5.jpg', '', 0),
(160, 181, 'https://cdn.bestme.asia/images/thegioiphongthuy/5d0c84130852b-nqvt0637-v-ng-tay-c-m-th-ch-s-n-th-y-charm-tu-i-d-u-b-c-m-v-ng-24k-6mm-k-5.jpg', '', 0),
(155, 182, 'https://cdn.bestme.asia/images/thegioiphongthuy/5d0b6aff1e994-nqvt0979-v-ng-tay-m-t-h-charm-tu-i-d-n-b-c-m-v-ng-24k-8mm-k-5.jpg', '', 1),
(154, 182, 'https://cdn.bestme.asia/images/thegioiphongthuy/5d0b6b033426c-nqvt0979-v-ng-tay-m-t-h-charm-tu-i-d-n-b-c-m-v-ng-24k-8mm-k-5.jpg', '', 0),
(159, 183, 'https://cdn.bestme.asia/images/thegioiphongthuy/5d0cbd8a531ee-nqvt0991-v-ng-tay-12-cung-ho-ng-o-m-n-o-charm-b-ch-d-ng-8mm-k-5.jpg', '', 1),
(158, 183, 'https://cdn.bestme.asia/images/thegioiphongthuy/5d0cbd8b146d8-nqvt0991-v-ng-tay-12-cung-ho-ng-o-m-n-o-charm-b-ch-d-ng-8mm-k-5.jpg', '', 0),
(161, 181, 'https://cdn.bestme.asia/images/thegioiphongthuy/5d0c8413d8b18-nqvt0637-v-ng-tay-c-m-th-ch-s-n-th-y-charm-tu-i-d-u-b-c-m-v-ng-24k-6mm-k-5.jpg', '', 1);


-- oc_product_to_category PRIMARY KEY (`product_id`,`category_id`)
INSERT IGNORE INTO `oc_product_to_category` (`product_id`, `category_id`) VALUES
(164, 91),
(165, 91),
(166, 91),
(167, 99),
(168, 91),
(169, 91),
(170, 99),
(171, 91),
(172, 91),
(173, 84),
(174, 84),
(175, 91),
(176, 91),
(177, 84),
(178, 91),
(179, 91),
(180, 106),
(180, 107),
(181, 106),
(181, 107),
(182, 106),
(182, 107),
(183, 106),
(183, 107);

-- oc_product_to_store PRIMARY KEY (`product_id`,`store_id`)
INSERT IGNORE INTO `oc_product_to_store` (`product_id`, `store_id`, `product_version_id`, `quantity`, `cost_price`) VALUES
(173, 0, 0, 20, '0.0000'),
(181, 0, 0, 100, '0.0000'),
(170, 0, 0, 20, '0.0000'),
(164, 0, 0, 20, '0.0000'),
(169, 0, 0, 20, '0.0000'),
(176, 0, 0, 20, '0.0000'),
(171, 0, 0, 20, '0.0000'),
(175, 0, 0, 20, '0.0000'),
(183, 0, 0, 100, '0.0000'),
(180, 0, 0, 100, '0.0000'),
(168, 0, 0, 20, '0.0000'),
(167, 0, 0, 20, '0.0000'),
(182, 0, 0, 100, '0.0000'),
(172, 0, 0, 20, '0.0000'),
(174, 0, 0, 20, '0.0000'),
(179, 0, 0, 20, '0.0000'),
(165, 0, 0, 20, '0.0000'),
(177, 0, 0, 20, '0.0000'),
(166, 0, 0, 20, '0.0000'),
(178, 0, 0, 20, '0.0000');