-- oc_product PRIMARY KEY (`product_id`)
-- delete first
INSERT IGNORE INTO `oc_product` (`product_id`, `model`, `sku`, `common_barcode`, `common_sku`, `common_compare_price`, `common_price`, `common_cost_price`, `barcode`, `upc`, `ean`, `jan`, `isbn`, `mpn`, `location`, `quantity`, `sale_on_out_of_stock`, `stock_status_id`, `image`, `image_alt`, `multi_versions`, `manufacturer_id`, `shipping`, `price`, `price_currency_id`, `compare_price`, `c_price_currency_id`, `points`, `tax_class_id`, `date_available`, `weight`, `weight_class_id`, `length`, `width`, `height`, `length_class_id`, `subtract`, `minimum`, `sort_order`, `status`, `channel`, `viewed`, `demo`, `deleted`, `default_store_id`, `user_create_id`, `date_added`, `date_modified`) VALUES
(104, '', '', '', '', '0.0000', '0.0000', '0.0000', '', '', '', '', '', '', '', 0, 1, 0, 'https://cdn.bestme.asia/images/x2/anh-dai-dien.jpg', '', 0, 0, 1, '0.0000', 1, '0.0000', 1, 0, 0, '0000-00-00', '500.00000000', 1, '0.00000000', '0.00000000', '0.00000000', 0, 1, 1, 0, 1, 0, 0, 1, NULL, 0, 1, '2020-05-24 20:12:15', '2020-05-24 20:12:15'),
(105, '', '', '', '', '0.0000', '0.0000', '0.0000', '', '', '', '', '', '', '', 0, 1, 0, 'https://cdn.bestme.asia/images/x2/vinhomes-marina-thumb.jpg', '', 0, 0, 1, '0.0000', 1, '0.0000', 1, 0, 0, '0000-00-00', '500.00000000', 1, '0.00000000', '0.00000000', '0.00000000', 0, 1, 1, 0, 1, 0, 0, 1, NULL, 0, 1, '2020-05-24 20:13:08', '2020-05-24 20:13:08'),
(106, '', '', '', '', '0.0000', '0.0000', '0.0000', '', '', '', '', '', '', '', 0, 1, 0, 'https://cdn.bestme.asia/images/x2/600-450.png', '', 0, 0, 1, '0.0000', 1, '0.0000', 1, 0, 0, '0000-00-00', '500.00000000', 1, '0.00000000', '0.00000000', '0.00000000', 0, 1, 1, 0, 1, 0, 0, 1, NULL, 0, 1, '2020-05-24 20:13:55', '2020-05-24 20:13:55'),
(107, '', '', '', '', '0.0000', '0.0000', '0.0000', '', '', '', '', '', '', '', 0, 1, 0, 'https://cdn.bestme.asia/images/x2/vincity-ocean-park-anh-pc-thumnail.jpg', '', 0, 0, 1, '0.0000', 1, '0.0000', 1, 0, 0, '0000-00-00', '500.00000000', 1, '0.00000000', '0.00000000', '0.00000000', 0, 1, 1, 0, 1, 0, 0, 1, NULL, 0, 1, '2020-05-24 20:14:28', '2020-05-24 20:14:28'),
(108, '', '', '', '', '0.0000', '0.0000', '0.0000', '', '', '', '', '', '', '', 0, 1, 0, 'https://cdn.bestme.asia/images/x2/novotel-phu-quoc-resortcbmb.jpg', 'Biet thu nha vuon cao cap', 0, 0, 1, '0.0000', 1, '0.0000', 1, 0, 0, '0000-00-00', '500.00000000', 1, '0.00000000', '0.00000000', '0.00000000', 0, 1, 1, 0, 1, 2, 0, 1, NULL, 0, 1, '2020-06-23 20:20:36', '2020-06-23 20:20:36'),
(109, '', '', '', '', '0.0000', '0.0000', '0.0000', '', '', '', '', '', '', '', 0, 1, 0, 'https://cdn.bestme.asia/images/x2/biet-thu-1-tang-phong-cach-chau-au-6-640x488.jpg', '', 0, 0, 1, '0.0000', 1, '0.0000', 1, 0, 0, '0000-00-00', '500.00000000', 1, '0.00000000', '0.00000000', '0.00000000', 0, 1, 1, 0, 1, 0, 0, 1, NULL, 0, 1, '2020-06-23 20:26:52', '2020-06-23 20:26:52'),
(110, '', '', '', '', '0.0000', '0.0000', '0.0000', '', '', '', '', '', '', '', 0, 1, 0, 'https://cdn.bestme.asia/images/x2/18.jpg', '', 0, 0, 1, '0.0000', 1, '0.0000', 1, 0, 0, '0000-00-00', '500.00000000', 1, '0.00000000', '0.00000000', '0.00000000', 0, 1, 1, 0, 1, 0, 0, 1, NULL, 0, 1, '2020-06-23 20:27:28', '2020-06-23 20:27:28'),
(111, '', '', '', '', '0.0000', '0.0000', '0.0000', '', '', '', '', '', '', '', 0, 1, 0, 'https://cdn.bestme.asia/images/x2/149628897001.jpg', '', 0, 0, 1, '0.0000', 1, '0.0000', 1, 0, 0, '0000-00-00', '500.00000000', 1, '0.00000000', '0.00000000', '0.00000000', 0, 1, 1, 0, 1, 0, 0, 1, NULL, 0, 1, '2020-06-23 20:28:00', '2020-06-23 20:28:00'),
(112, '', '', '', '', '0.0000', '0.0000', '0.0000', '', '', '', '', '', '', '', 0, 1, 0, 'https://cdn.bestme.asia/images/x2/18382920022017villa-novotel-phu-quoc-1-canhodulich-e1519976731627.jpg', '', 0, 0, 1, '0.0000', 1, '150000.0000', 1, 0, 0, '0000-00-00', '500.00000000', 1, '0.00000000', '0.00000000', '0.00000000', 0, 1, 1, 0, 1, 0, 0, 1, NULL, 0, 1, '2020-06-23 20:28:34', '2020-06-23 20:56:08');

-- restore soft-deleted products if demo
UPDATE `oc_product` SET `deleted` = NULL
WHERE `demo` = 1
  AND `product_id` IN (
      104,
      105,
      106,
      107,
      108,
      109,
      110,
      111,
      112
  );

-- oc_product_collection PRIMARY KEY (`product_collection_id`)
INSERT IGNORE INTO `oc_product_collection` (`product_collection_id`, `product_id`, `collection_id`, `sort_order`) VALUES
(142, 104, 9, 0),
(141, 106, 9, 0),
(140, 107, 9, 0),
(150, 104, 10, 4),
(149, 106, 10, 3),
(139, 105, 9, 0),
(151, 105, 11, 0),
(148, 107, 10, 2),
(147, 105, 10, 1),
(154, 104, 11, 0),
(153, 106, 11, 0),
(152, 107, 11, 0),
(155, 105, 12, 0),
(156, 107, 12, 0),
(157, 106, 12, 0),
(158, 104, 12, 0),
(159, 105, 13, 0),
(160, 107, 13, 0),
(161, 106, 13, 0),
(162, 104, 13, 0),
(163, 105, 14, 0),
(164, 107, 14, 0),
(165, 106, 14, 0),
(166, 104, 14, 0),
(167, 105, 16, 0),
(168, 107, 16, 0),
(169, 106, 16, 0),
(170, 104, 16, 0),
(175, 108, 9, 0),
(184, 112, 17, 0),
(182, 111, 17, 3),
(181, 110, 17, 2),
(180, 109, 17, 1);


-- oc_product_description PRIMARY KEY (`product_id`,`language_id`)
INSERT IGNORE INTO `oc_product_description` (`product_id`, `language_id`, `name`, `description`, `sub_description`, `seo_title`, `seo_description`, `tag`, `meta_title`, `meta_description`, `meta_keyword`) VALUES
(104, 2, 'Homes West Point', '', '', '', '', '', '', '', ''),
(105, 2, 'Homes Marina', '', '', '', '', '', '', '', ''),
(106, 2, 'Homes Smart City', '', '', '', '', '', '', '', ''),
(107, 2, 'Homes Ocean Park', '', '', '', '', '', '', '', ''),
(108, 2, 'Khu biệt thự liền kề hiện đại sang trọng bậc nhất', '&lt;p&gt;Khu biệt thự liền kề hiện đại sang trọng bậc nhất&lt;/p&gt;', '', 'Khu biệt thự liền kề hiện đại sang trọng bậc nhất', 'Khu biệt thự liền kề cao cấp, giá cả phải chăng. Hỗ trợ vay lãi suất ngân hàng 0% 2 năm đầu', '', '', '', ''),
(109, 2, 'Biệt thự nhà vườn cao cấp', '&lt;p&gt;Biệt thự nhà vườn cao cấp&lt;/p&gt;', '', '', '', '', '', '', ''),
(110, 2, 'Biệt thự nhà vườn cao cấp 02', '&lt;p&gt;Biệt thự nhà vườn cao cấp&lt;/p&gt;', '', '', '', '', '', '', ''),
(111, 2, 'Biệt thự nhà vườn cao cấp 03', '', '', '', '', '', '', '', ''),
(112, 2, 'Biệt thự nhà vườn cao cấp 05', '&lt;p&gt;Biệt thự nhà vườn cao cấp&lt;/p&gt;', '', '', '', '', '', '', '');


-- oc_product_image PRIMARY KEY (`product_image_id`)
-- INSERT IGNORE INTO `oc_product_image` (`product_image_id`, `product_id`, `image`, `image_alt`, `sort_order`) VALUES
-- nothing


-- oc_product_to_category PRIMARY KEY (`product_id`,`category_id`)
INSERT IGNORE INTO `oc_product_to_category` (`product_id`, `category_id`) VALUES
(108, 21),
(108, 22),
(109, 22),
(110, 22),
(111, 22),
(112, 22);


-- oc_product_to_store PRIMARY KEY (`product_id`,`store_id`)
INSERT IGNORE INTO `oc_product_to_store` (`product_id`, `store_id`, `product_version_id`, `quantity`, `cost_price`) VALUES
(104, 0, 0, 0, '0.0000'),
(105, 0, 0, 0, '0.0000'),
(106, 0, 0, 0, '0.0000'),
(107, 0, 0, 0, '0.0000'),
(108, 0, 0, 10, '0.0000'),
(109, 0, 0, 30, '0.0000'),
(110, 0, 0, 20, '0.0000'),
(111, 0, 0, 20, '0.0000'),
(112, 0, 0, 20, '0.0000');
