-- oc_product PRIMARY KEY (`product_id`)
-- delete first
INSERT IGNORE INTO `oc_product` (`product_id`, `model`, `sku`, `common_barcode`, `common_sku`, `common_compare_price`, `common_price`, `common_cost_price`, `barcode`, `upc`, `ean`, `jan`, `isbn`, `mpn`, `location`, `quantity`, `sale_on_out_of_stock`, `stock_status_id`, `image`, `image_alt`, `multi_versions`, `manufacturer_id`, `shipping`, `price`, `price_currency_id`, `compare_price`, `c_price_currency_id`, `points`, `tax_class_id`, `date_available`, `weight`, `weight_class_id`, `length`, `width`, `height`, `length_class_id`, `subtract`, `minimum`, `sort_order`, `status`, `channel`, `viewed`, `demo`, `deleted`, `default_store_id`, `date_added`, `date_modified`) VALUES
(153, '', 'SP022', '', '', '0.0000', '0.0000', '0.0000', '', '', '', '', '', '', '', 0, 0, 0, 'https://salt.tikicdn.com/cache/w444/ts/product/7e/19/a5/52b6136204768bfa07c145c59ee5df6a.jpg', '', 0, 26, 1, '0.0000', 1, '369000.0000', 1, 0, 0, '0000-00-00', '1.00000000', 1, '0.00000000', '0.00000000', '0.00000000', 0, 1, 1, 0, 1, 2, 0, 1, NULL, 0, '2020-12-08 10:00:23', '2020-12-08 10:00:23'),
(152, '', 'SP021', '', '', '0.0000', '0.0000', '0.0000', '', '', '', '', '', '', '', 0, 0, 0, 'https://vietgiatot.com/wp-content/uploads/2019/08/lac-vong-nhua-36.jpg', '', 0, 26, 1, '279000.0000', 1, '300000.0000', 1, 0, 0, '0000-00-00', '1.00000000', 1, '0.00000000', '0.00000000', '0.00000000', 0, 1, 1, 0, 1, 2, 0, 1, NULL, 0, '2020-12-08 10:00:23', '2020-12-08 10:00:23'),
(151, '', 'SP020', '', '', '0.0000', '0.0000', '0.0000', '', '', '', '', '', '', '', 0, 0, 0, 'https://saovietphat.vn/wp-content/uploads/2016/04/bofit10.jpg', '', 0, 26, 1, '0.0000', 1, '69000.0000', 1, 0, 0, '0000-00-00', '1.00000000', 1, '0.00000000', '0.00000000', '0.00000000', 0, 1, 1, 0, 1, 2, 0, 1, NULL, 0, '2020-12-08 10:00:23', '2020-12-08 10:00:23'),
(150, '', 'SP019', '', '', '0.0000', '0.0000', '0.0000', '', '', '', '', '', '', '', 0, 0, 0, 'https://www.kingsport.vn/vnt_upload/product/setupgym/ta_thanh_don/ta-tay-phong-gym-7_5kg.jpg', '', 0, 26, 1, '0.0000', 1, '50000.0000', 1, 0, 0, '0000-00-00', '1.00000000', 1, '0.00000000', '0.00000000', '0.00000000', 0, 1, 1, 0, 1, 2, 0, 1, NULL, 0, '2020-12-08 10:00:23', '2020-12-08 10:00:23'),
(149, '', 'SP018', '', '', '0.0000', '0.0000', '0.0000', '', '', '', '', '', '', '', 0, 0, 0, 'https://www.kingsport.vn/vnt_upload/product/setupgym/KM/ghe-tap-co-bung-km-7015.jpg', '', 0, 26, 1, '1100000.0000', 1, '1350000.0000', 1, 0, 0, '0000-00-00', '1.00000000', 1, '0.00000000', '0.00000000', '0.00000000', 0, 1, 1, 0, 1, 2, 0, 1, NULL, 0, '2020-12-08 10:00:23', '2020-12-08 10:00:23'),
(148, '', 'SP017', '', '', '0.0000', '0.0000', '0.0000', '', '', '', '', '', '', '', 0, 0, 0, 'https://www.kingsport.vn/vnt_upload/product/setupgym/KM/ghe-day-nguc-km7027.jpg', '', 0, 26, 1, '0.0000', 1, '1350000.0000', 1, 0, 0, '0000-00-00', '1.00000000', 1, '0.00000000', '0.00000000', '0.00000000', 0, 1, 1, 0, 1, 2, 0, 1, NULL, 0, '2020-12-08 10:00:23', '2020-12-08 10:00:23'),
(147, '', 'SP016', '', '', '0.0000', '0.0000', '0.0000', '', '', '', '', '', '', '', 0, 0, 0, 'https://www.kingsport.vn/vnt_upload/product/setupgym/KM/ghe-tap-tay-truoc-Km-7023.jpg', '', 0, 26, 1, '0.0000', 1, '1200000.0000', 1, 0, 0, '0000-00-00', '1.00000000', 1, '0.00000000', '0.00000000', '0.00000000', 0, 1, 1, 0, 1, 2, 0, 1, NULL, 0, '2020-12-08 10:00:23', '2020-12-08 10:00:23'),
(146, '', 'SP015', '', '', '0.0000', '0.0000', '0.0000', '', '', '', '', '', '', '', 0, 0, 0, 'https://www.kingsport.vn/vnt_upload/product/setupgym/KM/ghe-tap-lung-km-7025.jpg', '', 0, 26, 1, '0.0000', 1, '1500000.0000', 1, 0, 0, '0000-00-00', '1.00000000', 1, '0.00000000', '0.00000000', '0.00000000', 0, 1, 1, 0, 1, 2, 0, 1, NULL, 0, '2020-12-08 10:00:23', '2020-12-08 10:00:23'),
(145, '', 'SP014', '', '', '0.0000', '0.0000', '0.0000', '', '', '', '', '', '', '', 0, 0, 0, 'https://www.kingsport.vn/vnt_upload/product/gian_ta_da_nang/bk299.jpg', '', 0, 26, 1, '17000000.0000', 1, '19900000.0000', 1, 0, 0, '0000-00-00', '1.00000000', 1, '0.00000000', '0.00000000', '0.00000000', 0, 1, 1, 0, 1, 2, 0, 1, NULL, 0, '2020-12-08 10:00:23', '2020-12-08 10:00:23'),
(144, '', 'SP013', '', '', '0.0000', '0.0000', '0.0000', '', '', '', '', '', '', '', 0, 0, 0, 'https://www.kingsport.vn/vnt_upload/product/gian_ta_da_nang/ghe_ta/ghe-ta-da-nang-kingsport-BK-699-116.jpg', '', 0, 26, 1, '0.0000', 1, '9500000.0000', 1, 0, 0, '0000-00-00', '1.00000000', 1, '0.00000000', '0.00000000', '0.00000000', 0, 1, 1, 0, 1, 2, 0, 1, NULL, 0, '2020-12-08 10:00:23', '2020-12-08 10:00:23'),
(143, '', 'SP012', '', '', '0.0000', '0.0000', '0.0000', '', '', '', '', '', '', '', 0, 0, 0, 'https://www.kingsport.vn/vnt_upload/product/gian_ta_da_nang/gian-ta-bk-599.jpg', '', 0, 26, 1, '0.0000', 1, '7800000.0000', 1, 0, 0, '0000-00-00', '1.00000000', 1, '0.00000000', '0.00000000', '0.00000000', 0, 1, 1, 0, 1, 2, 0, 1, NULL, 0, '2020-12-08 10:00:23', '2020-12-08 10:00:23'),
(142, '', 'SP011', '', '', '0.0000', '0.0000', '0.0000', '', '', '', '', '', '', '', 0, 0, 0, 'https://www.kingsport.vn/vnt_upload/product/gian_ta_da_nang/avatar-bk799-1907-02.jpg', '', 0, 26, 1, '9000000.0000', 1, '10300000.0000', 1, 0, 0, '0000-00-00', '1.00000000', 1, '0.00000000', '0.00000000', '0.00000000', 0, 1, 1, 0, 1, 2, 0, 1, NULL, 0, '2020-12-08 10:00:23', '2020-12-08 10:00:23'),
(141, '', 'SP010', '', '', '0.0000', '0.0000', '0.0000', '', '', '', '', '', '', '', 0, 0, 0, 'https://www.kingsport.vn/vnt_upload/product/xe_dap/xe_dap_tap_kingsport_ks-8903.jpg', '', 0, 26, 1, '6530000.0000', 1, '7500000.0000', 1, 0, 0, '0000-00-00', '1.00000000', 1, '0.00000000', '0.00000000', '0.00000000', 0, 1, 1, 0, 1, 2, 0, 1, NULL, 0, '2020-12-08 10:00:23', '2020-12-08 10:00:23'),
(140, '', 'SP009', '', '', '0.0000', '0.0000', '0.0000', '', '', '', '', '', '', '', 0, 0, 0, 'https://www.kingsport.vn/vnt_upload/product/xe_dap/xe_dap_trong_nha/xe-dap-tap-kingsport-Ava_Bk-2000.jpg', '', 0, 26, 1, '0.0000', 1, '4100000.0000', 1, 0, 0, '0000-00-00', '1.00000000', 1, '0.00000000', '0.00000000', '0.00000000', 0, 1, 1, 0, 1, 2, 0, 1, NULL, 0, '2020-12-08 10:00:23', '2020-12-08 10:00:23'),
(139, '', 'SP008', '', '', '0.0000', '0.0000', '0.0000', '', '', '', '', '', '', '', 0, 0, 0, 'https://www.kingsport.vn/vnt_upload/product/xe_dap/xe_dap_trong_nha/xe-dap-tap-kingsport-bk-5807_1.jpg', '', 0, 26, 1, '0.0000', 1, '7500000.0000', 1, 0, 0, '0000-00-00', '1.00000000', 1, '0.00000000', '0.00000000', '0.00000000', 0, 1, 1, 0, 1, 2, 0, 1, NULL, 0, '2020-12-08 10:00:23', '2020-12-08 10:00:23'),
(138, '', 'SP007', '', '', '0.0000', '0.0000', '0.0000', '', '', '', '', '', '', '', 0, 0, 0, 'https://www.kingsport.vn/vnt_upload/product/xe_dap/x-bike_khong_yen_02.07.2019_01.jpg', '', 0, 26, 1, '8580000.0000', 1, '10500000.0000', 1, 0, 0, '0000-00-00', '1.00000000', 1, '0.00000000', '0.00000000', '0.00000000', 0, 1, 1, 0, 1, 2, 0, 1, NULL, 0, '2020-12-08 10:00:23', '2020-12-08 10:00:23'),
(137, '', 'SP006', '', '', '0.0000', '0.0000', '0.0000', '', '', '', '', '', '', '', 0, 0, 0, 'https://www.kingsport.vn/vnt_upload/product/maychaybo/avatar-Luxury-KS-2041_05.jpg', '', 0, 26, 1, '10580000.0000', 1, '12000000.0000', 1, 0, 0, '0000-00-00', '1.00000000', 1, '0.00000000', '0.00000000', '0.00000000', 0, 1, 1, 0, 1, 2, 0, 1, NULL, 0, '2020-12-08 10:00:23', '2020-12-08 10:00:23'),
(136, '', 'SP005', '', '', '0.0000', '0.0000', '0.0000', '', '', '', '', '', '', '', 0, 0, 0, 'https://www.kingsport.vn/vnt_upload/product/maychaybo/2044.jpg', '', 0, 26, 1, '12000000.0000', 1, '13500000.0000', 1, 0, 0, '0000-00-00', '1.00000000', 1, '0.00000000', '0.00000000', '0.00000000', 0, 1, 1, 0, 1, 2, 0, 1, NULL, 0, '2020-12-08 10:00:23', '2020-12-08 10:00:23'),
(135, '', 'SP004', '', '', '0.0000', '0.0000', '0.0000', '', '', '', '', '', '', '', 0, 0, 0, 'https://www.kingsport.vn/vnt_upload/product/maychaybo/may-chay-bo-kingsport-bk-2038-29-6-01.jpg', '', 0, 26, 1, '7500000.0000', 1, '8000000.0000', 1, 0, 0, '0000-00-00', '1.00000000', 1, '0.00000000', '0.00000000', '0.00000000', 0, 1, 1, 0, 1, 2, 0, 1, NULL, 0, '2020-12-08 10:00:23', '2020-12-08 10:00:23'),
(134, '', 'SP003', '', '', '0.0000', '0.0000', '0.0000', '', '', '', '', '', '', '', 0, 0, 0, 'https://www.kingsport.vn/vnt_upload/product/maychaybo/2045.jpg', '', 0, 26, 1, '0.0000', 1, '13500000.0000', 1, 0, 0, '0000-00-00', '1.00000000', 1, '0.00000000', '0.00000000', '0.00000000', 0, 1, 1, 0, 1, 2, 0, 1, NULL, 0, '2020-12-08 10:00:23', '2020-12-08 10:00:23'),
(133, '', 'SP002', '', '', '0.0000', '0.0000', '0.0000', '', '', '', '', '', '', '', 0, 0, 0, 'https://www.kingsport.vn/vnt_upload/product/maychaybo/BK-2026-DA-NANG_01.jpg', '', 0, 26, 1, '16000000.0000', 1, '18500000.0000', 1, 0, 0, '0000-00-00', '1.00000000', 1, '0.00000000', '0.00000000', '0.00000000', 0, 1, 1, 0, 1, 2, 0, 1, NULL, 0, '2020-12-08 10:00:23', '2020-12-08 10:00:23'),
(132, '', 'SP001', '', '', '0.0000', '0.0000', '0.0000', '', '', '', '', '', '', '', 0, 0, 0, 'https://www.kingsport.vn/vnt_upload/product/maychaybo/avatar-Luxury-KS-2041_05.jpg', '', 0, 26, 1, '1290000.0000', 1, '13500000.0000', 1, 0, 0, '0000-00-00', '1.00000000', 1, '0.00000000', '0.00000000', '0.00000000', 0, 1, 1, 0, 1, 2, 0, 1, NULL, 0, '2020-12-08 10:00:23', '2020-12-08 10:00:23');

-- restore soft-deleted products if demo
UPDATE `oc_product` SET `deleted` = NULL
WHERE `demo` = 1
  AND `product_id` IN (
       153,
       152,
       151,
       150,
       149,
       148,
       147,
       146,
       145,
       144,
       143,
       142,
       141,
       140,
       139,
       138,
       137,
       136,
       135,
       134,
       133,
       132
  );

-- oc_product_collection PRIMARY KEY (`product_collection_id`)
INSERT IGNORE INTO `oc_product_collection` (`product_collection_id`, `product_id`, `collection_id`, `sort_order`) VALUES
(199, 145, 9, 4),
(198, 142, 9, 3),
(195, 140, 10, 8),
(197, 144, 9, 2),
(196, 143, 9, 1),
(194, 136, 10, 7),
(193, 137, 10, 6),
(192, 135, 10, 5),
(191, 145, 10, 4),
(190, 146, 10, 3),
(189, 149, 10, 2),
(188, 142, 10, 1),
(187, 142, 11, 4),
(186, 144, 11, 3),
(185, 138, 11, 2),
(184, 139, 11, 1),
(168, 153, 12, 0),
(169, 151, 12, 0),
(170, 152, 12, 0),
(171, 150, 12, 0);

-- oc_product_description PRIMARY KEY (`product_id`,`language_id`)
INSERT IGNORE INTO `oc_product_description` (`product_id`, `language_id`, `name`, `description`, `sub_description`, `seo_title`, `seo_description`, `tag`, `meta_title`, `meta_description`, `meta_keyword`) VALUES
(132, 2, 'MÁY CHẠY BỘ KINGSPORT KS-2041', 'Máy chạy bộ KS-2041 đơn năng là mẫu máy chạy bộ mới nhất năm 2020 tại KINGSPORT. Đây là dòng máy chạy bộ được trau chuốt về ngoại hình lẫn tính năng đem đến sự tiện nghi và đẳng cấp tuyệt đối cho gia đình bạn.<br />\n<br />\nLựa chọn máy chạy bộ KS-2041 đơn năng là lựa chọn hoàn hảo cho vóc dáng với những đặc điểm nổi bật về tính năng, sẵn sàng cùng bạn chiến đấu không nghỉ với quyết tâm luyện tập mang lại vóc dáng chuẩn mực cùng một thể lực vượt bậc.<br />\n<br />\navatar-Luxury-KS-2041_05<br />\n<br />\nĐẶC ĐIỂM NỔI BẬT MÁY CHẠY BỘ KINGSPORT KS-2041 ĐƠN NĂNG<br />\n<br />\nThiết kế tôn lên không gian sống hiện đại của chủ nhân<br />\n<br />\nMáy chạy bộ KS-2041 đơn năng có thiết kế gọn gàng nhưng không kém phần tinh tế, với gam màu đen- xám được phối hợp hết sức hài hòa mang lại một tổng thể hoàn hảo trong từng đường nét thiết kế. Với diện mạo cực kỳ hiện đại mang đậm nét thể thao góp phần mang lại sự sang trọng cho ngôi nhà của bạn, giúp bạn thể hiện cá tính của riêng mình.<br />\n<br />\nmay-chay-bo-kingsport-ks-2041-101-26-06-2020-man-hinh-cam-ung<br />\n<br />\nKhung sườn siêu chắn chắn cho tải trọng vượt trội<br />\n<br />\nKhung sườn được thiết kế bằng thép chịu lực cao cấp vô cùng bền chắc với tải trọng tối đa lên đến 120kg. Động cơ mạnh mẽ cho vận tốc của máy đạt đến 15km/h, sẵn sàng cùng các thành viên trong gia đình từ người già đến trẻ nhỏ luyện tập nâng cao sức khỏe mỗi ngày.<br />\n<br />\nMCB-Luxury-KS-2041_02<br />\n<br />\nThoải mái tập luyện với thảm chạy siêu rộng<br />\n<br />\nDiện tích thảm chạy rộng rãi (48x125cm), chống trơn trượt cao cho phép người tập thoải mái sải chân mà không lo trượt ngã trong khi luyện tập nhất là những người cao tuổi.<br />\n<br />\nmay-chay-bo-kingsport-ks-2041-101-26-06-2020-tham-chay<br />\n<br />\nMàn hình cảm ứng siêu rộng dễ dàng điều kiểm soát các thông số luyện tập<br />\n<br />\nBạn sẽ dễ dàng thao tác các thông số tập luyện với màn hình siêu lớn cùng bảng điều khiển cảm ứng, hiển thị rõ nét các thông số như: Vận tốc, tốc độ, quãng đường, nhịp tim và thời gian, lượng calo tiêu thụ trong quá trình chạy, từ đó bạn sẽ dễ dàng kiểm soát quá trình luyện tập của bản thân một cách tốt nhất. Đặc biệt, màn hình có thể thay đổi góc độ khác nhau để phù hợp với tầm nhìn của người sử dụng.<br />\n<br />\nmay-chay-bo-kingsport-ks-2041-105-26-06-2020-man-hinh-sieu-rong<br />\n<br />\nThiết kế hiện đại với khả năng gấp gọn tối đa<br />\n<br />\nMáy được thiết kế rất linh hoạt có khả năng gấp gọn tối đa, di chuyển bằng bánh xe dễ dàng sau khi tập luyện, bạn có thể dễ dàng cất giữ dưới giường ngủ hoặc dưới ghế sofa, giúp tiết kiệm không gian cất giữ khi không sử dụng đến. Thiết kế thông minh và linh hoạt đem đến sự tiện nghi trong sử dụng, rất phù hợp hỗ trợ tập luyện thể thao tại nhà.<br />\n<br />\nmay-chay-bo-kingsport-ks-2041-101-26-06-2020-gap-gon<br />\n<br />\nGia tăng cảm hứng tập luyện với âm nhạc<br />\n<br />\nÂm nhạc chính là chất xúc tác hoàn hảo cho quá trình tập luyện của bạn, chính vì thế máy chạy bộ KS-2041 đơn năng được tích hợp tính năng nghe nhạc giải trí hiện đại bằng kết nối qua cổng USB và Jack Mp3, giúp tạo hứng khởi cho quá trình rèn luyện vóc dáng của bạn.<br />\n<br />\nThường xuyên luyện tập với máy chạy bộ KS-2041 sẽ mang đến cho bạn và các thành viên trong gia đình một nguồn sức khỏe dồi dào, tăng cường lưu thông máu, hệ tim mạch, xương - khớp luôn khỏe mạnh và một tinh thần luôn tươi trẻ.<br />\n<br />\nCó máy chạy bộ KS-2041 đơn năng sẽ giúp bạn thuận tiện duy trì lịch trình tập luyện đều đặn, không lo lắng về thời tiết mưa gió, ô nhiễm môi trường, dịch bệnh ảnh hưởng đến quá trình rèn luyện vóc dáng của bạn.<br />\n<br />\nTHÔNG SỐ KỸ THUẬT SẢN PHẨM:<br />\n<br />\nModel 	KS-2041 (Single)<br />\nĐiện Áp	220V, 50-60Hz<br />\nTải trọng tối đa	120 Kg<br />\nTốc độ tối đa	15 Km/h<br />\nKích thước vùng chạy	125x48(Cm) | (DxR)<br />\nChế độ nâng dốc tự động 	Không<br />\nHệ thống giảm sốc	đệm cao su<br />\nKiểu thảm	Kim Cương<br />\nChương trình tập	12<br />\nĐai Massage, Đĩa xoay eo, tạ tay, thanh gập bụng<br />\n<br />\nKhông<br />\nNghe nhạc	Có<br />\nCổng kết nối	USB - jack 3.5mm<br />\nXếp gọn, di chuyển bằng bánh xe	Có<br />\nChế độ bảo hành	<br />\n6 Năm- Ván thảm 2 năm-Bảo trì trọn đời ( tại nhà)<br />\nCó đầy đủ linh phụ kiện chính hãng thay thế<br />\n', 'KINGSPORT<br />\nNhà nhập khẩu<br />\nDongDuongGroup<br />\nMã sản phẩm<br />\nKS-2041<br />\nKhối Lượng<br />\nNW:60kg/GW:67kg<br />\nKích Thước Đóng Thùng<br />\n171x92x24cm<br />\nKích Thước Sử Dụng<br />\n161x83x128cm<br />\nXuất xứ<br />\nCHINA<br />\nTình trạng<br />\nHàng mới', '', '', '', '', '', ''),
(133, 2, 'MÁY CHẠY BỘ LUXURY KS-2035 ĐA NĂNG', 'Máy chạy bộ Kingsport Luxury KS-2035 là dòng máy chạy bộ mới nhất của Kingsport, được tích hợp những tính năng luyện tập hoàn hảo, giúp bạn lấy lại sự tự tin với vóc dáng thon gọn, săn chắc. Với động cơ mạnh mẽ và màn hình LED hiện đại  nhằm mang đến cho người dùng những trải nghiệm tập luyện thể thao mới lạ, hấp dẫn.<br />\n<br />\nMáy chạy bộ Kingsport Luxury KS-2035 xứng đáng là lựa chọn hoàn hảo góp phần nâng cao sức khỏe và chất lượng cuộc sống cho tất cả các thành viên trong gia đình bạn!<br />\n<br />\nNHỮNG ĐẶC ĐIỂM NỔI BẬT CỦA MÁY CHẠY BỘ KINGSPORT LUXURY KS-2035 ĐA NĂNG<br />\nDIỆN MẠO MẠNH MẼ - KHỎE KHOẮN TRONG TỪNG ĐƯỜNG NÉT<br />\n<br />\nMáy chạy bộ Kingsport Luxury KS-2035 đa năng được thiết kế theo phong cách khỏe khoắn. Sở hữu vẻ đẹp ấn tượng nhưng không phô trương với tone màu đen – xám được pha trộn nhịp nhàng. Những đường nét thiết kế hiện đại mang đậm nét thể thao nhằm mang lại sự sang trọng cho ngôi nhà của bạn, giúp bạn thể hiện cá tính của riêng mình.<br />\n<br />\nMáy chạy bộ Kingsport Luxury KS-2035 đa năng được thiết kế với khung sườn chắc chắn cho tải trọng tối đa lên đến 150kg. Động cơ mạnh mẽ cho vận tốc của máy đạt đến 18km/h sẵn sàng cùng bạn luyện tập mỗi ngày, đem lại nguồn năng lượng dồi dào giúp bạn chinh phục những thành công trong cuộc sống.<br />\n<br />\nmay-chay-bo-kingsport-Luxury-KS-2035-KHUNG-SUON-DONG-CO<br />\n<br />\n <br />\n<br />\nHỆ ĐỘNG CƠ BỀN BỈ CÙNG CHẾ ĐỘ NÂNG DỐC TỰ ĐỘNG THÔNG MINH<br />\n<br />\nMáy chạy bộ Kingsport Luxury KS-2035 được trang bị hệ động cơ mạnh mẽ phù hợp với mọi thành viên trong gia đình. Máy được lập trình hoàn hảo với chức năng thay đổi độ dốc của băng tải lên đến 15% giúp đốt cháy được lượng calo nhanh chóng gấp hai lần với việc chạy bộ thông thường, giúp săn chắc vùng đùi và mông một cách dễ dàng.<br />\n<br />\nmay-chay-bo-kingsport-Luxury-KS-2035-NANG-DOC<br />\n<br />\n <br />\n<br />\nGẤP GỌN THÔNG MINH TIẾT KIỆM KHÔNG GIAN<br />\n<br />\nMáy chạy bộ Kingsport Luxury KS-2035 với khả năng di chuyển bằng bánh xe thông minh giúp bạn có thể di chuyển dễ dàng, đồng thời chức năng gấp gọn sẽ giúp bạn tiết kiệm tối đa diện tích cho không gian của gia đình mình.<br />\n<br />\nmay-chay-bo-kingsport-Luxury-KS-2035-GAP-GON<br />\n<br />\n <br />\n<br />\nTHẢM CHẠY LỚN CHO SẢI BƯỚC TỰ TIN HƠN<br />\n<br />\nNổi bật với thảm chạy siêu rộng diện tích lớn cùng thiết kế bề mặt kim cương cho phép người tập thoải mái sải chân mà không lo trượt khỏi thảm chạy, thảm chạy rộng sẽ phù hợp với những người có sải chân lớn và cả những người cao tuổi trong gia đình.<br />\n<br />\nmay-chay-bo-kingsport-Luxury-KS-2035-THAM-CHAY-SIEU-RONG_1<br />\n<br />\n <br />\n<br />\nBẢN ĐIỀU KHIỂN CẢM ỨNG HIỂN THỊ MỌI THÔNG SỐ TẬP LUYỆN<br />\n<br />\nKhác với những dòng máy thông thường, máy chạy bộ Kingsport Luxury KS-2035 được tích hợp màn hình cảm ứng lớn, cho phép bạn thao tác các chương trình tập luyện thật dễ dàng. Màn hình cũng hiển thị rõ nét các thông số như: Tốc độ, quãng đường, thời gian, calories, nhịp tim, rất thuận tiện để người dùng theo dõi, từ đó có sự điều chỉnh chương trình tập luyện phù hợp với tình hình sức khỏe của bản thân.<br />\n<br />\nmay-chay-bo-Kingsport-KS-2035-05-15-10.docx<br />\n<br />\n <br />\n<br />\nLUYỆN TẬP TỐI ƯU- ĐA LỢI ÍCH CHO SỨC KHỎE<br />\n<br />\nTích hợp đai rung massage và thanh gập bụng, tạ tay, đĩa xoay eo bổ trợ tối ưu quá trình đốt cháy calo, giúp thon gọn vóc dáng nhanh chóng. Kết hợp hoàn hảo với hệ thống loa nghe nhạc bằng cổng kết nối USB và jack cắm, giúp tinh thần hứng khởi hơn góp phần nâng cao chất lượng buổi tập thêm hiệu quả.<br />\n<br />\nCòn gì tuyệt vời hơn khi luyện tập với máy chạy bộ Kingsport Luxury KS-2035 ngay tại chính ngôi nhà thân yêu, không cần phải lo ngại nắng nóng, khói bụi ô nhiễm. Mang đến nhiều lợi ích về sức khỏe, cho hệ tim mạch cùng hệ xương khớp luôn khỏe mạnh, dẻo dai.<br />\n<br />\nmay-chay-bo-kingsport-ks-2035-06<br />\n<br />\n <br />\n<br />\nCHÍNH SÁCH BẢO HÀNH - GIAO HÀNG - HẬU MÃI<br />\nKingSport luôn đặt tâm huyết mang đến những sản phẩm chất lượng, tinh tế cùng với chế độ hậu mãi sau bán hàng và bảo hành TỐT NHẤT cho khách hàng.<br />\nhau_mai_6<br />\n<br />\nchat_luong_cty-01_1<br />\n<br />\n <br />\nTHÔNG SỐ KỸ THUẬT<br />\nModel<br />\n<br />\nLuxury KS-2035( Đa Năng)<br />\n<br />\nĐiện Áp<br />\n<br />\n220V, 50-60Hz<br />\n<br />\nĐộng Cơ<br />\n<br />\n Tiết Kiệm Điện Năng<br />\n<br />\nTải trọng sản phẩm<br />\n<br />\n150 Kg<br />\n<br />\nTốc độ tối đa<br />\n<br />\n18 Km/h<br />\n<br />\nKích thước vùng chạy<br />\n<br />\n1360*520mm | (DxR)<br />\n<br />\nChế độ nâng dốc tự động<br />\n<br />\nCó - Độ dốc tối đa 15%<br />\n<br />\nHệ thống giảm sốc<br />\n<br />\nKhung thép chịu lực<br />\n<br />\nChương trình tập<br />\n<br />\n12 và 3 chương trình do người dùng tùy chọn<br />\n<br />\nĐai massage, gập bụng, tạ tay, xoay eo<br />\n<br />\nCó<br />\n<br />\nNghe nhạc HiFi Chất Lượng Cao<br />\n<br />\nCó<br />\n<br />\nCổng kết nối<br />\n<br />\nUSB - Jack 3.5mm<br />\n<br />\nXếp gọn, di chuyển bằng bánh xe<br />\n<br />\nCó<br />\n<br />\nChế độ bảo hành<br />\n<br />\n6 Năm- Ván thảm 2 năm - Bảo trì trọn đời ( tại nhà)<br />\n<br />\nCó đầy đủ linh phụ kiện chính hãng thay thế', 'Hãng sản xuất<br />\nKINGSPORT<br />\nNhà nhập khẩu<br />\nDongDuongGroup<br />\nMã sản phẩm<br />\nKS-2035<br />\nKhối Lượng<br />\n90/105 kg<br />\nKích Thước Đóng Thùng<br />\n1810x900x415mm<br />\nKích Thước Sử Dụng<br />\n1830x860x1350mm<br />\nXuất xứ<br />\nCHINA<br />\nTình trạng<br />\nHàng Mới', '', '', '', '', '', ''),
(134, 2, 'MÁY CHẠY BỘ KINGSPORT LUXURY KS-2045 ĐA NĂNG', 'Tiếp nối xu hướng thành công của những sản phẩm được ra mắt thị trường như Kungfu đa năng, Hero, KS-2044…Máy chạy bộ Kingsport KS-2045 xuất hiện với ngoài hình mới lạ, thiết kế thông minh giúp cho người dùng sử dụng dễ dàng sử dụng, hỗ trợ quá trình xây dựng thể chất một cách hiệu quả và nhanh chóng nhất.<br />\n<br />\nSở hữu máy chạy bộ KS-2045 còn tích hợp thêm thanh gập bụng, rung massage đốt cháy mỡ thừa siêu tốc ngay tại nhà vừa an toàn, hiệu quả lại vừa tiết kiệm thời gian.<br />\n<br />\nĐể được tư vấn và mua hàng với giá ưu đãi, Quý khách hàng hãy liên hệ ngay tổng đài miễn cước 1800 6862  để được sở hữu đúng sản phẩm chính hãng!<br />\n<br />\n2045<br />\n<br />\nĐẶC ĐIỂM NỔI BẬT<br />\n<br />\nCải tiến công năng, nâng tầm xu hướng<br />\n<br />\nThiết kế theo phong cách tối giản trong tông màu đen xám chủ đạo, kết hợp lò xo giảm xóc ở vùng thảm chạy tạo nên điểm nhắn lạ mắt cho sản phẩm hứa hẹn 1 xu hướng thiết kế đầy tính sáng tạo. Ngoài ra, khung sườn được thiết kế liền khối cho tải trọng máy lên đến 110kg.<br />\n<br />\nĐộng cơ mạnh mẽ - bền bỉ theo thời gian<br />\n<br />\nĐộng cơ mạnh mẽ và êm ái, đảm bảo thời gian vận hành cho máy một cách bền bỉ, thách thức thời gian luyện tập của cả gia đình bạn. Kết hợp cải tiến vận tốc máy lên đến 16 km/h cùng độ nâng dốc tự động 15% hỗ trợ quá trình đốt cháy colories hiệu quả hơn quãng đường chạy thông thường.<br />\n<br />\nMàn hình hiển thị đầy đủ mọi thông số hỗ trợ tập luyện<br />\n<br />\nTrang bị màn hình được thiết kế các nút bấm dập nổi với màu sắc nổi bật, với thiết kế đặc biệt này sẽ giúp cho những người cao tuổi thực hiện thao tác tùy chọn chương trình luyện tập chuẩn xác và dễ dàng hơn.<br />\n<br />\nMàn hình hiển thị tích hợp các thông tin: Thời gian, quãng đường, nhịp tim, lượng calo, vận tốc … giúp khách hàng theo dõi quá trình luyện tập chuyên nghiệp hơn.<br />\n<br />\nCho vóc dáng hoàn hảo cùng bộ tập luyện đa năng<br />\n<br />\nĐặc biệt, máy chạy bộ Kingsport KS-2045 đa năng tích hợp thêm những thiết bị bổ trợ khách hàng luyện tập hiệu quả nhanh chóng hơn:<br />\n<br />\nThanh tập bụng: được đặt ở phía dưới bảng điều khiển, hỗ trợ bạn thực hiện các bài tập cơ bụng.<br />\n<br />\nĐai massage: Massage giúp tăng cường đốt cháy mỡ thừa ở các vùng tay, chân, đùi, mông, eo,…thư giãn cơ bắp sau các bài tập chạy dài.<br />\n<br />\nĐặc biệt, ứng dụng Bluetooth kết hợp âm thanh loa sống động cực chất giúp bạn vừa tập luyện thể hình, rèn luyện thể chất với những bài nhạc yêu thích.<br />\n<br />\nVÔ VÀN LỢI ÍCH ĐẾN TỪ MÁY CHẠY BỘ KINGSPORT KS-2045 ĐA NĂNG<br />\n<br />\nMáy chạy bộ Kingsport KS-2045 được dùng nhiều trong việc giữ gìn vóc dáng, rèn luyện sức khỏe và giúp giấc ngủ ngon hơn. Duy trì thói quen chạy bộ mỗi sáng 30 phút trên máy sẽ mang đến bạn nguồn năng lượng dồi dào cho cả ngày học tập, làm việc mà không biết mệt mỏi. Máy phù hợp với mọi thành viên trong gia đình.<br />\n<br />\nCHẾ ĐỘ HẬU MÃI – GIAO HÀNG', 'Hãng sản xuất<br />\nKINGSPORT<br />\nNhà nhập khẩu<br />\nDongDuongGroup<br />\nMã sản phẩm<br />\nKS-2045<br />\nKhối Lượng<br />\n70/81.8kg<br />\nKích Thước Đóng Thùng<br />\n185X77.5X37.5cm<br />\nKích Thước Sử Dụng<br />\n169.7X72X137.3cm<br />\nXuất xứ<br />\nCHINA<br />\nTình trạng<br />\nHàng mới', '', '', '', '', '', ''),
(135, 2, 'MÁY CHẠY BỘ KINGSPORT BK-2038 ĐA NĂNG', 'MÁY CHẠY BỘ KINGSPORT BK-2038 ĐA NĂNG<br />\nCHẤT LƯỢNG VƯỢT TRỘI – KIỂU DÁNG THỂ THAO<br />\nĐể đáp ứng nhu cầu rèn luyện và chăm sóc sức khỏe ngày một gia tăng, Kingsport không ngừng áp dụng các công nghệ kỹ thuật tiên tiến hiện đại nhất, tạo ra các sản phẩm máy chạy bộ đa năng với chất lượng vượt trội, mang lại những tiện ích tối ưu cho người dùng.<br />\n<br />\nMẫu máy chạy bộ Kingsport BK-2038 đa năng ra đời đáp ứng hoàn hảo những yêu cầu khắt khe nhất, với sự cải tiến ưu việt trong thiết kế, tích hợp những tính năng tập luyện đa dạng nhằm đem lại sự thuận tiện cho người dùng trong việc luyện tập cải thiện sức khỏe và vóc dáng một cách thật hoàn hảo ngay tại nhà.<br />\nNHỮNG ĐẶC ĐIỂM NỔI BẬT CỦA MÁY CHẠY BỘ KINGSPORT BK-2038 ĐA NĂNG<br />\nThiết kế mạnh mẽ cho độ bền cùng thời gian<br />\n<br />\nMáy chạy bộ Kingsport BK-2038 nổi bật với gam màu trắng đen hiện đại thích hợp với mọi không gian sống khác nhau. Ngoài ra, máy có thiết kế khung sườn rất mạnh mẽ, cứng cáp có thể chịu tải trọng cao thích hợp với cân nặng người dùng khác nhau.<br />\n<br />\nmay-chay-bo-kingsport-bk-2038-29-6-07may-chay-bo-kingsport-bk-2038-29-6-03<br />\n<br />\nĐộng cơ mạnh mẽ cho cả gia đình cùng luyện tập<br />\n<br />\nNhờ hệ động cơ mạnh mẽ mà máy chạy bộ Kingsport BK-2038 đa năng thích hợp cho gia đình có nhiều thành viên tập luyện, máy vận hành mượt mà, êm ái và đem đến sự thoải mái nhất cho người tập. Tốc độ của máy dao động từ 0.8-14km/h cho phép điều chỉnh mọi cấp độ luyện tập như đi bộ, chạy bộ, chạy biến tốc rèn luyện sức khỏe dẻo dai.<br />\n<br />\nmay-chay-bo-kingsport-bk-2038-29-6-08may-chay-bo-kingsport-bk-2038-29-6-05<br />\n<br />\nSải bước thoải mái với thảm chạy rộng rãi<br />\n<br />\nVới độ rộng của băng tải máy chạy bộ là 126*42cm giúp người chạy có thể sải bước thoải mái mà không lo trượt khỏi thảm tập. Công nghệ giảm chấn bằng lò xo hiện đại cùng công nghệ tra dầu tự động tạo sự êm ái khi tập luyện, đảm bảo an toàn cho hệ xương khớp hạn chế tối đa chấn thương khi chạy bộ, đem đến những bước chạy êm ái thoải mái hơn khi tập luyện.<br />\n<br />\nmay-chay-bo-kingsport-bk-2038-29-6-02may-chay-bo-kingsport-bk-2038-29-6-06<br />\n<br />\nTập luyện linh hoạt với nhiều bài tập khác nhau<br />\n<br />\nTích hợp đai massage đánh bụng, thanh gập bụng và đĩa xoay eo nhằm đánh tan lượng mỡ thừa ở các vùng mông, bụng, đùi, eo làm cho các vùng này trở nên săn chắc và thon gọn hơn, giúp hiệu quả tập luyện được tối ưu nhất.<br />\n<br />\nmaychaybo-kingsport-BK-2038-05<br />\n<br />\nMàn hình LCD hiện đại hiển thị các chương trình tập luyện khác nhau<br />\n<br />\nMáy chạy bộ Kingsport BK-2038 trang bị màn hình hiển thị hiện đại cùng 12 bài tập tự động giúp người dùng dễ dàng thao tác các bài tập mà mình mong muốn. Màn hình cung cấp cho người dùng những thông số như nhịp tim, calories, thời gian, vận tốc, quãng đường... giúp bạn dễ dàng điều chỉnh bài tập của mình một cách hiệu quả nhất.<br />\n<br />\nmaychaybo-kingsport-BK-2038-06_1<br />\n<br />\nHỗ trợ tính năng nghe nhạc giải trí hiện đại<br />\n<br />\nĐược tích hợp tính năng nghe nhạc giải trí hiện đại bằng kết nối qua Bluetooth, cổng USB và Jack Mp3 để bạn luyện tập hăng say hơn, giảm căng thẳng, cho bạn cảm giác thoải mái, thú vị hơn ngay trong chính ngôi nhà của bạn.<br />\n<br />\nHơn nữa, máy được trang bị tính năng thông minh giúp bạn có thể gấp gọn máy khi không sử dụng. Cùng với bánh xe di chuyển linh hoạt, bạn có thể cất gọn máy nhằm tiết kiệm diện tích, không gian sống của cả gia đình. <br />\n<br />\nmay-chay-bo-kingsport-bk-2038-29-6-04<br />\n<br />\nCHẾ ĐỘ HẬU MÃI – GIAO HÀNG - BẢO HÀNH', 'Hãng sản xuất<br />\nKINGSPORT<br />\nNhà nhập khẩu<br />\nDongDuongGroup<br />\nMã sản phẩm<br />\nBK-2038<br />\nKhối Lượng<br />\n71kg/81kg<br />\nKích Thước Đóng Thùng<br />\n1600*780*330mm<br />\nKích Thước Sử Dụng<br />\n1550*710*1260mm<br />\nKích Thước Xếp Gọn<br />\n1190*710*1240mm<br />\nXuất xứ<br />\nCHINA<br />\nTình trạng<br />\nHàng mới', '', '', '', '', '', ''),
(136, 2, 'MÁY CHẠY BỘ KINGSPORT LUXURY KS-2044 ĐA NĂNG', 'MÁY CHẠY BỘ KINGSPORT KS – 2044 KHẲNG ĐỊNH XU HƯỚNG MỚI – PHÁ BỎ RÀO CẢN BẢN THÂN – CHINH PHỤC ĐAM MÊ KHÔNG GIỚI HẠN<br />\nĐơn giản – bền bỉ - chất lượng và mãnh mẽ là những tính từ xứng đáng để mô tả máy chạy bộ Kingsport KS-2044. Máy chạy bộ KS-2044 là một trong những dòng sản phẩm mới ra mắt tại KINGSPORT. Thừa hưởng những tính năng ưu Việt, đổi mới những vấn đề còn hạn chế để thiết lập xu hướng mới giúp khách hàng chinh phục đam mê, phá bỏ những rào cả từ bạn thân như: Chi phí luyện tập, không gian chật hẹp, điều kiện thời tiết, vận tốc máy chưa phù hợp…Thì tất cả sẽ được cải tiến trong dòng sản phẩm KS-2044!<br />\n<br />\nLiên hệ ngay tổng đài miễn phí 1800 68 62 để được hỗ trợ và giao hàng chính hãng!<br />\n<br />\n2044<br />\n<br />\nĐẶC ĐIỂM NỔI BẬT<br />\n<br />\nThiết kế đơn giản trong tông màu chủ đạo là đen xám kết hợp khung sườn chắc chắn cho tải trọng lên đến 120kg phù hợp với mọi độ tuổi cũng như giới tính.<br />\n<br />\nMáy chạy bộ Kingsport KS-2044 được hỗ trợ 15 bài tập chuyên sâu trên máy giúp quý khách có thể luyện tập hằng ngày một cách bài bản theo chương trình đã được cài đặt sẵn.<br />\n<br />\nMàn hình thiết kế tối giản giúp người dùng dễ dàng thao tác khi luyện tập. Đồng thời, để khách hàng theo dõi được quá trình chạy bộ một cách chuyên nghiệp hơn thông qua những thông số cơ bản được cài đặt trên màn hình máy chạy bộ KS-2044 như: Vận tốc, thời gian, quãng đường, lượng calo tiêu thụ…<br />\n<br />\nCải tiến động cơ mạnh mẽ cho máy hoạt động êm ái, vận tốc cải tiến lên đến 16 km/h kết hợp độ nâng dốc vượt trội 15% so với chiều cao của máy sẽ hỗ trợ tích cực quá trình đốt cháy calories hiệu quả hơn bao giờ hết.<br />\n<br />\nỨng dụng bluetooth kết nối âm thanh cùng hệ thống loa sống động giúp chúng ta vừa chạy bộ vừa nghe được những bài nhạc mà bạn yêu thích.<br />\n<br />\nVới những tính năng tuyệt vời của máy chạy bộ Kingsport KS-2044 không chỉ giúp bạn mang lại vóc dáng gọn gàng, thể hình săn chắc, cơ xương khỏe mạnh mà còn tích hợp những thiết bị đặc biệt giúp bạn cũng như những người thân trong gia đình được luyện tâp toàn diện như:Thanh gập bụng đa nhiệm bài luyện tập để có dáng chuẩn, eo thon.Đai massage sẽ giúp bạn thư giãn cơ sau khi chạy bộ, ngoài ra đai massage còn được linh hoạt dùng ở những vị trí tay, chân, eo, mông, đùi…hỗ trợ massage và đốt cháy calories hiệu quả.<br />\n<br />\nTHÔNG SỐ KỸ THUẬT SẢN PHẨM<br />\n<br />\nModel 	BK-2044 (Đa Năng)<br />\nĐiện Áp	220V, 50-60Hz<br />\nTải trọng sản phẩm	120 Kg<br />\nTốc độ tối đa	16 Km/h<br />\nKích thước vùng chạy	130x48(Cm) | (DxR)<br />\nĐộ dốc	15% tùy chỉnh <br />\nHệ thống giảm xóc hiện đại	Giảm xóc lò xo<br />\nTính năng tự động bôi dầu vào thảm chạy	Không<br />\nChương trình tập đa năng	15<br />\nĐai Massage, thanh gập bụng<br />\n<br />\nCó<br />\nNghe nhạc HIFi sống động	Có<br />\nCổng kết nối	Bluetooth<br />\nXếp gọn, di chuyển bằng bánh xe	Có<br />\nChế độ bảo hành	6 Năm- Ván thảm 2 năm- Bảo trì trọn đời ( tại nhà)<br />\nCó đầy đủ linh phụ kiện chính hãng thay thế', 'Hãng sản xuất<br />\nKINGSPORT<br />\nNhà nhập khẩu<br />\nDongDuongGroup<br />\nMã sản phẩm<br />\nKS-2044<br />\nKhối Lượng<br />\n72.5kg/85kg<br />\nKích Thước Đóng Thùng<br />\n183.5x80.5x42.5cm<br />\nKích Thước Sử Dụng<br />\n168.6x74x141.3cm<br />\nXuất xứ<br />\nCHINA<br />\nTình trạng<br />\nHàng mới', '', '', '', '', '', ''),
(137, 2, 'MÁY CHẠY BỘ KINGSPORT KS-2041', 'Máy chạy bộ KS-2041 đơn năng là mẫu máy chạy bộ mới nhất năm 2020 tại KINGSPORT. Đây là dòng máy chạy bộ được trau chuốt về ngoại hình lẫn tính năng đem đến sự tiện nghi và đẳng cấp tuyệt đối cho gia đình bạn.<br />\n<br />\nLựa chọn máy chạy bộ KS-2041 đơn năng là lựa chọn hoàn hảo cho vóc dáng với những đặc điểm nổi bật về tính năng, sẵn sàng cùng bạn chiến đấu không nghỉ với quyết tâm luyện tập mang lại vóc dáng chuẩn mực cùng một thể lực vượt bậc.<br />\n<br />\navatar-Luxury-KS-2041_05<br />\n<br />\nĐẶC ĐIỂM NỔI BẬT MÁY CHẠY BỘ KINGSPORT KS-2041 ĐƠN NĂNG<br />\n<br />\nThiết kế tôn lên không gian sống hiện đại của chủ nhân<br />\n<br />\nMáy chạy bộ KS-2041 đơn năng có thiết kế gọn gàng nhưng không kém phần tinh tế, với gam màu đen- xám được phối hợp hết sức hài hòa mang lại một tổng thể hoàn hảo trong từng đường nét thiết kế. Với diện mạo cực kỳ hiện đại mang đậm nét thể thao góp phần mang lại sự sang trọng cho ngôi nhà của bạn, giúp bạn thể hiện cá tính của riêng mình.<br />\n<br />\nmay-chay-bo-kingsport-ks-2041-101-26-06-2020-man-hinh-cam-ung<br />\n<br />\nKhung sườn siêu chắn chắn cho tải trọng vượt trội<br />\n<br />\nKhung sườn được thiết kế bằng thép chịu lực cao cấp vô cùng bền chắc với tải trọng tối đa lên đến 120kg. Động cơ mạnh mẽ cho vận tốc của máy đạt đến 15km/h, sẵn sàng cùng các thành viên trong gia đình từ người già đến trẻ nhỏ luyện tập nâng cao sức khỏe mỗi ngày.<br />\n<br />\nMCB-Luxury-KS-2041_02<br />\n<br />\nThoải mái tập luyện với thảm chạy siêu rộng<br />\n<br />\nDiện tích thảm chạy rộng rãi (48x125cm), chống trơn trượt cao cho phép người tập thoải mái sải chân mà không lo trượt ngã trong khi luyện tập nhất là những người cao tuổi.<br />\n<br />\nmay-chay-bo-kingsport-ks-2041-101-26-06-2020-tham-chay<br />\n<br />\nMàn hình cảm ứng siêu rộng dễ dàng điều kiểm soát các thông số luyện tập<br />\n<br />\nBạn sẽ dễ dàng thao tác các thông số tập luyện với màn hình siêu lớn cùng bảng điều khiển cảm ứng, hiển thị rõ nét các thông số như: Vận tốc, tốc độ, quãng đường, nhịp tim và thời gian, lượng calo tiêu thụ trong quá trình chạy, từ đó bạn sẽ dễ dàng kiểm soát quá trình luyện tập của bản thân một cách tốt nhất. Đặc biệt, màn hình có thể thay đổi góc độ khác nhau để phù hợp với tầm nhìn của người sử dụng.<br />\n<br />\nmay-chay-bo-kingsport-ks-2041-105-26-06-2020-man-hinh-sieu-rong<br />\n<br />\nThiết kế hiện đại với khả năng gấp gọn tối đa<br />\n<br />\nMáy được thiết kế rất linh hoạt có khả năng gấp gọn tối đa, di chuyển bằng bánh xe dễ dàng sau khi tập luyện, bạn có thể dễ dàng cất giữ dưới giường ngủ hoặc dưới ghế sofa, giúp tiết kiệm không gian cất giữ khi không sử dụng đến. Thiết kế thông minh và linh hoạt đem đến sự tiện nghi trong sử dụng, rất phù hợp hỗ trợ tập luyện thể thao tại nhà.<br />\n<br />\nmay-chay-bo-kingsport-ks-2041-101-26-06-2020-gap-gon<br />\n<br />\nGia tăng cảm hứng tập luyện với âm nhạc<br />\n<br />\nÂm nhạc chính là chất xúc tác hoàn hảo cho quá trình tập luyện của bạn, chính vì thế máy chạy bộ KS-2041 đơn năng được tích hợp tính năng nghe nhạc giải trí hiện đại bằng kết nối qua cổng USB và Jack Mp3, giúp tạo hứng khởi cho quá trình rèn luyện vóc dáng của bạn.<br />\n<br />\nThường xuyên luyện tập với máy chạy bộ KS-2041 sẽ mang đến cho bạn và các thành viên trong gia đình một nguồn sức khỏe dồi dào, tăng cường lưu thông máu, hệ tim mạch, xương - khớp luôn khỏe mạnh và một tinh thần luôn tươi trẻ.<br />\n<br />\nCó máy chạy bộ KS-2041 đơn năng sẽ giúp bạn thuận tiện duy trì lịch trình tập luyện đều đặn, không lo lắng về thời tiết mưa gió, ô nhiễm môi trường, dịch bệnh ảnh hưởng đến quá trình rèn luyện vóc dáng của bạn.<br />\n<br />\nTHÔNG SỐ KỸ THUẬT SẢN PHẨM:<br />\n<br />\nModel 	KS-2041 (Single)<br />\nĐiện Áp	220V, 50-60Hz<br />\nTải trọng tối đa	120 Kg<br />\nTốc độ tối đa	15 Km/h<br />\nKích thước vùng chạy	125x48(Cm) | (DxR)<br />\nChế độ nâng dốc tự động 	Không<br />\nHệ thống giảm sốc	đệm cao su<br />\nKiểu thảm	Kim Cương<br />\nChương trình tập	12<br />\nĐai Massage, Đĩa xoay eo, tạ tay, thanh gập bụng<br />\n<br />\nKhông<br />\nNghe nhạc	Có<br />\nCổng kết nối	USB - jack 3.5mm<br />\nXếp gọn, di chuyển bằng bánh xe	Có<br />\nChế độ bảo hành	<br />\n6 Năm- Ván thảm 2 năm-Bảo trì trọn đời ( tại nhà)<br />\nCó đầy đủ linh phụ kiện chính hãng thay thế', 'Hãng sản xuất<br />\nKINGSPORT<br />\nNhà nhập khẩu<br />\nDongDuongGroup<br />\nMã sản phẩm<br />\nKS-2041<br />\nKhối Lượng<br />\nNW:60kg/GW:67kg<br />\nKích Thước Đóng Thùng<br />\n171x92x24cm<br />\nKích Thước Sử Dụng<br />\n161x83x128cm<br />\nXuất xứ<br />\nCHINA<br />\nTình trạng<br />\nHàng mới', '', '', '', '', '', ''),
(138, 2, 'XE ĐẠP TẬP KINGSPORT X-BIKE', 'Hay nhức mỏi và tê tay chân?<br />\n<br />\nNguyên nhân chính là do mạch máu và dây thần kinh bị chèn ép làm cho máu khó lưu thông và nghiêm trọng hơn sẽ dẫn đến đột quỵ. Tuy nhiên, nếu bạn duy trì chế độ ăn uống lành mạnh và nhất là thể dục thể thao mỗi ngày thì những dấu hiệu đó sẽ không còn nữa. Tại Kingsport, dòng sản phẩm xe đạp X-Bike không yên hiện đang là cơn bão lớn đánh đúng vào những nhu cầu cần thiết của người tiêu dùng.<br />\n<br />\nx-bike_khong_yen_02.07.2019_01<br />\n<br />\n <br />\n<br />\nĐẶC ĐIỂM NỔI BẬT CỦA XE ĐẠP TẬP KINGSPORT X-BIKE:<br />\n<br />\nVới thiết kế sang trọng, nhỏ gọn nhưng tải trọng tối đa lên đến 80kg,  xe đạp X-Bike xứng đáng là dòng sản phẩm hữu ích, phù hợp với tất cả những khách hàng.<br />\n<br />\nKhung sườn được làm bằng thép chịu lực.<br />\n<br />\nThiết kế xích hình elip chuyển động êm ái, mượt mà<br />\n<br />\nĐồng hồ hiển thị các thông số như quãng đường, thời gian, nhịp tim, lượng calories tiêu hao hỗ trợ tối đa buổi tập của bạn.<br />\n<br />\nThiết kế bánh xe phía trước di chuyển dễ dàng<br />\n<br />\nXbik-KhongYen_03<br />\n<br />\nLỢI ÍCH SẢN PHẨM<br />\n<br />\nKhông chỉ là sản phẩm phục vụ cho việc đốt cháy calories, giảm mỡ thừa giúp các cơ tay, chân, bụng săn chắc mà xe đạp luyện tập tại nhà X-Bike không yên còn giúp những khách hàng có vấn đề về xương khớp, tuần hoàn máu không tốt, khó khăn...có thể phục hồi nhanh chóng.<br />\n<br />\nxbik-khongyen_02.07.2019_02<br />\n<br />\nxbik-khongyen_02.07.2019_04<br />\n<br />\nCHẾ ĐỘ HẬU MÃI – GIAO HÀNG', 'Hãng sản xuất<br />\nKINGSPORT<br />\nNhà nhập khẩu<br />\nDongDuongGroup<br />\nMã sản phẩm<br />\nX-bike<br />\nKhối Lượng<br />\nNG:26kg/ GW:28.5kg<br />\nKích Thước Đóng Thùng<br />\n90*24*74cm<br />\nKích Thước Sử Dụng<br />\n146*48*87cm<br />\nXuất xứ<br />\nCHINA<br />\nTình trạng<br />\nCòn hàng', '', '', '', '', '', ''),
(139, 2, 'XE ĐẠP TẬP KINGSPORT KS-5807', 'TẢI TRỌNG TỐI ĐA:	<br />\n120kg<br />\nTHÔNG SỐ HIỂN THỊ:	<br />\nCalo<br />\nThời Gian<br />\nTốc Độ<br />\nNhịp Tim<br />\nQuảng Đường<br />\nCHẤT LIỆU:	<br />\nThép<br />\nNhựa Plastic<br />\nXẾP GỌN:	<br />\nKhông<br />\nBÁNH XE DI CHUYỂN:	<br />\nCó<br />\nLINH KIỆN THAY THẾ:	<br />\nCó Sẵn<br />\nCHẾ ĐỘ BẢO HÀNH:	<br />\nTận Nhà<br />\nMÀU SẮC:	<br />\nĐen<br />\nXE ĐẠP TẬP KINGSPORT KS-5807<br />\nĐỘT PHÁ TRONG TỪNG ĐƯỜNG NÉT THIẾT KẾ<br />\n <br />\n<br />\nXe đạp tập KS-5807 là dòng sản phẩm có thiết kế độc quyền tại Tập đoàn thể thao KINGSPORT với thiết kế ấn tượng, cùng tông màu đen quyền lực xứng đáng là thiết bị hỗ trợ rèn luyện sức khỏe tuyệt vời cho gia đình bạn, nhất là thiết kế đột phá của yên xe có lưới tựa êm ái rất phù hợp với người lớn tuổi.<br />\n<br />\nLựa chọn xe đạp KS-5807 với những sáng tạo táo bạo trong từng đường nét với kiểu dáng được cải tiến bắt mắt và sang trọng hơn những dòng sản phẩm đồng giá. Ngoài ra, xe còn có thiết kế bánh xe bên dưới giúp bạn dễ dàng di chuyển sản phẩm. Sở hữu xe đạp KS-5807 hứa hẹn mang đến sự hài lòng tuyệt đối và sức khỏe vững bền cho khách hàng<br />\n<br />\nxe-dap-tap-kingsport-bk-5807_1<br />\n<br />\n <br />\n<br />\nĐặc điểm nổi bật của xe đạp tập Kingsport KS-5807<br />\n<br />\nKhung sườn chắc chắn và bền bỉ<br />\n<br />\nKS-5807 được thiết kế sang trọng với khung sườn cứng cáp, cho tải trọng tối đa lên đến 120kg, bên cạnh đó xe đạp tập KS-5807 với vẻ ngoài thu hút người nhìn bởi tông màu đen quý phái giúp bạn dễ dàng phối hợp với mọi không gian nhà ở.<br />\n<br />\n <br />\n<br />\nĐồng hồ hiển thị thông minh<br />\n<br />\nXe đạp tập KS-5807 được thiết kế màn hình hiển thị các thông số: Thời gian, tốc độ, quãng đường, nhịp tim, calories tiêu thụ,..ngay tầm nhìn, giúp bạn dễ dàng kiểm soát quá trình luyện tập được hiệu quả hơn. Ngoài ra, bạn có thể tùy chọn cài đặt các thông số tập luyện như: thời gian, quãng đường và calorie để chủ động đề ra cho mình mục tiêu tập luyện thích hợp, mang về hiệu quả tập luyện như ý.<br />\n<br />\nxe-dap-tap-kingsport-bk-5807_2<br />\n<br />\nThiết kế tay cầm khoa học<br />\n<br />\nTay cầm được thiết kế ngang hông, giúp người tập rèn luyện tư thế ngồi thẳng lưng, tích hợp cảm biến đo nhịp tim người dùng, giúp người dùng theo dõi tình trạng sức khỏe liên tục trong quá trình tập luyện.<br />\n<br />\nBánh đà chắc chắn, bàn đạp chống trượt<br />\n<br />\nBàn đạp được thiết kế lớn rất chắc chắn cùng với đai mang cố định bàn chân đảm bảo an toàn người dùng dù đạp ở bất kỳ tốc độ nào cũng không bị trượt chân.<br />\n<br />\nBánh đà thiết kế phía trước được ốp nhựa cao cấp bên ngoài nhằm chống va chạm. Đặc biệt,hệ thống truyền động bằng dây cu-roa được lắp đặt trên xe mang lại cảm giác êm ái, tránh gây tiếng ồn khi sử dụng tại nhà hoặc phòng kín.<br />\n<br />\nxe-dap-tap-kingsport-bk-5807_4<br />\n<br />\n <br />\n<br />\nYên ngồi được thiết kế mô phỏng như ghế ngồi văn phòng<br />\n<br />\nYên ngồi rộng rãi có thể điều chỉnh với 8 mức độ khác nhau, đệm yên lớn và êm ái, có ghế tựa được mô phỏng như ghế ngồi văn phòng, mang lại cảm giác cực kỳ thoải mái cùng tựa lưng êm ái, thích hợp với người lớn tuổi.<br />\n<br />\nKháng lực 8 cấp độ được thiết kế vô cùng đẹp mắt với cần gạt tiện dụng, có chức năng giúp người dùng điều chỉnh cường độ tập luyện sao phù hợp với tình trạng sức khỏe bản thân.<br />\n<br />\nxe-dap-tap-kingsport-bk-5807_3<br />\n<br />\n <br />\n<br />\nBánh xe di chuyển<br />\n<br />\nXe đạp KS-5807 được thiết kế với 2 bánh xe nhỏ phía trước và giá cầm ở bánh sau, giúp người dùng di chuyển xe dễ dàng tới mọi không gian phẳng trong nhà.<br />\n<br />\nxe-dap-tap-kingsport-bk-5807_5<br />\n<br />\n<br />\nCHẾ ĐỘ HẬU MÃI – GIAO HÀNG', 'Hãng sản xuất<br />\nKINGSPORT<br />\nNhà nhập khẩu<br />\nDongDuongGroup<br />\nMã sản phẩm<br />\nKS-5807<br />\nKhối Lượng<br />\n38 /43.5 KG<br />\nKích Thước Đóng Thùng<br />\n1285*285*645mm<br />\nKích Thước Sử Dụng<br />\n1320*600*1175mm<br />\nXuất xứ<br />\nCHINA<br />\nTình trạng<br />\nCòn hàng', '', '', '', '', '', ''),
(140, 2, 'XE ĐẠP TẬP KINGSPORT BK-2000 NEW', 'TẢI TRỌNG TỐI ĐA:	<br />\n120kg<br />\nTHÔNG SỐ HIỂN THỊ:	<br />\nCalo<br />\nThời Gian<br />\nTốc Độ<br />\nNhịp Tim<br />\nQuảng Đường<br />\nHỆ THỐNG GIẢM SỐC:	<br />\nLò xo<br />\nCHẤT LIỆU:	<br />\nThép<br />\nNhựa Plastic<br />\nCỔNG KẾT NỐI:	<br />\nJack 3.5<br />\nXẾP GỌN:	<br />\nKhông<br />\nBÁNH XE DI CHUYỂN:	<br />\nCó<br />\nLINH KIỆN THAY THẾ:	<br />\nCó Sẵn<br />\nCHẾ ĐỘ BẢO HÀNH:	<br />\nTận Nhà<br />\nMÀU SẮC:	<br />\nXanh<br />\nĐỏ<br />\nXám<br />\nXE ĐẠP TẬP KINGSPORT BK-2000 – SẢN PHẨM BỔ TRỢ VÓC DÁNG VÀ SỨC KHỎE HÀNG ĐẦU<br />\n<br />\n<br />\nBạn đam mê thể thao? Bạn đang tìm kiếm thiết bị bổ trợ cho việc luyện tập.<br />\n<br />\nBạn là nhân viên văn phòng? Bạn đang mong muốn mang về 1 sản phẩm tốt phục vụ cho vóc dáng bạn.<br />\n<br />\nDù bạn là ai, là nam hay nữ...thì việc giữ gìn vóc dáng và sức khỏe tốt hãy luôn đặt nó ở hàng đầu bạn nhé.<br />\n<br />\nHiện nay việc lựa chọn thiết bị cho những bài tập bổ trợ nâng cao sức khỏe và duy trì vóc dáng cũng khá nhiều. Tuy nhiên xét về nhiều khía cạnh như: chi phí, tính an toàn trong quá trình tập luyện, tính hiệu quả, không gian và diện tích sản phẩm..., xe đạp tại nhà là lựa chọn hàng đầu không thể bỏ qua.<br />\n<br />\nTrong đó dòng sản phẩm xe đạp tập Kingsport BK-2000 – một sản phẩm mới, với nhiều ưu điểm vượt trội sẽ không làm bạn thất vọng.<br />\n<br />\n <br />\n<br />\nxe-dap-tap-kingsport-Ava_Bk-2000<br />\nbanner-1_1<br />\n<br />\nLựa chọn xe đạp BK-2000, giúp giữ gìn và cải thiện vóc dáng thông qua quá trình đào thải calories. Tăng cường sự linh hoạt, dẻo dai hơn ở những khớp cơ xương, góp phần cải thiện tình trạng đau nhức xương khớp.<br />\n<br />\nNgoài ra, việc tập luyện với xe đạp tại nhà giúp cải thiện tim mạch, qua đó kích thích tuần hoàn máu, giúp da dẻ hồng hào tươi tắn hơn, ngủ ngon giấc hơn.<br />\n<br />\nĐẶC ĐIỂM NỔI BẬT CỦA XE ĐẠP TẬP KINGSPORT BK-2000 NEW:<br />\n<br />\nXe đạp BK-2000 được thiết kế với khung sườn chắc chắn, giúp quá trình vận hành êm ái, nhịp nhàng với tải trọng tối đa lên đến 120kg.<br />\n<br />\nBánh đà đúc liền khối đặt phía trước, kết hợp nút kháng lực đa cấp độ giúp bạn kiểm soát được năng lượng buổi tập.<br />\n<br />\nxe-dap-tap-the-duc-kingsport-bk-2000-new-275-01-banner-3<br />\n<br />\nĐồng hồ hiển thị mọi thông số quãng đường, vận tốc, calories, thời gian, nhịp tim giúp bạn theo dõi quá trình tập cụ thể hơn.<br />\n<br />\nĐiều chỉnh dễ dàng tùy độ cao người dùng<br />\n<br />\nxe-dap-tap-the-duc-kingsport-bk-2000-new-275-01-banner-4<br />\n<br />\n <br />\n<br />\nCHẾ ĐỘ HẬU MÃI – GIAO HÀNG', 'Hãng sản xuất<br />\nKINGSPORT<br />\nNhà nhập khẩu<br />\nDongDuongGroup<br />\nMã sản phẩm<br />\nBk-2000<br />\nKhối Lượng<br />\n45/50KG<br />\nKích Thước Sử Dụng<br />\n120*48*85cm<br />\nXuất xứ<br />\nCHINA<br />\nTình trạng<br />\nCòn hàng', '', '', '', '', '', ''),
(141, 2, 'XE ĐẠP TẬP KINGSPORT ELLIPTICAL BIKE KS-8903', 'TẢI TRỌNG TỐI ĐA:	<br />\n120kg<br />\nTHÔNG SỐ HIỂN THỊ:	<br />\nCalo<br />\nThời Gian<br />\nTốc Độ<br />\nNhịp Tim<br />\nQuảng Đường<br />\nCHẤT LIỆU:	<br />\nThép<br />\nNhựa Plastic<br />\nXẾP GỌN:	<br />\nKhông<br />\nBÁNH XE DI CHUYỂN:	<br />\nCó<br />\nLINH KIỆN THAY THẾ:	<br />\nCó Sẵn<br />\nMÀU SẮC:	<br />\nXám<br />\nXE ĐẠP TẬP KS-8903<br />\n<br />\nĐẲNG CẤP ĐI TỪ SỰ KHÁC BIỆT CHO NGÔI NHÀ BẠN<br />\n<br />\n <br />\n<br />\nKingsport giới thiệu một dòng sản phẩm KS-8903 – một sản phẩm đáp ứng tiêu chuẩn về thiết kế mạnh mẽ. Đặc biệt giá thành khá phải chăng, mà lại đáp ứng việc luyện tập thể thao vượt trội hơn bao giờ hết!<br />\n<br />\nTối giản với thiết kế không quá cầu kỳ, lược bỏ bớt những tính năng ít người sử dụng, những vẫn đáp ứng đủ các chức năng quan trọng cơ bản, chú trọng vào hiệu quả tập luyện của người dùng, KS-8903​ cùng tông màu đen mạnh mẽ, được ra đời nhằm một mục tiêu duy nhất đó chính là mang lại những trải nghiệm hoàn hảo trong quá trình tập luyện và một hiệu quả tối ưu.<br />\n<br />\nxe_dap_tap_kingsport_ks-8903<br />\n<br />\n <br />\n<br />\nĐẶC ĐIỂM NỔI BẬT CỦA XE ĐẠP TẬP KINGSPORT KS-8903<br />\n<br />\nXe đạp KS-8903​ được thiết kế với kiểu dáng mạnh mẽ với tông màu đen mạnh mẽ, cùng khung sườn chắc chắn, giúp quá trình vận hành êm ái, nhịp nhàng với tải trọng lên đến 120kg.<br />\n<br />\nBánh đà đúc liền khối đặt phía trước, kết hợp nút kháng lực đa 8 cấp độ giúp người dùng tùy chỉnh cường độ tập luyện phù hợp.<br />\n<br />\nĐồng hồ hiển thị mọi thông số được thiết kế thông minh đầy đủ các thông số như: Quãng đường, vận tốc, calories, thời gian, nhịp tim giúp bạn theo dõi quá trình tập cụ thể hơn.<br />\n<br />\nThiết kế bàn đạp kết nối tay cầm, mọi chuyển động đều được liên kết nhịp nhàng cho quá trình vận động toàn thân hiệu quả hơn bao giờ hết, tác động đều vào cơ tay, hông, eo, bụng, đùi và bắp chân sẽ giúp người dùng có một thân hình săn chắc và cân đối.<br />\n<br />\nLựa chọn xe đạp KS-8903, giúp giữ gìn và cải thiện vóc dáng thông qua quá trình đào thải calories. Tăng cường sự linh hoạt, dẻo dai hơn ở những khớp cơ xương, góp phần cải thiện tình trạng đau nhức xương khớp.<br />\n<br />\nNgoài ra, việc tập luyện với xe đạp tại nhà giúp cải thiện tim mạch, qua đó kích thích tuần hoàn máu, giúp da dẻ hồng hào tươi tắn hơn, ngủ ngon giấc hơn.<br />\n<br />\nCHẾ ĐỘ HẬU MÃI – GIAO HÀNG', 'Hãng sản xuất<br />\nKINGSPORT<br />\nNhà nhập khẩu<br />\nDongDuongGroup<br />\nMã sản phẩm<br />\nKS-8903<br />\nKhối Lượng<br />\n40/44.5kg<br />\nKích Thước Đóng Thùng<br />\n115x32x59cm<br />\nKích Thước Sử Dụng<br />\n129x52x163cm<br />\nXuất xứ<br />\nCHINA<br />\nTình trạng<br />\nCòn hàng', '', '', '', '', '', ''),
(142, 2, 'GHẾ TẠ ĐA NĂNG KINGSPORT BK-799', 'GHẾ TẠ ĐA NĂNG KINGSPORT BK 799<br />\n<br />\nPHÒNG TẬP CHUẨN GYM TẠI NHÀ VỚI HƠN 12 BÀI TẬP CHUYÊN NGHIỆP<br />\n<br />\n <br />\n<br />\n <br />\n<br />\nCơ bắp cuồn cuộn, thân hình săn chắc, cơ thể dẻo dai đó là tất cả những gì bạn sẽ nhận được nếu sở hữu ngay ghế tạ đa năng Kingsport BK 799 bảo bối chuyên  tập cơ tay, cơ ngực, cơ chân với hơn 10 bài tập chuyên dụng, với thiết kế thông minh, khung sườn bằng thép chịu lực chắc chắn, chuẩn phòng tập gym tại nhà dành cho bạn.<br />\n<br />\nGhế tạ đa năng Kingsport BK 799 là dòng giàn tạ  chuyên dụng dành cho các GYMMER yêu thích thể hình và giúp luyện tập ngay tại nhà, được đảm bảo tốt chất lượng tiêu chuẩn OLYMPIC mang lại nhiều lợi ích sức khỏe tiết kiếm tối ưu thời gian và chi phí cho gia đình bạn.<br />\n<br />\navatar-bk799-1907-02<br />\n<br />\ngian-ta-bk-799-21-9-1<br />\n<br />\ngian-ta-bk-799-21-9-2<br />\n<br />\ngian-ta-bk-799-21-9-4<br />\n<br />\nTÍNH NĂNG NỔI BẬT CỦA GHẾ TẠ KINGSPORT BK-799<br />\n<br />\n- Khung sườn giàn tạ  thiết kế bằng thép vuông chắc chắn bền bỉ hơn gấp 6 lần với các sản phẩm cùng loại nhờ vào cấu tạo thép chịu lực cao cấp độ dày 3.0 ly, sơn tĩnh điện bóng loáng sang trọng độ bền trên 25 năm.<br />\n<br />\n- Ghế thiết kế có thể điều chỉnh tăng – giảm với 5 cấp độ bằng chốt điều chỉnh minh giúp điều chỉnh độ nghiêng của ghế chuyên nghiệp, dễ dàng thao tác các bài tập<br />\n<br />\n- Chất liệu nệm đàn hồi êm ái, độ dày 50 ly an toàn tuyệt đối khi sử dụng..<br />\n<br />\n- Dây cáp làm bằng thép chịu lực chịu tải cao giúp bạn thoải mái luyện tập<br />\n<br />\n- Hệ thống con lăn ròng rọc hoạt động mượt mà, êm ái giúp quá trình tập diễn ra chất lượng và chuẩn xác<br />\n<br />\n- Chân đế giàn tạ  được bọc cao su chống trơn trượt, bám sàn tốt an toàn khi tập<br />\n<br />\n- Kẹp tạ đi kèm đảm bảo an toàn trong suốt quá trình tập<br />\n<br />\n- Thanh đòn có thể tùy chỉnh phù hợp với thể trạng từng người tập khác nhau, với 8 mức độ điều chỉnh bạn dễ dàng luyện tập các bài tập squat, ngực... tác động sâu từng bắp cơ<br />\n<br />\n- Thiết kế thanh đòn rời giúp các bài tập squat dễ dàng hơn, ghế rời dễ dàng duy chuyển để thay đổi các bài tập và các động tác chuẩn hơn tác động sâu hơn vào các nhóm cơ.<br />\n<br />\n- Thanh đòn thiết kế chuyên biệt dài đến 1,8m giúp quá trình tập diễn ra dễ dàng hơn, hỗ trợ gánh được khối lượng tạ nhiều  hơn giúp các bạn có thể tập với số lượng tạ mình mong muốn<br />\n<br />\n- Tiêu chuẩn thiết kế luyện tập đúng chuẩn phù hợp cho thể trạng người Việt Nam<br />\n<br />\n- Trọng tải tối đa lên đến 150 kg phù hợp với tất cả mọi người, giúp bạn rèn luyện cơ thể hiệu quả nhất.<br />\n<br />\n- Màu sắc sang trọng bắt mắt, giàn tạ mang kiểu dáng hiện đại, thích hợp ở mọi nơi sử dụng.<br />\n<br />\n- Tác dụng chính xác vào các nhóm cơ qua từng động tác tập.<br />\n<br />\n- Đặc biệt, sản phẩm được bảo hành đến 6 năm, bảo trì tron đời<br />\n<br />\n- Giúp luyện tập NHANH lên cơ hơn bởi các bài tập phù hợp với mọi người đam mê Gym, tiêu chuẩn thiết kế luyện tập đúng chuẩn phù hợp cho thể trạng người Việt Nam<br />\n<br />\n- Dụng cụ bổ trợ đi kèm: 2 (tay nắm tập vai, băng quấn đá chân)<br />\n<br />\nGHẾ TẠ ĐA NĂNG KINGSPORT BK-799 CỖ GIÀN TẠ  LUYỆN GYM TÍCH HỢP HƠN 12 BÀI TẬP CHUYÊN NGHIỆP NGAY TẠI NHÀ<br />\n<br />\nLuyện tập với ghế tạ đa năng là phương pháp rèn luyện sức khỏe cơ bắp toàn thân được nhiều người lựa chọn với các ưu điểm như tiết kiệm chi phí, tích hợp nhiều bài tập phù hợp với mọi lứa tuổi dùng khác nhau. Với 15 bài tập giúp bạn và gia đình có thêm nhiều trải nghiệm tuyệt vời với chiếc ghế đa năng này:<br />\n<br />\n- Tập ngực ngang<br />\n<br />\n- Tập ngực trên<br />\n<br />\n- Tập ngực dưới<br />\n<br />\n- Hít xà đơn<br />\n<br />\n- Tập đẩy ngực trên<br />\n<br />\n- Tập đẩy ngực ngang<br />\n<br />\n- Tập đẩy ngực dưới<br />\n<br />\n- Tập cầu vai<br />\n<br />\n- Tập tay trước<br />\n<br />\n- Tập tay sau<br />\n<br />\n- Tập đá đùi <br />\n<br />\n- Tập cơ chân<br />\n<br />\nKT_799<br />\n<br />\nMỘT SỐ LƯU Ý KHI SỬ DỤNG GHẾ TẠ ĐA BK 799<br />\n<br />\n- Khởi động 5- 10 phút, làm ấm cơ thể để tránh các chấn thương trong lúc luyện tập<br />\n<br />\n- Chế độ ăn kiêng khoa học ăn nhiều thức ăn có hàm lượng protein cao, trái cây và rau quả sau 1 giờ.<br />\n<br />\n- Hạn chế uống nhiều nước trong quá trình tập, nó sẽ làm tăng gánh nặng cho dạ dày và tim bạn.<br />\n<br />\n- Phối hợp hít vào và thở ra đều đặn, hít vào khi bắt đầu động tác và thở ra khi trở về động tác ban đầu.<br />\n<br />\n- Chọn trọng lượng tạ miếng phù hợp với sức tập của bạn<br />\n<br />\n- Nên luyện tập thường xuyên với giàn tạ , với khoảng thời gian liền kề trong phạm vi 48 tiếng.<br />\n<br />\nLUYỆN TẬP VỚI GIÀN TẠ ĐA NĂNG SẼ ĐEM LẠI CHO BẠN NHỮNG HIỆU QUẢ SAU: <br />\n• Lựa chọn  cho bạn một lối sống năng động. Tự do cuộc sống. Thu hút người khác phái. Phòng ngừa bệnh tật<br />\n<br />\n• Tinh thần sảng khoái, minh mẫn, không còn lo âu, mất ngủ hay tình trạng mệt mỏi kéo dài thường xuyên. Nhiều chuyên gia đã khẳng định rằng việc tập luyện thường xuyên với giàn tạ đa năng có ảnh hưởng rất tích cực đến tinh thần, sự hoàn thiện và phát triển trí não.<br />\n<br />\n• Kích thích lưu thông, tuần hoàn máu giúp bạn có được một trái tim khỏe hơn, một cơ thể dẻo dai, bền sức chịu đựng và tràn đầy năng lượng. Có một thân hình gọn gàng, quyến rũ.<br />\n<br />\n• Trẻ hóa làn da căng mịn,  hồng hào hơn. Tăng cường sức sống cũng như hiệu quả làm việc. Cơ thể bạn cũng mềm dẻo linh hoạt hơn, phòng tránh được loãng xương tiểu đường hay tăng huyết áp.', 'Hãng sản xuất<br />\nKINGSPORT<br />\nNhà nhập khẩu<br />\nDongDuongGroup<br />\nMã sản phẩm<br />\nBK-799<br />\nKhối Lượng<br />\n65.5/71kg<br />\nKích Thước Đóng Thùng<br />\n2040x545x200mm<br />\nKích Thước Sử Dụng<br />\n1290x1120x2124mm<br />\nXuất xứ<br />\nChina', '', '', '', '', '', ''),
(143, 2, 'GHẾ TẠ KINGSPORT BK-599', 'GHẾ TẠ ĐA NĂNG KINGSPORT BK-599<br />\nPHÒNG GYM THU NHỎ CHUYÊN DỤNG VỚI HƠN 10 BÀI TẬP TẠI NHÀ<br />\n <br />\n<br />\nBạn muốn có một cơ bắp cuồn cuộn, một thân hình nở nang hãy mua ngay ghế tạ đa năng Kingsport BK-599 chuyên dụng và luyện tập hoàn hảo hơn cho cơ ngực, tay, chân. Bạn sẽ tự tin hơn thân hình của mình khi luyện tập thường xuyên. Ghế tạ đa năng Kingsport BK-599 sản phẩm thích hợp dành cho các GYMMER tại nhà, luyện tập theo chuẩn OLYMPIC. <br />\n<br />\n<br />\n<br />\ngian-ta-bk-599<br />\n <br />\nTÍNH NĂNG NỔI BẬT CỦA GHẾ TẠ KINGSPORT BK-599<br />\n<br />\n- Khung sườn giàn tạ  thiết kế bằng thép Oval chắc chắn bền bỉ hơn gấp 6 lần với các sản phẩm cùng loại nhờ vào cấu tạo thép chịu lực cao cấp độ dày 3.0 ly, sơn tĩnh điện bóng loáng sang trọng độ bền trên 25 năm.<br />\n<br />\n- Cấu tạo tạ rời, dễ dàng di chuyển và luyện tập các động tác tập luyện chuẩn xác đảm bảo quá trình tập diễn ra được hiệu quả đến các nhóm cơ<br />\n<br />\n- Ghế thiết kế có thể điều chỉnh tăng – giảm với 5 cấp độ với chốt thay đổi độ nghiêng thông minh chuyên nghiệp, dễ dàng thao tác các bài tập.<br />\n<br />\n- Chất liệu nệm đàn hồi êm ái, độ dày 50 ly an toàn tuyệt đối khi sử dụng..<br />\n<br />\n-  Ghế được thiết kế với đệm hỗ trợ các bài tập tay trước <br />\n<br />\n- Tích hợp hơn 10 động tác “Chuẩn Gym” trong 1 thiết bị<br />\n<br />\n- Thanh trụ gác thanh đòn có thể tùy chỉnh độ cao phù hợp với thể trạng từng người tập khác nhau, với 8 mức độ điều chỉnh bạn dễ dàng luyện tập ở độ cao khác nhau tác động sâu đến cơ bắp của mình<br />\n<br />\n- Thiết kế thanh đòn rời giúp các bài tập Squat dễ dàng hơn, ghế rời dễ dàng duy chuyển để thay đổi các bài tập và các động tác chuẩn hơn.<br />\n<br />\n- Chân đế giàn tạ được bọc cao su chống trơn trượt, bám sàn tốt an toàn khi tập<br />\n<br />\n- Tiêu chuẩn thiết kế luyện tập đúng chuẩn phù hợp cho thể trạng người Việt Nam<br />\n<br />\n- Màu sắc sang trọng bắt mắt, giàn tạ mang kiểu dáng hiện đại, thích hợp ở mọi nơi sử dụng.<br />\n<br />\n- Tác dụng chính xác vào các nhóm cơ qua từng động tác tập.<br />\n<br />\n- Đặc biệt, sản phẩm được bảo hành đến 6 năm, bảo trì tron đời<br />\n<br />\n- Giúp luyện tập NHANH lên cơ hơn bởi các bài tập phù hợp với mọi người đam mê Gym, tiêu chuẩn thiết kế luyện tập đúng chuẩn phù hợp cho thể trạng người Việt Nam<br />\n<br />\nKT_599<br />\n<br />\n <br />\n<br />\nGIÀN TẠ ĐA NĂNG BK-599 PHÂN PHỐI ĐỘC QUYỀN BỞI KINGSPORT<br />\n<br />\nSản phẩm đang được trưng bày rộng khắp các hệ thống Kingsport toàn quốc. Ngoài ra, Kingsport có hơn 10 mode giàn tập gym thế hệ mới  từ cơ bản đến nâng cao. Được nhiều sao Việt, khách hàng lựa chọn cho không gian gia đình có diện tích vừa phải, căn hộ chung cư, các phòng tập mini, khách sạn, resort,vv<br />\n<br />\nGhế tạ BK 599 - 1Ghế tạ đa năng BK 599 - 2Ghế tạ đa năng BK 599 - 3Ghế tạ đa năng BK 599 - 4Ghế tạ đa năng BK 599 - 5<br />\nGHẾ TẠ ĐA NĂNG KINGSPORT BK-599 THIẾT BỊ THÔNG MINH TÍCH HỢP HƠN 10 BÀI TẬP CHUYÊN NGHIỆP<br />\n<br />\nLuyện tập với ghế tạ đa năng là phương pháp rèn luyện sức khỏe cơ bắp toàn thân được nhiều người lựa chọn với các ưu điểm như tiết kiệm chi phí, tích hợp nhiều bài tập phù hợp với mọi lứa tuổi dùng khác nhau. Với hơn 10 bài tập giúp bạn và gia đình có thêm nhiều trải nghiệm tuyệt vời với chiếc ghế đa năng này:<br />\n<br />\nTập đẩy ngực trên<br />\n<br />\nTập đẩy ngực ngang<br />\n<br />\nTập đẩy ngực dưới<br />\n<br />\nTập cầu vai<br />\n<br />\nTập tay trước<br />\n<br />\nTập cơ bụng<br />\n<br />\nTập đá đùi  <br />\n<br />\nTập Squat', 'Hãng sản xuất<br />\nKINGSPORT<br />\nNhà nhập khẩu<br />\nDongDuongGroup<br />\nMã sản phẩm<br />\nBK-599<br />\nKhối Lượng<br />\n52.5/56.5 kg<br />\nKích Thước Đóng Thùng<br />\n1450x595x265mm<br />\nKích Thước Sử Dụng<br />\n1870x1250x1460mm<br />\nXuất xứ<br />\nChina<br />\nTình trạng<br />\nHàng mới<br />\nLượt mua<br />\n618', '', '', '', '', '', ''),
(144, 2, 'GHẾ TẠ ĐA NĂNG KINGSPORT BK-699', 'GHẾ TẠ ĐA NĂNG KINGSPORT BK-699<br />\nGhế tạ đa năng BK 699 thiết bị hỗ trợ luyện tập hiệu quả phần cơ tay, chân, ngực hiệu quả. Mang đến cho bạn một cơ thể săn chắc tác dụng sâu đến các cơ được cho thân hình thon gọn và cường tráng. Sản phẩm dành cho các GYMMER yêu thích luyện tập tại nhà, chất lượng đạt chuẩn OLYMPIC được phát triển và nghiên cứu bởi các chuyên gia. Khung sườn chắc chắn, thiết kế thông minh thon gọn, các động tác chuẩn gym cho bạn và gia đình trải nghiệm tuyệt vời nhất.<br />\nghe-ta-da-nang-kingsport-BK-699-116<br />\n <br />\nTÍNH NĂNG NỔI BẬT CỦA GHẾ TẠ KINGSPORT BK-699<br />\n<br />\n- Khung sườn giàn tạ  thiết kế bằng thép vuông chắc chắn bền bỉ hơn gấp 6 lần với các sản phẩm cùng loại nhờ vào cấu tạo thép chịu lực cao cấp độ dày 3.0 ly, sơn tĩnh điện bóng loáng sang trọng độ bền trên 25 năm.<br />\n<br />\n- Ghế thiết kế có thể điều chỉnh tăng – giảm với 7 cấp độ điều chỉnh thông minh giúp điều chỉnh độ nghiêng của ghế chuyên nghiệp, dễ dàng thao tác các bài tập<br />\n<br />\n- Chất liệu nệm đàn hồi êm ái, độ dày 50 ly an toàn tuyệt đối khi sử dụng.<br />\n<br />\n-  Ghế được thiết kế với đệm hỗ trợ và thanh đòn hỗ trợ các bài tập tay trước<br />\n<br />\n- Tạ được thiết kế rời, dễ dàng duy chuyển và luyện tập các động tác khác nhau đảm bảo quá trình tập diễn ra được hiệu quả đến các nhóm cơ<br />\n<br />\n- Dây cáp làm bằng thép chịu lực chịu được khối lượng tạ cao giúp bạn thoải mái luyện tập<br />\n<br />\n- Hệ thống con lăn ròng rọc hoạt động mượt mà, êm ái giúp quá trình tập diễn ra chất lượng và chuẩn xác<br />\n<br />\n- Chân đế giàn tạ  được bọc cao su chống trơn trượt, bám sàn tốt an toàn khi tập<br />\n<br />\n- Thiết kế thanh đòn rời giúp các bài tập squat dễ dàng hơn, ghế rời dễ dàng duy chuyển để thay đổi các bài tập và các động tác chuẩn hơn tác động sâu hơn vào các nhóm cơ.<br />\n<br />\n- Thanh đòn thiết kế chuyên biệt dài đến 2m giúp quá trình tập diễn ra dễ dàng hơn, hỗ trợ gánh được khối lượng tạ nhiều  hơn giúp các bạn có thể tập với số lượng tạ mình mong muốn<br />\n<br />\n- Tiêu chuẩn thiết kế luyện tập đúng chuẩn phù hợp cho thể trạng người Việt Nam<br />\n<br />\n- Trọng tải tối đa lên đến 150 kg phù hợp với tất cả mọi người, giúp bạn rèn luyện cơ thể hiệu quả nhất.<br />\n<br />\n- Màu sắc sang trọng bắt mắt, giàn tạ mang kiểu dáng hiện đại, thích hợp ở mọi nơi sử dụng.<br />\n<br />\n- Tác dụng chính xác vào các nhóm cơ qua từng động tác tập.<br />\n<br />\n- Đặc biệt, sản phẩm được bảo hành đến 6 năm, bảo trì tron đời<br />\n<br />\n- Giúp luyện tập NHANH lên cơ hơn bởi các bài tập phù hợp với mọi người đam mê Gym, tiêu chuẩn thiết kế luyện tập đúng chuẩn phù hợp cho thể trạng người Việt Nam<br />\n<br />\nGHẾ TẠ ĐA NĂNG KINGSPORT BK-699 THIẾT BỊ PHÒNG GYM TẠI NHÀ TÍCH HỢP HƠN 10 BÀI TẬP CHUYÊN NGHIỆP<br />\n<br />\nLuyện tập với ghế tạ đa năng là phương pháp rèn luyện sức khỏe cơ bắp toàn thân được nhiều người lựa chọn với các ưu điểm như tiết kiệm chi phí, tích hợp nhiều bài tập phù hợp với mọi lứa tuổi dùng khác nhau. Với hơn 10 bài tập giúp bạn và gia đình có thêm nhiều trải nghiệm tuyệt vời với chiếc ghế đa năng này:<br />\n<br />\n-         Tập ngực ngang<br />\n<br />\n-           Tập ngực trên<br />\n<br />\n-           Tập ngực dưới<br />\n<br />\n-           Tập đẩy ngực trên<br />\n<br />\n-           Tập đẩy ngực ngang<br />\n<br />\n-           Tập đẩy ngực dưới<br />\n<br />\n-           Tập cầu vai<br />\n<br />\n-           Tập tay trước<br />\n<br />\n-           Tập tay sau<br />\n<br />\n-           Tập đá đùi <br />\n<br />\nKT_699<br />\n<br />\nMỘT SỐ LƯU Ý KHI SỬ DỤNG GHẾ TẠ ĐA BK 699<br />\n<br />\n- Khởi động 5- 10 phút, làm ấm cơ thể để tránh các chấn thương trong lúc luyện tập<br />\n<br />\n- Chế độ ăn kiêng khoa học ăn nhiều thức ăn có hàm lượng protein cao, trái cây và rau quả sau 1 giờ.<br />\n<br />\n- Hạn chế uống nhiều nước trong quá trình tập, nó sẽ làm tăng gánh nặng cho dạ dày và tim bạn.<br />\n<br />\n- Phối hợp hít vào và thở ra đều đặn, hít vào khi bắt đầu động tác và thở ra khi trở về động tác ban đầu.<br />\n<br />\n- Chọn trọng lượng tạ miếng phù hợp với sức tập của bạn<br />\n<br />\n- Nên luyện tập thường xuyên với giàn tạ , với khoảng thời gian liền kề trong phạm vi 48 tiếng.<br />\n<br />\nLUYỆN TẬP VỚI GIÀN TẠ ĐA NĂNG KINGSPORT SẼ ĐEM LẠI CHO BẠN NHỮNG HIỆU QUẢ TUYỆT VỜI<br />\n<br />\n•           Lựa chọn  cho bạn một lối sống năng động, tự do cuộc sống, thu hút người khác phái, phòng ngừa bệnh tật<br />\n<br />\n•           Tinh thần sảng khoái, minh mẫn, không còn lo âu, mất ngủ hay tình trạng mệt mỏi kéo dài thường xuyên. Nhiều chuyên gia đã khẳng định rằng việc tập luyện thường xuyên với giàn tạ đa năng có ảnh hưởng rất tích cực đến tinh thần, sự hoàn thiện và phát triển trí não.<br />\n<br />\n•           Kích thích lưu thông, tuần hoàn máu giúp bạn có được một trái tim khỏe hơn, một cơ thể dẻo dai, bền sức chịu đựng và tràn đầy năng lượng. Có một thân hình gọn gàng, quyến rũ.<br />\n<br />\n•           Trẻ hóa làn da căng mịn,  hồng hào hơn. Tăng cường sức sống cũng như hiệu quả làm việc. Cơ thể bạn cũng mềm dẻo linh hoạt hơn, phòng tránh được loãng xương tiểu đường hay tăng huyết áp.<br />\n<br />\nLỢI ÍCH MUA HÀNG CHÍNH HÃNG TẠI KINGSPOR', 'Hãng sản xuất<br />\nKINGSPORT<br />\nNhà nhập khẩu<br />\nDongDuongGroup<br />\nMã sản phẩm<br />\nBK-699<br />\nKhối Lượng<br />\n83/91kg<br />\nKích Thước Đóng Thùng<br />\n(A)196*61.5*19.5cm - (B)124*51*15.5cm<br />\nKích Thước Sử Dụng<br />\n222x163x190cm<br />\nXuất xứ<br />\nChina', '', '', '', '', '', ''),
(145, 2, 'GIÀN TẠ ĐA NĂNG KINGSPORT BK-299 PRO', 'Nói đến giàn tạ BK 299 là nói đến sự MẠNH MẼ và ĐA NĂNG. Sản phẩm được thiết kế tinh tế tích hợp hơn 15 động tác trong cùng một sản phẩm cho bạn trải nghiệm hoàn hảo. Khung thép được thiết kế nguyên khối vô cùng cứng cáp, khả năng chịu tải trọng lên đến 150Kg, ghế ngồi riêng biệt dễ dàng luyện tập, sơn tĩnh điện sang trọng và bền chắc. Giàn tạ đa năng Kingsport BK-299 được nghiên cứu và thiết kế bởi chuyên gia, Kingsport cam kết sẽ mang đến cho bạn một sản phẩm chất lượng với giá thành tốt nhất.<br />\n<br />\n.<br />\n<br />\n <br />\n<br />\n <br />\n<br />\n <br />\n<br />\nbk299<br />\n<br />\n <br />\n<br />\nTÍNH NĂNG NỔI BẬT CỦA GIÀN TẠ KINGSPORT BK-299<br />\n<br />\n- Khung sườn giàn tạ  thiết kế bằng thép vuông chắc chắn bền bỉ hơn gấp 6 lần với các sản phẩm cùng loại nhờ vào cấu tạo thép chịu lực cao cấp độ dày 3.0 ly, sơn tĩnh điện bóng loáng sang trọng độ bền trên 25 năm.<br />\n<br />\n- Thiết kế ghế có thể điều chỉnh tăng – giảm theo với 7 cấp độ điều chỉnh chuyên nghiệp, dễ dàng thao tác các bài tập<br />\n<br />\n- Dây cáp làm bằng thép chịu lực chịu tải cao giúp bạn thoải mái luyện tập<br />\n<br />\n- Hệ thống con lăn ròng rọc hoạt động mượt mà, êm ái giúp quá trình tập diễn ra chất lượng và chuẩn xác<br />\n<br />\n- Giá đỡ thanh đòn rời, bảo vệ tạ tránh rơi vào người trong quá trình tập<br />\n<br />\n- Chất liệu nệm đàn hồi êm ái, độ dày 50 ly an toàn tuyệt đối khi sử dụng.<br />\n<br />\n- Chân đế giàn tạ  thiết kế thông minh, bám sàn tốt an toàn khi tập<br />\n<br />\n- Tiêu chuẩn thiết kế luyện tập đúng chuẩn phù hợp cho thể trạng người Việt Nam<br />\n<br />\n- Tích hợp hơn 15 động tác “Chuẩn Gym” trong 1 thiết bị - Cấu tạo tạ rời, dễ dàng duy chuyển và luyện tập các động tác<br />\n<br />\n- Ghế được thiết kế với đệm hỗ trợ và thanh đòn hỗ trợ các bài tập tay trước<br />\n<br />\n- Trọng lượng chịu tải lên đến 150 kg<br />\n<br />\n- Thiết kế chuẩn xác tích hợp khung bảo hiểm an toàn hơn khi tập<br />\n<br />\n- Tác dụng chính xác vào các nhóm qua từng động tác<br />\n<br />\n- Đặc biệt, sản phẩm được bảo hành đến 6 năm, bảo trì trọn đời<br />\n<br />\n- Giúp luyện tập NHANH lên cơ hơn bởi các bài tập phù hợp với mọi người đam mê Gym<br />\n<br />\n- Dụng cụ bổ trợ đi kèm: 5 (đòn zizac, thanh đòn ngắn, tay nắm tập vai, băng quấn đá chân, dây thừng tập tay)<br />\n<br />\n⇒ Tất cả các động tác đều mang tính chuyên nghiệp cao, đồng thời giàn tạ  còn có thể thay đổi và phối hợp nhiều động tác tập khác<br />\n<br />\nbk299_1<br />\n<br />\nGIÀN TẠ ĐA NĂNG KINGSPORT BK-299 PRO HỖ TRỢ HƠN 15 BÀI TẬP CHUYÊN NGHIỆP<br />\n<br />\nLuyện tập giàn tạ đa năng Kingsport BK-299 là phương pháp rèn luyện sức khỏe cơ bắp toàn thân được nhiều người lựa chọn với các ưu điểm như tiết kiệm chi phí, tích hợp nhiều bài tập phù hợp với mọi lứa tuổi dùng khác nhau. Với hơn 15 bài tập:<br />\n<br />\nTập đẩy ngực ngang<br />\nTập đẩy ngực trên<br />\nTập ép ngực<br />\nTay sau<br />\nTập mông<br />\nTập chân<br />\nTập bụng<br />\nTập vai<br />\nTập xô lưng giữa<br />\nTập đùi<br />\nTập đẩy ngực dưới<br />\nTập ép ngực<br />\nTập Squat<br />\nTập kéo xô trước<br />\nTập kéo xô ngắn<br />\nTập tay trước<br />\nTập cầu vai<br />\n⇒ Tất cả các động tác đều mang tính chuyên nghiệp cao, đồng thời giàn tạ  còn có thể thay đổi và phối hợp nhiều động tác tập khác.<br />\n<br />\nbk299_2<br />\n<br />\nMỘT SỐ LƯU Ý KHI SỬ DỤNG GIÀN TẠ BK-299<br />\n<br />\n- Khởi động 5- 10 phút, làm ấm cơ thể để tránh các chấn thương trong lúc luyện tập<br />\n<br />\n- Chế độ ăn kiêng khoa học: ăn nhiều thức ăn có hàm lượng protein cao, trái cây và rau quả sau 1 giờ.<br />\n<br />\n- Hạn chế uống nhiều nước trong quá trình tập, nó sẽ làm tăng gánh nặng cho dạ dày và tim bạn.<br />\n<br />\n- Phối hợp hít vào và thở ra đều đặn, hít vào khi bắt đầu động tác và thở ra khi trở về động tác ban đầu.<br />\n<br />\n- Chọn trọng lượng tạ miếng phù hợp với sức tập của bạn<br />\n<br />\n- Nên luyện tập thường xuyên với giàn tạ , với khoảng thời gian liền kề trong phạm vi 48 tiếng', 'Hãng sản xuất<br />\nKINGSPORT<br />\nNhà nhập khẩu<br />\nDongDuongGroup<br />\nMã sản phẩm<br />\nBK-299Pro<br />\nKhối Lượng<br />\n177.5/189 kg<br />\nKích Thước Đóng Thùng<br />\n3 thùng<br />\nKích Thước Sử Dụng<br />\n1670x2200x2160mm<br />\nXuất xứ<br />\nCHINA<br />\nKhu Vực Còn Hàng<br />\nHết hàng', '', '', '', '', '', ''),
(146, 2, 'GHẾ TẬP LƯNG KM-7025', 'Hãng sản xuất<br />\nKINGSPORT<br />\nNhà nhập khẩu<br />\nDongDuongGroup<br />\nMã sản phẩm<br />\nKM-7025<br />\nXuất xứ<br />\nUSA-CHINA-TAIWAN<br />\nTình trạng<br />\nCòn hàng', 'Hãng sản xuất<br />\nKINGSPORT<br />\nNhà nhập khẩu<br />\nDongDuongGroup<br />\nMã sản phẩm<br />\nKM-7025<br />\nXuất xứ<br />\nUSA-CHINA-TAIWAN<br />\nTình trạng<br />\nCòn hàng', '', '', '', '', '', ''),
(147, 2, 'GHẾ TẬP TAY TRƯỚC KM-7023', 'Hãng sản xuất<br />\nKINGSPORT<br />\nNhà nhập khẩu<br />\nDongDuongGroup<br />\nMã sản phẩm<br />\nKM-7025<br />\nXuất xứ<br />\nUSA-CHINA-TAIWAN<br />\nTình trạng<br />\nCòn hàng', 'Hãng sản xuất<br />\nKINGSPORT<br />\nNhà nhập khẩu<br />\nDongDuongGroup<br />\nMã sản phẩm<br />\nKM-7025<br />\nXuất xứ<br />\nUSA-CHINA-TAIWAN<br />\nTình trạng<br />\nCòn hàng', '', '', '', '', '', ''),
(148, 2, 'GHẾ ĐẨY NGỰC KM-7027', 'Hãng sản xuất<br />\nKINGSPORT<br />\nNhà nhập khẩu<br />\nDongDuongGroup<br />\nMã sản phẩm<br />\nKM-7025<br />\nXuất xứ<br />\nUSA-CHINA-TAIWAN<br />\nTình trạng<br />\nCòn hàng', 'Hãng sản xuất<br />\nKINGSPORT<br />\nNhà nhập khẩu<br />\nDongDuongGroup<br />\nMã sản phẩm<br />\nKM-7025<br />\nXuất xứ<br />\nUSA-CHINA-TAIWAN<br />\nTình trạng<br />\nCòn hàng', '', '', '', '', '', ''),
(149, 2, 'GHẾ TẬP CƠ BỤNG KM-7015', 'Hãng sản xuất<br />\nKINGSPORT<br />\nNhà nhập khẩu<br />\nDongDuongGroup<br />\nMã sản phẩm<br />\nKM-7025<br />\nXuất xứ<br />\nUSA-CHINA-TAIWAN<br />\nTình trạng<br />\nCòn hàng', 'Hãng sản xuất<br />\nKINGSPORT<br />\nNhà nhập khẩu<br />\nDongDuongGroup<br />\nMã sản phẩm<br />\nKM-7025<br />\nXuất xứ<br />\nUSA-CHINA-TAIWAN<br />\nTình trạng<br />\nCòn hàng', '', '', '', '', '', ''),
(150, 2, 'TẠ TAY PHÒNG GYM 7.5kg', 'Tập thể dục với tạ tay giúp phát triển các phần cơ ở lưng trên và lưng dưới, không những thế nó còn tác động trực tiếp tới cơ cầu vai. Tập luyện tạ tay giúp bạn tăng cơ tay một cách hiệu quả! Tạ tay Kingsport có rất nhiều loại quả tạ tay có khối lượng khác nhau như 2.5kg, 5kg, 7.5kg, 10kg, 15.2kg, 15kg, 20kg, 25kg, 30kg và thanh đòn tạ tay với giá rẻ chất lượng cao cấp.<br />\n<br />\nTạ tay phòng GYM 7.5kg<br />\n<br />\nta-tay-phong-gym-7_5kg<br />\n<br />\nĐối với từng người sẽ có từng cách tập luyện tạ tay khác nhau, vì vậy bạn hãy chọn cho mình những dạng tạ tay phù hợp với mình nhất.Tạ tay Kingsport là loại tạ tay đáp ứng mọi tiêu chí về độ bền, tính vệ sinh khi tập. Hơn thế nữa, Tạ tập tay Kingsport có thiết kế  đặc biệt sang trọng giúp tăng vẻ chuyên nghiệp cho phòng tập của bạn và phòng tập GYM. Đa phần các phòng tập gym hiện nay đều trang bị loại tạ độc quyền Kingsport. Tập thể dục, thể hình với tạ tay cao cấp Kingsport là một sự lựa chọn tốt để trang bị cho phòng tập của mình.<br />\n<br />\nta-tay-phong-gym-7_5kg-1<br />\n<br />\nHiện nay tạ tay cao cấp Kingsport có nhiều mức tạ với giá thành chênh lệnh không quá nhiều. Điều này nhằm tạo nên sự đa dạng nhằm quý khách dễ dàng chọn mua được loại tạ tay ưng ý nhất!<br />\n<br />\n <br />\n ✪Hướng dẫn chọn mua Tạ Tay cao cấp Kingsport:<br />\n- Cách mua tạ tay cũng rất dễ, bạn thử nâng lần lượt từng quả, từ tạ tay 1kg tới tạ tay 5kg rồi cuối cùng là tạ tay 10kg để thử xem sức chịu của tay. Không nên lựa chọn tạ quá nặng hoặc quá nhẹ mà lựa chọn một quả vừa tay.<br />\n ✪Cách sử dụng Tạ Tay cao cấp Kingsport:<br />\n- Nắm tạ với một tay quay vào trong, một tay quay ra ngoài. Tay nắm tạ bằng độ rộng của vai. Giữ cho lưng càng thẳng càng tốt và giữ thanh tạ gần người trong cả quá trình chuyển động. Với việc tập luyện đúng kỹ thuật thì có thể sử dụng tạ nặng. Tạ càng nặng thì càng có nhiều cơ.Khi bạn nâng tạ từ 20-30 lần một đợt theo các bài tập. Mỗi bài tập ít nhất 2 đợt/ 1 ngày. Rồi tăng dần trọng lượng của quả tạ. Sau 1 tháng, bạn sẽ thấy được kết quả rõ rệt.<br />\n ***Các bạn nên lưu ý các buổi đầu tập sẽ có hiện tượng vỡ cơ, khá đau ở các vùng cơ lên, các bạn nên kiên trì tập tiếp sau vài hôm sẽ hết, không nên chờ hết đau mới lại tập.', 'Hãng sản xuất<br />\nKINGSPORT<br />\nNhà nhập khẩu<br />\nDongDuongGroup<br />\nMã sản phẩm<br />\nKM-7025<br />\nXuất xứ<br />\nUSA-CHINA-TAIWAN<br />\nTình trạng<br />\nCòn hàng', '', '', '', '', '', ''),
(151, 2, 'TẠ TAY BỌC CAO SU BOFIT 10KG', 'Tạ tay cao su BoFit 10Kg.<br />\n<br />\nLưu ý! Giá 600.000 VND/cái.<br />\n<br />\nNguyên bộ Từ 2.5Kg, 5Kg, 7.5Kg, 10Kg, 12.5Kg, 15Kg, 17.5Kg, 20Kg, 22.5Kg, 25Kg, 27.5Kg, 30Kg ( tổng nguyên bộ 390Kg)<br />\n<br />\nNguyên bộ từ: 32.5Kg, 35Kg, 37.5Kg, 40Kg ( tổng nguyên bộ 290Kg)', 'Hãng sản xuất<br />\nKINGSPORT<br />\nNhà nhập khẩu<br />\nDongDuongGroup<br />\nMã sản phẩm<br />\nKM-7025<br />\nXuất xứ<br />\nUSA-CHINA-TAIWAN<br />\nTình trạng<br />\nCòn hàng', '', '', '', '', '', ''),
(152, 2, 'TẠ BÌNH VÔI BỌC CAO SU 7KG', 'Tạ tay cao su BoFit 10Kg.<br />\n<br />\nLưu ý! Giá 600.000 VND/cái.<br />\n<br />\nNguyên bộ Từ 2.5Kg, 5Kg, 7.5Kg, 10Kg, 12.5Kg, 15Kg, 17.5Kg, 20Kg, 22.5Kg, 25Kg, 27.5Kg, 30Kg ( tổng nguyên bộ 390Kg)<br />\n<br />\nNguyên bộ từ: 32.5Kg, 35Kg, 37.5Kg, 40Kg ( tổng nguyên bộ 290Kg)', 'Hãng sản xuất<br />\nKINGSPORT<br />\nNhà nhập khẩu<br />\nDongDuongGroup<br />\nMã sản phẩm<br />\nKM-7025<br />\nXuất xứ<br />\nUSA-CHINA-TAIWAN<br />\nTình trạng<br />\nCòn hàng', '', '', '', '', '', ''),
(153, 2, 'BỘ 2 TẠ TAY TẬP GYM BG 5KG', 'Tạ tay cao su BoFit 10Kg.<br />\n<br />\nLưu ý! Giá 600.000 VND/cái.<br />\n<br />\nNguyên bộ Từ 2.5Kg, 5Kg, 7.5Kg, 10Kg, 12.5Kg, 15Kg, 17.5Kg, 20Kg, 22.5Kg, 25Kg, 27.5Kg, 30Kg ( tổng nguyên bộ 390Kg)<br />\n<br />\nNguyên bộ từ: 32.5Kg, 35Kg, 37.5Kg, 40Kg ( tổng nguyên bộ 290Kg)', 'Hãng sản xuất<br />\nKINGSPORT<br />\nNhà nhập khẩu<br />\nDongDuongGroup<br />\nMã sản phẩm<br />\nKM-7025<br />\nXuất xứ<br />\nUSA-CHINA-TAIWAN<br />\nTình trạng<br />\nCòn hàng', '', '', '', '', '', '');

-- oc_product_image PRIMARY KEY (`product_image_id`)
-- nothing

-- oc_product_to_category PRIMARY KEY (`product_id`,`category_id`)
INSERT IGNORE INTO `oc_product_to_category` (`product_id`, `category_id`) VALUES
(132, 32),
(133, 32),
(134, 32),
(135, 32),
(136, 32),
(137, 32),
(138, 33),
(139, 33),
(140, 33),
(141, 33),
(142, 34),
(143, 34),
(144, 34),
(145, 34),
(146, 35),
(147, 35),
(148, 35),
(149, 35),
(150, 36),
(151, 36),
(152, 36),
(153, 36);

-- oc_product_to_store PRIMARY KEY (`product_id`,`store_id`)
INSERT IGNORE INTO `oc_product_to_store` (`product_id`, `store_id`, `product_version_id`, `quantity`, `cost_price`) VALUES
(153, 0, 0, 20, '0.0000'),
(152, 0, 0, 20, '0.0000'),
(151, 0, 0, 20, '0.0000'),
(150, 0, 0, 20, '0.0000'),
(149, 0, 0, 20, '0.0000'),
(148, 0, 0, 20, '0.0000'),
(147, 0, 0, 20, '0.0000'),
(146, 0, 0, 20, '0.0000'),
(145, 0, 0, 20, '0.0000'),
(144, 0, 0, 20, '0.0000'),
(143, 0, 0, 20, '0.0000'),
(142, 0, 0, 20, '0.0000'),
(141, 0, 0, 20, '0.0000'),
(140, 0, 0, 20, '0.0000'),
(139, 0, 0, 20, '0.0000'),
(138, 0, 0, 20, '0.0000'),
(137, 0, 0, 20, '0.0000'),
(136, 0, 0, 20, '0.0000'),
(135, 0, 0, 20, '0.0000'),
(134, 0, 0, 20, '0.0000'),
(133, 0, 0, 20, '0.0000'),
(132, 0, 0, 20, '0.0000');