-- oc_category PRIMARY KEY (`category_id`)
INSERT IGNORE INTO `oc_category` (`category_id`, `image`, `parent_id`, `top`, `column`, `sort_order`, `status`, `date_added`, `date_modified`) VALUES
(40, '', 32, 0, 0, 0, 1, '2020-12-09 08:43:04', '2020-12-09 08:43:57'),
(39, '', 32, 0, 0, 0, 1, '2020-12-09 08:43:04', '2020-12-09 08:43:57'),
(38, '', 32, 0, 0, 0, 1, '2020-12-09 08:43:04', '2020-12-09 08:43:57'),
(37, '', 32, 0, 0, 0, 1, '2020-12-09 08:43:04', '2020-12-09 08:43:57'),
(36, '', 32, 0, 0, 0, 1, '2020-12-09 08:43:04', '2020-12-09 08:43:57'),
(35, '', 32, 0, 0, 0, 1, '2020-12-09 08:43:04', '2020-12-09 08:43:57'),
(34, '', 32, 0, 0, 0, 1, '2020-12-09 08:43:04', '2020-12-09 08:43:57'),
(32, '', 0, 0, 0, 1, 1, '2020-12-09 08:43:04', '2020-12-09 08:43:57'),
(33, '', 32, 0, 0, 0, 1, '2020-12-09 08:43:04', '2020-12-09 08:43:57'),
(41, '', 0, 0, 0, 2, 1, '2020-12-09 08:43:46', '2020-12-09 08:44:02'),
(42, '', 41, 0, 0, 0, 1, '2020-12-09 08:43:46', '2020-12-09 08:43:46'),
(43, '', 41, 0, 0, 0, 1, '2020-12-09 08:43:46', '2020-12-09 08:43:46'),
(44, '', 41, 0, 0, 0, 1, '2020-12-09 08:43:46', '2020-12-09 08:43:46'),
(45, '', 0, 0, 0, 3, 1, '2020-12-09 08:44:55', '2020-12-09 09:44:45'),
(46, '', 45, 0, 0, 0, 1, '2020-12-09 08:44:55', '2020-12-09 09:44:45'),
(47, '', 45, 0, 0, 0, 1, '2020-12-09 08:44:55', '2020-12-09 09:44:45'),
(48, '', 45, 0, 0, 0, 1, '2020-12-09 08:44:55', '2020-12-09 09:44:45'),
(49, '', 45, 0, 0, 0, 1, '2020-12-09 08:44:55', '2020-12-09 09:44:45'),
(50, '', 0, 0, 0, 4, 1, '2020-12-09 08:45:49', '2020-12-09 08:45:55'),
(51, '', 50, 0, 0, 0, 1, '2020-12-09 08:45:49', '2020-12-09 08:45:49'),
(52, '', 50, 0, 0, 0, 1, '2020-12-09 08:45:49', '2020-12-09 08:45:49'),
(53, '', 50, 0, 0, 0, 1, '2020-12-09 08:45:49', '2020-12-09 08:45:49'),
(54, '', 50, 0, 0, 0, 1, '2020-12-09 08:45:49', '2020-12-09 08:45:49');

-- oc_category_description PRIMARY KEY (`category_id`,`language_id`)
INSERT IGNORE INTO `oc_category_description` (`category_id`, `language_id`, `name`, `description`, `meta_title`, `meta_description`, `meta_keyword`) VALUES
(42, 1, 'Nhẫn đôi bạc nhẫn cặp bạc', 'Nhẫn đôi bạc nhẫn cặp bạc', '', '', ''),
(42, 2, 'Nhẫn đôi bạc nhẫn cặp bạc', 'Nhẫn đôi bạc nhẫn cặp bạc', '', '', ''),
(41, 1, 'Trang sức đôi', 'Trang sức đôi', '', '', ''),
(41, 2, 'Trang sức đôi', 'Trang sức đôi', '', '', ''),
(40, 1, 'Dây chuyền cung hoàng đạo', 'Dây chuyền cung hoàng đạo', '', '', ''),
(40, 2, 'Dây chuyền cung hoàng đạo', 'Dây chuyền cung hoàng đạo', '', '', ''),
(39, 1, 'Dây chuyền mặt chữ', 'Dây chuyền mặt chữ', '', '', ''),
(38, 1, 'Bộ trang sức', 'Bộ trang sức', '', '', ''),
(39, 2, 'Dây chuyền mặt chữ', 'Dây chuyền mặt chữ', '', '', ''),
(37, 1, 'Bông tai bạc nữ', 'Bông tai bạc nữ', '', '', ''),
(38, 2, 'Bộ trang sức', 'Bộ trang sức', '', '', ''),
(32, 1, 'Trang sức nữ', 'Trang sức nữ', '', '', ''),
(33, 2, 'Nhẫn bạc nữ', 'Nhẫn bạc nữ', '', '', ''),
(33, 1, 'Nhẫn bạc nữ', 'Nhẫn bạc nữ', '', '', ''),
(34, 2, 'Dây chuyền bạc nữ', 'Dây chuyền bạc nữ', '', '', ''),
(34, 1, 'Dây chuyền bạc nữ', 'Dây chuyền bạc nữ', '', '', ''),
(35, 2, 'Lắc tay bạc nữ', 'Lắc tay bạc nữ', '', '', ''),
(35, 1, 'Lắc tay bạc nữ', 'Lắc tay bạc nữ', '', '', ''),
(36, 2, 'Lắc chân bạc nữ', 'Lắc chân bạc nữ', '', '', ''),
(36, 1, 'Lắc chân bạc nữ', 'Lắc chân bạc nữ', '', '', ''),
(37, 2, 'Bông tai bạc nữ', 'Bông tai bạc nữ', '', '', ''),
(32, 2, 'Trang sức nữ', 'Trang sức nữ', '', '', ''),
(43, 2, 'Dây chuyền cặp đôi bạc', 'Dây chuyền cặp đôi bạc', '', '', ''),
(43, 1, 'Dây chuyền cặp đôi bạc', 'Dây chuyền cặp đôi bạc', '', '', ''),
(44, 2, 'Vòng tay đôi bạc vòng tay cặp bạc', 'Vòng tay đôi bạc vòng tay cặp bạc', '', '', ''),
(44, 1, 'Vòng tay đôi bạc vòng tay cặp bạc', 'Vòng tay đôi bạc vòng tay cặp bạc', '', '', ''),
(45, 2, 'Trang sức nam', 'Trang sức nam', '', '', ''),
(45, 1, 'Trang sức nam', 'Trang sức nam', '', '', ''),
(46, 2, 'Nhẫn bạc nam', 'Nhẫn bạc nam', '', '', ''),
(46, 1, 'Nhẫn bạc nam', 'Nhẫn bạc nam', '', '', ''),
(47, 2, 'Dây chuyền bạc nam', 'Dây chuyền bạc nam', '', '', ''),
(47, 1, 'Dây chuyền bạc nam', 'Dây chuyền bạc nam', '', '', ''),
(48, 2, 'Lắc tay bạc nam', 'Lắc tay bạc nam', '', '', ''),
(48, 1, 'Lắc tay bạc nam', 'Lắc tay bạc nam', '', '', ''),
(49, 2, 'Khuyên tai bạc nam', 'Khuyên tai bạc nam', '', '', ''),
(49, 1, 'Khuyên tai bạc nam', 'Khuyên tai bạc nam', '', '', ''),
(50, 2, 'Trang sức cho bé', 'Trang sức cho bé', '', '', ''),
(50, 1, 'Trang sức cho bé', 'Trang sức cho bé', '', '', ''),
(51, 2, 'Lắc bạc cho bé', 'Lắc bạc cho bé', '', '', ''),
(51, 1, 'Lắc bạc cho bé', 'Lắc bạc cho bé', '', '', ''),
(52, 2, 'Dây chuyền bạc cho bé trai', 'Dây chuyền bạc cho bé trai', '', '', ''),
(52, 1, 'Dây chuyền bạc cho bé trai', 'Dây chuyền bạc cho bé trai', '', '', ''),
(53, 2, 'Dây chuyền bạc cho bé gái', 'Dây chuyền bạc cho bé gái', '', '', ''),
(53, 1, 'Dây chuyền bạc cho bé gái', 'Dây chuyền bạc cho bé gái', '', '', ''),
(54, 2, 'Bông tai bạc cho bé', 'Bông tai bạc cho bé', '', '', ''),
(54, 1, 'Bông tai bạc cho bé', 'Bông tai bạc cho bé', '', '', '');

-- oc_category_path PRIMARY KEY (`category_id`,`path_id`)
INSERT IGNORE INTO `oc_category_path` (`category_id`, `path_id`, `level`) VALUES
(44, 41, 0),
(43, 43, 1),
(43, 41, 0),
(42, 42, 1),
(42, 41, 0),
(41, 41, 0),
(40, 40, 1),
(40, 32, 0),
(39, 39, 1),
(33, 33, 1),
(33, 32, 0),
(34, 34, 1),
(34, 32, 0),
(39, 32, 0),
(38, 38, 1),
(32, 32, 0),
(35, 32, 0),
(38, 32, 0),
(37, 37, 1),
(37, 32, 0),
(36, 36, 1),
(36, 32, 0),
(35, 35, 1),
(44, 44, 1),
(45, 45, 0),
(46, 45, 0),
(46, 46, 1),
(47, 45, 0),
(47, 47, 1),
(48, 45, 0),
(48, 48, 1),
(49, 45, 0),
(49, 49, 1),
(50, 50, 0),
(51, 50, 0),
(51, 51, 1),
(52, 50, 0),
(52, 52, 1),
(53, 50, 0),
(53, 53, 1),
(54, 50, 0),
(54, 54, 1);

-- oc_category_to_store PRIMARY KEY (`category_id`,`store_id`)
INSERT IGNORE INTO `oc_category_to_store` (`category_id`, `store_id`) VALUES
(32, 0),
(33, 0),
(34, 0),
(35, 0),
(36, 0),
(37, 0),
(38, 0),
(39, 0),
(40, 0),
(41, 0),
(42, 0),
(43, 0),
(44, 0),
(45, 0),
(46, 0),
(47, 0),
(48, 0),
(49, 0),
(50, 0),
(51, 0),
(52, 0),
(53, 0),
(54, 0);