-- oc_category PRIMARY KEY (`category_id`)
INSERT IGNORE INTO `oc_category` (`category_id`, `image`, `parent_id`, `top`, `column`, `sort_order`, `status`, `date_added`, `date_modified`) VALUES
(39, '', 35, 0, 0, 0, 1, '2020-12-22 15:13:37', '2020-12-22 15:13:37'),
(38, '', 35, 0, 0, 0, 1, '2020-12-22 15:13:37', '2020-12-22 15:13:37'),
(37, '', 35, 0, 0, 0, 1, '2020-12-22 15:13:37', '2020-12-22 15:13:37'),
(36, NULL, 0, 0, 0, 1, 1, '2020-12-22 15:12:46', '2020-12-22 15:15:01'),
(35, NULL, 0, 0, 0, 5, 1, '2020-12-22 15:12:46', '2020-12-22 15:13:37'),
(34, NULL, 0, 0, 0, 4, 1, '2020-12-22 15:12:46', '2020-12-22 15:14:07'),
(33, NULL, 0, 0, 0, 2, 1, '2020-12-22 15:12:46', '2020-12-22 15:15:32'),
(32, NULL, 0, 0, 0, 3, 1, '2020-12-22 15:12:46', '2020-12-22 15:14:34'),
(40, '', 34, 0, 0, 0, 1, '2020-12-22 15:14:07', '2020-12-22 15:14:07'),
(41, '', 34, 0, 0, 0, 1, '2020-12-22 15:14:07', '2020-12-22 15:14:07'),
(42, '', 34, 0, 0, 0, 1, '2020-12-22 15:14:07', '2020-12-22 15:14:07'),
(43, '', 34, 0, 0, 0, 1, '2020-12-22 15:14:07', '2020-12-22 15:14:07'),
(44, '', 34, 0, 0, 0, 1, '2020-12-22 15:14:07', '2020-12-22 15:14:07'),
(45, '', 32, 0, 0, 0, 1, '2020-12-22 15:14:34', '2020-12-22 15:14:34'),
(46, '', 32, 0, 0, 0, 1, '2020-12-22 15:14:34', '2020-12-22 15:14:34'),
(47, '', 32, 0, 0, 0, 1, '2020-12-22 15:14:34', '2020-12-22 15:14:34'),
(48, '', 32, 0, 0, 0, 1, '2020-12-22 15:14:34', '2020-12-22 15:14:34'),
(49, '', 36, 0, 0, 0, 1, '2020-12-22 15:15:01', '2020-12-22 15:15:01'),
(50, '', 36, 0, 0, 0, 1, '2020-12-22 15:15:01', '2020-12-22 15:15:01'),
(51, '', 36, 0, 0, 0, 1, '2020-12-22 15:15:01', '2020-12-22 15:15:01'),
(52, '', 36, 0, 0, 0, 1, '2020-12-22 15:15:01', '2020-12-22 15:15:01'),
(53, '', 33, 0, 0, 0, 1, '2020-12-22 15:15:32', '2020-12-22 15:15:32'),
(54, '', 33, 0, 0, 0, 1, '2020-12-22 15:15:32', '2020-12-22 15:15:32'),
(55, '', 33, 0, 0, 0, 1, '2020-12-22 15:15:32', '2020-12-22 15:15:32'),
(56, '', 33, 0, 0, 0, 1, '2020-12-22 15:15:32', '2020-12-22 15:15:32'),
(57, '', 33, 0, 0, 0, 1, '2020-12-22 15:15:32', '2020-12-22 15:15:32');


-- oc_category_description PRIMARY KEY (`category_id`,`language_id`)
INSERT IGNORE INTO `oc_category_description` (`category_id`, `language_id`, `name`, `description`, `meta_title`, `meta_description`, `meta_keyword`) VALUES
(45, 2, 'Box Mod', 'Box Mod', '', '', ''),
(45, 1, 'Box Mod', 'Box Mod', '', '', ''),
(44, 2, 'Rta', 'Rta', '', '', ''),
(44, 1, 'Rta', 'Rta', '', '', ''),
(43, 1, 'Rda - Rdta', 'Rda - Rdta', '', '', ''),
(43, 2, 'Rda - Rdta', 'Rda - Rdta', '', '', ''),
(42, 1, 'Phụ Kiện Đầu Đốt', 'Phụ Kiện Đầu Đốt', '', '', ''),
(42, 2, 'Phụ Kiện Đầu Đốt', 'Phụ Kiện Đầu Đốt', '', '', ''),
(41, 2, 'Driptip', 'Driptip', '', '', ''),
(41, 1, 'Driptip', 'Driptip', '', '', ''),
(40, 2, 'Clearomizer', 'Clearomizer', '', '', ''),
(40, 1, 'Clearomizer', 'Clearomizer', '', '', ''),
(39, 1, 'Túi, Các Phụ Kiện Khác', 'Túi, Các Phụ Kiện Khác', '', '', ''),
(38, 1, 'Pin - Sạc', 'Pin - Sạc', '', '', ''),
(39, 2, 'Túi, Các Phụ Kiện Khác', 'Túi, Các Phụ Kiện Khác', '', '', ''),
(37, 1, 'Dụng Cụ Build', 'Dụng Cụ Build', '', '', ''),
(38, 2, 'Pin - Sạc', 'Pin - Sạc', '', '', ''),
(32, 2, 'Thân Máy', 'Thân Máy', '', '', ''),
(32, 1, 'Thân Máy', 'Thân Máy', '', '', ''),
(33, 2, 'Tinh Dầu Freebase', 'Tinh Dầu Freebase', '', '', ''),
(33, 1, 'Tinh Dầu Freebase', 'Tinh Dầu Freebase', '', '', ''),
(34, 2, 'Đầu Đốt', 'Đầu Đốt', '', '', ''),
(34, 1, 'Đầu Đốt', 'Đầu Đốt', '', '', ''),
(35, 2, 'Phụ Kiện', 'Phụ Kiện', '', '', ''),
(35, 1, 'Phụ Kiện', 'Phụ Kiện', '', '', ''),
(36, 2, 'Pod Mod', 'Pod Mod', '', '', ''),
(36, 1, 'Pod Mod', 'Pod Mod', '', '', ''),
(37, 2, 'Dụng Cụ Build', 'Dụng Cụ Build', '', '', ''),
(46, 2, 'Mechanicals Mod', 'Mechanicals Mod', '', '', ''),
(46, 1, 'Mechanicals Mod', 'Mechanicals Mod', '', '', ''),
(47, 2, 'Phụ Kiện Thân Máy', 'Phụ Kiện Thân Máy', '', '', ''),
(47, 1, 'Phụ Kiện Thân Máy', 'Phụ Kiện Thân Máy', '', '', ''),
(48, 2, 'Squonk Mod', 'Squonk Mod', '', '', ''),
(48, 1, 'Squonk Mod', 'Squonk Mod', '', '', ''),
(49, 2, 'Closed Pod', 'Closed Pod', '', '', ''),
(49, 1, 'Closed Pod', 'Closed Pod', '', '', ''),
(50, 2, 'Occ - Cartridge', 'Occ - Cartridge', '', '', ''),
(50, 1, 'Occ - Cartridge', 'Occ - Cartridge', '', '', ''),
(51, 2, 'Open Pod', 'Open Pod', '', '', ''),
(51, 1, 'Open Pod', 'Open Pod', '', '', ''),
(52, 2, 'Pod Dùng 1 Lần', 'Pod Dùng 1 Lần', '', '', ''),
(52, 1, 'Pod Dùng 1 Lần', 'Pod Dùng 1 Lần', '', '', ''),
(53, 2, 'Vị Hoa Quả - Fruity Flavors', 'Vị Hoa Quả - Fruity Flavors', '', '', ''),
(53, 1, 'Vị Hoa Quả - Fruity Flavors', 'Vị Hoa Quả - Fruity Flavors', '', '', ''),
(54, 2, 'Vị Hoa Quả Lạnh - Iced Fruity', 'Vị Hoa Quả Lạnh - Iced Fruity', '', '', ''),
(54, 1, 'Vị Hoa Quả Lạnh - Iced Fruity', 'Vị Hoa Quả Lạnh - Iced Fruity', '', '', ''),
(55, 2, 'Vị Ngậy - Creamy Flavor', 'Vị Ngậy - Creamy Flavor', '', '', ''),
(55, 1, 'Vị Ngậy - Creamy Flavor', 'Vị Ngậy - Creamy Flavor', '', '', ''),
(56, 2, 'Vị Thuốc Lá - Tobacco Flavors', 'Vị Thuốc Lá - Tobacco Flavors', '', '', ''),
(56, 1, 'Vị Thuốc Lá - Tobacco Flavors', 'Vị Thuốc Lá - Tobacco Flavors', '', '', ''),
(57, 2, 'Vị Đồ Uống - Beverage Flavors', 'Vị Đồ Uống - Beverage Flavors', '', '', ''),
(57, 1, 'Vị Đồ Uống - Beverage Flavors', 'Vị Đồ Uống - Beverage Flavors', '', '', '');


-- oc_category_path PRIMARY KEY (`category_id`,`path_id`)
INSERT IGNORE INTO `oc_category_path` (`category_id`, `path_id`, `level`) VALUES
(45, 45, 1),
(45, 32, 0),
(44, 44, 1),
(44, 34, 0),
(43, 43, 1),
(43, 34, 0),
(42, 42, 1),
(42, 34, 0),
(41, 41, 1),
(35, 35, 0),
(34, 34, 0),
(33, 33, 0),
(32, 32, 0),
(41, 34, 0),
(40, 40, 1),
(37, 35, 0),
(36, 36, 0),
(40, 34, 0),
(39, 39, 1),
(39, 35, 0),
(38, 38, 1),
(38, 35, 0),
(37, 37, 1),
(46, 32, 0),
(46, 46, 1),
(47, 32, 0),
(47, 47, 1),
(48, 32, 0),
(48, 48, 1),
(49, 36, 0),
(49, 49, 1),
(50, 36, 0),
(50, 50, 1),
(51, 36, 0),
(51, 51, 1),
(52, 36, 0),
(52, 52, 1),
(53, 33, 0),
(53, 53, 1),
(54, 33, 0),
(54, 54, 1),
(55, 33, 0),
(55, 55, 1),
(56, 33, 0),
(56, 56, 1),
(57, 33, 0),
(57, 57, 1);


-- oc_category_to_store PRIMARY KEY (`category_id`,`store_id`)
INSERT IGNORE INTO `oc_category_to_store` (`category_id`, `store_id`) VALUES
(32, 0),
(33, 0),
(34, 0),
(35, 0),
(36, 0),
(37, 0),
(38, 0),
(39, 0),
(40, 0),
(41, 0),
(42, 0),
(43, 0),
(44, 0),
(45, 0),
(46, 0),
(47, 0),
(48, 0),
(49, 0),
(50, 0),
(51, 0),
(52, 0),
(53, 0),
(54, 0),
(55, 0),
(56, 0),
(57, 0);
