-- oc_product PRIMARY KEY (`product_id`)
-- delete first
INSERT IGNORE INTO `oc_product` (`product_id`, `model`, `sku`, `common_barcode`, `common_sku`, `common_compare_price`, `common_price`, `common_cost_price`, `barcode`, `upc`, `ean`, `jan`, `isbn`, `mpn`, `location`, `quantity`, `sale_on_out_of_stock`, `stock_status_id`, `image`, `image_alt`, `multi_versions`, `manufacturer_id`, `shipping`, `price`, `price_currency_id`, `compare_price`, `c_price_currency_id`, `points`, `tax_class_id`, `date_available`, `weight`, `weight_class_id`, `length`, `width`, `height`, `length_class_id`, `subtract`, `minimum`, `sort_order`, `status`, `channel`, `viewed`, `demo`, `deleted`, `default_store_id`, `date_added`, `date_modified`) VALUES
(151, '', '', '', '', '0.0000', '0.0000', '0.0000', '', '', '', '', '', '', '', 0, 0, 0, 'https://cdn.bestme.asia/images/dacsanmiennui/4.png', '', 0, 26, 1, '200000.0000', 1, '240000.0000', 1, 0, 0, '0000-00-00', '100.00000000', 1, '0.00000000', '0.00000000', '0.00000000', 0, 1, 1, 0, 1, 2, 0, 1, NULL, 0, '2020-12-21 14:58:12', '2020-12-23 14:18:15'),
(150, '', '', '', '', '0.0000', '0.0000', '0.0000', '', '', '', '', '', '', '', 0, 0, 0, 'https://2.pik.vn/2020323defb0-21c5-4e0c-976c-26d6c4660f01.png', '', 0, 26, 1, '570000.0000', 1, '800000.0000', 1, 0, 0, '0000-00-00', '100.00000000', 1, '0.00000000', '0.00000000', '0.00000000', 0, 1, 1, 0, 1, 2, 0, 1, NULL, 0, '2020-12-21 14:58:12', '2020-12-23 14:18:48'),
(149, '', '', '', '', '0.0000', '0.0000', '0.0000', '', '', '', '', '', '', '', 0, 0, 0, 'https://2.pik.vn/2020dd6f957f-7f96-45de-9d5f-6c4049de39f0.png', '', 0, 26, 1, '115000.0000', 1, '150000.0000', 1, 0, 0, '0000-00-00', '100.00000000', 1, '0.00000000', '0.00000000', '0.00000000', 0, 1, 1, 0, 1, 2, 0, 1, NULL, 0, '2020-12-21 14:58:12', '2020-12-23 14:19:41'),
(148, '', '', '', '', '0.0000', '0.0000', '0.0000', '', '', '', '', '', '', '', 0, 0, 0, 'https://2.pik.vn/20204ff8218f-bd3d-43c7-9686-3c4844d0c0f0.png', '', 0, 26, 1, '85000.0000', 1, '110000.0000', 1, 0, 0, '0000-00-00', '100.00000000', 1, '0.00000000', '0.00000000', '0.00000000', 0, 1, 1, 0, 1, 2, 0, 1, NULL, 0, '2020-12-21 14:58:12', '2020-12-23 14:19:25'),
(147, '', '', '', '', '0.0000', '0.0000', '0.0000', '', '', '', '', '', '', '', 0, 0, 0, 'https://2.pik.vn/202004e9bdef-d072-4fcc-b383-ac6a74c4031e.png', '', 0, 26, 1, '690000.0000', 1, '880000.0000', 1, 0, 0, '0000-00-00', '100.00000000', 1, '0.00000000', '0.00000000', '0.00000000', 0, 1, 1, 0, 1, 2, 0, 1, NULL, 0, '2020-12-21 14:58:12', '2020-12-23 14:20:42'),
(146, '', '', '', '', '0.0000', '0.0000', '0.0000', '', '', '', '', '', '', '', 0, 0, 0, 'https://2.pik.vn/202006394cdb-a5e6-424e-b34e-711f39f3c485.png', '', 0, 26, 1, '450000.0000', 1, '600000.0000', 1, 0, 0, '0000-00-00', '100.00000000', 1, '0.00000000', '0.00000000', '0.00000000', 0, 1, 1, 0, 1, 2, 0, 1, NULL, 0, '2020-12-21 14:58:12', '2020-12-23 14:21:46'),
(145, '', '', '', '', '0.0000', '0.0000', '0.0000', '', '', '', '', '', '', '', 0, 0, 0, 'https://2.pik.vn/20204f12a533-dca1-4ebd-aba9-59ce669c85ef.png', '', 0, 26, 1, '710000.0000', 1, '880000.0000', 1, 0, 0, '0000-00-00', '100.00000000', 1, '0.00000000', '0.00000000', '0.00000000', 0, 1, 1, 0, 1, 2, 0, 1, NULL, 0, '2020-12-21 14:58:12', '2020-12-23 14:22:35'),
(144, '', '', '', '', '0.0000', '0.0000', '0.0000', '', '', '', '', '', '', '', 0, 0, 0, 'https://2.pik.vn/2020e04b4564-5a17-45b3-b1c7-ac0a3b956f53.png', '', 0, 26, 1, '270000.0000', 1, '400000.0000', 1, 0, 0, '0000-00-00', '100.00000000', 1, '0.00000000', '0.00000000', '0.00000000', 0, 1, 1, 0, 1, 2, 0, 1, NULL, 0, '2020-12-21 14:58:12', '2020-12-23 14:19:00'),
(143, '', '', '', '', '0.0000', '0.0000', '0.0000', '', '', '', '', '', '', '', 0, 0, 0, 'https://2.pik.vn/202032d5bf38-6cc3-4401-9e4f-9f204d669c91.png', '', 0, 26, 1, '210000.0000', 1, '300000.0000', 1, 0, 0, '0000-00-00', '100.00000000', 1, '0.00000000', '0.00000000', '0.00000000', 0, 1, 1, 0, 1, 2, 0, 1, NULL, 0, '2020-12-21 14:58:12', '2020-12-23 14:19:13'),
(141, '', '', '', '', '0.0000', '0.0000', '0.0000', '', '', '', '', '', '', '', 0, 0, 0, 'https://2.pik.vn/2020e541b57e-8480-4456-bc99-ac35fbf1166c.png', '', 0, 26, 1, '75000.0000', 1, '100000.0000', 1, 0, 0, '0000-00-00', '100.00000000', 1, '0.00000000', '0.00000000', '0.00000000', 0, 1, 1, 0, 1, 2, 0, 1, NULL, 0, '2020-12-21 14:58:12', '2020-12-23 14:20:30'),
(142, '', '', '', '', '0.0000', '0.0000', '0.0000', '', '', '', '', '', '', '', 0, 0, 0, 'https://2.pik.vn/20201b614b8e-2840-45e5-8ccf-1f6828e9b6c9.png', '', 0, 26, 1, '105000.0000', 1, '150000.0000', 1, 0, 0, '0000-00-00', '100.00000000', 1, '0.00000000', '0.00000000', '0.00000000', 0, 1, 1, 0, 1, 2, 0, 1, NULL, 0, '2020-12-21 14:58:12', '2020-12-23 14:21:19'),
(140, '', '', '', '', '0.0000', '0.0000', '0.0000', '', '', '', '', '', '', '', 0, 0, 0, 'https://2.pik.vn/2020f7a2d5d6-17be-4ace-bd8a-6d7da4fbb8aa.png', '', 0, 26, 1, '145000.0000', 1, '200000.0000', 1, 0, 0, '0000-00-00', '100.00000000', 1, '0.00000000', '0.00000000', '0.00000000', 0, 1, 1, 0, 1, 2, 0, 1, NULL, 0, '2020-12-21 14:58:12', '2020-12-23 14:22:10'),
(138, '', '', '', '', '0.0000', '0.0000', '0.0000', '', '', '', '', '', '', '', 0, 0, 0, 'https://2.pik.vn/202069bdded1-bc89-454a-b50c-d746133d64f2.png', '', 0, 26, 1, '155000.0000', 1, '250000.0000', 1, 0, 0, '0000-00-00', '100.00000000', 1, '0.00000000', '0.00000000', '0.00000000', 0, 1, 1, 0, 1, 2, 0, 1, NULL, 0, '2020-12-21 14:58:12', '2020-12-23 14:22:23'),
(139, '', '', '', '', '0.0000', '0.0000', '0.0000', '', '', '', '', '', '', '', 0, 0, 0, 'https://2.pik.vn/2020a08a9726-52ee-4541-99c6-f14a9f274324.png', '', 0, 26, 1, '210000.0000', 1, '250000.0000', 1, 0, 0, '0000-00-00', '100.00000000', 1, '0.00000000', '0.00000000', '0.00000000', 0, 1, 1, 0, 1, 2, 0, 1, NULL, 0, '2020-12-21 14:58:12', '2020-12-23 14:18:29'),
(136, '', '', '', '', '0.0000', '0.0000', '0.0000', '', '', '', '', '', '', '', 0, 0, 0, 'https://2.pik.vn/202058c4143e-d796-4cb3-994d-13d3687ca915.png', '', 0, 26, 1, '185000.0000', 1, '220000.0000', 1, 0, 0, '0000-00-00', '100.00000000', 1, '0.00000000', '0.00000000', '0.00000000', 0, 1, 1, 0, 1, 2, 0, 1, NULL, 0, '2020-12-21 14:58:12', '2020-12-23 14:20:05'),
(137, '', '', '', '', '0.0000', '0.0000', '0.0000', '', '', '', '', '', '', '', 0, 0, 0, 'https://2.pik.vn/20202696af8e-2abf-43b0-8e45-bee4f168b95f.png', '', 0, 26, 1, '120000.0000', 1, '180000.0000', 1, 0, 0, '0000-00-00', '100.00000000', 1, '0.00000000', '0.00000000', '0.00000000', 0, 1, 1, 0, 1, 2, 0, 1, NULL, 0, '2020-12-21 14:58:12', '2020-12-23 14:20:18'),
(134, '', '', '', '', '0.0000', '0.0000', '0.0000', '', '', '', '', '', '', '', 0, 0, 0, 'https://2.pik.vn/2020e92b257f-ca86-4115-beb2-546a207c6bfd.png', '', 0, 26, 1, '175000.0000', 1, '200000.0000', 1, 0, 0, '0000-00-00', '100.00000000', 1, '0.00000000', '0.00000000', '0.00000000', 0, 1, 1, 0, 1, 2, 0, 1, NULL, 0, '2020-12-21 14:58:12', '2020-12-23 14:21:58'),
(135, '', '', '', '', '0.0000', '0.0000', '0.0000', '', '', '', '', '', '', '', 0, 0, 0, 'https://2.pik.vn/202071e29e8e-9eed-4176-a880-7a8db49e736a.png', '', 0, 26, 1, '120000.0000', 1, '175000.0000', 1, 0, 0, '0000-00-00', '100.00000000', 1, '0.00000000', '0.00000000', '0.00000000', 0, 1, 1, 0, 1, 2, 0, 1, NULL, 0, '2020-12-21 14:58:12', '2020-12-23 14:21:07'),
(132, '', '', '', '', '0.0000', '0.0000', '0.0000', '', '', '', '', '', '', '', 0, 0, 0, 'https://2.pik.vn/2020833849a5-5bad-4163-a7f7-b5b9624c39b2.png\r\n\r\n', '', 0, 26, 1, '195000.0000', 1, '250000.0000', 1, 0, 0, '0000-00-00', '100.00000000', 1, '0.00000000', '0.00000000', '0.00000000', 0, 1, 1, 0, 1, 2, 0, 1, NULL, 0, '2020-12-21 14:58:12', '2020-12-23 14:20:55'),
(133, '', '', '', '', '0.0000', '0.0000', '0.0000', '', '', '', '', '', '', '', 0, 0, 0, 'https://2.pik.vn/20208cb190cc-a78b-4adf-9249-fea707f64835.png', '', 0, 26, 1, '370000.0000', 1, '500000.0000', 1, 0, 0, '0000-00-00', '100.00000000', 1, '0.00000000', '0.00000000', '0.00000000', 0, 1, 1, 0, 1, 2, 0, 1, NULL, 0, '2020-12-21 14:58:12', '2020-12-23 14:19:54');

-- restore soft-deleted products if demo
UPDATE `oc_product` SET `deleted` = NULL
WHERE `demo` = 1
  AND `product_id` IN (
   151,
   150,
   149,
   148,
   147,
   146,
   145,
   144,
   143,
   141,
   142,
   140,
   138,
   139,
   136,
   137,
   134,
   135,
   132,
   133
  );

-- oc_product_collection PRIMARY KEY (`product_collection_id`)
INSERT IGNORE INTO `oc_product_collection` (`product_collection_id`, `product_id`, `collection_id`, `sort_order`) VALUES
(326, 137, 10, 0),
(324, 136, 10, 0),
(337, 135, 6, 0),
(314, 143, 6, 0),
(307, 139, 10, 0),
(351, 138, 10, 0),
(340, 142, 6, 0),
(329, 141, 6, 0),
(350, 140, 6, 0),
(347, 134, 19, 0),
(322, 133, 6, 0),
(334, 132, 9, 0),
(332, 147, 12, 0),
(343, 146, 12, 0),
(354, 145, 12, 0),
(311, 144, 12, 0),
(305, 151, 13, 0),
(308, 150, 13, 0),
(320, 149, 13, 0),
(317, 148, 13, 0),
(331, 147, 16, 0),
(342, 146, 16, 0),
(353, 145, 16, 0),
(310, 144, 16, 0),
(352, 145, 6, 0),
(339, 142, 17, 0),
(313, 143, 17, 0),
(328, 141, 17, 0),
(349, 140, 17, 0),
(336, 135, 9, 0),
(309, 144, 6, 0),
(323, 136, 6, 0),
(304, 151, 6, 0),
(325, 137, 6, 0),
(341, 146, 6, 0),
(330, 147, 6, 0),
(346, 134, 6, 0),
(321, 133, 9, 0),
(306, 139, 6, 0),
(316, 148, 19, 0),
(338, 142, 11, 0),
(312, 143, 11, 0),
(327, 141, 11, 0),
(348, 140, 11, 0),
(319, 149, 19, 0),
(335, 135, 18, 0),
(345, 134, 9, 0),
(333, 132, 18, 0),
(318, 149, 18, 0),
(344, 134, 18, 0),
(315, 148, 6, 0);

-- oc_product_description PRIMARY KEY (`product_id`,`language_id`)
INSERT IGNORE INTO `oc_product_description` (`product_id`, `language_id`, `name`, `description`, `sub_description`, `seo_title`, `seo_description`, `tag`, `meta_title`, `meta_description`, `meta_keyword`) VALUES
(132, 2, 'Hạt mắc khén', '&lt;p&gt;Mắc khén là gia vị đặc trưng cho các món ăn Tây Bắc. Loại gia vị này được ưa chuộng vì mùi thơm rất hấp dẫn, tạo nên một hương vị đặc biệt khi thưởng thức món ăn. Mỗi món ăn được thêm mắc khén luôn có sức hấp dẫn khó tả, dễ dàng gây “nghiện” với người thưởng thức bởi hương vị của nó. Đặc sản Tây Bắc hân hạnh cung cấp đến thực khách loại mắc khén chất lượng cao do chính những người dân Tây Bắc sản xuất và thu hoạch, chế biến.&lt;br /&gt;\r\nAi đã từng thưởng thức những món ăn dân tộc vùng Tây Bắc, hẳn sẽ rất ấn tượng bởi hương vị cay mà thơm chứa trong từng món ăn. Ai cũng sẽ thắc mắc, hương vị gì mà lại đặc biệt như vậy? Đấy chính là hương vị của hạt mắc khén ở vùng núi cao Tây Bắc. Hạt có vị cay và thơm, là gia vị được sử dụng rất phổ biến của các dân tộc thiểu số ở Tây Bắc.&lt;br /&gt;\r\nCây Mắc khén phân bố khá rộng ở vùng Tây Bắc, trong đó có nhiều nhất ở tỉnh Sơn La, là một loài cây cho ra sản phẩm đặc sản đó là hạt. Hạt cây Mắc khén được ví như hạt Hồ tiêu của vùng Tây Bắc. Đây là loại gia vị cay, thơm ngon gần giống như gia vị của hạt Hồ tiêu, nó không thể thiếu được trong các món ăn hàng ngày của người dân thiểu số nơi đây, là bí quyết ướp gia vị cho những món thịt khô gác bếp.&lt;br /&gt;\r\nCũng là món thịt nướng, cá nướng, thịt gác bếp… nhưng khi bạn thưởng thức món ăn ở Tây Bắc, bạn sẽ nhận ra hương vị rất riêng mà không nơi nào có được. Hương vị riêng này chính là hương vị được tạo ra từ hạt cây Mắc khén. Mắc khén được dùng để ướp thức ăn, sẽ giúp cho đồ ăn thêm thơm, ngon, hấp dẫn.&lt;br /&gt;\r\nKhi đi qua nhà ai đó đang rang hạt Mắc khén, tất cả mọi người đều muốn lại gần để hít hà mùi thơm đặc biệt ấy. Hạt Mắc khén được rang vừa độ, rồi đem giã nhỏ. Khi nấu ăn, chỉ cần một thìa nhỏ mùi thơm của hạt sẽ giúp cho món ăn tăng thêm vị ngon. Có thêm Mắc khén trong bữa ăn, sẽ giúp hương vị gia đình của bạn ngập tràn vị núi, vị rừng, vị của thiên nhiên thanh khiết!&lt;br /&gt;\r\n &lt;/p&gt;', '&lt;p&gt;Mắc khén xuất hiện trong bữa ăn của người dân tộc vùng núi cao Tây Bắc như nước chấm của người Kinh, trong bữa ăn không có vị Mắc khén là hôm ấy bữa cơm đã bớt ngon đi vài phần.&lt;/p&gt;', '', '', '', '', '', ''),
(133, 2, 'Hạt dổi rừng', '&lt;p&gt;Bất cứ ai có dịp lên Tây Bắc và thưởng thức những món ăn của người Thái chắc hẳn sẽ không bao giờ quên loại gia vị lạ, thơm thơm, ngai ngái mùi núi rừng của hạt dổi rừng.&lt;br /&gt;\r\nNgười dân tộc vùng cao Tây Bắc ai cũng có những cảm nhận gần gũi về cây dổi. Cây dổi trồng 7 năm mới bắt đầu được thu hoạch quả. Loại cây rất hợp với đất Mường nên cứ trồng là sống tốt, đơm hoa kết trái. Cây lặng lẽ chắn gió bão, mưa dông cho từng ngôi nhà, làng bản: loại cây vừa cho bóng mát, cho hạt thơm để làm gia vị chế biến các món ăn, lại còn vị thuốc quý và là cây có hiệu quả kinh tế, là mặt hàng làm giàu cho rất nhiều hộ nông dân nơi đây.&lt;br /&gt;\r\nCó hai loại hạt dổi: một loại cho vị hắc không thơm và loại không hắc, dậy mùi thơm. Hạt dổi tươi có màu đỏ, đem phơi thì săn lại đổi thành màu đen sậm. Cứ 3kg hạt dổi tươi phơi được 1kg hạt dổi khô. Những quả của cây ít tuổi thường hắc và thiếu vị thơm.&lt;br /&gt;\r\nNhững cây dổi trên hàng chục năm mới thật sự quý hiếm. Hạt của nó quý đến nỗi người dân phải căng bạt dưới gốc cây để thu hoạch, không bỏ sót quả nào. Khi trồng, người Mường thường ví cây dổi như của gia bảo để đời con, đời cháu được hưởng. Và những người dân vùng cao cũng coi nó là loại cây lành, cây quý của đất trời tây bắc.&lt;br /&gt;\r\nNgười dân tộc thường lấy hạt dổi làm gia vị để chấm ăn cùng thịt lợn nướng, thịt luộc hoặc làm gia vị tẩm ướp. Khi chế biến, hạt dổi sẽ được nướng trên than lửa cho thơm, sau đó đem giã nhỏ như hạt tiêu vì thế hạt dổi cũng được coi như hạt tiêu rừng Tây Bắc.&lt;br /&gt;\r\nHạt dổi có đặc điểm là khi đã rang hoặc nướng chín không để được lâu như hạt tiêu nên khi dùng mới đem nướng để giữ được mùi thơm. Hạt dổi cho mùi thơm ngậy đặc trưng nên nhiều người vẫn nói “khéo bị nghiện hạt dổi”, không thể thiếu nó trong mỗi bữa cơm. Nhiều món ăn Tây Bắc như thịt gác bếp, thịt lợn rừng, thịt nướng, tiết canh… nhờ có hương vị hạt dổi mà thêm phần hấp dẫn.&lt;/p&gt;', '&lt;p&gt;Bất cứ ai có dịp lên Tây Bắc và thưởng thức những món ăn của người Thái chắc hẳn sẽ không bao giờ quên loại gia vị lạ, thơm thơm, ngai ngái mùi núi rừng của hạt dổi rừng.&lt;/p&gt;', '', '', '', '', '', ''),
(134, 2, 'Hạt mắc mật khô', '&lt;p&gt;Bao nhiêu năm trôi qua, cuộc sống với muôn vàn đổi thay, nhưng bản thân tôi vẫn luôn tâm niệm rằng có những kỉ niệm nuôi ta lớn khôn thành người thì sẽ chẳng bao giờ phai nhạt. Như mùi vị của món thịt kho với mắc mật (hay móc mật) mãi mãi vẫn là thứ mùi vị thật đặc biệt đối với riêng tôi.&lt;br /&gt;\r\nMùa hè đến cũng là lúc những trái mắc mật bắt đầu rám vỏ, chín lúc lỉu trên cành. Mùa móc mật về, bữa cơm gia đình thêm ngon miệng hơn với món thịt kho mắc mật. Móc mật được trồng tự nhiên trên núi đá, hít thở khí trời vùng cao thanh khiết, được chăm bón bởi những lớp thực vật phân hủy tự nhiên dưới gốc mới cho được thứ quả tròn, căng mọng, nâu vàng rám vỏ. Quả móc mật là món ăn bình dân rất đỗi quen thuộc đối với người dân, có thể chế biến thành nhiều món khác nhau: kho với cá hay thịt ba chỉ hoặc có thể ngâm dấm ớt hay om lên và chấm với muối vừng ăn vừa thơm vừa bùi.&lt;br /&gt;\r\nCách chế biến món thịt kho mắc mật cũng giản đơn như hình dáng của nó vậy. Phải chọn những quả móc mật to, mỡ màng cùng với miếng thịt ba chỉ còn tươi nguyên thì món thịt kho móc mật mới thơm ngon, đúng vị. Thịt kho móc mật cũng phải đúng kiểu. Đun nước hơi sủi tăm thì nhấc nồi khỏi bếp. Cho móc mật và một chút muối vào nồi và đậy vung lại. Vậy là được một nồi thịt kho móc mật thơm ngon.&lt;/p&gt;', '&lt;p&gt;Mắc mật được trồng tự nhiên trên núi đá, hít thở khí trời vùng cao thanh khiết, được chăm bón bởi những lớp thực vật phân hủy tự nhiên dưới gốc mới cho được thứ quả tròn, căng mọng, nâu vàng rám vỏ.&lt;/p&gt;', '', '', '', '', '', ''),
(135, 2, 'Hạt thảo quả', '&lt;p&gt;Thảo quả là loại thảo mộc có hương thơm mạnh mẽ, vị cay nóng dễ chịu thường được dùng trong ẩm thực và là một vị thuốc trong y học cổ truyền. Văn Hóa Ẩm Thực Tây Bắc thường sử dụng Thảo Quả trong chế biến các món ăn đậm đà hương vị truyền thống. Ví dụ&lt;br /&gt;\r\nNấu Thịt Đông: Vị Thảo Quả rất hợp với Thịt Nấu Đông. Dùng 2 đến 3 Quả cho 1kg Thịt Nấu Đông. Cho vào Nồi trước khi bắc ra khoảng 30 phút.&lt;br /&gt;\r\nCanh Măng Khô, Cháo….dùng 2 đến 3 quả, đập dập vỏ, cho vào nồi khoảng 10 phút trước khi bắc ra.&lt;br /&gt;\r\nLuộc Gà, Vịt: Đồng bào Hà Nhì có món Gà luộc cho kèm Thảo Quả rất ngon và ấn tượng. Nguyên liệu sử dụng như sau: 1 con gà ~1kg, 1 nắm nhỏ gạo Tẻ, 3 đến 4 quả Thảo Quả. Cho tất cả vào nồi đun nhỏ lửa, gà chín có thể bắc ra trước, sau đó tiếp tục ninh Thảo Quả &amp; Gạo cho đến khi chín nhừ.&lt;br /&gt;\r\nBánh Chưng: Giã nhỏ Thảo Quả, trộn cùng gạo rồi đem làm bánh&lt;br /&gt;\r\nPha nước chấm: Đồng bào Hà Nhì có kĩ thuật pha chế nước chấm với Thảo Quả, Ớt và Rau Tía Tô rất ngon&lt;/p&gt;', '&lt;p&gt;Thảo Quả là một loại thảo dược được sử dụng rộng rãi trong nhiều món ăn. Nhờ đặc tính vừa thơm, vừa ngọt lại cay, thảo quả được coi là “nữ hoàng” của các loại gia vị. Đặc biệt món Canh Măng Khô, cho Thảo Quả vào nồi canh Măng 10 phút trước khi chín, sẽ có mùi vị đặc trưng, quyến rũ.&lt;/p&gt;', '', '', '', '', '', ''),
(136, 2, 'Măng nứa khô', '&lt;p&gt;Măng nứa là loại măng được bà con dân tộc đi thu hái từ các mầm măng non của cây nứa có nguồn gốc từ các rừng nứa của núi rừng Tây Bắc&lt;br /&gt;\r\nMăng là mầm non của tre nứa…, được gọi bằng nhiều tên khác nhau như duẩn, mao duẩn, trúc duẩn, trúc nha… Đối với nhiều nước ở phương Đông, măng là một trong những loại thực phẩm thông dụng. Ở nước ta, măng cũng là một nguyên liệu được dùng để chế biến nhiều món ăn được mọi người ưa thích. Thật khó có thể nghĩ rằng trên mâm cỗ những ngày Lễ Tết lại thiếu món canh măng !&lt;/p&gt;', '&lt;p&gt;Măng nứa là loại măng được bà con dân tộc đi thu hái từ các mầm măng non của cây nứa có nguồn gốc từ các rừng nứa của núi rừng Tây Bắc. Hàng rất khôn, làm hoàn toàn thủ công, không có lưu huỳnh và bất cứ hóa chất nào.&lt;/p&gt;', '', '', '', '', '', ''),
(137, 2, 'Qủa óc chó rừng', '&lt;p&gt;Quả óc chó rừng được trồng chủ yếu ở một số vùng biên giới các tỉnh Tây Bắc… Cây óc chó là loại cây sống lâu năm, có thể cao tới 30m, vỏ nhẵn và có màu tro. Lá cây óc chó dài tới 40cm, kép lông sẻ, thường có từ 7 đến 9 lá chét, không cuống, hình trứng thuôn hoặc tròn dẹt một phía, khi vò ra có mùi hăng đặt biệt.&lt;br /&gt;\r\n&lt;br /&gt;\r\nHiện nay chúng tôi đang cung cấp các sản phẩm quả óc chó rừng đóng gói, bán theo cân… với giá cả ưu đãi nhất thị trường. Với những quả óc chó rừng được chọn lọc để mang đến cho khách hàng những sản phẩm chất lượng, đảm bảo về an toàn vệ sinh thực phẩm.&lt;br /&gt;\r\n&lt;br /&gt;\r\nMột số công dụng quả óc chó rừng&lt;br /&gt;\r\n– Quả óc chó rất tốt với phụ nữ có thai và em bé, ăn quả óc chó thường xuyên để có trái tim khỏe mạnh, củng cố động mạch.&lt;br /&gt;\r\n&lt;br /&gt;\r\n– Quả óc chó giúp cải thiện giấc ngủ, Tránh tình trạng mất ngủ quả óc chó giúp tăng khả năng làm cha.&lt;br /&gt;\r\n&lt;br /&gt;\r\n– Tác dụng của quả óc chó với bệnh tiểu đường, tốt cho bệnh nhân tiểu đường.&lt;br /&gt;\r\n&lt;br /&gt;\r\n– Quả óc chó có thể phòng chống bệnh ung thư, chiến đấu với một số bệnh ung thư.&lt;br /&gt;\r\n&lt;br /&gt;\r\n– Ăn quả óc chó hàng ngày giúp nhuận tràng, ngăn ngừa sỏi túi mật, bảo vệ xương.&lt;/p&gt;', '&lt;p&gt;Quả óc chó rừng không giống với như những loại quả óc chó của Mỹ, Nga, Trung Quốc…Quả óc chó rừng Việt Nam thường bé hơn, võ nhẫn hơn nhưng có giá trị dinh dưỡng tương tự quả óc chó nhập khẩu với mức giá rất hợp lý.&lt;/p&gt;', '', '', '', '', '', ''),
(138, 2, 'Mộc nhĩ rừng', '&lt;p&gt;Sản phẩm mộc nhĩ rừng được chúng tôi sưu tầm đặt hàng và thu mua của bà con dân tộc vùng sâu. Quý khách có nhu cầu mua mộc nhĩ rừng tại cơ sở của chúng tôi . Chúng tôi xin cam kết nếu không đúng là Mộc nhĩ rừng chúng tôi xin hoàn tiền lại và chịu mọi phí tổn trong giao dịch.&lt;br /&gt;\r\nCông dụng không ngờ của mộc nhĩ đen&lt;br /&gt;\r\nMộc nhĩ đen là một loại nấm ăn được có giá trị bổ dưỡng rất cao, có nhiều hoạt chất có tác dụng tăng cường hệ miễn dịch, giúp giải độc và làm chậm sự lão hóa.&lt;br /&gt;\r\n&lt;br /&gt;\r\nĐặc biệt, với tính năng lương huyết và hoạt huyết, mộc nhĩ đen là một loại thực phẩm làm thuốc rất quý có tác dụng làm giảm cholesterol và cải thiện tuần hoàn huyết.&lt;br /&gt;\r\nMô tả: Mộc nhĩ đen còn gọi là nấm mèo đen hoặc là nấm tai mèo vì lúc còn tươi nấm có hình dạng trông giống tai mèo. Mặt ngoài tai nấm màu nâu nhạt, có lông mịn, mạch trong nhẵn màu nâu sẩm. Mộc nhĩ nguyên là một loại nấm mọc hoang trên những thân gỗ mục. Gần đây, mộc nhĩ được bán trên thị trường chủ yếu được trồng và chế biến theo phương pháp công nghiệp.&lt;br /&gt;\r\n&lt;br /&gt;\r\nThành phần: Mộc nhĩ đen chứa nhiều chất bổ dưỡng, nhất là sinh tố và khoáng chất. Trung bình trong 100g mộc nhĩ có chứa 10,6 g protid; 0,2g lipid; 65,5g glucid; 201g calci; 185mg phospho; 185mg sắt; 10,03mg caroten; 0,15mgvit B1; 0,55mgvit B2; 2,7mgvit PP.&lt;/p&gt;', '&lt;p&gt;Mộc nhĩ đen là một loại nấm ăn được có giá trị bổ dưỡng rất cao, có nhiều hoạt chất có tác dụng tăng cường hệ miễn dịch, giúp giải độc và làm chậm sự lão hóa.&lt;/p&gt;', '', '', '', '', '', ''),
(139, 2, 'Gạo nếp cẩm hương', '', '', '', '', '', '', '', ''),
(140, 2, 'Rượu ba kích tím', '&lt;p&gt;Rượu Ba kích bổ thận, tráng dương, ích tinh, cường cân cốt, khứ phong thấp. Bổ thận âm, khứ phong thấp (Trung dược Đại từ điển), an ngũ tạng, bổ trung, ích khí, tăng chí, (Bản kinh), bổ huyết hải (Bản thảo cương mục), an ngũ tạng, định tâm khí, trừ các loại phong (Nhật Hoa Tử bản thảo), hóa đờm (Bản thảo cầu nguyên), cường âm, hạ khí (Dược tính luận).&lt;br /&gt;\r\nChủ trị: Rượu ba kích tím trị thận hư, liệt dương, di tinh, mộng tinh, tảo tiết, lãnh cảm, lưng gối mỏi, tê bại, phong thấp, thần kinh suy nhược, mất ngủ, tiểu không tự chủ, tử cung lạnh, kinh nguyệt không đều, (Trung dược đại từ điển, Bản kinh), đầu mặt bị trúng phong, ho suyễn, chóng mặt, tiêu chảy, ăn ít (Bản thảo cầu nguyên)&lt;br /&gt;\r\nLiều dùng: 6-12g dạng thuốc thang, có thể ngâm rượu hoặc nấu thành cao, làm thành hoàn, tán thành bột…&lt;/p&gt;', '&lt;p&gt;Rượu Ba kích Bổ thận, tráng dương, ích tinh, cường cân cốt, khứ phong thấp, thần kinh suy nhược, mất ngủ, tiểu không tự chủ, tử cung lạnh, kinh nguyệt không đều.&lt;/p&gt;', '', '', '', '', '', ''),
(141, 2, 'Rượu chuối hột rừng', '&lt;p&gt;Rượu chuối hột rừng&lt;br /&gt;\r\n&lt;br /&gt;\r\nMột trong những “sản phẩm” được ưa chuộng của chuối hột rừng lại chính là rượu chuối hột rừng đang được các nhà sản xuất quan tâm chế biến và quảng bá rộng rãi.&lt;br /&gt;\r\n&lt;br /&gt;\r\nRượu chuối hột rừng : 1kg chuối hột rừng ngâm khoảng 2-2,5 lít rượu ngon 40-45 độ, rượu có vị ngọt thơm, màu vàng nhạt. Dùng chữa bệnh thận, sỏi thận, đái tháo đường, đau lưng, nhức mỏi xương khớp, tráng dương, tăng cường sức khỏe phái mạnh, giải nhiệt, bệnh dạ dày, kích thích tiêu hóa, bổ thận, lợi tiểu, trị kém ăn, kém ngủ, bồi bổ cơ thể…&lt;br /&gt;\r\n&lt;br /&gt;\r\nTuy nhiên, để cho rượu chuối ngon và hấp dẫn, cần chế biến mới đạt yêu cầu.&lt;br /&gt;\r\n&lt;br /&gt;\r\nCách ngâm rượu chuối hột ngon:&lt;br /&gt;\r\n&lt;br /&gt;\r\nChuối phải thật chín, thái mỏng, phơi nắng (nhớ là phải giữ không cho ruồi nhặng bu vào và bụi bay vào), phơi càng khô càng tốt.&lt;br /&gt;\r\n&lt;br /&gt;\r\nRượu ngâm phải là rượu trắng, không pha tạp (thường gọi làrượu cốt,rượu nguyên chất, nồng độ phải &gt; 40 độ).&lt;br /&gt;\r\n&lt;br /&gt;\r\nĐồ ngâm rượu phải là thủy tinh, rửa sạch. Bỏ chuối vào, chuối chiếm 1/3 lọ, đổ rượu đầy 2/3 lọ, để lại 1/3 chân không cho chuối nở. Đậy kỹ nắp, 100 (3 tháng 10 ngày) ngày sau là uống được , để càng lâu càng tốt.&lt;br /&gt;\r\n&lt;br /&gt;\r\nRượu chuối hột được xếp vào loại rượu thuốc, không nên ngâm uống để nhậu xỉn.&lt;br /&gt;\r\n&lt;br /&gt;\r\nRượu chuối hột để hỗ trợ điều trị bệnh sạn thận, bổ thận: liều lượng mỗi bữa ăn 1/2 tách uống trà (10 – 20ml).&lt;br /&gt;\r\n&lt;br /&gt;\r\nCác vị thuốc gia giảm phải theo từng người: Cao, hạ huyết áp, nhiệt, hàn, cần bổ khí, cần bổ huyết… không nên tùy tiện dùng sẽ phản tác dụng.&lt;/p&gt;', '&lt;p&gt;Rượu chuối hột được xếp vào loại rượu thuốc, không nên ngâm uống để nhậu xỉn. Rượu chuối hột để hỗ trợ điều trị bệnh sạn thận, bổ thận: liều lượng mỗi bữa ăn 1/2 tách uống trà.&lt;/p&gt;', '', '', '', '', '', ''),
(142, 2, 'Rượu táo mèo', '&lt;p&gt;Rượu Táo mèo.Giúp ăn uống ngon miệng&lt;br /&gt;\r\nTheo y học cổ truyền, sơn tra có vị chua ngọt, tính hơi ấm, quy kinh can, tỳ, vị, thuộc nhóm thuốc tiêu thực hoá tích, giúp tiêu hoá do tăng bài tiết axit mật và pepsin dịch vị. Công dụng chủ yếu là điều trị các chứng rối loạn tiêu hoá do ăn nhiều thịt, dầu mỡ, trẻ em ăn sữa không tiêu… Đây chính là tác dụng giúp ăn uống ngon miệng của vị thuốc này.&lt;br /&gt;\r\nThực nghiệm invivo cho thấy dịch chiết sơn tra có tác dụng ức chế trực khuẩn E.coli, trực trùng lị, bạch hầu, thương hàn, tụ cầu vàng khá mạnh. Khi sao đen (sơn tra thán) có thể hấp thu hầu hết độc tố của vi khuẩn và các chất hoại tử, làm giảm kích thích thành ruột, giảm nhu động ruột, cầm tiêu chảy, kiết lị do nhiều nguyên nhân khác nhau.&lt;br /&gt;\r\n &lt;/p&gt;', '&lt;p&gt;Rượu Táo mèo có tác dụng bổ dưỡng cơ thể, giúp người sau bệnh ăn uống ngon miệng, đồng thời lại có tác dụng giảm cân, giảm mỡ máu cho người thừa cân béo phì.&lt;br /&gt;\r\n &lt;/p&gt;', '', '', '', '', '', ''),
(143, 2, 'Rượu sâu chít', '&lt;p&gt;Rượu sâu chít là đặc sản vùng cao được các quý ông cực kì yêu thích. Loại rượu này có tác dụng tăng cường sức khỏe cho người già, bồi bổ cho phụ nữ sau sinh và đực biệt là tăng cường sinh lực cho cánh mày râu. Rượu sâu chít được sử dụng như một loại rượu thuốc với dược tính khá tốt và công hiệu rõ rệt. Đặc sản dân tộc chuyên cung cấp đến quý khách loại rượu sâu chít được ngâm nguyên chất từ sâu chít Tây Bắc, cam kết đảm bảo chất lượng cho sản phẩm.&lt;br /&gt;\r\nSâu chít có là một loại sâu sinh sống trong thân cây chít, mọc khắp nơi trên núi rừng Tây Bắc. Sâu chít rất giàu đạm, một lượng đạm cao cấp rất cần thiết cho cơ thể. Đặc biệt, trong con sâu này, hàm lượng axit béo cao – là thành phần tạo ra chất có hoạt tính sinh học cần thiết mà cơ thế không tự tổng hợp được.&lt;br /&gt;\r\nNgoài ra, sâu chít có thể sử dụng để bào chế thuốc chống u, điều trị hỗ trợ bệnh nhân ung thư, thông qua sự kích thích đáp ứng miễn dịch của cơ thể để chống lại vi sinh vật gây bệnh. Chính vì vậy khi ngâm sâu chít thành rượu sẽ trở thành rượu thuốc rất quý.&lt;br /&gt;\r\nThực ra làm rượu sâu chít cũng rất đơn giản. Sâu bắt về, rửa bằng nước sạch rồi rửa một lần nước muối làm sạch các tạp vật, sau đó để ráo và cho vào thẩu (bình) đổ rượu trắng vào ngâm. Khoảng 2-3 giờ thì có thể uống được. Rượu này ngâm càng lâu thì uống càng tốt, càng bổ, càng thơm. Có người còn kỹ hơn dùng gạo nếp thơm cho vào chảo rang vàng rồi lần lượt bỏ những con sâu chít được rửa sạch để ráo nước vào, đảo đều gạo nếp và sâu cho đến khi các con chít đều chín vàng như gạo rang thì mới lấy ra ngâm rượu hoặc để ăn dần dần. Rượu chít khi ngâm có màu vàng đục và mùi rất thơm. Người dân tộc còn coi rượu chít như một loại thuốc “bổ thận tráng dương”.&lt;br /&gt;\r\nRượu sâu chít rất quý, là một đặc sản của núi cao Tây Bắc, sẽ là món quà ý nghĩa để bạn dành tặng bạn bè và người thân.&lt;/p&gt;', '&lt;p&gt;Sâu chít vốn là loại côn trùng sống trong thân cây chít. Rượu sâu chít càng ngâm lâu lâu thì uống càng tốt, càng bổ và càng thơm.&lt;/p&gt;', '', '', '', '', '', ''),
(144, 2, 'Lạp xưởng gác bếp', '&lt;p&gt;Lạp xưởng gác bếp là đặc sản nổi tiếng vùng Tây Bắc. Vị ngon thơm, béo ngậy của lạp xưởng gác bếp có thể thuyết phục cả những thực khách khó tính nhất. Đã lên Tây Bắc là phải nêm qua món này, không hẳn là mỹ vị nhưng hương vị của lạp xưởng gác bếp có thể làm người ta nhớ mãi không quên. Đặc sản Tây Bắc hân hạnh mang đến cho thực khách thủ đô loại lạp xưởng gác bếp được chế biến theo công thức truyền thống của người Tây Bắc.&lt;br /&gt;\r\nHàng năm khi dịp tết đến khắp các bản làng vùng cao lại nô nức rủ nhau mổ lợn “tùy thuộc vào điều kiện và nhu cầu mà chung đụng nhau “. Thịt làm nhân bánh, làm thịt hun khói, món nướng gói lá mắc mật, kho, luộc… Để ăn trong dịp tết dài ngày. Trong các món trên thì món lạp xường (lạp sườn), thịt hun khói, thịt gác bếp không thể thiếu được. Nhà có điều kiện làm nhiều, nhà không có điều kiện thì làm ít. Khi mổ lợn bao giờ người ta cũng dành lại ít lòng non và thịt để làm lạp xường.&lt;br /&gt;\r\nNhân lạp xường được dùng loại thịt nửa nạc nửa mỡ rửa sạch rồi lọc bỏ lớp bì, thái thành miếng nhỏ sau mang ướp muối, đường, bột ngọt, rượu, nước gừng, và một số gia vị đặc trưng của vùng núi rừng Tây bắc.&lt;br /&gt;\r\nĐể lạp xường gác bếp có hương vị đặc trưng, không bị hỏng thì kinh nghiệm ướp rượu và nước gừng là rất quan trọng. Sau khi nhồi nhân vào ruột non cứ 20-30cm thì người ta lại dùng dây buộc chặt lại thành từng khúc. Lấy kim châm điểm trên khúc lạp xường cho khí thoát ra để lạp xường sau nây đều và không bị nứt. Sau đó mang lạp xường treo phơi ngoài nắng cho khô dần ở thời gian nhất định để lạp xường có hương vị đặc trưng người ta đem lạp xường vào hong khô trên bếp củi, lạp xường sẽ se lại , săn chắc. Chính vì vậy mà trông khúc lạp xường Tây bắc có màu sáng của mặt trời và màu hồng của bếp lửa cũng như những đường vân trắng ngà của thịt mỡ tạo sức hấp của lạp xường Vùng cao trong ẩm thực.&lt;br /&gt;\r\n &lt;/p&gt;', '&lt;p&gt;Nhân lạp xường được dùng loại thịt nửa nạc nửa mỡ rửa sạch rồi lọc bỏ lớp bì, thái thành miếng nhỏ sau mang ướp muối, đường, bột ngọt, rượu, nước gừng, và một số gia vị đặc trưng của vùng núi rừng Tây bắc.&lt;br /&gt;\r\n &lt;/p&gt;', '', '', '', '', '', ''),
(145, 2, 'Thịt bò khô gác bếp', '&lt;p&gt;Những miếng thịt bò khô thơm mềm với hương vị đậm đà luôn là điểm hấp dẫn của món ăn này với thực khách cả nước. Là món ăn đặc sản vùng cao, thịt bò khô được chế biến từ nguyên liệu và công thức hoàn toàn tự nhiên nên vẫn giữ được vị ngon truyền thống mà những người dân tộc Tây Bắc từ xưa để lại. Đặc sản Tây Bắc hân hạnh phục vụ thực khách thủ đô và cả nước sản phẩm thịt bò khô chính hiệu Tây Bắc với hương vị thơm ngon không thể thay thế.&lt;br /&gt;\r\nThịt bò khô gác bếp là món ăn đặc sản nổi tiếng vùng Tây Bắc. Ngày nay, không chỉ đồng bào Tây Bắc mà người dân cả nước đều yêu thích món ăn mới lạ này. Không phải là loại thịt bò khô xé sợi thường thấy, thịt bò khô gác bếp là loại thịt nguyên miếng được tẩm ướp và sấy khô tự nhiên mang lại hương vị thơm ngon đặc biệt. Đặc sản dân tộc mang đến cho quý khách những sản phẩm thịt bò khô chất lượng nhất với hương vị chính gốc Tây Bắc, thỏa mãn niềm yêu thích ẩm thực vùng cao này.&lt;/p&gt;', '&lt;p&gt;Ai đã từng đến Tây Bắc hẳn sẽ rất ấn tượng với những món ăn riêng mà ngọt ngào của đồng bào dân tộc nơi núi cao này. Đặc biệt là món thịt bò khô (Thịt bò hun khói hay thịt bò gác bếp).&lt;/p&gt;', '', '', '', '', '', ''),
(146, 2, 'Thịt lợn khô gác bếp', '&lt;p&gt;Tây Bắc nổi tiếng với nhiều món ăn ngon, trong đó có thịt lợn khô. Những miếng thịt lợn treo trên gác bếp để dùng quanh năm mà không hỏng. hươn vị thơm ngon đậm đà đã trở thành một trong những thứ đặc sản mà chỉ vùng cao này mới có. Ai đã ăn thử một lần thì chắc hẳn sẽ mê mệt với hương vị lợn khô gác bếp này. Đặc sản Tây Bắc chuyên cung cấp những sản phẩm thịt lợn khô thơm ngon nhất, chất lượng nhất từ vùng Tây Bắc cho quý thực khách thủ đô và cả nước.&lt;br /&gt;\r\nThịt lợn khô gác bếp là đặc sản nổi tiếng vùng Tây Bắc. Với hương vị thơm ngon và cách chế biến độc đáo, từ lâu món ăn này đã trở thành một trong những món ăn tượng trưng cho văn hóa ẩm thực của các dân tộc vùng cao. Chính vì lẽ đó, thịt lợn khô được yêu thích và truyền bá rộng rãi không chỉ ở vùng cao mà cả những miền xuôi cũng nghe tiếng mà tìm mua ăn thử. Đặc sản dân tộc hân hạnh là nhà cung cấp những sản phẩm thịt lợn khô chính hiệu Tây Bắc cho thực khách cả nước với cam kết về chất lượng và hương vị đặc trưng của vùng cao này.&lt;br /&gt;\r\nNhững ngày mưa phùm ẩm ướt, những ngày đông sang giá lạnh, khi mà thú rừng tìm nơi trú ẩn, khi mà cây rừng cũng không muốn sải rộng cánh tay thì lúc này người đồng bào dân tộc Tây Bắc lại ngồi quây quần bên bếp lửa, chia nhau những miếng thịt lợn khô thơm ngon, đặc biệt.&lt;br /&gt;\r\n &lt;/p&gt;', '&lt;p&gt;Sản phẩm thịt lợn khô gác bếp của dân tộc Thái Tây Bắc, thịt lợn khô loại ngon dạng nguyên miếng, bảo quản trong túi hút chân không, giao hàng toàn quốc&lt;br /&gt;\r\n &lt;/p&gt;', '', '', '', '', '', ''),
(147, 2, 'Thịt trâu khô gác bếp', '&lt;p&gt;Vị cay cay của ớt trộn với vị cay nóng của gừng và thơm thơm của mắc khén tạo nên hương vị đực trưng của thịt trâu khô Tây Bắc. Từ lâu món đặc sản này đã được mọi người ưa chuộng và thường xuyên tìm kiếm. Thịt trâu khô được yêu thích không chỉ vì hương vị thơm ngon mà còn vì nét văn hóa được hội tụ trong đó. Đến với Đặc sản Hoàng Lâm, quý khách sẽ được phục vụ những mặt hàng thịt trâu khô chất lượng nhất, thơm ngon nhất từ chính vùng núi non hùng vĩ này.&lt;br /&gt;\r\nNhìn bên ngoài, miếng thịt trâu màu nâu sẫm, sở dĩ có màu sắc như vậy là do sự khéo léo của người hun thịt, thịt phải được hun thường xuyên bằng than củi lấy từ núi. Khi ăn, xé thịt ra bên trong thịt có màu đỏ tự nhiên – đặc trưng riêng của sản phẩm thịt trâu gác bếp, thịt được lựa chọn kỹ càng từ thịt của những con trâu mạnh khỏe nhất được chăn thả trên thảo nguyên cao xanh. Khi bạn cầm trên tay, miếng thịt trâu khô đã tỏa ra một mùi thơm vô cùng hấp dẫn. Lúc ăn, trong miệng thấy vị ngọt của thịt đọng lại, hoà quyện cùng mùi thơm từ khói củi núi đá và chút cay nồng của tiêu rừng, chút thơm lạ của mắc khén.&lt;/p&gt;', '&lt;p&gt;Sản phẩm thịt trâu khô gác bếp của dân tộc Thái Tây Bắc, thịt trâu khô loại ngon dạng nguyên miếng, bảo quản trong túi hút chân không, giao hàng toàn quốc&lt;/p&gt;', '', '', '', '', '', ''),
(148, 2, 'Cây mật gấu', '&lt;p&gt;Cây mật gấu hay còn gọi là (Hoàng liên ô rô, Mã hồ ) . Gỗ của thân và rễ có màu vàng nhạt, vị rất đắng như mật gấu, vì vậy mới có tên là cây mật gấu.&lt;br /&gt;\r\nCây mật gấu có tác dụng rất tốt trong việc điều trị các triệu chứng về bệnh rối loạn tiêu hoá, đường ruột, đau nhức xương khớp, tê thấp. Tác dụng mát gan, phòng và chữa sỏi Mật, giảm đau lưng và thấp khớp, tăng cường sức khoẻ… Đặc biệt sản phẩm có tác dụng tiêu mỡ, viêm đại tràng, giã rượu, dùng lâu dài có tác dụng chữa bệnh béo phì và bệnh Gút – những căn bệnh rất phổ biến trong đời sống hiện đại.&lt;br /&gt;\r\nCách sử dụng Cây mật gấu&lt;br /&gt;\r\nNgâm rượu: Cây mật gấu còn được dùng phổ biến để ngâm rượu. Cây này rửa sạch rồi chẻ nhỏ phơi khô, trước khi ngâm vào rượu trong bình mình có điều kiện rửa qua bằng rượu là tốt nhất. Rượu ngâm sau một thời gian chuyển sang màu vàng, vị đắng, tùy độ đặc mà người uống khi có thể pha thêm rượu.&lt;br /&gt;\r\nSắc uống: Cắt lát nhỏ, cho vào nồi đun sôi khoảng 15 phút, uống hàng ngày có tác dụng mát gan, giải độc và giã rượu. Việc sắc cây mật gấu làm nước uống vừa đơn giản lại có nhiều tác dụng vì vậy thiết nghĩ có thể phổ biến thành thức uống hàng ngày hơn nữa lại có lợi cho sức khỏe.&lt;/p&gt;', '&lt;p&gt;Cây mật gấu hay còn gọi là (Hoàng liên ô rô, Mã hồ ) . Gỗ của thân và rễ có màu vàng nhạt, vị rất đắng như mật gấu, vì vậy mới có tên là cây mật gấu.&lt;/p&gt;', '', '', '', '', '', ''),
(149, 2, 'Hoa đào khô', '&lt;p&gt;Từ xa xưa, sau dịp Tết Nguyên đán, người ta thường thu hái hoa đào đem phơi khô trong bóng râm (phơi âm can) và bảo quản nơi cao ráo để làm thuốc dùng dần. Theo nhiều sách thuốc cổ như Thiên kim phương, Ngoại đài, Thánh tễ tổng lục, Thánh huệ phương, Biệt lục, Bản thảo cương mục, Trửu hậu phương, Hồng nghĩa giác tư y thư…hoa đào có vị đắng, tính bình, không độc và vào được ba đường kinh Tâm, Can và Vị. Vị thuốc này có công dụng lợi thủy, hoạt huyết, thông tiện, được người xưa dùng để chữa các chứng bệnh:&lt;br /&gt;\r\n&lt;br /&gt;\r\n– Để trị các chứng cước khí, đau vùng tim, người ta dùng hoa đào khô tán bột, uống với nước ấm hoặc rượu với liều từ 3 – 5g trong một ngày.&lt;br /&gt;\r\n&lt;br /&gt;\r\n– Để chữa chứng rụng tóc, hói đầu người ta dùng bột hoa đào trộn đều với mỡ lợn hoặc dầu vừng rồi bôi lên vùng tổn thương sau khi đã rửa sạch bằng nước hòa với tro của rơm rạ.&lt;br /&gt;\r\n&lt;br /&gt;\r\n– Để chữa chứng ngược tật (sốt rét) dùng hoa đào tán bột uống, mỗi ngày 3g với rượu ấm.&lt;br /&gt;\r\n&lt;br /&gt;\r\n– Để chữa chứng kiết lỵ dai dẳng, có thể dùng hoa đào 10 – 15 bông sắc uống, mỗi ngày 3 lần.&lt;br /&gt;\r\n&lt;br /&gt;\r\n– Để chữa chứng đại tiện táo kết, dùng hoa đào khô 10g, hoa đào tươi 30g, sắc uống.&lt;br /&gt;\r\n&lt;br /&gt;\r\n– Để chữa chứng tiểu tiện bất lợi, dùng hoa đào tươi 30g trộn với bột mỳ, đường làm bánh nướng ăn.&lt;br /&gt;\r\n&lt;br /&gt;\r\n– Với những phụ nữ có cân nặng quá khổ, muốn có được một thân hình thon thả, ưa nhìn, sách Thiên kim yếu phương khuyên nên uống bột hoa đào mỗi ngày 3 lần, mỗi lần 1g vào lúc đói.&lt;br /&gt;\r\n&lt;br /&gt;\r\n– Để trị các vết rám đen ở mặt, người ta dùng hoa đào 4 phần, bạch dương bì 2 phần và bạch quả tử nhân 5 phần, tất cả đem sấy khô, tán thành bột mịn, đựng trong lọ kín dùng dần. Mỗi ngày uống 3 lần, mỗi lần 1g ngay sau bữa ăn. Bài thuốc này có tên gọi là Bạch dương bì tán, được ghi lại trong sách Trửu hậu phương.&lt;br /&gt;\r\n&lt;br /&gt;\r\nHoặc dùng hoa đào tươi 50g, nhân hạt bí đao 50g, hai thứ nghiền nhỏ trộn với mật ong rồi bôi mỗi ngày vài lần lên da mặt.&lt;br /&gt;\r\n&lt;br /&gt;\r\nHoặc dùng hoa đào tươi 250g và bạch chỉ 30g ngâm với 1000ml rượu trắng, sau 1 tháng thì dùng được, mỗi ngày uống 2 lần, mỗi lần 10 ml. Hoặc dùng hoa đào 10g, hoa sen 15g hầm với nước sôi trong bình kín, sau 15 phút thì dùng được, uống thay trà trong ngày.&lt;br /&gt;\r\n&lt;br /&gt;\r\n– Phụ nữ muốn có được làn da trắng trẻo, nhu nhuận, mịn màng có thể dùng bài thuốc có tên gọi là Ngọc nhan tán, gồm các vị: hoa đào 200g, đông qua nhân (nhân hạt bí đao) 250g, và bạch dương bì (vỏ cây bạch dương) 100g. Các vị đều sấy hoặc phơi khô, tán bột, trộn thêm một chút đường trắng rồi đựng trong lọ kín để dùng dần. Mỗi ngày uống 3 lần, mỗi lần 1 thìa cà phê sau bữa ăn.&lt;br /&gt;\r\n &lt;/p&gt;', '&lt;p&gt;Hoa đào có vị đắng, tính bình, không độc và vào được ba đường kinh Tâm, Can và Vị. Vị thuốc này có công dụng lợi thủy, hoạt huyết, thông tiện.&lt;/p&gt;', '', '', '', '', '', ''),
(150, 2, 'Nụ tam thất bao tử', '&lt;p&gt;Theo đông y nụ hoa tam thất có tác dụng giảm cholesterol (chữa mỡ máu / chữa máu nhiễm mỡ): giảm cholesterol toàn phần, ngăn ngừa xơ vữa mạch máu, giúp tăng cường tuần hoàn máu.&lt;br /&gt;\r\n– Tác dụng giảm cholesterol (chữa mỡ máu / chữa máu nhiễm mỡ): giảm cholesterol toàn phần, ngăn ngừa xơ vữa mạch máu, giúp tăng cường tuần hoàn máu.&lt;br /&gt;\r\n&lt;br /&gt;\r\n– Tác dụng thanh nhiệt: nụ hoa tam thất có tác dụng thanh nhiệt (làm mát, giải nhiệt).&lt;br /&gt;\r\n&lt;br /&gt;\r\n– Tác dụng bình can: (điều hòa chức năng của tạng can).&lt;br /&gt;\r\n&lt;br /&gt;\r\n– Tác dụng: bổ huyết (chống thiếu máu), cầm máu, giảm đau, tiêu ứ huyết,&lt;br /&gt;\r\n&lt;br /&gt;\r\n– Tác dụng: chốm viêm tấy, giảm đau, chữa trường hợp viêm động mạch vành, đau nhói vùng ngực, chấn thương sưng tấy đau nhức, viêm khớp xương đau loét dạ dày tá tràng, trước và sau phẫu thuật để chống nhiễm khuẩn và chóng lành vết thương,&lt;br /&gt;\r\n&lt;br /&gt;\r\n– Tác dụng tốt cho hệ thần kinh: an thần, trấn tĩnh, dễ ngủ và ngủ sâu giấc (chữa các chứng mất ngủ, ngủ hay mơ và nghiến răng).&lt;br /&gt;\r\n&lt;br /&gt;\r\n– Tác dụng với bệnh cao huyết áp: hoa tam thất có tác dụng giáng áp( hạ huyết áp).&lt;br /&gt;\r\n&lt;br /&gt;\r\n– Tác dụng đối với bệnh tim mạch, não: phòng ngừa các biến chứng tim mạch, tai biến mạch máu não, tai biến não, chữa những người kém trí nhớ, ngăn ngừa chứng lú lẫn ở người già.&lt;br /&gt;\r\n&lt;br /&gt;\r\n– Tác dụng tăng lực: giảm căng thẳng mệt mỏi, giúp tăng lực mạnh, tăng khả năng làm việc, rất tốt cho người ăn uống kém, lao động quá sức, hay ra mồ hôi trộm.&lt;br /&gt;\r\n&lt;br /&gt;\r\n– Tác dụng ngăn ngừa, phòng chống bệnh: kích thích hệ miễn dịch, ức chế vi khuẩn và siêu vi khuẩn, tăng sức đề kháng giúp cơ thể phòng chống bệnh tật về lâu dài, sử dụng thường xuyên sẽ nâng cao tuổi thọ.&lt;br /&gt;\r\n&lt;br /&gt;\r\n– Với bệnh ung thư : ngăn ngừa, phòng chống bệnh ung thư, tác dụng ức chế sự hình thành và phát triển của khối u.&lt;br /&gt;\r\n&lt;br /&gt;\r\n– Tác dụng chữa các bệnh do thiếu máu lên não: do tăng cường máu lên não chữa các chứng bệnh đâu đầu, hoa mắt, chóng mặt, choáng.&lt;br /&gt;\r\n&lt;br /&gt;\r\n– Tác dụng chữa nhĩ minh, nhĩ lung: chữa các chứng bệnh tai ù, tai điếc.&lt;br /&gt;\r\n&lt;br /&gt;\r\n– Với bệnh gan: rất tốt cho tế bào gan, tăng cường chức năng giải độc gan, hạ men gan; điều chỉnh rối loạn chuyển hóa mỡ nên , rất tốt với người gan nhiễm mỡ.&lt;br /&gt;\r\n&lt;br /&gt;\r\n– Với bệnh tiểu đường: hạ đường huyết, giúp bệnh nhân tiểu đường mạnh khỏe và giảm các biến chứng do bệnh tiểu đường gây ra.&lt;br /&gt;\r\n &lt;/p&gt;', '&lt;p&gt;Nụ hoa tam thất có tác dụng chữa mỡ máu, chữa máu nhiễm mỡ, giảm cholesterol toàn phần, ngăn ngừa xơ vữa mạch máu, giúp tăng cường tuần hoàn máu.&lt;/p&gt;', '', '', '', '', '', ''),
(151, 2, 'Nhục thung dung', '&lt;p&gt;Nhục thung dung là loại thuốc có tác dụng kiềm chế quá trình lão suy và kéo dài tuổi thọ, tăng thể lực, tăng cường khả năng miễn dịch, có tác dụng hạ huyết áp ở mức độ nhất định và có tác dụng như một loại hormon sinh dục.&lt;br /&gt;\r\nNhục thung dung là vị thuốc có nguồn gốc từ các tỉnh Thiểm tây, Cam túc, ngoài ra cây còn mọc ở Mông cổ và ở Việt Nam nhục thung dung phân bố chủ yếu ở một số tỉnh miền núi phía Bắc nước ta như Điện Biên, Lào Cai, Lai Châu…&lt;br /&gt;\r\n&lt;br /&gt;\r\nTác dụng của Nhục thung dung&lt;br /&gt;\r\nTheo Đông y, nhục thung dung vị ngọt, chua, mặn, tính ôn thận, tốt cho đại tràng. Cây có các tác dụng chính sau :&lt;br /&gt;\r\n&lt;br /&gt;\r\nTrị khí huyết hư hàn, thấp nhiệt (Chân tay lạnh)&lt;br /&gt;\r\nÔn thận tráng dương&lt;br /&gt;\r\nNhuận tràng thông tiện&lt;br /&gt;\r\nThận dương hư, di tinh, liệt dương, lưng đau gối mỏi, tiểu đêm&lt;br /&gt;\r\nTrị vô sinh do suy giảm sinh lý&lt;br /&gt;\r\nTrị tiểu dắt, dị niệu&lt;br /&gt;\r\n​​Đối tượng sử dụng nhục thung dung&lt;br /&gt;\r\nNhờ hiệu quả tuyệt vời cho sinh lý nam giới bởi vậy nhục thung dung được sử dụng rất nhiều trong y học cổ truyền, cây được y học cổ truyền ứng dụng để điều trị các trường hợp suy giảm sinh lý ở nam giới, cụ thể cây được dùng trong các trường hợp sau:&lt;br /&gt;\r\n&lt;br /&gt;\r\nDùng trong trường hợp thận hư, liệt dương, lưng và gối đau buốt.&lt;br /&gt;\r\nDùng cho trường hợp thận dương hư di tinh liệt dương, đau lưng mỏi gối, tiểu đêm, di niệu, sợ lạnh, tay chân lạnh, tỳ vị hư hàn, người cao tuổi dương hư táo bón, phụ nữ vô sinh…&lt;br /&gt;\r\nDùng cho các trường hợp thận hư liệt dương.&lt;br /&gt;\r\nNgười bị táo bón ở người cao tuổi do khí huyết hư.&lt;br /&gt;\r\nDùng cho các trường hợp tiểu dắt, di niệu&lt;/p&gt;', '&lt;p&gt;Nhục thung dung là loại thuốc có tác dụng kiềm chế quá trình lão suy và kéo dài tuổi thọ, tăng thể lực, tăng cường khả năng miễn dịch, có tác dụng hạ huyết áp ở mức độ nhất định và có tác dụng như một loại hormon sinh dục.&lt;/p&gt;', '', '', '', '', '', '');

-- oc_product_image PRIMARY KEY (`product_image_id`)
INSERT IGNORE INTO `oc_product_image` (`product_image_id`, `product_id`, `image`, `image_alt`, `sort_order`) VALUES
(154, 132, 'https://2.pik.vn/20204c299384-ea84-498c-8b8e-f5684620b9dd.png', '', 0),
(153, 151, '', '', 0);

-- oc_product_to_category PRIMARY KEY (`product_id`,`category_id`)
INSERT IGNORE INTO `oc_product_to_category` (`product_id`, `category_id`) VALUES
(132, 32),
(133, 32),
(134, 32),
(135, 32),
(136, 33),
(137, 33),
(138, 33),
(139, 33),
(140, 34),
(141, 34),
(142, 34),
(143, 34),
(144, 35),
(145, 35),
(146, 35),
(147, 35),
(148, 36),
(149, 36),
(150, 36),
(151, 36);

-- oc_product_to_store PRIMARY KEY (`product_id`,`store_id`)
INSERT IGNORE INTO `oc_product_to_store` (`product_id`, `store_id`, `product_version_id`, `quantity`, `cost_price`) VALUES
(151, 0, 0, 50, '0.0000'),
(150, 0, 0, 50, '0.0000'),
(149, 0, 0, 50, '0.0000'),
(148, 0, 0, 50, '0.0000'),
(147, 0, 0, 50, '0.0000'),
(146, 0, 0, 50, '0.0000'),
(145, 0, 0, 50, '0.0000'),
(144, 0, 0, 50, '0.0000'),
(143, 0, 0, 50, '0.0000'),
(142, 0, 0, 50, '0.0000'),
(139, 0, 0, 50, '0.0000'),
(140, 0, 0, 50, '0.0000'),
(141, 0, 0, 50, '0.0000'),
(138, 0, 0, 50, '0.0000'),
(137, 0, 0, 50, '0.0000'),
(136, 0, 0, 50, '0.0000'),
(135, 0, 0, 50, '0.0000'),
(134, 0, 0, 50, '0.0000'),
(133, 0, 0, 50, '0.0000'),
(132, 0, 0, 50, '0.0000');