-- oc_product PRIMARY KEY (`product_id`)
-- delete first
INSERT IGNORE INTO `oc_product` (`product_id`, `model`, `sku`, `common_barcode`, `common_sku`, `common_compare_price`, `common_price`, `common_cost_price`, `barcode`, `upc`, `ean`, `jan`, `isbn`, `mpn`, `location`, `quantity`, `sale_on_out_of_stock`, `stock_status_id`, `image`, `image_alt`, `multi_versions`, `manufacturer_id`, `shipping`, `price`, `price_currency_id`, `compare_price`, `c_price_currency_id`, `points`, `tax_class_id`, `date_available`, `weight`, `weight_class_id`, `length`, `width`, `height`, `length_class_id`, `subtract`, `minimum`, `sort_order`, `status`, `channel`, `viewed`, `demo`, `deleted`, `default_store_id`, `user_create_id`, `date_added`, `date_modified`) VALUES
(104, '', '', '', '', '0.0000', '0.0000', '0.0000', '', '', '', '', '', '', '', 0, 1, 0, 'https://cdn.bestme.asia/images/x2/sup-lo.png', '', 0, 0, 1, '40000.0000', 1, '50000.0000', 1, 0, 0, '0000-00-00', '1.00000000', 1, '0.00000000', '0.00000000', '0.00000000', 0, 1, 1, 0, 1, 0, 0, 1, NULL, 0, 1, '2020-07-22 11:20:19', '2020-07-22 11:41:40'),
(105, '', '', '', '', '0.0000', '0.0000', '0.0000', '', '', '', '', '', '', '', 0, 1, 0, 'https://cdn.bestme.asia/images/x2/bi-do.png', '', 0, 0, 1, '40000.0000', 1, '50000.0000', 1, 0, 0, '0000-00-00', '1.00000000', 1, '0.00000000', '0.00000000', '0.00000000', 0, 1, 1, 0, 1, 0, 0, 1, NULL, 0, 1, '2020-07-22 11:20:45', '2020-07-22 11:43:27'),
(106, '', '', '', '', '0.0000', '0.0000', '0.0000', '', '', '', '', '', '', '', 0, 1, 0, 'https://cdn.bestme.asia/images/x2/dua-chuot.png', '', 0, 0, 1, '20000.0000', 1, '40000.0000', 1, 0, 0, '0000-00-00', '1.00000000', 1, '0.00000000', '0.00000000', '0.00000000', 0, 1, 1, 0, 1, 0, 0, 1, NULL, 0, 1, '2020-07-22 11:22:17', '2020-07-22 11:41:47'),
(107, '', '', '', '', '0.0000', '0.0000', '0.0000', '', '', '', '', '', '', '', 0, 1, 0, 'https://cdn.bestme.asia/images/x2/dao.png', '', 0, 0, 1, '0.0000', 1, '45000.0000', 1, 0, 0, '0000-00-00', '10.00000000', 1, '0.00000000', '0.00000000', '0.00000000', 0, 1, 1, 0, 1, 0, 0, 1, NULL, 0, 1, '2020-07-22 11:22:49', '2020-07-22 11:42:01'),
(108, '', '', '', '', '0.0000', '0.0000', '0.0000', '', '', '', '', '', '', '', 0, 1, 0, 'https://cdn.bestme.asia/images/x2/salami.png', '', 0, 0, 1, '0.0000', 1, '0.0000', 1, 0, 0, '0000-00-00', '1.00000000', 1, '0.00000000', '0.00000000', '0.00000000', 0, 1, 1, 0, 1, 0, 0, 1, NULL, 0, 1, '2020-07-22 11:23:38', '2020-07-22 11:43:20'),
(109, '', '', '', '', '0.0000', '0.0000', '0.0000', '', '', '', '', '', '', '', 0, 1, 0, 'https://cdn.bestme.asia/images/x2/sua-chua.png', '', 0, 0, 1, '45000.0000', 1, '50000.0000', 1, 0, 0, '0000-00-00', '1.00000000', 1, '0.00000000', '0.00000000', '0.00000000', 0, 1, 1, 0, 1, 0, 0, 1, NULL, 0, 1, '2020-07-22 11:24:10', '2020-07-22 11:43:13'),
(110, '', '', '', '', '0.0000', '0.0000', '0.0000', '', '', '', '', '', '', '', 0, 1, 0, 'https://cdn.bestme.asia/images/x2/balcon.png', '', 0, 0, 1, '0.0000', 1, '0.0000', 1, 0, 0, '0000-00-00', '1.00000000', 1, '0.00000000', '0.00000000', '0.00000000', 0, 1, 1, 0, 1, 0, 0, 1, NULL, 0, 1, '2020-07-22 11:24:53', '2020-07-22 11:43:06'),
(111, '', '', '', '', '0.0000', '0.0000', '0.0000', '', '', '', '', '', '', '', 0, 1, 0, 'https://cdn.bestme.asia/images/x2/sup-vi-ca.png', '', 0, 0, 1, '750000.0000', 1, '1000000.0000', 1, 0, 0, '0000-00-00', '1.00000000', 1, '0.00000000', '0.00000000', '0.00000000', 0, 1, 1, 0, 1, 0, 0, 1, NULL, 0, 1, '2020-07-22 11:25:38', '2020-07-22 11:42:57'),
(112, '', '', '', '', '0.0000', '0.0000', '0.0000', '', '', '', '', '', '', '', 0, 1, 0, 'https://cdn.bestme.asia/images/x2/trung.png', '', 0, 0, 1, '40000.0000', 1, '54000.0000', 1, 0, 0, '0000-00-00', '1.00000000', 1, '0.00000000', '0.00000000', '0.00000000', 0, 1, 1, 0, 1, 0, 0, 1, NULL, 0, 1, '2020-07-22 11:26:40', '2020-07-22 11:42:47'),
(113, '', '', '', '', '0.0000', '0.0000', '0.0000', '', '', '', '', '', '', '', 0, 1, 0, 'https://cdn.bestme.asia/images/x2/toi.png', '', 0, 0, 1, '12000.0000', 1, '20000.0000', 1, 0, 0, '0000-00-00', '1.00000000', 1, '0.00000000', '0.00000000', '0.00000000', 0, 1, 1, 0, 1, 0, 0, 1, NULL, 0, 1, '2020-07-22 11:27:10', '2020-07-22 11:42:22'),
(114, '', '', '', '', '0.0000', '0.0000', '0.0000', '', '', '', '', '', '', '', 0, 1, 0, 'https://cdn.bestme.asia/images/x2/mi-tom.png', '', 0, 0, 1, '80000.0000', 1, '100000.0000', 1, 0, 0, '0000-00-00', '1.00000000', 1, '0.00000000', '0.00000000', '0.00000000', 0, 1, 1, 0, 1, 0, 0, 1, NULL, 0, 1, '2020-07-22 11:27:53', '2020-07-22 11:42:14');
-- restore soft-deleted products if demo
UPDATE `oc_product` SET `deleted` = NULL
WHERE `demo` = 1
  AND `product_id` IN (
      104,
      105,
      106,
      107,
      108,
      109,
      110,
      111,
      112,
      113,
      114
  );

-- oc_product_collection PRIMARY KEY (`product_collection_id`)
-- nothing

-- oc_product_description PRIMARY KEY (`product_id`,`language_id`)
INSERT IGNORE INTO `oc_product_description` (`product_id`, `language_id`, `name`, `description`, `sub_description`, `seo_title`, `seo_description`, `tag`, `meta_title`, `meta_description`, `meta_keyword`) VALUES
(104, 2, 'Súp lơ', '', '', '', '', '', '', '', ''),
(105, 2, 'Bí đỏ', '', '', '', '', '', '', '', ''),
(106, 2, 'Dưa chuột', '', '', '', '', '', '', '', ''),
(107, 2, 'Đào ngâm', '', '', '', '', '', '', '', ''),
(108, 2, 'Xúc xích hun khói', '', '', '', '', '', '', '', ''),
(109, 2, 'Sữa chua', '', '', '', '', '', '', '', ''),
(110, 2, 'Thịt hun khói', '', '', '', '', '', '', '', ''),
(111, 2, 'Súp vi cá', '', '', '', '', '', '', '', ''),
(112, 2, 'Trứng gà', '', '', '', '', '', '', '', ''),
(113, 2, 'Tỏi', '', '', '', '', '', '', '', ''),
(114, 2, 'Mì tôm', '', '', '', '', '', '', '', '');

-- oc_product_image PRIMARY KEY (`product_image_id`)
-- INSERT IGNORE INTO `oc_product_image` (`product_image_id`, `product_id`, `image`, `image_alt`, `sort_order`) VALUES
-- nothing

-- oc_product_to_category PRIMARY KEY (`product_id`,`category_id`)
INSERT IGNORE INTO `oc_product_to_category` (`product_id`, `category_id`) VALUES
(104, 2),
(105, 2),
(106, 2),
(107, 2),
(108, 4),
(109, 23),
(110, 21),
(111, 21),
(112, 3),
(113, 1),
(114, 21);

-- oc_product_to_store PRIMARY KEY (`product_id`,`store_id`)
INSERT IGNORE INTO `oc_product_to_store` (`product_id`, `store_id`, `product_version_id`, `quantity`, `cost_price`) VALUES
(113, 0, 0, 1000, '0.0000'),
(112, 0, 0, 1000, '0.0000'),
(111, 0, 0, 1000, '0.0000'),
(110, 0, 0, 1000, '0.0000'),
(109, 0, 0, 1000, '0.0000'),
(108, 0, 0, 1000, '0.0000'),
(107, 0, 0, 1000, '0.0000'),
(106, 0, 0, 1000, '0.0000'),
(105, 0, 0, 1000, '0.0000'),
(104, 0, 0, 1000, '0.0000'),
(114, 0, 0, 1000, '0.0000');