-- oc_product PRIMARY KEY (`product_id`)
-- delete first
INSERT IGNORE INTO `oc_product` (`product_id`, `model`, `sku`, `common_barcode`, `common_sku`, `common_compare_price`, `common_price`, `common_cost_price`, `barcode`, `upc`, `ean`, `jan`, `isbn`, `mpn`, `location`, `quantity`, `sale_on_out_of_stock`, `stock_status_id`, `image`, `image_alt`, `multi_versions`, `manufacturer_id`, `shipping`, `price`, `price_currency_id`, `compare_price`, `c_price_currency_id`, `points`, `tax_class_id`, `date_available`, `weight`, `weight_class_id`, `length`, `width`, `height`, `length_class_id`, `subtract`, `minimum`, `sort_order`, `status`, `channel`, `viewed`, `demo`, `deleted`, `default_store_id`, `user_create_id`, `date_added`, `date_modified`) VALUES
(152, '', '', '', '', '0.0000', '0.0000', '0.0000', '', '', '', '', '', '', '', 0, 1, 0, 'https://cdn.bestme.asia/images/x2/thiet-ke-khong-ten-3_8oko31K.png', '', 0, 0, 1, '200000.0000', 1, '240000.0000', 1, 0, 0, '0000-00-00', '30.00000000', 1, '0.00000000', '0.00000000', '0.00000000', 0, 1, 1, 0, 1, 2, 0, 1, NULL, 0, 1, '2020-08-25 17:26:34', '2020-08-26 08:57:03'),
(151, '', '', '', '', '0.0000', '0.0000', '0.0000', '', '', '', '', '', '', '', 0, 1, 0, 'https://cdn.bestme.asia/images/x2/0d0cf9bcce73e7cc04eff0fdf703d153.jpg', '', 0, 0, 1, '240000.0000', 1, '270000.0000', 1, 0, 0, '0000-00-00', '50.00000000', 1, '0.00000000', '0.00000000', '0.00000000', 0, 1, 1, 0, 1, 2, 0, 1, NULL, 0, 1, '2020-08-25 17:17:16', '2020-08-25 17:17:16'),
(150, '', '', '', '', '0.0000', '0.0000', '0.0000', '', '', '', '', '', '', '', 0, 1, 0, 'https://cdn.bestme.asia/images/x2/a3921c2b093ecc73c885e33f4e4db246.jpg', '', 0, 0, 1, '50000.0000', 1, '65000.0000', 1, 0, 0, '0000-00-00', '30.00000000', 1, '0.00000000', '0.00000000', '0.00000000', 0, 1, 1, 0, 1, 2, 0, 1, NULL, 0, 1, '2020-08-25 16:58:10', '2020-08-25 16:58:10'),
(149, '', '', '', '', '0.0000', '0.0000', '0.0000', '', '', '', '', '', '', '', 0, 1, 0, 'https://cdn.bestme.asia/images/x2/htb1s5s6an1ybunjy1zcq6zncxxayjpgq50.jpg', '', 0, 0, 1, '210000.0000', 1, '230000.0000', 1, 0, 0, '0000-00-00', '30.00000000', 1, '0.00000000', '0.00000000', '0.00000000', 0, 1, 1, 0, 1, 2, 0, 1, NULL, 0, 1, '2020-08-25 16:57:13', '2020-08-25 16:57:13'),
(148, '', '', '', '', '59000.0000', '39000.0000', '0.0000', '', '', '', '', '', '', '', 0, 1, 0, 'https://cdn.bestme.asia/images/x2/ao-gio28159834877829.jpg', '', 1, 0, 1, '410000.0000', 1, '470000.0000', 1, 0, 0, '0000-00-00', '30.00000000', 1, '0.00000000', '0.00000000', '0.00000000', 0, 1, 1, 0, 1, 2, 0, 1, NULL, 0, 1, '2020-08-25 16:48:40', '2020-08-28 16:29:44'),
(147, '', '', '', '', '0.0000', '0.0000', '0.0000', '', '', '', '', '', '', '', 0, 1, 0, 'https://cdn.bestme.asia/images/x2/atuendo-para-perros-peque-os-ropa-para-cosplay-de-little-bee-cachorro-de-pomerania-corgi-trajejpgq5028159834878229.jpg', '', 0, 0, 1, '490000.0000', 1, '510000.0000', 1, 0, 0, '0000-00-00', '60.00000000', 1, '0.00000000', '0.00000000', '0.00000000', 0, 1, 1, 0, 1, 2, 0, 1, NULL, 0, 1, '2020-08-25 16:47:27', '2020-08-25 16:47:27'),
(146, '', '', '', '', '0.0000', '0.0000', '0.0000', '', '', '', '', '', '', '', 0, 1, 0, 'https://cdn.bestme.asia/images/x2/h767ba308746343db8b258426b5bb8da7tjpgq50.jpg', '', 0, 0, 1, '610000.0000', 1, '640000.0000', 1, 0, 0, '0000-00-00', '30.00000000', 1, '0.00000000', '0.00000000', '0.00000000', 0, 1, 1, 0, 1, 2, 0, 1, NULL, 0, 1, '2020-08-25 16:45:32', '2020-08-25 16:45:32'),
(145, '', '', '', '', '0.0000', '0.0000', '0.0000', '', '', '', '', '', '', '', 0, 1, 0, 'https://cdn.bestme.asia/images/x2/he7343c7902ef48b9a99ea9127a54e101mjpgq50.jpg', '', 0, 0, 1, '320000.0000', 1, '350000.0000', 1, 0, 0, '0000-00-00', '20.00000000', 1, '0.00000000', '0.00000000', '0.00000000', 0, 1, 1, 0, 1, 2, 0, 1, NULL, 0, 1, '2020-08-25 16:44:22', '2020-08-25 16:44:22'),
(144, '', '', '', '', '0.0000', '0.0000', '0.0000', '', '', '', '', '', '', '', 0, 1, 0, 'https://cdn.bestme.asia/images/x2/can-cau-long-vu-do-choi-cho-meo-1.jpg', '', 0, 0, 1, '75000.0000', 1, '90000.0000', 1, 0, 0, '0000-00-00', '10.00000000', 1, '0.00000000', '0.00000000', '0.00000000', 0, 1, 1, 0, 1, 2, 0, 1, NULL, 0, 1, '2020-08-25 16:37:25', '2020-08-25 16:37:25'),
(143, '', '', '', '', '0.0000', '0.0000', '0.0000', '', '', '', '', '', '', '', 0, 1, 0, 'https://cdn.bestme.asia/images/x2/tru-cao-mong-cho-meo-kem-do-choi.jpg', '', 0, 0, 1, '490000.0000', 1, '610000.0000', 1, 0, 0, '0000-00-00', '100.00000000', 1, '0.00000000', '0.00000000', '0.00000000', 0, 1, 1, 0, 1, 2, 0, 1, NULL, 0, 1, '2020-08-25 16:35:55', '2020-08-25 16:35:55'),
(142, '', '', '', '', '0.0000', '0.0000', '0.0000', '', '', '', '', '', '', '', 0, 1, 0, 'https://cdn.bestme.asia/images/x2/8wxizlsimgde2fe0500x500maxb.jpg', '', 0, 0, 1, '210000.0000', 1, '250000.0000', 1, 0, 0, '0000-00-00', '20.00000000', 1, '0.00000000', '0.00000000', '0.00000000', 0, 1, 1, 0, 1, 2, 0, 1, NULL, 0, 1, '2020-08-25 16:34:31', '2020-08-25 16:34:31'),
(141, '', '', '', '', '0.0000', '0.0000', '0.0000', '', '', '', '', '', '', '', 0, 1, 0, 'https://cdn.bestme.asia/images/x2/1566984472do-choi-bong-chuong-7-mau-1-min.jpg', '', 0, 0, 1, '100000.0000', 1, '120000.0000', 1, 0, 0, '0000-00-00', '30.00000000', 1, '0.00000000', '0.00000000', '0.00000000', 0, 1, 1, 0, 1, 2, 0, 1, NULL, 0, 1, '2020-08-25 16:33:33', '2020-08-25 16:33:33'),
(140, '', '', '', '', '0.0000', '0.0000', '0.0000', '', '', '', '', '', '', '', 0, 1, 0, 'https://cdn.bestme.asia/images/x2/petown-soft-sided-pet-carrier-pet-carriers-airline-approved-with-foldable-628159834756929.png', '', 0, 0, 1, '1100000.0000', 1, '1400000.0000', 1, 0, 0, '0000-00-00', '100.00000000', 1, '0.00000000', '0.00000000', '0.00000000', 0, 1, 1, 0, 1, 0, 0, 1, NULL, 0, 1, '2020-08-25 16:26:59', '2020-08-25 16:26:59'),
(139, '', '', '', '', '0.0000', '0.0000', '0.0000', '', '', '', '', '', '', '', 0, 1, 0, 'https://cdn.bestme.asia/images/x2/serta-perfect-sleeper-gel-memory-foam-came-back-couch-pet-bed-5.jpg', '', 0, 0, 1, '1900000.0000', 1, '2150000.0000', 1, 0, 0, '0000-00-00', '100.00000000', 1, '0.00000000', '0.00000000', '0.00000000', 0, 1, 1, 0, 1, 2, 0, 1, NULL, 0, 1, '2020-08-25 16:25:42', '2020-08-25 16:25:42'),
(138, '', '', '', '', '0.0000', '0.0000', '0.0000', '', '', '', '', '', '', '', 0, 1, 0, 'https://cdn.bestme.asia/images/x2/product4.jpg', '', 0, 0, 1, '2100000.0000', 1, '3500000.0000', 1, 0, 0, '0000-00-00', '100.00000000', 1, '0.00000000', '0.00000000', '0.00000000', 0, 1, 1, 0, 1, 2, 0, 1, NULL, 0, 1, '2020-08-25 16:22:40', '2020-08-25 16:22:40'),
(137, '', '', '', '', '0.0000', '0.0000', '0.0000', '', '', '', '', '', '', '', 0, 1, 0, 'https://cdn.bestme.asia/images/x2/free-delivery-luxury-pet-house-spot-double-top-puppy-dog-cat-warm-kennel-sleep-bed-room-mat-shop-now-wdx1-xhj0.jpg', '', 0, 0, 1, '2400000.0000', 1, '2600000.0000', 1, 0, 0, '0000-00-00', '100.00000000', 1, '0.00000000', '0.00000000', '0.00000000', 0, 1, 1, 0, 1, 2, 0, 1, NULL, 0, 1, '2020-08-25 16:20:27', '2020-08-25 16:20:27'),
(136, '', '', '', '', '0.0000', '0.0000', '0.0000', '', '', '', '', '', '', '', 0, 1, 0, 'https://cdn.bestme.asia/images/x2/thiet-ke-khong-ten-4_NAPh7bg.png', '', 0, 0, 1, '310000.0000', 1, '360000.0000', 1, 0, 0, '0000-00-00', '100.00000000', 1, '0.00000000', '0.00000000', '0.00000000', 0, 1, 1, 0, 1, 2, 0, 1, NULL, 0, 1, '2020-08-25 15:53:06', '2020-08-25 15:53:06'),
(135, '', '', '', '', '0.0000', '0.0000', '0.0000', '', '', '', '', '', '', '', 0, 1, 0, 'https://cdn.bestme.asia/images/x2/thiet-ke-khong-ten-2_nGQpEFs.png', '', 0, 0, 1, '370000.0000', 1, '410000.0000', 1, 0, 0, '0000-00-00', '100.00000000', 1, '0.00000000', '0.00000000', '0.00000000', 0, 1, 1, 0, 1, 2, 0, 1, NULL, 0, 1, '2020-08-25 15:51:54', '2020-08-25 15:51:54'),
(132, '', '', '', '', '0.0000', '0.0000', '0.0000', '', '', '', '', '', '', '', 0, 1, 0, 'https://cdn.bestme.asia/images/x2/thiet-ke-khong-ten_Ms9vBLv.png', '', 0, 0, 1, '240000.0000', 1, '270000.0000', 1, 0, 0, '0000-00-00', '30.00000000', 1, '0.00000000', '0.00000000', '0.00000000', 0, 1, 1, 0, 1, 2, 0, 1, NULL, 0, 1, '2020-08-24 17:38:54', '2020-08-25 15:50:55'),
(134, '', '', '', '', '0.0000', '0.0000', '0.0000', '', '', '', '', '', '', '', 0, 1, 0, 'https://cdn.bestme.asia/images/x2/thiet-ke-khong-ten-1_kSWtKGP.png', '', 0, 0, 1, '0.0000', 1, '300000.0000', 1, 0, 0, '0000-00-00', '100.00000000', 1, '0.00000000', '0.00000000', '0.00000000', 0, 1, 1, 0, 1, 2, 0, 1, NULL, 0, 1, '2020-08-25 15:50:46', '2020-08-25 15:50:46'),
(133, '', '', '', '', '0.0000', '0.0000', '0.0000', '', '', '', '', '', '', '', 0, 1, 0, 'https://res.cloudinary.com/novaonx2/image/upload/v1598265696/28026/581db7e3f4ae7d1298a1cd77a7690432.jpg', '', 0, 0, 1, '255000.0000', 1, '270000.0000', 1, 0, 0, '0000-00-00', '100.00000000', 1, '0.00000000', '0.00000000', '0.00000000', 0, 1, 1, 0, 1, 0, 0, 0, '1', 0, 1, '2020-08-24 17:42:42', '2020-08-24 17:42:42'),
(153, '', '', '', '', '0.0000', '0.0000', '0.0000', '', '', '', '', '', '', '', 0, 1, 0, 'https://cdn.bestme.asia/images/x2/thiet-ke-khong-ten-5_e3IlCV6.png', '', 0, 0, 1, '350000.0000', 1, '380000.0000', 1, 0, 0, '0000-00-00', '30.00000000', 1, '0.00000000', '0.00000000', '0.00000000', 0, 1, 1, 0, 1, 2, 0, 1, NULL, 0, 1, '2020-08-25 17:34:32', '2020-08-25 17:34:32'),
(154, '', '', '', '', '0.0000', '0.0000', '0.0000', '', '', '', '', '', '', '', 0, 1, 0, 'https://cdn.bestme.asia/images/x2/thiet-ke-khong-ten-7_1bChO8S.png', '', 0, 0, 1, '270000.0000', 1, '290000.0000', 1, 0, 0, '0000-00-00', '30.00000000', 1, '0.00000000', '0.00000000', '0.00000000', 0, 1, 1, 0, 1, 2, 0, 1, NULL, 0, 1, '2020-08-25 17:36:32', '2020-08-25 17:36:32'),
(155, '', '', '', '', '0.0000', '0.0000', '0.0000', '', '', '', '', '', '', '', 0, 1, 0, 'https://cdn.bestme.asia/images/x2/thiet-ke-khong-ten-6_Q5f9BNz.png', '', 0, 0, 1, '240000.0000', 1, '260000.0000', 1, 0, 0, '0000-00-00', '30.00000000', 1, '0.00000000', '0.00000000', '0.00000000', 0, 1, 1, 0, 1, 2, 0, 1, NULL, 0, 1, '2020-08-25 17:38:17', '2020-08-25 17:38:17'),
(156, '', '', '', '', '0.0000', '0.0000', '0.0000', '', '', '', '', '', '', '', 0, 1, 0, 'https://cdn.bestme.asia/images/x2/thiet-ke-khong-ten-8.png', '', 0, 0, 1, '510000.0000', 1, '560000.0000', 1, 0, 0, '0000-00-00', '30.00000000', 1, '0.00000000', '0.00000000', '0.00000000', 0, 1, 1, 0, 1, 2, 0, 1, NULL, 0, 1, '2020-08-25 17:39:23', '2020-08-25 17:39:23'),
(157, '', '', '', '', '0.0000', '0.0000', '0.0000', '', '', '', '', '', '', '', 0, 1, 0, 'https://cdn.bestme.asia/images/x2/thiet-ke-khong-ten-9.png', '', 0, 0, 1, '0.0000', 1, '0.0000', 1, 0, 0, '0000-00-00', '100.00000000', 1, '0.00000000', '0.00000000', '0.00000000', 0, 1, 1, 0, 1, 2, 0, 1, NULL, 0, 1, '2020-08-25 17:48:03', '2020-08-25 17:48:03'),
(158, '', '', '', '', '0.0000', '0.0000', '0.0000', '', '', '', '', '', '', '', 0, 1, 0, 'https://cdn.bestme.asia/images/x2/thiet-ke-khong-ten-10.png', '', 0, 0, 1, '0.0000', 1, '0.0000', 1, 0, 0, '0000-00-00', '100.00000000', 1, '0.00000000', '0.00000000', '0.00000000', 0, 1, 1, 0, 1, 0, 0, 1, NULL, 0, 1, '2020-08-25 17:48:48', '2020-08-25 17:48:48'),
(159, '', '', '', '', '0.0000', '0.0000', '0.0000', '', '', '', '', '', '', '', 0, 1, 0, 'https://cdn.bestme.asia/images/x2/thiet-ke-khong-ten-11.png', '', 0, 0, 1, '0.0000', 1, '0.0000', 1, 0, 0, '0000-00-00', '100.00000000', 1, '0.00000000', '0.00000000', '0.00000000', 0, 1, 1, 0, 1, 2, 0, 1, NULL, 0, 1, '2020-08-25 17:49:24', '2020-08-25 17:49:24'),
(160, '', '', '', '', '0.0000', '0.0000', '0.0000', '', '', '', '', '', '', '', 0, 1, 0, 'https://cdn.bestme.asia/images/x2/thiet-ke-khong-ten-13.png', '', 0, 0, 1, '0.0000', 1, '0.0000', 1, 0, 0, '0000-00-00', '100.00000000', 1, '0.00000000', '0.00000000', '0.00000000', 0, 1, 1, 0, 1, 0, 0, 1, NULL, 0, 1, '2020-08-25 17:50:06', '2020-08-26 08:32:59'),
(161, '', '', '', '', '0.0000', '0.0000', '0.0000', '', '', '', '', '', '', '', 0, 1, 0, 'https://cdn.bestme.asia/images/x2/bst1_KUGHOU4.jpg', '', 0, 0, 1, '0.0000', 1, '0.0000', 1, 0, 0, '0000-00-00', '10.00000000', 1, '0.00000000', '0.00000000', '0.00000000', 0, 1, 1, 0, 1, 2, 0, 1, NULL, 0, 1, '2020-08-27 17:35:46', '2020-08-27 17:35:46'),
(162, '', '', '', '', '0.0000', '0.0000', '0.0000', '', '', '', '', '', '', '', 0, 1, 0, 'https://cdn.bestme.asia/images/x2/bst2_VWOlWJ1.jpg', '', 0, 0, 1, '0.0000', 1, '0.0000', 1, 0, 0, '0000-00-00', '10.00000000', 1, '0.00000000', '0.00000000', '0.00000000', 0, 1, 1, 0, 1, 0, 0, 1, NULL, 0, 1, '2020-08-27 17:36:39', '2020-08-27 17:36:39'),
(163, '', '', '', '', '0.0000', '0.0000', '0.0000', '', '', '', '', '', '', '', 0, 1, 0, 'https://cdn.bestme.asia/images/x2/bst3_NcIPuuu.jpg', '', 0, 0, 1, '0.0000', 1, '0.0000', 1, 0, 0, '0000-00-00', '10.00000000', 1, '0.00000000', '0.00000000', '0.00000000', 0, 1, 1, 0, 1, 0, 0, 1, NULL, 0, 1, '2020-08-27 17:37:42', '2020-08-27 17:37:42'),
(164, '', '', '', '', '0.0000', '0.0000', '0.0000', '', '', '', '', '', '', '', 0, 1, 0, 'https://cdn.bestme.asia/images/x2/bst4_3sZTvjQ.jpg', '', 0, 0, 1, '0.0000', 1, '0.0000', 1, 0, 0, '0000-00-00', '10.00000000', 1, '0.00000000', '0.00000000', '0.00000000', 0, 1, 1, 0, 1, 0, 0, 1, NULL, 0, 1, '2020-08-27 17:38:38', '2020-08-27 17:38:38');

-- restore soft-deleted products if demo
UPDATE `oc_product` SET `deleted` = NULL
WHERE `demo` = 1
  AND `product_id` IN (
      52,
      151,
      150,
      149,
      148,
      147,
      146,
      145,
      144,
      143,
      142,
      141,
      140,
      139,
      138,
      137,
      136,
      135,
      132,
      134,
      133,
      153,
      154,
      155,
      156,
      157,
      158,
      159,
      160,
      161,
      162,
      163,
      164
  );

-- oc_product_collection PRIMARY KEY (`product_collection_id`)
INSERT IGNORE INTO `oc_product_collection` (`product_collection_id`, `product_id`, `collection_id`, `sort_order`) VALUES
(192, 144, 21, 0),
(212, 138, 24, 4),
(211, 137, 24, 3),
(210, 139, 24, 2),
(216, 149, 23, 4),
(215, 150, 23, 3),
(214, 152, 23, 2),
(213, 151, 23, 1),
(220, 155, 22, 4),
(219, 156, 22, 3),
(218, 153, 22, 2),
(217, 154, 22, 1),
(191, 143, 21, 0),
(209, 140, 24, 1),
(188, 132, 20, 0),
(190, 142, 21, 0),
(189, 141, 21, 0),
(187, 136, 20, 0),
(186, 135, 20, 0),
(185, 134, 20, 0),
(184, 147, 19, 0),
(183, 146, 19, 0),
(182, 145, 19, 0),
(231, 148, 19, 0),
(180, 157, 18, 0),
(179, 158, 18, 0),
(178, 159, 18, 0),
(177, 160, 18, 0),
(229, 162, 34, 0),
(228, 161, 33, 0),
(227, 163, 33, 0),
(230, 164, 34, 0);

-- oc_product_description PRIMARY KEY (`product_id`,`language_id`)
INSERT IGNORE INTO `oc_product_description` (`product_id`, `language_id`, `name`, `description`, `sub_description`, `seo_title`, `seo_description`, `tag`, `meta_title`, `meta_description`, `meta_keyword`) VALUES
(132, 2, 'Túi Thức Ăn Cho Thú Cưng Pedigree', '', '', '', '', '', '', '', ''),
(133, 2, 'Thức Ăn Cho Thú Cưng Pedigree', '', '', '', '', '', '', '', ''),
(134, 2, 'Thức Ăn Cho Mèo Kit Cat', '', '', '', '', '', '', '', ''),
(135, 2, 'Thức Ăn Cho Mèo Meow Mix', '', '', '', '', '', '', '', ''),
(136, 2, 'Thức Ăn Cho Mèo Party Mix', '', '', '', '', '', '', '', ''),
(137, 2, 'Nhà Cho Thú Cưng', '', '', '', '', '', '', '', ''),
(138, 2, 'Nhà Cho Mèo Cửa Tròn', '', '', '', '', '', '', '', ''),
(139, 2, 'Giường Cho Thú Cưng', '', '', '', '', '', '', '', ''),
(140, 2, 'Chuồng Cho Thú Cưng', '', '', '', '', '', '', '', ''),
(141, 2, 'Đồ Chơi Cho Chó Mèo Bóng 7 Màu Có Chuông', '', '', '', '', '', '', '', ''),
(142, 2, 'Đồ Chơi Cho Mèo Cá Chép', '', '', '', '', '', '', '', ''),
(143, 2, 'Trụ Cào Móng Cho Mèo', '', '', '', '', '', '', '', ''),
(144, 2, 'Cần Lông Vũ', '', '', '', '', '', '', '', ''),
(145, 2, 'Quần Áo Cho Chó Khủng Long', '', '', '', '', '', '', '', ''),
(146, 2, 'Quần Áo Cho Chó Mèo Cao Bồi', '', '', '', '', '', '', '', ''),
(147, 2, 'Quần Áo Cho Chó Ong', '', '', '', '', '', '', '', ''),
(148, 2, 'Quần Áo Cho Chó Dạng Động Vật Khác', '&lt;p&gt;Màu sắc bắt bắt, phom áo đơn giản dễ mặc, chất nỉ mềm mịn, không xù SIZE XS: VÒNG NGỰC 27 cm DÀI ÁO 16 cm SIZE S: VÒNG NGỰC 32 cm DÀI ÁO 20 cm SIZE M: VÒNG NGỰC 37 cm DÀI ÁO 25 cm SIZE L：VÒNG NGỰC 42 cm DÀI ÁO 30 cm SIZE XL：VÒNG NGỰC 47 cm DÀI ÁO 35 cm SIZE XXL：VÒNG NGỰC 52 cm DÀI ÁO 40 m Các bạn nên đo vòng ngực của cún nên nhích từ 1-3cm để thú cưng mặc áo được thoải mái.&lt;/p&gt;', '&lt;p&gt;Màu sắc bắt bắt, phom áo đơn giản dễ mặc, chất nỉ mềm mịn, không xù&lt;/p&gt;\r\n\r\n&lt;p&gt;SIZE XS: VÒNG NGỰC 27 cm DÀI ÁO 16 cm&lt;/p&gt;\r\n\r\n&lt;p&gt;SIZE S: VÒNG NGỰC 32 cm DÀI ÁO 20 cm&lt;/p&gt;\r\n\r\n&lt;p&gt;IZE M: VÒNG NGỰC 37 cm DÀI ÁO 25 cm&lt;/p&gt;\r\n\r\n&lt;p&gt;SIZE L：VÒNG NGỰC 42 cm DÀI ÁO 30 cm&lt;/p&gt;\r\n\r\n&lt;p&gt;SIZE XL：VÒNG NGỰC 47 cm DÀI ÁO 35 cm&lt;/p&gt;\r\n\r\n&lt;p&gt;SIZE XXL：VÒNG NGỰC 52 cm DÀI ÁO 40 m Các bạn nên đo vòng ngực của cún nên nhích từ 1-3cm để thú cưng mặc áo được thoải mái.&lt;/p&gt;', '', '', '', '', '', ''),
(149, 2, 'Dây Dắt Chó', '', '', '', '', '', '', '', ''),
(150, 2, 'Cốc Rửa Chân Cho Chó', '', '', '', '', '', '', '', ''),
(151, 2, 'Đồ Đựng Thứa Ăn Cho Chó Mèo', '', '', '', '', '', '', '', ''),
(152, 2, 'Bát Đựng Thức Ăn Cho Thú Cưng', '', '', '', '', '', '', '', ''),
(153, 2, 'Thuốc Trị Bọ Cho Chó Fronil', '', '', '', '', '', '', '', ''),
(154, 2, 'Enro Cure Thuốc Kháng Viêm', '', '', '', '', '', '', '', ''),
(155, 2, 'Hanfip-On Plus Diệt Ngoại Ký Sinh Trùng', '', '', '', '', '', '', '', ''),
(156, 2, 'Advocate 10 Medium Dog', '', '', '', '', '', '', '', ''),
(157, 2, 'Dịch Vụ Vận Chuyển Chó Mèo', '', '', '', '', '', '', '', ''),
(158, 2, 'Dịch Vụ Tắm Cho Chó Mèo', '', '', '', '', '', '', '', ''),
(159, 2, 'Dịch Vụ Spa Cho Chó Mèo', '', '', '', '', '', '', '', ''),
(160, 2, 'Dịch Vụ Khám Sức Khoẻ Cho Chó Mèo', '', '', '', '', '', '', '', ''),
(161, 2, 'Enjoy Your Holiday', '', '', '', '', '', '', '', ''),
(162, 2, 'We can keep', '', '', '', '', '', '', '', ''),
(163, 2, 'Activities anh Exercise', '', '', '', '', '', '', '', ''),
(164, 2, 'Lexi', '', '', '', '', '', '', '', '');

-- oc_product_image PRIMARY KEY (`product_image_id`)
INSERT IGNORE INTO `oc_product_image` (`product_image_id`, `product_id`, `image`, `image_alt`, `sort_order`) VALUES
(139, 83, '/catalog/view/theme/default/image/fashion_shoeszone/products/83/image1.jpg', '', 1),
(138, 84, '/catalog/view/theme/default/image/fashion_shoeszone/products/84/thumb.jpg', '', 0),
(133, 85, '/catalog/view/theme/default/image/fashion_shoeszone/products/85/image1.jpg', '', 0),
(132, 86, '/catalog/view/theme/default/image/fashion_shoeszone/products/86/thumb.jpg', '', 1),
(131, 87, '/catalog/view/theme/default/image/fashion_shoeszone/products/87/image1.jpg', '', 0),
(117, 88, '/catalog/view/theme/default/image/fashion_shoeszone/products/88/image1.jpg', '', 0),
(118, 97, '/catalog/view/theme/default/image/fashion_shoeszone/products/97/thumb.jpg', '', 0),
(119, 98, '/catalog/view/theme/default/image/fashion_shoeszone/products/98/image2.jpg', '', 1),
(126, 99, '/catalog/view/theme/default/image/fashion_shoeszone/products/99/image1.jpg', '', 0),
(127, 103, '/catalog/view/theme/default/image/fashion_shoeszone/products/103/image1.jpg', '', 1);

-- oc_product_to_category PRIMARY KEY (`product_id`,`category_id`)
INSERT IGNORE INTO `oc_product_to_category` (`product_id`, `category_id`) VALUES
(132, 32),
(134, 32),
(135, 32),
(136, 32),
(137, 34),
(138, 34),
(139, 34),
(140, 34),
(141, 35),
(142, 35),
(143, 35),
(144, 35),
(145, 33),
(146, 33),
(147, 33),
(148, 33),
(149, 36),
(150, 36),
(151, 36),
(152, 36),
(153, 37),
(154, 37),
(155, 37),
(156, 37),
(157, 38),
(158, 38),
(159, 38),
(160, 38);

-- oc_product_to_store PRIMARY KEY (`product_id`,`store_id`)
INSERT IGNORE INTO `oc_product_to_store` (`product_id`, `store_id`, `product_version_id`, `quantity`, `cost_price`) VALUES
(160, 0, 0, 0, '0.0000'),
(159, 0, 0, 0, '0.0000'),
(158, 0, 0, 0, '0.0000'),
(157, 0, 0, 0, '0.0000'),
(156, 0, 0, 0, '0.0000'),
(155, 0, 0, 0, '0.0000'),
(154, 0, 0, 0, '0.0000'),
(153, 0, 0, 0, '0.0000'),
(152, 0, 0, 0, '0.0000'),
(151, 0, 0, 0, '0.0000'),
(150, 0, 0, 0, '0.0000'),
(149, 0, 0, 0, '0.0000'),
(148, 0, 1, 0, '0.0000'),
(147, 0, 0, 0, '0.0000'),
(146, 0, 0, 0, '0.0000'),
(145, 0, 0, 0, '0.0000'),
(144, 0, 0, 0, '0.0000'),
(143, 0, 0, 0, '0.0000'),
(142, 0, 0, 0, '0.0000'),
(141, 0, 0, 0, '0.0000'),
(140, 0, 0, 0, '0.0000'),
(139, 0, 0, 0, '0.0000'),
(138, 0, 0, 0, '0.0000'),
(137, 0, 0, 0, '0.0000'),
(136, 0, 0, 0, '0.0000'),
(135, 0, 0, 0, '0.0000'),
(134, 0, 0, 0, '0.0000'),
(132, 0, 0, 0, '0.0000'),
(133, 0, 0, 10000, '0.0000'),
(161, 0, 0, 0, '0.0000'),
(162, 0, 0, 0, '0.0000'),
(163, 0, 0, 0, '0.0000'),
(164, 0, 0, 0, '0.0000'),
(148, 0, 2, 0, '0.0000'),
(148, 0, 3, 0, '0.0000'),
(148, 0, 4, 0, '0.0000'),
(148, 0, 5, 0, '0.0000'),
(148, 0, 6, 0, '0.0000'),
(148, 0, 7, 0, '0.0000'),
(148, 0, 8, 0, '0.0000'),
(148, 0, 9, 0, '0.0000'),
(148, 0, 10, 0, '0.0000'),
(148, 0, 11, 0, '0.0000'),
(148, 0, 12, 0, '0.0000'),
(148, 0, 13, 0, '0.0000'),
(148, 0, 14, 0, '0.0000'),
(148, 0, 15, 0, '0.0000'),
(148, 0, 16, 0, '0.0000');