-- oc_product PRIMARY KEY (`product_id`)
-- delete first
INSERT IGNORE INTO `oc_product` (`product_id`, `model`, `sku`, `common_barcode`, `common_sku`, `common_compare_price`, `common_price`, `common_cost_price`, `barcode`, `upc`, `ean`, `jan`, `isbn`, `mpn`, `location`, `quantity`, `sale_on_out_of_stock`, `stock_status_id`, `image`, `image_alt`, `multi_versions`, `manufacturer_id`, `shipping`, `price`, `price_currency_id`, `compare_price`, `c_price_currency_id`, `points`, `tax_class_id`, `date_available`, `weight`, `weight_class_id`, `length`, `width`, `height`, `length_class_id`, `subtract`, `minimum`, `sort_order`, `status`, `channel`, `viewed`, `demo`, `deleted`, `default_store_id`, `user_create_id`, `date_added`, `date_modified`) VALUES
(304, '', '', '', '', '0.0000', '0.0000', '0.0000', '', '', '', '', '', '', '', 0, 0, 0, 'https://2.pik.vn/20205cec6e8d-3080-427a-b0a7-fd85ba1f59ca.jpg', '', 0, 37, 1, '0.0000', 1, '8000.0000', 1, 0, 0, '0000-00-00', '330.00000000', 1, '0.00000000', '0.00000000', '0.00000000', 0, 1, 1, 0, 1, 2, 0, 1, NULL, 0, 1, '2020-12-09 12:47:35', '2020-12-11 11:40:04'),
(305, '', '', '', '', '0.0000', '0.0000', '0.0000', '', '', '', '', '', '', '', 0, 0, 0, 'https://2.pik.vn/20204f35349d-4d4c-4ff1-8f6c-5c394f91241a.jpg', '', 0, 28, 1, '0.0000', 1, '15000.0000', 1, 0, 0, '0000-00-00', '75.00000000', 1, '0.00000000', '0.00000000', '0.00000000', 0, 1, 1, 0, 1, 2, 0, 1, NULL, 0, 1, '2020-12-09 12:47:35', '2020-12-11 11:40:03'),
(303, '', '', '', '', '0.0000', '0.0000', '0.0000', '', '', '', '', '', '', '', 0, 0, 0, 'https://2.pik.vn/2020233d9885-4109-4eb6-813b-2342aa47e892.jpg', '', 0, 41, 1, '0.0000', 1, '15000.0000', 1, 0, 0, '0000-00-00', '100.00000000', 1, '0.00000000', '0.00000000', '0.00000000', 0, 1, 1, 0, 1, 2, 0, 1, NULL, 0, 1, '2020-12-09 12:47:35', '2020-12-09 12:47:35'),
(302, '', '', '', '', '0.0000', '0.0000', '0.0000', '', '', '', '', '', '', '', 0, 0, 0, 'https://2.pik.vn/2020ce74f657-7beb-4f29-b51d-1ac22c43793b.jpg', '', 0, 40, 1, '0.0000', 1, '350000.0000', 1, 0, 0, '0000-00-00', '1.00000000', 1, '0.00000000', '0.00000000', '0.00000000', 0, 1, 1, 0, 1, 2, 0, 1, NULL, 0, 1, '2020-12-09 12:47:35', '2020-12-11 11:40:05'),
(301, '', '', '', '', '0.0000', '0.0000', '0.0000', '', '', '', '', '', '', '', 0, 0, 0, 'https://2.pik.vn/2020f8460796-80ab-46f6-a5e0-a9c39fab1b00.jpg', '', 0, 35, 1, '0.0000', 1, '25000.0000', 1, 0, 0, '0000-00-00', '10.00000000', 1, '0.00000000', '0.00000000', '0.00000000', 0, 1, 1, 0, 1, 2, 0, 1, NULL, 0, 1, '2020-12-09 12:47:35', '2020-12-11 11:40:04'),
(300, '', '', '', '', '0.0000', '0.0000', '0.0000', '', '', '', '', '', '', '', 0, 0, 0, 'https://2.pik.vn/202056c7df89-a395-4a46-85e8-41aa1bf47070.jpg', '', 0, 40, 1, '0.0000', 1, '1500000.0000', 1, 0, 0, '0000-00-00', '1.00000000', 1, '0.00000000', '0.00000000', '0.00000000', 0, 1, 1, 0, 1, 2, 0, 1, NULL, 0, 1, '2020-12-09 12:47:35', '2020-12-11 11:40:03'),
(299, '', '', '', '', '0.0000', '0.0000', '0.0000', '', '', '', '', '', '', '', 0, 0, 0, 'https://2.pik.vn/20205cbebd96-060f-4501-a557-cac4c860e650.jpg', '', 0, 32, 1, '0.0000', 1, '120000.0000', 1, 0, 0, '0000-00-00', '1.00000000', 1, '0.00000000', '0.00000000', '0.00000000', 0, 1, 1, 0, 1, 2, 0, 1, NULL, 0, 1, '2020-12-09 12:47:35', '2020-12-11 11:40:04'),
(298, '', '', '', '', '0.0000', '0.0000', '0.0000', '', '', '', '', '', '', '', 0, 0, 0, 'https://2.pik.vn/20203105ed62-81ae-489b-9f29-ed37fb54a869.jpg', '', 0, 39, 1, '3850000.0000', 1, '4000000.0000', 1, 0, 0, '0000-00-00', '5.00000000', 1, '0.00000000', '0.00000000', '0.00000000', 0, 1, 1, 0, 1, 2, 0, 1, NULL, 0, 1, '2020-12-09 12:47:35', '2020-12-11 11:40:04'),
(297, '', '', '', '', '0.0000', '0.0000', '0.0000', '', '', '', '', '', '', '', 0, 0, 0, 'https://2.pik.vn/202088b034c5-4ccd-4eb4-b4c1-aebd65c4659e.jpg', '', 0, 33, 1, '0.0000', 1, '30000.0000', 1, 0, 0, '0000-00-00', '1.00000000', 1, '0.00000000', '0.00000000', '0.00000000', 0, 1, 1, 0, 1, 2, 0, 1, NULL, 0, 1, '2020-12-09 12:47:35', '2020-12-11 11:40:04'),
(296, '', '', '', '', '0.0000', '0.0000', '0.0000', '', '', '', '', '', '', '', 0, 0, 0, 'https://2.pik.vn/2020c0ee44fb-3c01-4166-96ed-b7dfaa9c3f33.jpg', '', 0, 38, 1, '10000.0000', 1, '12000.0000', 1, 0, 0, '0000-00-00', '60.00000000', 1, '0.00000000', '0.00000000', '0.00000000', 0, 1, 1, 0, 1, 2, 0, 1, NULL, 0, 1, '2020-12-09 12:47:35', '2020-12-11 11:40:03'),
(295, '', '', '', '', '0.0000', '0.0000', '0.0000', '', '', '', '', '', '', '', 0, 0, 0, 'https://2.pik.vn/2020da0ac729-3cfc-4c8e-a73c-f5cacbc13f7c.jpg', '', 0, 37, 1, '0.0000', 1, '15000.0000', 1, 0, 0, '0000-00-00', '1500.00000000', 1, '0.00000000', '0.00000000', '0.00000000', 0, 1, 1, 0, 1, 2, 0, 1, NULL, 0, 1, '2020-12-09 12:47:35', '2020-12-11 11:40:04'),
(293, '', '', '', '', '0.0000', '0.0000', '0.0000', '', '', '', '', '', '', '', 0, 0, 0, 'https://2.pik.vn/202023f8f7df-64e0-4249-aebf-3dea127945ca.jpg', '', 0, 34, 1, '2800000.0000', 1, '3000000.0000', 1, 0, 0, '0000-00-00', '5.00000000', 1, '0.00000000', '0.00000000', '0.00000000', 0, 1, 1, 0, 1, 2, 0, 1, NULL, 0, 1, '2020-12-09 12:47:35', '2020-12-11 11:40:05'),
(294, '', '', '', '', '0.0000', '0.0000', '0.0000', '', '', '', '', '', '', '', 0, 0, 0, 'https://2.pik.vn/2020d23ba8de-1ce5-4abd-adcd-075912067ee4.jpg', '', 0, 36, 1, '50000.0000', 1, '55000.0000', 1, 0, 0, '0000-00-00', '150.00000000', 1, '0.00000000', '0.00000000', '0.00000000', 0, 1, 1, 0, 1, 2, 0, 1, NULL, 0, 1, '2020-12-09 12:47:35', '2020-12-11 11:40:04'),
(292, '', '', '', '', '0.0000', '0.0000', '0.0000', '', '', '', '', '', '', '', 0, 0, 0, 'https://2.pik.vn/2020ad195aed-8cc0-435c-9f9d-da209de383bd.jpg', '', 0, 35, 1, '0.0000', 1, '150000.0000', 1, 0, 0, '0000-00-00', '10.00000000', 1, '0.00000000', '0.00000000', '0.00000000', 0, 1, 1, 0, 1, 2, 0, 1, NULL, 0, 1, '2020-12-09 12:47:35', '2020-12-11 11:40:03'),
(291, '', '', '', '', '0.0000', '0.0000', '0.0000', '', '', '', '', '', '', '', 0, 0, 0, 'https://2.pik.vn/202095c77582-3423-407e-adc1-3b374bbbfd46.jpg', '', 0, 34, 1, '0.0000', 1, '2500000.0000', 1, 0, 0, '0000-00-00', '5.00000000', 1, '0.00000000', '0.00000000', '0.00000000', 0, 1, 1, 0, 1, 2, 0, 1, NULL, 0, 1, '2020-12-09 12:47:35', '2020-12-11 11:40:03'),
(290, '', '', '', '', '0.0000', '0.0000', '0.0000', '', '', '', '', '', '', '', 0, 0, 0, 'https://2.pik.vn/20209b3c26dd-e212-4a46-9385-aadf837bbd66.jpg', '', 0, 33, 1, '0.0000', 1, '40000.0000', 1, 0, 0, '0000-00-00', '1.00000000', 1, '0.00000000', '0.00000000', '0.00000000', 0, 1, 1, 0, 1, 2, 0, 1, NULL, 0, 1, '2020-12-09 12:47:35', '2020-12-11 11:40:04'),
(289, '', '', '', '', '0.0000', '0.0000', '0.0000', '', '', '', '', '', '', '', 0, 0, 0, 'https://2.pik.vn/2020e9bbb009-75e7-409b-8685-f8ab451d568a.jpg', '', 0, 32, 1, '0.0000', 1, '350000.0000', 1, 0, 0, '0000-00-00', '1.00000000', 1, '0.00000000', '0.00000000', '0.00000000', 0, 1, 1, 0, 1, 2, 0, 1, NULL, 0, 1, '2020-12-09 12:47:35', '2020-12-11 11:40:04'),
(288, '', '', '', '', '0.0000', '0.0000', '0.0000', '', '', '', '', '', '', '', 0, 0, 0, 'https://2.pik.vn/2020e5b09a1e-1b22-483b-a28f-2efefe1854ec.jpg', '', 0, 32, 1, '2300000.0000', 1, '2500000.0000', 1, 0, 0, '0000-00-00', '1.00000000', 1, '0.00000000', '0.00000000', '0.00000000', 0, 1, 1, 0, 1, 2, 0, 1, NULL, 0, 1, '2020-12-09 12:47:35', '2020-12-11 11:40:04'),
(286, '', '', '', '', '0.0000', '0.0000', '0.0000', '', '', '', '', '', '', '', 0, 0, 0, 'https://2.pik.vn/20204c50ad63-8bfd-4548-8c6b-57e697377795.jpg', '', 0, 31, 1, '0.0000', 1, '20000.0000', 1, 0, 0, '0000-00-00', '30.00000000', 1, '0.00000000', '0.00000000', '0.00000000', 0, 1, 1, 0, 1, 2, 0, 1, NULL, 0, 1, '2020-12-09 12:47:35', '2020-12-11 11:40:04'),
(285, '', '', '', '', '0.0000', '0.0000', '0.0000', '', '', '', '', '', '', '', 0, 0, 0, 'https://2.pik.vn/20204396fbdf-661c-4939-959f-5f295898bd6f.jpg', '', 0, 30, 1, '0.0000', 1, '3500.0000', 1, 0, 0, '0000-00-00', '75.00000000', 1, '0.00000000', '0.00000000', '0.00000000', 0, 1, 1, 0, 1, 2, 0, 1, NULL, 0, 1, '2020-12-09 12:47:35', '2020-12-11 11:40:05'),
(284, '', '', '', '', '0.0000', '0.0000', '0.0000', '', '', '', '', '', '', '', 0, 0, 0, 'https://2.pik.vn/2020ba517730-aba4-469e-9e0a-62a5ab613f4a.jpg', '', 0, 27, 1, '0.0000', 1, '10000.0000', 1, 0, 0, '0000-00-00', '60.00000000', 1, '0.00000000', '0.00000000', '0.00000000', 0, 1, 1, 0, 1, 2, 0, 1, NULL, 0, 1, '2020-12-09 12:47:35', '2020-12-11 11:40:04'),
(283, '', '', '', '', '0.0000', '0.0000', '0.0000', '', '', '', '', '', '', '', 0, 0, 0, 'https://2.pik.vn/2020d0a9fe25-11c7-43da-83e8-e40c492ae206.jpg', '', 0, 29, 1, '0.0000', 1, '200000.0000', 1, 0, 0, '0000-00-00', '1.00000000', 1, '0.00000000', '0.00000000', '0.00000000', 0, 1, 1, 0, 1, 2, 0, 1, NULL, 0, 1, '2020-12-09 12:47:35', '2020-12-11 11:40:04'),
(282, '', '', '', '', '0.0000', '0.0000', '0.0000', '', '', '', '', '', '', '', 0, 0, 0, 'https://2.pik.vn/2020adeb0e68-bed3-472a-8796-94aff1e69c43.jpg', '', 0, 28, 1, '0.0000', 1, '8000.0000', 1, 0, 0, '0000-00-00', '75.00000000', 1, '0.00000000', '0.00000000', '0.00000000', 0, 1, 1, 0, 1, 2, 0, 1, NULL, 0, 1, '2020-12-09 12:47:35', '2020-12-11 11:40:05'),
(281, '', '', '', '', '0.0000', '0.0000', '0.0000', '', '', '', '', '', '', '', 0, 0, 0, 'https://2.pik.vn/2020512176a7-7cee-4273-9de6-d29d006e4581.jpg', '', 0, 27, 1, '0.0000', 1, '10000.0000', 1, 0, 0, '0000-00-00', '60.00000000', 1, '0.00000000', '0.00000000', '0.00000000', 0, 1, 1, 0, 1, 2, 0, 1, NULL, 0, 1, '2020-12-09 12:47:35', '2020-12-11 11:40:05'),
(280, '', '', '', '', '0.0000', '0.0000', '0.0000', '', '', '', '', '', '', '', 0, 0, 0, 'https://cdn.bestme.asia/images/x2/khoai-tay-nhat.png', '', 0, 26, 1, '0.0000', 1, '35000.0000', 1, 0, 0, '0000-00-00', '1000.00000000', 1, '0.00000000', '0.00000000', '0.00000000', 0, 1, 1, 0, 1, 2, 0, 1, NULL, 0, 1, '2020-12-09 11:58:39', '2020-12-09 11:58:39'),
(279, '', '', '', '', '0.0000', '0.0000', '0.0000', '', '', '', '', '', '', '', 0, 0, 0, 'https://cdn.bestme.asia/images/x2/dau-cove-nhat.jpg', '', 0, 26, 1, '0.0000', 1, '20000.0000', 1, 0, 0, '0000-00-00', '1000.00000000', 1, '0.00000000', '0.00000000', '0.00000000', 0, 1, 1, 0, 1, 2, 0, 1, NULL, 0, 1, '2020-12-09 11:58:39', '2020-12-09 11:58:39'),
(278, '', '', '', '', '0.0000', '0.0000', '0.0000', '', '', '', '', '', '', '', 0, 0, 0, 'https://cdn.bestme.asia/images/x2/ca-chua-trung.jpg', '', 0, 26, 1, '0.0000', 1, '25000.0000', 1, 0, 0, '0000-00-00', '1000.00000000', 1, '0.00000000', '0.00000000', '0.00000000', 0, 1, 1, 0, 1, 2, 0, 1, NULL, 0, 1, '2020-12-09 11:58:39', '2020-12-09 11:58:39'),
(277, '', '', '', '', '0.0000', '0.0000', '0.0000', '', '', '', '', '', '', '', 0, 0, 0, 'https://cdn.bestme.asia/images/x2/bap-nep-1-1.jpg', '', 0, 26, 1, '0.0000', 1, '10000.0000', 1, 0, 0, '0000-00-00', '150.00000000', 1, '0.00000000', '0.00000000', '0.00000000', 0, 1, 1, 0, 1, 2, 0, 1, NULL, 0, 1, '2020-12-09 11:58:39', '2020-12-09 11:58:39'),
(276, '', '', '', '', '0.0000', '0.0000', '0.0000', '', '', '', '', '', '', '', 0, 0, 0, 'https://cdn.bestme.asia/images/x2/xa-lach-cuon.png', '', 0, 26, 1, '0.0000', 1, '25000.0000', 1, 0, 0, '0000-00-00', '200.00000000', 1, '0.00000000', '0.00000000', '0.00000000', 0, 1, 1, 0, 1, 2, 0, 1, NULL, 0, 1, '2020-12-09 11:58:39', '2020-12-09 11:58:39'),
(275, '', '', '', '', '0.0000', '0.0000', '0.0000', '', '', '', '', '', '', '', 0, 0, 0, 'https://cdn.bestme.asia/images/x2/dot-su-su.png', '', 0, 26, 1, '0.0000', 1, '20000.0000', 1, 0, 0, '0000-00-00', '600.00000000', 1, '0.00000000', '0.00000000', '0.00000000', 0, 1, 1, 0, 1, 2, 0, 1, NULL, 0, 1, '2020-12-09 11:58:39', '2020-12-09 11:58:39'),
(274, '', '', '', '', '0.0000', '0.0000', '0.0000', '', '', '', '', '', '', '', 0, 0, 0, 'https://cdn.bestme.asia/images/x2/canh-xoan-kale.png', '', 0, 26, 1, '0.0000', 1, '15000.0000', 1, 0, 0, '0000-00-00', '600.00000000', 1, '0.00000000', '0.00000000', '0.00000000', 0, 1, 1, 0, 1, 2, 0, 1, NULL, 0, 1, '2020-12-09 11:58:39', '2020-12-09 11:58:39'),
(273, '', '', '', '', '0.0000', '0.0000', '0.0000', '', '', '', '', '', '', '', 0, 0, 0, 'https://cdn.bestme.asia/images/x2/cai-mizuna.png', '', 0, 26, 1, '0.0000', 1, '15000.0000', 1, 0, 0, '0000-00-00', '500.00000000', 1, '0.00000000', '0.00000000', '0.00000000', 0, 1, 1, 0, 1, 2, 0, 1, NULL, 0, 1, '2020-12-09 11:58:39', '2020-12-09 11:58:39'),
(306, '', '', '', '', '0.0000', '0.0000', '0.0000', '', '', '', '', '', '', '', 0, 0, 0, 'https://2.pik.vn/202023b2d4cd-ed66-4c60-8c06-55c416fe4d44.jpg', '', 0, 34, 1, '0.0000', 1, '5000000.0000', 1, 0, 0, '0000-00-00', '5.00000000', 1, '0.00000000', '0.00000000', '0.00000000', 0, 1, 1, 0, 1, 2, 0, 1, NULL, 0, 1, '2020-12-09 12:47:35', '2020-12-11 11:40:05'),
(307, '', '', '', '', '0.0000', '0.0000', '0.0000', '', '', '', '', '', '', '', 0, 0, 0, 'https://2.pik.vn/20209f204852-c102-4111-be8b-c848034ed4b1.jpg', '', 0, 42, 1, '0.0000', 1, '4000.0000', 1, 0, 0, '0000-00-00', '75.00000000', 1, '0.00000000', '0.00000000', '0.00000000', 0, 1, 1, 0, 1, 2, 0, 1, NULL, 0, 1, '2020-12-09 12:47:35', '2020-12-11 11:40:04'),
(308, '', '', '', '', '0.0000', '0.0000', '0.0000', '', '', '', '', '', '', '', 0, 0, 0, 'https://2.pik.vn/202039d7179f-5001-4865-9f2d-c8421b57d384.jpg', '', 0, 30, 1, '0.0000', 1, '3500.0000', 1, 0, 0, '0000-00-00', '75.00000000', 1, '0.00000000', '0.00000000', '0.00000000', 0, 1, 1, 0, 1, 2, 0, 1, NULL, 0, 1, '2020-12-09 12:47:35', '2020-12-11 11:40:03'),
(309, '', '', '', '', '0.0000', '0.0000', '0.0000', '', '', '', '', '', '', '', 0, 0, 0, 'https://2.pik.vn/20207776be10-9de4-48fe-b0f2-4026208787bb.jpg', '', 0, 43, 1, '0.0000', 1, '18000.0000', 1, 0, 0, '0000-00-00', '80.00000000', 1, '0.00000000', '0.00000000', '0.00000000', 0, 1, 1, 0, 1, 2, 0, 1, NULL, 0, 1, '2020-12-09 12:47:35', '2020-12-11 11:40:04'),
(310, '', '', '', '', '0.0000', '0.0000', '0.0000', '', '', '', '', '', '', '', 0, 0, 0, 'https://2.pik.vn/2020cb058203-ef6f-4019-894c-248c1fa64184.jpg', '', 0, 32, 1, '0.0000', 1, '2200000.0000', 1, 0, 0, '0000-00-00', '1.00000000', 1, '0.00000000', '0.00000000', '0.00000000', 0, 1, 1, 0, 1, 2, 0, 1, NULL, 0, 1, '2020-12-09 12:47:35', '2020-12-11 11:40:03'),
(311, '', '', '', '', '0.0000', '0.0000', '0.0000', '', '', '', '', '', '', '', 0, 0, 0, 'https://2.pik.vn/2020f332d862-d572-41eb-9c23-8e2f96ef5c20.jpg', '', 0, 32, 1, '0.0000', 1, '2000000.0000', 1, 0, 0, '0000-00-00', '1.00000000', 1, '0.00000000', '0.00000000', '0.00000000', 0, 1, 1, 0, 1, 2, 0, 1, NULL, 0, 1, '2020-12-09 12:47:35', '2020-12-11 11:40:04'),
(312, '', '', '', '', '0.0000', '0.0000', '0.0000', '', '', '', '', '', '', '', 0, 0, 0, 'https://2.pik.vn/2020e850c36b-5c3d-4e76-9a74-ff98b50ee3fb.jpg', '', 0, 33, 1, '100000.0000', 1, '120000.0000', 1, 0, 0, '0000-00-00', '1.00000000', 1, '0.00000000', '0.00000000', '0.00000000', 0, 1, 1, 0, 1, 2, 0, 1, NULL, 0, 1, '2020-12-09 12:47:35', '2020-12-11 11:40:04'),
(313, '', '', '', '', '0.0000', '0.0000', '0.0000', '', '', '', '', '', '', '', 0, 0, 0, 'https://2.pik.vn/2020956129b1-6094-412c-bbfa-e0098e64858d.jpg', '', 0, 44, 1, '0.0000', 1, '190000.0000', 1, 0, 0, '0000-00-00', '1.00000000', 1, '0.00000000', '0.00000000', '0.00000000', 0, 1, 1, 0, 1, 2, 0, 1, NULL, 0, 1, '2020-12-09 12:47:35', '2020-12-11 11:40:04'),
(314, '', '', '', '', '0.0000', '0.0000', '0.0000', '', '', '', '', '', '', '', 0, 0, 0, 'https://2.pik.vn/2020290809e3-4f22-4761-b047-0db4528d971f.jpg', '', 0, 32, 1, '3200000.0000', 1, '3500000.0000', 1, 0, 0, '0000-00-00', '1.00000000', 1, '0.00000000', '0.00000000', '0.00000000', 0, 1, 1, 0, 1, 2, 0, 1, NULL, 0, 1, '2020-12-09 12:47:35', '2020-12-11 11:40:05'),
(315, '', '', '', '', '0.0000', '0.0000', '0.0000', '', '', '', '', '', '', '', 0, 0, 0, 'https://2.pik.vn/2020cdcfd69e-98b2-4440-b9be-3382a585f02a.jpg', '', 0, 33, 1, '58000.0000', 1, '70000.0000', 1, 0, 0, '0000-00-00', '1.00000000', 1, '0.00000000', '0.00000000', '0.00000000', 0, 1, 1, 0, 1, 2, 0, 1, NULL, 0, 1, '2020-12-09 12:47:35', '2020-12-11 11:40:04'),
(316, '', '', '', '', '0.0000', '0.0000', '0.0000', '', '', '', '', '', '', '', 0, 0, 0, 'https://2.pik.vn/2020711af92a-881c-4a70-8980-49864ee1ba2b.jpg', '', 0, 33, 1, '220000.0000', 1, '250000.0000', 1, 0, 0, '0000-00-00', '1.00000000', 1, '0.00000000', '0.00000000', '0.00000000', 0, 1, 1, 0, 1, 2, 0, 1, NULL, 0, 1, '2020-12-09 12:47:35', '2020-12-11 11:40:04'),
(317, '', '', '', '', '0.0000', '0.0000', '0.0000', '', '', '', '', '', '', '', 0, 0, 0, 'https://2.pik.vn/202033a42553-5801-4f51-9541-edee64b6c6b8.jpg', '', 0, 37, 1, '9000.0000', 1, '10000.0000', 1, 0, 0, '0000-00-00', '330.00000000', 1, '0.00000000', '0.00000000', '0.00000000', 0, 1, 1, 0, 1, 2, 0, 1, NULL, 0, 1, '2020-12-09 12:47:35', '2020-12-11 11:40:04'),
(318, '', '', '', '', '0.0000', '0.0000', '0.0000', '', '', '', '', '', '', '', 0, 0, 0, 'https://2.pik.vn/202004be2d55-5d81-4561-a4e7-6c9d0b7bb9cf.jpg', '', 0, 37, 1, '0.0000', 1, '9000.0000', 1, 0, 0, '0000-00-00', '330.00000000', 1, '0.00000000', '0.00000000', '0.00000000', 0, 1, 1, 0, 1, 2, 0, 1, NULL, 0, 1, '2020-12-09 12:47:35', '2020-12-11 11:40:04'),
(319, '', '', '', '', '0.0000', '0.0000', '0.0000', '', '', '', '', '', '', '', 0, 0, 0, 'https://2.pik.vn/202006c8d6b8-4275-4c23-afad-33f5a7b3c207.jpg', '', 0, 42, 1, '0.0000', 1, '5000.0000', 1, 0, 0, '0000-00-00', '75.00000000', 1, '0.00000000', '0.00000000', '0.00000000', 0, 1, 1, 0, 1, 2, 0, 1, NULL, 0, 1, '2020-12-09 12:47:35', '2020-12-11 11:40:04'),
(320, '', '', '', '', '0.0000', '0.0000', '0.0000', '', '', '', '', '', '', '', 0, 0, 0, 'https://2.pik.vn/2020810b15f7-ee5f-463b-a4a4-bbc1bef0333b.jpg', '', 0, 37, 1, '0.0000', 1, '8500.0000', 1, 0, 0, '0000-00-00', '330.00000000', 1, '0.00000000', '0.00000000', '0.00000000', 0, 1, 1, 0, 1, 2, 0, 1, NULL, 0, 1, '2020-12-09 12:47:35', '2020-12-11 11:40:04'),
(321, '', '', '', '', '0.0000', '0.0000', '0.0000', '', '', '', '', '', '', '', 0, 0, 0, 'https://2.pik.vn/2020bb011236-40f8-441a-808c-aaacbc9b430b.jpg', '', 0, 33, 1, '85000.0000', 1, '100000.0000', 1, 0, 0, '0000-00-00', '1.00000000', 1, '0.00000000', '0.00000000', '0.00000000', 0, 1, 1, 0, 1, 2, 0, 1, NULL, 0, 1, '2020-12-09 12:47:35', '2020-12-11 11:40:04'),
(322, '', '', '', '', '0.0000', '0.0000', '0.0000', '', '', '', '', '', '', '', 0, 0, 0, 'https://2.pik.vn/2020801a7cdf-9650-4c39-b081-702bd5f9d052.jpg', '', 0, 32, 1, '0.0000', 1, '1750000.0000', 1, 0, 0, '0000-00-00', '1.00000000', 1, '0.00000000', '0.00000000', '0.00000000', 0, 1, 1, 0, 1, 2, 0, 1, NULL, 0, 1, '2020-12-09 12:47:36', '2020-12-11 11:40:05'),
(323, '', '', '', '', '0.0000', '0.0000', '0.0000', '', '', '', '', '', '', '', 0, 0, 0, 'https://2.pik.vn/202072cb1ac3-662a-4bcd-ba38-f8e05c01edb2.jpg', '', 0, 40, 1, '0.0000', 1, '350000.0000', 1, 0, 0, '0000-00-00', '1.00000000', 1, '0.00000000', '0.00000000', '0.00000000', 0, 1, 1, 0, 1, 2, 0, 1, NULL, 0, 1, '2020-12-09 12:47:36', '2020-12-11 11:40:04'),
(324, '', '', '', '', '0.0000', '0.0000', '0.0000', '', '', '', '', '', '', '', 0, 0, 0, 'https://2.pik.vn/2020a5fcdd4f-ff8a-4413-a42f-0f539d7f0648.jpg', '', 0, 27, 1, '7000.0000', 1, '10000.0000', 1, 0, 0, '0000-00-00', '60.00000000', 1, '0.00000000', '0.00000000', '0.00000000', 0, 1, 1, 0, 1, 2, 0, 1, NULL, 0, 1, '2020-12-09 12:47:36', '2020-12-11 11:40:04'),
(325, '', '', '', '', '0.0000', '0.0000', '0.0000', '', '', '', '', '', '', '', 0, 0, 0, 'https://2.pik.vn/2020dfa41f37-dc22-447d-a510-c72dac4982e1.jpg', '', 0, 35, 1, '0.0000', 1, '30000.0000', 1, 0, 0, '0000-00-00', '10.00000000', 1, '0.00000000', '0.00000000', '0.00000000', 0, 1, 1, 0, 1, 2, 0, 1, NULL, 0, 1, '2020-12-09 12:47:36', '2020-12-11 11:40:03'),
(326, '', '', '', '', '0.0000', '0.0000', '0.0000', '', '', '', '', '', '', '', 0, 0, 0, 'https://2.pik.vn/20202f3de460-46eb-4a90-bc58-b93a67b7b861.jpg', '', 0, 35, 1, '145000.0000', 1, '170000.0000', 1, 0, 0, '0000-00-00', '10.00000000', 1, '0.00000000', '0.00000000', '0.00000000', 0, 1, 1, 0, 1, 2, 0, 1, NULL, 0, 1, '2020-12-09 12:47:36', '2020-12-11 11:40:03'),
(327, '', '', '', '', '0.0000', '0.0000', '0.0000', '', '', '', '', '', '', '', 0, 0, 0, 'https://2.pik.vn/20206b1c6f0a-54d7-406a-911a-3d1c7954f95d.jpg', '', 0, 37, 1, '0.0000', 1, '10000.0000', 1, 0, 0, '0000-00-00', '330.00000000', 1, '0.00000000', '0.00000000', '0.00000000', 0, 1, 1, 0, 1, 2, 0, 1, NULL, 0, 1, '2020-12-09 12:47:36', '2020-12-11 11:40:04'),
(328, '', '', '', '', '0.0000', '0.0000', '0.0000', '', '', '', '', '', '', '', 0, 0, 0, 'https://2.pik.vn/2020f2c8e960-5eaa-4f1e-98bd-31aa2dad37cf.jpg', '', 0, 37, 1, '0.0000', 1, '8000.0000', 1, 0, 0, '0000-00-00', '250.00000000', 1, '0.00000000', '0.00000000', '0.00000000', 0, 1, 1, 0, 1, 2, 0, 1, NULL, 0, 1, '2020-12-09 12:47:36', '2020-12-11 11:40:04'),
(329, '', '', '', '', '0.0000', '0.0000', '0.0000', '', '', '', '', '', '', '', 0, 0, 0, 'https://2.pik.vn/2020da6f14ae-766f-4dc5-b647-d7c20b234cc9.jpg', '', 0, 45, 1, '0.0000', 1, '170000.0000', 1, 0, 0, '0000-00-00', '1.00000000', 1, '0.00000000', '0.00000000', '0.00000000', 0, 1, 1, 0, 1, 2, 0, 1, NULL, 0, 1, '2020-12-09 12:47:36', '2020-12-11 11:40:03'),
(330, '', '', '', '', '0.0000', '0.0000', '0.0000', '', '', '', '', '', '', '', 0, 0, 0, 'https://2.pik.vn/2020461f4251-9c0b-4e62-a09c-572549621e08.jpg', '', 0, 46, 1, '0.0000', 1, '30000.0000', 1, 0, 0, '0000-00-00', '22.00000000', 1, '0.00000000', '0.00000000', '0.00000000', 0, 1, 1, 0, 1, 2, 0, 1, NULL, 0, 1, '2020-12-09 12:47:36', '2020-12-11 11:40:04'),
(331, '', '', '', '', '0.0000', '0.0000', '0.0000', '', '', '', '', '', '', '', 0, 0, 0, 'https://2.pik.vn/20203412fb82-0f57-4eab-975e-1f233f571738.jpg', '', 0, 41, 1, '0.0000', 1, '20000.0000', 1, 0, 0, '0000-00-00', '190.00000000', 1, '0.00000000', '0.00000000', '0.00000000', 0, 1, 1, 0, 1, 2, 0, 1, NULL, 0, 1, '2020-12-09 12:47:36', '2020-12-11 11:40:04'),
(332, '', '', '', '', '0.0000', '0.0000', '0.0000', '', '', '', '', '', '', '', 0, 0, 0, 'https://2.pik.vn/202090974ddb-24f0-4644-a538-f02c1e3bbfa0.jpg', '', 0, 47, 1, '95000.0000', 1, '100000.0000', 1, 0, 0, '0000-00-00', '100.00000000', 1, '0.00000000', '0.00000000', '0.00000000', 0, 1, 1, 0, 1, 2, 0, 1, NULL, 0, 1, '2020-12-09 12:47:36', '2020-12-11 11:40:04'),
(333, '', '', '', '', '0.0000', '0.0000', '0.0000', '', '', '', '', '', '', '', 0, 0, 0, 'https://2.pik.vn/202012598d0d-13b6-4363-a46c-0e8c45e3e075.jpg', '', 0, 33, 1, '80000.0000', 1, '95000.0000', 1, 0, 0, '0000-00-00', '1.00000000', 1, '0.00000000', '0.00000000', '0.00000000', 0, 1, 1, 0, 1, 2, 0, 1, NULL, 0, 1, '2020-12-09 12:47:36', '2020-12-11 11:40:04'),
(334, '', '', '', '', '0.0000', '0.0000', '0.0000', '', '', '', '', '', '', '', 0, 0, 0, 'https://2.pik.vn/2020e52a8f39-e123-4d43-909c-fb847342566f.jpg', '', 0, 27, 1, '0.0000', 1, '10000.0000', 1, 0, 0, '0000-00-00', '60.00000000', 1, '0.00000000', '0.00000000', '0.00000000', 0, 1, 1, 0, 1, 2, 0, 1, NULL, 0, 1, '2020-12-09 12:47:36', '2020-12-11 11:40:05'),
(335, '', '', '', '', '0.0000', '0.0000', '0.0000', '', '', '', '', '', '', '', 0, 0, 0, 'https://2.pik.vn/2020ce1423e1-1f9b-4f76-91b0-bf127de09154.jpg', '', 0, 33, 1, '55000.0000', 1, '65000.0000', 1, 0, 0, '0000-00-00', '1.00000000', 1, '0.00000000', '0.00000000', '0.00000000', 0, 1, 1, 0, 1, 2, 0, 1, NULL, 0, 1, '2020-12-09 12:47:36', '2020-12-11 11:40:04'),
(336, '', '', '', '', '0.0000', '0.0000', '0.0000', '', '', '', '', '', '', '', 0, 0, 0, 'https://2.pik.vn/2020b28fabf2-a790-4e56-83d5-eb19fc5b599f.jpg', '', 0, 38, 1, '0.0000', 1, '12000.0000', 1, 0, 0, '0000-00-00', '60.00000000', 1, '0.00000000', '0.00000000', '0.00000000', 0, 1, 1, 0, 1, 2, 0, 1, NULL, 0, 1, '2020-12-09 12:47:36', '2020-12-11 11:40:04'),
(337, '', '', '', '', '0.0000', '0.0000', '0.0000', '', '', '', '', '', '', '', 0, 0, 0, 'https://cdn.bestme.asia/images/x2/f2dd17833cd2ddbe5ddb778af4f7913e_VrNayI0.jpg', '', 0, 48, 1, '0.0000', 1, '350000.0000', 1, 0, 0, '0000-00-00', '650.00000000', 1, '0.00000000', '0.00000000', '0.00000000', 0, 1, 1, 0, 1, 2, 0, 1, NULL, 0, 1, '2020-12-09 12:47:36', '2020-12-11 11:40:05'),
(338, '', '', '', '', '0.0000', '0.0000', '0.0000', '', '', '', '', '', '', '', 0, 0, 0, 'https://cdn.bestme.asia/images/x2/eed690faec59f606b160c3e8fba76e05_5s1NDxX.jpg', '', 0, 49, 1, '0.0000', 1, '250000.0000', 1, 0, 0, '0000-00-00', '600.00000000', 1, '0.00000000', '0.00000000', '0.00000000', 0, 1, 1, 0, 1, 2, 0, 1, NULL, 0, 1, '2020-12-09 12:47:36', '2020-12-11 11:40:05'),
(339, '', '', '', '', '0.0000', '0.0000', '0.0000', '', '', '', '', '', '', '', 0, 0, 0, 'https://cdn.bestme.asia/images/x2/diem-danh-10-dau-goi-cho-toc-dau-va-mong-tot-nhat-ma-ban-nen-dung-22112018172212_Jd0cXVv.jpg', '', 0, 49, 1, '720000.0000', 1, '800000.0000', 1, 0, 0, '0000-00-00', '1200.00000000', 1, '0.00000000', '0.00000000', '0.00000000', 0, 1, 1, 0, 1, 2, 0, 1, NULL, 0, 1, '2020-12-09 12:47:36', '2020-12-11 11:40:05'),
(340, '', '', '', '', '0.0000', '0.0000', '0.0000', '', '', '', '', '', '', '', 0, 0, 0, 'https://2.pik.vn/202080794ab2-c7b1-44ae-a50d-209c289bbf01.jpg', '', 0, 35, 1, '90000.0000', 1, '100000.0000', 1, 0, 0, '0000-00-00', '10.00000000', 1, '0.00000000', '0.00000000', '0.00000000', 0, 1, 1, 0, 1, 2, 0, 1, NULL, 0, 1, '2020-12-09 12:47:36', '2020-12-11 11:40:04'),
(341, '', '', '', '', '0.0000', '0.0000', '0.0000', '', '', '', '', '', '', '', 0, 0, 0, 'https://2.pik.vn/2020455c1990-87f6-45aa-b16b-8f78c527581a.jpg', '', 0, 50, 1, '0.0000', 1, '18000.0000', 1, 0, 0, '0000-00-00', '120.00000000', 1, '0.00000000', '0.00000000', '0.00000000', 0, 1, 1, 0, 1, 2, 0, 1, NULL, 0, 1, '2020-12-09 12:47:36', '2020-12-11 11:40:04'),
(342, '', '', '', '', '0.0000', '0.0000', '0.0000', '', '', '', '', '', '', '', 0, 0, 0, 'https://2.pik.vn/2020cdf7afa5-1ca2-4f5c-947b-294f26a81798.jpg', '', 0, 35, 1, '12000.0000', 1, '15000.0000', 1, 0, 0, '0000-00-00', '10.00000000', 1, '0.00000000', '0.00000000', '0.00000000', 0, 1, 1, 0, 1, 2, 0, 1, NULL, 0, 1, '2020-12-09 12:47:36', '2020-12-11 11:40:05'),
(343, '', '', '', '', '0.0000', '0.0000', '0.0000', '', '', '', '', '', '', '', 0, 0, 0, 'https://2.pik.vn/2020c83c22e5-f8d0-4a21-bf08-8318d5220296.jpg', '', 0, 51, 1, '3200000.0000', 1, '3500000.0000', 1, 0, 0, '0000-00-00', '5.00000000', 1, '0.00000000', '0.00000000', '0.00000000', 0, 1, 1, 0, 1, 2, 0, 1, NULL, 0, 1, '2020-12-09 12:47:36', '2020-12-11 11:40:04'),
(344, '', '', '', '', '0.0000', '0.0000', '0.0000', '', '', '', '', '', '', '', 0, 0, 0, 'https://2.pik.vn/202091de116c-72a0-4ab7-b06f-350f2efb41d3.jpg', '', 0, 35, 1, '145000.0000', 1, '170000.0000', 1, 0, 0, '0000-00-00', '10.00000000', 1, '0.00000000', '0.00000000', '0.00000000', 0, 1, 1, 0, 1, 2, 0, 1, NULL, 0, 1, '2020-12-09 12:47:36', '2020-12-11 11:40:04'),
(345, '', '', '', '', '0.0000', '0.0000', '0.0000', '', '', '', '', '', '', '', 0, 0, 0, 'https://2.pik.vn/2020a0fb4cb9-86b7-4b0e-8535-7f0fac3bf8c7.jpg', '', 0, 38, 1, '0.0000', 1, '12000.0000', 1, 0, 0, '0000-00-00', '60.00000000', 1, '0.00000000', '0.00000000', '0.00000000', 0, 1, 1, 0, 1, 2, 0, 1, NULL, 0, 1, '2020-12-09 12:47:36', '2020-12-11 11:40:04'),
(346, '', '', '', '', '0.0000', '0.0000', '0.0000', '', '', '', '', '', '', '', 0, 0, 0, 'https://2.pik.vn/2020323fe0e2-a3cd-42e6-929a-7eecf6f29b98.jpg', '', 0, 35, 1, '145000.0000', 1, '170000.0000', 1, 0, 0, '0000-00-00', '10.00000000', 1, '0.00000000', '0.00000000', '0.00000000', 0, 1, 1, 0, 1, 2, 0, 1, NULL, 0, 1, '2020-12-09 12:47:36', '2020-12-11 11:40:05'),
(347, '', '', '', '', '0.0000', '0.0000', '0.0000', '', '', '', '', '', '', '', 0, 0, 0, 'https://2.pik.vn/20209a170a21-c218-4aea-88e2-1da3bd23be4d.jpg', '', 0, 37, 1, '8000.0000', 1, '9000.0000', 1, 0, 0, '0000-00-00', '330.00000000', 1, '0.00000000', '0.00000000', '0.00000000', 0, 1, 1, 0, 1, 2, 0, 1, NULL, 0, 1, '2020-12-09 12:47:36', '2020-12-11 11:40:04'),
(348, '', '', '', '', '0.0000', '0.0000', '0.0000', '', '', '', '', '', '', '', 0, 0, 0, 'https://cdn.bestme.asia/images/x2/dau-goi-va-dau-xa-tresemme-thai-lan_ng2dFA1.jpg', '', 0, 52, 1, '450000.0000', 1, '500000.0000', 1, 0, 0, '0000-00-00', '1200.00000000', 1, '0.00000000', '0.00000000', '0.00000000', 0, 1, 1, 0, 1, 2, 0, 1, NULL, 0, 1, '2020-12-09 12:47:36', '2020-12-11 11:40:05'),
(349, '', '', '', '', '0.0000', '0.0000', '0.0000', '', '', '', '', '', '', '', 0, 0, 0, 'https://2.pik.vn/2020033fb846-3cb8-46c1-9881-20518d954d3a.jpg', '', 0, 30, 1, '0.0000', 1, '3500.0000', 1, 0, 0, '0000-00-00', '75.00000000', 1, '0.00000000', '0.00000000', '0.00000000', 0, 1, 1, 0, 1, 2, 0, 1, NULL, 0, 1, '2020-12-09 12:47:36', '2020-12-11 11:40:04'),
(350, '', '', '', '', '0.0000', '0.0000', '0.0000', '', '', '', '', '', '', '', 0, 0, 0, 'https://2.pik.vn/20205aa26ea8-c2ed-4105-a5aa-d897455391f0.jpg', '', 0, 32, 1, '4500000.0000', 1, '5000000.0000', 1, 0, 0, '0000-00-00', '1.00000000', 1, '0.00000000', '0.00000000', '0.00000000', 0, 1, 1, 0, 1, 2, 0, 1, NULL, 0, 1, '2020-12-09 12:47:36', '2020-12-11 11:40:03'),
(351, '', '', '', '', '0.0000', '0.0000', '0.0000', '', '', '', '', '', '', '', 0, 0, 0, 'https://2.pik.vn/2020fc823be9-e0e0-4874-aff1-8a3e8ca09ae6.jpg', '', 0, 34, 1, '0.0000', 1, '5500000.0000', 1, 0, 0, '0000-00-00', '5.00000000', 1, '0.00000000', '0.00000000', '0.00000000', 0, 1, 1, 0, 1, 2, 0, 1, NULL, 0, 1, '2020-12-09 12:47:36', '2020-12-11 11:40:05'),
(352, '', '', '', '', '0.0000', '0.0000', '0.0000', '', '', '', '', '', '', '', 0, 0, 0, 'https://cdn.bestme.asia/images/x2/6237e1b8ad9ed07f8c6aa793c6229d32_EsvnG2B.jpg', '', 0, 53, 1, '0.0000', 1, '300000.0000', 1, 0, 0, '0000-00-00', '650.00000000', 1, '0.00000000', '0.00000000', '0.00000000', 0, 1, 1, 0, 1, 2, 0, 1, NULL, 0, 1, '2020-12-09 12:47:36', '2020-12-11 11:40:05'),
(353, '', '', '', '', '0.0000', '0.0000', '0.0000', '', '', '', '', '', '', '', 0, 0, 0, 'https://2.pik.vn/20201442dfb6-84cc-4a10-afa2-6ebca87de6f0.jpg', '', 0, 35, 1, '0.0000', 1, '1500000.0000', 1, 0, 0, '0000-00-00', '5.00000000', 1, '0.00000000', '0.00000000', '0.00000000', 0, 1, 1, 0, 1, 2, 0, 1, NULL, 0, 1, '2020-12-09 12:47:36', '2020-12-11 11:40:04'),
(354, '', '', '', '', '0.0000', '0.0000', '0.0000', '', '', '', '', '', '', '', 0, 0, 0, 'https://cdn.bestme.asia/images/x2/b763b6f84892d32a15f64cc9410a2245_WWqbp3R.jpg', '', 0, 54, 1, '0.0000', 1, '60000.0000', 1, 0, 0, '0000-00-00', '800.00000000', 1, '0.00000000', '0.00000000', '0.00000000', 0, 1, 1, 0, 1, 2, 0, 1, NULL, 0, 1, '2020-12-09 12:47:36', '2020-12-11 11:40:04'),
(355, '', '', '', '', '0.0000', '0.0000', '0.0000', '', '', '', '', '', '', '', 0, 0, 0, 'https://cdn.bestme.asia/images/x2/194afc2632e83a633b0c0ef07f1b9d76.jpg', '', 0, 26, 1, '0.0000', 1, '40000.0000', 1, 0, 0, '0000-00-00', '1000.00000000', 1, '0.00000000', '0.00000000', '0.00000000', 0, 1, 1, 0, 1, 2, 0, 1, NULL, 0, 1, '2020-12-09 12:47:36', '2020-12-09 12:47:36'),
(356, '', '', '', '', '0.0000', '0.0000', '0.0000', '', '', '', '', '', '', '', 0, 0, 0, 'https://cdn.bestme.asia/images/x2/cu-hanh-tim.png', '', 0, 26, 1, '0.0000', 1, '20000.0000', 1, 0, 0, '0000-00-00', '1000.00000000', 1, '0.00000000', '0.00000000', '0.00000000', 0, 1, 1, 0, 1, 2, 0, 1, NULL, 0, 1, '2020-12-09 12:47:36', '2020-12-09 12:47:36'),
(357, '', '', '', '', '0.0000', '0.0000', '0.0000', '', '', '', '', '', '', '', 0, 0, 0, 'https://cdn.bestme.asia/images/x2/gambar-buah-apel-merah.png', '', 0, 26, 1, '0.0000', 1, '75000.0000', 1, 0, 0, '0000-00-00', '1000.00000000', 1, '0.00000000', '0.00000000', '0.00000000', 0, 1, 1, 0, 1, 2, 0, 1, NULL, 0, 1, '2020-12-09 12:47:36', '2020-12-09 12:47:36'),
(358, '', '', '', '', '0.0000', '0.0000', '0.0000', '', '', '', '', '', '', '', 0, 0, 0, 'https://cdn.bestme.asia/images/x2/fruit-de-la-passion.png', '', 0, 26, 1, '0.0000', 1, '10000.0000', 1, 0, 0, '0000-00-00', '500.00000000', 1, '0.00000000', '0.00000000', '0.00000000', 0, 1, 1, 0, 1, 2, 0, 1, NULL, 0, 1, '2020-12-09 12:47:36', '2020-12-09 12:47:36'),
(359, '', '', '', '', '0.0000', '0.0000', '0.0000', '', '', '', '', '', '', '', 0, 0, 0, 'https://cdn.bestme.asia/images/x2/giay-ve-sinh-an-an-loc-12-4_uRyceEH.jpg', '', 0, 55, 1, '0.0000', 1, '50000.0000', 1, 0, 0, '0000-00-00', '800.00000000', 1, '0.00000000', '0.00000000', '0.00000000', 0, 1, 1, 0, 1, 2, 0, 1, NULL, 0, 1, '2020-12-09 12:47:36', '2020-12-11 11:40:05'),
(360, '', '', '', '', '0.0000', '0.0000', '0.0000', '', '', '', '', '', '', '', 0, 0, 0, 'https://cdn.bestme.asia/images/x2/bot-canh-thien-huong-goi-195g_n2e6VMP.jpg', '', 0, 75, 1, '0.0000', 1, '5000.0000', 1, 0, 0, '0000-00-00', '400.00000000', 1, '0.00000000', '0.00000000', '0.00000000', 0, 1, 1, 0, 1, 2, 0, 1, NULL, 0, 1, '2020-12-09 12:47:36', '2020-12-11 11:40:05'),
(361, '', '', '', '', '0.0000', '0.0000', '0.0000', '', '', '', '', '', '', '', 0, 0, 0, 'https://2.pik.vn/20209b47e7f9-c492-4ffd-b1a6-7bdbbcbe969f.jpg', '', 0, 57, 1, '0.0000', 1, '2000.0000', 1, 0, 0, '0000-00-00', '15.00000000', 1, '0.00000000', '0.00000000', '0.00000000', 0, 1, 1, 0, 1, 2, 0, 1, NULL, 0, 1, '2020-12-09 12:47:36', '2020-12-09 12:47:36'),
(362, '', '', '', '', '0.0000', '0.0000', '0.0000', '', '', '', '', '', '', '', 0, 0, 0, 'https://cdn.bestme.asia/images/x2/giay-ve-sinh-khong-loi-coop-happy-2-lop-loc-18-cuon_BLPGhPL.jpg', '', 0, 58, 1, '0.0000', 1, '45000.0000', 1, 0, 0, '0000-00-00', '800.00000000', 1, '0.00000000', '0.00000000', '0.00000000', 0, 1, 1, 0, 1, 2, 0, 1, NULL, 0, 1, '2020-12-09 12:47:36', '2020-12-11 11:40:05'),
(363, '', '', '', '', '0.0000', '0.0000', '0.0000', '', '', '', '', '', '', '', 0, 0, 0, 'https://cdn.bestme.asia/images/x2/chuoi-cau.jpg', '', 0, 26, 1, '0.0000', 1, '20000.0000', 1, 0, 0, '0000-00-00', '1000.00000000', 1, '0.00000000', '0.00000000', '0.00000000', 0, 1, 1, 0, 1, 2, 0, 1, NULL, 0, 1, '2020-12-09 12:47:36', '2020-12-09 12:47:36'),
(364, '', '', '', '', '0.0000', '0.0000', '0.0000', '', '', '', '', '', '', '', 0, 0, 0, 'https://cdn.bestme.asia/images/x2/nuoc-mam-ca-com-momby-40-do-dam-60ml_rbBQZFp.jpg', '', 0, 59, 1, '0.0000', 1, '40000.0000', 1, 0, 0, '0000-00-00', '600.00000000', 1, '0.00000000', '0.00000000', '0.00000000', 0, 1, 1, 0, 1, 2, 0, 1, NULL, 0, 1, '2020-12-09 12:47:36', '2020-12-11 11:40:05'),
(365, '', '', '', '', '0.0000', '0.0000', '0.0000', '', '', '', '', '', '', '', 0, 0, 0, 'https://cdn.bestme.asia/images/x2/bot-canh-nam-huong-cholimex-goi-180g_Z6zmRiS.jpg', '', 0, 60, 1, '0.0000', 1, '5000.0000', 1, 0, 0, '0000-00-00', '400.00000000', 1, '0.00000000', '0.00000000', '0.00000000', 0, 1, 1, 0, 1, 2, 0, 1, NULL, 0, 1, '2020-12-09 12:47:36', '2020-12-11 11:40:05'),
(366, '', '', '', '', '0.0000', '0.0000', '0.0000', '', '', '', '', '', '', '', 0, 0, 0, 'https://cdn.bestme.asia/images/x2/0476a449bd725018cc07df0e3b74119a_IF9tMS9.jpg', '', 0, 35, 1, '0.0000', 1, '350000.0000', 1, 0, 0, '0000-00-00', '500.00000000', 1, '0.00000000', '0.00000000', '0.00000000', 0, 1, 1, 0, 1, 2, 0, 1, NULL, 0, 1, '2020-12-09 12:47:36', '2020-12-11 11:40:04'),
(367, '', '', '', '', '0.0000', '0.0000', '0.0000', '', '', '', '', '', '', '', 0, 0, 0, 'https://2.pik.vn/2020fbfbd42a-c448-40e7-852a-2a1fc6fd0a0e.jpg', '', 0, 61, 1, '0.0000', 1, '40000.0000', 1, 0, 0, '0000-00-00', '20.00000000', 1, '0.00000000', '0.00000000', '0.00000000', 0, 1, 1, 0, 1, 2, 0, 1, NULL, 0, 1, '2020-12-09 12:47:36', '2020-12-09 12:47:36'),
(368, '', '', '', '', '0.0000', '0.0000', '0.0000', '', '', '', '', '', '', '', 0, 0, 0, 'https://2.pik.vn/202010cb82ce-e55e-4ae7-bad7-0fb8c5e4e8e2.jpg', '', 0, 33, 1, '380000.0000', 1, '400000.0000', 1, 0, 0, '0000-00-00', '20.00000000', 1, '0.00000000', '0.00000000', '0.00000000', 0, 1, 1, 0, 1, 2, 0, 1, NULL, 0, 1, '2020-12-09 12:47:36', '2020-12-09 12:47:36'),
(369, '', '', '', '', '0.0000', '0.0000', '0.0000', '', '', '', '', '', '', '', 0, 0, 0, 'https://2.pik.vn/2020003997d9-72a3-485a-b9b2-259baeaf8f1b.jpg', '', 0, 62, 1, '0.0000', 1, '19000.0000', 1, 0, 0, '0000-00-00', '20.00000000', 1, '0.00000000', '0.00000000', '0.00000000', 0, 1, 1, 0, 1, 2, 0, 1, NULL, 0, 1, '2020-12-09 12:47:36', '2020-12-09 12:47:36'),
(370, '', '', '', '', '0.0000', '0.0000', '0.0000', '', '', '', '', '', '', '', 0, 0, 0, 'https://2.pik.vn/20201aa5fb38-e788-444b-b6c9-0b946aa443a1.jpg', '', 0, 63, 1, '0.0000', 1, '30000.0000', 1, 0, 0, '0000-00-00', '15.00000000', 1, '0.00000000', '0.00000000', '0.00000000', 0, 1, 1, 0, 1, 2, 0, 1, NULL, 0, 1, '2020-12-09 12:47:36', '2020-12-09 12:47:36'),
(371, '', '', '', '', '0.0000', '0.0000', '0.0000', '', '', '', '', '', '', '', 0, 0, 0, 'https://2.pik.vn/2020bff632db-4e82-4829-a516-cd8633d7ab42.jpg', '', 0, 61, 1, '0.0000', 1, '40000.0000', 1, 0, 0, '0000-00-00', '20.00000000', 1, '0.00000000', '0.00000000', '0.00000000', 0, 1, 1, 0, 1, 2, 0, 1, NULL, 0, 1, '2020-12-09 12:47:36', '2020-12-09 12:47:36'),
(372, '', '', '', '', '0.0000', '0.0000', '0.0000', '', '', '', '', '', '', '', 0, 0, 0, 'https://cdn.bestme.asia/images/x2/a7673b48297a76ec751491dc65616b4a_cKBuxmd.jpg', '', 0, 64, 1, '0.0000', 1, '20000.0000', 1, 0, 0, '0000-00-00', '800.00000000', 1, '0.00000000', '0.00000000', '0.00000000', 0, 1, 1, 0, 1, 2, 0, 1, NULL, 0, 1, '2020-12-09 12:47:36', '2020-12-11 11:40:05'),
(373, '', '', '', '', '0.0000', '0.0000', '0.0000', '', '', '', '', '', '', '', 0, 0, 0, 'https://cdn.bestme.asia/images/x2/450a1d3f0fd2911fa50f558fdbbea850_PWuXdGW.jpg', '', 0, 35, 1, '0.0000', 1, '400000.0000', 1, 0, 0, '0000-00-00', '550.00000000', 1, '0.00000000', '0.00000000', '0.00000000', 0, 1, 1, 0, 1, 2, 0, 1, NULL, 0, 1, '2020-12-09 12:47:36', '2020-12-11 11:40:05'),
(374, '', '', '', '', '0.0000', '0.0000', '0.0000', '', '', '', '', '', '', '', 0, 0, 0, 'https://cdn.bestme.asia/images/x2/21183d8d0eb4590c15e37548f7a0b8c9_nJD8oJH.jpg', '', 0, 27, 1, '0.0000', 1, '40000.0000', 1, 0, 0, '0000-00-00', '1000.00000000', 1, '0.00000000', '0.00000000', '0.00000000', 0, 1, 1, 0, 1, 2, 0, 1, NULL, 0, 1, '2020-12-09 12:47:36', '2020-12-11 11:40:05'),
(375, '', '', '', '', '0.0000', '0.0000', '0.0000', '', '', '', '', '', '', '', 0, 0, 0, 'https://2.pik.vn/202009cb8f56-5072-4c99-800d-f04b29a44dc2.jpg', '', 0, 33, 1, '0.0000', 1, '250000.0000', 1, 0, 0, '0000-00-00', '20.00000000', 1, '0.00000000', '0.00000000', '0.00000000', 0, 1, 1, 0, 1, 2, 0, 1, NULL, 0, 1, '2020-12-09 12:47:36', '2020-12-09 12:47:36'),
(376, '', '', '', '', '0.0000', '0.0000', '0.0000', '', '', '', '', '', '', '', 0, 0, 0, 'https://2.pik.vn/20201f5bdf89-ede7-4473-9145-7bdbc56abd58.jpg', '', 0, 65, 1, '0.0000', 1, '25000.0000', 1, 0, 0, '0000-00-00', '15.00000000', 1, '0.00000000', '0.00000000', '0.00000000', 0, 1, 1, 0, 1, 2, 0, 1, NULL, 0, 1, '2020-12-09 12:47:36', '2020-12-09 12:47:36'),
(377, '', '', '', '', '0.0000', '0.0000', '0.0000', '', '', '', '', '', '', '', 0, 0, 0, 'https://cdn.bestme.asia/images/x2/86921e9c0c1013bf84156b6bf9f3bafd_TDtsVty.jpg', '', 0, 62, 1, '0.0000', 1, '24000.0000', 1, 0, 0, '0000-00-00', '700.00000000', 1, '0.00000000', '0.00000000', '0.00000000', 0, 1, 1, 0, 1, 2, 0, 1, NULL, 0, 1, '2020-12-09 12:47:36', '2020-12-11 11:40:05'),
(378, '', '', '', '', '0.0000', '0.0000', '0.0000', '', '', '', '', '', '', '', 0, 0, 0, 'https://cdn.bestme.asia/images/x2/p032561l_FzHSwBU.jpg', '', 0, 66, 1, '0.0000', 1, '65000.0000', 1, 0, 0, '0000-00-00', '800.00000000', 1, '0.00000000', '0.00000000', '0.00000000', 0, 1, 1, 0, 1, 2, 0, 1, NULL, 0, 1, '2020-12-09 12:47:36', '2020-12-11 11:40:05'),
(379, '', '', '', '', '0.0000', '0.0000', '0.0000', '', '', '', '', '', '', '', 0, 0, 0, 'https://cdn.bestme.asia/images/x2/2f596f4f6285b3b39c3f5add9e1bcbc4_K7yalXD.jpg', '', 0, 67, 1, '740000.0000', 1, '800000.0000', 1, 0, 0, '0000-00-00', '1000.00000000', 1, '0.00000000', '0.00000000', '0.00000000', 0, 1, 1, 0, 1, 2, 0, 1, NULL, 0, 1, '2020-12-09 12:47:36', '2020-12-11 11:40:05'),
(380, '', '', '', '', '0.0000', '0.0000', '0.0000', '', '', '', '', '', '', '', 0, 0, 0, 'https://cdn.bestme.asia/images/x2/65db6637fe4e0b3155c10ad10bc40f7c_KwS6WUt.jpg', '', 0, 28, 1, '0.0000', 1, '8000.0000', 1, 0, 0, '0000-00-00', '75.00000000', 1, '0.00000000', '0.00000000', '0.00000000', 0, 1, 1, 0, 1, 2, 0, 1, NULL, 0, 1, '2020-12-09 12:47:36', '2020-12-11 11:40:04'),
(381, '', '', '', '', '0.0000', '0.0000', '0.0000', '', '', '', '', '', '', '', 0, 0, 0, 'https://2.pik.vn/2020a867614b-16f3-4305-9bf1-4df252f200a9.jpg', '', 0, 28, 1, '0.0000', 1, '8000.0000', 1, 0, 0, '0000-00-00', '75.00000000', 1, '0.00000000', '0.00000000', '0.00000000', 0, 1, 1, 0, 1, 2, 0, 1, NULL, 0, 1, '2020-12-09 12:47:36', '2020-12-09 12:47:36'),
(391, '', '', '', '', '0.0000', '0.0000', '0.0000', '', '', '', '', '', '', '', 0, 0, 0, 'https://2.pik.vn/2020241efc0c-1e35-4e8e-a157-1890a5a3da82.jpg', '', 0, 68, 1, '50000.0000', 1, '90000.0000', 1, 0, 0, '0000-00-00', '350.00000000', 1, '0.00000000', '0.00000000', '0.00000000', 0, 1, 1, 0, 1, 2, 0, 1, NULL, 0, 1, '2020-12-11 11:36:23', '2020-12-11 11:36:23'),
(390, '', '', '', '', '0.0000', '0.0000', '0.0000', '', '', '', '', '', '', '', 0, 0, 0, 'https://2.pik.vn/2020bf8d282a-f589-4630-93bd-c7a35e6afd64.jpg', '', 0, 68, 1, '50000.0000', 1, '90000.0000', 1, 0, 0, '0000-00-00', '350.00000000', 1, '0.00000000', '0.00000000', '0.00000000', 0, 1, 1, 0, 1, 2, 0, 1, NULL, 0, 1, '2020-12-11 11:36:23', '2020-12-11 11:36:23'),
(389, '', '', '', '', '0.0000', '0.0000', '0.0000', '', '', '', '', '', '', '', 0, 0, 0, 'https://2.pik.vn/20207a0f3e61-2aa5-43ff-ba9d-47452a1239ef.jpg', '', 0, 68, 1, '50000.0000', 1, '90000.0000', 1, 0, 0, '0000-00-00', '350.00000000', 1, '0.00000000', '0.00000000', '0.00000000', 0, 1, 1, 0, 1, 2, 0, 1, NULL, 0, 1, '2020-12-11 11:36:23', '2020-12-11 11:36:23'),
(388, '', '', '', '', '0.0000', '0.0000', '0.0000', '', '', '', '', '', '', '', 0, 0, 0, 'https://2.pik.vn/2020d68ea865-08b0-4a21-83b0-6716e88f563d.jpg', '', 0, 68, 1, '50000.0000', 1, '90000.0000', 1, 0, 0, '0000-00-00', '350.00000000', 1, '0.00000000', '0.00000000', '0.00000000', 0, 1, 1, 0, 1, 2, 0, 1, NULL, 0, 1, '2020-12-11 11:36:23', '2020-12-11 11:36:23'),
(387, '', '', '', '', '0.0000', '0.0000', '0.0000', '', '', '', '', '', '', '', 0, 0, 0, 'https://2.pik.vn/2020cc99ddec-b0b5-492a-89d3-dec22152f18b.jpg', '', 0, 68, 1, '50000.0000', 1, '90000.0000', 1, 0, 0, '0000-00-00', '350.00000000', 1, '0.00000000', '0.00000000', '0.00000000', 0, 1, 1, 0, 1, 2, 0, 1, NULL, 0, 1, '2020-12-11 11:36:23', '2020-12-11 11:36:23'),
(386, '', '', '', '', '0.0000', '0.0000', '0.0000', '', '', '', '', '', '', '', 0, 0, 0, 'https://2.pik.vn/2020319e0b51-97c1-44db-a80c-2f206f16ae9e.jpg', '', 0, 68, 1, '50000.0000', 1, '90000.0000', 1, 0, 0, '0000-00-00', '350.00000000', 1, '0.00000000', '0.00000000', '0.00000000', 0, 1, 1, 0, 1, 2, 0, 1, NULL, 0, 1, '2020-12-11 11:36:23', '2020-12-11 11:36:23'),
(385, '', '', '', '', '0.0000', '0.0000', '0.0000', '', '', '', '', '', '', '', 0, 0, 0, 'https://2.pik.vn/2020b393e5e4-4262-4d9e-9248-de19f9dda163.jpg', '', 0, 68, 1, '50000.0000', 1, '90000.0000', 1, 0, 0, '0000-00-00', '350.00000000', 1, '0.00000000', '0.00000000', '0.00000000', 0, 1, 1, 0, 1, 2, 0, 1, NULL, 0, 1, '2020-12-11 11:36:23', '2020-12-11 11:36:23'),
(384, '', '', '', '', '0.0000', '0.0000', '0.0000', '', '', '', '', '', '', '', 0, 0, 0, 'https://2.pik.vn/20201ea02803-bd7c-46e2-852b-10ef2384334f.jpg', '', 0, 68, 1, '50000.0000', 1, '90000.0000', 1, 0, 0, '0000-00-00', '350.00000000', 1, '0.00000000', '0.00000000', '0.00000000', 0, 1, 1, 0, 1, 2, 0, 1, NULL, 0, 1, '2020-12-11 11:36:23', '2020-12-11 11:36:23'),
(383, '', '', '', '', '0.0000', '0.0000', '0.0000', '', '', '', '', '', '', '', 0, 0, 0, 'https://2.pik.vn/2020c3c338d0-2c60-474e-957d-43dce4c7909e.jpg', '', 0, 68, 1, '50000.0000', 1, '90000.0000', 1, 0, 0, '0000-00-00', '350.00000000', 1, '0.00000000', '0.00000000', '0.00000000', 0, 1, 1, 0, 1, 2, 0, 1, NULL, 0, 1, '2020-12-11 11:36:23', '2020-12-11 11:36:23'),
(382, '', '', '', '', '0.0000', '0.0000', '0.0000', '', '', '', '', '', '', '', 0, 0, 0, 'https://2.pik.vn/20209ff28d99-b80f-4cd9-a04f-8d6bf97091ad.jpg\n', '', 0, 68, 1, '50000.0000', 1, '90000.0000', 1, 0, 0, '0000-00-00', '350.00000000', 1, '0.00000000', '0.00000000', '0.00000000', 0, 1, 1, 0, 1, 2, 0, 1, NULL, 0, 1, '2020-12-11 11:36:23', '2020-12-11 11:36:23'),
(392, '', '', '', '', '0.0000', '0.0000', '0.0000', '', '', '', '', '', '', '', 0, 0, 0, 'https://2.pik.vn/2020e5a605c0-0c90-4169-ae11-d6009f9f1f44.jpg', '', 0, 68, 1, '50000.0000', 1, '90000.0000', 1, 0, 0, '0000-00-00', '350.00000000', 1, '0.00000000', '0.00000000', '0.00000000', 0, 1, 1, 0, 1, 2, 0, 1, NULL, 0, 1, '2020-12-11 11:36:23', '2020-12-11 11:36:23'),
(393, '', '', '', '', '0.0000', '0.0000', '0.0000', '', '', '', '', '', '', '', 0, 0, 0, 'https://2.pik.vn/2020f80087ce-454d-4d47-998a-9e051a568c69.jpg', '', 0, 68, 1, '50000.0000', 1, '90000.0000', 1, 0, 0, '0000-00-00', '350.00000000', 1, '0.00000000', '0.00000000', '0.00000000', 0, 1, 1, 0, 1, 2, 0, 1, NULL, 0, 1, '2020-12-11 11:36:23', '2020-12-11 11:36:23'),
(394, '', '', '', '', '0.0000', '0.0000', '0.0000', '', '', '', '', '', '', '', 0, 0, 0, 'https://2.pik.vn/2020aef1e987-8492-4636-9421-f2a184918a4e.jpg', '', 0, 68, 1, '50000.0000', 1, '90000.0000', 1, 0, 0, '0000-00-00', '350.00000000', 1, '0.00000000', '0.00000000', '0.00000000', 0, 1, 1, 0, 1, 2, 0, 1, NULL, 0, 1, '2020-12-11 11:36:23', '2020-12-11 11:36:23'),
(395, '', '', '', '', '0.0000', '0.0000', '0.0000', '', '', '', '', '', '', '', 0, 0, 0, 'https://2.pik.vn/20203f8c1b8c-e39d-489f-82b9-64d90e005fca.jpg', '', 0, 68, 1, '50000.0000', 1, '90000.0000', 1, 0, 0, '0000-00-00', '350.00000000', 1, '0.00000000', '0.00000000', '0.00000000', 0, 1, 1, 0, 1, 2, 0, 1, NULL, 0, 1, '2020-12-11 11:36:23', '2020-12-11 11:36:23'),
(396, '', '', '', '', '0.0000', '0.0000', '0.0000', '', '', '', '', '', '', '', 0, 0, 0, 'https://2.pik.vn/2020c654e5cc-03ad-4408-a7c6-b85b69ae5bd7.jpg', '', 0, 68, 1, '50000.0000', 1, '90000.0000', 1, 0, 0, '0000-00-00', '350.00000000', 1, '0.00000000', '0.00000000', '0.00000000', 0, 1, 1, 0, 1, 2, 0, 1, NULL, 0, 1, '2020-12-11 11:36:23', '2020-12-11 11:36:23'),
(397, '', '', '', '', '0.0000', '0.0000', '0.0000', '', '', '', '', '', '', '', 0, 0, 0, 'https://2.pik.vn/2020a361b27b-0503-4cb3-8beb-f1a3424938d6.jpg', '', 0, 68, 1, '50000.0000', 1, '90000.0000', 1, 0, 0, '0000-00-00', '350.00000000', 1, '0.00000000', '0.00000000', '0.00000000', 0, 1, 1, 0, 1, 2, 0, 1, NULL, 0, 1, '2020-12-11 11:36:23', '2020-12-11 11:36:23'),
(398, '', '', '', '', '0.0000', '0.0000', '0.0000', '', '', '', '', '', '', '', 0, 0, 0, 'https://2.pik.vn/2020d62c4e7b-a1d1-4ffa-824b-706875685a9d.jpg', '', 0, 68, 1, '50000.0000', 1, '90000.0000', 1, 0, 0, '0000-00-00', '350.00000000', 1, '0.00000000', '0.00000000', '0.00000000', 0, 1, 1, 0, 1, 2, 0, 1, NULL, 0, 1, '2020-12-11 11:36:23', '2020-12-11 11:36:24'),
(399, '', '', '', '', '0.0000', '0.0000', '0.0000', '', '', '', '', '', '', '', 0, 0, 0, 'https://2.pik.vn/20203e2a420a-a563-4b28-b612-b243775c98c4.jpg', '', 0, 27, 1, '1000.0000', 1, '12000.0000', 1, 0, 0, '0000-00-00', '60.00000000', 1, '0.00000000', '0.00000000', '0.00000000', 0, 1, 1, 0, 1, 2, 0, 1, NULL, 0, 1, '2020-12-11 11:40:04', '2020-12-11 11:40:04'),
(400, '', '', '', '', '0.0000', '0.0000', '0.0000', '', '', '', '', '', '', '', 0, 0, 0, 'https://2.pik.vn/2020819031a2-9be8-4876-88b3-d25d6fd07035.png', '', 0, 40, 1, '0.0000', 1, '350000.0000', 1, 0, 0, '0000-00-00', '1.00000000', 1, '0.00000000', '0.00000000', '0.00000000', 0, 1, 1, 0, 1, 2, 0, 1, NULL, 0, 1, '2020-12-11 11:40:04', '2020-12-11 11:40:04'),
(401, '', '', '', '', '0.0000', '0.0000', '0.0000', '', '', '', '', '', '', '', 0, 0, 0, 'https://2.pik.vn/2020233d9885-4109-4eb6-813b-2342aa47e892.jpg', '', 0, 41, 1, '0.0000', 1, '15000.0000', 1, 0, 0, '0000-00-00', '100.00000000', 1, '0.00000000', '0.00000000', '0.00000000', 0, 1, 1, 0, 1, 2, 0, 1, NULL, 0, 1, '2020-12-11 11:40:04', '2020-12-11 11:40:04'),
(402, '', '', '', '', '0.0000', '0.0000', '0.0000', '', '', '', '', '', '', '', 0, 0, 0, 'https://cdn.bestme.asia/images/x2/nuoc-lau-san-sunlight-1kg-min_dB0Spo4.jpg', '', 0, 61, 1, '0.0000', 1, '40000.0000', 1, 0, 0, '0000-00-00', '1000.00000000', 1, '0.00000000', '0.00000000', '0.00000000', 0, 1, 1, 0, 1, 2, 0, 1, NULL, 0, 1, '2020-12-11 11:40:04', '2020-12-11 11:40:04'),
(403, '', '', '', '', '0.0000', '0.0000', '0.0000', '', '', '', '', '', '', '', 0, 0, 0, 'https://cdn.bestme.asia/images/x2/88069bb1b2c971e2ecfc2834790178ee_bJDvGCM.jpg', '', 0, 61, 1, '0.0000', 1, '40000.0000', 1, 0, 0, '0000-00-00', '1000.00000000', 1, '0.00000000', '0.00000000', '0.00000000', 0, 1, 1, 0, 1, 2, 0, 1, NULL, 0, 1, '2020-12-11 11:40:04', '2020-12-11 11:40:04'),
(404, '', '', '', '', '0.0000', '0.0000', '0.0000', '', '', '', '', '', '', '', 0, 0, 0, 'https://cdn.bestme.asia/images/x2/23d55285b2b583a07eb75a6a333d6032_etBwjxw.jpg', '', 0, 65, 1, '0.0000', 1, '25000.0000', 1, 0, 0, '0000-00-00', '800.00000000', 1, '0.00000000', '0.00000000', '0.00000000', 0, 1, 1, 0, 1, 2, 0, 1, NULL, 0, 1, '2020-12-11 11:40:04', '2020-12-11 11:40:04'),
(405, '', '', '', '', '0.0000', '0.0000', '0.0000', '', '', '', '', '', '', '', 0, 0, 0, 'https://cdn.bestme.asia/images/x2/9e47f121e298685a54b7baa81509a32c_MGEKIOo.jpg', '', 0, 63, 1, '0.0000', 1, '35000.0000', 1, 0, 0, '0000-00-00', '800.00000000', 1, '0.00000000', '0.00000000', '0.00000000', 0, 1, 1, 0, 1, 2, 0, 1, NULL, 0, 1, '2020-12-11 11:40:04', '2020-12-11 11:40:04'),
(406, '', '', '', '', '0.0000', '0.0000', '0.0000', '', '', '', '', '', '', '', 0, 0, 0, 'https://cdn.bestme.asia/images/x2/ec20dacf8ef652cf8511e5940c20b7d6_E4ABYR9.jpg', '', 0, 35, 1, '0.0000', 1, '400000.0000', 1, 0, 0, '0000-00-00', '500.00000000', 1, '0.00000000', '0.00000000', '0.00000000', 0, 1, 1, 0, 1, 2, 0, 1, NULL, 0, 1, '2020-12-11 11:40:04', '2020-12-11 11:40:04'),
(407, '', '', '', '', '0.0000', '0.0000', '0.0000', '', '', '', '', '', '', '', 0, 0, 0, 'https://cdn.bestme.asia/images/x2/c3c21b242a9c14bed0ae145d9cad77c8_pLHSOzB.jpg', '', 0, 35, 1, '0.0000', 1, '300000.0000', 1, 0, 0, '0000-00-00', '400.00000000', 1, '0.00000000', '0.00000000', '0.00000000', 0, 1, 1, 0, 1, 2, 0, 1, NULL, 0, 1, '2020-12-11 11:40:05', '2020-12-11 11:40:05'),
(408, '', '', '', '', '0.0000', '0.0000', '0.0000', '', '', '', '', '', '', '', 0, 0, 0, 'https://cdn.bestme.asia/images/x2/b9cb2dbab4526e0a397a6f29da2d5945_L6RS7fK.jpg', '', 0, 62, 1, '0.0000', 1, '19000.0000', 1, 0, 0, '0000-00-00', '800.00000000', 1, '0.00000000', '0.00000000', '0.00000000', 0, 1, 1, 0, 1, 2, 0, 1, NULL, 0, 1, '2020-12-11 11:40:05', '2020-12-11 11:40:05'),
(409, '', '', '', '', '0.0000', '0.0000', '0.0000', '', '', '', '', '', '', '', 0, 0, 0, 'https://cdn.bestme.asia/images/x2/bim-quan-pamper-m-032563_29gVFCF.jpg', '', 0, 69, 1, '0.0000', 1, '0.0000', 1, 0, 0, '0000-00-00', '1.00000000', 1, '0.00000000', '0.00000000', '0.00000000', 0, 1, 1, 0, 1, 2, 0, 1, NULL, 0, 1, '2020-12-11 11:40:05', '2020-12-11 11:40:05'),
(410, '', '', '', '', '0.0000', '0.0000', '0.0000', '', '', '', '', '', '', '', 0, 0, 0, 'https://cdn.bestme.asia/images/x2/bim-quan-bobby-m60-10_TzT5L3l.jpg', '', 0, 70, 1, '0.0000', 1, '0.0000', 1, 0, 0, '0000-00-00', '1.00000000', 1, '0.00000000', '0.00000000', '0.00000000', 0, 1, 1, 0, 1, 2, 0, 1, NULL, 0, 1, '2020-12-11 11:40:05', '2020-12-11 11:40:05'),
(411, '', '', '', '', '0.0000', '0.0000', '0.0000', '', '', '', '', '', '', '', 0, 0, 0, 'https://cdn.bestme.asia/images/x2/bim-ta-quan-huggies-m74_EO6u7m6.jpg', '', 0, 71, 1, '0.0000', 1, '0.0000', 1, 0, 0, '0000-00-00', '1.00000000', 1, '0.00000000', '0.00000000', '0.00000000', 0, 1, 1, 0, 1, 2, 0, 1, NULL, 0, 1, '2020-12-11 11:40:05', '2020-12-11 11:40:05'),
(412, '', '', '', '', '0.0000', '0.0000', '0.0000', '', '', '', '', '', '', '', 0, 0, 0, 'https://cdn.bestme.asia/images/x2/bim-merries-ta-dan-s82-nhat-ban-5_FpFgMEy.jpg', '', 0, 72, 1, '0.0000', 1, '0.0000', 1, 0, 0, '0000-00-00', '1.00000000', 1, '0.00000000', '0.00000000', '0.00000000', 0, 1, 1, 0, 1, 2, 0, 1, NULL, 0, 1, '2020-12-11 11:40:05', '2020-12-11 11:40:05'),
(413, '', '', '', '', '0.0000', '0.0000', '0.0000', '', '', '', '', '', '', '', 0, 0, 0, 'https://cdn.bestme.asia/images/x2/09deffe397bee06a2c4e02b10beb6831_vCeOfBd.jpg', '', 0, 73, 1, '0.0000', 1, '300000.0000', 1, 0, 0, '0000-00-00', '650.00000000', 1, '0.00000000', '0.00000000', '0.00000000', 0, 1, 1, 0, 1, 2, 0, 1, NULL, 0, 1, '2020-12-11 11:40:05', '2020-12-11 11:40:05'),
(414, '', '', '', '', '0.0000', '0.0000', '0.0000', '', '', '', '', '', '', '', 0, 0, 0, 'https://cdn.bestme.asia/images/x2/0674e4c9b697195d59c8c24e64d78dd4_4HTbEIv.jpg', '', 0, 67, 1, '0.0000', 1, '350000.0000', 1, 0, 0, '0000-00-00', '350.00000000', 1, '0.00000000', '0.00000000', '0.00000000', 0, 1, 1, 0, 1, 2, 0, 1, NULL, 0, 1, '2020-12-11 11:40:05', '2020-12-11 11:40:05'),
(415, '', '', '', '', '0.0000', '0.0000', '0.0000', '', '', '', '', '', '', '', 0, 0, 0, 'https://cdn.bestme.asia/images/x2/4da86c7447ea421b89f41e380ff15faa_686ktw2.jpg', '', 0, 74, 1, '0.0000', 1, '3000.0000', 1, 0, 0, '0000-00-00', '10.00000000', 1, '0.00000000', '0.00000000', '0.00000000', 0, 1, 1, 0, 1, 2, 0, 1, NULL, 0, 1, '2020-12-11 11:40:05', '2020-12-11 11:40:05');

-- restore soft-deleted products if demo
UPDATE `oc_product` SET `deleted` = NULL
WHERE `demo` = 1
  AND `product_id` IN (
304,
305,
303,
302,
301,
300,
299,
298,
297,
296,
295,
293,
294,
292,
291,
290,
289,
288,
286,
285,
284,
283,
282,
281,
280,
279,
278,
277,
276,
275,
274,
273,
306,
307,
308,
309,
310,
311,
312,
313,
314,
315,
316,
317,
318,
319,
320,
321,
322,
323,
324,
325,
326,
327,
328,
329,
330,
331,
332,
333,
334,
335,
336,
337,
338,
339,
340,
341,
342,
343,
344,
345,
346,
347,
348,
349,
350,
351,
352,
353,
354,
355,
356,
357,
358,
359,
360,
361,
362,
363,
364,
365,
366,
367,
368,
369,
370,
371,
372,
373,
374,
375,
376,
377,
378,
379,
380,
381,
391,
390,
389,
388,
387,
386,
385,
384,
383,
382,
392,
393,
394,
395,
396,
397,
398,
399,
400,
401,
402,
403,
404,
405,
406,
407,
408,
409,
410,
411,
412,
413,
414,
415
  );

-- oc_product_collection PRIMARY KEY (`product_collection_id`)
INSERT IGNORE INTO `oc_product_collection` (`product_collection_id`, `product_id`, `collection_id`, `sort_order`) VALUES
(756, 414, 65, 0),
(696, 399, 57, 0),
(589, 384, 53, 0),
(775, 302, 41, 0),
(694, 283, 41, 0),
(679, 300, 41, 0),
(753, 412, 64, 0),
(858, 368, 67, 36),
(657, 397, 54, 16),
(711, 301, 55, 0),
(586, 383, 53, 0),
(749, 408, 63, 0),
(751, 410, 64, 0),
(673, 398, 52, 16),
(857, 407, 67, 35),
(720, 332, 42, 0),
(752, 411, 64, 0),
(577, 280, 35, 8),
(689, 298, 46, 0),
(583, 382, 53, 0),
(898, 373, 45, 11),
(746, 407, 62, 0),
(685, 291, 46, 0),
(672, 397, 52, 15),
(740, 403, 61, 0),
(745, 373, 62, 0),
(786, 283, 56, 4),
(709, 289, 44, 0),
(674, 292, 55, 0),
(897, 375, 45, 10),
(656, 396, 54, 15),
(896, 299, 45, 9),
(698, 288, 44, 0),
(701, 311, 44, 0),
(592, 385, 53, 0),
(707, 307, 58, 0),
(856, 375, 67, 34),
(686, 305, 58, 0),
(785, 323, 56, 3),
(773, 285, 58, 0),
(772, 282, 58, 0),
(771, 281, 57, 0),
(732, 401, 42, 0),
(782, 306, 46, 0),
(680, 310, 44, 0),
(687, 308, 58, 0),
(705, 284, 57, 0),
(576, 279, 35, 7),
(575, 278, 35, 6),
(684, 296, 57, 0),
(899, 366, 45, 12),
(671, 396, 52, 14),
(655, 395, 54, 14),
(690, 299, 44, 0),
(780, 293, 46, 0),
(704, 400, 41, 0),
(700, 313, 41, 0),
(855, 373, 67, 33),
(776, 314, 44, 0),
(741, 404, 61, 0),
(895, 316, 45, 8),
(738, 354, 60, 0),
(894, 333, 45, 7),
(731, 330, 42, 0),
(742, 405, 61, 0),
(744, 366, 62, 0),
(722, 318, 59, 0),
(706, 319, 58, 0),
(719, 320, 59, 0),
(726, 309, 42, 0),
(893, 312, 45, 6),
(779, 342, 55, 0),
(777, 322, 44, 0),
(692, 323, 41, 0),
(784, 300, 56, 2),
(730, 324, 57, 0),
(675, 325, 55, 0),
(683, 326, 55, 0),
(733, 317, 59, 0),
(729, 327, 59, 0),
(721, 328, 59, 0),
(677, 329, 41, 0),
(783, 329, 56, 1),
(718, 341, 42, 0),
(715, 331, 42, 0),
(725, 294, 42, 0),
(739, 402, 61, 0),
(892, 315, 45, 5),
(770, 334, 57, 0),
(743, 406, 62, 0),
(891, 321, 45, 4),
(695, 336, 57, 0),
(763, 359, 60, 0),
(761, 337, 65, 0),
(764, 362, 60, 0),
(760, 338, 65, 0),
(765, 378, 60, 0),
(759, 339, 65, 0),
(702, 340, 55, 0),
(716, 286, 42, 0),
(750, 409, 64, 0),
(688, 343, 46, 0),
(699, 344, 55, 0),
(717, 345, 57, 0),
(778, 346, 55, 0),
(727, 304, 59, 0),
(728, 347, 59, 0),
(766, 415, 66, 0),
(758, 348, 65, 0),
(708, 349, 58, 0),
(682, 350, 44, 0),
(890, 335, 45, 3),
(854, 321, 67, 32),
(781, 351, 46, 0),
(853, 286, 67, 31),
(757, 352, 65, 0),
(712, 295, 59, 0),
(710, 353, 46, 0),
(537, 355, 51, 0),
(574, 277, 35, 5),
(573, 276, 35, 4),
(541, 357, 51, 0),
(572, 275, 35, 3),
(543, 358, 51, 0),
(571, 274, 35, 2),
(769, 360, 66, 0),
(889, 290, 45, 2),
(547, 363, 51, 0),
(570, 273, 35, 1),
(747, 364, 63, 0),
(768, 365, 66, 0),
(888, 297, 45, 1),
(762, 372, 63, 0),
(767, 374, 66, 0),
(748, 377, 63, 0),
(755, 413, 65, 0),
(754, 379, 65, 0),
(697, 380, 58, 0),
(670, 395, 52, 13),
(654, 394, 54, 13),
(607, 390, 53, 0),
(669, 394, 52, 12),
(653, 393, 54, 12),
(604, 389, 53, 0),
(668, 393, 52, 11),
(652, 392, 54, 11),
(601, 388, 53, 0),
(667, 392, 52, 10),
(651, 391, 54, 10),
(598, 387, 53, 0),
(666, 391, 52, 9),
(650, 390, 54, 9),
(595, 386, 53, 0),
(665, 389, 52, 8),
(610, 391, 53, 0),
(649, 389, 54, 8),
(664, 388, 52, 7),
(613, 392, 53, 0),
(648, 388, 54, 7),
(663, 387, 52, 6),
(616, 393, 53, 0),
(647, 387, 54, 6),
(662, 386, 52, 5),
(619, 394, 53, 0),
(646, 386, 54, 5),
(661, 385, 52, 4),
(622, 395, 53, 0),
(645, 385, 54, 4),
(660, 384, 52, 3),
(625, 396, 53, 0),
(644, 384, 54, 3),
(659, 383, 52, 2),
(628, 397, 53, 0),
(643, 383, 54, 2),
(642, 382, 54, 1),
(640, 398, 53, 0),
(658, 382, 52, 1),
(852, 303, 67, 30),
(851, 331, 67, 29),
(850, 294, 67, 28),
(849, 283, 67, 27),
(848, 299, 67, 26),
(847, 315, 67, 25),
(846, 316, 67, 24),
(845, 362, 67, 23),
(844, 378, 67, 22),
(843, 284, 67, 21),
(842, 399, 67, 20),
(841, 328, 67, 19),
(840, 348, 67, 18),
(839, 379, 67, 17),
(838, 339, 67, 16),
(837, 317, 67, 15),
(836, 327, 67, 14),
(835, 295, 67, 13),
(834, 274, 67, 12),
(833, 278, 67, 11),
(832, 360, 67, 10),
(831, 415, 67, 9),
(830, 301, 67, 8),
(829, 325, 67, 7),
(828, 300, 67, 6),
(827, 310, 67, 5),
(826, 288, 67, 4),
(825, 322, 67, 3),
(824, 412, 67, 2),
(823, 277, 67, 1),
(859, 320, 49, 1),
(860, 295, 49, 2),
(861, 327, 49, 3),
(862, 317, 49, 4),
(863, 328, 49, 5),
(864, 347, 49, 6),
(865, 318, 49, 7),
(866, 298, 49, 8);


-- oc_product_description PRIMARY KEY (`product_id`,`language_id`)
INSERT IGNORE INTO `oc_product_description` (`product_id`, `language_id`, `name`, `description`, `sub_description`, `seo_title`, `seo_description`, `tag`, `meta_title`, `meta_description`, `meta_keyword`) VALUES
-- (270, 2, 'Húng Lùi', '<p>- Mô tả sản phẩm Organic</p>\n\n<p>- Mã sản phẩm:</p>\n\n<p>- Mẫu sản phẩm:</p>\n\n<p>- Thương hiệu:</p>\n\n<p>- Kích thước:</p>', '', '', '', '', '', '', ''),
-- (271, 2, 'Rau Thơm Hỗn Hợp', '<p>- Mô tả sản phẩm Organic</p>\n\n<p>- Mã sản phẩm:</p>\n\n<p>- Mẫu sản phẩm:</p>\n\n<p>- Thương hiệu:</p>\n\n<p>- Kích thước:</p>', '', '', '', '', '', '', ''),
-- (272, 2, 'Ớt Chỉ Thiên', '<p>- Mô tả sản phẩm Organic</p>\n\n<p>- Mã sản phẩm:</p>\n\n<p>- Mẫu sản phẩm:</p>\n\n<p>- Thương hiệu:</p>\n\n<p>- Kích thước:</p>', '', '', '', '', '', '', ''),
(273, 2, 'Cải Mizuna', '<p>- Mô tả sản phẩm Organic</p>\n\n<p>- Mã sản phẩm:</p>\n\n<p>- Mẫu sản phẩm:</p>\n\n<p>- Thương hiệu:</p>\n\n<p>- Kích thước:</p>', '', '', '', '', '', '', ''),
(274, 2, 'Cải Xoăn Kale', '<p>- Mô tả sản phẩm Organic</p>\n\n<p>- Mã sản phẩm:</p>\n\n<p>- Mẫu sản phẩm:</p>\n\n<p>- Thương hiệu:</p>\n\n<p>- Kích thước:</p>', '', '', '', '', '', '', ''),
(275, 2, 'Đọt Su Su', '<p>- Mô tả sản phẩm Organic</p>\n\n<p>- Mã sản phẩm:</p>\n\n<p>- Mẫu sản phẩm:</p>\n\n<p>- Thương hiệu:</p>\n\n<p>- Kích thước:</p>', '', '', '', '', '', '', ''),
(276, 2, 'Xà Lách Cuộn', '<p>- Mô tả sản phẩm Organic</p>\n\n<p>- Mã sản phẩm:</p>\n\n<p>- Mẫu sản phẩm:</p>\n\n<p>- Thương hiệu:</p>\n\n<p>- Kích thước:</p>', '', '', '', '', '', '', ''),
(277, 2, 'Bắp Nếp', '<p>- Mô tả sản phẩm Organic</p>\n\n<p>- Mã sản phẩm:</p>\n\n<p>- Mẫu sản phẩm:</p>\n\n<p>- Thương hiệu:</p>\n\n<p>- Kích thước:</p>', '', '', '', '', '', '', ''),
(278, 2, 'Cà Chua', '<p>- Mô tả sản phẩm Organic</p>\n\n<p>- Mã sản phẩm:</p>\n\n<p>- Mẫu sản phẩm:</p>\n\n<p>- Thương hiệu:</p>\n\n<p>- Kích thước:</p>', '', '', '', '', '', '', ''),
(279, 2, 'Đậu Cove Nhật', '<p>- Mô tả sản phẩm Organic</p>\n\n<p>- Mã sản phẩm:</p>\n\n<p>- Mẫu sản phẩm:</p>\n\n<p>- Thương hiệu:</p>\n\n<p>- Kích thước:</p>', '', '', '', '', '', '', ''),
(280, 2, 'Khoai Tây Nhật', '<p>- Mô tả sản phẩm Organic</p>\n\n<p>- Mã sản phẩm:</p>\n\n<p>- Mẫu sản phẩm:</p>\n\n<p>- Thương hiệu:</p>\n\n<p>- Kích thước:</p>', '', '', '', '', '', '', ''),
(281, 2, 'Gia Vị Thịt Kho Aji-Quick', '', '', '', '', '', '', '', ''),
(282, 2, 'Mì Cup Noodles', '', '', '', '', '', '', '', ''),
(283, 2, 'Kem Dưỡng ASTALIFT', '<p>- Mô tả sản phẩm</p>\n\n<p>- Mã sản phẩm:</p>\n\n<p>- Mẫu sản phẩm:</p>\n\n<p>- Thương hiệu:</p>\n\n<p>- Kích thước:</p>', '', '', '', '', '', '', ''),
(284, 2, 'Gia Vị Thịt Kho Tàu Aji-Quick', '<p>- Mô tả sản phẩm</p>\n\n<p>- Mã sản phẩm:</p>\n\n<p>- Mẫu sản phẩm:</p>\n\n<p>- Thương hiệu:</p>\n\n<p>- Kích thước:</p>', '', '', '', '', '', '', ''),
(410, 2, 'Tã Quần Bobbies', '<p>- Mô tả sản phẩm</p>\n\n<p>- Mã sản phẩm:</p>\n\n<p>- Mẫu sản phẩm:</p>\n\n<p>- Thương hiệu:</p>\n\n<p>- Kích thước:</p>', '', '', '', '', '', '', ''),
(285, 2, 'Mì Hảo Hảo Sa Tế Hành Tím', '', '', '', '', '', '', '', ''),
(286, 2, 'Kẹo Nổ Striking Popping Candy', '<p>Gói to có 20 gói nhỏ bên trong</p>', '', '', '', '', '', '', ''),
(287, 2, 'Gia Vị Bún Bò Huế Aji-Quick', '<p>- Mô tả sản phẩm</p>\n\n<p>- Mã sản phẩm:</p>\n\n<p>- Mẫu sản phẩm:</p>\n\n<p>- Thương hiệu:</p>\n\n<p>- Kích thước:</p>', 'Trọng lượng: <br />\nNgày sản xuất<br />\nHạn sử dụng:<br />\n', '', '', '', '', '', ''),
(288, 2, 'Bộ 4 Nồi ANOD', '<p>- Mô tả sản phẩm</p>\n\n<p>- Mã sản phẩm:</p>\n\n<p>- Mẫu sản phẩm:</p>\n\n<p>- Thương hiệu:</p>\n\n<p>- Kích thước:</p>', '', '', '', '', '', '', ''),
(289, 2, 'Chảo Inox', '<p>- Mô tả sản phẩm</p>\n\n<p>- Mã sản phẩm:</p>\n\n<p>- Mẫu sản phẩm:</p>\n\n<p>- Thương hiệu:</p>\n\n<p>- Kích thước:</p>', '', '', '', '', '', '', ''),
(409, 2, 'Tã Quần Pampers', '<p>- Mô tả sản phẩm</p>\n\n<p>- Mã sản phẩm:</p>\n\n<p>- Mẫu sản phẩm:</p>\n\n<p>- Thương hiệu:</p>\n\n<p>- Kích thước:</p>', '', '', '', '', '', '', ''),
(290, 2, 'Khay Đựng Thực Phẩm Tủ Lạnh', '<p>- Mô tả sản phẩm</p>\n\n<p>- Mã sản phẩm:</p>\n\n<p>- Mẫu sản phẩm:</p>\n\n<p>- Thương hiệu:</p>\n\n<p>- Kích thước:</p>', '', '', '', '', '', '', ''),
(291, 2, 'Rượu Vang Contrada Del Falco', '<p>- Mô tả sản phẩm</p>\n\n<p>- Mã sản phẩm:</p>\n\n<p>- Mẫu sản phẩm:</p>\n\n<p>- Thương hiệu:</p>\n\n<p>- Kích thước:</p>', '', '', '', '', '', '', ''),
(292, 2, 'Set Nơ Đẹp 001', '<p>- Mô tả sản phẩm</p>\n\n<p>- Mã sản phẩm:</p>\n\n<p>- Mẫu sản phẩm:</p>\n\n<p>- Thương hiệu:</p>\n\n<p>- Kích thước:</p>', '', '', '', '', '', '', ''),
(414, 2, 'Dầu Gội L\'ORÉAL', '<p>- Mô tả sản phẩm</p>\n\n<p>- Mã sản phẩm:</p>\n\n<p>- Mẫu sản phẩm:</p>\n\n<p>- Thương hiệu:</p>\n\n<p>- Kích thước:</p>', '', '', '', '', '', '', ''),
(293, 2, 'Rượu Vang Hennessy', '', '', '', '', '', '', '', ''),
(294, 2, 'Kẹo Dẻo Atiso', '<p>- Mô tả sản phẩm</p>\n\n<p>- Mã sản phẩm:</p>\n\n<p>- Mẫu sản phẩm:</p>\n\n<p>- Thương hiệu:</p>\n\n<p>- Kích thước:</p>', '', '', '', '', '', '', ''),
(404, 2, 'Dung Dịch Tẩy Rửa DUCK', '<p>- Mô tả sản phẩm</p>\n\n<p>- Mã sản phẩm:</p>\n\n<p>- Mẫu sản phẩm:</p>\n\n<p>- Thương hiệu:</p>\n\n<p>- Kích thước:</p>', '', '', '', '', '', '', ''),
(295, 2, 'CoCa CoLa Chai Lớn', '<p>- Mô tả sản phẩm</p>\n\n<p>- Mã sản phẩm:</p>\n\n<p>- Mẫu sản phẩm:</p>\n\n<p>- Thương hiệu:</p>\n\n<p>- Kích thước:</p>', '', '', '', '', '', '', ''),
(296, 2, 'Gia Vị Canh Chua Knorr', '<p>- Mô tả sản phẩm</p>\n\n<p>- Mã sản phẩm:</p>\n\n<p>- Mẫu sản phẩm:</p>\n\n<p>- Thương hiệu:</p>\n\n<p>- Kích thước:</p>', '', '', '', '', '', '', ''),
(412, 2, 'Bỉm Merries', '<p>- Mô tả sản phẩm</p>\n\n<p>- Mã sản phẩm:</p>\n\n<p>- Mẫu sản phẩm:</p>\n\n<p>- Thương hiệu:</p>\n\n<p>- Kích thước:</p>', '', '', '', '', '', '', ''),
(297, 2, 'Dụng Cụ Cắt Hoa Quả', '<p>- Mô tả sản phẩm</p>\n\n<p>- Mã sản phẩm:</p>\n\n<p>- Mẫu sản phẩm:</p>\n\n<p>- Thương hiệu:</p>\n\n<p>- Kích thước:</p>', '', '', '', '', '', '', ''),
(298, 2, 'Rượu Vang Valdivieso', '<p>- Mô tả sản phẩm</p>\n\n<p>- Mã sản phẩm:</p>\n\n<p>- Mẫu sản phẩm:</p>\n\n<p>- Thương hiệu:</p>\n\n<p>- Kích thước:</p>', '', '', '', '', '', '', ''),
(299, 2, 'Hũ Đựng Gia Vị', '<p>- Mô tả sản phẩm</p>\n\n<p>- Mã sản phẩm:</p>\n\n<p>- Mẫu sản phẩm:</p>\n\n<p>- Thương hiệu:</p>\n\n<p>- Kích thước:</p>', '', '', '', '', '', '', ''),
(300, 2, 'Bộ Makeup 3CE', '<p>- Mô tả sản phẩm</p>\n\n<p>- Mã sản phẩm:</p>\n\n<p>- Mẫu sản phẩm:</p>\n\n<p>- Thương hiệu:</p>\n\n<p>- Kích thước:</p>', '', '', '', '', '', '', ''),
(301, 2, 'Bờm Tóc Đáng Yêu', '<p>- Mô tả sản phẩm</p>\n\n<p>- Mã sản phẩm:</p>\n\n<p>- Mẫu sản phẩm:</p>\n\n<p>- Thương hiệu:</p>\n\n<p>- Kích thước:</p>', '', '', '', '', '', '', ''),
(302, 2, 'Son 3CE Matte Lip Color 907', '', '', '', '', '', '', '', ''),
(303, 2, 'Kẹo Mút Chupa Chup Gói Mix', '<p>- Mô tả sản phẩm</p>\n\n<p>- Mã sản phẩm:</p>\n\n<p>- Mẫu sản phẩm:</p>\n\n<p>- Thương hiệu:</p>\n\n<p>- Kích thước:</p>', 'Trọng lượng: <br />\nNgày sản xuất<br />\nHạn sử dụng:<br />\n', '', '', '', '', '', ''),
(304, 2, 'Sprite Hương Chanh Tự Nhiên', '<p>- Mô tả sản phẩm</p>\n\n<p>- Mã sản phẩm:</p>\n\n<p>- Mẫu sản phẩm:</p>\n\n<p>- Thương hiệu:</p>\n\n<p>- Kích thước:</p>', '', '', '', '', '', '', ''),
(305, 2, 'Mì Cay', '<p>- Mô tả sản phẩm</p>\n\n<p>- Mã sản phẩm:</p>\n\n<p>- Mẫu sản phẩm:</p>\n\n<p>- Thương hiệu:</p>\n\n<p>- Kích thước:</p>', '', '', '', '', '', '', ''),
(306, 2, 'Rượu Vang La Grave Firea', '', '', '', '', '', '', '', ''),
(307, 2, 'Mì Tôm Chua Cay 3 Miền', '<p>- Mô tả sản phẩm</p>\n\n<p>- Mã sản phẩm:</p>\n\n<p>- Mẫu sản phẩm:</p>\n\n<p>- Thương hiệu:</p>\n\n<p>- Kích thước:</p>', '', '', '', '', '', '', ''),
(308, 2, 'Mì Hảo Hảo Vị Sate Hành Tím', '<p>- Mô tả sản phẩm</p>\n\n<p>- Mã sản phẩm:</p>\n\n<p>- Mẫu sản phẩm:</p>\n\n<p>- Thương hiệu:</p>\n\n<p>- Kích thước:</p>', '', '', '', '', '', '', ''),
(309, 2, 'Kẹo Xốp Bông Gòn Marshies', '<p>- Mô tả sản phẩm</p>\n\n<p>- Mã sản phẩm:</p>\n\n<p>- Mẫu sản phẩm:</p>\n\n<p>- Thương hiệu:</p>\n\n<p>- Kích thước:</p>', '', '', '', '', '', '', ''),
(310, 2, 'Bộ 4 Nồi SUNHOUSE', '<p>- Mô tả sản phẩm</p>\n\n<p>- Mã sản phẩm:</p>\n\n<p>- Mẫu sản phẩm:</p>\n\n<p>- Thương hiệu:</p>\n\n<p>- Kích thước:</p>', '', '', '', '', '', '', ''),
(311, 2, 'Bộ 4 Nồi Xanh', '<p>- Mô tả sản phẩm</p>\n\n<p>- Mã sản phẩm:</p>\n\n<p>- Mẫu sản phẩm:</p>\n\n<p>- Thương hiệu:</p>\n\n<p>- Kích thước:</p>', '', '', '', '', '', '', ''),
(312, 2, 'Kệ Đựng Gia Vị', '<p>- Mô tả sản phẩm</p>\n\n<p>- Mã sản phẩm:</p>\n\n<p>- Mẫu sản phẩm:</p>\n\n<p>- Thương hiệu:</p>\n\n<p>- Kích thước:</p>', '', '', '', '', '', '', ''),
(313, 2, 'Nước Hoa Hồng Hatomugi', '<p>- Mô tả sản phẩm</p>\n\n<p>- Mã sản phẩm:</p>\n\n<p>- Mẫu sản phẩm:</p>\n\n<p>- Thương hiệu:</p>\n\n<p>- Kích thước:</p>', '', '', '', '', '', '', ''),
(314, 2, 'Combo Nấu ăn', '', '', '', '', '', '', '', ''),
(315, 2, 'Hộp Đựng Gia Vị Nhà Bếp', '<p>- Mô tả sản phẩm</p>\n\n<p>- Mã sản phẩm:</p>\n\n<p>- Mẫu sản phẩm:</p>\n\n<p>- Thương hiệu:</p>\n\n<p>- Kích thước:</p>', '', '', '', '', '', '', ''),
(403, 2, 'Nước Lau Sàn Sunlight Hương Hoa Thiên Nhiên', '<p>- Mô tả sản phẩm</p>\n\n<p>- Mã sản phẩm:</p>\n\n<p>- Mẫu sản phẩm:</p>\n\n<p>- Thương hiệu:</p>\n\n<p>- Kích thước:</p>', '', '', '', '', '', '', ''),
(316, 2, 'Hộp Đựng Bàn Chải Thông Minh', '<p>- Mô tả sản phẩm</p>\n\n<p>- Mã sản phẩm:</p>\n\n<p>- Mẫu sản phẩm:</p>\n\n<p>- Thương hiệu:</p>\n\n<p>- Kích thước:</p>', '', '', '', '', '', '', ''),
(317, 2, 'CoCa CoLa Original', '<p>- Mô tả sản phẩm</p>\n\n<p>- Mã sản phẩm:</p>\n\n<p>- Mẫu sản phẩm:</p>\n\n<p>- Thương hiệu:</p>\n\n<p>- Kích thước:</p>', '', '', '', '', '', '', ''),
(318, 2, 'Fanta Hương Việt Quất', '<p>- Mô tả sản phẩm</p>\n\n<p>- Mã sản phẩm:</p>\n\n<p>- Mẫu sản phẩm:</p>\n\n<p>- Thương hiệu:</p>\n\n<p>- Kích thước:</p>', '', '', '', '', '', '', ''),
(319, 2, 'Mì Chay Lá Đa 3 Miền', '<p>- Mô tả sản phẩm</p>\n\n<p>- Mã sản phẩm:</p>\n\n<p>- Mẫu sản phẩm:</p>\n\n<p>- Thương hiệu:</p>\n\n<p>- Kích thước:</p>', '', '', '', '', '', '', ''),
(320, 2, 'CoCa CoLa', '<p>- Mô tả sản phẩm</p>\n\n<p>- Mã sản phẩm:</p>\n\n<p>- Mẫu sản phẩm:</p>\n\n<p>- Thương hiệu:</p>\n\n<p>- Kích thước:</p>', '', '', '', '', '', '', ''),
(321, 2, 'Khay Tủ Đựng Đồ Đa Năng', '<p>- Mô tả sản phẩm</p>\n\n<p>- Mã sản phẩm:</p>\n\n<p>- Mẫu sản phẩm:</p>\n\n<p>- Thương hiệu:</p>\n\n<p>- Kích thước:</p>', '', '', '', '', '', '', ''),
(322, 2, 'Bộ 3 Nồi ANOD', '', '', '', '', '', '', '', ''),
(323, 2, 'Son 3CE Matte Lip Color 909', '<p>- Mô tả sản phẩm</p>\n\n<p>- Mã sản phẩm:</p>\n\n<p>- Mẫu sản phẩm:</p>\n\n<p>- Thương hiệu:</p>\n\n<p>- Kích thước:</p>', '', '', '', '', '', '', ''),
(324, 2, 'Gia Vị Lẩu Thái Aji-Quick', '<p>- Mô tả sản phẩm</p>\n\n<p>- Mã sản phẩm:</p>\n\n<p>- Mẫu sản phẩm:</p>\n\n<p>- Thương hiệu:</p>\n\n<p>- Kích thước:</p>', '', '', '', '', '', '', ''),
(325, 2, 'Bờm Tóc Unicorn', '<p>- Mô tả sản phẩm</p>\n\n<p>- Mã sản phẩm:</p>\n\n<p>- Mẫu sản phẩm:</p>\n\n<p>- Thương hiệu:</p>\n\n<p>- Kích thước:</p>', '', '', '', '', '', '', ''),
(326, 2, 'Set Nơ Hồng Kèm Hộp', '<p>- Mô tả sản phẩm</p>\n\n<p>- Mã sản phẩm:</p>\n\n<p>- Mẫu sản phẩm:</p>\n\n<p>- Thương hiệu:</p>\n\n<p>- Kích thước:</p>', '', '', '', '', '', '', ''),
(327, 2, 'CoCa CoLa Cherry', '<p>- Mô tả sản phẩm</p>\n\n<p>- Mã sản phẩm:</p>\n\n<p>- Mẫu sản phẩm:</p>\n\n<p>- Thương hiệu:</p>\n\n<p>- Kích thước:</p>', '', '', '', '', '', '', ''),
(328, 2, 'Fanta Hương Cam Lon Nhỏ', '<p>- Mô tả sản phẩm</p>\n\n<p>- Mã sản phẩm:</p>\n\n<p>- Mẫu sản phẩm:</p>\n\n<p>- Thương hiệu:</p>\n\n<p>- Kích thước:</p>', '', '', '', '', '', '', ''),
(405, 2, 'Dung Dịch Tẩy Rửa VIM', '<p>- Mô tả sản phẩm</p>\n\n<p>- Mã sản phẩm:</p>\n\n<p>- Mẫu sản phẩm:</p>\n\n<p>- Thương hiệu:</p>\n\n<p>- Kích thước:</p>', '', '', '', '', '', '', ''),
(329, 2, 'Sữa Rửa Mặt Hada-Labo', '<p>- Mô tả sản phẩm</p>\n\n<p>- Mã sản phẩm:</p>\n\n<p>- Mẫu sản phẩm:</p>\n\n<p>- Thương hiệu:</p>\n\n<p>- Kích thước:</p>', '', '', '', '', '', '', ''),
(330, 2, 'Kẹo Play Candy', '<p>- Mô tả sản phẩm</p>\n\n<p>- Mã sản phẩm:</p>\n\n<p>- Mẫu sản phẩm:</p>\n\n<p>- Thương hiệu:</p>\n\n<p>- Kích thước:</p>', '', '', '', '', '', '', ''),
(401, 2, 'Kẹo Mút Chupa Chups Gói Mix', '<p>- Mô tả sản phẩm</p>\n\n<p>- Mã sản phẩm:</p>\n\n<p>- Mẫu sản phẩm:</p>\n\n<p>- Thương hiệu:</p>\n\n<p>- Kích thước:</p>', '', '', '', '', '', '', ''),
(331, 2, 'Kẹo Mút Chupa Chups Bó Hoa', '<p>Bó hoa 19c x 10g</p>\n\n<p>- Mô tả sản phẩm</p>\n\n<p>- Mã sản phẩm:</p>\n\n<p>- Mẫu sản phẩm:</p>\n\n<p>- Thương hiệu:</p>\n\n<p>- Kích thước:</p>', '', '', '', '', '', '', ''),
(332, 2, 'Kẹo Milo Cube', '<p>- Mô tả sản phẩm</p>\n\n<p>- Mã sản phẩm:</p>\n\n<p>- Mẫu sản phẩm:</p>\n\n<p>- Thương hiệu:</p>\n\n<p>- Kích thước:</p>', '', '', '', '', '', '', ''),
(333, 2, 'Kệ Treo Góc Nhà Tắm', '<p>- Mô tả sản phẩm</p>\n\n<p>- Mã sản phẩm:</p>\n\n<p>- Mẫu sản phẩm:</p>\n\n<p>- Thương hiệu:</p>\n\n<p>- Kích thước:</p>', '', '', '', '', '', '', ''),
(334, 2, 'Gia Vị Cá Kho Aji-Quick', '', '', '', '', '', '', '', ''),
(335, 2, 'Giá Đỡ Điện Thoại', '<p>- Mô tả sản phẩm</p>\n\n<p>- Mã sản phẩm:</p>\n\n<p>- Mẫu sản phẩm:</p>\n\n<p>- Thương hiệu:</p>\n\n<p>- Kích thước:</p>', '', '', '', '', '', '', ''),
(336, 2, 'Gia Vị Hoàn Chỉnh Canh Chua Ngọt', '<p>- Mô tả sản phẩm</p>\n\n<p>- Mã sản phẩm:</p>\n\n<p>- Mẫu sản phẩm:</p>\n\n<p>- Thương hiệu:</p>\n\n<p>- Kích thước:</p>', '', '', '', '', '', '', ''),
(399, 2, 'Gia Vị Bún Bò Huế Aji-Quick', '<p>- Mô tả sản phẩm</p>\n\n<p>- Mã sản phẩm:</p>\n\n<p>- Mẫu sản phẩm:</p>\n\n<p>- Thương hiệu:</p>\n\n<p>- Kích thước:</p>', '', '', '', '', '', '', ''),
(337, 2, 'Dầu Gội Huile Saigon', '<p>- Mô tả sản phẩm</p>\n\n<p>- Mã sản phẩm:</p>\n\n<p>- Mẫu sản phẩm:</p>\n\n<p>- Thương hiệu:</p>\n\n<p>- Kích thước:</p>', '', '', '', '', '', '', ''),
(338, 2, 'Dầu Gội RYO', '<p>- Mô tả sản phẩm</p>\n\n<p>- Mã sản phẩm:</p>\n\n<p>- Mẫu sản phẩm:</p>\n\n<p>- Thương hiệu:</p>\n\n<p>- Kích thước:</p>', '', '', '', '', '', '', ''),
(339, 2, 'Combo Chăm Sóc Tóc RYO', '<p>- Mô tả sản phẩm</p>\n\n<p>- Mã sản phẩm:</p>\n\n<p>- Mẫu sản phẩm:</p>\n\n<p>- Thương hiệu:</p>\n\n<p>- Kích thước:</p>', '', '', '', '', '', '', ''),
(340, 2, 'Set Kẹp Tóc Xinh Cho Bé', '<p>- Mô tả sản phẩm</p>\n\n<p>- Mã sản phẩm:</p>\n\n<p>- Mẫu sản phẩm:</p>\n\n<p>- Thương hiệu:</p>\n\n<p>- Kích thước:</p>', '', '', '', '', '', '', ''),
(400, 2, 'Son 3CE Matte Lip Color 908', '<p>- Mô tả sản phẩm</p>\n\n<p>- Mã sản phẩm:</p>\n\n<p>- Mẫu sản phẩm:</p>\n\n<p>- Thương hiệu:</p>\n\n<p>- Kích thước:</p>', '', '', '', '', '', '', ''),
(341, 2, 'Kẹo Hương Kem Dâu Alpenliebe', '<p>- Mô tả sản phẩm</p>\n\n<p>- Mã sản phẩm:</p>\n\n<p>- Mẫu sản phẩm:</p>\n\n<p>- Thương hiệu:</p>\n\n<p>- Kích thước:</p>', '', '', '', '', '', '', ''),
(342, 2, 'Kẹp Cotton Clip', '', '', '', '', '', '', '', ''),
(343, 2, 'Rượu Vang Wine Star', '<p>- Mô tả sản phẩm</p>\n\n<p>- Mã sản phẩm:</p>\n\n<p>- Mẫu sản phẩm:</p>\n\n<p>- Thương hiệu:</p>\n\n<p>- Kích thước:</p>', '', '', '', '', '', '', ''),
(411, 2, 'Tã Quần Huggies', '<p>- Mô tả sản phẩm</p>\n\n<p>- Mã sản phẩm:</p>\n\n<p>- Mẫu sản phẩm:</p>\n\n<p>- Thương hiệu:</p>\n\n<p>- Kích thước:</p>', '', '', '', '', '', '', ''),
(344, 2, 'Set Nơ Đỏ Kèm Hộp', '<p>- Mô tả sản phẩm</p>\n\n<p>- Mã sản phẩm:</p>\n\n<p>- Mẫu sản phẩm:</p>\n\n<p>- Thương hiệu:</p>\n\n<p>- Kích thước:</p>', '', '', '', '', '', '', ''),
(345, 2, 'Gia Vị Thịt Kho Tàu Knorr', '<p>- Mô tả sản phẩm</p>\n\n<p>- Mã sản phẩm:</p>\n\n<p>- Mẫu sản phẩm:</p>\n\n<p>- Thương hiệu:</p>\n\n<p>- Kích thước:</p>', '', '', '', '', '', '', ''),
(406, 2, 'Máy Xông Tinh Dầu Tự Động Hẹn Giờ', '<p>- Mô tả sản phẩm</p>\n\n<p>- Mã sản phẩm:</p>\n\n<p>- Mẫu sản phẩm:</p>\n\n<p>- Thương hiệu:</p>\n\n<p>- Kích thước:</p>', '', '', '', '', '', '', ''),
(346, 2, 'Set Nơ Kèm Hộp', '', '', '', '', '', '', '', ''),
(347, 2, 'Fanta Hương Cam Lon Lớn', '<p>- Mô tả sản phẩm</p>\n\n<p>- Mã sản phẩm:</p>\n\n<p>- Mẫu sản phẩm:</p>\n\n<p>- Thương hiệu:</p>\n\n<p>- Kích thước:</p>', '', '', '', '', '', '', ''),
(348, 2, 'Dầu Gội + Xả TRESemmé', '<p>- Mô tả sản phẩm</p>\n\n<p>- Mã sản phẩm:</p>\n\n<p>- Mẫu sản phẩm:</p>\n\n<p>- Thương hiệu:</p>\n\n<p>- Kích thước:</p>', '', '', '', '', '', '', ''),
(349, 2, 'Mì Hảo Hảo Sườn heo Tỏi Phi', '<p>- Mô tả sản phẩm</p>\n\n<p>- Mã sản phẩm:</p>\n\n<p>- Mẫu sản phẩm:</p>\n\n<p>- Thương hiệu:</p>\n\n<p>- Kích thước:</p>', '', '', '', '', '', '', ''),
(350, 2, 'Máy Hút Mùi', '<p>- Mô tả sản phẩm</p>\n\n<p>- Mã sản phẩm:</p>\n\n<p>- Mẫu sản phẩm:</p>\n\n<p>- Thương hiệu:</p>\n\n<p>- Kích thước:</p>', '', '', '', '', '', '', ''),
(351, 2, 'Rượu Vang Hennessy X.O', '', '', '', '', '', '', '', ''),
(352, 2, 'Dầu Gội Khải Thiên Phú', '<p>- Mô tả sản phẩm</p>\n\n<p>- Mã sản phẩm:</p>\n\n<p>- Mẫu sản phẩm:</p>\n\n<p>- Thương hiệu:</p>\n\n<p>- Kích thước:</p>', '', '', '', '', '', '', ''),
(353, 2, 'Rượu Nho Phú Quý', '<p>- Mô tả sản phẩm</p>\n\n<p>- Mã sản phẩm:</p>\n\n<p>- Mẫu sản phẩm:</p>\n\n<p>- Thương hiệu:</p>\n\n<p>- Kích thước:</p>', '', '', '', '', '', '', ''),
(354, 2, 'Giấy Vệ Sinh Vietnam Airlines', '<p>- Mô tả sản phẩm</p>\n\n<p>- Mã sản phẩm:</p>\n\n<p>- Mẫu sản phẩm:</p>\n\n<p>- Thương hiệu:</p>\n\n<p>- Kích thước:</p>', '', '', '', '', '', '', ''),
(402, 2, 'Nước Lau Sàn Sunlight Hương Hoa Hè', '<p>- Mô tả sản phẩm</p>\n\n<p>- Mã sản phẩm:</p>\n\n<p>- Mẫu sản phẩm:</p>\n\n<p>- Thương hiệu:</p>\n\n<p>- Kích thước:</p>', '', '', '', '', '', '', ''),
(355, 2, 'Cam Sành', '<p>- Mô tả sản phẩm</p>\n\n<p>- Mã sản phẩm:</p>\n\n<p>- Mẫu sản phẩm:</p>\n\n<p>- Thương hiệu:</p>\n\n<p>- Kích thước:</p>', 'Trọng lượng: <br />\nNgày sản xuất<br />\nHạn sử dụng:<br />\n', '', '', '', '', '', ''),
(356, 2, 'Củ Hành Tím', '<p>- Mô tả sản phẩm</p>\n\n<p>- Mã sản phẩm:</p>\n\n<p>- Mẫu sản phẩm:</p>\n\n<p>- Thương hiệu:</p>\n\n<p>- Kích thước:</p>', 'Trọng lượng: <br />\nNgày sản xuất<br />\nHạn sử dụng:<br />\n', '', '', '', '', '', ''),
(357, 2, 'Táo New Zealands', '<p>- Mô tả sản phẩm</p>\n\n<p>- Mã sản phẩm:</p>\n\n<p>- Mẫu sản phẩm:</p>\n\n<p>- Thương hiệu:</p>\n\n<p>- Kích thước:</p>', 'Trọng lượng: <br />\nNgày sản xuất<br />\nHạn sử dụng:<br />\n', '', '', '', '', '', ''),
(358, 2, 'Chanh Dây', '<p>- Mô tả sản phẩm</p>\n\n<p>- Mã sản phẩm:</p>\n\n<p>- Mẫu sản phẩm:</p>\n\n<p>- Thương hiệu:</p>\n\n<p>- Kích thước:</p>', 'Trọng lượng: <br />\nNgày sản xuất<br />\nHạn sử dụng:<br />\n', '', '', '', '', '', ''),
(359, 2, 'Giấy Vệ Sinh An AN', '', '', '', '', '', '', '', ''),
(360, 2, 'Bột Canh Thiên Hương', '', '', '', '', '', '', '', ''),
(361, 2, 'Bột Tôm VIFON', '<p>- Mô tả sản phẩm</p>\n\n<p>- Mã sản phẩm:</p>\n\n<p>- Mẫu sản phẩm:</p>\n\n<p>- Thương hiệu:</p>\n\n<p>- Kích thước:</p>', 'Trọng lượng: <br />\nNgày sản xuất<br />\nHạn sử dụng:<br />\n', '', '', '', '', '', ''),
(362, 2, 'Giấy Vệ Sinh Coop Happy', '', '', '', '', '', '', '', ''),
(363, 2, 'Chuối Cau', '<p>- Mô tả sản phẩm</p>\n\n<p>- Mã sản phẩm:</p>\n\n<p>- Mẫu sản phẩm:</p>\n\n<p>- Thương hiệu:</p>\n\n<p>- Kích thước:</p>', 'Trọng lượng: <br />\nNgày sản xuất<br />\nHạn sử dụng:<br />\n', '', '', '', '', '', ''),
(364, 2, 'Nước Mắm Cá Cơm', '<p>- Mô tả sản phẩm</p>\n\n<p>- Mã sản phẩm:</p>\n\n<p>- Mẫu sản phẩm:</p>\n\n<p>- Thương hiệu:</p>\n\n<p>- Kích thước:</p>', '', '', '', '', '', '', ''),
(365, 2, 'Bột Canh Nấm Hương', '', '', '', '', '', '', '', ''),
(366, 2, 'Máy Xông Tinh Dầu Hồ Điệp', '<p>- Mô tả sản phẩm</p>\n\n<p>- Mã sản phẩm:</p>\n\n<p>- Mẫu sản phẩm:</p>\n\n<p>- Thương hiệu:</p>\n\n<p>- Kích thước:</p>', '', '', '', '', '', '', ''),
(367, 2, 'Nước Lau Sàn Hương Hoa Hè', '<p>- Mô tả sản phẩm</p>\n\n<p>- Mã sản phẩm:</p>\n\n<p>- Mẫu sản phẩm:</p>\n\n<p>- Thương hiệu:</p>\n\n<p>- Kích thước:</p>', 'Trọng lượng: <br />\nNgày sản xuất<br />\nHạn sử dụng:<br />\n', '', '', '', '', '', ''),
(368, 2, 'Máy Xông Tinh Dầu Tự Hẹn Giờ', '<p>- Mô tả sản phẩm</p>\n\n<p>- Mã sản phẩm:</p>\n\n<p>- Mẫu sản phẩm:</p>\n\n<p>- Thương hiệu:</p>\n\n<p>- Kích thước:</p>', 'Trọng lượng: <br />\nNgày sản xuất<br />\nHạn sử dụng:<br />\n', '', '', '', '', '', ''),
(369, 2, 'Nước Mắm Nam Ngư Đệ Nhị', '<p>- Mô tả sản phẩm</p>\n\n<p>- Mã sản phẩm:</p>\n\n<p>- Mẫu sản phẩm:</p>\n\n<p>- Thương hiệu:</p>\n\n<p>- Kích thước:</p>', 'Trọng lượng: <br />\nNgày sản xuất<br />\nHạn sử dụng:<br />\n', '', '', '', '', '', ''),
(370, 2, 'Nước Tẩy Rửa VIM', '<p>- Mô tả sản phẩm</p>\n\n<p>- Mã sản phẩm:</p>\n\n<p>- Mẫu sản phẩm:</p>\n\n<p>- Thương hiệu:</p>\n\n<p>- Kích thước:</p>', 'Trọng lượng: <br />\nNgày sản xuất<br />\nHạn sử dụng:<br />\n', '', '', '', '', '', ''),
(371, 2, 'Nước Lau Sàn Hương Hoa Thiên Nhiên', '<p>- Mô tả sản phẩm</p>\n\n<p>- Mã sản phẩm:</p>\n\n<p>- Mẫu sản phẩm:</p>\n\n<p>- Thương hiệu:</p>\n\n<p>- Kích thước:</p>', 'Trọng lượng: <br />\nNgày sản xuất<br />\nHạn sử dụng:<br />\n', '', '', '', '', '', ''),
(372, 2, 'Nước Mắm Thái Long', '<p>- Mô tả sản phẩm</p>\n\n<p>- Mã sản phẩm:</p>\n\n<p>- Mẫu sản phẩm:</p>\n\n<p>- Thương hiệu:</p>\n\n<p>- Kích thước:</p>', '', '', '', '', '', '', ''),
(373, 2, 'Máy Xông Tinh Dầu Gỗ Hương', '<p>- Mô tả sản phẩm</p>\n\n<p>- Mã sản phẩm:</p>\n\n<p>- Mẫu sản phẩm:</p>\n\n<p>- Thương hiệu:</p>\n\n<p>- Kích thước:</p>', '', '', '', '', '', '', ''),
(407, 2, 'Máy Xông Tinh Dầu Lục Cầu', '<p>- Mô tả sản phẩm</p>\n\n<p>- Mã sản phẩm:</p>\n\n<p>- Mẫu sản phẩm:</p>\n\n<p>- Thương hiệu:</p>\n\n<p>- Kích thước:</p>', '', '', '', '', '', '', ''),
(374, 2, 'Bột Ngọt Ajinomoto', '', '', '', '', '', '', '', ''),
(375, 2, 'Máy Khuếch Tán Tinh Dầu Cầu Lục', '<p>- Mô tả sản phẩm</p>\n\n<p>- Mã sản phẩm:</p>\n\n<p>- Mẫu sản phẩm:</p>\n\n<p>- Thương hiệu:</p>\n\n<p>- Kích thước:</p>', 'Trọng lượng: <br />\nNgày sản xuất<br />\nHạn sử dụng:<br />\n', '', '', '', '', '', ''),
(376, 2, 'Nước tẩy Rửa DUCK', '<p>- Mô tả sản phẩm</p>\n\n<p>- Mã sản phẩm:</p>\n\n<p>- Mẫu sản phẩm:</p>\n\n<p>- Thương hiệu:</p>\n\n<p>- Kích thước:</p>', 'Trọng lượng: <br />\nNgày sản xuất<br />\nHạn sử dụng:<br />\n', '', '', '', '', '', ''),
(377, 2, 'Nước Mắm Nam Ngư', '<p>- Mô tả sản phẩm</p>\n\n<p>- Mã sản phẩm:</p>\n\n<p>- Mẫu sản phẩm:</p>\n\n<p>- Thương hiệu:</p>\n\n<p>- Kích thước:</p>', '', '', '', '', '', '', ''),
(408, 2, 'Nước Mắm Đệ Nhị', '<p>- Mô tả sản phẩm</p>\n\n<p>- Mã sản phẩm:</p>\n\n<p>- Mẫu sản phẩm:</p>\n\n<p>- Thương hiệu:</p>\n\n<p>- Kích thước:</p>', '', '', '', '', '', '', ''),
(378, 2, 'Giấy Vệ Sinh E\'mos', '', '', '', '', '', '', '', ''),
(415, 2, 'Bột Canh Tôm VIFON', '', '', '', '', '', '', '', ''),
(379, 2, 'Combo Chăm Sóc Tóc L\'ORÉAL', '<p>- Mô tả sản phẩm</p>\n\n<p>- Mã sản phẩm:</p>\n\n<p>- Mẫu sản phẩm:</p>\n\n<p>- Thương hiệu:</p>\n\n<p>- Kích thước:</p>', '', '', '', '', '', '', ''),
(413, 2, 'Dầu Gội Oriflame', '<p>- Mô tả sản phẩm</p>\n\n<p>- Mã sản phẩm:</p>\n\n<p>- Mẫu sản phẩm:</p>\n\n<p>- Thương hiệu:</p>\n\n<p>- Kích thước:</p>', '', '', '', '', '', '', ''),
(380, 2, 'Mì KOKOMI Đại', '<p>- Mô tả sản phẩm</p>\n\n<p>- Mã sản phẩm:</p>\n\n<p>- Mẫu sản phẩm:</p>\n\n<p>- Thương hiệu:</p>\n\n<p>- Kích thước:</p>', '', '', '', '', '', '', ''),
(381, 2, 'Mì Ăn Liền Cup Noodles Các Vị', '', 'Trọng lượng: <br />\nNgày sản xuất<br />\nHạn sử dụng:<br />\n', '', '', '', '', '', ''),
(382, 2, 'Rau sạch tươi ngon', 'Giá trị dinh dưỡng:   Nho tươi cung cấp các chất dinh dưỡng, làm giảm mệt nhọc ngay lập tức. Các nghiên cứu cho thấy Nho tươi có chứa vitamin A, C, Calcium và sắt...Mã hàng:Thể loại: Rau, quả hữu cơ, Rau quả bán chạy, Rau, quả tốt cho người già,Rau quả có...', '', '', '', '', '', '', ''),
(383, 2, 'Rau sạch tươi ngon 1', 'Giá trị dinh dưỡng:   Nho tươi cung cấp các chất dinh dưỡng, làm giảm mệt nhọc ngay lập tức. Các nghiên cứu cho thấy Nho tươi có chứa vitamin A, C, Calcium và sắt...Mã hàng:Thể loại: Rau, quả hữu cơ, Rau quả bán chạy, Rau, quả tốt cho người già,Rau quả có...', '', '', '', '', '', '', ''),
(384, 2, 'Rau sạch tươi ngon 2', 'Giá trị dinh dưỡng:   Nho tươi cung cấp các chất dinh dưỡng, làm giảm mệt nhọc ngay lập tức. Các nghiên cứu cho thấy Nho tươi có chứa vitamin A, C, Calcium và sắt...Mã hàng:Thể loại: Rau, quả hữu cơ, Rau quả bán chạy, Rau, quả tốt cho người già,Rau quả có...', '', '', '', '', '', '', ''),
(385, 2, 'Rau sạch tươi ngon 3', 'Giá trị dinh dưỡng:   Nho tươi cung cấp các chất dinh dưỡng, làm giảm mệt nhọc ngay lập tức. Các nghiên cứu cho thấy Nho tươi có chứa vitamin A, C, Calcium và sắt...Mã hàng:Thể loại: Rau, quả hữu cơ, Rau quả bán chạy, Rau, quả tốt cho người già,Rau quả có...', '', '', '', '', '', '', ''),
(386, 2, 'Rau sạch tươi ngon 4', 'Giá trị dinh dưỡng:   Nho tươi cung cấp các chất dinh dưỡng, làm giảm mệt nhọc ngay lập tức. Các nghiên cứu cho thấy Nho tươi có chứa vitamin A, C, Calcium và sắt...Mã hàng:Thể loại: Rau, quả hữu cơ, Rau quả bán chạy, Rau, quả tốt cho người già,Rau quả có...', '', '', '', '', '', '', ''),
(387, 2, 'Rau sạch tươi ngon 5', 'Giá trị dinh dưỡng:   Nho tươi cung cấp các chất dinh dưỡng, làm giảm mệt nhọc ngay lập tức. Các nghiên cứu cho thấy Nho tươi có chứa vitamin A, C, Calcium và sắt...Mã hàng:Thể loại: Rau, quả hữu cơ, Rau quả bán chạy, Rau, quả tốt cho người già,Rau quả có...', '', '', '', '', '', '', ''),
(388, 2, 'Rau sạch tươi ngon 6', 'Giá trị dinh dưỡng:   Nho tươi cung cấp các chất dinh dưỡng, làm giảm mệt nhọc ngay lập tức. Các nghiên cứu cho thấy Nho tươi có chứa vitamin A, C, Calcium và sắt...Mã hàng:Thể loại: Rau, quả hữu cơ, Rau quả bán chạy, Rau, quả tốt cho người già,Rau quả có...', '', '', '', '', '', '', ''),
(389, 2, 'Rau sạch tươi ngon 7', 'Giá trị dinh dưỡng:   Nho tươi cung cấp các chất dinh dưỡng, làm giảm mệt nhọc ngay lập tức. Các nghiên cứu cho thấy Nho tươi có chứa vitamin A, C, Calcium và sắt...Mã hàng:Thể loại: Rau, quả hữu cơ, Rau quả bán chạy, Rau, quả tốt cho người già,Rau quả có...', '', '', '', '', '', '', ''),
(390, 2, 'Rau sạch tươi ngon 8', 'Giá trị dinh dưỡng:   Nho tươi cung cấp các chất dinh dưỡng, làm giảm mệt nhọc ngay lập tức. Các nghiên cứu cho thấy Nho tươi có chứa vitamin A, C, Calcium và sắt...Mã hàng:Thể loại: Rau, quả hữu cơ, Rau quả bán chạy, Rau, quả tốt cho người già,Rau quả có...', '', '', '', '', '', '', ''),
(391, 2, 'Rau sạch tươi ngon 9', 'Giá trị dinh dưỡng:   Nho tươi cung cấp các chất dinh dưỡng, làm giảm mệt nhọc ngay lập tức. Các nghiên cứu cho thấy Nho tươi có chứa vitamin A, C, Calcium và sắt...Mã hàng:Thể loại: Rau, quả hữu cơ, Rau quả bán chạy, Rau, quả tốt cho người già,Rau quả có...', '', '', '', '', '', '', ''),
(392, 2, 'Rau sạch tươi ngon 10', 'Giá trị dinh dưỡng:   Nho tươi cung cấp các chất dinh dưỡng, làm giảm mệt nhọc ngay lập tức. Các nghiên cứu cho thấy Nho tươi có chứa vitamin A, C, Calcium và sắt...Mã hàng:Thể loại: Rau, quả hữu cơ, Rau quả bán chạy, Rau, quả tốt cho người già,Rau quả có...', '', '', '', '', '', '', ''),
(393, 2, 'Rau sạch tươi ngon 11', 'Giá trị dinh dưỡng:   Nho tươi cung cấp các chất dinh dưỡng, làm giảm mệt nhọc ngay lập tức. Các nghiên cứu cho thấy Nho tươi có chứa vitamin A, C, Calcium và sắt...Mã hàng:Thể loại: Rau, quả hữu cơ, Rau quả bán chạy, Rau, quả tốt cho người già,Rau quả có...', '', '', '', '', '', '', ''),
(394, 2, 'Rau sạch tươi ngon 12', 'Giá trị dinh dưỡng:   Nho tươi cung cấp các chất dinh dưỡng, làm giảm mệt nhọc ngay lập tức. Các nghiên cứu cho thấy Nho tươi có chứa vitamin A, C, Calcium và sắt...Mã hàng:Thể loại: Rau, quả hữu cơ, Rau quả bán chạy, Rau, quả tốt cho người già,Rau quả có...', '', '', '', '', '', '', ''),
(395, 2, 'Rau sạch tươi ngon 13', 'Giá trị dinh dưỡng:   Nho tươi cung cấp các chất dinh dưỡng, làm giảm mệt nhọc ngay lập tức. Các nghiên cứu cho thấy Nho tươi có chứa vitamin A, C, Calcium và sắt...Mã hàng:Thể loại: Rau, quả hữu cơ, Rau quả bán chạy, Rau, quả tốt cho người già,Rau quả có...', '', '', '', '', '', '', ''),
(396, 2, 'Rau sạch tươi ngon 14', 'Giá trị dinh dưỡng:   Nho tươi cung cấp các chất dinh dưỡng, làm giảm mệt nhọc ngay lập tức. Các nghiên cứu cho thấy Nho tươi có chứa vitamin A, C, Calcium và sắt...Mã hàng:Thể loại: Rau, quả hữu cơ, Rau quả bán chạy, Rau, quả tốt cho người già,Rau quả có...', '', '', '', '', '', '', ''),
(397, 2, 'Rau sạch tươi ngon 15', 'Giá trị dinh dưỡng:   Nho tươi cung cấp các chất dinh dưỡng, làm giảm mệt nhọc ngay lập tức. Các nghiên cứu cho thấy Nho tươi có chứa vitamin A, C, Calcium và sắt...Mã hàng:Thể loại: Rau, quả hữu cơ, Rau quả bán chạy, Rau, quả tốt cho người già,Rau quả có...', '', '', '', '', '', '', ''),
(398, 2, 'Rau sạch tươi ngon 16', 'Giá trị dinh dưỡng:   Nho tươi cung cấp các chất dinh dưỡng, làm giảm mệt nhọc ngay lập tức. Các nghiên cứu cho thấy Nho tươi có chứa vitamin A, C, Calcium và sắt...Mã hàng:Thể loại: Rau, quả hữu cơ, Rau quả bán chạy, Rau, quả tốt cho người già,Rau quả có...', '', '', '', '', '', '', '');


-- oc_product_image PRIMARY KEY (`product_image_id`)
INSERT IGNORE INTO `oc_product_image` (`product_image_id`, `product_id`, `image`, `image_alt`, `sort_order`) VALUES
(146, 283, 'https://2.pik.vn/2020b266cd6e-1ea9-431a-b14c-a6677311d624.jpg', '', 0),
(145, 343, 'https://2.pik.vn/20205bff0f89-c689-42b1-aa77-f53179791883.jpg', '', 0);


-- oc_product_to_category PRIMARY KEY (`product_id`,`category_id`)
INSERT IGNORE INTO `oc_product_to_category` (`product_id`, `category_id`) VALUES
(273, 49),
(274, 49),
(275, 49),
(276, 49),
(277, 50),
(278, 50),
(279, 50),
(280, 50),
(281, 51),
(282, 52),
(283, 53),
(284, 51),
(285, 52),
(286, 54),
(288, 55),
(289, 55),
(290, 56),
(291, 57),
(292, 58),
(293, 57),
(294, 54),
(295, 59),
(296, 51),
(297, 56),
(298, 57),
(299, 55),
(300, 53),
(301, 58),
(302, 53),
(303, 54),
(304, 59),
(305, 52),
(306, 57),
(307, 52),
(308, 52),
(309, 54),
(310, 55),
(311, 55),
(312, 56),
(313, 53),
(314, 55),
(315, 56),
(316, 56),
(317, 59),
(318, 59),
(319, 52),
(320, 59),
(321, 56),
(322, 55),
(323, 53),
(324, 51),
(325, 58),
(326, 58),
(327, 59),
(328, 59),
(329, 53),
(330, 54),
(331, 54),
(332, 54),
(333, 56),
(334, 51),
(335, 56),
(336, 51),
(337, 60),
(338, 60),
(339, 60),
(340, 58),
(341, 54),
(342, 58),
(343, 57),
(344, 58),
(345, 51),
(346, 58),
(347, 59),
(348, 60),
(349, 52),
(350, 55),
(351, 57),
(352, 60),
(353, 57),
(354, 61),
(355, 62),
(356, 48),
(357, 62),
(358, 62),
(359, 61),
(360, 63),
(361, 63),
(362, 61),
(363, 62),
(364, 64),
(365, 63),
(366, 65),
(367, 66),
(368, 65),
(369, 64),
(370, 66),
(371, 66),
(372, 64),
(373, 65),
(374, 63),
(375, 65),
(376, 66),
(377, 64),
(378, 61),
(379, 60),
(380, 52),
(381, 52),
(382, 70),
(383, 70),
(384, 71),
(385, 69),
(386, 70),
(387, 72),
(388, 73),
(389, 74),
(390, 75),
(391, 74),
(392, 76),
(393, 76),
(394, 76),
(395, 76),
(396, 77),
(397, 78),
(398, 79),
(399, 51),
(400, 53),
(401, 54),
(402, 80),
(403, 80),
(404, 80),
(405, 80),
(406, 65),
(407, 65),
(408, 64),
(409, 81),
(410, 81),
(411, 81),
(412, 81),
(413, 60),
(414, 60),
(415, 63);


-- oc_product_to_store PRIMARY KEY (`product_id`,`store_id`)
INSERT IGNORE INTO `oc_product_to_store` (`product_id`, `store_id`, `product_version_id`, `quantity`, `cost_price`) VALUES
(300, 0, 0, 25, '0.0000'),
(299, 0, 0, 10, '0.0000'),
(298, 0, 0, 1000, '0.0000'),
(279, 0, 0, 10, '0.0000'),
(277, 0, 0, 10, '0.0000'),
(292, 0, 0, 10, '0.0000'),
(273, 0, 0, 10, '0.0000'),
(281, 0, 0, 20, '0.0000'),
(297, 0, 0, 15, '0.0000'),
(293, 0, 0, 1000, '0.0000'),
(294, 0, 0, 30, '0.0000'),
(282, 0, 0, 25, '0.0000'),
(296, 0, 0, 20, '0.0000'),
(276, 0, 0, 30, '0.0000'),
(285, 0, 0, 25, '0.0000'),
(289, 0, 0, 10, '0.0000'),
(290, 0, 0, 15, '0.0000'),
(275, 0, 0, 10, '0.0000'),
(382, 0, 0, 50, '0.0000'),
(295, 0, 0, 30, '0.0000'),
(278, 0, 0, 10, '0.0000'),
(280, 0, 0, 20, '0.0000'),
(286, 0, 0, 30, '0.0000'),
(274, 0, 0, 10, '0.0000'),
(284, 0, 0, 20, '0.0000'),
(291, 0, 0, 1000, '0.0000'),
(288, 0, 0, 10, '0.0000'),
(283, 0, 0, 25, '0.0000'),
(301, 0, 0, 10, '0.0000'),
(302, 0, 0, 25, '0.0000'),
(303, 0, 0, 30, '0.0000'),
(304, 0, 0, 30, '0.0000'),
(305, 0, 0, 25, '0.0000'),
(306, 0, 0, 1000, '0.0000'),
(307, 0, 0, 25, '0.0000'),
(308, 0, 0, 25, '0.0000'),
(309, 0, 0, 30, '0.0000'),
(310, 0, 0, 10, '0.0000'),
(311, 0, 0, 10, '0.0000'),
(312, 0, 0, 15, '0.0000'),
(313, 0, 0, 25, '0.0000'),
(314, 0, 0, 10, '0.0000'),
(315, 0, 0, 15, '0.0000'),
(316, 0, 0, 15, '0.0000'),
(317, 0, 0, 30, '0.0000'),
(318, 0, 0, 30, '0.0000'),
(319, 0, 0, 25, '0.0000'),
(320, 0, 0, 30, '0.0000'),
(321, 0, 0, 15, '0.0000'),
(322, 0, 0, 10, '0.0000'),
(323, 0, 0, 25, '0.0000'),
(324, 0, 0, 20, '0.0000'),
(325, 0, 0, 10, '0.0000'),
(326, 0, 0, 10, '0.0000'),
(327, 0, 0, 30, '0.0000'),
(328, 0, 0, 30, '0.0000'),
(329, 0, 0, 25, '0.0000'),
(330, 0, 0, 30, '0.0000'),
(331, 0, 0, 30, '0.0000'),
(332, 0, 0, 30, '0.0000'),
(333, 0, 0, 15, '0.0000'),
(334, 0, 0, 20, '0.0000'),
(335, 0, 0, 15, '0.0000'),
(336, 0, 0, 20, '0.0000'),
(337, 0, 0, 5, '0.0000'),
(338, 0, 0, 10, '0.0000'),
(340, 0, 0, 10, '0.0000'),
(341, 0, 0, 30, '0.0000'),
(342, 0, 0, 10, '0.0000'),
(343, 0, 0, 1000, '0.0000'),
(344, 0, 0, 10, '0.0000'),
(345, 0, 0, 20, '0.0000'),
(346, 0, 0, 10, '0.0000'),
(347, 0, 0, 30, '0.0000'),
(349, 0, 0, 25, '0.0000'),
(350, 0, 0, 10, '0.0000'),
(351, 0, 0, 2500, '0.0000'),
(352, 0, 0, 20, '0.0000'),
(353, 0, 0, 1000, '0.0000'),
(354, 0, 0, 10, '0.0000'),
(355, 0, 0, 15, '0.0000'),
(356, 0, 0, 30, '0.0000'),
(357, 0, 0, 10, '0.0000'),
(358, 0, 0, 10, '0.0000'),
(359, 0, 0, 10, '0.0000'),
(361, 0, 0, 10, '0.0000'),
(362, 0, 0, 15, '0.0000'),
(363, 0, 0, 10, '0.0000'),
(364, 0, 0, 10, '0.0000'),
(365, 0, 0, 10, '0.0000'),
(366, 0, 0, 10, '0.0000'),
(367, 0, 0, 1000, '0.0000'),
(368, 0, 0, 500, '0.0000'),
(369, 0, 0, 1000, '0.0000'),
(370, 0, 0, 1000, '0.0000'),
(371, 0, 0, 1000, '0.0000'),
(415, 0, 0, 10, '0.0000'),
(373, 0, 0, 10, '0.0000'),
(374, 0, 0, 10, '0.0000'),
(375, 0, 0, 500, '0.0000'),
(376, 0, 0, 1000, '0.0000'),
(377, 0, 0, 10, '0.0000'),
(378, 0, 0, 15, '0.0000'),
(379, 0, 0, 10, '0.0000'),
(381, 0, 0, 25, '0.0000'),
(392, 0, 0, 50, '0.0000'),
(391, 0, 0, 50, '0.0000'),
(390, 0, 0, 50, '0.0000'),
(389, 0, 0, 50, '0.0000'),
(388, 0, 0, 50, '0.0000'),
(387, 0, 0, 48, '0.0000'),
(386, 0, 0, 50, '0.0000'),
(385, 0, 0, 50, '0.0000'),
(384, 0, 0, 50, '0.0000'),
(383, 0, 0, 49, '0.0000'),
(393, 0, 0, 50, '0.0000'),
(394, 0, 0, 50, '0.0000'),
(395, 0, 0, 50, '0.0000'),
(396, 0, 0, 50, '0.0000'),
(397, 0, 0, 50, '0.0000'),
(398, 0, 0, 50, '0.0000'),
(399, 0, 0, 20, '0.0000'),
(380, 0, 0, 25, '0.0000'),
(400, 0, 0, 25, '0.0000'),
(401, 0, 0, 30, '0.0000'),
(403, 0, 0, 10, '0.0000'),
(404, 0, 0, 10, '0.0000'),
(405, 0, 0, 15, '0.0000'),
(406, 0, 0, 10, '0.0000'),
(407, 0, 0, 15, '0.0000'),
(408, 0, 0, 15, '0.0000'),
(409, 0, 0, 5, '0.0000'),
(410, 0, 0, 10, '0.0000'),
(411, 0, 0, 14, '0.0000'),
(412, 0, 0, 10, '0.0000'),
(413, 0, 0, 15, '0.0000'),
(414, 0, 0, 20, '0.0000');
