-- oc_category PRIMARY KEY (`category_id`)
INSERT IGNORE INTO `oc_category` (`category_id`, `image`, `parent_id`, `top`, `column`, `sort_order`, `status`, `date_added`, `date_modified`) VALUES
(86, 'https://cdn.bestme.asia/images/cars-center/car-parts.png', 0, 0, 0, 0, 1, '2020-12-22 13:42:50', '2020-12-22 14:02:43'),
(87, 'https://cdn.bestme.asia/images/cars-center/taxi.png', 0, 0, 0, 0, 1, '2020-12-22 13:43:48', '2020-12-22 14:04:32'),
(88, '', 87, 0, 0, 0, 1, '2020-12-22 13:43:48', '2020-12-22 14:04:32'),
(89, '', 87, 0, 0, 0, 1, '2020-12-22 13:43:48', '2020-12-22 14:04:32'),
(79, 'https://cdn.bestme.asia/images/cars-center/car-parts-4.png', 0, 0, 0, 0, 1, '2020-12-22 13:42:17', '2020-12-22 14:29:15'),
(78, 'https://cdn.bestme.asia/images/cars-center/car-parts-4.png', 0, 0, 0, 0, 1, '2020-12-22 13:42:17', '2020-12-22 14:05:53'),
(73, 'https://cdn.bestme.asia/images/cars-center/iconfinder_steering-wheel-car-part-controller_4118381.png', 0, 0, 0, 0, 1, '2020-12-22 13:42:17', '2020-12-22 14:28:21'),
(74, NULL, 0, 0, 0, 0, 1, '2020-12-22 13:42:17', '2020-12-22 13:42:17'),
(75, 'https://cdn.bestme.asia/images/cars-center/flat-tire.png', 0, 0, 0, 0, 1, '2020-12-22 13:42:17', '2020-12-22 14:29:31'),
(76, 'https://cdn.bestme.asia/images/cars-center/funnel.png', 0, 0, 0, 0, 1, '2020-12-22 13:42:17', '2020-12-22 14:07:08'),
(77, NULL, 76, 0, 0, 0, 1, '2020-12-22 13:42:17', '2020-12-22 14:07:08'),
(94, '', 76, 0, 0, 0, 1, '2020-12-22 13:55:25', '2020-12-22 14:07:08'),
(93, '', 78, 0, 0, 0, 1, '2020-12-22 13:54:51', '2020-12-22 14:05:53'),
(92, '', 78, 0, 0, 0, 1, '2020-12-22 13:54:51', '2020-12-22 14:05:53'),
(91, '', 78, 0, 0, 0, 1, '2020-12-22 13:54:51', '2020-12-22 14:05:53'),
(90, '', 87, 0, 0, 0, 1, '2020-12-22 13:43:48', '2020-12-22 14:04:32'),
(85, NULL, 87, 0, 0, 0, 1, '2020-12-22 13:42:18', '2020-12-22 14:04:32'),
(84, NULL, 87, 0, 0, 0, 1, '2020-12-22 13:42:18', '2020-12-22 14:04:32'),
(83, 'https://cdn.bestme.asia/images/cars-center/598783.png', 0, 0, 0, 0, 1, '2020-12-22 13:42:18', '2020-12-22 14:31:23'),
(82, 'https://cdn.bestme.asia/images/cars-center/car-parts-1.png', 0, 0, 0, 0, 1, '2020-12-22 13:42:18', '2020-12-22 14:28:59'),
(81, 'https://cdn.bestme.asia/images/cars-center/car-parts-2.png', 0, 0, 0, 0, 1, '2020-12-22 13:42:17', '2020-12-22 14:06:41'),
(80, 'https://cdn.bestme.asia/images/cars-center/car-parts-3.png', 0, 0, 0, 0, 1, '2020-12-22 13:42:17', '2020-12-22 14:28:36');

-- oc_category_description PRIMARY KEY (`category_id`,`language_id`)
INSERT IGNORE INTO `oc_category_description` (`category_id`, `language_id`, `name`, `description`, `meta_title`, `meta_description`, `meta_keyword`) VALUES
(73, 2, 'Hệ Thống Lái', 'Hệ Thống Lái', '', '', ''),
(73, 1, 'Hệ Thống Lái', 'Hệ Thống Lái', '', '', ''),
(74, 2, 'Pin', 'Pin', '', '', ''),
(74, 1, 'Pin', 'Pin', '', '', ''),
(75, 2, 'Lốp Và Bánh Xe', 'Lốp Và Bánh Xe', '', '', ''),
(75, 1, 'Lốp Và Bánh Xe', 'Lốp Và Bánh Xe', '', '', ''),
(76, 2, 'Dầu Và Chất Bôi Trơn', 'Dầu Và Chất Bôi Trơn', '', '', ''),
(76, 1, 'Dầu Và Chất Bôi Trơn', 'Dầu Và Chất Bôi Trơn', '', '', ''),
(77, 2, 'Dầu Động Cơ', 'Dầu Động Cơ', '', '', ''),
(77, 1, 'Dầu Động Cơ', 'Dầu Động Cơ', '', '', ''),
(78, 2, 'Bộ Phận Động Cơ', 'Bộ Phận Động Cơ', '', '', ''),
(78, 1, 'Bộ Phận Động Cơ', 'Bộ Phận Động Cơ', '', '', ''),
(79, 2, 'Lò Xo Cuộn', 'Lò Xo Cuộn', '', '', ''),
(79, 1, 'Lò Xo Cuộn', 'Lò Xo Cuộn', '', '', ''),
(80, 2, 'Huyền Phù', 'Huyền Phù', '', '', ''),
(80, 1, 'Huyền Phù', 'Huyền Phù', '', '', ''),
(81, 2, 'Các Bộ Phận Căn Chỉnh', 'Các Bộ Phận Căn Chỉnh', '', '', ''),
(81, 1, 'Các Bộ Phận Căn Chỉnh', 'Các Bộ Phận Căn Chỉnh', '', '', ''),
(82, 2, 'Kiểm Soát', 'Kiểm Soát', '', '', ''),
(82, 1, 'Kiểm Soát', 'Kiểm Soát', '', '', ''),
(83, 2, 'Đĩa Phanh Và Miếng Đệm', 'Đĩa Phanh Và Miếng Đệm', '', '', ''),
(83, 1, 'Đĩa Phanh Và Miếng Đệm', 'Đĩa Phanh Và Miếng Đệm', '', '', ''),
(84, 2, 'Bộ Lọc Dầu', 'Bộ Lọc Dầu', '', '', ''),
(84, 1, 'Bộ Lọc Dầu', 'Bộ Lọc Dầu', '', '', ''),
(85, 2, 'Bộ Lọc Không Khí Trong Cabin', 'Bộ Lọc Không Khí Trong Cabin', '', '', ''),
(85, 1, 'Bộ Lọc Không Khí Trong Cabin', 'Bộ Lọc Không Khí Trong Cabin', '', '', ''),
(86, 2, 'Bộ dụng cụ chăm sóc ô tô', 'Bộ dụng cụ chăm sóc ô tô', '', '', ''),
(86, 1, 'Bộ dụng cụ chăm sóc ô tô', 'Bộ dụng cụ chăm sóc ô tô', '', '', ''),
(87, 2, 'Bộ dụng cụ làm sạch', 'Bộ dụng cụ làm sạch', '', '', ''),
(87, 1, 'Bộ dụng cụ làm sạch', 'Bộ dụng cụ làm sạch', '', '', ''),
(88, 2, 'Bộ lọc không khí', 'Bộ lọc không khí', '', '', ''),
(88, 1, 'Bộ lọc không khí', 'Bộ lọc không khí', '', '', ''),
(89, 2, 'Cảm biến Oxy', 'Cảm biến Oxy', '', '', ''),
(89, 1, 'Cảm biến Oxy', 'Cảm biến Oxy', '', '', ''),
(90, 2, 'Van PCV', 'Van PCV', '', '', ''),
(90, 1, 'Van PCV', 'Van PCV', '', '', ''),
(91, 2, 'Chảo và phích cắm', 'Chảo và phích cắm', '', '', ''),
(91, 1, 'Chảo và phích cắm', 'Chảo và phích cắm', '', '', ''),
(92, 2, 'Hộp khí', 'Hộp khí', '', '', ''),
(92, 1, 'Hộp khí', 'Hộp khí', '', '', ''),
(93, 2, 'Đầu Xi lanh', 'Đầu Xi lanh', '', '', ''),
(93, 1, 'Đầu Xi lanh', 'Đầu Xi lanh', '', '', ''),
(94, 2, 'Dầu máy', 'Dầu máy', '', '', ''),
(94, 1, 'Dầu máy', 'Dầu máy', '', '', '');

-- oc_category_path PRIMARY KEY (`category_id`,`path_id`)
INSERT IGNORE INTO `oc_category_path` (`category_id`, `path_id`, `level`) VALUES
(81, 81, 0),
(79, 79, 0),
(86, 86, 0),
(85, 85, 0),
(75, 75, 0),
(73, 73, 0),
(87, 87, 0),
(88, 87, 0),
(84, 84, 0),
(82, 82, 0),
(83, 83, 0),
(74, 74, 0),
(76, 76, 0),
(77, 77, 0),
(78, 78, 0),
(80, 80, 0),
(94, 94, 1),
(93, 93, 1),
(94, 76, 0),
(92, 92, 1),
(93, 78, 0),
(91, 91, 1),
(92, 78, 0),
(90, 90, 1),
(91, 78, 0),
(89, 89, 1),
(90, 87, 0),
(88, 88, 1),
(89, 87, 0);

-- oc_category_to_store PRIMARY KEY (`category_id`,`store_id`)
INSERT IGNORE INTO `oc_category_to_store` (`category_id`, `store_id`) VALUES
(73, 0),
(74, 0),
(75, 0),
(76, 0),
(77, 0),
(78, 0),
(79, 0),
(80, 0),
(81, 0),
(82, 0),
(83, 0),
(84, 0),
(85, 0),
(86, 0),
(87, 0),
(88, 0),
(89, 0),
(90, 0),
(91, 0),
(92, 0),
(93, 0),
(94, 0);