-- oc_category PRIMARY KEY (`category_id`)
INSERT IGNORE INTO `oc_category` (`category_id`, `image`, `parent_id`, `top`, `column`, `sort_order`, `status`, `date_added`, `date_modified`) VALUES
(43, '', 39, 0, 0, 0, 1, '2020-08-27 13:47:26', '2020-08-27 13:47:26'),
(42, '', 39, 0, 0, 0, 1, '2020-08-27 13:47:26', '2020-08-27 13:47:26'),
(41, '', 35, 0, 0, 0, 1, '2020-08-27 13:46:38', '2020-08-27 13:46:38'),
(39, '', 0, 0, 0, 0, 1, '2020-08-27 08:30:44', '2020-08-27 13:47:26'),
(38, '', 0, 0, 0, 0, 1, '2020-08-27 08:29:41', '2020-08-27 13:48:25'),
(40, '', 35, 0, 0, 0, 1, '2020-08-27 13:46:38', '2020-08-27 13:46:38'),
(36, '', 0, 0, 0, 0, 1, '2020-08-27 08:29:23', '2020-08-27 13:49:36'),
(35, '', 0, 0, 0, 0, 1, '2020-08-27 08:29:15', '2020-08-27 13:46:38'),
(32, '', 0, 0, 0, 0, 1, '2020-08-27 08:28:47', '2020-08-27 08:29:05'),
(33, '', 32, 0, 0, 0, 1, '2020-08-27 08:29:05', '2020-08-27 08:29:05'),
(34, '', 32, 0, 0, 0, 1, '2020-08-27 08:29:05', '2020-08-27 08:29:05'),
(44, '', 39, 0, 0, 0, 1, '2020-08-27 13:47:26', '2020-08-27 13:47:26'),
(45, '', 38, 0, 0, 0, 1, '2020-08-27 13:48:25', '2020-08-27 13:48:25'),
(46, '', 38, 0, 0, 0, 1, '2020-08-27 13:48:25', '2020-08-27 13:48:25'),
(47, '', 38, 0, 0, 0, 1, '2020-08-27 13:48:25', '2020-08-27 13:48:25'),
(48, '', 36, 0, 0, 0, 1, '2020-08-27 13:49:36', '2020-08-27 13:49:36'),
(49, '', 36, 0, 0, 0, 1, '2020-08-27 13:49:36', '2020-08-27 13:49:36'),
(50, '', 36, 0, 0, 0, 1, '2020-08-27 13:49:36', '2020-08-27 13:49:36'),
(51, '', 36, 0, 0, 0, 1, '2020-08-27 13:49:36', '2020-08-27 13:49:36');

-- oc_category_description PRIMARY KEY (`category_id`,`language_id`)
INSERT IGNORE INTO `oc_category_description` (`category_id`, `language_id`, `name`, `description`, `meta_title`, `meta_description`, `meta_keyword`) VALUES
(41, 1, 'Tủ nhựa người lớn', 'Tủ nhựa người lớn', '', '', ''),
(41, 2, 'Tủ nhựa người lớn', 'Tủ nhựa người lớn', '', '', ''),
(39, 1, 'Tủ Nhựa Song Long.', 'Tủ Nhựa Song Long.', '', '', ''),
(42, 2, 'Tủ nhựa đựng giày', 'Tủ nhựa đựng giày', '', '', ''),
(39, 2, 'Tủ Nhựa Song Long.', 'Tủ Nhựa Song Long.', '', '', ''),
(38, 2, 'Tủ nhựa Việt Nhật', 'Tủ nhựa Việt Nhật', '', '', ''),
(38, 1, 'Tủ nhựa Việt Nhật', 'Tủ nhựa Việt Nhật', '', '', ''),
(40, 2, 'Tủ nhựa trẻ em', 'Tủ nhựa trẻ em', '', '', ''),
(40, 1, 'Tủ nhựa trẻ em', 'Tủ nhựa trẻ em', '', '', ''),
(36, 2, 'Tủ nhựa Duy Tân', 'Tủ nhựa Duy Tân', '', '', ''),
(36, 1, 'Tủ nhựa Duy Tân', 'Tủ nhựa Duy Tân', '', '', ''),
(35, 1, 'Tủ nhựa Đại Đồng Tiến', 'Tủ nhựa Đại Đồng Tiến', '', '', ''),
(32, 2, 'Tủ nhựa Đài Loan', 'Tủ nhựa Đài Loan', '', '', ''),
(32, 1, 'Tủ nhựa Đài Loan', 'Tủ nhựa Đài Loan', '', '', ''),
(33, 2, 'Tủ Nhựa Người Lớn SHplastic', 'Tủ Nhựa Người Lớn SHplastic', '', '', ''),
(33, 1, 'Tủ Nhựa Người Lớn SHplastic', 'Tủ Nhựa Người Lớn SHplastic', '', '', ''),
(34, 2, 'Tủ Nhựa Trẻ Em SHplastic', 'Tủ Nhựa Trẻ Em SHplastic', '', '', ''),
(34, 1, 'Tủ Nhựa Trẻ Em SHplastic', 'Tủ Nhựa Trẻ Em SHplastic', '', '', ''),
(35, 2, 'Tủ nhựa Đại Đồng Tiến', 'Tủ nhựa Đại Đồng Tiến', '', '', ''),
(42, 1, 'Tủ nhựa đựng giày', 'Tủ nhựa đựng giày', '', '', ''),
(43, 2, 'Tủ quần áo', 'Tủ quần áo', '', '', ''),
(43, 1, 'Tủ quần áo', 'Tủ quần áo', '', '', ''),
(44, 2, 'Tủ nhựa đồ trang điểm', 'Tủ nhựa đồ trang điểm', '', '', ''),
(44, 1, 'Tủ nhựa đồ trang điểm', 'Tủ nhựa đồ trang điểm', '', '', ''),
(45, 2, 'Tủ quần áo.', 'Tủ quần áo.', '', '', ''),
(45, 1, 'Tủ quần áo.', 'Tủ quần áo.', '', '', ''),
(46, 2, 'Tủ nhựa đựng giày.', 'Tủ nhựa đựng giày.', '', '', ''),
(46, 1, 'Tủ nhựa đựng giày.', 'Tủ nhựa đựng giày.', '', '', ''),
(47, 2, 'Tủ nhựa đồ trang điểm.', 'Tủ nhựa đồ trang điểm.', '', '', ''),
(47, 1, 'Tủ nhựa đồ trang điểm.', 'Tủ nhựa đồ trang điểm.', '', '', ''),
(48, 2, 'Tủ nhựa 3D', 'Tủ nhựa 3D', '', '', ''),
(48, 1, 'Tủ nhựa 3D', 'Tủ nhựa 3D', '', '', ''),
(49, 2, 'Tủ trẻ em nhiều tầng', 'Tủ trẻ em nhiều tầng', '', '', ''),
(49, 1, 'Tủ trẻ em nhiều tầng', 'Tủ trẻ em nhiều tầng', '', '', ''),
(50, 2, 'Tủ nhựa 2 cánh', 'Tủ nhựa 2 cánh', '', '', ''),
(50, 1, 'Tủ nhựa 2 cánh', 'Tủ nhựa 2 cánh', '', '', ''),
(51, 2, 'Tủ nhựa 3 cánh', 'Tủ nhựa 3 cánh', '', '', ''),
(51, 1, 'Tủ nhựa 3 cánh', 'Tủ nhựa 3 cánh', '', '', '');

-- oc_category_path PRIMARY KEY (`category_id`,`path_id`)
INSERT IGNORE INTO `oc_category_path` (`category_id`, `path_id`, `level`) VALUES
(46, 46, 1),
(46, 38, 0),
(45, 45, 1),
(45, 38, 0),
(44, 44, 1),
(44, 39, 0),
(43, 43, 1),
(43, 39, 0),
(42, 42, 1),
(34, 32, 0),
(33, 33, 1),
(33, 32, 0),
(32, 32, 0),
(42, 39, 0),
(41, 41, 1),
(36, 36, 0),
(34, 34, 1),
(41, 35, 0),
(40, 40, 1),
(39, 39, 0),
(40, 35, 0),
(38, 38, 0),
(35, 35, 0),
(47, 38, 0),
(47, 47, 1),
(48, 36, 0),
(48, 48, 1),
(49, 36, 0),
(49, 49, 1),
(50, 36, 0),
(50, 50, 1),
(51, 36, 0),
(51, 51, 1);

-- oc_category_to_store PRIMARY KEY (`category_id`,`store_id`)
INSERT IGNORE INTO `oc_category_to_store` (`category_id`, `store_id`) VALUES
(32, 0),
(33, 0),
(34, 0),
(35, 0),
(36, 0),
(38, 0),
(39, 0),
(40, 0),
(41, 0),
(42, 0),
(43, 0),
(44, 0),
(45, 0),
(46, 0),
(47, 0),
(48, 0),
(49, 0),
(50, 0),
(51, 0);