-- oc_product PRIMARY KEY (`product_id`)
-- delete first
INSERT IGNORE INTO `oc_product` (`product_id`, `model`, `sku`, `common_barcode`, `common_sku`, `common_compare_price`, `common_price`, `common_cost_price`, `barcode`, `upc`, `ean`, `jan`, `isbn`, `mpn`, `location`, `quantity`, `sale_on_out_of_stock`, `stock_status_id`, `image`, `image_alt`, `multi_versions`, `manufacturer_id`, `shipping`, `price`, `price_currency_id`, `compare_price`, `c_price_currency_id`, `points`, `tax_class_id`, `date_available`, `weight`, `weight_class_id`, `length`, `width`, `height`, `length_class_id`, `subtract`, `minimum`, `sort_order`, `status`, `channel`, `viewed`, `demo`, `deleted`, `default_store_id`, `user_create_id`, `date_added`, `date_modified`) VALUES
(104, '', '', '', '', '0.0000', '0.0000', '0.0000', '', '', '', '', '', '', '', 0, 0, 0, 'https://2.pik.vn/2020c484a0ed-e14a-42df-81bb-b32d06b9db57.jpg', '', 0, 26, 1, '55000.0000', 1, '70000.0000', 1, 0, 0, '0000-00-00', '100.00000000', 1, '0.00000000', '0.00000000', '0.00000000', 0, 1, 1, 0, 1, 2, 0, 1, NULL, 0, 1, '2020-07-31 16:56:26', '2020-07-31 16:56:26'),
(105, '', '', '', '', '0.0000', '0.0000', '0.0000', '', '', '', '', '', '', '', 0, 0, 0, 'https://2.pik.vn/202056baf125-c2b3-4521-b622-782700ec4262.jpg', '', 0, 26, 1, '55000.0000', 1, '70000.0000', 1, 0, 0, '0000-00-00', '100.00000000', 1, '0.00000000', '0.00000000', '0.00000000', 0, 1, 1, 0, 1, 2, 0, 1, NULL, 0, 1, '2020-07-31 16:56:26', '2020-07-31 16:56:26'),
(106, '', '', '', '', '0.0000', '0.0000', '0.0000', '', '', '', '', '', '', '', 0, 0, 0, 'https://2.pik.vn/20203b24d048-4ab6-4770-91cb-9ca04243f16e.jpg', '', 0, 26, 1, '55000.0000', 1, '70000.0000', 1, 0, 0, '0000-00-00', '100.00000000', 1, '0.00000000', '0.00000000', '0.00000000', 0, 1, 1, 0, 1, 2, 0, 1, NULL, 0, 1, '2020-07-31 16:56:26', '2020-07-31 16:56:26'),
(107, '', '', '', '', '0.0000', '0.0000', '0.0000', '', '', '', '', '', '', '', 0, 0, 0, 'https://2.pik.vn/2020411b1a5d-bbc9-4e8d-ae0b-f78f68a3b255.jpg', '', 0, 26, 1, '55000.0000', 1, '70000.0000', 1, 0, 0, '0000-00-00', '100.00000000', 1, '0.00000000', '0.00000000', '0.00000000', 0, 1, 1, 0, 1, 2, 0, 1, NULL, 0, 1, '2020-07-31 16:56:26', '2020-07-31 16:56:26'),
(108, '', '', '', '', '0.0000', '0.0000', '0.0000', '', '', '', '', '', '', '', 0, 0, 0, 'https://2.pik.vn/20207a8a375b-24b4-4f28-9f6d-eba792ab0449.jpg', '', 0, 26, 1, '55000.0000', 1, '70000.0000', 1, 0, 0, '0000-00-00', '100.00000000', 1, '0.00000000', '0.00000000', '0.00000000', 0, 1, 1, 0, 1, 2, 0, 1, NULL, 0, 1, '2020-07-31 16:56:26', '2020-07-31 16:56:26'),
(109, '', '', '', '', '0.0000', '0.0000', '0.0000', '', '', '', '', '', '', '', 0, 0, 0, 'https://2.pik.vn/20202d8454fe-f135-49e3-aed1-6c384bf54003.jpg', '', 0, 26, 1, '55000.0000', 1, '70000.0000', 1, 0, 0, '0000-00-00', '100.00000000', 1, '0.00000000', '0.00000000', '0.00000000', 0, 1, 1, 0, 1, 2, 0, 1, NULL, 0, 1, '2020-07-31 16:56:26', '2020-07-31 16:56:26'),
(110, '', '', '', '', '0.0000', '0.0000', '0.0000', '', '', '', '', '', '', '', 0, 0, 0, 'https://2.pik.vn/2020cb271e8f-8fc4-4569-b0d6-447e08a9e210.jpg', '', 0, 26, 1, '55000.0000', 1, '70000.0000', 1, 0, 0, '0000-00-00', '100.00000000', 1, '0.00000000', '0.00000000', '0.00000000', 0, 1, 1, 0, 1, 2, 0, 1, NULL, 0, 1, '2020-07-31 16:56:26', '2020-07-31 16:56:26'),
(111, '', '', '', '', '0.0000', '0.0000', '0.0000', '', '', '', '', '', '', '', 0, 0, 0, 'https://2.pik.vn/20205f244126-5397-4c9f-a6b3-fa5486183d33.jpg', '', 0, 26, 1, '2900000.0000', 1, '3000000.0000', 1, 0, 0, '0000-00-00', '100.00000000', 1, '0.00000000', '0.00000000', '0.00000000', 0, 1, 1, 0, 1, 2, 0, 1, NULL, 0, 1, '2020-07-31 16:56:26', '2020-07-31 16:56:26'),
(112, '', '', '', '', '0.0000', '0.0000', '0.0000', '', '', '', '', '', '', '', 0, 0, 0, 'https://2.pik.vn/20206e9b45c0-855d-488a-9671-ac0aa467e638.png', '', 0, 26, 1, '2900000.0000', 1, '3000000.0000', 1, 0, 0, '0000-00-00', '100.00000000', 1, '0.00000000', '0.00000000', '0.00000000', 0, 1, 1, 0, 1, 2, 0, 1, NULL, 0, 1, '2020-07-31 16:56:26', '2020-07-31 18:34:47'),
(113, '', '', '', '', '0.0000', '0.0000', '0.0000', '', '', '', '', '', '', '', 0, 0, 0, 'https://2.pik.vn/2020f3082ebb-9c8d-42ef-9f65-a48d4f46fd5f.png', '', 0, 26, 1, '2900000.0000', 1, '3000000.0000', 1, 0, 0, '0000-00-00', '100.00000000', 1, '0.00000000', '0.00000000', '0.00000000', 0, 1, 1, 0, 1, 2, 0, 1, NULL, 0, 1, '2020-07-31 16:56:26', '2020-07-31 18:34:47'),
(114, '', '', '', '', '0.0000', '0.0000', '0.0000', '', '', '', '', '', '', '', 0, 0, 0, 'https://2.pik.vn/20208e1592c3-7247-4141-a67a-f050aa9e6938.png', '', 0, 26, 1, '2900000.0000', 1, '3000000.0000', 1, 0, 0, '0000-00-00', '100.00000000', 1, '0.00000000', '0.00000000', '0.00000000', 0, 1, 1, 0, 1, 2, 0, 1, NULL, 0, 1, '2020-07-31 16:56:26', '2020-07-31 18:34:47'),
(115, '', '', '', '', '0.0000', '0.0000', '0.0000', '', '', '', '', '', '', '', 0, 0, 0, 'https://2.pik.vn/20209798b014-1009-415e-a532-10d54ea3db0f.png', '', 0, 26, 1, '2900000.0000', 1, '3000000.0000', 1, 0, 0, '0000-00-00', '100.00000000', 1, '0.00000000', '0.00000000', '0.00000000', 0, 1, 1, 0, 1, 2, 0, 1, NULL, 0, 1, '2020-07-31 16:56:26', '2020-07-31 18:34:47'),
(116, '', '', '', '', '0.0000', '0.0000', '0.0000', '', '', '', '', '', '', '', 0, 0, 0, 'https://2.pik.vn/2020fa0fdc2d-df93-479d-8e3f-61800e70604b.png', '', 0, 26, 1, '2900000.0000', 1, '3000000.0000', 1, 0, 0, '0000-00-00', '100.00000000', 1, '0.00000000', '0.00000000', '0.00000000', 0, 1, 1, 0, 1, 2, 0, 1, NULL, 0, 1, '2020-07-31 16:56:26', '2020-07-31 18:34:47'),
(117, '', '', '', '', '0.0000', '0.0000', '0.0000', '', '', '', '', '', '', '', 0, 0, 0, 'https://2.pik.vn/2020d7274b60-18a6-47a2-83e0-d069e17245d4.png', '', 0, 26, 1, '2900000.0000', 1, '3000000.0000', 1, 0, 0, '0000-00-00', '100.00000000', 1, '0.00000000', '0.00000000', '0.00000000', 0, 1, 1, 0, 1, 2, 0, 1, NULL, 0, 1, '2020-07-31 16:56:26', '2020-07-31 18:34:47'),
(118, '', '', '', '', '0.0000', '0.0000', '0.0000', '', '', '', '', '', '', '', 0, 0, 0, 'https://2.pik.vn/2020f933c3e0-c505-4a3a-a5af-4ed23ee0a091.png', '', 0, 26, 1, '2900000.0000', 1, '3000000.0000', 1, 0, 0, '0000-00-00', '100.00000000', 1, '0.00000000', '0.00000000', '0.00000000', 0, 1, 1, 0, 1, 2, 0, 1, NULL, 0, 1, '2020-07-31 16:56:26', '2020-07-31 18:34:47'),
(119, '', '', '', '', '0.0000', '0.0000', '0.0000', '', '', '', '', '', '', '', 0, 0, 0, 'https://2.pik.vn/20209f05cc94-bc32-463f-a20d-47834ae06c37.png', '', 0, 26, 1, '2900000.0000', 1, '3000000.0000', 1, 0, 0, '0000-00-00', '100.00000000', 1, '0.00000000', '0.00000000', '0.00000000', 0, 1, 1, 0, 1, 2, 0, 1, NULL, 0, 1, '2020-07-31 16:56:26', '2020-07-31 18:34:47'),
(120, '', '', '', '', '0.0000', '0.0000', '0.0000', '', '', '', '', '', '', '', 0, 0, 0, 'https://2.pik.vn/2020be45a17a-abca-4f48-a435-b777f3da350c.png', '', 0, 26, 1, '2900000.0000', 1, '3000000.0000', 1, 0, 0, '0000-00-00', '100.00000000', 1, '0.00000000', '0.00000000', '0.00000000', 0, 1, 1, 0, 1, 2, 0, 1, NULL, 0, 1, '2020-07-31 16:56:26', '2020-07-31 18:34:47'),
(121, '', '', '', '', '0.0000', '0.0000', '0.0000', '', '', '', '', '', '', '', 0, 0, 0, 'https://2.pik.vn/2020ce15f829-1044-4a50-bb34-3173bd3ddd49.png', '', 0, 26, 1, '2900000.0000', 1, '3000000.0000', 1, 0, 0, '0000-00-00', '100.00000000', 1, '0.00000000', '0.00000000', '0.00000000', 0, 1, 1, 0, 1, 2, 0, 1, NULL, 0, 1, '2020-07-31 16:56:26', '2020-07-31 18:34:47'),
(122, '', '', '', '', '0.0000', '0.0000', '0.0000', '', '', '', '', '', '', '', 0, 0, 0, 'https://2.pik.vn/2020ecf787bd-d1c1-4bd6-848f-2d2e7186cff3.png', '', 0, 26, 1, '2900000.0000', 1, '3000000.0000', 1, 0, 0, '0000-00-00', '100.00000000', 1, '0.00000000', '0.00000000', '0.00000000', 0, 1, 1, 0, 1, 2, 0, 1, NULL, 0, 1, '2020-07-31 16:56:26', '2020-07-31 18:34:47'),
(123, '', '', '', '', '0.0000', '0.0000', '0.0000', '', '', '', '', '', '', '', 0, 0, 0, 'https://2.pik.vn/2020e473da93-b689-4663-b137-881d32030ca2.png', '', 0, 26, 1, '2900000.0000', 1, '3000000.0000', 1, 0, 0, '0000-00-00', '100.00000000', 1, '0.00000000', '0.00000000', '0.00000000', 0, 1, 1, 0, 1, 2, 0, 1, NULL, 0, 1, '2020-07-31 16:56:26', '2020-07-31 18:34:47'),
(124, '', '', '', '', '0.0000', '0.0000', '0.0000', '', '', '', '', '', '', '', 0, 0, 0, 'https://2.pik.vn/2020d677c0f7-488f-4b73-a4ec-3b0ed0b966da.png', '', 0, 26, 1, '2900000.0000', 1, '3000000.0000', 1, 0, 0, '0000-00-00', '100.00000000', 1, '0.00000000', '0.00000000', '0.00000000', 0, 1, 1, 0, 1, 2, 0, 1, NULL, 0, 1, '2020-07-31 16:56:26', '2020-07-31 18:34:47'),
(125, '', '', '', '', '0.0000', '0.0000', '0.0000', '', '', '', '', '', '', '', 0, 0, 0, 'https://2.pik.vn/2020b22aadcc-dede-42e6-a280-58dcf501cf00.png', '', 0, 26, 1, '2900000.0000', 1, '3000000.0000', 1, 0, 0, '0000-00-00', '100.00000000', 1, '0.00000000', '0.00000000', '0.00000000', 0, 1, 1, 0, 1, 2, 0, 1, NULL, 0, 1, '2020-07-31 16:56:26', '2020-07-31 18:34:47'),
(126, '', '', '', '', '0.0000', '0.0000', '0.0000', '', '', '', '', '', '', '', 0, 0, 0, 'https://2.pik.vn/2020bd988896-affb-4e98-ad9a-fccb1ef09082.png', '', 0, 26, 1, '2900000.0000', 1, '3000000.0000', 1, 0, 0, '0000-00-00', '100.00000000', 1, '0.00000000', '0.00000000', '0.00000000', 0, 1, 1, 0, 1, 2, 0, 1, NULL, 0, 1, '2020-07-31 16:56:26', '2020-07-31 18:34:47'),
(127, '', '', '', '', '0.0000', '0.0000', '0.0000', '', '', '', '', '', '', '', 0, 0, 0, 'https://2.pik.vn/2020cc220427-11d2-463c-b5da-5c42d760f7d2.png', '', 0, 26, 1, '2900000.0000', 1, '3000000.0000', 1, 0, 0, '0000-00-00', '100.00000000', 1, '0.00000000', '0.00000000', '0.00000000', 0, 1, 1, 0, 1, 2, 0, 1, NULL, 0, 1, '2020-07-31 16:56:26', '2020-07-31 18:34:47'),
(128, '', '', '', '', '0.0000', '0.0000', '0.0000', '', '', '', '', '', '', '', 0, 0, 0, 'https://2.pik.vn/2020b603a123-08cb-4e2d-a5e2-5aec8f3a4121.png', '', 0, 26, 1, '2900000.0000', 1, '3000000.0000', 1, 0, 0, '0000-00-00', '100.00000000', 1, '0.00000000', '0.00000000', '0.00000000', 0, 1, 1, 0, 1, 2, 0, 1, NULL, 0, 1, '2020-07-31 16:56:26', '2020-07-31 18:34:47'),
(129, '', '', '', '', '0.0000', '0.0000', '0.0000', '', '', '', '', '', '', '', 0, 0, 0, 'https://2.pik.vn/202067cc9fe7-5df7-4d15-b323-e8bd4892bfd2.png', '', 0, 26, 1, '2900000.0000', 1, '3000000.0000', 1, 0, 0, '0000-00-00', '100.00000000', 1, '0.00000000', '0.00000000', '0.00000000', 0, 1, 1, 0, 1, 2, 0, 1, NULL, 0, 1, '2020-07-31 16:56:26', '2020-07-31 18:34:47'),
(130, '', '', '', '', '0.0000', '0.0000', '0.0000', '', '', '', '', '', '', '', 0, 0, 0, 'https://2.pik.vn/20200244660a-2199-4f9f-af08-20a92e18b520.png', '', 0, 26, 1, '2900000.0000', 1, '3000000.0000', 1, 0, 0, '0000-00-00', '100.00000000', 1, '0.00000000', '0.00000000', '0.00000000', 0, 1, 1, 0, 1, 2, 0, 1, NULL, 0, 1, '2020-07-31 16:56:26', '2020-07-31 18:34:47'),
(131, '', '', '', '', '0.0000', '0.0000', '0.0000', '', '', '', '', '', '', '', 0, 0, 0, 'https://2.pik.vn/2020bb2bbebc-778d-494e-9b0c-9cea789f76d6.png', '', 0, 26, 1, '2900000.0000', 1, '3000000.0000', 1, 0, 0, '0000-00-00', '100.00000000', 1, '0.00000000', '0.00000000', '0.00000000', 0, 1, 1, 0, 1, 2, 0, 1, NULL, 0, 1, '2020-07-31 16:56:26', '2020-07-31 18:34:47'),
(132, '', '', '', '', '0.0000', '0.0000', '0.0000', '', '', '', '', '', '', '', 0, 0, 0, 'https://2.pik.vn/20201424a503-ab64-48c8-9539-ea6f999b7cdd.png', '', 0, 26, 1, '2900000.0000', 1, '3000000.0000', 1, 0, 0, '0000-00-00', '100.00000000', 1, '0.00000000', '0.00000000', '0.00000000', 0, 1, 1, 0, 1, 2, 0, 1, NULL, 0, 1, '2020-07-31 16:56:26', '2020-07-31 18:34:47'),
(133, '', '', '', '', '0.0000', '0.0000', '0.0000', '', '', '', '', '', '', '', 0, 0, 0, 'https://2.pik.vn/20201769cfc1-7846-4419-81a2-5655cc574277.png', '', 0, 26, 1, '2900000.0000', 1, '3000000.0000', 1, 0, 0, '0000-00-00', '100.00000000', 1, '0.00000000', '0.00000000', '0.00000000', 0, 1, 1, 0, 1, 2, 0, 1, NULL, 0, 1, '2020-07-31 16:56:26', '2020-07-31 18:34:47'),
(134, '', '', '', '', '0.0000', '0.0000', '0.0000', '', '', '', '', '', '', '', 0, 0, 0, 'https://2.pik.vn/2020c6009ac3-11ae-4e1b-858d-e1192fd28fc4.png', '', 0, 26, 1, '2900000.0000', 1, '3000000.0000', 1, 0, 0, '0000-00-00', '100.00000000', 1, '0.00000000', '0.00000000', '0.00000000', 0, 1, 1, 0, 1, 2, 0, 1, NULL, 0, 1, '2020-07-31 16:56:26', '2020-07-31 18:34:47'),
(135, '', '', '', '', '0.0000', '0.0000', '0.0000', '', '', '', '', '', '', '', 0, 0, 0, 'https://2.pik.vn/2020c8bb6daa-8688-4771-a92e-fd2147ea80f7.jpg', '', 0, 26, 1, '35000.0000', 1, '50000.0000', 1, 0, 0, '0000-00-00', '100.00000000', 1, '0.00000000', '0.00000000', '0.00000000', 0, 1, 1, 0, 1, 2, 0, 1, NULL, 0, 1, '2020-07-31 16:56:26', '2020-07-31 16:56:26'),
(136, '', '', '', '', '0.0000', '0.0000', '0.0000', '', '', '', '', '', '', '', 0, 0, 0, 'https://2.pik.vn/2020db573494-6af2-4488-811a-73bfe76e53d7.jpg', '', 0, 26, 1, '35000.0000', 1, '50000.0000', 1, 0, 0, '0000-00-00', '100.00000000', 1, '0.00000000', '0.00000000', '0.00000000', 0, 1, 1, 0, 1, 2, 0, 1, NULL, 0, 1, '2020-07-31 16:56:26', '2020-07-31 16:56:26'),
(137, '', '', '', '', '0.0000', '0.0000', '0.0000', '', '', '', '', '', '', '', 0, 0, 0, 'https://2.pik.vn/20200fac6a4d-6e27-45cf-adde-9dbc90c12aca.jpg', '', 0, 26, 1, '35000.0000', 1, '50000.0000', 1, 0, 0, '0000-00-00', '100.00000000', 1, '0.00000000', '0.00000000', '0.00000000', 0, 1, 1, 0, 1, 2, 0, 1, NULL, 0, 1, '2020-07-31 16:56:26', '2020-07-31 16:56:26'),
(138, '', '', '', '', '0.0000', '0.0000', '0.0000', '', '', '', '', '', '', '', 0, 0, 0, 'https://2.pik.vn/202009cb9c46-2579-46ea-be90-36cf170ba472.jpg', '', 0, 26, 1, '35000.0000', 1, '50000.0000', 1, 0, 0, '0000-00-00', '100.00000000', 1, '0.00000000', '0.00000000', '0.00000000', 0, 1, 1, 0, 1, 2, 0, 1, NULL, 0, 1, '2020-07-31 16:56:26', '2020-07-31 16:56:26'),
(139, '', '', '', '', '0.0000', '0.0000', '0.0000', '', '', '', '', '', '', '', 0, 0, 0, 'https://2.pik.vn/20206618885b-52af-4697-964f-09d2e8b6562f.jpg', '', 0, 26, 1, '35000.0000', 1, '50000.0000', 1, 0, 0, '0000-00-00', '100.00000000', 1, '0.00000000', '0.00000000', '0.00000000', 0, 1, 1, 0, 1, 2, 0, 1, NULL, 0, 1, '2020-07-31 16:56:26', '2020-07-31 16:56:26'),
(140, '', '', '', '', '0.0000', '0.0000', '0.0000', '', '', '', '', '', '', '', 0, 0, 0, 'https://2.pik.vn/202085bd2df4-f67f-4b33-83fe-f4a1a2d2ee7f.jpg', '', 0, 26, 1, '35000.0000', 1, '50000.0000', 1, 0, 0, '0000-00-00', '100.00000000', 1, '0.00000000', '0.00000000', '0.00000000', 0, 1, 1, 0, 1, 2, 0, 1, NULL, 0, 1, '2020-07-31 16:56:26', '2020-07-31 16:56:26'),
(141, '', '', '', '', '0.0000', '0.0000', '0.0000', '', '', '', '', '', '', '', 0, 0, 0, 'https://2.pik.vn/2020ab32230b-aa2f-4434-9ee1-5afca8212c65.jpg', '', 0, 26, 1, '35000.0000', 1, '50000.0000', 1, 0, 0, '0000-00-00', '100.00000000', 1, '0.00000000', '0.00000000', '0.00000000', 0, 1, 1, 0, 1, 2, 0, 1, NULL, 0, 1, '2020-07-31 16:56:26', '2020-07-31 16:56:26'),
(142, '', '', '', '', '0.0000', '0.0000', '0.0000', '', '', '', '', '', '', '', 0, 0, 0, 'https://2.pik.vn/2020a9366f4e-2d9c-48b3-90b1-cc2d5575b07b.jpg', '', 0, 26, 1, '35000.0000', 1, '50000.0000', 1, 0, 0, '0000-00-00', '100.00000000', 1, '0.00000000', '0.00000000', '0.00000000', 0, 1, 1, 0, 1, 2, 0, 1, NULL, 0, 1, '2020-07-31 16:56:26', '2020-07-31 16:56:26'),
(143, '', '', '', '', '0.0000', '0.0000', '0.0000', '', '', '', '', '', '', '', 0, 0, 0, 'https://2.pik.vn/202073cd389e-175e-40d9-8bcf-f5efbecf569f.jpg', '', 0, 26, 1, '35000.0000', 1, '50000.0000', 1, 0, 0, '0000-00-00', '100.00000000', 1, '0.00000000', '0.00000000', '0.00000000', 0, 1, 1, 0, 1, 2, 0, 1, NULL, 0, 1, '2020-07-31 16:56:26', '2020-07-31 16:56:26'),
(144, '', '', '', '', '0.0000', '0.0000', '0.0000', '', '', '', '', '', '', '', 0, 0, 0, 'https://2.pik.vn/2020488d1950-b033-4740-aa87-a7d723b56893.png', '', 0, 26, 1, '35000.0000', 1, '50000.0000', 1, 0, 0, '0000-00-00', '100.00000000', 1, '0.00000000', '0.00000000', '0.00000000', 0, 1, 1, 0, 1, 2, 0, 1, NULL, 0, 1, '2020-07-31 16:56:26', '2020-07-31 16:56:26'),
(145, '', '', '', '', '0.0000', '0.0000', '0.0000', '', '', '', '', '', '', '', 0, 0, 0, 'https://2.pik.vn/202048a6d2ef-8e56-45a7-bf7b-4fc37273182c.jpg', '', 0, 26, 1, '35000.0000', 1, '50000.0000', 1, 0, 0, '0000-00-00', '100.00000000', 1, '0.00000000', '0.00000000', '0.00000000', 0, 1, 1, 0, 1, 2, 0, 1, NULL, 0, 1, '2020-07-31 16:56:26', '2020-07-31 16:56:26'),
(146, '', '', '', '', '0.0000', '0.0000', '0.0000', '', '', '', '', '', '', '', 0, 0, 0, 'https://2.pik.vn/202070a09b68-fa4b-4343-b756-76ab8aa4f717.jpg', '', 0, 26, 1, '35000.0000', 1, '50000.0000', 1, 0, 0, '0000-00-00', '100.00000000', 1, '0.00000000', '0.00000000', '0.00000000', 0, 1, 1, 0, 1, 2, 0, 1, NULL, 0, 1, '2020-07-31 16:56:26', '2020-07-31 16:56:26'),
(147, '', '', '', '', '0.0000', '0.0000', '0.0000', '', '', '', '', '', '', '', 0, 0, 0, 'https://cdn.bestme.asia/images/x2/do-choi-chut-chit-hoa-qua-2.jpg', '', 0, 26, 1, '35000.0000', 1, '50000.0000', 1, 0, 0, '0000-00-00', '100.00000000', 1, '0.00000000', '0.00000000', '0.00000000', 0, 1, 1, 0, 1, 2, 0, 1, NULL, 0, 1, '2020-07-31 16:56:26', '2020-07-31 18:08:23'),
(148, '', '', '', '', '0.0000', '0.0000', '0.0000', '', '', '', '', '', '', '', 0, 0, 0, 'https://2.pik.vn/2020bd69c8ed-edba-4382-a849-274f476fc01f.jpg', '', 0, 26, 1, '35000.0000', 1, '50000.0000', 1, 0, 0, '0000-00-00', '100.00000000', 1, '0.00000000', '0.00000000', '0.00000000', 0, 1, 1, 0, 1, 2, 0, 1, NULL, 0, 1, '2020-07-31 16:56:26', '2020-07-31 16:56:26'),
(149, '', '', '', '', '0.0000', '0.0000', '0.0000', '', '', '', '', '', '', '', 0, 0, 0, 'https://2.pik.vn/202031c1a6e8-6eff-49e4-9434-6224f042a1b1.jpg', '', 0, 26, 1, '35000.0000', 1, '50000.0000', 1, 0, 0, '0000-00-00', '100.00000000', 1, '0.00000000', '0.00000000', '0.00000000', 0, 1, 1, 0, 1, 2, 0, 1, NULL, 0, 1, '2020-07-31 16:56:26', '2020-07-31 16:56:26'),
(150, '', '', '', '', '0.0000', '0.0000', '0.0000', '', '', '', '', '', '', '', 0, 0, 0, 'https://2.pik.vn/2020912627d5-786c-4bfd-9623-9e75a754015a.jpg', '', 0, 26, 1, '35000.0000', 1, '50000.0000', 1, 0, 0, '0000-00-00', '100.00000000', 1, '0.00000000', '0.00000000', '0.00000000', 0, 1, 1, 0, 1, 2, 0, 1, NULL, 0, 1, '2020-07-31 16:56:26', '2020-07-31 16:56:26'),
(151, '', '', '', '', '0.0000', '0.0000', '0.0000', '', '', '', '', '', '', '', 0, 0, 0, 'https://2.pik.vn/202075d5073e-ed2e-4fc8-8d78-3362601b1eca.jpg', '', 0, 26, 1, '35000.0000', 1, '50000.0000', 1, 0, 0, '0000-00-00', '100.00000000', 1, '0.00000000', '0.00000000', '0.00000000', 0, 1, 1, 0, 1, 2, 0, 1, NULL, 0, 1, '2020-07-31 16:56:26', '2020-07-31 16:56:26'),
(152, '', '', '', '', '0.0000', '0.0000', '0.0000', '', '', '', '', '', '', '', 0, 0, 0, 'https://2.pik.vn/2020a0b17517-95c8-4dd0-a66d-db388f252d44.jpg', '', 0, 26, 1, '35000.0000', 1, '50000.0000', 1, 0, 0, '0000-00-00', '100.00000000', 1, '0.00000000', '0.00000000', '0.00000000', 0, 1, 1, 0, 1, 2, 0, 1, NULL, 0, 1, '2020-07-31 16:56:26', '2020-07-31 16:56:26'),
(153, '', '', '', '', '0.0000', '0.0000', '0.0000', '', '', '', '', '', '', '', 0, 0, 0, 'https://2.pik.vn/20201479fc48-a614-462e-b48a-9a8052523c41.jpg', '', 0, 26, 1, '35000.0000', 1, '50000.0000', 1, 0, 0, '0000-00-00', '100.00000000', 1, '0.00000000', '0.00000000', '0.00000000', 0, 1, 1, 0, 1, 2, 0, 1, NULL, 0, 1, '2020-07-31 16:56:26', '2020-07-31 16:56:26'),
(154, '', '', '', '', '0.0000', '0.0000', '0.0000', '', '', '', '', '', '', '', 0, 0, 0, 'https://2.pik.vn/20205e9f7c64-b2ec-441a-8119-23edb0768423.jpg', '', 0, 26, 1, '35000.0000', 1, '50000.0000', 1, 0, 0, '0000-00-00', '100.00000000', 1, '0.00000000', '0.00000000', '0.00000000', 0, 1, 1, 0, 1, 2, 0, 1, NULL, 0, 1, '2020-07-31 16:56:26', '2020-07-31 16:56:26'),
(155, '', '', '', '', '0.0000', '0.0000', '0.0000', '', '', '', '', '', '', '', 0, 0, 0, 'https://2.pik.vn/202035347ba0-ea44-40fa-bec5-72fdcb9a6b93.jpg', '', 0, 26, 1, '35000.0000', 1, '50000.0000', 1, 0, 0, '0000-00-00', '100.00000000', 1, '0.00000000', '0.00000000', '0.00000000', 0, 1, 1, 0, 1, 2, 0, 1, NULL, 0, 1, '2020-07-31 16:56:26', '2020-07-31 16:56:26'),
(156, '', '', '', '', '0.0000', '0.0000', '0.0000', '', '', '', '', '', '', '', 0, 0, 0, 'https://2.pik.vn/2020832fa119-5483-4808-95af-f7ba8e164ab6.jpg', '', 0, 26, 1, '35000.0000', 1, '50000.0000', 1, 0, 0, '0000-00-00', '100.00000000', 1, '0.00000000', '0.00000000', '0.00000000', 0, 1, 1, 0, 1, 2, 0, 1, NULL, 0, 1, '2020-07-31 16:56:26', '2020-07-31 16:56:26'),
(157, '', '', '', '', '0.0000', '0.0000', '0.0000', '', '', '', '', '', '', '', 0, 0, 0, 'https://2.pik.vn/2020d45c763c-b118-402f-904e-bbf296bd3144.jpg', '', 0, 26, 1, '35000.0000', 1, '50000.0000', 1, 0, 0, '0000-00-00', '100.00000000', 1, '0.00000000', '0.00000000', '0.00000000', 0, 1, 1, 0, 1, 2, 0, 1, NULL, 0, 1, '2020-07-31 16:56:26', '2020-07-31 16:56:26'),
(158, '', '', '', '', '0.0000', '0.0000', '0.0000', '', '', '', '', '', '', '', 0, 0, 0, 'https://2.pik.vn/2020ee82ccee-c910-432a-ab74-fdb63cdd440e.jpg', '', 0, 26, 1, '35000.0000', 1, '50000.0000', 1, 0, 0, '0000-00-00', '100.00000000', 1, '0.00000000', '0.00000000', '0.00000000', 0, 1, 1, 0, 1, 2, 0, 1, NULL, 0, 1, '2020-07-31 16:56:26', '2020-07-31 16:56:26'),
(159, '', '', '', '', '0.0000', '0.0000', '0.0000', '', '', '', '', '', '', '', 0, 0, 0, 'https://2.pik.vn/2020275f8ed1-8667-42fb-989c-a673e3db9732.jpg', '', 0, 26, 1, '35000.0000', 1, '50000.0000', 1, 0, 0, '0000-00-00', '100.00000000', 1, '0.00000000', '0.00000000', '0.00000000', 0, 1, 1, 0, 1, 2, 0, 1, NULL, 0, 1, '2020-07-31 16:56:26', '2020-07-31 16:56:26'),
(160, '', '', '', '', '0.0000', '0.0000', '0.0000', '', '', '', '', '', '', '', 0, 0, 0, 'https://2.pik.vn/2020dd3cc17d-96ff-4a35-829c-adedc42a4709.jpg', '', 0, 26, 1, '35000.0000', 1, '50000.0000', 1, 0, 0, '0000-00-00', '100.00000000', 1, '0.00000000', '0.00000000', '0.00000000', 0, 1, 1, 0, 1, 2, 0, 1, NULL, 0, 1, '2020-07-31 16:56:26', '2020-07-31 16:56:26'),
(161, '', '', '', '', '0.0000', '0.0000', '0.0000', '', '', '', '', '', '', '', 0, 0, 0, 'https://2.pik.vn/2020348f9bfe-0fbe-4688-8b71-c4bb4df0e174.jpg', '', 0, 26, 1, '35000.0000', 1, '50000.0000', 1, 0, 0, '0000-00-00', '100.00000000', 1, '0.00000000', '0.00000000', '0.00000000', 0, 1, 1, 0, 1, 2, 0, 1, NULL, 0, 1, '2020-07-31 16:56:26', '2020-07-31 16:56:26'),
(162, '', '', '', '', '0.0000', '0.0000', '0.0000', '', '', '', '', '', '', '', 0, 0, 0, 'https://2.pik.vn/2020249fe25f-8c01-4b28-b6de-635f533fa811.jpg', '', 0, 26, 1, '35000.0000', 1, '50000.0000', 1, 0, 0, '0000-00-00', '100.00000000', 1, '0.00000000', '0.00000000', '0.00000000', 0, 1, 1, 0, 1, 2, 0, 1, NULL, 0, 1, '2020-07-31 16:56:26', '2020-07-31 16:56:26'),
(163, '', '', '', '', '0.0000', '0.0000', '0.0000', '', '', '', '', '', '', '', 0, 0, 0, 'https://2.pik.vn/2020b4066560-7f34-48a3-b444-16d0ac2eef60.jpg', '', 0, 26, 1, '35000.0000', 1, '50000.0000', 1, 0, 0, '0000-00-00', '100.00000000', 1, '0.00000000', '0.00000000', '0.00000000', 0, 1, 1, 0, 1, 2, 0, 1, NULL, 0, 1, '2020-07-31 16:56:26', '2020-07-31 16:56:26'),
(164, '', '', '', '', '0.0000', '0.0000', '0.0000', '', '', '', '', '', '', '', 0, 0, 0, 'https://2.pik.vn/20201b2816d2-4cc2-461e-9e35-717f849a6641.jpg', '', 0, 26, 1, '35000.0000', 1, '50000.0000', 1, 0, 0, '0000-00-00', '100.00000000', 1, '0.00000000', '0.00000000', '0.00000000', 0, 1, 1, 0, 1, 2, 0, 1, NULL, 0, 1, '2020-07-31 16:56:26', '2020-07-31 16:56:26'),
(165, '', '', '', '', '0.0000', '0.0000', '0.0000', '', '', '', '', '', '', '', 0, 0, 0, 'https://2.pik.vn/2020e6390252-cb2d-4de6-b603-afe01a83a59b.jpg', '', 0, 26, 1, '35000.0000', 1, '50000.0000', 1, 0, 0, '0000-00-00', '100.00000000', 1, '0.00000000', '0.00000000', '0.00000000', 0, 1, 1, 0, 1, 2, 0, 1, NULL, 0, 1, '2020-07-31 16:56:26', '2020-07-31 16:56:26'),
(166, '', '', '', '', '0.0000', '0.0000', '0.0000', '', '', '', '', '', '', '', 0, 0, 0, 'https://2.pik.vn/202009e00399-0d3e-4b08-a050-e5409d31590e.jpg', '', 0, 26, 1, '35000.0000', 1, '50000.0000', 1, 0, 0, '0000-00-00', '100.00000000', 1, '0.00000000', '0.00000000', '0.00000000', 0, 1, 1, 0, 1, 2, 0, 1, NULL, 0, 1, '2020-07-31 16:56:26', '2020-07-31 16:56:26'),
(167, '', '', '', '', '0.0000', '0.0000', '0.0000', '', '', '', '', '', '', '', 0, 0, 0, 'https://2.pik.vn/202034d50262-4d75-454a-891d-ba3cef4a8227.jpg', '', 0, 26, 1, '35000.0000', 1, '50000.0000', 1, 0, 0, '0000-00-00', '100.00000000', 1, '0.00000000', '0.00000000', '0.00000000', 0, 1, 1, 0, 1, 2, 0, 1, NULL, 0, 1, '2020-07-31 16:56:26', '2020-07-31 16:56:26'),
(168, '', '', '', '', '0.0000', '0.0000', '0.0000', '', '', '', '', '', '', '', 0, 0, 0, 'https://2.pik.vn/2020c593bc30-d762-45af-af67-5678d6b6ad0d.jpg', '', 0, 26, 1, '35000.0000', 1, '50000.0000', 1, 0, 0, '0000-00-00', '100.00000000', 1, '0.00000000', '0.00000000', '0.00000000', 0, 1, 1, 0, 1, 2, 0, 1, NULL, 0, 1, '2020-07-31 16:56:26', '2020-07-31 16:56:26'),
(169, '', '', '', '', '0.0000', '0.0000', '0.0000', '', '', '', '', '', '', '', 0, 0, 0, 'https://2.pik.vn/20206d6c530d-16b0-4fbb-8533-5a4f8aa3a51b.jpg', '', 0, 26, 1, '35000.0000', 1, '50000.0000', 1, 0, 0, '0000-00-00', '100.00000000', 1, '0.00000000', '0.00000000', '0.00000000', 0, 1, 1, 0, 1, 2, 0, 1, NULL, 0, 1, '2020-07-31 16:56:26', '2020-07-31 16:56:26'),
(170, '', '', '', '', '0.0000', '0.0000', '0.0000', '', '', '', '', '', '', '', 0, 0, 0, 'https://2.pik.vn/2020d236bdb2-30ca-4dbd-a317-894d0f29b6b6.jpg', '', 0, 26, 1, '35000.0000', 1, '50000.0000', 1, 0, 0, '0000-00-00', '100.00000000', 1, '0.00000000', '0.00000000', '0.00000000', 0, 1, 1, 0, 1, 2, 0, 1, NULL, 0, 1, '2020-07-31 16:56:26', '2020-07-31 16:56:26'),
(171, '', '', '', '', '0.0000', '0.0000', '0.0000', '', '', '', '', '', '', '', 0, 0, 0, 'https://2.pik.vn/2020e9fa1011-6981-41c9-826f-65c40ee45478.jpg', '', 0, 26, 1, '35000.0000', 1, '50000.0000', 1, 0, 0, '0000-00-00', '100.00000000', 1, '0.00000000', '0.00000000', '0.00000000', 0, 1, 1, 0, 1, 2, 0, 1, NULL, 0, 1, '2020-07-31 16:56:26', '2020-07-31 16:56:26'),
(172, '', '', '', '', '0.0000', '0.0000', '0.0000', '', '', '', '', '', '', '', 0, 0, 0, 'https://2.pik.vn/20201814eb6e-5af1-4482-8727-5a300b7f5e87.png', '', 0, 26, 1, '35000.0000', 1, '50000.0000', 1, 0, 0, '0000-00-00', '100.00000000', 1, '0.00000000', '0.00000000', '0.00000000', 0, 1, 1, 0, 1, 2, 0, 1, NULL, 0, 1, '2020-07-31 16:56:26', '2020-07-31 16:56:26');

-- restore soft-deleted products if demo
UPDATE `oc_product` SET `deleted` = NULL
WHERE `demo` = 1
  AND `product_id` IN (
   104,
   105,
   106,
   107,
   108,
   109,
   110,
   111,
   112,
   113,
   114,
   115,
   116,
   117,
   118,
   119,
   120,
   121,
   122,
   123,
   124,
   125,
   126,
   127,
   128,
   129,
   130,
   131,
   132,
   133,
   134,
   135,
   136,
   137,
   138,
   139,
   140,
   141,
   142,
   143,
   144,
   145,
   146,
   147,
   148,
   149,
   150,
   151,
   152,
   153,
   154,
   155,
   156,
   157,
   158,
   159,
   160,
   161,
   162,
   163,
   164,
   165,
   166,
   167,
   168,
   169,
   170,
   171,
   172
  );

-- oc_product_collection PRIMARY KEY (`product_collection_id`)
INSERT IGNORE INTO `oc_product_collection` (`product_collection_id`, `product_id`, `collection_id`, `sort_order`) VALUES
(279, 123, 9, 7),
(278, 124, 9, 6),
(359, 121, 27, 4),
(287, 114, 8, 7),
(286, 131, 8, 6),
(277, 127, 9, 5),
(301, 117, 25, 0),
(258, 152, 17, 8),
(285, 130, 8, 5),
(291, 114, 10, 3),
(295, 114, 11, 3),
(386, 114, 24, 3),
(280, 113, 9, 8),
(363, 121, 26, 4),
(358, 122, 27, 3),
(276, 130, 9, 4),
(250, 130, 18, 11),
(362, 124, 26, 3),
(246, 124, 18, 7),
(248, 126, 18, 9),
(244, 122, 18, 5),
(243, 121, 18, 4),
(242, 120, 18, 3),
(241, 118, 18, 2),
(249, 128, 18, 10),
(361, 123, 26, 2),
(247, 127, 18, 8),
(245, 123, 18, 6),
(284, 129, 8, 4),
(283, 117, 8, 3),
(282, 113, 8, 2),
(281, 115, 8, 1),
(175, 104, 13, 0),
(176, 105, 13, 0),
(177, 106, 13, 0),
(178, 107, 13, 0),
(179, 108, 13, 0),
(180, 109, 13, 0),
(181, 110, 13, 0),
(182, 111, 13, 0),
(351, 155, 14, 8),
(350, 157, 14, 7),
(349, 158, 14, 6),
(348, 159, 14, 5),
(347, 160, 14, 4),
(346, 163, 14, 3),
(345, 162, 14, 2),
(344, 161, 14, 1),
(371, 136, 15, 8),
(370, 137, 15, 7),
(369, 138, 15, 6),
(368, 139, 15, 5),
(367, 140, 15, 4),
(366, 141, 15, 3),
(365, 142, 15, 2),
(364, 143, 15, 1),
(199, 154, 16, 0),
(200, 155, 16, 0),
(201, 156, 16, 0),
(202, 157, 16, 0),
(203, 158, 16, 0),
(204, 159, 16, 0),
(205, 160, 16, 0),
(206, 161, 16, 0),
(240, 116, 18, 1),
(257, 147, 17, 7),
(256, 150, 17, 6),
(255, 149, 17, 5),
(254, 146, 17, 4),
(253, 148, 17, 3),
(252, 145, 17, 2),
(251, 144, 17, 1),
(303, 118, 25, 0),
(275, 132, 9, 3),
(290, 113, 10, 2),
(294, 115, 11, 2),
(300, 116, 25, 0),
(385, 113, 24, 2),
(293, 116, 11, 1),
(289, 112, 10, 1),
(384, 112, 24, 1),
(296, 118, 11, 4),
(292, 115, 10, 4),
(288, 112, 8, 8),
(274, 133, 9, 2),
(302, 115, 25, 0),
(360, 122, 26, 1),
(273, 134, 9, 1),
(357, 123, 27, 2),
(356, 124, 27, 1),
(312, 129, 28, 0),
(313, 128, 28, 0),
(314, 127, 28, 0),
(315, 126, 28, 0),
(383, 157, 29, 4),
(382, 156, 29, 3),
(381, 155, 29, 2),
(380, 154, 29, 1),
(320, 155, 30, 0),
(321, 156, 30, 0),
(322, 157, 30, 0),
(323, 159, 30, 0),
(379, 107, 31, 4),
(378, 106, 31, 3),
(377, 105, 31, 2),
(376, 104, 31, 1),
(328, 132, 32, 0),
(329, 133, 32, 0),
(330, 134, 32, 0),
(331, 144, 32, 0),
(332, 112, 33, 0),
(333, 113, 33, 0),
(334, 114, 33, 0),
(335, 115, 33, 0),
(375, 124, 34, 4),
(374, 123, 34, 3),
(373, 122, 34, 2),
(372, 121, 34, 1),
(340, 123, 35, 0),
(341, 124, 35, 0),
(342, 122, 35, 0),
(343, 121, 35, 0);

-- oc_product_description PRIMARY KEY (`product_id`,`language_id`)
INSERT IGNORE INTO `oc_product_description` (`product_id`, `language_id`, `name`, `description`, `sub_description`, `seo_title`, `seo_description`, `tag`, `meta_title`, `meta_description`, `meta_keyword`) VALUES
(104, 2, 'Thức ăn cho chó mèo TA01', 'Thức Ăn Hạt Khô Cho Mèo Vị Hải Sản Me-O 350g\n\nTHÔNG TIN SẢN PHẨM\n- Khối lượng tịnh: 350g \n- Thành Phần: Ngũ cốc nguyên hạt (ngô và gạo), thịt gia cầm chế biến sắn, đạm thực vật (đậu nành và  ngô) bộ cá, sắn, mỡ gà, men bia khô, bột tiêu hóa cá, bột tôm, thịt mực chế biến sẵn, muối i ốt, tảuine, các loại vitamin và khoáng chất, chất chống oxy hoá, màu thực phẩm.\n\nĐẶC ĐIỂM NỔI BẬT\nTrên thị trường hiện nay có rất nhiều sản phẩm thức ăn chế biến sẵn cho mèo, để bạn bổ sung các dưỡng chất cần thiết cho mèo con nhà bạn ăn thật ngon và lớn nhanh.\nThức ăn cho mèo vị cá ngừ Me-O là một trong số những sản phẩm thức ăn dành cho mèo được nhiều người lựa chọn.\n- Thức ăn cho mèo trưởng thành ME-O cung cấp đầy đủ các loại dinh dưỡng giúp thú cưng luôn khỏe mạnh, vui tươi và lanh lợi, cùng với chi phí hợp lý, ổn định và dễ kiểm soát được lượng thức ăn đầy đủ trong mỗi bữa ăn tùy theo trọng lượng, giống loài và tuổi của thú cưng. \n- Bảo đảm an toàn, không bị hư hỏng khi để bên ngoài và thời gian bảo quản sử dụng lâu (18 tháng), giúp giữ vệ sinh, giảm sự tích tụ cao răng làm hư răng và đặc biệt nhất là giúp chất thải (phân) của thú cưng giảm hẳn những mùi hôi khó chịu.', ' - Giảm giá 10% cho khách hàng thành viên\n - Miễn phí vận chuyển đơn 500k\n- Giảm 5% khi mua từ 3 SP trở lên', '', '', '', '', '', ''),
(105, 2, 'Thức ăn cho chó mèo TA02', 'Thức Ăn Hạt Khô Cho Mèo Vị Hải Sản Me-O 350g\n\nTHÔNG TIN SẢN PHẨM\n- Khối lượng tịnh: 350g \n- Thành Phần: Ngũ cốc nguyên hạt (ngô và gạo), thịt gia cầm chế biến sắn, đạm thực vật (đậu nành và  ngô) bộ cá, sắn, mỡ gà, men bia khô, bột tiêu hóa cá, bột tôm, thịt mực chế biến sẵn, muối i ốt, tảuine, các loại vitamin và khoáng chất, chất chống oxy hoá, màu thực phẩm.\n\nĐẶC ĐIỂM NỔI BẬT\nTrên thị trường hiện nay có rất nhiều sản phẩm thức ăn chế biến sẵn cho mèo, để bạn bổ sung các dưỡng chất cần thiết cho mèo con nhà bạn ăn thật ngon và lớn nhanh.\nThức ăn cho mèo vị cá ngừ Me-O là một trong số những sản phẩm thức ăn dành cho mèo được nhiều người lựa chọn.\n- Thức ăn cho mèo trưởng thành ME-O cung cấp đầy đủ các loại dinh dưỡng giúp thú cưng luôn khỏe mạnh, vui tươi và lanh lợi, cùng với chi phí hợp lý, ổn định và dễ kiểm soát được lượng thức ăn đầy đủ trong mỗi bữa ăn tùy theo trọng lượng, giống loài và tuổi của thú cưng. \n- Bảo đảm an toàn, không bị hư hỏng khi để bên ngoài và thời gian bảo quản sử dụng lâu (18 tháng), giúp giữ vệ sinh, giảm sự tích tụ cao răng làm hư răng và đặc biệt nhất là giúp chất thải (phân) của thú cưng giảm hẳn những mùi hôi khó chịu.', ' - Giảm giá 10% cho khách hàng thành viên\n - Miễn phí vận chuyển đơn 500k\n- Giảm 5% khi mua từ 3 SP trở lên', '', '', '', '', '', ''),
(106, 2, 'Thức ăn cho chó mèo TA03', 'Thức Ăn Hạt Khô Cho Mèo Vị Hải Sản Me-O 350g\n\nTHÔNG TIN SẢN PHẨM\n- Khối lượng tịnh: 350g \n- Thành Phần: Ngũ cốc nguyên hạt (ngô và gạo), thịt gia cầm chế biến sắn, đạm thực vật (đậu nành và  ngô) bộ cá, sắn, mỡ gà, men bia khô, bột tiêu hóa cá, bột tôm, thịt mực chế biến sẵn, muối i ốt, tảuine, các loại vitamin và khoáng chất, chất chống oxy hoá, màu thực phẩm.\n\nĐẶC ĐIỂM NỔI BẬT\nTrên thị trường hiện nay có rất nhiều sản phẩm thức ăn chế biến sẵn cho mèo, để bạn bổ sung các dưỡng chất cần thiết cho mèo con nhà bạn ăn thật ngon và lớn nhanh.\nThức ăn cho mèo vị cá ngừ Me-O là một trong số những sản phẩm thức ăn dành cho mèo được nhiều người lựa chọn.\n- Thức ăn cho mèo trưởng thành ME-O cung cấp đầy đủ các loại dinh dưỡng giúp thú cưng luôn khỏe mạnh, vui tươi và lanh lợi, cùng với chi phí hợp lý, ổn định và dễ kiểm soát được lượng thức ăn đầy đủ trong mỗi bữa ăn tùy theo trọng lượng, giống loài và tuổi của thú cưng. \n- Bảo đảm an toàn, không bị hư hỏng khi để bên ngoài và thời gian bảo quản sử dụng lâu (18 tháng), giúp giữ vệ sinh, giảm sự tích tụ cao răng làm hư răng và đặc biệt nhất là giúp chất thải (phân) của thú cưng giảm hẳn những mùi hôi khó chịu.', ' - Giảm giá 10% cho khách hàng thành viên\n - Miễn phí vận chuyển đơn 500k\n- Giảm 5% khi mua từ 3 SP trở lên', '', '', '', '', '', ''),
(107, 2, 'Thức ăn cho chó mèo TA04', 'Thức Ăn Hạt Khô Cho Mèo Vị Hải Sản Me-O 350g\n\nTHÔNG TIN SẢN PHẨM\n- Khối lượng tịnh: 350g \n- Thành Phần: Ngũ cốc nguyên hạt (ngô và gạo), thịt gia cầm chế biến sắn, đạm thực vật (đậu nành và  ngô) bộ cá, sắn, mỡ gà, men bia khô, bột tiêu hóa cá, bột tôm, thịt mực chế biến sẵn, muối i ốt, tảuine, các loại vitamin và khoáng chất, chất chống oxy hoá, màu thực phẩm.\n\nĐẶC ĐIỂM NỔI BẬT\nTrên thị trường hiện nay có rất nhiều sản phẩm thức ăn chế biến sẵn cho mèo, để bạn bổ sung các dưỡng chất cần thiết cho mèo con nhà bạn ăn thật ngon và lớn nhanh.\nThức ăn cho mèo vị cá ngừ Me-O là một trong số những sản phẩm thức ăn dành cho mèo được nhiều người lựa chọn.\n- Thức ăn cho mèo trưởng thành ME-O cung cấp đầy đủ các loại dinh dưỡng giúp thú cưng luôn khỏe mạnh, vui tươi và lanh lợi, cùng với chi phí hợp lý, ổn định và dễ kiểm soát được lượng thức ăn đầy đủ trong mỗi bữa ăn tùy theo trọng lượng, giống loài và tuổi của thú cưng. \n- Bảo đảm an toàn, không bị hư hỏng khi để bên ngoài và thời gian bảo quản sử dụng lâu (18 tháng), giúp giữ vệ sinh, giảm sự tích tụ cao răng làm hư răng và đặc biệt nhất là giúp chất thải (phân) của thú cưng giảm hẳn những mùi hôi khó chịu.', ' - Giảm giá 10% cho khách hàng thành viên\n - Miễn phí vận chuyển đơn 500k\n- Giảm 5% khi mua từ 3 SP trở lên', '', '', '', '', '', ''),
(108, 2, 'Thức ăn cho chó mèo TA05', 'Thức Ăn Hạt Khô Cho Mèo Vị Hải Sản Me-O 350g\n\nTHÔNG TIN SẢN PHẨM\n- Khối lượng tịnh: 350g \n- Thành Phần: Ngũ cốc nguyên hạt (ngô và gạo), thịt gia cầm chế biến sắn, đạm thực vật (đậu nành và  ngô) bộ cá, sắn, mỡ gà, men bia khô, bột tiêu hóa cá, bột tôm, thịt mực chế biến sẵn, muối i ốt, tảuine, các loại vitamin và khoáng chất, chất chống oxy hoá, màu thực phẩm.\n\nĐẶC ĐIỂM NỔI BẬT\nTrên thị trường hiện nay có rất nhiều sản phẩm thức ăn chế biến sẵn cho mèo, để bạn bổ sung các dưỡng chất cần thiết cho mèo con nhà bạn ăn thật ngon và lớn nhanh.\nThức ăn cho mèo vị cá ngừ Me-O là một trong số những sản phẩm thức ăn dành cho mèo được nhiều người lựa chọn.\n- Thức ăn cho mèo trưởng thành ME-O cung cấp đầy đủ các loại dinh dưỡng giúp thú cưng luôn khỏe mạnh, vui tươi và lanh lợi, cùng với chi phí hợp lý, ổn định và dễ kiểm soát được lượng thức ăn đầy đủ trong mỗi bữa ăn tùy theo trọng lượng, giống loài và tuổi của thú cưng. \n- Bảo đảm an toàn, không bị hư hỏng khi để bên ngoài và thời gian bảo quản sử dụng lâu (18 tháng), giúp giữ vệ sinh, giảm sự tích tụ cao răng làm hư răng và đặc biệt nhất là giúp chất thải (phân) của thú cưng giảm hẳn những mùi hôi khó chịu.', ' - Giảm giá 10% cho khách hàng thành viên\n - Miễn phí vận chuyển đơn 500k\n- Giảm 5% khi mua từ 3 SP trở lên', '', '', '', '', '', ''),
(109, 2, 'Thức ăn cho chó mèo TA06', 'Thức Ăn Hạt Khô Cho Mèo Vị Hải Sản Me-O 350g\n\nTHÔNG TIN SẢN PHẨM\n- Khối lượng tịnh: 350g \n- Thành Phần: Ngũ cốc nguyên hạt (ngô và gạo), thịt gia cầm chế biến sắn, đạm thực vật (đậu nành và  ngô) bộ cá, sắn, mỡ gà, men bia khô, bột tiêu hóa cá, bột tôm, thịt mực chế biến sẵn, muối i ốt, tảuine, các loại vitamin và khoáng chất, chất chống oxy hoá, màu thực phẩm.\n\nĐẶC ĐIỂM NỔI BẬT\nTrên thị trường hiện nay có rất nhiều sản phẩm thức ăn chế biến sẵn cho mèo, để bạn bổ sung các dưỡng chất cần thiết cho mèo con nhà bạn ăn thật ngon và lớn nhanh.\nThức ăn cho mèo vị cá ngừ Me-O là một trong số những sản phẩm thức ăn dành cho mèo được nhiều người lựa chọn.\n- Thức ăn cho mèo trưởng thành ME-O cung cấp đầy đủ các loại dinh dưỡng giúp thú cưng luôn khỏe mạnh, vui tươi và lanh lợi, cùng với chi phí hợp lý, ổn định và dễ kiểm soát được lượng thức ăn đầy đủ trong mỗi bữa ăn tùy theo trọng lượng, giống loài và tuổi của thú cưng. \n- Bảo đảm an toàn, không bị hư hỏng khi để bên ngoài và thời gian bảo quản sử dụng lâu (18 tháng), giúp giữ vệ sinh, giảm sự tích tụ cao răng làm hư răng và đặc biệt nhất là giúp chất thải (phân) của thú cưng giảm hẳn những mùi hôi khó chịu.', ' - Giảm giá 10% cho khách hàng thành viên\n - Miễn phí vận chuyển đơn 500k\n- Giảm 5% khi mua từ 3 SP trở lên', '', '', '', '', '', ''),
(110, 2, 'Thức ăn cho chó mèo TA07', 'Thức Ăn Hạt Khô Cho Mèo Vị Hải Sản Me-O 350g\n\nTHÔNG TIN SẢN PHẨM\n- Khối lượng tịnh: 350g \n- Thành Phần: Ngũ cốc nguyên hạt (ngô và gạo), thịt gia cầm chế biến sắn, đạm thực vật (đậu nành và  ngô) bộ cá, sắn, mỡ gà, men bia khô, bột tiêu hóa cá, bột tôm, thịt mực chế biến sẵn, muối i ốt, tảuine, các loại vitamin và khoáng chất, chất chống oxy hoá, màu thực phẩm.\n\nĐẶC ĐIỂM NỔI BẬT\nTrên thị trường hiện nay có rất nhiều sản phẩm thức ăn chế biến sẵn cho mèo, để bạn bổ sung các dưỡng chất cần thiết cho mèo con nhà bạn ăn thật ngon và lớn nhanh.\nThức ăn cho mèo vị cá ngừ Me-O là một trong số những sản phẩm thức ăn dành cho mèo được nhiều người lựa chọn.\n- Thức ăn cho mèo trưởng thành ME-O cung cấp đầy đủ các loại dinh dưỡng giúp thú cưng luôn khỏe mạnh, vui tươi và lanh lợi, cùng với chi phí hợp lý, ổn định và dễ kiểm soát được lượng thức ăn đầy đủ trong mỗi bữa ăn tùy theo trọng lượng, giống loài và tuổi của thú cưng. \n- Bảo đảm an toàn, không bị hư hỏng khi để bên ngoài và thời gian bảo quản sử dụng lâu (18 tháng), giúp giữ vệ sinh, giảm sự tích tụ cao răng làm hư răng và đặc biệt nhất là giúp chất thải (phân) của thú cưng giảm hẳn những mùi hôi khó chịu.', ' - Giảm giá 10% cho khách hàng thành viên\n - Miễn phí vận chuyển đơn 500k\n- Giảm 5% khi mua từ 3 SP trở lên', '', '', '', '', '', ''),
(111, 2, 'Thức ăn cho chó mèo TA08', 'Thức Ăn Hạt Khô Cho Mèo Vị Hải Sản Me-O 350g\n\nTHÔNG TIN SẢN PHẨM\n- Khối lượng tịnh: 350g \n- Thành Phần: Ngũ cốc nguyên hạt (ngô và gạo), thịt gia cầm chế biến sắn, đạm thực vật (đậu nành và  ngô) bộ cá, sắn, mỡ gà, men bia khô, bột tiêu hóa cá, bột tôm, thịt mực chế biến sẵn, muối i ốt, tảuine, các loại vitamin và khoáng chất, chất chống oxy hoá, màu thực phẩm.\n\nĐẶC ĐIỂM NỔI BẬT\nTrên thị trường hiện nay có rất nhiều sản phẩm thức ăn chế biến sẵn cho mèo, để bạn bổ sung các dưỡng chất cần thiết cho mèo con nhà bạn ăn thật ngon và lớn nhanh.\nThức ăn cho mèo vị cá ngừ Me-O là một trong số những sản phẩm thức ăn dành cho mèo được nhiều người lựa chọn.\n- Thức ăn cho mèo trưởng thành ME-O cung cấp đầy đủ các loại dinh dưỡng giúp thú cưng luôn khỏe mạnh, vui tươi và lanh lợi, cùng với chi phí hợp lý, ổn định và dễ kiểm soát được lượng thức ăn đầy đủ trong mỗi bữa ăn tùy theo trọng lượng, giống loài và tuổi của thú cưng. \n- Bảo đảm an toàn, không bị hư hỏng khi để bên ngoài và thời gian bảo quản sử dụng lâu (18 tháng), giúp giữ vệ sinh, giảm sự tích tụ cao răng làm hư răng và đặc biệt nhất là giúp chất thải (phân) của thú cưng giảm hẳn những mùi hôi khó chịu.', ' - Giảm giá 10% cho khách hàng thành viên\n - Miễn phí vận chuyển đơn 500k\n- Giảm 5% khi mua từ 3 SP trở lên', '', '', '', '', '', ''),
(112, 2, 'Chó con xinh xắn C01', '', ' - Giảm giá 10% cho khách hàng thành viên\n - Miễn phí vận chuyển đơn 500k\n- Giảm 5% khi mua từ 3 SP trở lên', '', '', '', '', '', ''),
(113, 2, 'Chó con xinh xắn C02', '', ' - Giảm giá 10% cho khách hàng thành viên\n - Miễn phí vận chuyển đơn 500k\n- Giảm 5% khi mua từ 3 SP trở lên', '', '', '', '', '', ''),
(114, 2, 'Chó con xinh xắn C03', '', ' - Giảm giá 10% cho khách hàng thành viên\n - Miễn phí vận chuyển đơn 500k\n- Giảm 5% khi mua từ 3 SP trở lên', '', '', '', '', '', ''),
(115, 2, 'Chó con xinh xắn C04', '', ' - Giảm giá 10% cho khách hàng thành viên\n - Miễn phí vận chuyển đơn 500k\n- Giảm 5% khi mua từ 3 SP trở lên', '', '', '', '', '', ''),
(116, 2, 'Chó con xinh xắn C05', '', ' - Giảm giá 10% cho khách hàng thành viên\n - Miễn phí vận chuyển đơn 500k\n- Giảm 5% khi mua từ 3 SP trở lên', '', '', '', '', '', ''),
(119, 2, 'Mèo Nga lông dài siêu xinh M02', '', ' - Giảm giá 10% cho khách hàng thành viên\n - Miễn phí vận chuyển đơn 500k\n- Giảm 5% khi mua từ 3 SP trở lên', '', '', '', '', '', ''),
(120, 2, 'Mèo Nga lông dài siêu xinh M03', '', ' - Giảm giá 10% cho khách hàng thành viên\n - Miễn phí vận chuyển đơn 500k\n- Giảm 5% khi mua từ 3 SP trở lên', '', '', '', '', '', ''),
(121, 2, 'Mèo Nga lông dài siêu xinh M04', '', ' - Giảm giá 10% cho khách hàng thành viên\n - Miễn phí vận chuyển đơn 500k\n- Giảm 5% khi mua từ 3 SP trở lên', '', '', '', '', '', ''),
(122, 2, 'Mèo Nga lông dài siêu xinh M05', '', ' - Giảm giá 10% cho khách hàng thành viên\n - Miễn phí vận chuyển đơn 500k\n- Giảm 5% khi mua từ 3 SP trở lên', '', '', '', '', '', ''),
(123, 2, 'Mèo Nga lông dài siêu xinh M06', '', ' - Giảm giá 10% cho khách hàng thành viên\n - Miễn phí vận chuyển đơn 500k\n- Giảm 5% khi mua từ 3 SP trở lên', '', '', '', '', '', ''),
(124, 2, 'Mèo Nga lông dài siêu xinh M07', '', ' - Giảm giá 10% cho khách hàng thành viên\n - Miễn phí vận chuyển đơn 500k\n- Giảm 5% khi mua từ 3 SP trở lên', '', '', '', '', '', ''),
(125, 2, 'Mèo Nga lông dài siêu xinh M08', '', ' - Giảm giá 10% cho khách hàng thành viên\n - Miễn phí vận chuyển đơn 500k\n- Giảm 5% khi mua từ 3 SP trở lên', '', '', '', '', '', ''),
(126, 2, 'Mèo Nga lông dài siêu xinh M09', '', ' - Giảm giá 10% cho khách hàng thành viên\n - Miễn phí vận chuyển đơn 500k\n- Giảm 5% khi mua từ 3 SP trở lên', '', '', '', '', '', ''),
(127, 2, 'Mèo Nga lông dài siêu xinh M10', '', ' - Giảm giá 10% cho khách hàng thành viên\n - Miễn phí vận chuyển đơn 500k\n- Giảm 5% khi mua từ 3 SP trở lên', '', '', '', '', '', ''),
(129, 2, 'Mèo Nga lông dài siêu xinh M12', '', ' - Giảm giá 10% cho khách hàng thành viên\n - Miễn phí vận chuyển đơn 500k\n- Giảm 5% khi mua từ 3 SP trở lên', '', '', '', '', '', ''),
(130, 2, 'Mèo Nga lông dài siêu xinh M13', '', ' - Giảm giá 10% cho khách hàng thành viên\n - Miễn phí vận chuyển đơn 500k\n- Giảm 5% khi mua từ 3 SP trở lên', '', '', '', '', '', ''),
(131, 2, 'Mèo Nga lông dài siêu xinh M14', '', ' - Giảm giá 10% cho khách hàng thành viên\n - Miễn phí vận chuyển đơn 500k\n- Giảm 5% khi mua từ 3 SP trở lên', '', '', '', '', '', ''),
(132, 2, 'Mèo Nga lông dài siêu xinh M15', '', ' - Giảm giá 10% cho khách hàng thành viên\n - Miễn phí vận chuyển đơn 500k\n- Giảm 5% khi mua từ 3 SP trở lên', '', '', '', '', '', ''),
(133, 2, 'Mèo Nga lông dài siêu xinh M16', '', ' - Giảm giá 10% cho khách hàng thành viên\n - Miễn phí vận chuyển đơn 500k\n- Giảm 5% khi mua từ 3 SP trở lên', '', '', '', '', '', ''),
(134, 2, 'Mèo Nga lông dài siêu xinh M17', '', ' - Giảm giá 10% cho khách hàng thành viên\n - Miễn phí vận chuyển đơn 500k\n- Giảm 5% khi mua từ 3 SP trở lên', '', '', '', '', '', ''),
(135, 2, 'Quần áo thú cưng siêu xinh Q01', '', ' - Giảm giá 10% cho khách hàng thành viên\n - Miễn phí vận chuyển đơn 500k\n- Giảm 5% khi mua từ 3 SP trở lên', '', '', '', '', '', ''),
(136, 2, 'Quần áo thú cưng siêu xinh Q02', '', ' - Giảm giá 10% cho khách hàng thành viên\n - Miễn phí vận chuyển đơn 500k\n- Giảm 5% khi mua từ 3 SP trở lên', '', '', '', '', '', ''),
(137, 2, 'Quần áo thú cưng siêu xinh Q03', '', ' - Giảm giá 10% cho khách hàng thành viên\n - Miễn phí vận chuyển đơn 500k\n- Giảm 5% khi mua từ 3 SP trở lên', '', '', '', '', '', ''),
(138, 2, 'Quần áo thú cưng siêu xinh Q04', '', ' - Giảm giá 10% cho khách hàng thành viên\n - Miễn phí vận chuyển đơn 500k\n- Giảm 5% khi mua từ 3 SP trở lên', '', '', '', '', '', ''),
(139, 2, 'Quần áo thú cưng siêu xinh Q05', '', ' - Giảm giá 10% cho khách hàng thành viên\n - Miễn phí vận chuyển đơn 500k\n- Giảm 5% khi mua từ 3 SP trở lên', '', '', '', '', '', ''),
(140, 2, 'Quần áo thú cưng siêu xinh Q06', '', ' - Giảm giá 10% cho khách hàng thành viên\n - Miễn phí vận chuyển đơn 500k\n- Giảm 5% khi mua từ 3 SP trở lên', '', '', '', '', '', ''),
(141, 2, 'Quần áo thú cưng siêu xinh Q07', '', ' - Giảm giá 10% cho khách hàng thành viên\n - Miễn phí vận chuyển đơn 500k\n- Giảm 5% khi mua từ 3 SP trở lên', '', '', '', '', '', ''),
(142, 2, 'Quần áo thú cưng siêu xinh Q08', '', ' - Giảm giá 10% cho khách hàng thành viên\n - Miễn phí vận chuyển đơn 500k\n- Giảm 5% khi mua từ 3 SP trở lên', '', '', '', '', '', ''),
(143, 2, 'Quần áo thú cưng siêu xinh Q09', '', ' - Giảm giá 10% cho khách hàng thành viên\n - Miễn phí vận chuyển đơn 500k\n- Giảm 5% khi mua từ 3 SP trở lên', '', '', '', '', '', ''),
(144, 2, 'Phụ kiện cho thú cưng PK01', '', ' - Giảm giá 10% cho khách hàng thành viên\n - Miễn phí vận chuyển đơn 500k\n- Giảm 5% khi mua từ 3 SP trở lên', '', '', '', '', '', ''),
(145, 2, 'Phụ kiện cho thú cưng PK02', '', ' - Giảm giá 10% cho khách hàng thành viên\n - Miễn phí vận chuyển đơn 500k\n- Giảm 5% khi mua từ 3 SP trở lên', '', '', '', '', '', ''),
(146, 2, 'Phụ kiện cho thú cưng PK03', '', ' - Giảm giá 10% cho khách hàng thành viên\n - Miễn phí vận chuyển đơn 500k\n- Giảm 5% khi mua từ 3 SP trở lên', '', '', '', '', '', ''),
(147, 2, 'Phụ kiện cho thú cưng PK04', '', '&lt;p&gt;- Giảm giá 10% cho khách hàng thành viên - Miễn phí vận chuyển đơn 500k - Giảm 5% khi mua từ 3 SP trở lên&lt;/p&gt;', '', '', '', '', '', ''),
(148, 2, 'Phụ kiện cho thú cưng PK05', '', ' - Giảm giá 10% cho khách hàng thành viên\n - Miễn phí vận chuyển đơn 500k\n- Giảm 5% khi mua từ 3 SP trở lên', '', '', '', '', '', ''),
(149, 2, 'Phụ kiện cho thú cưng PK06', '', ' - Giảm giá 10% cho khách hàng thành viên\n - Miễn phí vận chuyển đơn 500k\n- Giảm 5% khi mua từ 3 SP trở lên', '', '', '', '', '', ''),
(150, 2, 'Phụ kiện cho thú cưng PK07', '', ' - Giảm giá 10% cho khách hàng thành viên\n - Miễn phí vận chuyển đơn 500k\n- Giảm 5% khi mua từ 3 SP trở lên', '', '', '', '', '', ''),
(151, 2, 'Phụ kiện cho thú cưng PK08', '', ' - Giảm giá 10% cho khách hàng thành viên\n - Miễn phí vận chuyển đơn 500k\n- Giảm 5% khi mua từ 3 SP trở lên', '', '', '', '', '', ''),
(152, 2, 'Phụ kiện cho thú cưng PK09', '', ' - Giảm giá 10% cho khách hàng thành viên\n - Miễn phí vận chuyển đơn 500k\n- Giảm 5% khi mua từ 3 SP trở lên', '', '', '', '', '', ''),
(153, 2, 'Phụ kiện cho thú cưng PK10', '', ' - Giảm giá 10% cho khách hàng thành viên\n - Miễn phí vận chuyển đơn 500k\n- Giảm 5% khi mua từ 3 SP trở lên', '', '', '', '', '', ''),
(154, 2, 'Phụ kiện cho thú cưng PK11', '', ' - Giảm giá 10% cho khách hàng thành viên\n - Miễn phí vận chuyển đơn 500k\n- Giảm 5% khi mua từ 3 SP trở lên', '', '', '', '', '', ''),
(155, 2, 'Phụ kiện cho thú cưng PK12', '', ' - Giảm giá 10% cho khách hàng thành viên\n - Miễn phí vận chuyển đơn 500k\n- Giảm 5% khi mua từ 3 SP trở lên', '', '', '', '', '', ''),
(156, 2, 'Phụ kiện cho thú cưng PK13', '', ' - Giảm giá 10% cho khách hàng thành viên\n - Miễn phí vận chuyển đơn 500k\n- Giảm 5% khi mua từ 3 SP trở lên', '', '', '', '', '', ''),
(157, 2, 'Phụ kiện cho thú cưng PK14', '', ' - Giảm giá 10% cho khách hàng thành viên\n - Miễn phí vận chuyển đơn 500k\n- Giảm 5% khi mua từ 3 SP trở lên', '', '', '', '', '', ''),
(158, 2, 'Phụ kiện cho thú cưng PK15', '', ' - Giảm giá 10% cho khách hàng thành viên\n - Miễn phí vận chuyển đơn 500k\n- Giảm 5% khi mua từ 3 SP trở lên', '', '', '', '', '', ''),
(159, 2, 'Phụ kiện cho thú cưng PK16', '', ' - Giảm giá 10% cho khách hàng thành viên\n - Miễn phí vận chuyển đơn 500k\n- Giảm 5% khi mua từ 3 SP trở lên', '', '', '', '', '', ''),
(160, 2, 'Phụ kiện cho thú cưng PK17', '', ' - Giảm giá 10% cho khách hàng thành viên\n - Miễn phí vận chuyển đơn 500k\n- Giảm 5% khi mua từ 3 SP trở lên', '', '', '', '', '', ''),
(161, 2, 'Phụ kiện cho thú cưng PK18', '', ' - Giảm giá 10% cho khách hàng thành viên\n - Miễn phí vận chuyển đơn 500k\n- Giảm 5% khi mua từ 3 SP trở lên', '', '', '', '', '', ''),
(162, 2, 'Phụ kiện cho thú cưng PK19', '', ' - Giảm giá 10% cho khách hàng thành viên\n - Miễn phí vận chuyển đơn 500k\n- Giảm 5% khi mua từ 3 SP trở lên', '', '', '', '', '', ''),
(163, 2, 'Phụ kiện cho thú cưng PK20', '', ' - Giảm giá 10% cho khách hàng thành viên\n - Miễn phí vận chuyển đơn 500k\n- Giảm 5% khi mua từ 3 SP trở lên', '', '', '', '', '', ''),
(164, 2, 'Phụ kiện cho thú cưng PK21', '', ' - Giảm giá 10% cho khách hàng thành viên\n - Miễn phí vận chuyển đơn 500k\n- Giảm 5% khi mua từ 3 SP trở lên', '', '', '', '', '', ''),
(165, 2, 'Phụ kiện cho thú cưng PK22', '', ' - Giảm giá 10% cho khách hàng thành viên\n - Miễn phí vận chuyển đơn 500k\n- Giảm 5% khi mua từ 3 SP trở lên', '', '', '', '', '', ''),
(166, 2, 'Phụ kiện cho thú cưng PK23', '', ' - Giảm giá 10% cho khách hàng thành viên\n - Miễn phí vận chuyển đơn 500k\n- Giảm 5% khi mua từ 3 SP trở lên', '', '', '', '', '', ''),
(167, 2, 'Phụ kiện cho thú cưng PK24', '', ' - Giảm giá 10% cho khách hàng thành viên\n - Miễn phí vận chuyển đơn 500k\n- Giảm 5% khi mua từ 3 SP trở lên', '', '', '', '', '', ''),
(168, 2, 'Phụ kiện cho thú cưng PK25', '', ' - Giảm giá 10% cho khách hàng thành viên\n - Miễn phí vận chuyển đơn 500k\n- Giảm 5% khi mua từ 3 SP trở lên', '', '', '', '', '', ''),
(169, 2, 'Phụ kiện cho thú cưng PK26', '', ' - Giảm giá 10% cho khách hàng thành viên\n - Miễn phí vận chuyển đơn 500k\n- Giảm 5% khi mua từ 3 SP trở lên', '', '', '', '', '', ''),
(170, 2, 'Phụ kiện cho thú cưng PK27', '', ' - Giảm giá 10% cho khách hàng thành viên\n - Miễn phí vận chuyển đơn 500k\n- Giảm 5% khi mua từ 3 SP trở lên', '', '', '', '', '', ''),
(171, 2, 'Phụ kiện cho thú cưng PK28', '', ' - Giảm giá 10% cho khách hàng thành viên\n - Miễn phí vận chuyển đơn 500k\n- Giảm 5% khi mua từ 3 SP trở lên', '', '', '', '', '', ''),
(172, 2, 'Phụ kiện cho thú cưng PK29', '', ' - Giảm giá 10% cho khách hàng thành viên\n - Miễn phí vận chuyển đơn 500k\n- Giảm 5% khi mua từ 3 SP trở lên', '', '', '', '', '', ''),
(117, 2, 'Chó con xinh xắn C06', '', '<p>- Giảm giá 10% cho khách hàng thành viên - Miễn phí vận chuyển đơn 500k - Giảm 5% khi mua từ 3 SP trở lên</p>', '', '', '', '', '', ''),
(128, 2, 'Mèo Nga lông dài siêu xinh M11', '', '<p>- Giảm giá 10% cho khách hàng thành viên - Miễn phí vận chuyển đơn 500k - Giảm 5% khi mua từ 3 SP trở lên</p>', '', '', '', '', '', ''),
(118, 2, 'Mèo Nga lông dài siêu xinh M01', '', '<p>- Giảm giá 10% cho khách hàng thành viên - Miễn phí vận chuyển đơn 500k - Giảm 5% khi mua từ 3 SP trở lên</p>', '', '', '', '', '', '');

-- oc_product_image PRIMARY KEY (`product_image_id`)
INSERT IGNORE INTO `oc_product_image` (`product_image_id`, `product_id`, `image`, `image_alt`, `sort_order`) VALUES
(143, 104, 'https://2.pik.vn/202056baf125-c2b3-4521-b622-782700ec4262.jpg', '', 0),
(144, 105, 'https://2.pik.vn/2020c484a0ed-e14a-42df-81bb-b32d06b9db57.jpg', '', 0),
(145, 106, 'https://2.pik.vn/202056baf125-c2b3-4521-b622-782700ec4262.jpg', '', 0),
(146, 107, 'https://2.pik.vn/20203b24d048-4ab6-4770-91cb-9ca04243f16e.jpg', '', 0),
(147, 108, 'https://2.pik.vn/2020411b1a5d-bbc9-4e8d-ae0b-f78f68a3b255.jpg', '', 0),
(148, 109, 'https://2.pik.vn/20207a8a375b-24b4-4f28-9f6d-eba792ab0449.jpg', '', 0),
(149, 110, 'https://2.pik.vn/20202d8454fe-f135-49e3-aed1-6c384bf54003.jpg', '', 0),
(150, 111, 'https://2.pik.vn/2020cb271e8f-8fc4-4569-b0d6-447e08a9e210.jpg', '', 0),
(163, 112, 'https://2.pik.vn/2020d7274b60-18a6-47a2-83e0-d069e17245d4.png', '', 0),
(164, 113, 'https://2.pik.vn/20206e9b45c0-855d-488a-9671-ac0aa467e638.png', '', 0),
(165, 114, 'https://2.pik.vn/2020f3082ebb-9c8d-42ef-9f65-a48d4f46fd5f.png', '', 0),
(166, 115, 'https://2.pik.vn/20208e1592c3-7247-4141-a67a-f050aa9e6938.png', '', 0),
(167, 116, 'https://2.pik.vn/20209798b014-1009-415e-a532-10d54ea3db0f.png', '', 0),
(162, 117, 'https://2.pik.vn/2020b603a123-08cb-4e2d-a5e2-5aec8f3a4121.png', '', 0),
(161, 128, 'https://2.pik.vn/2020f933c3e0-c505-4a3a-a5af-4ed23ee0a091.png', '', 0),
(159, 147, 'https://res.cloudinary.com/novaonx2/image/upload/v1596193662/26881/vong-co-cho-meo-ma-vcdd72.jpg', '', 0),
(160, 118, 'https://2.pik.vn/2020b603a123-08cb-4e2d-a5e2-5aec8f3a4121.png', '', 0),
(168, 119, 'https://2.pik.vn/2020fa0fdc2d-df93-479d-8e3f-61800e70604b.png', '', 0),
(169, 120, 'https://2.pik.vn/20209f05cc94-bc32-463f-a20d-47834ae06c37.png', '', 0),
(170, 121, 'https://2.pik.vn/2020be45a17a-abca-4f48-a435-b777f3da350c.png', '', 0),
(171, 122, 'https://2.pik.vn/2020ce15f829-1044-4a50-bb34-3173bd3ddd49.png', '', 0),
(172, 123, 'https://2.pik.vn/2020ecf787bd-d1c1-4bd6-848f-2d2e7186cff3.png', '', 0),
(173, 124, 'https://2.pik.vn/2020e473da93-b689-4663-b137-881d32030ca2.png', '', 0),
(174, 125, 'https://2.pik.vn/2020d677c0f7-488f-4b73-a4ec-3b0ed0b966da.png', '', 0),
(175, 126, 'https://2.pik.vn/2020b22aadcc-dede-42e6-a280-58dcf501cf00.png', '', 0),
(176, 127, 'https://2.pik.vn/2020bd988896-affb-4e98-ad9a-fccb1ef09082.png', '', 0),
(177, 129, 'https://2.pik.vn/2020cc220427-11d2-463c-b5da-5c42d760f7d2.png', '', 0),
(178, 130, 'https://2.pik.vn/202067cc9fe7-5df7-4d15-b323-e8bd4892bfd2.png', '', 0),
(179, 131, 'https://2.pik.vn/20200244660a-2199-4f9f-af08-20a92e18b520.png', '', 0),
(180, 132, 'https://2.pik.vn/2020bb2bbebc-778d-494e-9b0c-9cea789f76d6.png', '', 0),
(181, 133, 'https://2.pik.vn/20201424a503-ab64-48c8-9539-ea6f999b7cdd.png', '', 0),
(182, 134, 'https://2.pik.vn/20201769cfc1-7846-4419-81a2-5655cc574277.png', '', 0);

-- oc_product_to_category PRIMARY KEY (`product_id`,`category_id`)
INSERT IGNORE INTO `oc_product_to_category` (`product_id`, `category_id`) VALUES
(104, 21),
(104, 22),
(105, 21),
(105, 22),
(106, 21),
(106, 22),
(107, 21),
(107, 22),
(108, 21),
(108, 22),
(109, 21),
(109, 22),
(110, 21),
(110, 22),
(111, 21),
(111, 22),
(112, 23),
(113, 23),
(114, 23),
(115, 23),
(116, 23),
(117, 24),
(118, 24),
(119, 24),
(120, 24),
(121, 24),
(122, 24),
(123, 24),
(124, 24),
(125, 24),
(126, 24),
(127, 24),
(128, 24),
(129, 24),
(130, 24),
(131, 24),
(132, 24),
(133, 24),
(134, 24),
(135, 25),
(135, 26),
(136, 25),
(136, 26),
(137, 25),
(137, 26),
(138, 25),
(138, 26),
(139, 25),
(139, 26),
(140, 25),
(140, 26),
(141, 25),
(141, 26),
(142, 25),
(142, 26),
(143, 25),
(143, 26),
(144, 25),
(144, 26),
(145, 25),
(145, 26),
(146, 25),
(146, 26),
(147, 25),
(147, 26),
(148, 25),
(148, 26),
(149, 25),
(149, 26),
(150, 25),
(150, 26),
(151, 25),
(151, 26),
(152, 25),
(152, 26),
(153, 25),
(153, 26),
(154, 25),
(154, 26),
(155, 25),
(155, 26),
(156, 25),
(156, 26),
(157, 25),
(157, 26),
(158, 25),
(158, 26),
(159, 25),
(159, 26),
(160, 25),
(160, 26),
(161, 25),
(161, 26),
(162, 25),
(162, 26),
(163, 25),
(163, 26),
(164, 25),
(164, 26),
(165, 25),
(165, 26),
(166, 25),
(166, 26),
(167, 25),
(167, 26),
(168, 25),
(168, 26),
(169, 25),
(169, 26),
(170, 25),
(170, 26),
(171, 25),
(171, 26),
(172, 25),
(172, 26);

-- oc_product_to_store PRIMARY KEY (`product_id`,`store_id`)
INSERT IGNORE INTO `oc_product_to_store` (`product_id`, `store_id`, `product_version_id`, `quantity`, `cost_price`) VALUES
(104, 0, 0, 30, '0.0000'),
(105, 0, 0, 30, '0.0000'),
(106, 0, 0, 30, '0.0000'),
(107, 0, 0, 30, '0.0000'),
(108, 0, 0, 30, '0.0000'),
(109, 0, 0, 30, '0.0000'),
(110, 0, 0, 30, '0.0000'),
(111, 0, 0, 30, '0.0000'),
(112, 0, 0, 30, '0.0000'),
(113, 0, 0, 30, '0.0000'),
(114, 0, 0, 30, '0.0000'),
(115, 0, 0, 30, '0.0000'),
(116, 0, 0, 30, '0.0000'),
(117, 0, 0, 30, '0.0000'),
(118, 0, 0, 30, '0.0000'),
(119, 0, 0, 30, '0.0000'),
(120, 0, 0, 30, '0.0000'),
(121, 0, 0, 30, '0.0000'),
(122, 0, 0, 30, '0.0000'),
(123, 0, 0, 30, '0.0000'),
(124, 0, 0, 30, '0.0000'),
(125, 0, 0, 30, '0.0000'),
(126, 0, 0, 30, '0.0000'),
(127, 0, 0, 30, '0.0000'),
(128, 0, 0, 30, '0.0000'),
(129, 0, 0, 30, '0.0000'),
(130, 0, 0, 30, '0.0000'),
(131, 0, 0, 30, '0.0000'),
(132, 0, 0, 30, '0.0000'),
(133, 0, 0, 30, '0.0000'),
(134, 0, 0, 30, '0.0000'),
(135, 0, 0, 30, '0.0000'),
(136, 0, 0, 30, '0.0000'),
(137, 0, 0, 30, '0.0000'),
(138, 0, 0, 30, '0.0000'),
(139, 0, 0, 30, '0.0000'),
(140, 0, 0, 30, '0.0000'),
(141, 0, 0, 30, '0.0000'),
(142, 0, 0, 30, '0.0000'),
(143, 0, 0, 30, '0.0000'),
(144, 0, 0, 30, '0.0000'),
(145, 0, 0, 30, '0.0000'),
(146, 0, 0, 30, '0.0000'),
(147, 0, 0, 30, '0.0000'),
(148, 0, 0, 30, '0.0000'),
(149, 0, 0, 30, '0.0000'),
(150, 0, 0, 30, '0.0000'),
(151, 0, 0, 30, '0.0000'),
(152, 0, 0, 30, '0.0000'),
(153, 0, 0, 30, '0.0000'),
(154, 0, 0, 30, '0.0000'),
(155, 0, 0, 30, '0.0000'),
(156, 0, 0, 30, '0.0000'),
(157, 0, 0, 30, '0.0000'),
(158, 0, 0, 30, '0.0000'),
(159, 0, 0, 30, '0.0000'),
(160, 0, 0, 30, '0.0000'),
(161, 0, 0, 30, '0.0000'),
(162, 0, 0, 30, '0.0000'),
(163, 0, 0, 30, '0.0000'),
(164, 0, 0, 30, '0.0000'),
(165, 0, 0, 30, '0.0000'),
(166, 0, 0, 30, '0.0000'),
(167, 0, 0, 30, '0.0000'),
(168, 0, 0, 30, '0.0000'),
(169, 0, 0, 30, '0.0000'),
(170, 0, 0, 30, '0.0000'),
(171, 0, 0, 30, '0.0000'),
(172, 0, 0, 30, '0.0000');