-- oc_category PRIMARY KEY (`category_id`)
INSERT IGNORE INTO `oc_category` (`category_id`, `image`, `parent_id`, `top`, `column`, `sort_order`, `status`, `date_added`, `date_modified`) VALUES
(40, '', 33, 0, 0, 0, 1, '2020-12-16 10:21:32', '2020-12-16 10:21:32'),
(39, '', 33, 0, 0, 0, 1, '2020-12-16 10:21:32', '2020-12-16 10:21:32'),
(38, '', 33, 0, 0, 0, 1, '2020-12-16 10:21:32', '2020-12-16 10:21:32'),
(37, '', 32, 0, 0, 0, 1, '2020-12-16 10:20:52', '2020-12-16 10:20:52'),
(34, '', 32, 0, 0, 0, 1, '2020-12-16 10:20:52', '2020-12-16 10:20:52'),
(33, '', 32, 0, 0, 0, 1, '2020-12-16 10:20:52', '2020-12-16 10:21:32'),
(32, '', 0, 0, 0, 1, 1, '2020-12-16 10:20:52', '2020-12-16 10:23:29'),
(35, '', 32, 0, 0, 0, 1, '2020-12-16 10:20:52', '2020-12-16 10:22:31'),
(36, '', 32, 0, 0, 0, 1, '2020-12-16 10:20:52', '2020-12-16 10:20:52'),
(41, '', 33, 0, 0, 0, 1, '2020-12-16 10:21:32', '2020-12-16 10:21:32'),
(42, '', 35, 0, 0, 0, 1, '2020-12-16 10:22:31', '2020-12-16 10:22:31'),
(43, '', 35, 0, 0, 0, 1, '2020-12-16 10:22:31', '2020-12-16 10:22:31'),
(44, '', 35, 0, 0, 0, 1, '2020-12-16 10:22:31', '2020-12-16 10:22:31'),
(45, '', 35, 0, 0, 0, 1, '2020-12-16 10:22:31', '2020-12-16 10:22:31'),
(46, '', 0, 0, 0, 2, 1, '2020-12-16 10:23:25', '2020-12-16 10:23:30'),
(47, '', 46, 0, 0, 0, 1, '2020-12-16 10:23:25', '2020-12-16 10:25:10'),
(48, '', 46, 0, 0, 0, 1, '2020-12-16 10:23:25', '2020-12-16 10:23:25'),
(49, '', 46, 0, 0, 0, 1, '2020-12-16 10:23:25', '2020-12-16 10:23:25'),
(50, '', 47, 0, 0, 0, 1, '2020-12-16 10:25:10', '2020-12-16 10:25:10'),
(51, '', 47, 0, 0, 0, 1, '2020-12-16 10:25:10', '2020-12-16 10:25:10'),
(52, '', 47, 0, 0, 0, 1, '2020-12-16 10:25:10', '2020-12-16 10:25:10'),
(53, '', 47, 0, 0, 0, 1, '2020-12-16 10:25:10', '2020-12-16 10:25:10'),
(54, '', 47, 0, 0, 0, 1, '2020-12-16 10:25:10', '2020-12-16 10:25:10'),
(55, '', 47, 0, 0, 0, 1, '2020-12-16 10:25:10', '2020-12-16 10:25:10'),
(56, '', 47, 0, 0, 0, 1, '2020-12-16 10:25:10', '2020-12-16 10:25:10'),
(57, '', 0, 0, 0, 3, 1, '2020-12-16 10:27:00', '2020-12-16 10:29:23'),
(58, '', 57, 0, 0, 0, 1, '2020-12-16 10:27:00', '2020-12-16 10:27:00'),
(59, '', 57, 0, 0, 0, 1, '2020-12-16 10:27:00', '2020-12-16 10:27:50'),
(60, '', 57, 0, 0, 0, 1, '2020-12-16 10:27:00', '2020-12-16 10:27:00'),
(61, '', 57, 0, 0, 0, 1, '2020-12-16 10:27:00', '2020-12-16 10:27:00'),
(62, '', 57, 0, 0, 0, 1, '2020-12-16 10:27:00', '2020-12-16 10:27:00'),
(63, '', 57, 0, 0, 0, 1, '2020-12-16 10:27:00', '2020-12-16 10:27:00'),
(64, '', 57, 0, 0, 0, 1, '2020-12-16 10:27:00', '2020-12-16 10:27:00'),
(65, '', 59, 0, 0, 0, 1, '2020-12-16 10:27:50', '2020-12-16 10:27:50'),
(66, '', 59, 0, 0, 0, 1, '2020-12-16 10:27:50', '2020-12-16 10:27:50'),
(67, '', 59, 0, 0, 0, 1, '2020-12-16 10:27:50', '2020-12-16 10:27:50'),
(68, '', 59, 0, 0, 0, 1, '2020-12-16 10:27:50', '2020-12-16 10:27:50'),
(69, '', 0, 0, 0, 4, 1, '2020-12-16 10:29:18', '2020-12-16 10:29:43'),
(70, '', 69, 0, 0, 0, 1, '2020-12-16 10:29:18', '2020-12-16 10:30:46'),
(71, '', 69, 0, 0, 0, 1, '2020-12-16 10:29:18', '2020-12-16 10:29:18'),
(72, '', 69, 0, 0, 0, 1, '2020-12-16 10:29:18', '2020-12-16 10:29:18'),
(73, '', 70, 0, 0, 0, 1, '2020-12-16 10:30:46', '2020-12-16 10:30:46'),
(74, '', 70, 0, 0, 0, 1, '2020-12-16 10:30:46', '2020-12-16 10:30:46'),
(75, '', 70, 0, 0, 0, 1, '2020-12-16 10:30:46', '2020-12-16 10:30:46'),
(77, '', 0, 0, 0, 0, 1, '2020-12-17 14:34:20', '2020-12-17 14:34:20'),
(76, '', 0, 0, 0, 0, 1, '2020-12-17 14:34:05', '2020-12-17 14:34:05'),
(78, '', 0, 0, 0, 0, 1, '2020-12-17 14:34:30', '2020-12-17 14:34:30'),
(79, '', 0, 0, 0, 0, 1, '2020-12-17 14:34:51', '2020-12-17 14:34:51'),
(80, '', 0, 0, 0, 0, 1, '2020-12-17 14:35:16', '2020-12-17 14:35:16');

-- oc_category_description PRIMARY KEY (`category_id`,`language_id`)
INSERT IGNORE INTO `oc_category_description` (`category_id`, `language_id`, `name`, `description`, `meta_title`, `meta_description`, `meta_keyword`) VALUES
(46, 1, 'Trái Cây', 'Trái Cây', '', '', ''),
(47, 1, 'Trái Cây Tươi', 'Trái Cây Tươi', '', '', ''),
(46, 2, 'Trái Cây', 'Trái Cây', '', '', ''),
(45, 1, 'Các Củ Khác', 'Các Củ Khác', '', '', ''),
(45, 2, 'Các Củ Khác', 'Các Củ Khác', '', '', ''),
(44, 1, 'Củ Gia Vị', 'Củ Gia Vị', '', '', ''),
(44, 2, 'Củ Gia Vị', 'Củ Gia Vị', '', '', ''),
(43, 2, 'Cà Rốt', 'Cà Rốt', '', '', ''),
(43, 1, 'Cà Rốt', 'Cà Rốt', '', '', ''),
(42, 2, 'Củ Cải', 'Củ Cải', '', '', ''),
(42, 1, 'Củ Cải', 'Củ Cải', '', '', ''),
(41, 2, 'Rau Gia Vị', 'Rau Gia Vị', '', '', ''),
(41, 1, 'Rau Gia Vị', 'Rau Gia Vị', '', '', ''),
(40, 2, 'Bông Cải', 'Bông Cải', '', '', ''),
(40, 1, 'Bông Cải', 'Bông Cải', '', '', ''),
(38, 1, 'Xà Lách', 'Xà Lách', '', '', ''),
(39, 2, 'Rau Cải', 'Rau Cải', '', '', ''),
(39, 1, 'Rau Cải', 'Rau Cải', '', '', ''),
(37, 1, 'Rau Củ Sấy Khô', 'Rau Củ Sấy Khô', '', '', ''),
(38, 2, 'Xà Lách', 'Xà Lách', '', '', ''),
(32, 2, 'Rau Củ', 'Rau Củ', '', '', ''),
(32, 1, 'Rau Củ', 'Rau Củ', '', '', ''),
(33, 2, 'Rau Ăn Lá', 'Rau Ăn Lá', '', '', ''),
(33, 1, 'Rau Ăn Lá', 'Rau Ăn Lá', '', '', ''),
(34, 2, 'Rau Ăn Quả', 'Rau Ăn Quả', '', '', ''),
(34, 1, 'Rau Ăn Quả', 'Rau Ăn Quả', '', '', ''),
(35, 2, 'Rau Ăn Củ', 'Rau Ăn Củ', '', '', ''),
(35, 1, 'Rau Ăn Củ', 'Rau Ăn Củ', '', '', ''),
(36, 2, 'Rau Củ Đóng Hộp', 'Rau Củ Đóng Hộp', '', '', ''),
(36, 1, 'Rau Củ Đóng Hộp', 'Rau Củ Đóng Hộp', '', '', ''),
(37, 2, 'Rau Củ Sấy Khô', 'Rau Củ Sấy Khô', '', '', ''),
(47, 2, 'Trái Cây Tươi', 'Trái Cây Tươi', '', '', ''),
(48, 2, 'Trái Cây Khô', 'Trái Cây Khô', '', '', ''),
(48, 1, 'Trái Cây Khô', 'Trái Cây Khô', '', '', ''),
(49, 2, 'Trái Cây Đông Lạnh', 'Trái Cây Đông Lạnh', '', '', ''),
(49, 1, 'Trái Cây Đông Lạnh', 'Trái Cây Đông Lạnh', '', '', ''),
(50, 2, 'Táo', 'Táo', '', '', ''),
(50, 1, 'Táo', 'Táo', '', '', ''),
(51, 2, 'Dưa', 'Dưa', '', '', ''),
(51, 1, 'Dưa', 'Dưa', '', '', ''),
(52, 2, 'Lê', 'Lê', '', '', ''),
(52, 1, 'Lê', 'Lê', '', '', ''),
(53, 2, 'Nho', 'Nho', '', '', ''),
(53, 1, 'Nho', 'Nho', '', '', ''),
(54, 2, 'Chuối', 'Chuối', '', '', ''),
(54, 1, 'Chuối', 'Chuối', '', '', ''),
(55, 2, 'Xoài', 'Xoài', '', '', ''),
(55, 1, 'Xoài', 'Xoài', '', '', ''),
(56, 2, 'Trái Cây Khác', 'Trái Cây Khác', '', '', ''),
(56, 1, 'Trái Cây Khác', 'Trái Cây Khác', '', '', ''),
(57, 2, 'Gia Vị Và Phụ Liệu', 'Gia Vị Và Phụ Liệu', '', '', ''),
(57, 1, 'Gia Vị Và Phụ Liệu', 'Gia Vị Và Phụ Liệu', '', '', ''),
(58, 2, 'Gia Vị Khô', 'Gia Vị Khô', '', '', ''),
(58, 1, 'Gia Vị Khô', 'Gia Vị Khô', '', '', ''),
(59, 2, 'Các Loại Sốt', 'Các Loại Sốt', '', '', ''),
(59, 1, 'Các Loại Sốt', 'Các Loại Sốt', '', '', ''),
(60, 2, 'Dầu Thực Vật', 'Dầu Thực Vật', '', '', ''),
(60, 1, 'Dầu Thực Vật', 'Dầu Thực Vật', '', '', ''),
(61, 2, 'Rượu Nấu Ăn', 'Rượu Nấu Ăn', '', '', ''),
(61, 1, 'Rượu Nấu Ăn', 'Rượu Nấu Ăn', '', '', ''),
(62, 2, 'Giấm', 'Giấm', '', '', ''),
(62, 1, 'Giấm', 'Giấm', '', '', ''),
(63, 2, 'Nước Mắm', 'Nước Mắm', '', '', ''),
(63, 1, 'Nước Mắm', 'Nước Mắm', '', '', ''),
(64, 2, 'Nước Tương', 'Nước Tương', '', '', ''),
(64, 1, 'Nước Tương', 'Nước Tương', '', '', ''),
(65, 2, 'Sốt Ướp', 'Sốt Ướp', '', '', ''),
(65, 1, 'Sốt Ướp', 'Sốt Ướp', '', '', ''),
(66, 2, 'Sốt Tương', 'Sốt Tương', '', '', ''),
(66, 1, 'Sốt Tương', 'Sốt Tương', '', '', ''),
(67, 2, 'Sốt Salad', 'Sốt Salad', '', '', ''),
(67, 1, 'Sốt Salad', 'Sốt Salad', '', '', ''),
(68, 2, 'Mù Tạt', 'Mù Tạt', '', '', ''),
(68, 1, 'Mù Tạt', 'Mù Tạt', '', '', ''),
(69, 2, 'Kem, Bơ Và Phô Mai', 'Kem, Bơ Và Phô Mai', '', '', ''),
(69, 1, 'Kem, Bơ Và Phô Mai', 'Kem, Bơ Và Phô Mai', '', '', ''),
(70, 2, 'Phô Mai', 'Phô Mai', '', '', ''),
(71, 2, 'Các Loại Bơ', 'Các Loại Bơ', '', '', ''),
(71, 1, 'Các Loại Bơ', 'Các Loại Bơ', '', '', ''),
(72, 2, 'Kem', 'Kem', '', '', ''),
(72, 1, 'Kem', 'Kem', '', '', ''),
(70, 1, 'Phô Mai', 'Phô Mai', '', '', ''),
(73, 2, 'Blue Cheese', 'Blue Cheese', '', '', ''),
(73, 1, 'Blue Cheese', 'Blue Cheese', '', '', ''),
(74, 2, 'Parmesan Cheese', 'Parmesan Cheese', '', '', ''),
(74, 1, 'Parmesan Cheese', 'Parmesan Cheese', '', '', ''),
(75, 2, 'Cheddar Cheese', 'Cheddar Cheese', '', '', ''),
(75, 1, 'Cheddar Cheese', 'Cheddar Cheese', '', '', ''),
(78, 1, 'Rau củ theo mùa', 'Rau củ theo mùa', '', '', ''),
(79, 2, 'Trái cây theo mùa', 'Trái cây theo mùa', '', '', ''),
(76, 2, 'Trái cây nhập khẩu', 'Trái cây nhập khẩu', '', '', ''),
(76, 1, 'Trái cây nhập khẩu', 'Trái cây nhập khẩu', '', '', ''),
(77, 2, 'Thực phẩm khô', 'Thực phẩm khô', '', '', ''),
(77, 1, 'Thực phẩm khô', 'Thực phẩm khô', '', '', ''),
(78, 2, 'Rau củ theo mùa', 'Rau củ theo mùa', '', '', ''),
(79, 1, 'Trái cây theo mùa', 'Trái cây theo mùa', '', '', ''),
(80, 2, 'Rau củ nhập khẩu', 'Rau củ nhập khẩu', '', '', ''),
(80, 1, 'Rau củ nhập khẩu', 'Rau củ nhập khẩu', '', '', '');

-- oc_category_path PRIMARY KEY (`category_id`,`path_id`)
INSERT IGNORE INTO `oc_category_path` (`category_id`, `path_id`, `level`) VALUES
(41, 41, 2),
(41, 33, 1),
(41, 32, 0),
(40, 40, 2),
(40, 33, 1),
(40, 32, 0),
(39, 39, 2),
(39, 33, 1),
(39, 32, 0),
(34, 32, 0),
(33, 33, 1),
(33, 32, 0),
(32, 32, 0),
(38, 38, 2),
(38, 33, 1),
(35, 32, 0),
(34, 34, 1),
(38, 32, 0),
(37, 37, 1),
(37, 32, 0),
(36, 36, 1),
(36, 32, 0),
(35, 35, 1),
(42, 32, 0),
(42, 35, 1),
(42, 42, 2),
(43, 32, 0),
(43, 35, 1),
(43, 43, 2),
(44, 32, 0),
(44, 35, 1),
(44, 44, 2),
(45, 32, 0),
(45, 35, 1),
(45, 45, 2),
(46, 46, 0),
(47, 46, 0),
(47, 47, 1),
(48, 46, 0),
(48, 48, 1),
(49, 46, 0),
(49, 49, 1),
(50, 46, 0),
(50, 47, 1),
(50, 50, 2),
(51, 46, 0),
(51, 47, 1),
(51, 51, 2),
(52, 46, 0),
(52, 47, 1),
(52, 52, 2),
(53, 46, 0),
(53, 47, 1),
(53, 53, 2),
(54, 46, 0),
(54, 47, 1),
(54, 54, 2),
(55, 46, 0),
(55, 47, 1),
(55, 55, 2),
(56, 46, 0),
(56, 47, 1),
(56, 56, 2),
(57, 57, 0),
(58, 57, 0),
(58, 58, 1),
(59, 57, 0),
(59, 59, 1),
(60, 57, 0),
(60, 60, 1),
(61, 57, 0),
(61, 61, 1),
(62, 57, 0),
(62, 62, 1),
(63, 57, 0),
(63, 63, 1),
(64, 57, 0),
(64, 64, 1),
(65, 57, 0),
(65, 59, 1),
(65, 65, 2),
(66, 57, 0),
(66, 59, 1),
(66, 66, 2),
(67, 57, 0),
(67, 59, 1),
(67, 67, 2),
(68, 57, 0),
(68, 59, 1),
(68, 68, 2),
(69, 69, 0),
(70, 69, 0),
(70, 70, 1),
(71, 69, 0),
(71, 71, 1),
(72, 69, 0),
(72, 72, 1),
(73, 69, 0),
(73, 70, 1),
(73, 73, 2),
(74, 69, 0),
(74, 70, 1),
(74, 74, 2),
(75, 69, 0),
(75, 70, 1),
(75, 75, 2),
(77, 77, 0),
(76, 76, 0),
(79, 79, 0),
(78, 78, 0),
(80, 80, 0);

-- oc_category_to_store PRIMARY KEY (`category_id`,`store_id`)
INSERT IGNORE INTO `oc_category_to_store` (`category_id`, `store_id`) VALUES
(32, 0),
(33, 0),
(34, 0),
(35, 0),
(36, 0),
(37, 0),
(38, 0),
(39, 0),
(40, 0),
(41, 0),
(42, 0),
(43, 0),
(44, 0),
(45, 0),
(46, 0),
(47, 0),
(48, 0),
(49, 0),
(50, 0),
(51, 0),
(52, 0),
(53, 0),
(54, 0),
(55, 0),
(56, 0),
(57, 0),
(58, 0),
(59, 0),
(60, 0),
(61, 0),
(62, 0),
(63, 0),
(64, 0),
(65, 0),
(66, 0),
(67, 0),
(68, 0),
(69, 0),
(70, 0),
(71, 0),
(72, 0),
(73, 0),
(74, 0),
(75, 0),
(76, 0),
(77, 0),
(78, 0),
(79, 0),
(80, 0);