-- oc_product PRIMARY KEY (`product_id`)
-- delete first
INSERT IGNORE INTO `oc_product` (`product_id`, `model`, `sku`, `common_barcode`, `common_sku`, `common_compare_price`, `common_price`, `common_cost_price`, `barcode`, `upc`, `ean`, `jan`, `isbn`, `mpn`, `location`, `quantity`, `sale_on_out_of_stock`, `stock_status_id`, `image`, `image_alt`, `multi_versions`, `manufacturer_id`, `shipping`, `price`, `price_currency_id`, `compare_price`, `c_price_currency_id`, `points`, `tax_class_id`, `date_available`, `weight`, `weight_class_id`, `length`, `width`, `height`, `length_class_id`, `subtract`, `minimum`, `sort_order`, `status`, `channel`, `viewed`, `demo`, `deleted`, `default_store_id`, `date_added`, `date_modified`) VALUES
(151, '', '', '', '', '0.0000', '0.0000', '0.0000', '', '', '', '', '', '', '', 0, 1, 0, 'https://cdn.bestme.asia/images/natural-food/17.png', '', 0, 0, 1, '39000.0000', 1, '48000.0000', 1, 0, 0, '0000-00-00', '100.00000000', 1, '0.00000000', '0.00000000', '0.00000000', 0, 1, 1, 0, 1, 2, 0, 1, NULL, 0, '2020-12-16 11:46:52', '2020-12-16 11:46:52'),
(150, '', '', '', '', '0.0000', '0.0000', '0.0000', '', '', '', '', '', '', '', 0, 1, 0, 'https://cdn.bestme.asia/images/natural-food/20.png', '', 0, 0, 1, '92000.0000', 1, '98000.0000', 1, 0, 0, '0000-00-00', '100.00000000', 1, '0.00000000', '0.00000000', '0.00000000', 0, 1, 1, 0, 1, 2, 0, 1, NULL, 0, '2020-12-16 11:45:35', '2020-12-16 11:45:35'),
(149, '', '', '', '', '0.0000', '0.0000', '0.0000', '', '', '', '', '', '', '', 0, 1, 0, 'https://cdn.bestme.asia/images/natural-food/18.png', '', 0, 0, 1, '72000.0000', 1, '75000.0000', 1, 0, 0, '0000-00-00', '100.00000000', 1, '0.00000000', '0.00000000', '0.00000000', 0, 1, 1, 0, 1, 2, 0, 1, NULL, 0, '2020-12-16 11:44:15', '2020-12-16 11:44:15'),
(148, '', '', '', '', '0.0000', '0.0000', '0.0000', '', '', '', '', '', '', '', 0, 1, 0, 'https://cdn.bestme.asia/images/natural-food/19.png', '', 0, 0, 1, '95000.0000', 1, '98000.0000', 1, 0, 0, '0000-00-00', '100.00000000', 1, '0.00000000', '0.00000000', '0.00000000', 0, 1, 1, 0, 1, 2, 0, 1, NULL, 0, '2020-12-16 11:43:15', '2020-12-16 11:43:15'),
(147, '', '', '', '', '0.0000', '0.0000', '0.0000', '', '', '', '', '', '', '', 0, 1, 0, 'https://cdn.bestme.asia/images/natural-food/16.png', '', 0, 0, 1, '99000.0000', 1, '112000.0000', 1, 0, 0, '0000-00-00', '100.00000000', 1, '0.00000000', '0.00000000', '0.00000000', 0, 1, 1, 0, 1, 2, 0, 1, NULL, 0, '2020-12-16 11:42:13', '2020-12-16 11:42:13'),
(146, '', '', '', '', '0.0000', '0.0000', '0.0000', '', '', '', '', '', '', '', 0, 1, 0, 'https://cdn.bestme.asia/images/natural-food/11.png', '', 0, 0, 1, '32000.0000', 1, '37400.0000', 1, 0, 0, '0000-00-00', '100.00000000', 1, '0.00000000', '0.00000000', '0.00000000', 0, 1, 1, 0, 1, 2, 0, 1, NULL, 0, '2020-12-16 11:29:57', '2020-12-16 11:29:57'),
(145, '', '', '', '', '0.0000', '0.0000', '0.0000', '', '', '', '', '', '', '', 0, 1, 0, 'https://cdn.bestme.asia/images/natural-food/12.png', '', 0, 0, 1, '25000.0000', 1, '27500.0000', 1, 0, 0, '0000-00-00', '100.00000000', 1, '0.00000000', '0.00000000', '0.00000000', 0, 1, 1, 0, 1, 2, 0, 1, NULL, 0, '2020-12-16 11:28:58', '2020-12-16 11:28:58'),
(144, '', '', '', '', '0.0000', '0.0000', '0.0000', '', '', '', '', '', '', '', 0, 1, 0, 'https://cdn.bestme.asia/images/natural-food/13.png', '', 0, 0, 1, '15000.0000', 1, '17500.0000', 1, 0, 0, '0000-00-00', '100.00000000', 1, '0.00000000', '0.00000000', '0.00000000', 0, 1, 1, 0, 1, 2, 0, 1, NULL, 0, '2020-12-16 11:27:55', '2020-12-16 11:27:55'),
(143, '', '', '', '', '0.0000', '0.0000', '0.0000', '', '', '', '', '', '', '', 0, 1, 0, 'https://cdn.bestme.asia/images/natural-food/14.png', '', 0, 0, 1, '75000.0000', 1, '79000.0000', 1, 0, 0, '0000-00-00', '100.00000000', 1, '0.00000000', '0.00000000', '0.00000000', 0, 1, 1, 0, 1, 2, 0, 1, NULL, 0, '2020-12-16 11:26:56', '2020-12-16 11:26:56'),
(142, '', '', '', '', '0.0000', '0.0000', '0.0000', '', '', '', '', '', '', '', 0, 1, 0, 'https://cdn.bestme.asia/images/natural-food/15.png', '', 0, 0, 1, '53000.0000', 1, '56000.0000', 1, 0, 0, '0000-00-00', '100.00000000', 1, '0.00000000', '0.00000000', '0.00000000', 0, 1, 1, 0, 1, 2, 0, 1, NULL, 0, '2020-12-16 11:25:48', '2020-12-16 11:25:48'),
(141, '', '', '', '', '0.0000', '0.0000', '0.0000', '', '', '', '', '', '', '', 0, 1, 0, 'https://cdn.bestme.asia/images/natural-food/10.png', '', 0, 0, 1, '95000.0000', 1, '98000.0000', 1, 0, 0, '0000-00-00', '500.00000000', 1, '0.00000000', '0.00000000', '0.00000000', 0, 1, 1, 0, 1, 2, 0, 1, NULL, 0, '2020-12-16 11:24:25', '2020-12-16 11:24:25'),
(140, '', '', '', '', '0.0000', '0.0000', '0.0000', '', '', '', '', '', '', '', 0, 1, 0, 'https://cdn.bestme.asia/images/natural-food/7.png', '', 0, 0, 1, '45000.0000', 1, '49000.0000', 1, 0, 0, '0000-00-00', '500.00000000', 1, '0.00000000', '0.00000000', '0.00000000', 0, 1, 1, 0, 1, 2, 0, 1, NULL, 0, '2020-12-16 11:23:27', '2020-12-16 11:23:27'),
(139, '', '', '', '', '0.0000', '0.0000', '0.0000', '', '', '', '', '', '', '', 0, 1, 0, 'https://cdn.bestme.asia/images/natural-food/8.png', '', 0, 0, 1, '80000.0000', 1, '87000.0000', 1, 0, 0, '0000-00-00', '500.00000000', 1, '0.00000000', '0.00000000', '0.00000000', 0, 1, 1, 0, 1, 2, 0, 1, NULL, 0, '2020-12-16 11:22:27', '2020-12-16 11:22:27'),
(138, '', '', '', '', '0.0000', '0.0000', '0.0000', '', '', '', '', '', '', '', 0, 1, 0, 'https://cdn.bestme.asia/images/natural-food/9.png', '', 0, 0, 1, '72000.0000', 1, '75000.0000', 1, 0, 0, '0000-00-00', '500.00000000', 1, '0.00000000', '0.00000000', '0.00000000', 0, 1, 1, 0, 1, 2, 0, 1, NULL, 0, '2020-12-16 11:21:24', '2020-12-16 11:21:24'),
(137, '', '', '', '', '0.0000', '0.0000', '0.0000', '', '', '', '', '', '', '', 0, 1, 0, 'https://cdn.bestme.asia/images/natural-food/6.png', '', 0, 0, 1, '50000.0000', 1, '56000.0000', 1, 0, 0, '0000-00-00', '500.00000000', 1, '0.00000000', '0.00000000', '0.00000000', 0, 1, 1, 0, 1, 2, 0, 1, NULL, 0, '2020-12-16 11:20:35', '2020-12-16 11:20:35'),
(136, '', '', '', '', '0.0000', '0.0000', '0.0000', '', '', '', '', '', '', '', 0, 1, 0, 'https://cdn.bestme.asia/images/natural-food/5.png', '', 0, 0, 1, '5000.0000', 1, '8700.0000', 1, 0, 0, '0000-00-00', '100.00000000', 1, '0.00000000', '0.00000000', '0.00000000', 0, 1, 1, 0, 1, 2, 0, 1, NULL, 0, '2020-12-16 10:49:45', '2020-12-16 10:49:45'),
(135, '', '', '', '', '0.0000', '0.0000', '0.0000', '', '', '', '', '', '', '', 0, 1, 0, 'https://cdn.bestme.asia/images/natural-food/4.png', '', 0, 0, 1, '32000.0000', 1, '35600.0000', 1, 0, 0, '0000-00-00', '100.00000000', 1, '0.00000000', '0.00000000', '0.00000000', 0, 1, 1, 0, 1, 2, 0, 1, NULL, 0, '2020-12-16 10:48:24', '2020-12-16 10:48:24'),
(134, '', '', '', '', '0.0000', '0.0000', '0.0000', '', '', '', '', '', '', '', 0, 1, 0, 'https://cdn.bestme.asia/images/natural-food/3.png', '', 0, 0, 1, '25000.0000', 1, '27300.0000', 1, 0, 0, '0000-00-00', '100.00000000', 1, '0.00000000', '0.00000000', '0.00000000', 0, 1, 1, 0, 1, 2, 0, 1, NULL, 0, '2020-12-16 10:47:15', '2020-12-16 10:47:15'),
(133, '', '', '', '', '0.0000', '0.0000', '0.0000', '', '', '', '', '', '', '', 0, 1, 0, 'https://cdn.bestme.asia/images/natural-food/1.png', '', 0, 0, 1, '40000.0000', 1, '43900.0000', 1, 0, 0, '0000-00-00', '200.00000000', 1, '0.00000000', '0.00000000', '0.00000000', 0, 1, 1, 0, 1, 2, 0, 1, NULL, 0, '2020-12-16 10:45:59', '2020-12-16 10:45:59'),
(132, '', '', '', '', '0.0000', '0.0000', '0.0000', '', '', '', '', '', '', '', 0, 1, 0, 'https://cdn.bestme.asia/images/natural-food/2.png', '', 0, 0, 1, '40000.0000', 1, '47000.0000', 1, 0, 0, '0000-00-00', '100.00000000', 1, '0.00000000', '0.00000000', '0.00000000', 0, 1, 1, 0, 1, 2, 0, 1, NULL, 0, '2020-12-16 10:44:14', '2020-12-16 10:44:14');

-- restore soft-deleted products if demo
UPDATE `oc_product` SET `deleted` = NULL
WHERE `demo` = 1
  AND `product_id` IN (
                       151,
                       150,
                       149,
                       148,
                       147,
                       146,
                       145,
                       144,
                       143,
                       142,
                       141,
                       140,
                       139,
                       138,
                       137,
                       136,
                       135,
                       134,
                       133,
                       132
  );

-- oc_product_collection PRIMARY KEY (`product_collection_id`)
INSERT IGNORE INTO `oc_product_collection` (`product_collection_id`, `product_id`, `collection_id`, `sort_order`) VALUES
(153, 141, 9, 0),
(155, 139, 9, 0),
(154, 132, 9, 0),
(152, 133, 9, 0),
(160, 142, 10, 0),
(159, 144, 10, 0),
(163, 134, 10, 0),
(162, 150, 10, 0),
(161, 132, 10, 0),
(157, 145, 10, 0),
(156, 143, 10, 0),
(158, 146, 10, 0),
(151, 140, 9, 0),
(150, 136, 9, 0),
(149, 134, 9, 0),
(148, 137, 9, 0),
(164, 143, 11, 0),
(165, 145, 11, 0),
(166, 133, 11, 0),
(167, 140, 11, 0),
(168, 141, 11, 0),
(169, 150, 11, 0),
(170, 139, 11, 0),
(171, 148, 11, 0),
(172, 135, 11, 0),
(173, 138, 11, 0),
(174, 149, 11, 0),
(175, 144, 11, 0);

-- oc_product_description PRIMARY KEY (`product_id`,`language_id`)
INSERT IGNORE INTO `oc_product_description` (`product_id`, `language_id`, `name`, `description`, `sub_description`, `seo_title`, `seo_description`, `tag`, `meta_title`, `meta_description`, `meta_keyword`) VALUES
(132, 2, 'Chanh Không Hạt 100G', '&lt;p&gt;&lt;strong&gt;1. Giống và chủng loại&lt;/strong&gt;&lt;/p&gt;\r\n\r\n&lt;p&gt;Nho Hàn Shine Muscat là giống Nho của Nhật được trồng tại Hàn Quốc. Nho Hàn Shine Muscat là kết quả của sự lai tạo giữa hai giống nho Akitsu-21 và Hakunan, thực hiện bởi Viện Khoa học cây ăn quả quốc gia Nhật Bản từ những năm 1997. Đến năm 2003, nó được đặt tên thương mại chính thức là “Shine Muscat” và được trồng thương mại rộng rãi.&lt;/p&gt;\r\n\r\n&lt;p&gt;Nho Hàn Shine Muscat có size quả to, tròn, vỏ màu xanh hổ phách, có hương thơm đặc trưng và rất ngọt.&lt;/p&gt;\r\n\r\n&lt;p&gt;&lt;strong&gt;2. Xuất xứ và mùa vụ&lt;/strong&gt;&lt;/p&gt;\r\n\r\n&lt;ul&gt;\r\n	&lt;li&gt;Xuất xứ: Shine Muscat là giống nho xanh của Nhật được trồng tại Hàn Quốc&lt;/li&gt;\r\n	&lt;li&gt;Mùa vụ: Từ tháng 8 đến tháng 10 hàng năm&lt;/li&gt;\r\n&lt;/ul&gt;\r\n\r\n&lt;p&gt;&lt;strong&gt;3. Thông tin dinh dưỡng&lt;/strong&gt;&lt;/p&gt;\r\n\r\n&lt;p&gt;Nho Hàn Shine Muscat cung cấp nhiều chất chống oxi hóa rất tốt cho tim mạch, huyết áp cao. Chúng cũng rất tốt cho mắt, não và trí nhớ.&lt;/p&gt;\r\n\r\n&lt;p&gt;Vỏ nho rất tốt cho sức khỏe như: tăng cường sức đề kháng, chống lão hóa, có tác dụng thải độc tố... Hàm lượng resveratrol trong vỏ nho phong phú hơn trong thịt và hạt nho, đồng thời có tác dụng giảm máu nhiễm mỡ, chống tụ huyết, phòng chống xơ vữa động mạch và tăng cường hệ thống miễn dịch của cơ thể.&lt;/p&gt;\r\n\r\n&lt;p&gt;Việc ăn nho thường xuyên giúp cơ thể khỏe mạnh, giúp nhanh phục hồi đối với những người bị thiếu máu kinh niên, những bệnh nhân bị huyết áp cao, viêm phế quản, gout, viêm dạ dày và táo bón.&lt;/p&gt;\r\n\r\n&lt;p&gt;&lt;strong&gt;4. Lưu ý bảo quản và sử dụng&lt;/strong&gt;&lt;/p&gt;\r\n\r\n&lt;p&gt;-    Nho Hàn Shine Muscat  không tăng độ đường (ngọt) sau khi hái nên nho chỉ được thu hoạch khi chín. Lúc này nho rất nhạy cảm, dễ bị rụng nên cần nhẹ tay trong quá trình thu hái và bảo quản&lt;/p&gt;\r\n\r\n&lt;p&gt;-    Cách bảo quản nho tốt nhất: để nho chưa rửa vào trong tủ lạnh (ở nhiệt độ từ 0 - 4 độ C) để không làm đi lớp phấn phủ tự nhiên của quả nho. Chỉ nên rửa nho trước khi ăn tươi hoặc chế biến món ăn.&lt;/p&gt;\r\n\r\n&lt;p&gt;&lt;strong&gt;5. Cách trồng và chăm sóc&lt;/strong&gt;&lt;/p&gt;\r\n\r\n&lt;p&gt;Nho Hàn Shine Muscat được trồng trong nhà kính, mỗi chùm nho khi còn non còn được bọc trong một lớp giấy trắng đặc biệt để tránh tuyệt đối các bụi bẩn hay nguy hại từ côn trùng.&lt;/p&gt;', '&lt;ul&gt;\r\n	&lt;li&gt;Xuất xứ: Shine Muscat là giống nho xanh của Nhật được trồng tại Hàn Quốc&lt;/li&gt;\r\n	&lt;li&gt;Mùa vụ: Từ tháng 8 đến tháng 10 hàng năm&lt;/li&gt;\r\n&lt;/ul&gt;', '', '', '', '', '', ''),
(133, 2, 'Hành Lý Sơn 200G', '&lt;p&gt;&lt;strong&gt;1. Giống và chủng loại&lt;/strong&gt;&lt;/p&gt;\r\n\r\n&lt;p&gt;Nho Hàn Shine Muscat là giống Nho của Nhật được trồng tại Hàn Quốc. Nho Hàn Shine Muscat là kết quả của sự lai tạo giữa hai giống nho Akitsu-21 và Hakunan, thực hiện bởi Viện Khoa học cây ăn quả quốc gia Nhật Bản từ những năm 1997. Đến năm 2003, nó được đặt tên thương mại chính thức là “Shine Muscat” và được trồng thương mại rộng rãi.&lt;/p&gt;\r\n\r\n&lt;p&gt;Nho Hàn Shine Muscat có size quả to, tròn, vỏ màu xanh hổ phách, có hương thơm đặc trưng và rất ngọt.&lt;/p&gt;\r\n\r\n&lt;p&gt;&lt;strong&gt;2. Xuất xứ và mùa vụ&lt;/strong&gt;&lt;/p&gt;\r\n\r\n&lt;ul&gt;\r\n	&lt;li&gt;Xuất xứ: Shine Muscat là giống nho xanh của Nhật được trồng tại Hàn Quốc&lt;/li&gt;\r\n	&lt;li&gt;Mùa vụ: Từ tháng 8 đến tháng 10 hàng năm&lt;/li&gt;\r\n&lt;/ul&gt;\r\n\r\n&lt;p&gt;&lt;strong&gt;3. Thông tin dinh dưỡng&lt;/strong&gt;&lt;/p&gt;\r\n\r\n&lt;p&gt;Nho Hàn Shine Muscat cung cấp nhiều chất chống oxi hóa rất tốt cho tim mạch, huyết áp cao. Chúng cũng rất tốt cho mắt, não và trí nhớ.&lt;/p&gt;\r\n\r\n&lt;p&gt;Vỏ nho rất tốt cho sức khỏe như: tăng cường sức đề kháng, chống lão hóa, có tác dụng thải độc tố... Hàm lượng resveratrol trong vỏ nho phong phú hơn trong thịt và hạt nho, đồng thời có tác dụng giảm máu nhiễm mỡ, chống tụ huyết, phòng chống xơ vữa động mạch và tăng cường hệ thống miễn dịch của cơ thể.&lt;/p&gt;\r\n\r\n&lt;p&gt;Việc ăn nho thường xuyên giúp cơ thể khỏe mạnh, giúp nhanh phục hồi đối với những người bị thiếu máu kinh niên, những bệnh nhân bị huyết áp cao, viêm phế quản, gout, viêm dạ dày và táo bón.&lt;/p&gt;\r\n\r\n&lt;p&gt;&lt;strong&gt;4. Lưu ý bảo quản và sử dụng&lt;/strong&gt;&lt;/p&gt;\r\n\r\n&lt;p&gt;-    Nho Hàn Shine Muscat  không tăng độ đường (ngọt) sau khi hái nên nho chỉ được thu hoạch khi chín. Lúc này nho rất nhạy cảm, dễ bị rụng nên cần nhẹ tay trong quá trình thu hái và bảo quản&lt;/p&gt;\r\n\r\n&lt;p&gt;-    Cách bảo quản nho tốt nhất: để nho chưa rửa vào trong tủ lạnh (ở nhiệt độ từ 0 - 4 độ C) để không làm đi lớp phấn phủ tự nhiên của quả nho. Chỉ nên rửa nho trước khi ăn tươi hoặc chế biến món ăn.&lt;/p&gt;\r\n\r\n&lt;p&gt;&lt;strong&gt;5. Cách trồng và chăm sóc&lt;/strong&gt;&lt;/p&gt;\r\n\r\n&lt;p&gt;Nho Hàn Shine Muscat được trồng trong nhà kính, mỗi chùm nho khi còn non còn được bọc trong một lớp giấy trắng đặc biệt để tránh tuyệt đối các bụi bẩn hay nguy hại từ côn trùng.&lt;/p&gt;', '&lt;ul&gt;\r\n	&lt;li&gt;Xuất xứ: Shine Muscat là giống nho xanh của Nhật được trồng tại Hàn Quốc&lt;/li&gt;\r\n	&lt;li&gt;Mùa vụ: Từ tháng 8 đến tháng 10 hàng năm&lt;/li&gt;\r\n&lt;/ul&gt;', '', '', '', '', '', ''),
(134, 2, 'Củ Gừng 100G', '&lt;p&gt;&lt;strong&gt;1. Giống và chủng loại&lt;/strong&gt;&lt;/p&gt;\r\n\r\n&lt;p&gt;Nho Hàn Shine Muscat là giống Nho của Nhật được trồng tại Hàn Quốc. Nho Hàn Shine Muscat là kết quả của sự lai tạo giữa hai giống nho Akitsu-21 và Hakunan, thực hiện bởi Viện Khoa học cây ăn quả quốc gia Nhật Bản từ những năm 1997. Đến năm 2003, nó được đặt tên thương mại chính thức là “Shine Muscat” và được trồng thương mại rộng rãi.&lt;/p&gt;\r\n\r\n&lt;p&gt;Nho Hàn Shine Muscat có size quả to, tròn, vỏ màu xanh hổ phách, có hương thơm đặc trưng và rất ngọt.&lt;/p&gt;\r\n\r\n&lt;p&gt;&lt;strong&gt;2. Xuất xứ và mùa vụ&lt;/strong&gt;&lt;/p&gt;\r\n\r\n&lt;ul&gt;\r\n	&lt;li&gt;Xuất xứ: Shine Muscat là giống nho xanh của Nhật được trồng tại Hàn Quốc&lt;/li&gt;\r\n	&lt;li&gt;Mùa vụ: Từ tháng 8 đến tháng 10 hàng năm&lt;/li&gt;\r\n&lt;/ul&gt;\r\n\r\n&lt;p&gt;&lt;strong&gt;3. Thông tin dinh dưỡng&lt;/strong&gt;&lt;/p&gt;\r\n\r\n&lt;p&gt;Nho Hàn Shine Muscat cung cấp nhiều chất chống oxi hóa rất tốt cho tim mạch, huyết áp cao. Chúng cũng rất tốt cho mắt, não và trí nhớ.&lt;/p&gt;\r\n\r\n&lt;p&gt;Vỏ nho rất tốt cho sức khỏe như: tăng cường sức đề kháng, chống lão hóa, có tác dụng thải độc tố... Hàm lượng resveratrol trong vỏ nho phong phú hơn trong thịt và hạt nho, đồng thời có tác dụng giảm máu nhiễm mỡ, chống tụ huyết, phòng chống xơ vữa động mạch và tăng cường hệ thống miễn dịch của cơ thể.&lt;/p&gt;\r\n\r\n&lt;p&gt;Việc ăn nho thường xuyên giúp cơ thể khỏe mạnh, giúp nhanh phục hồi đối với những người bị thiếu máu kinh niên, những bệnh nhân bị huyết áp cao, viêm phế quản, gout, viêm dạ dày và táo bón.&lt;/p&gt;\r\n\r\n&lt;p&gt;&lt;strong&gt;4. Lưu ý bảo quản và sử dụng&lt;/strong&gt;&lt;/p&gt;\r\n\r\n&lt;p&gt;-    Nho Hàn Shine Muscat  không tăng độ đường (ngọt) sau khi hái nên nho chỉ được thu hoạch khi chín. Lúc này nho rất nhạy cảm, dễ bị rụng nên cần nhẹ tay trong quá trình thu hái và bảo quản&lt;/p&gt;\r\n\r\n&lt;p&gt;-    Cách bảo quản nho tốt nhất: để nho chưa rửa vào trong tủ lạnh (ở nhiệt độ từ 0 - 4 độ C) để không làm đi lớp phấn phủ tự nhiên của quả nho. Chỉ nên rửa nho trước khi ăn tươi hoặc chế biến món ăn.&lt;/p&gt;\r\n\r\n&lt;p&gt;&lt;strong&gt;5. Cách trồng và chăm sóc&lt;/strong&gt;&lt;/p&gt;\r\n\r\n&lt;p&gt;Nho Hàn Shine Muscat được trồng trong nhà kính, mỗi chùm nho khi còn non còn được bọc trong một lớp giấy trắng đặc biệt để tránh tuyệt đối các bụi bẩn hay nguy hại từ côn trùng.&lt;/p&gt;', '&lt;ul&gt;\r\n	&lt;li&gt;Xuất xứ: Shine Muscat là giống nho xanh của Nhật được trồng tại Hàn Quốc&lt;/li&gt;\r\n	&lt;li&gt;Mùa vụ: Từ tháng 8 đến tháng 10 hàng năm&lt;/li&gt;\r\n&lt;/ul&gt;', '', '', '', '', '', ''),
(135, 2, 'Tỏi 100G', '', '', '', '', '', '', '', ''),
(136, 2, 'Củ Nghệ 100G', '&lt;p&gt;&lt;strong&gt;1. Giống và chủng loại&lt;/strong&gt;&lt;/p&gt;\r\n\r\n&lt;p&gt;Nho Hàn Shine Muscat là giống Nho của Nhật được trồng tại Hàn Quốc. Nho Hàn Shine Muscat là kết quả của sự lai tạo giữa hai giống nho Akitsu-21 và Hakunan, thực hiện bởi Viện Khoa học cây ăn quả quốc gia Nhật Bản từ những năm 1997. Đến năm 2003, nó được đặt tên thương mại chính thức là “Shine Muscat” và được trồng thương mại rộng rãi.&lt;/p&gt;\r\n\r\n&lt;p&gt;Nho Hàn Shine Muscat có size quả to, tròn, vỏ màu xanh hổ phách, có hương thơm đặc trưng và rất ngọt.&lt;/p&gt;\r\n\r\n&lt;p&gt;&lt;strong&gt;2. Xuất xứ và mùa vụ&lt;/strong&gt;&lt;/p&gt;\r\n\r\n&lt;ul&gt;\r\n	&lt;li&gt;Xuất xứ: Shine Muscat là giống nho xanh của Nhật được trồng tại Hàn Quốc&lt;/li&gt;\r\n	&lt;li&gt;Mùa vụ: Từ tháng 8 đến tháng 10 hàng năm&lt;/li&gt;\r\n&lt;/ul&gt;\r\n\r\n&lt;p&gt;&lt;strong&gt;3. Thông tin dinh dưỡng&lt;/strong&gt;&lt;/p&gt;\r\n\r\n&lt;p&gt;Nho Hàn Shine Muscat cung cấp nhiều chất chống oxi hóa rất tốt cho tim mạch, huyết áp cao. Chúng cũng rất tốt cho mắt, não và trí nhớ.&lt;/p&gt;\r\n\r\n&lt;p&gt;Vỏ nho rất tốt cho sức khỏe như: tăng cường sức đề kháng, chống lão hóa, có tác dụng thải độc tố... Hàm lượng resveratrol trong vỏ nho phong phú hơn trong thịt và hạt nho, đồng thời có tác dụng giảm máu nhiễm mỡ, chống tụ huyết, phòng chống xơ vữa động mạch và tăng cường hệ thống miễn dịch của cơ thể.&lt;/p&gt;\r\n\r\n&lt;p&gt;Việc ăn nho thường xuyên giúp cơ thể khỏe mạnh, giúp nhanh phục hồi đối với những người bị thiếu máu kinh niên, những bệnh nhân bị huyết áp cao, viêm phế quản, gout, viêm dạ dày và táo bón.&lt;/p&gt;\r\n\r\n&lt;p&gt;&lt;strong&gt;4. Lưu ý bảo quản và sử dụng&lt;/strong&gt;&lt;/p&gt;\r\n\r\n&lt;p&gt;-    Nho Hàn Shine Muscat  không tăng độ đường (ngọt) sau khi hái nên nho chỉ được thu hoạch khi chín. Lúc này nho rất nhạy cảm, dễ bị rụng nên cần nhẹ tay trong quá trình thu hái và bảo quản&lt;/p&gt;\r\n\r\n&lt;p&gt;-    Cách bảo quản nho tốt nhất: để nho chưa rửa vào trong tủ lạnh (ở nhiệt độ từ 0 - 4 độ C) để không làm đi lớp phấn phủ tự nhiên của quả nho. Chỉ nên rửa nho trước khi ăn tươi hoặc chế biến món ăn.&lt;/p&gt;\r\n\r\n&lt;p&gt;&lt;strong&gt;5. Cách trồng và chăm sóc&lt;/strong&gt;&lt;/p&gt;\r\n\r\n&lt;p&gt;Nho Hàn Shine Muscat được trồng trong nhà kính, mỗi chùm nho khi còn non còn được bọc trong một lớp giấy trắng đặc biệt để tránh tuyệt đối các bụi bẩn hay nguy hại từ côn trùng.&lt;/p&gt;', '&lt;ul&gt;\r\n	&lt;li&gt;Xuất xứ: Shine Muscat là giống nho xanh của Nhật được trồng tại Hàn Quốc&lt;/li&gt;\r\n	&lt;li&gt;Mùa vụ: Từ tháng 8 đến tháng 10 hàng năm&lt;/li&gt;\r\n&lt;/ul&gt;\r\n\r\n&lt;form action=&quot;https://organic-fruits.bestme.asia/gio-hang&quot; id=&quot;add-to-cart&quot; method=&quot;POST&quot;&gt; &lt;/form&gt;', '', '', '', '', '', ''),
(137, 2, 'Chuối 500G', '&lt;p&gt;&lt;strong&gt;1. Giống và chủng loại&lt;/strong&gt;&lt;/p&gt;\r\n\r\n&lt;p&gt;Nho Hàn Shine Muscat là giống Nho của Nhật được trồng tại Hàn Quốc. Nho Hàn Shine Muscat là kết quả của sự lai tạo giữa hai giống nho Akitsu-21 và Hakunan, thực hiện bởi Viện Khoa học cây ăn quả quốc gia Nhật Bản từ những năm 1997. Đến năm 2003, nó được đặt tên thương mại chính thức là “Shine Muscat” và được trồng thương mại rộng rãi.&lt;/p&gt;\r\n\r\n&lt;p&gt;Nho Hàn Shine Muscat có size quả to, tròn, vỏ màu xanh hổ phách, có hương thơm đặc trưng và rất ngọt.&lt;/p&gt;\r\n\r\n&lt;p&gt;&lt;strong&gt;2. Xuất xứ và mùa vụ&lt;/strong&gt;&lt;/p&gt;\r\n\r\n&lt;ul&gt;\r\n	&lt;li&gt;Xuất xứ: Shine Muscat là giống nho xanh của Nhật được trồng tại Hàn Quốc&lt;/li&gt;\r\n	&lt;li&gt;Mùa vụ: Từ tháng 8 đến tháng 10 hàng năm&lt;/li&gt;\r\n&lt;/ul&gt;\r\n\r\n&lt;p&gt;&lt;strong&gt;3. Thông tin dinh dưỡng&lt;/strong&gt;&lt;/p&gt;\r\n\r\n&lt;p&gt;Nho Hàn Shine Muscat cung cấp nhiều chất chống oxi hóa rất tốt cho tim mạch, huyết áp cao. Chúng cũng rất tốt cho mắt, não và trí nhớ.&lt;/p&gt;\r\n\r\n&lt;p&gt;Vỏ nho rất tốt cho sức khỏe như: tăng cường sức đề kháng, chống lão hóa, có tác dụng thải độc tố... Hàm lượng resveratrol trong vỏ nho phong phú hơn trong thịt và hạt nho, đồng thời có tác dụng giảm máu nhiễm mỡ, chống tụ huyết, phòng chống xơ vữa động mạch và tăng cường hệ thống miễn dịch của cơ thể.&lt;/p&gt;\r\n\r\n&lt;p&gt;Việc ăn nho thường xuyên giúp cơ thể khỏe mạnh, giúp nhanh phục hồi đối với những người bị thiếu máu kinh niên, những bệnh nhân bị huyết áp cao, viêm phế quản, gout, viêm dạ dày và táo bón.&lt;/p&gt;\r\n\r\n&lt;p&gt;&lt;strong&gt;4. Lưu ý bảo quản và sử dụng&lt;/strong&gt;&lt;/p&gt;\r\n\r\n&lt;p&gt;-    Nho Hàn Shine Muscat  không tăng độ đường (ngọt) sau khi hái nên nho chỉ được thu hoạch khi chín. Lúc này nho rất nhạy cảm, dễ bị rụng nên cần nhẹ tay trong quá trình thu hái và bảo quản&lt;/p&gt;\r\n\r\n&lt;p&gt;-    Cách bảo quản nho tốt nhất: để nho chưa rửa vào trong tủ lạnh (ở nhiệt độ từ 0 - 4 độ C) để không làm đi lớp phấn phủ tự nhiên của quả nho. Chỉ nên rửa nho trước khi ăn tươi hoặc chế biến món ăn.&lt;/p&gt;\r\n\r\n&lt;p&gt;&lt;strong&gt;5. Cách trồng và chăm sóc&lt;/strong&gt;&lt;/p&gt;\r\n\r\n&lt;p&gt;Nho Hàn Shine Muscat được trồng trong nhà kính, mỗi chùm nho khi còn non còn được bọc trong một lớp giấy trắng đặc biệt để tránh tuyệt đối các bụi bẩn hay nguy hại từ côn trùng.&lt;/p&gt;', '&lt;ul&gt;\r\n	&lt;li&gt;Xuất xứ: Shine Muscat là giống nho xanh của Nhật được trồng tại Hàn Quốc&lt;/li&gt;\r\n	&lt;li&gt;Mùa vụ: Từ tháng 8 đến tháng 10 hàng năm&lt;/li&gt;\r\n&lt;/ul&gt;\r\n\r\n&lt;form action=&quot;https://organic-fruits.bestme.asia/gio-hang&quot; id=&quot;add-to-cart&quot; method=&quot;POST&quot;&gt; &lt;/form&gt;', '', '', '', '', '', ''),
(138, 2, 'Xoài 500G', '&lt;p&gt;&lt;strong&gt;1. Giống và chủng loại&lt;/strong&gt;&lt;/p&gt;\r\n\r\n&lt;p&gt;Nho Hàn Shine Muscat là giống Nho của Nhật được trồng tại Hàn Quốc. Nho Hàn Shine Muscat là kết quả của sự lai tạo giữa hai giống nho Akitsu-21 và Hakunan, thực hiện bởi Viện Khoa học cây ăn quả quốc gia Nhật Bản từ những năm 1997. Đến năm 2003, nó được đặt tên thương mại chính thức là “Shine Muscat” và được trồng thương mại rộng rãi.&lt;/p&gt;\r\n\r\n&lt;p&gt;Nho Hàn Shine Muscat có size quả to, tròn, vỏ màu xanh hổ phách, có hương thơm đặc trưng và rất ngọt.&lt;/p&gt;\r\n\r\n&lt;p&gt;&lt;strong&gt;2. Xuất xứ và mùa vụ&lt;/strong&gt;&lt;/p&gt;\r\n\r\n&lt;ul&gt;\r\n	&lt;li&gt;Xuất xứ: Shine Muscat là giống nho xanh của Nhật được trồng tại Hàn Quốc&lt;/li&gt;\r\n	&lt;li&gt;Mùa vụ: Từ tháng 8 đến tháng 10 hàng năm&lt;/li&gt;\r\n&lt;/ul&gt;\r\n\r\n&lt;p&gt;&lt;strong&gt;3. Thông tin dinh dưỡng&lt;/strong&gt;&lt;/p&gt;\r\n\r\n&lt;p&gt;Nho Hàn Shine Muscat cung cấp nhiều chất chống oxi hóa rất tốt cho tim mạch, huyết áp cao. Chúng cũng rất tốt cho mắt, não và trí nhớ.&lt;/p&gt;\r\n\r\n&lt;p&gt;Vỏ nho rất tốt cho sức khỏe như: tăng cường sức đề kháng, chống lão hóa, có tác dụng thải độc tố... Hàm lượng resveratrol trong vỏ nho phong phú hơn trong thịt và hạt nho, đồng thời có tác dụng giảm máu nhiễm mỡ, chống tụ huyết, phòng chống xơ vữa động mạch và tăng cường hệ thống miễn dịch của cơ thể.&lt;/p&gt;\r\n\r\n&lt;p&gt;Việc ăn nho thường xuyên giúp cơ thể khỏe mạnh, giúp nhanh phục hồi đối với những người bị thiếu máu kinh niên, những bệnh nhân bị huyết áp cao, viêm phế quản, gout, viêm dạ dày và táo bón.&lt;/p&gt;\r\n\r\n&lt;p&gt;&lt;strong&gt;4. Lưu ý bảo quản và sử dụng&lt;/strong&gt;&lt;/p&gt;\r\n\r\n&lt;p&gt;-    Nho Hàn Shine Muscat  không tăng độ đường (ngọt) sau khi hái nên nho chỉ được thu hoạch khi chín. Lúc này nho rất nhạy cảm, dễ bị rụng nên cần nhẹ tay trong quá trình thu hái và bảo quản&lt;/p&gt;\r\n\r\n&lt;p&gt;-    Cách bảo quản nho tốt nhất: để nho chưa rửa vào trong tủ lạnh (ở nhiệt độ từ 0 - 4 độ C) để không làm đi lớp phấn phủ tự nhiên của quả nho. Chỉ nên rửa nho trước khi ăn tươi hoặc chế biến món ăn.&lt;/p&gt;\r\n\r\n&lt;p&gt;&lt;strong&gt;5. Cách trồng và chăm sóc&lt;/strong&gt;&lt;/p&gt;\r\n\r\n&lt;p&gt;Nho Hàn Shine Muscat được trồng trong nhà kính, mỗi chùm nho khi còn non còn được bọc trong một lớp giấy trắng đặc biệt để tránh tuyệt đối các bụi bẩn hay nguy hại từ côn trùng.&lt;/p&gt;', '&lt;ul&gt;\r\n	&lt;li&gt;Xuất xứ: Shine Muscat là giống nho xanh của Nhật được trồng tại Hàn Quốc&lt;/li&gt;\r\n	&lt;li&gt;Mùa vụ: Từ tháng 8 đến tháng 10 hàng năm&lt;/li&gt;\r\n&lt;/ul&gt;', '', '', '', '', '', ''),
(139, 2, 'Táo Mỹ 500G', '&lt;p&gt;&lt;strong&gt;1. Giống và chủng loại&lt;/strong&gt;&lt;/p&gt;\r\n\r\n&lt;p&gt;Nho Hàn Shine Muscat là giống Nho của Nhật được trồng tại Hàn Quốc. Nho Hàn Shine Muscat là kết quả của sự lai tạo giữa hai giống nho Akitsu-21 và Hakunan, thực hiện bởi Viện Khoa học cây ăn quả quốc gia Nhật Bản từ những năm 1997. Đến năm 2003, nó được đặt tên thương mại chính thức là “Shine Muscat” và được trồng thương mại rộng rãi.&lt;/p&gt;\r\n\r\n&lt;p&gt;Nho Hàn Shine Muscat có size quả to, tròn, vỏ màu xanh hổ phách, có hương thơm đặc trưng và rất ngọt.&lt;/p&gt;\r\n\r\n&lt;p&gt;&lt;strong&gt;2. Xuất xứ và mùa vụ&lt;/strong&gt;&lt;/p&gt;\r\n\r\n&lt;ul&gt;\r\n	&lt;li&gt;Xuất xứ: Shine Muscat là giống nho xanh của Nhật được trồng tại Hàn Quốc&lt;/li&gt;\r\n	&lt;li&gt;Mùa vụ: Từ tháng 8 đến tháng 10 hàng năm&lt;/li&gt;\r\n&lt;/ul&gt;\r\n\r\n&lt;p&gt;&lt;strong&gt;3. Thông tin dinh dưỡng&lt;/strong&gt;&lt;/p&gt;\r\n\r\n&lt;p&gt;Nho Hàn Shine Muscat cung cấp nhiều chất chống oxi hóa rất tốt cho tim mạch, huyết áp cao. Chúng cũng rất tốt cho mắt, não và trí nhớ.&lt;/p&gt;\r\n\r\n&lt;p&gt;Vỏ nho rất tốt cho sức khỏe như: tăng cường sức đề kháng, chống lão hóa, có tác dụng thải độc tố... Hàm lượng resveratrol trong vỏ nho phong phú hơn trong thịt và hạt nho, đồng thời có tác dụng giảm máu nhiễm mỡ, chống tụ huyết, phòng chống xơ vữa động mạch và tăng cường hệ thống miễn dịch của cơ thể.&lt;/p&gt;\r\n\r\n&lt;p&gt;Việc ăn nho thường xuyên giúp cơ thể khỏe mạnh, giúp nhanh phục hồi đối với những người bị thiếu máu kinh niên, những bệnh nhân bị huyết áp cao, viêm phế quản, gout, viêm dạ dày và táo bón.&lt;/p&gt;\r\n\r\n&lt;p&gt;&lt;strong&gt;4. Lưu ý bảo quản và sử dụng&lt;/strong&gt;&lt;/p&gt;\r\n\r\n&lt;p&gt;-    Nho Hàn Shine Muscat  không tăng độ đường (ngọt) sau khi hái nên nho chỉ được thu hoạch khi chín. Lúc này nho rất nhạy cảm, dễ bị rụng nên cần nhẹ tay trong quá trình thu hái và bảo quản&lt;/p&gt;\r\n\r\n&lt;p&gt;-    Cách bảo quản nho tốt nhất: để nho chưa rửa vào trong tủ lạnh (ở nhiệt độ từ 0 - 4 độ C) để không làm đi lớp phấn phủ tự nhiên của quả nho. Chỉ nên rửa nho trước khi ăn tươi hoặc chế biến món ăn.&lt;/p&gt;\r\n\r\n&lt;p&gt;&lt;strong&gt;5. Cách trồng và chăm sóc&lt;/strong&gt;&lt;/p&gt;\r\n\r\n&lt;p&gt;Nho Hàn Shine Muscat được trồng trong nhà kính, mỗi chùm nho khi còn non còn được bọc trong một lớp giấy trắng đặc biệt để tránh tuyệt đối các bụi bẩn hay nguy hại từ côn trùng.&lt;/p&gt;', '&lt;ul&gt;\r\n	&lt;li&gt;Xuất xứ: Shine Muscat là giống nho xanh của Nhật được trồng tại Hàn Quốc&lt;/li&gt;\r\n	&lt;li&gt;Mùa vụ: Từ tháng 8 đến tháng 10 hàng năm&lt;/li&gt;\r\n&lt;/ul&gt;', '', '', '', '', '', ''),
(140, 2, 'Dưa Lưới 500G', '&lt;p&gt;&lt;strong&gt;1. Giống và chủng loại&lt;/strong&gt;&lt;/p&gt;\r\n\r\n&lt;p&gt;Nho Hàn Shine Muscat là giống Nho của Nhật được trồng tại Hàn Quốc. Nho Hàn Shine Muscat là kết quả của sự lai tạo giữa hai giống nho Akitsu-21 và Hakunan, thực hiện bởi Viện Khoa học cây ăn quả quốc gia Nhật Bản từ những năm 1997. Đến năm 2003, nó được đặt tên thương mại chính thức là “Shine Muscat” và được trồng thương mại rộng rãi.&lt;/p&gt;\r\n\r\n&lt;p&gt;Nho Hàn Shine Muscat có size quả to, tròn, vỏ màu xanh hổ phách, có hương thơm đặc trưng và rất ngọt.&lt;/p&gt;\r\n\r\n&lt;p&gt;&lt;strong&gt;2. Xuất xứ và mùa vụ&lt;/strong&gt;&lt;/p&gt;\r\n\r\n&lt;ul&gt;\r\n	&lt;li&gt;Xuất xứ: Shine Muscat là giống nho xanh của Nhật được trồng tại Hàn Quốc&lt;/li&gt;\r\n	&lt;li&gt;Mùa vụ: Từ tháng 8 đến tháng 10 hàng năm&lt;/li&gt;\r\n&lt;/ul&gt;\r\n\r\n&lt;p&gt;&lt;strong&gt;3. Thông tin dinh dưỡng&lt;/strong&gt;&lt;/p&gt;\r\n\r\n&lt;p&gt;Nho Hàn Shine Muscat cung cấp nhiều chất chống oxi hóa rất tốt cho tim mạch, huyết áp cao. Chúng cũng rất tốt cho mắt, não và trí nhớ.&lt;/p&gt;\r\n\r\n&lt;p&gt;Vỏ nho rất tốt cho sức khỏe như: tăng cường sức đề kháng, chống lão hóa, có tác dụng thải độc tố... Hàm lượng resveratrol trong vỏ nho phong phú hơn trong thịt và hạt nho, đồng thời có tác dụng giảm máu nhiễm mỡ, chống tụ huyết, phòng chống xơ vữa động mạch và tăng cường hệ thống miễn dịch của cơ thể.&lt;/p&gt;\r\n\r\n&lt;p&gt;Việc ăn nho thường xuyên giúp cơ thể khỏe mạnh, giúp nhanh phục hồi đối với những người bị thiếu máu kinh niên, những bệnh nhân bị huyết áp cao, viêm phế quản, gout, viêm dạ dày và táo bón.&lt;/p&gt;\r\n\r\n&lt;p&gt;&lt;strong&gt;4. Lưu ý bảo quản và sử dụng&lt;/strong&gt;&lt;/p&gt;\r\n\r\n&lt;p&gt;-    Nho Hàn Shine Muscat  không tăng độ đường (ngọt) sau khi hái nên nho chỉ được thu hoạch khi chín. Lúc này nho rất nhạy cảm, dễ bị rụng nên cần nhẹ tay trong quá trình thu hái và bảo quản&lt;/p&gt;\r\n\r\n&lt;p&gt;-    Cách bảo quản nho tốt nhất: để nho chưa rửa vào trong tủ lạnh (ở nhiệt độ từ 0 - 4 độ C) để không làm đi lớp phấn phủ tự nhiên của quả nho. Chỉ nên rửa nho trước khi ăn tươi hoặc chế biến món ăn.&lt;/p&gt;\r\n\r\n&lt;p&gt;&lt;strong&gt;5. Cách trồng và chăm sóc&lt;/strong&gt;&lt;/p&gt;\r\n\r\n&lt;p&gt;Nho Hàn Shine Muscat được trồng trong nhà kính, mỗi chùm nho khi còn non còn được bọc trong một lớp giấy trắng đặc biệt để tránh tuyệt đối các bụi bẩn hay nguy hại từ côn trùng.&lt;/p&gt;', '&lt;ul&gt;\r\n	&lt;li&gt;Xuất xứ: Shine Muscat là giống nho xanh của Nhật được trồng tại Hàn Quốc&lt;/li&gt;\r\n	&lt;li&gt;Mùa vụ: Từ tháng 8 đến tháng 10 hàng năm&lt;/li&gt;\r\n&lt;/ul&gt;\r\n\r\n&lt;form action=&quot;https://organic-fruits.bestme.asia/gio-hang&quot; id=&quot;add-to-cart&quot; method=&quot;POST&quot;&gt; &lt;/form&gt;', '', '', '', '', '', ''),
(141, 2, 'Nho Xanh 500G', '&lt;p&gt;&lt;strong&gt;1. Giống và chủng loại&lt;/strong&gt;&lt;/p&gt;\r\n\r\n&lt;p&gt;Nho Hàn Shine Muscat là giống Nho của Nhật được trồng tại Hàn Quốc. Nho Hàn Shine Muscat là kết quả của sự lai tạo giữa hai giống nho Akitsu-21 và Hakunan, thực hiện bởi Viện Khoa học cây ăn quả quốc gia Nhật Bản từ những năm 1997. Đến năm 2003, nó được đặt tên thương mại chính thức là “Shine Muscat” và được trồng thương mại rộng rãi.&lt;/p&gt;\r\n\r\n&lt;p&gt;Nho Hàn Shine Muscat có size quả to, tròn, vỏ màu xanh hổ phách, có hương thơm đặc trưng và rất ngọt.&lt;/p&gt;\r\n\r\n&lt;p&gt;&lt;strong&gt;2. Xuất xứ và mùa vụ&lt;/strong&gt;&lt;/p&gt;\r\n\r\n&lt;ul&gt;\r\n	&lt;li&gt;Xuất xứ: Shine Muscat là giống nho xanh của Nhật được trồng tại Hàn Quốc&lt;/li&gt;\r\n	&lt;li&gt;Mùa vụ: Từ tháng 8 đến tháng 10 hàng năm&lt;/li&gt;\r\n&lt;/ul&gt;\r\n\r\n&lt;p&gt;&lt;strong&gt;3. Thông tin dinh dưỡng&lt;/strong&gt;&lt;/p&gt;\r\n\r\n&lt;p&gt;Nho Hàn Shine Muscat cung cấp nhiều chất chống oxi hóa rất tốt cho tim mạch, huyết áp cao. Chúng cũng rất tốt cho mắt, não và trí nhớ.&lt;/p&gt;\r\n\r\n&lt;p&gt;Vỏ nho rất tốt cho sức khỏe như: tăng cường sức đề kháng, chống lão hóa, có tác dụng thải độc tố... Hàm lượng resveratrol trong vỏ nho phong phú hơn trong thịt và hạt nho, đồng thời có tác dụng giảm máu nhiễm mỡ, chống tụ huyết, phòng chống xơ vữa động mạch và tăng cường hệ thống miễn dịch của cơ thể.&lt;/p&gt;\r\n\r\n&lt;p&gt;Việc ăn nho thường xuyên giúp cơ thể khỏe mạnh, giúp nhanh phục hồi đối với những người bị thiếu máu kinh niên, những bệnh nhân bị huyết áp cao, viêm phế quản, gout, viêm dạ dày và táo bón.&lt;/p&gt;\r\n\r\n&lt;p&gt;&lt;strong&gt;4. Lưu ý bảo quản và sử dụng&lt;/strong&gt;&lt;/p&gt;\r\n\r\n&lt;p&gt;-    Nho Hàn Shine Muscat  không tăng độ đường (ngọt) sau khi hái nên nho chỉ được thu hoạch khi chín. Lúc này nho rất nhạy cảm, dễ bị rụng nên cần nhẹ tay trong quá trình thu hái và bảo quản&lt;/p&gt;\r\n\r\n&lt;p&gt;-    Cách bảo quản nho tốt nhất: để nho chưa rửa vào trong tủ lạnh (ở nhiệt độ từ 0 - 4 độ C) để không làm đi lớp phấn phủ tự nhiên của quả nho. Chỉ nên rửa nho trước khi ăn tươi hoặc chế biến món ăn.&lt;/p&gt;\r\n\r\n&lt;p&gt;&lt;strong&gt;5. Cách trồng và chăm sóc&lt;/strong&gt;&lt;/p&gt;\r\n\r\n&lt;p&gt;Nho Hàn Shine Muscat được trồng trong nhà kính, mỗi chùm nho khi còn non còn được bọc trong một lớp giấy trắng đặc biệt để tránh tuyệt đối các bụi bẩn hay nguy hại từ côn trùng.&lt;/p&gt;', '&lt;ul&gt;\r\n	&lt;li&gt;Xuất xứ: Shine Muscat là giống nho xanh của Nhật được trồng tại Hàn Quốc&lt;/li&gt;\r\n	&lt;li&gt;Mùa vụ: Từ tháng 8 đến tháng 10 hàng năm&lt;/li&gt;\r\n&lt;/ul&gt;\r\n\r\n&lt;form action=&quot;https://organic-fruits.bestme.asia/gio-hang&quot; id=&quot;add-to-cart&quot; method=&quot;POST&quot;&gt; &lt;/form&gt;', '', '', '', '', '', ''),
(142, 2, 'Bột Đinh Hương', '&lt;p&gt;&lt;strong&gt;1. Giống và chủng loại&lt;/strong&gt;&lt;/p&gt;\r\n\r\n&lt;p&gt;Nho Hàn Shine Muscat là giống Nho của Nhật được trồng tại Hàn Quốc. Nho Hàn Shine Muscat là kết quả của sự lai tạo giữa hai giống nho Akitsu-21 và Hakunan, thực hiện bởi Viện Khoa học cây ăn quả quốc gia Nhật Bản từ những năm 1997. Đến năm 2003, nó được đặt tên thương mại chính thức là “Shine Muscat” và được trồng thương mại rộng rãi.&lt;/p&gt;\r\n\r\n&lt;p&gt;Nho Hàn Shine Muscat có size quả to, tròn, vỏ màu xanh hổ phách, có hương thơm đặc trưng và rất ngọt.&lt;/p&gt;\r\n\r\n&lt;p&gt;&lt;strong&gt;2. Xuất xứ và mùa vụ&lt;/strong&gt;&lt;/p&gt;\r\n\r\n&lt;ul&gt;\r\n	&lt;li&gt;Xuất xứ: Shine Muscat là giống nho xanh của Nhật được trồng tại Hàn Quốc&lt;/li&gt;\r\n	&lt;li&gt;Mùa vụ: Từ tháng 8 đến tháng 10 hàng năm&lt;/li&gt;\r\n&lt;/ul&gt;\r\n\r\n&lt;p&gt;&lt;strong&gt;3. Thông tin dinh dưỡng&lt;/strong&gt;&lt;/p&gt;\r\n\r\n&lt;p&gt;Nho Hàn Shine Muscat cung cấp nhiều chất chống oxi hóa rất tốt cho tim mạch, huyết áp cao. Chúng cũng rất tốt cho mắt, não và trí nhớ.&lt;/p&gt;\r\n\r\n&lt;p&gt;Vỏ nho rất tốt cho sức khỏe như: tăng cường sức đề kháng, chống lão hóa, có tác dụng thải độc tố... Hàm lượng resveratrol trong vỏ nho phong phú hơn trong thịt và hạt nho, đồng thời có tác dụng giảm máu nhiễm mỡ, chống tụ huyết, phòng chống xơ vữa động mạch và tăng cường hệ thống miễn dịch của cơ thể.&lt;/p&gt;\r\n\r\n&lt;p&gt;Việc ăn nho thường xuyên giúp cơ thể khỏe mạnh, giúp nhanh phục hồi đối với những người bị thiếu máu kinh niên, những bệnh nhân bị huyết áp cao, viêm phế quản, gout, viêm dạ dày và táo bón.&lt;/p&gt;\r\n\r\n&lt;p&gt;&lt;strong&gt;4. Lưu ý bảo quản và sử dụng&lt;/strong&gt;&lt;/p&gt;\r\n\r\n&lt;p&gt;-    Nho Hàn Shine Muscat  không tăng độ đường (ngọt) sau khi hái nên nho chỉ được thu hoạch khi chín. Lúc này nho rất nhạy cảm, dễ bị rụng nên cần nhẹ tay trong quá trình thu hái và bảo quản&lt;/p&gt;\r\n\r\n&lt;p&gt;-    Cách bảo quản nho tốt nhất: để nho chưa rửa vào trong tủ lạnh (ở nhiệt độ từ 0 - 4 độ C) để không làm đi lớp phấn phủ tự nhiên của quả nho. Chỉ nên rửa nho trước khi ăn tươi hoặc chế biến món ăn.&lt;/p&gt;\r\n\r\n&lt;p&gt;&lt;strong&gt;5. Cách trồng và chăm sóc&lt;/strong&gt;&lt;/p&gt;\r\n\r\n&lt;p&gt;Nho Hàn Shine Muscat được trồng trong nhà kính, mỗi chùm nho khi còn non còn được bọc trong một lớp giấy trắng đặc biệt để tránh tuyệt đối các bụi bẩn hay nguy hại từ côn trùng.&lt;/p&gt;', '&lt;ul&gt;\r\n	&lt;li&gt;Xuất xứ: Shine Muscat là giống nho xanh của Nhật được trồng tại Hàn Quốc&lt;/li&gt;\r\n	&lt;li&gt;Mùa vụ: Từ tháng 8 đến tháng 10 hàng năm&lt;/li&gt;\r\n&lt;/ul&gt;', '', '', '', '', '', ''),
(143, 2, 'Bột Bạch Khấu 100G', '&lt;p&gt;&lt;strong&gt;1. Giống và chủng loại&lt;/strong&gt;&lt;/p&gt;\r\n\r\n&lt;p&gt;Nho Hàn Shine Muscat là giống Nho của Nhật được trồng tại Hàn Quốc. Nho Hàn Shine Muscat là kết quả của sự lai tạo giữa hai giống nho Akitsu-21 và Hakunan, thực hiện bởi Viện Khoa học cây ăn quả quốc gia Nhật Bản từ những năm 1997. Đến năm 2003, nó được đặt tên thương mại chính thức là “Shine Muscat” và được trồng thương mại rộng rãi.&lt;/p&gt;\r\n\r\n&lt;p&gt;Nho Hàn Shine Muscat có size quả to, tròn, vỏ màu xanh hổ phách, có hương thơm đặc trưng và rất ngọt.&lt;/p&gt;\r\n\r\n&lt;p&gt;&lt;strong&gt;2. Xuất xứ và mùa vụ&lt;/strong&gt;&lt;/p&gt;\r\n\r\n&lt;ul&gt;\r\n	&lt;li&gt;Xuất xứ: Shine Muscat là giống nho xanh của Nhật được trồng tại Hàn Quốc&lt;/li&gt;\r\n	&lt;li&gt;Mùa vụ: Từ tháng 8 đến tháng 10 hàng năm&lt;/li&gt;\r\n&lt;/ul&gt;\r\n\r\n&lt;p&gt;&lt;strong&gt;3. Thông tin dinh dưỡng&lt;/strong&gt;&lt;/p&gt;\r\n\r\n&lt;p&gt;Nho Hàn Shine Muscat cung cấp nhiều chất chống oxi hóa rất tốt cho tim mạch, huyết áp cao. Chúng cũng rất tốt cho mắt, não và trí nhớ.&lt;/p&gt;\r\n\r\n&lt;p&gt;Vỏ nho rất tốt cho sức khỏe như: tăng cường sức đề kháng, chống lão hóa, có tác dụng thải độc tố... Hàm lượng resveratrol trong vỏ nho phong phú hơn trong thịt và hạt nho, đồng thời có tác dụng giảm máu nhiễm mỡ, chống tụ huyết, phòng chống xơ vữa động mạch và tăng cường hệ thống miễn dịch của cơ thể.&lt;/p&gt;\r\n\r\n&lt;p&gt;Việc ăn nho thường xuyên giúp cơ thể khỏe mạnh, giúp nhanh phục hồi đối với những người bị thiếu máu kinh niên, những bệnh nhân bị huyết áp cao, viêm phế quản, gout, viêm dạ dày và táo bón.&lt;/p&gt;\r\n\r\n&lt;p&gt;&lt;strong&gt;4. Lưu ý bảo quản và sử dụng&lt;/strong&gt;&lt;/p&gt;\r\n\r\n&lt;p&gt;-    Nho Hàn Shine Muscat  không tăng độ đường (ngọt) sau khi hái nên nho chỉ được thu hoạch khi chín. Lúc này nho rất nhạy cảm, dễ bị rụng nên cần nhẹ tay trong quá trình thu hái và bảo quản&lt;/p&gt;\r\n\r\n&lt;p&gt;-    Cách bảo quản nho tốt nhất: để nho chưa rửa vào trong tủ lạnh (ở nhiệt độ từ 0 - 4 độ C) để không làm đi lớp phấn phủ tự nhiên của quả nho. Chỉ nên rửa nho trước khi ăn tươi hoặc chế biến món ăn.&lt;/p&gt;\r\n\r\n&lt;p&gt;&lt;strong&gt;5. Cách trồng và chăm sóc&lt;/strong&gt;&lt;/p&gt;\r\n\r\n&lt;p&gt;Nho Hàn Shine Muscat được trồng trong nhà kính, mỗi chùm nho khi còn non còn được bọc trong một lớp giấy trắng đặc biệt để tránh tuyệt đối các bụi bẩn hay nguy hại từ côn trùng.&lt;/p&gt;', '&lt;ul&gt;\r\n	&lt;li&gt;Xuất xứ: Shine Muscat là giống nho xanh của Nhật được trồng tại Hàn Quốc&lt;/li&gt;\r\n	&lt;li&gt;Mùa vụ: Từ tháng 8 đến tháng 10 hàng năm&lt;/li&gt;\r\n&lt;/ul&gt;', '', '', '', '', '', ''),
(144, 2, 'Bột Ngũ Vị Hương', '&lt;p&gt; &lt;/p&gt;\r\n\r\n&lt;p&gt;&lt;strong&gt;1. Giống và chủng loại&lt;/strong&gt;&lt;/p&gt;\r\n\r\n&lt;p&gt;Nho Hàn Shine Muscat là giống Nho của Nhật được trồng tại Hàn Quốc. Nho Hàn Shine Muscat là kết quả của sự lai tạo giữa hai giống nho Akitsu-21 và Hakunan, thực hiện bởi Viện Khoa học cây ăn quả quốc gia Nhật Bản từ những năm 1997. Đến năm 2003, nó được đặt tên thương mại chính thức là “Shine Muscat” và được trồng thương mại rộng rãi.&lt;/p&gt;\r\n\r\n&lt;p&gt;Nho Hàn Shine Muscat có size quả to, tròn, vỏ màu xanh hổ phách, có hương thơm đặc trưng và rất ngọt.&lt;/p&gt;\r\n\r\n&lt;p&gt;&lt;strong&gt;2. Xuất xứ và mùa vụ&lt;/strong&gt;&lt;/p&gt;\r\n\r\n&lt;ul&gt;\r\n	&lt;li&gt;Xuất xứ: Shine Muscat là giống nho xanh của Nhật được trồng tại Hàn Quốc&lt;/li&gt;\r\n	&lt;li&gt;Mùa vụ: Từ tháng 8 đến tháng 10 hàng năm&lt;/li&gt;\r\n&lt;/ul&gt;\r\n\r\n&lt;p&gt;&lt;strong&gt;3. Thông tin dinh dưỡng&lt;/strong&gt;&lt;/p&gt;\r\n\r\n&lt;p&gt;Nho Hàn Shine Muscat cung cấp nhiều chất chống oxi hóa rất tốt cho tim mạch, huyết áp cao. Chúng cũng rất tốt cho mắt, não và trí nhớ.&lt;/p&gt;\r\n\r\n&lt;p&gt;Vỏ nho rất tốt cho sức khỏe như: tăng cường sức đề kháng, chống lão hóa, có tác dụng thải độc tố... Hàm lượng resveratrol trong vỏ nho phong phú hơn trong thịt và hạt nho, đồng thời có tác dụng giảm máu nhiễm mỡ, chống tụ huyết, phòng chống xơ vữa động mạch và tăng cường hệ thống miễn dịch của cơ thể.&lt;/p&gt;\r\n\r\n&lt;p&gt;Việc ăn nho thường xuyên giúp cơ thể khỏe mạnh, giúp nhanh phục hồi đối với những người bị thiếu máu kinh niên, những bệnh nhân bị huyết áp cao, viêm phế quản, gout, viêm dạ dày và táo bón.&lt;/p&gt;\r\n\r\n&lt;p&gt;&lt;strong&gt;4. Lưu ý bảo quản và sử dụng&lt;/strong&gt;&lt;/p&gt;\r\n\r\n&lt;p&gt;-    Nho Hàn Shine Muscat  không tăng độ đường (ngọt) sau khi hái nên nho chỉ được thu hoạch khi chín. Lúc này nho rất nhạy cảm, dễ bị rụng nên cần nhẹ tay trong quá trình thu hái và bảo quản&lt;/p&gt;\r\n\r\n&lt;p&gt;-    Cách bảo quản nho tốt nhất: để nho chưa rửa vào trong tủ lạnh (ở nhiệt độ từ 0 - 4 độ C) để không làm đi lớp phấn phủ tự nhiên của quả nho. Chỉ nên rửa nho trước khi ăn tươi hoặc chế biến món ăn.&lt;/p&gt;\r\n\r\n&lt;p&gt;&lt;strong&gt;5. Cách trồng và chăm sóc&lt;/strong&gt;&lt;/p&gt;\r\n\r\n&lt;p&gt;Nho Hàn Shine Muscat được trồng trong nhà kính, mỗi chùm nho khi còn non còn được bọc trong một lớp giấy trắng đặc biệt để tránh tuyệt đối các bụi bẩn hay nguy hại từ côn trùng.&lt;/p&gt;', '&lt;ul&gt;\r\n	&lt;li&gt;Xuất xứ: Shine Muscat là giống nho xanh của Nhật được trồng tại Hàn Quốc&lt;/li&gt;\r\n	&lt;li&gt;Mùa vụ: Từ tháng 8 đến tháng 10 hàng năm&lt;/li&gt;\r\n&lt;/ul&gt;', '', '', '', '', '', ''),
(145, 2, 'Bột Cà Ri', '&lt;p&gt;&lt;strong&gt;1. Giống và chủng loại&lt;/strong&gt;&lt;/p&gt;\r\n\r\n&lt;p&gt;Nho Hàn Shine Muscat là giống Nho của Nhật được trồng tại Hàn Quốc. Nho Hàn Shine Muscat là kết quả của sự lai tạo giữa hai giống nho Akitsu-21 và Hakunan, thực hiện bởi Viện Khoa học cây ăn quả quốc gia Nhật Bản từ những năm 1997. Đến năm 2003, nó được đặt tên thương mại chính thức là “Shine Muscat” và được trồng thương mại rộng rãi.&lt;/p&gt;\r\n\r\n&lt;p&gt;Nho Hàn Shine Muscat có size quả to, tròn, vỏ màu xanh hổ phách, có hương thơm đặc trưng và rất ngọt.&lt;/p&gt;\r\n\r\n&lt;p&gt;&lt;strong&gt;2. Xuất xứ và mùa vụ&lt;/strong&gt;&lt;/p&gt;\r\n\r\n&lt;ul&gt;\r\n	&lt;li&gt;Xuất xứ: Shine Muscat là giống nho xanh của Nhật được trồng tại Hàn Quốc&lt;/li&gt;\r\n	&lt;li&gt;Mùa vụ: Từ tháng 8 đến tháng 10 hàng năm&lt;/li&gt;\r\n&lt;/ul&gt;\r\n\r\n&lt;p&gt;&lt;strong&gt;3. Thông tin dinh dưỡng&lt;/strong&gt;&lt;/p&gt;\r\n\r\n&lt;p&gt;Nho Hàn Shine Muscat cung cấp nhiều chất chống oxi hóa rất tốt cho tim mạch, huyết áp cao. Chúng cũng rất tốt cho mắt, não và trí nhớ.&lt;/p&gt;\r\n\r\n&lt;p&gt;Vỏ nho rất tốt cho sức khỏe như: tăng cường sức đề kháng, chống lão hóa, có tác dụng thải độc tố... Hàm lượng resveratrol trong vỏ nho phong phú hơn trong thịt và hạt nho, đồng thời có tác dụng giảm máu nhiễm mỡ, chống tụ huyết, phòng chống xơ vữa động mạch và tăng cường hệ thống miễn dịch của cơ thể.&lt;/p&gt;\r\n\r\n&lt;p&gt;Việc ăn nho thường xuyên giúp cơ thể khỏe mạnh, giúp nhanh phục hồi đối với những người bị thiếu máu kinh niên, những bệnh nhân bị huyết áp cao, viêm phế quản, gout, viêm dạ dày và táo bón.&lt;/p&gt;\r\n\r\n&lt;p&gt;&lt;strong&gt;4. Lưu ý bảo quản và sử dụng&lt;/strong&gt;&lt;/p&gt;\r\n\r\n&lt;p&gt;-    Nho Hàn Shine Muscat  không tăng độ đường (ngọt) sau khi hái nên nho chỉ được thu hoạch khi chín. Lúc này nho rất nhạy cảm, dễ bị rụng nên cần nhẹ tay trong quá trình thu hái và bảo quản&lt;/p&gt;\r\n\r\n&lt;p&gt;-    Cách bảo quản nho tốt nhất: để nho chưa rửa vào trong tủ lạnh (ở nhiệt độ từ 0 - 4 độ C) để không làm đi lớp phấn phủ tự nhiên của quả nho. Chỉ nên rửa nho trước khi ăn tươi hoặc chế biến món ăn.&lt;/p&gt;\r\n\r\n&lt;p&gt;&lt;strong&gt;5. Cách trồng và chăm sóc&lt;/strong&gt;&lt;/p&gt;\r\n\r\n&lt;p&gt;Nho Hàn Shine Muscat được trồng trong nhà kính, mỗi chùm nho khi còn non còn được bọc trong một lớp giấy trắng đặc biệt để tránh tuyệt đối các bụi bẩn hay nguy hại từ côn trùng.&lt;/p&gt;', '&lt;ul&gt;\r\n	&lt;li&gt;Xuất xứ: Shine Muscat là giống nho xanh của Nhật được trồng tại Hàn Quốc&lt;/li&gt;\r\n	&lt;li&gt;Mùa vụ: Từ tháng 8 đến tháng 10 hàng năm&lt;/li&gt;\r\n&lt;/ul&gt;', '', '', '', '', '', ''),
(146, 2, 'Bột Gia Vị Phở', '&lt;p&gt;&lt;strong&gt;1. Giống và chủng loại&lt;/strong&gt;&lt;/p&gt;\r\n\r\n&lt;p&gt;Nho Hàn Shine Muscat là giống Nho của Nhật được trồng tại Hàn Quốc. Nho Hàn Shine Muscat là kết quả của sự lai tạo giữa hai giống nho Akitsu-21 và Hakunan, thực hiện bởi Viện Khoa học cây ăn quả quốc gia Nhật Bản từ những năm 1997. Đến năm 2003, nó được đặt tên thương mại chính thức là “Shine Muscat” và được trồng thương mại rộng rãi.&lt;/p&gt;\r\n\r\n&lt;p&gt;Nho Hàn Shine Muscat có size quả to, tròn, vỏ màu xanh hổ phách, có hương thơm đặc trưng và rất ngọt.&lt;/p&gt;\r\n\r\n&lt;p&gt;&lt;strong&gt;2. Xuất xứ và mùa vụ&lt;/strong&gt;&lt;/p&gt;\r\n\r\n&lt;ul&gt;\r\n	&lt;li&gt;Xuất xứ: Shine Muscat là giống nho xanh của Nhật được trồng tại Hàn Quốc&lt;/li&gt;\r\n	&lt;li&gt;Mùa vụ: Từ tháng 8 đến tháng 10 hàng năm&lt;/li&gt;\r\n&lt;/ul&gt;\r\n\r\n&lt;p&gt;&lt;strong&gt;3. Thông tin dinh dưỡng&lt;/strong&gt;&lt;/p&gt;\r\n\r\n&lt;p&gt;Nho Hàn Shine Muscat cung cấp nhiều chất chống oxi hóa rất tốt cho tim mạch, huyết áp cao. Chúng cũng rất tốt cho mắt, não và trí nhớ.&lt;/p&gt;\r\n\r\n&lt;p&gt;Vỏ nho rất tốt cho sức khỏe như: tăng cường sức đề kháng, chống lão hóa, có tác dụng thải độc tố... Hàm lượng resveratrol trong vỏ nho phong phú hơn trong thịt và hạt nho, đồng thời có tác dụng giảm máu nhiễm mỡ, chống tụ huyết, phòng chống xơ vữa động mạch và tăng cường hệ thống miễn dịch của cơ thể.&lt;/p&gt;\r\n\r\n&lt;p&gt;Việc ăn nho thường xuyên giúp cơ thể khỏe mạnh, giúp nhanh phục hồi đối với những người bị thiếu máu kinh niên, những bệnh nhân bị huyết áp cao, viêm phế quản, gout, viêm dạ dày và táo bón.&lt;/p&gt;\r\n\r\n&lt;p&gt;&lt;strong&gt;4. Lưu ý bảo quản và sử dụng&lt;/strong&gt;&lt;/p&gt;\r\n\r\n&lt;p&gt;-    Nho Hàn Shine Muscat  không tăng độ đường (ngọt) sau khi hái nên nho chỉ được thu hoạch khi chín. Lúc này nho rất nhạy cảm, dễ bị rụng nên cần nhẹ tay trong quá trình thu hái và bảo quản&lt;/p&gt;\r\n\r\n&lt;p&gt;-    Cách bảo quản nho tốt nhất: để nho chưa rửa vào trong tủ lạnh (ở nhiệt độ từ 0 - 4 độ C) để không làm đi lớp phấn phủ tự nhiên của quả nho. Chỉ nên rửa nho trước khi ăn tươi hoặc chế biến món ăn.&lt;/p&gt;\r\n\r\n&lt;p&gt;&lt;strong&gt;5. Cách trồng và chăm sóc&lt;/strong&gt;&lt;/p&gt;\r\n\r\n&lt;p&gt;Nho Hàn Shine Muscat được trồng trong nhà kính, mỗi chùm nho khi còn non còn được bọc trong một lớp giấy trắng đặc biệt để tránh tuyệt đối các bụi bẩn hay nguy hại từ côn trùng.&lt;/p&gt;', '&lt;ul&gt;\r\n	&lt;li&gt;Xuất xứ: Shine Muscat là giống nho xanh của Nhật được trồng tại Hàn Quốc&lt;/li&gt;\r\n	&lt;li&gt;Mùa vụ: Từ tháng 8 đến tháng 10 hàng năm&lt;/li&gt;\r\n&lt;/ul&gt;', '', '', '', '', '', ''),
(147, 2, 'Pho Mai Edam 100G', '&lt;p&gt;&lt;strong&gt;1. Giống và chủng loại&lt;/strong&gt;&lt;/p&gt;\r\n\r\n&lt;p&gt;Nho Hàn Shine Muscat là giống Nho của Nhật được trồng tại Hàn Quốc. Nho Hàn Shine Muscat là kết quả của sự lai tạo giữa hai giống nho Akitsu-21 và Hakunan, thực hiện bởi Viện Khoa học cây ăn quả quốc gia Nhật Bản từ những năm 1997. Đến năm 2003, nó được đặt tên thương mại chính thức là “Shine Muscat” và được trồng thương mại rộng rãi.&lt;/p&gt;\r\n\r\n&lt;p&gt;Nho Hàn Shine Muscat có size quả to, tròn, vỏ màu xanh hổ phách, có hương thơm đặc trưng và rất ngọt.&lt;/p&gt;\r\n\r\n&lt;p&gt;&lt;strong&gt;2. Xuất xứ và mùa vụ&lt;/strong&gt;&lt;/p&gt;\r\n\r\n&lt;ul&gt;\r\n	&lt;li&gt;Xuất xứ: Shine Muscat là giống nho xanh của Nhật được trồng tại Hàn Quốc&lt;/li&gt;\r\n	&lt;li&gt;Mùa vụ: Từ tháng 8 đến tháng 10 hàng năm&lt;/li&gt;\r\n&lt;/ul&gt;\r\n\r\n&lt;p&gt;&lt;strong&gt;3. Thông tin dinh dưỡng&lt;/strong&gt;&lt;/p&gt;\r\n\r\n&lt;p&gt;Nho Hàn Shine Muscat cung cấp nhiều chất chống oxi hóa rất tốt cho tim mạch, huyết áp cao. Chúng cũng rất tốt cho mắt, não và trí nhớ.&lt;/p&gt;\r\n\r\n&lt;p&gt;Vỏ nho rất tốt cho sức khỏe như: tăng cường sức đề kháng, chống lão hóa, có tác dụng thải độc tố... Hàm lượng resveratrol trong vỏ nho phong phú hơn trong thịt và hạt nho, đồng thời có tác dụng giảm máu nhiễm mỡ, chống tụ huyết, phòng chống xơ vữa động mạch và tăng cường hệ thống miễn dịch của cơ thể.&lt;/p&gt;\r\n\r\n&lt;p&gt;Việc ăn nho thường xuyên giúp cơ thể khỏe mạnh, giúp nhanh phục hồi đối với những người bị thiếu máu kinh niên, những bệnh nhân bị huyết áp cao, viêm phế quản, gout, viêm dạ dày và táo bón.&lt;/p&gt;\r\n\r\n&lt;p&gt;&lt;strong&gt;4. Lưu ý bảo quản và sử dụng&lt;/strong&gt;&lt;/p&gt;\r\n\r\n&lt;p&gt;-    Nho Hàn Shine Muscat  không tăng độ đường (ngọt) sau khi hái nên nho chỉ được thu hoạch khi chín. Lúc này nho rất nhạy cảm, dễ bị rụng nên cần nhẹ tay trong quá trình thu hái và bảo quản&lt;/p&gt;\r\n\r\n&lt;p&gt;-    Cách bảo quản nho tốt nhất: để nho chưa rửa vào trong tủ lạnh (ở nhiệt độ từ 0 - 4 độ C) để không làm đi lớp phấn phủ tự nhiên của quả nho. Chỉ nên rửa nho trước khi ăn tươi hoặc chế biến món ăn.&lt;/p&gt;\r\n\r\n&lt;p&gt;&lt;strong&gt;5. Cách trồng và chăm sóc&lt;/strong&gt;&lt;/p&gt;\r\n\r\n&lt;p&gt;Nho Hàn Shine Muscat được trồng trong nhà kính, mỗi chùm nho khi còn non còn được bọc trong một lớp giấy trắng đặc biệt để tránh tuyệt đối các bụi bẩn hay nguy hại từ côn trùng.&lt;/p&gt;', '&lt;ul&gt;\r\n	&lt;li&gt;Xuất xứ: Shine Muscat là giống nho xanh của Nhật được trồng tại Hàn Quốc&lt;/li&gt;\r\n	&lt;li&gt;Mùa vụ: Từ tháng 8 đến tháng 10 hàng năm&lt;/li&gt;\r\n&lt;/ul&gt;', '', '', '', '', '', ''),
(148, 2, 'Pho Mai Xanh 100G', '&lt;p&gt;&lt;strong&gt;1. Giống và chủng loại&lt;/strong&gt;&lt;/p&gt;\r\n\r\n&lt;p&gt;Nho Hàn Shine Muscat là giống Nho của Nhật được trồng tại Hàn Quốc. Nho Hàn Shine Muscat là kết quả của sự lai tạo giữa hai giống nho Akitsu-21 và Hakunan, thực hiện bởi Viện Khoa học cây ăn quả quốc gia Nhật Bản từ những năm 1997. Đến năm 2003, nó được đặt tên thương mại chính thức là “Shine Muscat” và được trồng thương mại rộng rãi.&lt;/p&gt;\r\n\r\n&lt;p&gt;Nho Hàn Shine Muscat có size quả to, tròn, vỏ màu xanh hổ phách, có hương thơm đặc trưng và rất ngọt.&lt;/p&gt;\r\n\r\n&lt;p&gt;&lt;strong&gt;2. Xuất xứ và mùa vụ&lt;/strong&gt;&lt;/p&gt;\r\n\r\n&lt;ul&gt;\r\n	&lt;li&gt;Xuất xứ: Shine Muscat là giống nho xanh của Nhật được trồng tại Hàn Quốc&lt;/li&gt;\r\n	&lt;li&gt;Mùa vụ: Từ tháng 8 đến tháng 10 hàng năm&lt;/li&gt;\r\n&lt;/ul&gt;\r\n\r\n&lt;p&gt;&lt;strong&gt;3. Thông tin dinh dưỡng&lt;/strong&gt;&lt;/p&gt;\r\n\r\n&lt;p&gt;Nho Hàn Shine Muscat cung cấp nhiều chất chống oxi hóa rất tốt cho tim mạch, huyết áp cao. Chúng cũng rất tốt cho mắt, não và trí nhớ.&lt;/p&gt;\r\n\r\n&lt;p&gt;Vỏ nho rất tốt cho sức khỏe như: tăng cường sức đề kháng, chống lão hóa, có tác dụng thải độc tố... Hàm lượng resveratrol trong vỏ nho phong phú hơn trong thịt và hạt nho, đồng thời có tác dụng giảm máu nhiễm mỡ, chống tụ huyết, phòng chống xơ vữa động mạch và tăng cường hệ thống miễn dịch của cơ thể.&lt;/p&gt;\r\n\r\n&lt;p&gt;Việc ăn nho thường xuyên giúp cơ thể khỏe mạnh, giúp nhanh phục hồi đối với những người bị thiếu máu kinh niên, những bệnh nhân bị huyết áp cao, viêm phế quản, gout, viêm dạ dày và táo bón.&lt;/p&gt;\r\n\r\n&lt;p&gt;&lt;strong&gt;4. Lưu ý bảo quản và sử dụng&lt;/strong&gt;&lt;/p&gt;\r\n\r\n&lt;p&gt;-    Nho Hàn Shine Muscat  không tăng độ đường (ngọt) sau khi hái nên nho chỉ được thu hoạch khi chín. Lúc này nho rất nhạy cảm, dễ bị rụng nên cần nhẹ tay trong quá trình thu hái và bảo quản&lt;/p&gt;\r\n\r\n&lt;p&gt;-    Cách bảo quản nho tốt nhất: để nho chưa rửa vào trong tủ lạnh (ở nhiệt độ từ 0 - 4 độ C) để không làm đi lớp phấn phủ tự nhiên của quả nho. Chỉ nên rửa nho trước khi ăn tươi hoặc chế biến món ăn.&lt;/p&gt;\r\n\r\n&lt;p&gt;&lt;strong&gt;5. Cách trồng và chăm sóc&lt;/strong&gt;&lt;/p&gt;\r\n\r\n&lt;p&gt;Nho Hàn Shine Muscat được trồng trong nhà kính, mỗi chùm nho khi còn non còn được bọc trong một lớp giấy trắng đặc biệt để tránh tuyệt đối các bụi bẩn hay nguy hại từ côn trùng.&lt;/p&gt;', '&lt;ul&gt;\r\n	&lt;li&gt;Xuất xứ: Shine Muscat là giống nho xanh của Nhật được trồng tại Hàn Quốc&lt;/li&gt;\r\n	&lt;li&gt;Mùa vụ: Từ tháng 8 đến tháng 10 hàng năm&lt;/li&gt;\r\n&lt;/ul&gt;', '', '', '', '', '', ''),
(149, 2, 'Phô Mai Tan 100G', '&lt;p&gt;&lt;strong&gt;1. Giống và chủng loại&lt;/strong&gt;&lt;/p&gt;\r\n\r\n&lt;p&gt;Nho Hàn Shine Muscat là giống Nho của Nhật được trồng tại Hàn Quốc. Nho Hàn Shine Muscat là kết quả của sự lai tạo giữa hai giống nho Akitsu-21 và Hakunan, thực hiện bởi Viện Khoa học cây ăn quả quốc gia Nhật Bản từ những năm 1997. Đến năm 2003, nó được đặt tên thương mại chính thức là “Shine Muscat” và được trồng thương mại rộng rãi.&lt;/p&gt;\r\n\r\n&lt;p&gt;Nho Hàn Shine Muscat có size quả to, tròn, vỏ màu xanh hổ phách, có hương thơm đặc trưng và rất ngọt.&lt;/p&gt;\r\n\r\n&lt;p&gt;&lt;strong&gt;2. Xuất xứ và mùa vụ&lt;/strong&gt;&lt;/p&gt;\r\n\r\n&lt;ul&gt;\r\n	&lt;li&gt;Xuất xứ: Shine Muscat là giống nho xanh của Nhật được trồng tại Hàn Quốc&lt;/li&gt;\r\n	&lt;li&gt;Mùa vụ: Từ tháng 8 đến tháng 10 hàng năm&lt;/li&gt;\r\n&lt;/ul&gt;\r\n\r\n&lt;p&gt;&lt;strong&gt;3. Thông tin dinh dưỡng&lt;/strong&gt;&lt;/p&gt;\r\n\r\n&lt;p&gt;Nho Hàn Shine Muscat cung cấp nhiều chất chống oxi hóa rất tốt cho tim mạch, huyết áp cao. Chúng cũng rất tốt cho mắt, não và trí nhớ.&lt;/p&gt;\r\n\r\n&lt;p&gt;Vỏ nho rất tốt cho sức khỏe như: tăng cường sức đề kháng, chống lão hóa, có tác dụng thải độc tố... Hàm lượng resveratrol trong vỏ nho phong phú hơn trong thịt và hạt nho, đồng thời có tác dụng giảm máu nhiễm mỡ, chống tụ huyết, phòng chống xơ vữa động mạch và tăng cường hệ thống miễn dịch của cơ thể.&lt;/p&gt;\r\n\r\n&lt;p&gt;Việc ăn nho thường xuyên giúp cơ thể khỏe mạnh, giúp nhanh phục hồi đối với những người bị thiếu máu kinh niên, những bệnh nhân bị huyết áp cao, viêm phế quản, gout, viêm dạ dày và táo bón.&lt;/p&gt;\r\n\r\n&lt;p&gt;&lt;strong&gt;4. Lưu ý bảo quản và sử dụng&lt;/strong&gt;&lt;/p&gt;\r\n\r\n&lt;p&gt;-    Nho Hàn Shine Muscat  không tăng độ đường (ngọt) sau khi hái nên nho chỉ được thu hoạch khi chín. Lúc này nho rất nhạy cảm, dễ bị rụng nên cần nhẹ tay trong quá trình thu hái và bảo quản&lt;/p&gt;\r\n\r\n&lt;p&gt;-    Cách bảo quản nho tốt nhất: để nho chưa rửa vào trong tủ lạnh (ở nhiệt độ từ 0 - 4 độ C) để không làm đi lớp phấn phủ tự nhiên của quả nho. Chỉ nên rửa nho trước khi ăn tươi hoặc chế biến món ăn.&lt;/p&gt;\r\n\r\n&lt;p&gt;&lt;strong&gt;5. Cách trồng và chăm sóc&lt;/strong&gt;&lt;/p&gt;\r\n\r\n&lt;p&gt;Nho Hàn Shine Muscat được trồng trong nhà kính, mỗi chùm nho khi còn non còn được bọc trong một lớp giấy trắng đặc biệt để tránh tuyệt đối các bụi bẩn hay nguy hại từ côn trùng.&lt;/p&gt;', '&lt;ul&gt;\r\n	&lt;li&gt;Xuất xứ: Shine Muscat là giống nho xanh của Nhật được trồng tại Hàn Quốc&lt;/li&gt;\r\n	&lt;li&gt;Mùa vụ: Từ tháng 8 đến tháng 10 hàng năm&lt;/li&gt;\r\n&lt;/ul&gt;', '', '', '', '', '', ''),
(150, 2, 'Pho Mai Arm', '&lt;p&gt;&lt;strong&gt;1. Giống và chủng loại&lt;/strong&gt;&lt;/p&gt;\r\n\r\n&lt;p&gt;Nho Hàn Shine Muscat là giống Nho của Nhật được trồng tại Hàn Quốc. Nho Hàn Shine Muscat là kết quả của sự lai tạo giữa hai giống nho Akitsu-21 và Hakunan, thực hiện bởi Viện Khoa học cây ăn quả quốc gia Nhật Bản từ những năm 1997. Đến năm 2003, nó được đặt tên thương mại chính thức là “Shine Muscat” và được trồng thương mại rộng rãi.&lt;/p&gt;\r\n\r\n&lt;p&gt;Nho Hàn Shine Muscat có size quả to, tròn, vỏ màu xanh hổ phách, có hương thơm đặc trưng và rất ngọt.&lt;/p&gt;\r\n\r\n&lt;p&gt;&lt;strong&gt;2. Xuất xứ và mùa vụ&lt;/strong&gt;&lt;/p&gt;\r\n\r\n&lt;ul&gt;\r\n	&lt;li&gt;Xuất xứ: Shine Muscat là giống nho xanh của Nhật được trồng tại Hàn Quốc&lt;/li&gt;\r\n	&lt;li&gt;Mùa vụ: Từ tháng 8 đến tháng 10 hàng năm&lt;/li&gt;\r\n&lt;/ul&gt;\r\n\r\n&lt;p&gt;&lt;strong&gt;3. Thông tin dinh dưỡng&lt;/strong&gt;&lt;/p&gt;\r\n\r\n&lt;p&gt;Nho Hàn Shine Muscat cung cấp nhiều chất chống oxi hóa rất tốt cho tim mạch, huyết áp cao. Chúng cũng rất tốt cho mắt, não và trí nhớ.&lt;/p&gt;\r\n\r\n&lt;p&gt;Vỏ nho rất tốt cho sức khỏe như: tăng cường sức đề kháng, chống lão hóa, có tác dụng thải độc tố... Hàm lượng resveratrol trong vỏ nho phong phú hơn trong thịt và hạt nho, đồng thời có tác dụng giảm máu nhiễm mỡ, chống tụ huyết, phòng chống xơ vữa động mạch và tăng cường hệ thống miễn dịch của cơ thể.&lt;/p&gt;\r\n\r\n&lt;p&gt;Việc ăn nho thường xuyên giúp cơ thể khỏe mạnh, giúp nhanh phục hồi đối với những người bị thiếu máu kinh niên, những bệnh nhân bị huyết áp cao, viêm phế quản, gout, viêm dạ dày và táo bón.&lt;/p&gt;\r\n\r\n&lt;p&gt;&lt;strong&gt;4. Lưu ý bảo quản và sử dụng&lt;/strong&gt;&lt;/p&gt;\r\n\r\n&lt;p&gt;-    Nho Hàn Shine Muscat  không tăng độ đường (ngọt) sau khi hái nên nho chỉ được thu hoạch khi chín. Lúc này nho rất nhạy cảm, dễ bị rụng nên cần nhẹ tay trong quá trình thu hái và bảo quản&lt;/p&gt;\r\n\r\n&lt;p&gt;-    Cách bảo quản nho tốt nhất: để nho chưa rửa vào trong tủ lạnh (ở nhiệt độ từ 0 - 4 độ C) để không làm đi lớp phấn phủ tự nhiên của quả nho. Chỉ nên rửa nho trước khi ăn tươi hoặc chế biến món ăn.&lt;/p&gt;\r\n\r\n&lt;p&gt;&lt;strong&gt;5. Cách trồng và chăm sóc&lt;/strong&gt;&lt;/p&gt;\r\n\r\n&lt;p&gt;Nho Hàn Shine Muscat được trồng trong nhà kính, mỗi chùm nho khi còn non còn được bọc trong một lớp giấy trắng đặc biệt để tránh tuyệt đối các bụi bẩn hay nguy hại từ côn trùng.&lt;/p&gt;', '&lt;ul&gt;\r\n	&lt;li&gt;Xuất xứ: Shine Muscat là giống nho xanh của Nhật được trồng tại Hàn Quốc&lt;/li&gt;\r\n	&lt;li&gt;Mùa vụ: Từ tháng 8 đến tháng 10 hàng năm&lt;/li&gt;\r\n&lt;/ul&gt;', '', '', '', '', '', ''),
(151, 2, 'Pho Mai Gouda', '&lt;p&gt;&lt;strong&gt;1. Giống và chủng loại&lt;/strong&gt;&lt;/p&gt;\r\n\r\n&lt;p&gt;Nho Hàn Shine Muscat là giống Nho của Nhật được trồng tại Hàn Quốc. Nho Hàn Shine Muscat là kết quả của sự lai tạo giữa hai giống nho Akitsu-21 và Hakunan, thực hiện bởi Viện Khoa học cây ăn quả quốc gia Nhật Bản từ những năm 1997. Đến năm 2003, nó được đặt tên thương mại chính thức là “Shine Muscat” và được trồng thương mại rộng rãi.&lt;/p&gt;\r\n\r\n&lt;p&gt;Nho Hàn Shine Muscat có size quả to, tròn, vỏ màu xanh hổ phách, có hương thơm đặc trưng và rất ngọt.&lt;/p&gt;\r\n\r\n&lt;p&gt;&lt;strong&gt;2. Xuất xứ và mùa vụ&lt;/strong&gt;&lt;/p&gt;\r\n\r\n&lt;ul&gt;\r\n	&lt;li&gt;Xuất xứ: Shine Muscat là giống nho xanh của Nhật được trồng tại Hàn Quốc&lt;/li&gt;\r\n	&lt;li&gt;Mùa vụ: Từ tháng 8 đến tháng 10 hàng năm&lt;/li&gt;\r\n&lt;/ul&gt;\r\n\r\n&lt;p&gt;&lt;strong&gt;3. Thông tin dinh dưỡng&lt;/strong&gt;&lt;/p&gt;\r\n\r\n&lt;p&gt;Nho Hàn Shine Muscat cung cấp nhiều chất chống oxi hóa rất tốt cho tim mạch, huyết áp cao. Chúng cũng rất tốt cho mắt, não và trí nhớ.&lt;/p&gt;\r\n\r\n&lt;p&gt;Vỏ nho rất tốt cho sức khỏe như: tăng cường sức đề kháng, chống lão hóa, có tác dụng thải độc tố... Hàm lượng resveratrol trong vỏ nho phong phú hơn trong thịt và hạt nho, đồng thời có tác dụng giảm máu nhiễm mỡ, chống tụ huyết, phòng chống xơ vữa động mạch và tăng cường hệ thống miễn dịch của cơ thể.&lt;/p&gt;\r\n\r\n&lt;p&gt;Việc ăn nho thường xuyên giúp cơ thể khỏe mạnh, giúp nhanh phục hồi đối với những người bị thiếu máu kinh niên, những bệnh nhân bị huyết áp cao, viêm phế quản, gout, viêm dạ dày và táo bón.&lt;/p&gt;\r\n\r\n&lt;p&gt;&lt;strong&gt;4. Lưu ý bảo quản và sử dụng&lt;/strong&gt;&lt;/p&gt;\r\n\r\n&lt;p&gt;-    Nho Hàn Shine Muscat  không tăng độ đường (ngọt) sau khi hái nên nho chỉ được thu hoạch khi chín. Lúc này nho rất nhạy cảm, dễ bị rụng nên cần nhẹ tay trong quá trình thu hái và bảo quản&lt;/p&gt;\r\n\r\n&lt;p&gt;-    Cách bảo quản nho tốt nhất: để nho chưa rửa vào trong tủ lạnh (ở nhiệt độ từ 0 - 4 độ C) để không làm đi lớp phấn phủ tự nhiên của quả nho. Chỉ nên rửa nho trước khi ăn tươi hoặc chế biến món ăn.&lt;/p&gt;\r\n\r\n&lt;p&gt;&lt;strong&gt;5. Cách trồng và chăm sóc&lt;/strong&gt;&lt;/p&gt;\r\n\r\n&lt;p&gt;Nho Hàn Shine Muscat được trồng trong nhà kính, mỗi chùm nho khi còn non còn được bọc trong một lớp giấy trắng đặc biệt để tránh tuyệt đối các bụi bẩn hay nguy hại từ côn trùng.&lt;/p&gt;', '&lt;ul&gt;\r\n	&lt;li&gt;Xuất xứ: Shine Muscat là giống nho xanh của Nhật được trồng tại Hàn Quốc&lt;/li&gt;\r\n	&lt;li&gt;Mùa vụ: Từ tháng 8 đến tháng 10 hàng năm&lt;/li&gt;\r\n&lt;/ul&gt;', '', '', '', '', '', '');
-- oc_product_image PRIMARY KEY (`product_image_id`)
-- nothing

-- oc_product_to_category PRIMARY KEY (`product_id`,`category_id`)
INSERT IGNORE INTO `oc_product_to_category` (`product_id`, `category_id`) VALUES
(132, 34),
(133, 35),
(134, 32),
(135, 57),
(136, 57),
(137, 54),
(138, 55),
(139, 50),
(140, 51),
(141, 53),
(142, 57),
(143, 57),
(144, 57),
(145, 57),
(146, 57),
(147, 70),
(148, 70),
(149, 70),
(150, 70),
(151, 70);

-- oc_product_to_store PRIMARY KEY (`product_id`,`store_id`)
INSERT IGNORE INTO `oc_product_to_store` (`product_id`, `store_id`, `product_version_id`, `quantity`, `cost_price`) VALUES
(151, 0, 0, 30, '0.0000'),
(150, 0, 0, 30, '0.0000'),
(149, 0, 0, 30, '0.0000'),
(148, 0, 0, 30, '0.0000'),
(147, 0, 0, 30, '0.0000'),
(146, 0, 0, 30, '0.0000'),
(145, 0, 0, 30, '0.0000'),
(144, 0, 0, 30, '0.0000'),
(143, 0, 0, 30, '0.0000'),
(142, 0, 0, 30, '0.0000'),
(141, 0, 0, 30, '0.0000'),
(140, 0, 0, 30, '0.0000'),
(139, 0, 0, 30, '0.0000'),
(138, 0, 0, 30, '0.0000'),
(137, 0, 0, 30, '0.0000'),
(136, 0, 0, 30, '0.0000'),
(135, 0, 0, 30, '0.0000'),
(134, 0, 0, 30, '0.0000'),
(133, 0, 0, 30, '0.0000'),
(132, 0, 0, 30, '0.0000');