-- oc_product PRIMARY KEY (`product_id`)
-- delete first
INSERT IGNORE INTO `oc_product` (`product_id`, `model`, `sku`, `common_barcode`, `common_sku`, `common_compare_price`, `common_price`, `common_cost_price`, `barcode`, `upc`, `ean`, `jan`, `isbn`, `mpn`, `location`, `quantity`, `sale_on_out_of_stock`, `stock_status_id`, `image`, `image_alt`, `multi_versions`, `manufacturer_id`, `shipping`, `price`, `price_currency_id`, `compare_price`, `c_price_currency_id`, `points`, `tax_class_id`, `date_available`, `weight`, `weight_class_id`, `length`, `width`, `height`, `length_class_id`, `subtract`, `minimum`, `sort_order`, `status`, `channel`, `viewed`, `demo`, `deleted`, `default_store_id`, `user_create_id`, `date_added`, `date_modified`) VALUES
(230, '', '', '', '', '0.0000', '0.0000', '0.0000', '', '', '', '', '', '', '', 0, 0, 0, 'https://2.pik.vn/20207ec4e117-f8a6-4c68-80e5-f1a2069d0def.png', '', 0, 26, 1, '0.0000', 1, '8250000.0000', 1, 0, 0, '0000-00-00', '100.00000000', 1, '0.00000000', '0.00000000', '0.00000000', 0, 1, 1, 0, 1, 2, 0, 1, NULL, 0, 1, '2020-08-27 14:09:02', '2020-08-27 14:09:02'),
(231, '', '', '', '', '0.0000', '0.0000', '0.0000', '', '', '', '', '', '', '', 0, 0, 0, 'https://2.pik.vn/2020231936d7-4829-4259-a433-3e4aefead66f.png', '', 0, 26, 1, '0.0000', 1, '7865000.0000', 1, 0, 0, '0000-00-00', '100.00000000', 1, '0.00000000', '0.00000000', '0.00000000', 0, 1, 1, 0, 1, 2, 0, 1, NULL, 0, 1, '2020-08-27 14:09:02', '2020-08-27 14:09:03'),
(232, '', '', '', '', '0.0000', '0.0000', '0.0000', '', '', '', '', '', '', '', 0, 0, 0, 'https://2.pik.vn/20209482d3cf-73d8-4455-9559-1d6b4fba74b8.png', '', 0, 26, 1, '0.0000', 1, '5000000.0000', 1, 0, 0, '0000-00-00', '100.00000000', 1, '0.00000000', '0.00000000', '0.00000000', 0, 1, 1, 0, 1, 2, 0, 1, NULL, 0, 1, '2020-08-27 14:09:02', '2020-08-27 14:09:03'),
(233, '', '', '', '', '0.0000', '0.0000', '0.0000', '', '', '', '', '', '', '', 0, 0, 0, 'https://2.pik.vn/20206e52b527-00e4-4680-9b42-3334e635abfc.png', '', 0, 26, 1, '0.0000', 1, '5600000.0000', 1, 0, 0, '0000-00-00', '100.00000000', 1, '0.00000000', '0.00000000', '0.00000000', 0, 1, 1, 0, 1, 2, 0, 1, NULL, 0, 1, '2020-08-27 14:09:02', '2020-08-27 14:09:03'),
(234, '', '', '', '', '0.0000', '0.0000', '0.0000', '', '', '', '', '', '', '', 0, 0, 0, 'https://2.pik.vn/2020107105c5-c846-4b00-a7eb-d1ab95c65899.png', '', 0, 26, 1, '0.0000', 1, '8965000.0000', 1, 0, 0, '0000-00-00', '100.00000000', 1, '0.00000000', '0.00000000', '0.00000000', 0, 1, 1, 0, 1, 2, 0, 1, NULL, 0, 1, '2020-08-27 14:09:02', '2020-08-27 14:09:03'),
(235, '', '', '', '', '0.0000', '0.0000', '0.0000', '', '', '', '', '', '', '', 0, 0, 0, 'https://2.pik.vn/202092f95b1c-d20e-4cd3-aa24-4a46672041e6.png', '', 0, 26, 1, '0.0000', 1, '7500000.0000', 1, 0, 0, '0000-00-00', '100.00000000', 1, '0.00000000', '0.00000000', '0.00000000', 0, 1, 1, 0, 1, 2, 0, 1, NULL, 0, 1, '2020-08-27 14:09:03', '2020-08-27 14:09:03'),
(236, '', '', '', '', '0.0000', '0.0000', '0.0000', '', '', '', '', '', '', '', 0, 0, 0, 'https://2.pik.vn/202078b32231-63ae-46f6-bb4a-bf59229fcc6c.png', '', 0, 26, 1, '0.0000', 1, '658000.0000', 1, 0, 0, '0000-00-00', '100.00000000', 1, '0.00000000', '0.00000000', '0.00000000', 0, 1, 1, 0, 1, 2, 0, 1, NULL, 0, 1, '2020-08-27 14:09:03', '2020-08-27 14:09:03'),
(237, '', '', '', '', '0.0000', '0.0000', '0.0000', '', '', '', '', '', '', '', 0, 0, 0, 'https://2.pik.vn/20207b23b2e4-363b-4999-9359-2e262917be01.png', '', 0, 26, 1, '0.0000', 1, '741200.0000', 1, 0, 0, '0000-00-00', '100.00000000', 1, '0.00000000', '0.00000000', '0.00000000', 0, 1, 1, 0, 1, 2, 0, 1, NULL, 0, 1, '2020-08-27 14:09:03', '2020-08-27 14:09:03'),
(238, '', '', '', '', '0.0000', '0.0000', '0.0000', '', '', '', '', '', '', '', 0, 0, 0, 'https://cdn.bestme.asia/images/x2/7.png', '', 0, 26, 1, '0.0000', 1, '150000.0000', 1, 0, 0, '0000-00-00', '100.00000000', 1, '0.00000000', '0.00000000', '0.00000000', 0, 1, 1, 0, 1, 2, 0, 1, NULL, 0, 1, '2020-08-27 14:09:03', '2020-09-11 09:32:26'),
(239, '', '', '', '', '0.0000', '0.0000', '0.0000', '', '', '', '', '', '', '', 0, 0, 0, 'https://2.pik.vn/2020d6928b00-7b30-4e6c-a161-354541c4d82f.png', '', 0, 26, 1, '0.0000', 1, '690000.0000', 1, 0, 0, '0000-00-00', '100.00000000', 1, '0.00000000', '0.00000000', '0.00000000', 0, 1, 1, 0, 1, 2, 0, 1, NULL, 0, 1, '2020-08-27 14:09:03', '2020-08-27 14:09:03'),
(240, '', '', '', '', '0.0000', '0.0000', '0.0000', '', '', '', '', '', '', '', 0, 0, 0, 'https://cdn.bestme.asia/images/x2/3_zcIlYaN.png', '', 0, 26, 1, '0.0000', 1, '985000.0000', 1, 0, 0, '0000-00-00', '100.00000000', 1, '0.00000000', '0.00000000', '0.00000000', 0, 1, 1, 0, 1, 2, 0, 1, NULL, 0, 1, '2020-08-27 14:09:03', '2020-09-11 09:28:13'),
(241, '', '', '', '', '0.0000', '0.0000', '0.0000', '', '', '', '', '', '', '', 0, 0, 0, 'https://cdn.bestme.asia/images/x2/8.png', '', 0, 26, 1, '0.0000', 1, '230500.0000', 1, 0, 0, '0000-00-00', '100.00000000', 1, '0.00000000', '0.00000000', '0.00000000', 0, 1, 1, 0, 1, 2, 0, 1, NULL, 0, 1, '2020-08-27 14:09:03', '2020-09-11 09:29:03'),
(242, '', '', '', '', '0.0000', '0.0000', '0.0000', '', '', '', '', '', '', '', 0, 0, 0, 'https://cdn.bestme.asia/images/x2/4_s2pg6aY.png', '', 0, 26, 1, '0.0000', 1, '210000.0000', 1, 0, 0, '0000-00-00', '100.00000000', 1, '0.00000000', '0.00000000', '0.00000000', 0, 1, 1, 0, 1, 2, 0, 1, NULL, 0, 1, '2020-08-27 14:09:03', '2020-09-11 09:27:57'),
(243, '', '', '', '', '0.0000', '0.0000', '0.0000', '', '', '', '', '', '', '', 0, 0, 0, 'https://cdn.bestme.asia/images/x2/128159979123129.png', '', 0, 26, 1, '0.0000', 1, '150000.0000', 1, 0, 0, '0000-00-00', '100.00000000', 1, '0.00000000', '0.00000000', '0.00000000', 0, 1, 1, 0, 1, 2, 0, 1, NULL, 0, 1, '2020-08-27 14:09:03', '2020-09-11 09:28:46'),
(244, '', '', '', '', '0.0000', '0.0000', '0.0000', '', '', '', '', '', '', '', 0, 0, 0, 'https://cdn.bestme.asia/images/x2/5.png', '', 0, 26, 1, '0.0000', 1, '986000.0000', 1, 0, 0, '0000-00-00', '100.00000000', 1, '0.00000000', '0.00000000', '0.00000000', 0, 1, 1, 0, 1, 2, 0, 1, NULL, 0, 1, '2020-08-27 14:09:03', '2020-09-11 09:27:39'),
(245, '', '', '', '', '0.0000', '0.0000', '0.0000', '', '', '', '', '', '', '', 0, 0, 0, 'https://cdn.bestme.asia/images/x2/228159979123629.png', '', 0, 26, 1, '0.0000', 1, '896000.0000', 1, 0, 0, '0000-00-00', '100.00000000', 1, '0.00000000', '0.00000000', '0.00000000', 0, 1, 1, 0, 1, 2, 0, 1, NULL, 0, 1, '2020-08-27 14:09:03', '2020-09-11 09:28:28'),
(246, '', '', '', '', '0.0000', '0.0000', '0.0000', '', '', '', '', '', '', '', 0, 0, 0, 'https://cdn.bestme.asia/images/x2/6.png', '', 0, 26, 1, '0.0000', 1, '110000.0000', 1, 0, 0, '0000-00-00', '100.00000000', 1, '0.00000000', '0.00000000', '0.00000000', 0, 1, 1, 0, 1, 2, 0, 1, NULL, 0, 1, '2020-08-27 14:09:03', '2020-09-11 09:29:31'),
(247, '', '', '', '', '0.0000', '0.0000', '0.0000', '', '', '', '', '', '', '', 0, 0, 0, 'https://2.pik.vn/2020368b2a12-46b7-4f22-93c8-c148a29b33c0.png', '', 0, 26, 1, '0.0000', 1, '986300.0000', 1, 0, 0, '0000-00-00', '100.00000000', 1, '0.00000000', '0.00000000', '0.00000000', 0, 1, 1, 0, 1, 2, 0, 1, NULL, 0, 1, '2020-08-27 14:09:03', '2020-08-27 14:09:05'),
(248, '', '', '', '', '0.0000', '0.0000', '0.0000', '', '', '', '', '', '', '', 0, 0, 0, 'https://2.pik.vn/20203f872d0e-93b6-4f9f-9dec-b3f3662a013e.png', '', 0, 26, 1, '0.0000', 1, '874000.0000', 1, 0, 0, '0000-00-00', '100.00000000', 1, '0.00000000', '0.00000000', '0.00000000', 0, 1, 1, 0, 1, 2, 0, 1, NULL, 0, 1, '2020-08-27 14:09:03', '2020-08-27 14:09:05'),
(249, '', '', '', '', '0.0000', '0.0000', '0.0000', '', '', '', '', '', '', '', 0, 0, 0, 'https://2.pik.vn/2020f0e1379e-acdb-43c8-bec8-91f57338ccd8.png', '', 0, 26, 1, '0.0000', 1, '650000.0000', 1, 0, 0, '0000-00-00', '100.00000000', 1, '0.00000000', '0.00000000', '0.00000000', 0, 1, 1, 0, 1, 2, 0, 1, NULL, 0, 1, '2020-08-27 14:09:03', '2020-08-27 14:09:05'),
(250, '', '', '', '', '0.0000', '0.0000', '0.0000', '', '', '', '', '', '', '', 0, 0, 0, 'https://2.pik.vn/202091b6bac6-77f1-4e66-8fe9-0e59bfe4d3e8.png', '', 0, 26, 1, '0.0000', 1, '756000.0000', 1, 0, 0, '0000-00-00', '100.00000000', 1, '0.00000000', '0.00000000', '0.00000000', 0, 1, 1, 0, 1, 2, 0, 1, NULL, 0, 1, '2020-08-27 14:09:03', '2020-08-27 14:09:05'),
(251, '', '', '', '', '0.0000', '0.0000', '0.0000', '', '', '', '', '', '', '', 0, 0, 0, 'https://2.pik.vn/20201b90840d-75cd-4cf2-ba37-af631dbc0e58.png', '', 0, 26, 1, '0.0000', 1, '663000.0000', 1, 0, 0, '0000-00-00', '100.00000000', 1, '0.00000000', '0.00000000', '0.00000000', 0, 1, 1, 0, 1, 2, 0, 1, NULL, 0, 1, '2020-08-27 14:09:03', '2020-08-27 14:09:05'),
(252, '', '', '', '', '0.0000', '0.0000', '0.0000', '', '', '', '', '', '', '', 0, 0, 0, 'https://2.pik.vn/2020983300d9-12a5-4def-9a52-cb89f9f3f404.png', '', 0, 26, 1, '0.0000', 1, '564000.0000', 1, 0, 0, '0000-00-00', '100.00000000', 1, '0.00000000', '0.00000000', '0.00000000', 0, 1, 1, 0, 1, 2, 0, 1, NULL, 0, 1, '2020-08-27 14:09:03', '2020-08-27 14:09:05'),
(253, '', '', '', '', '0.0000', '0.0000', '0.0000', '', '', '', '', '', '', '', 0, 0, 0, 'https://2.pik.vn/2020144c12ea-eed5-4f52-88c8-3002c18965ca.png', '', 0, 26, 1, '0.0000', 1, '790000.0000', 1, 0, 0, '0000-00-00', '100.00000000', 1, '0.00000000', '0.00000000', '0.00000000', 0, 1, 1, 0, 1, 2, 0, 1, NULL, 0, 1, '2020-08-27 14:09:03', '2020-08-27 14:09:05'),
(254, '', '', '', '', '0.0000', '0.0000', '0.0000', '', '', '', '', '', '', '', 0, 0, 0, 'https://cdn.bestme.asia/images/x2/1_Jdwsno0.png', '', 0, 26, 1, '0.0000', 1, '653000.0000', 1, 0, 0, '0000-00-00', '100.00000000', 1, '0.00000000', '0.00000000', '0.00000000', 0, 1, 1, 0, 1, 2, 0, 1, NULL, 0, 1, '2020-08-27 14:09:04', '2020-09-11 09:29:58'),
(255, '', '', '', '', '0.0000', '0.0000', '0.0000', '', '', '', '', '', '', '', 0, 0, 0, 'https://cdn.bestme.asia/images/x2/2_LTmEHU0.png', '', 0, 26, 1, '0.0000', 1, '986000.0000', 1, 0, 0, '0000-00-00', '100.00000000', 1, '0.00000000', '0.00000000', '0.00000000', 0, 1, 1, 0, 1, 2, 0, 1, NULL, 0, 1, '2020-08-27 14:09:04', '2020-09-11 09:30:43'),
(256, '', '', '', '', '0.0000', '0.0000', '0.0000', '', '', '', '', '', '', '', 0, 0, 0, 'https://2.pik.vn/2020f53a2f8c-e889-408d-b2c5-0ea66c60db86.png', '', 0, 26, 1, '0.0000', 1, '654000.0000', 1, 0, 0, '0000-00-00', '100.00000000', 1, '0.00000000', '0.00000000', '0.00000000', 0, 1, 1, 0, 1, 2, 0, 1, NULL, 0, 1, '2020-08-27 14:09:04', '2020-08-27 14:09:05'),
(257, '', '', '', '', '0.0000', '0.0000', '0.0000', '', '', '', '', '', '', '', 0, 0, 0, 'https://2.pik.vn/20203cf4c805-6cc6-427a-b4b3-784fc7f8d2dd.png', '', 0, 26, 1, '0.0000', 1, '598000.0000', 1, 0, 0, '0000-00-00', '100.00000000', 1, '0.00000000', '0.00000000', '0.00000000', 0, 1, 1, 0, 1, 2, 0, 1, NULL, 0, 1, '2020-08-27 14:09:04', '2020-08-27 14:09:05'),
(258, '', '', '', '', '0.0000', '0.0000', '0.0000', '', '', '', '', '', '', '', 0, 0, 0, 'https://2.pik.vn/202056f62803-5847-422b-ba97-d5d93595c54b.png', '', 0, 26, 1, '0.0000', 1, '590000.0000', 1, 0, 0, '0000-00-00', '100.00000000', 1, '0.00000000', '0.00000000', '0.00000000', 0, 1, 1, 0, 1, 2, 0, 1, NULL, 0, 1, '2020-08-27 14:09:04', '2020-08-27 14:09:05'),
(259, '', '', '', '', '0.0000', '0.0000', '0.0000', '', '', '', '', '', '', '', 0, 0, 0, 'https://2.pik.vn/20208632441f-3001-46cf-9478-131e525e7f01.png', '', 0, 26, 1, '0.0000', 1, '75000.0000', 1, 0, 0, '0000-00-00', '100.00000000', 1, '0.00000000', '0.00000000', '0.00000000', 0, 1, 1, 0, 1, 2, 0, 1, NULL, 0, 1, '2020-08-27 14:09:04', '2020-08-27 14:09:05'),
(260, '', '', '', '', '0.0000', '0.0000', '0.0000', '', '', '', '', '', '', '', 0, 0, 0, 'https://2.pik.vn/202085582eff-a83e-4465-b238-b197862b1600.png', '', 0, 26, 1, '0.0000', 1, '890000.0000', 1, 0, 0, '0000-00-00', '100.00000000', 1, '0.00000000', '0.00000000', '0.00000000', 0, 1, 1, 0, 1, 2, 0, 1, NULL, 0, 1, '2020-08-27 14:09:04', '2020-08-27 14:09:05'),
(261, '', '', '', '', '0.0000', '0.0000', '0.0000', '', '', '', '', '', '', '', 0, 0, 0, 'https://2.pik.vn/20204d556484-4697-4968-ae6b-5e080a4e840b.png', '', 0, 26, 1, '0.0000', 1, '875000.0000', 1, 0, 0, '0000-00-00', '100.00000000', 1, '0.00000000', '0.00000000', '0.00000000', 0, 1, 1, 0, 1, 2, 0, 1, NULL, 0, 1, '2020-08-27 14:09:04', '2020-08-27 14:09:05'),
(262, '', '', '', '', '0.0000', '0.0000', '0.0000', '', '', '', '', '', '', '', 0, 0, 0, 'https://2.pik.vn/2020abe3df7e-61ed-4a86-bb2c-7576817fdda8.png', '', 0, 26, 1, '0.0000', 1, '540000.0000', 1, 0, 0, '0000-00-00', '100.00000000', 1, '0.00000000', '0.00000000', '0.00000000', 0, 1, 1, 0, 1, 2, 0, 1, NULL, 0, 1, '2020-08-27 14:09:04', '2020-08-27 14:09:06'),
(263, '', '', '', '', '0.0000', '0.0000', '0.0000', '', '', '', '', '', '', '', 0, 0, 0, 'https://2.pik.vn/2020f6f938eb-bbe5-4c6a-802e-8076198be290.png', '', 0, 26, 1, '0.0000', 1, '456000.0000', 1, 0, 0, '0000-00-00', '100.00000000', 1, '0.00000000', '0.00000000', '0.00000000', 0, 1, 1, 0, 1, 2, 0, 1, NULL, 0, 1, '2020-08-27 14:09:04', '2020-08-27 14:09:06'),
(264, '', '', '', '', '0.0000', '0.0000', '0.0000', '', '', '', '', '', '', '', 0, 0, 0, 'https://2.pik.vn/2020836bfa0b-31ad-44e0-8dab-ef7e86c5f3aa.png', '', 0, 26, 1, '0.0000', 1, '356900.0000', 1, 0, 0, '0000-00-00', '100.00000000', 1, '0.00000000', '0.00000000', '0.00000000', 0, 1, 1, 0, 1, 2, 0, 1, NULL, 0, 1, '2020-08-27 14:09:04', '2020-08-27 14:09:06'),
(265, '', '', '', '', '0.0000', '0.0000', '0.0000', '', '', '', '', '', '', '', 0, 0, 0, 'https://2.pik.vn/2020cfe5ccc6-907c-4d05-bcff-a1fa7e920880.png', '', 0, 26, 1, '0.0000', 1, '865000.0000', 1, 0, 0, '0000-00-00', '100.00000000', 1, '0.00000000', '0.00000000', '0.00000000', 0, 1, 1, 0, 1, 2, 0, 1, NULL, 0, 1, '2020-08-27 14:09:04', '2020-08-27 14:09:06'),
(266, '', '', '', '', '0.0000', '0.0000', '0.0000', '', '', '', '', '', '', '', 0, 0, 0, 'https://2.pik.vn/2020d67379f3-6b8f-48f7-8e24-58380ec573f2.png', '', 0, 26, 1, '0.0000', 1, '750000.0000', 1, 0, 0, '0000-00-00', '100.00000000', 1, '0.00000000', '0.00000000', '0.00000000', 0, 1, 1, 0, 1, 2, 0, 1, NULL, 0, 1, '2020-08-27 14:09:04', '2020-08-27 14:09:06'),
(267, '', '', '', '', '0.0000', '0.0000', '0.0000', '', '', '', '', '', '', '', 0, 0, 0, 'https://2.pik.vn/20203baf364c-7c65-465e-84e0-47cd3b63134f.png', '', 0, 26, 1, '0.0000', 1, '560000.0000', 1, 0, 0, '0000-00-00', '100.00000000', 1, '0.00000000', '0.00000000', '0.00000000', 0, 1, 1, 0, 1, 2, 0, 1, NULL, 0, 1, '2020-08-27 14:09:04', '2020-08-27 14:09:06'),
(268, '', '', '', '', '0.0000', '0.0000', '0.0000', '', '', '', '', '', '', '', 0, 0, 0, 'https://2.pik.vn/202085fd3593-973b-414e-a656-4dbeabfb355f.png', '', 0, 26, 1, '0.0000', 1, '540000.0000', 1, 0, 0, '0000-00-00', '100.00000000', 1, '0.00000000', '0.00000000', '0.00000000', 0, 1, 1, 0, 1, 2, 0, 1, NULL, 0, 1, '2020-08-27 14:09:05', '2020-08-27 14:09:06');

-- restore soft-deleted products if demo
UPDATE `oc_product` SET `deleted` = NULL
WHERE `demo` = 1
  AND `product_id` IN (
                       230,
                       231,
                       232,
                       233,
                       234,
                       235,
                       236,
                       237,
                       238,
                       239,
                       240,
                       241,
                       242,
                       243,
                       244,
                       245,
                       246,
                       247,
                       248,
                       249,
                       250,
                       251,
                       252,
                       253,
                       254,
                       255,
                       256,
                       257,
                       258,
                       259,
                       260,
                       261,
                       262,
                       263,
                       264,
                       265,
                       266,
                       267,
                       268
  );

-- oc_product_collection PRIMARY KEY (`product_collection_id`)
INSERT IGNORE INTO `oc_product_collection` (`product_collection_id`, `product_id`, `collection_id`, `sort_order`) VALUES
(291, 261, 18, 0),
(290, 260, 18, 0),
(307, 244, 22, 0),
(389, 258, 16, 4),
(397, 241, 20, 4),
(274, 267, 14, 0),
(289, 259, 18, 0),
(306, 243, 22, 0),
(388, 259, 16, 3),
(396, 240, 20, 3),
(288, 258, 18, 0),
(273, 237, 14, 0),
(305, 242, 22, 0),
(387, 260, 16, 2),
(395, 239, 20, 2),
(272, 234, 14, 0),
(386, 261, 16, 1),
(287, 257, 18, 0),
(304, 241, 22, 0),
(271, 258, 14, 0),
(303, 233, 22, 0),
(270, 252, 14, 0),
(385, 257, 15, 4),
(394, 238, 20, 1),
(269, 246, 14, 0),
(393, 233, 19, 4),
(384, 256, 15, 3),
(302, 234, 22, 0),
(286, 256, 18, 0),
(383, 255, 15, 2),
(392, 232, 19, 3),
(382, 254, 15, 1),
(391, 231, 19, 2),
(268, 262, 14, 0),
(301, 235, 22, 0),
(285, 255, 18, 0),
(300, 236, 22, 0),
(275, 238, 14, 0),
(390, 230, 19, 1),
(284, 254, 18, 0),
(401, 250, 23, 4),
(400, 249, 23, 3),
(399, 248, 23, 2),
(398, 247, 23, 1),
(405, 266, 24, 4),
(404, 269, 24, 3),
(403, 268, 24, 2),
(402, 267, 24, 1),
(316, 247, 26, 0),
(317, 249, 26, 0),
(318, 251, 26, 0),
(319, 250, 26, 0),
(320, 269, 26, 0),
(321, 262, 26, 0),
(322, 263, 26, 0),
(323, 264, 26, 0),
(376, 238, 27, 0),
(377, 262, 28, 0),
(378, 246, 29, 0),
(379, 256, 30, 0),
(380, 240, 31, 0),
(381, 236, 32, 0);

-- oc_product_description PRIMARY KEY (`product_id`,`language_id`)
INSERT IGNORE INTO `oc_product_description` (`product_id`, `language_id`, `name`, `description`, `sub_description`, `seo_title`, `seo_description`, `tag`, `meta_title`, `meta_description`, `meta_keyword`) VALUES
(230, 2, 'Tủ nhựa ĐL001', 'Mô tả sản phẩm \n Mã sản phẩm: \nMẫu sản phẩm: \nThương hiệu:\nKích thước: Có thể đo đạc, thiết kế theo kích thước yêu cầu.\nMàu sắc: Nhiều màu, tùy chọn theo yêu cầu.\nThiết kế: thiết kế theo kích thước yêu cầu.', '', '', '', '', '', '', ''),
(231, 2, 'Tủ nhựa ĐL002', 'Mô tả sản phẩm \n Mã sản phẩm: \nMẫu sản phẩm: \nThương hiệu:\nKích thước: Có thể đo đạc, thiết kế theo kích thước yêu cầu.\nMàu sắc: Nhiều màu, tùy chọn theo yêu cầu.\nThiết kế: thiết kế theo kích thước yêu cầu.', '', '', '', '', '', '', ''),
(232, 2, 'Tủ nhựa ĐL003', 'Mô tả sản phẩm \n Mã sản phẩm: \nMẫu sản phẩm: \nThương hiệu:\nKích thước: Có thể đo đạc, thiết kế theo kích thước yêu cầu.\nMàu sắc: Nhiều màu, tùy chọn theo yêu cầu.\nThiết kế: thiết kế theo kích thước yêu cầu.', '', '', '', '', '', '', ''),
(233, 2, 'Tủ nhựa ĐL004', 'Mô tả sản phẩm \n Mã sản phẩm: \nMẫu sản phẩm: \nThương hiệu:\nKích thước: Có thể đo đạc, thiết kế theo kích thước yêu cầu.\nMàu sắc: Nhiều màu, tùy chọn theo yêu cầu.\nThiết kế: thiết kế theo kích thước yêu cầu.', '', '', '', '', '', '', ''),
(234, 2, 'Tủ nhựa ĐL005', 'Mô tả sản phẩm \n Mã sản phẩm: \nMẫu sản phẩm: \nThương hiệu:\nKích thước: Có thể đo đạc, thiết kế theo kích thước yêu cầu.\nMàu sắc: Nhiều màu, tùy chọn theo yêu cầu.\nThiết kế: thiết kế theo kích thước yêu cầu.', '', '', '', '', '', '', ''),
(235, 2, 'Tủ nhựa ĐL006', 'Mô tả sản phẩm \n Mã sản phẩm: \nMẫu sản phẩm: \nThương hiệu:\nKích thước: Có thể đo đạc, thiết kế theo kích thước yêu cầu.\nMàu sắc: Nhiều màu, tùy chọn theo yêu cầu.\nThiết kế: thiết kế theo kích thước yêu cầu.', '', '', '', '', '', '', ''),
(236, 2, 'Tủ nhựa ĐL007', 'Mô tả sản phẩm \n Mã sản phẩm: \nMẫu sản phẩm: \nThương hiệu:\nKích thước: Có thể đo đạc, thiết kế theo kích thước yêu cầu.\nMàu sắc: Nhiều màu, tùy chọn theo yêu cầu.\nThiết kế: thiết kế theo kích thước yêu cầu.', '', '', '', '', '', '', ''),
(237, 2, 'Tủ nhựa ĐL008', 'Mô tả sản phẩm \n Mã sản phẩm: \nMẫu sản phẩm: \nThương hiệu:\nKích thước: Có thể đo đạc, thiết kế theo kích thước yêu cầu.\nMàu sắc: Nhiều màu, tùy chọn theo yêu cầu.\nThiết kế: thiết kế theo kích thước yêu cầu.', '', '', '', '', '', '', ''),
(238, 2, 'Tủ DDT 01', '&lt;p&gt;Mô tả sản phẩm Hãng sản xuất :Đại Đồng Tiến Công dụng :Đựng quần áo Chất liệu :Nhựa Kích thước : Màu sắc : Xuất xứ :Việt Nam&lt;/p&gt;', '', '', '', '', '', '', ''),
(239, 2, 'Tủ DDT 02', 'Mô tả sản phẩm \n Hãng sản xuất :Đại Đồng Tiến\nCông dụng :Đựng quần áo\nChất liệu :Nhựa\nKích thước : \nMàu sắc : \nXuất xứ :Việt Nam', '', '', '', '', '', '', ''),
(240, 2, 'Tủ DDT 03', '&lt;p&gt;Mô tả sản phẩm Hãng sản xuất :Đại Đồng Tiến Công dụng :Đựng quần áo Chất liệu :Nhựa Kích thước : Màu sắc : Xuất xứ :Việt Nam&lt;/p&gt;', '', '', '', '', '', '', ''),
(241, 2, 'Tủ DDT 04', '&lt;p&gt;Mô tả sản phẩm Hãng sản xuất :Đại Đồng Tiến Công dụng :Đựng quần áo Chất liệu :Nhựa Kích thước : Màu sắc : Xuất xứ :Việt Nam&lt;/p&gt;', '', '', '', '', '', '', ''),
(242, 2, 'Tủ DDT 05', '&lt;p&gt;Mô tả sản phẩm Hãng sản xuất :Đại Đồng Tiến Công dụng :Đựng quần áo Chất liệu :Nhựa Kích thước : Màu sắc : Xuất xứ :Việt Nam&lt;/p&gt;', '', '', '', '', '', '', ''),
(261, 2, 'Tủ nhựa VN28', 'Mô tả sản phẩm \n Hãng sản xuất :Việt Nhật \nCông dụng :\nChất liệu :Nhựa\nKích thước : \nMàu sắc : \nXuất xứ :Việt Nam', '', '', '', '', '', '', ''),
(244, 2, 'Tủ DDT 07', '&lt;p&gt;Mô tả sản phẩm Hãng sản xuất :Đại Đồng Tiến Công dụng :Đựng quần áo Chất liệu :Nhựa Kích thước : Màu sắc : Xuất xứ :Việt Nam&lt;/p&gt;', '', '', '', '', '', '', ''),
(245, 2, 'Tủ DDT 08', '&lt;p&gt;Mô tả sản phẩm Hãng sản xuất :Đại Đồng Tiến Công dụng :Đựng quần áo Chất liệu :Nhựa Kích thước : Màu sắc : Xuất xứ :Việt Nam&lt;/p&gt;', '', '', '', '', '', '', ''),
(246, 2, 'Tủ nhựa SL1', '&lt;p&gt;Mô tả sản phẩm Mã sản phẩm: Thương hiệu: Tủ Nhựa Song Long. Chất liệu: Kiểu dáng: Màu sắc: Kích thước: Xuất xứ: Công dụng:&lt;/p&gt;', '', '', '', '', '', '', ''),
(247, 2, 'Tủ nhựa SL2', ' Mô tả sản phẩm \nMã sản phẩm: \nThương hiệu: Tủ Nhựa Song Long.\nChất liệu: \nKiểu dáng: \nMàu sắc: \nKích thước: \nXuất xứ: \nCông dụng:', '', '', '', '', '', '', ''),
(248, 2, 'Tủ nhựa SL3', ' Mô tả sản phẩm \nMã sản phẩm: \nThương hiệu: Tủ Nhựa Song Long.\nChất liệu: \nKiểu dáng: \nMàu sắc: \nKích thước: \nXuất xứ: \nCông dụng:', '', '', '', '', '', '', ''),
(249, 2, 'Tủ nhựa SL4', ' Mô tả sản phẩm \nMã sản phẩm: \nThương hiệu: Tủ Nhựa Song Long.\nChất liệu: \nKiểu dáng: \nMàu sắc: \nKích thước: \nXuất xứ: \nCông dụng:', '', '', '', '', '', '', ''),
(250, 2, 'Tủ nhựa SL5', ' Mô tả sản phẩm \nMã sản phẩm: \nThương hiệu: Tủ Nhựa Song Long.\nChất liệu: \nKiểu dáng: \nMàu sắc: \nKích thước: \nXuất xứ: \nCông dụng:', '', '', '', '', '', '', ''),
(251, 2, 'Tủ nhựa SL6', ' Mô tả sản phẩm \nMã sản phẩm: \nThương hiệu: Tủ Nhựa Song Long.\nChất liệu: \nKiểu dáng: \nMàu sắc: \nKích thước: \nXuất xứ: \nCông dụng:', '', '', '', '', '', '', ''),
(252, 2, 'Tủ nhựa SL7', ' Mô tả sản phẩm \nMã sản phẩm: \nThương hiệu: Tủ Nhựa Song Long.\nChất liệu: \nKiểu dáng: \nMàu sắc: \nKích thước: \nXuất xứ: \nCông dụng:', '', '', '', '', '', '', ''),
(253, 2, 'Tủ nhựa SL8', ' Mô tả sản phẩm \nMã sản phẩm: \nThương hiệu: Tủ Nhựa Song Long.\nChất liệu: \nKiểu dáng: \nMàu sắc: \nKích thước: \nXuất xứ: \nCông dụng:', '', '', '', '', '', '', ''),
(254, 2, 'Tủ nhựa VN21', '&lt;p&gt;Mô tả sản phẩm Hãng sản xuất :Việt Nhật Công dụng :Đựng quần áo Chất liệu :Nhựa Kích thước : Màu sắc : Xuất xứ :Việt Nam&lt;/p&gt;', '', '', '', '', '', '', ''),
(255, 2, 'Tủ nhựa VN22', '&lt;p&gt;Mô tả sản phẩm Hãng sản xuất :Việt Nhật Công dụng : Chất liệu :Nhựa Kích thước : Màu sắc : Xuất xứ :Việt Nam&lt;/p&gt;', '', '', '', '', '', '', ''),
(256, 2, 'Tủ nhựa VN23', 'Mô tả sản phẩm \n Hãng sản xuất :Việt Nhật \nCông dụng :Đựng quần áo\nChất liệu :Nhựa\nKích thước : \nMàu sắc : \nXuất xứ :Việt Nam', '', '', '', '', '', '', ''),
(257, 2, 'Tủ nhựa VN24', 'Mô tả sản phẩm \n Hãng sản xuất :Việt Nhật \nCông dụng :\nChất liệu :Nhựa\nKích thước : \nMàu sắc : \nXuất xứ :Việt Nam', '', '', '', '', '', '', ''),
(258, 2, 'Tủ nhựa VN25', 'Mô tả sản phẩm \n Hãng sản xuất :Việt Nhật \nCông dụng :\nChất liệu :Nhựa\nKích thước : \nMàu sắc : \nXuất xứ :Việt Nam', '', '', '', '', '', '', ''),
(259, 2, 'Tủ nhựa VN26', 'Mô tả sản phẩm \n Hãng sản xuất :Việt Nhật \nCông dụng :\nChất liệu :Nhựa\nKích thước : \nMàu sắc : \nXuất xứ :Việt Nam', '', '', '', '', '', '', ''),
(260, 2, 'Tủ nhựa VN27', 'Mô tả sản phẩm \n Hãng sản xuất :Việt Nhật \nCông dụng :\nChất liệu :Nhựa\nKích thước : \nMàu sắc : \nXuất xứ :Việt Nam', '', '', '', '', '', '', ''),
(243, 2, 'Tủ DDT 06', '&lt;p&gt;Mô tả sản phẩm Hãng sản xuất :Đại Đồng Tiến Công dụng :Đựng quần áo Chất liệu :Nhựa Kích thước : Màu sắc : Xuất xứ :Việt Nam&lt;/p&gt;', '', '', '', '', '', '', ''),
(262, 2, 'Tủ nhựa Dt001 ', 'Mô tả sản phẩm \n Hãng sản xuất :Việt Nhật \nCông dụng :\nChất liệu :Nhựa\nKích thước : \nMàu sắc : \nXuất xứ :Việt Nam', '', '', '', '', '', '', ''),
(263, 2, 'Tủ nhựa Dt002', 'Mô tả sản phẩm \n Hãng sản xuất :Việt Nhật \nCông dụng :\nChất liệu :Nhựa\nKích thước : \nMàu sắc : \nXuất xứ :Việt Nam', '', '', '', '', '', '', ''),
(264, 2, 'Tủ nhựa Dt003', 'Mô tả sản phẩm \n Hãng sản xuất :Việt Nhật \nCông dụng :\nChất liệu :Nhựa\nKích thước : \nMàu sắc : \nXuất xứ :Việt Nam', '', '', '', '', '', '', ''),
(265, 2, 'Tủ nhựa Dt004', 'Mô tả sản phẩm \n Hãng sản xuất :Việt Nhật \nCông dụng :\nChất liệu :Nhựa\nKích thước : \nMàu sắc : \nXuất xứ :Việt Nam', '', '', '', '', '', '', ''),
(266, 2, 'Tủ nhựa Dt005', 'Mô tả sản phẩm \n Hãng sản xuất :Việt Nhật \nCông dụng :\nChất liệu :Nhựa\nKích thước : \nMàu sắc : \nXuất xứ :Việt Nam', '', '', '', '', '', '', ''),
(267, 2, 'Tủ nhựa Dt006', 'Mô tả sản phẩm \n Hãng sản xuất :Việt Nhật \nCông dụng :\nChất liệu :Nhựa\nKích thước : \nMàu sắc : \nXuất xứ :Việt Nam', '', '', '', '', '', '', ''),
(268, 2, 'Tủ nhựa Dt007', 'Mô tả sản phẩm \n Hãng sản xuất :Việt Nhật \nCông dụng :\nChất liệu :Nhựa\nKích thước : \nMàu sắc : \nXuất xứ :Việt Nam', '', '', '', '', '', '', ''),
(269, 2, 'Tủ nhựa Dt008', 'Mô tả sản phẩm \n Hãng sản xuất :Việt Nhật \nCông dụng :\nChất liệu :Nhựa\nKích thước : \nMàu sắc : \nXuất xứ :Việt Nam', '', '', '', '', '', '', '');

-- oc_product_image PRIMARY KEY (`product_image_id`)
-- nothing

-- oc_product_to_category PRIMARY KEY (`product_id`,`category_id`)
INSERT IGNORE INTO `oc_product_to_category` (`product_id`, `category_id`) VALUES
(230, 32),
(231, 32),
(232, 32),
(233, 32),
(234, 32),
(235, 32),
(236, 32),
(237, 32),
(238, 35),
(239, 35),
(240, 35),
(241, 35),
(242, 35),
(243, 35),
(244, 35),
(245, 35),
(246, 42),
(247, 42),
(248, 42),
(249, 42),
(250, 42),
(251, 42),
(252, 42),
(253, 42),
(254, 38),
(255, 38),
(256, 38),
(257, 38),
(258, 38),
(259, 38),
(260, 38),
(261, 38),
(262, 41),
(263, 41),
(264, 41),
(265, 41),
(266, 41),
(267, 41),
(268, 41),
(269, 41);

-- oc_product_to_store PRIMARY KEY (`product_id`,`store_id`)
INSERT IGNORE INTO `oc_product_to_store` (`product_id`, `store_id`, `product_version_id`, `quantity`, `cost_price`) VALUES
(230, 0, 0, 50, '0.0000'),
(236, 0, 0, 50, '0.0000'),
(242, 0, 0, 50, '0.0000'),
(231, 0, 0, 50, '0.0000'),
(264, 0, 0, 50, '0.0000'),
(233, 0, 0, 50, '0.0000'),
(257, 0, 0, 50, '0.0000'),
(259, 0, 0, 50, '0.0000'),
(251, 0, 0, 50, '0.0000'),
(234, 0, 0, 50, '0.0000'),
(263, 0, 0, 50, '0.0000'),
(240, 0, 0, 50, '0.0000'),
(237, 0, 0, 50, '0.0000'),
(232, 0, 0, 50, '0.0000'),
(262, 0, 0, 50, '0.0000'),
(254, 0, 0, 50, '0.0000'),
(269, 0, 0, 50, '0.0000'),
(249, 0, 0, 50, '0.0000'),
(247, 0, 0, 50, '0.0000'),
(255, 0, 0, 50, '0.0000'),
(268, 0, 0, 50, '0.0000'),
(265, 0, 0, 50, '0.0000'),
(246, 0, 0, 50, '0.0000'),
(261, 0, 0, 50, '0.0000'),
(258, 0, 0, 50, '0.0000');