-- oc_category PRIMARY KEY (`category_id`)
INSERT IGNORE INTO `oc_category` (`category_id`, `image`, `parent_id`, `top`, `column`, `sort_order`, `status`, `date_added`, `date_modified`) VALUES
(52, NULL, 0, 0, 0, 0, 1, '2020-12-10 13:21:01', '2020-12-10 13:21:01'),
(53, NULL, 0, 0, 0, 0, 1, '2020-12-10 13:21:01', '2020-12-10 13:21:01'),
(54, NULL, 0, 0, 0, 0, 1, '2020-12-10 13:21:01', '2020-12-10 13:21:01'),
(55, NULL, 0, 0, 0, 0, 1, '2020-12-10 13:21:01', '2020-12-10 13:21:01'),
(56, NULL, 0, 0, 0, 0, 1, '2020-12-10 13:21:01', '2020-12-10 13:21:01'),
(57, NULL, 0, 0, 0, 0, 1, '2020-12-10 13:21:02', '2020-12-10 13:21:02'),
(58, NULL, 0, 0, 0, 0, 1, '2020-12-10 13:21:02', '2020-12-10 13:21:02'),
(59, NULL, 0, 0, 0, 0, 1, '2020-12-10 13:21:02', '2020-12-10 13:21:02'),
(60, NULL, 0, 0, 0, 0, 1, '2020-12-10 13:21:02', '2020-12-10 13:21:02'),
(61, NULL, 0, 0, 0, 0, 1, '2020-12-10 13:21:02', '2020-12-10 13:21:02'),
(62, NULL, 0, 0, 0, 0, 1, '2020-12-10 13:21:02', '2020-12-10 13:21:02'),
(51, NULL, 0, 0, 0, 0, 1, '2020-12-10 13:21:01', '2020-12-10 13:21:01'),
(50, NULL, 0, 0, 0, 0, 1, '2020-12-10 13:21:01', '2020-12-10 13:21:01'),
(49, NULL, 0, 0, 0, 0, 1, '2020-12-10 13:21:01', '2020-12-10 13:21:01'),
(63, NULL, 0, 0, 0, 0, 1, '2020-12-10 13:21:02', '2020-12-10 13:21:02'),
(64, NULL, 0, 0, 0, 0, 1, '2020-12-10 13:21:02', '2020-12-10 13:21:02'),
(65, NULL, 0, 0, 0, 0, 1, '2020-12-10 13:21:02', '2020-12-10 13:21:02'),
(66, NULL, 0, 0, 0, 0, 1, '2020-12-10 13:21:03', '2020-12-10 13:21:03'),
(67, NULL, 0, 0, 0, 0, 1, '2020-12-10 13:21:03', '2020-12-10 13:21:03');


-- oc_category_description PRIMARY KEY (`category_id`,`language_id`)
INSERT IGNORE INTO `oc_category_description` (`category_id`, `language_id`, `name`, `description`, `meta_title`, `meta_description`, `meta_keyword`) VALUES
(65, 1, 'Dung Dịch Tẩy Rửa', 'Dung Dịch Tẩy Rửa', '', '', ''),
(61, 1, 'Rau Gia Vị', 'Rau Gia Vị', '', '', ''),
(62, 2, 'Gia Vị Truyền Thống', 'Gia Vị Truyền Thống', '', '', ''),
(65, 2, 'Dung Dịch Tẩy Rửa', 'Dung Dịch Tẩy Rửa', '', '', ''),
(64, 1, 'Máy Xông Tinh Dầu', 'Máy Xông Tinh Dầu', '', '', ''),
(64, 2, 'Máy Xông Tinh Dầu', 'Máy Xông Tinh Dầu', '', '', ''),
(63, 2, 'Nước Mắm', 'Nước Mắm', '', '', ''),
(63, 1, 'Nước Mắm', 'Nước Mắm', '', '', ''),
(62, 1, 'Gia Vị Truyền Thống', 'Gia Vị Truyền Thống', '', '', ''),
(59, 1, 'Giấy Vệ Sinh', 'Giấy Vệ Sinh', '', '', ''),
(60, 2, 'Trái Cây', 'Trái Cây', '', '', ''),
(60, 1, 'Trái Cây', 'Trái Cây', '', '', ''),
(61, 2, 'Rau Gia Vị', 'Rau Gia Vị', '', '', ''),
(50, 1, 'Mỹ Phẩm', 'Mỹ Phẩm', '', '', ''),
(51, 2, 'Gia Vị', 'Gia Vị', '', '', ''),
(51, 1, 'Gia Vị', 'Gia Vị', '', '', ''),
(52, 2, 'Phụ Kiện Bé', 'Phụ Kiện Bé', '', '', ''),
(52, 1, 'Phụ Kiện Bé', 'Phụ Kiện Bé', '', '', ''),
(53, 2, 'Đồ Uống', 'Đồ Uống', '', '', ''),
(53, 1, 'Đồ Uống', 'Đồ Uống', '', '', ''),
(54, 2, 'Bánh Kẹo', 'Bánh Kẹo', '', '', ''),
(54, 1, 'Bánh Kẹo', 'Bánh Kẹo', '', '', ''),
(55, 2, 'Gia Dụng Thông Minh', 'Gia Dụng Thông Minh', '', '', ''),
(55, 1, 'Gia Dụng Thông Minh', 'Gia Dụng Thông Minh', '', '', ''),
(56, 2, 'Tóc', 'Tóc', '', '', ''),
(56, 1, 'Tóc', 'Tóc', '', '', ''),
(57, 2, 'Rượu', 'Rượu', '', '', ''),
(57, 1, 'Rượu', 'Rượu', '', '', ''),
(58, 2, 'Mỳ', 'Mỳ', '', '', ''),
(58, 1, 'Mỳ', 'Mỳ', '', '', ''),
(59, 2, 'Giấy Vệ Sinh', 'Giấy Vệ Sinh', '', '', ''),
(50, 2, 'Mỹ Phẩm', 'Mỹ Phẩm', '', '', ''),
(49, 1, 'Nhà Bếp', 'Nhà Bếp', '', '', ''),
(49, 2, 'Nhà Bếp', 'Nhà Bếp', '', '', ''),
(66, 2, 'Rau Ăn Lá/Thân', 'Rau Ăn Lá/Thân', '', '', ''),
(66, 1, 'Rau Ăn Lá/Thân', 'Rau Ăn Lá/Thân', '', '', ''),
(67, 2, 'Củ/Quả/Hạt', 'Củ/Quả/Hạt', '', '', ''),
(67, 1, 'Củ/Quả/Hạt', 'Củ/Quả/Hạt', '', '', '');


-- oc_category_path PRIMARY KEY (`category_id`,`path_id`)
INSERT IGNORE INTO `oc_category_path` (`category_id`, `path_id`, `level`) VALUES
(67, 67, 0),
(52, 52, 0),
(59, 59, 0),
(60, 60, 0),
(61, 61, 0),
(66, 66, 0),
(51, 51, 0),
(50, 50, 0),
(49, 49, 0),
(62, 62, 0),
(63, 63, 0),
(56, 56, 0),
(57, 57, 0),
(58, 58, 0),
(53, 53, 0),
(64, 64, 0),
(65, 65, 0),
(54, 54, 0),
(55, 55, 0);


-- oc_category_to_store PRIMARY KEY (`category_id`,`store_id`)
INSERT IGNORE INTO `oc_category_to_store` (`category_id`, `store_id`) VALUES
(49, 0),
(50, 0),
(51, 0),
(52, 0),
(53, 0),
(54, 0),
(55, 0),
(56, 0),
(57, 0),
(58, 0),
(59, 0),
(60, 0),
(61, 0),
(62, 0),
(63, 0),
(64, 0),
(65, 0),
(66, 0),
(67, 0);
