-- oc_product PRIMARY KEY (`product_id`)
-- delete first
INSERT IGNORE INTO `oc_product` (`product_id`, `model`, `sku`, `common_barcode`, `common_sku`, `common_compare_price`, `common_price`, `common_cost_price`, `barcode`, `upc`, `ean`, `jan`, `isbn`, `mpn`, `location`, `quantity`, `sale_on_out_of_stock`, `stock_status_id`, `image`, `image_alt`, `multi_versions`, `manufacturer_id`, `shipping`, `price`, `price_currency_id`, `compare_price`, `c_price_currency_id`, `points`, `tax_class_id`, `date_available`, `weight`, `weight_class_id`, `length`, `width`, `height`, `length_class_id`, `subtract`, `minimum`, `sort_order`, `status`, `channel`, `viewed`, `demo`, `deleted`, `default_store_id`, `user_create_id`, `date_added`, `date_modified`) VALUES
(473, '', '', '', '', '0.0000', '0.0000', '0.0000', '', '', '', '', '', '', '', 0, 0, 0, 'https://2.pik.vn/2020810b15f7-ee5f-463b-a4a4-bbc1bef0333b.jpg', '', 0, 30, 1, '0.0000', 1, '8500.0000', 1, 0, 0, '0000-00-00', '330.00000000', 1, '0.00000000', '0.00000000', '0.00000000', 0, 1, 1, 0, 1, 2, 0, 1, NULL, 0, 1, '2020-12-10 13:21:03', '2020-12-10 13:21:03'),
(472, '', '', '', '', '0.0000', '0.0000', '0.0000', '', '', '', '', '', '', '', 0, 0, 0, 'https://2.pik.vn/202006c8d6b8-4275-4c23-afad-33f5a7b3c207.jpg', '', 0, 65, 1, '0.0000', 1, '5000.0000', 1, 0, 0, '0000-00-00', '75.00000000', 1, '0.00000000', '0.00000000', '0.00000000', 0, 1, 1, 0, 1, 2, 0, 1, NULL, 0, 1, '2020-12-10 13:21:03', '2020-12-10 13:21:03'),
(471, '', '', '', '', '0.0000', '0.0000', '0.0000', '', '', '', '', '', '', '', 0, 0, 0, 'https://2.pik.vn/202004be2d55-5d81-4561-a4e7-6c9d0b7bb9cf.jpg', '', 0, 30, 1, '0.0000', 1, '9000.0000', 1, 0, 0, '0000-00-00', '330.00000000', 1, '0.00000000', '0.00000000', '0.00000000', 0, 1, 1, 0, 1, 2, 0, 1, NULL, 0, 1, '2020-12-10 13:21:03', '2020-12-10 13:21:03'),
(470, '', '', '', '', '0.0000', '0.0000', '0.0000', '', '', '', '', '', '', '', 0, 0, 0, 'https://2.pik.vn/202033a42553-5801-4f51-9541-edee64b6c6b8.jpg', '', 0, 30, 1, '9000.0000', 1, '10000.0000', 1, 0, 0, '0000-00-00', '330.00000000', 1, '0.00000000', '0.00000000', '0.00000000', 0, 1, 1, 0, 1, 2, 0, 1, NULL, 0, 1, '2020-12-10 13:21:03', '2020-12-10 13:21:03'),
(469, '', '', '', '', '0.0000', '0.0000', '0.0000', '', '', '', '', '', '', '', 0, 0, 0, 'https://2.pik.vn/2020711af92a-881c-4a70-8980-49864ee1ba2b.jpg', '', 0, 35, 1, '220000.0000', 1, '250000.0000', 1, 0, 0, '0000-00-00', '1.00000000', 1, '0.00000000', '0.00000000', '0.00000000', 0, 1, 1, 0, 1, 2, 0, 1, NULL, 0, 1, '2020-12-10 13:21:03', '2020-12-10 17:40:36'),
(468, '', '', '', '', '0.0000', '0.0000', '0.0000', '', '', '', '', '', '', '', 0, 0, 0, 'https://2.pik.vn/2020cdcfd69e-98b2-4440-b9be-3382a585f02a.jpg', '', 0, 35, 1, '58000.0000', 1, '70000.0000', 1, 0, 0, '0000-00-00', '1.00000000', 1, '0.00000000', '0.00000000', '0.00000000', 0, 1, 1, 0, 1, 2, 0, 1, NULL, 0, 1, '2020-12-10 13:21:03', '2020-12-10 17:41:49'),
(467, '', '', '', '', '0.0000', '0.0000', '0.0000', '', '', '', '', '', '', '', 0, 0, 0, 'https://2.pik.vn/2020290809e3-4f22-4761-b047-0db4528d971f.jpg', '', 0, 26, 1, '3200000.0000', 1, '3500000.0000', 1, 0, 0, '0000-00-00', '1.00000000', 1, '0.00000000', '0.00000000', '0.00000000', 0, 1, 1, 0, 1, 2, 0, 1, NULL, 0, 1, '2020-12-10 13:21:03', '2020-12-10 17:42:19'),
(466, '', '', '', '', '0.0000', '0.0000', '0.0000', '', '', '', '', '', '', '', 0, 0, 0, 'https://2.pik.vn/2020956129b1-6094-412c-bbfa-e0098e64858d.jpg', '', 0, 67, 1, '0.0000', 1, '190000.0000', 1, 0, 0, '0000-00-00', '1.00000000', 1, '0.00000000', '0.00000000', '0.00000000', 0, 1, 1, 0, 1, 2, 0, 1, NULL, 0, 1, '2020-12-10 13:21:02', '2020-12-10 13:21:02'),
(465, '', '', '', '', '0.0000', '0.0000', '0.0000', '', '', '', '', '', '', '', 0, 0, 0, 'https://2.pik.vn/2020e850c36b-5c3d-4e76-9a74-ff98b50ee3fb.jpg', '', 0, 35, 1, '100000.0000', 1, '120000.0000', 1, 0, 0, '0000-00-00', '1.00000000', 1, '0.00000000', '0.00000000', '0.00000000', 0, 1, 1, 0, 1, 2, 0, 1, NULL, 0, 1, '2020-12-10 13:21:02', '2020-12-10 17:42:39'),
(464, '', '', '', '', '0.0000', '0.0000', '0.0000', '', '', '', '', '', '', '', 0, 0, 0, 'https://2.pik.vn/2020f332d862-d572-41eb-9c23-8e2f96ef5c20.jpg', '', 0, 26, 1, '0.0000', 1, '2000000.0000', 1, 0, 0, '0000-00-00', '1.00000000', 1, '0.00000000', '0.00000000', '0.00000000', 0, 1, 1, 0, 1, 2, 0, 1, NULL, 0, 1, '2020-12-10 13:21:02', '2020-12-10 17:43:02'),
(463, '', '', '', '', '0.0000', '0.0000', '0.0000', '', '', '', '', '', '', '', 0, 0, 0, 'https://2.pik.vn/2020cb058203-ef6f-4019-894c-248c1fa64184.jpg', '', 0, 26, 1, '0.0000', 1, '2200000.0000', 1, 0, 0, '0000-00-00', '1.00000000', 1, '0.00000000', '0.00000000', '0.00000000', 0, 1, 1, 0, 1, 2, 0, 1, NULL, 0, 1, '2020-12-10 13:21:02', '2020-12-10 17:43:40'),
(462, '', '', '', '', '0.0000', '0.0000', '0.0000', '', '', '', '', '', '', '', 0, 0, 0, 'https://2.pik.vn/20207776be10-9de4-48fe-b0f2-4026208787bb.jpg', '', 0, 66, 1, '0.0000', 1, '18000.0000', 1, 0, 0, '0000-00-00', '80.00000000', 1, '0.00000000', '0.00000000', '0.00000000', 0, 1, 1, 0, 1, 2, 0, 1, NULL, 0, 1, '2020-12-10 13:21:02', '2020-12-10 13:21:02'),
(461, '', '', '', '', '0.0000', '0.0000', '0.0000', '', '', '', '', '', '', '', 0, 0, 0, 'https://2.pik.vn/202039d7179f-5001-4865-9f2d-c8421b57d384.jpg', '', 0, 42, 1, '0.0000', 1, '3500.0000', 1, 0, 0, '0000-00-00', '75.00000000', 1, '0.00000000', '0.00000000', '0.00000000', 0, 1, 1, 0, 1, 2, 0, 1, NULL, 0, 1, '2020-12-10 13:21:02', '2020-12-10 13:21:02'),
(460, '', '', '', '', '0.0000', '0.0000', '0.0000', '', '', '', '', '', '', '', 0, 0, 0, 'https://2.pik.vn/20209f204852-c102-4111-be8b-c848034ed4b1.jpg', '', 0, 65, 1, '0.0000', 1, '4000.0000', 1, 0, 0, '0000-00-00', '75.00000000', 1, '0.00000000', '0.00000000', '0.00000000', 0, 1, 1, 0, 1, 2, 0, 1, NULL, 0, 1, '2020-12-10 13:21:02', '2020-12-10 13:21:02'),
(459, '', '', '', '', '0.0000', '0.0000', '0.0000', '', '', '', '', '', '', '', 0, 0, 0, 'https://2.pik.vn/202023b2d4cd-ed66-4c60-8c06-55c416fe4d44.jpg', '', 0, 43, 1, '0.0000', 1, '5000000.0000', 1, 0, 0, '0000-00-00', '5.00000000', 1, '0.00000000', '0.00000000', '0.00000000', 0, 1, 1, 0, 1, 2, 0, 1, NULL, 0, 1, '2020-12-10 13:21:02', '2020-12-10 13:21:02'),
(458, '', '', '', '', '0.0000', '0.0000', '0.0000', '', '', '', '', '', '', '', 0, 0, 0, 'https://2.pik.vn/20204f35349d-4d4c-4ff1-8f6c-5c394f91241a.jpg', '', 0, 60, 1, '0.0000', 1, '15000.0000', 1, 0, 0, '0000-00-00', '75.00000000', 1, '0.00000000', '0.00000000', '0.00000000', 0, 1, 1, 0, 1, 2, 0, 1, NULL, 0, 1, '2020-12-10 13:21:02', '2020-12-10 13:21:02'),
(457, '', '', '', '', '0.0000', '0.0000', '0.0000', '', '', '', '', '', '', '', 0, 0, 0, 'https://2.pik.vn/20205cec6e8d-3080-427a-b0a7-fd85ba1f59ca.jpg', '', 0, 30, 1, '0.0000', 1, '8000.0000', 1, 0, 0, '0000-00-00', '330.00000000', 1, '0.00000000', '0.00000000', '0.00000000', 0, 1, 1, 0, 1, 2, 0, 1, NULL, 0, 1, '2020-12-10 13:21:02', '2020-12-10 13:21:02'),
(456, '', '', '', '', '0.0000', '0.0000', '0.0000', '', '', '', '', '', '', '', 0, 0, 0, 'https://2.pik.vn/2020233d9885-4109-4eb6-813b-2342aa47e892.jpg', '', 0, 33, 1, '0.0000', 1, '15000.0000', 1, 0, 0, '0000-00-00', '100.00000000', 1, '0.00000000', '0.00000000', '0.00000000', 0, 1, 1, 0, 1, 2, 0, 1, NULL, 0, 1, '2020-12-10 13:21:02', '2020-12-10 13:21:02'),
(455, '', '', '', '', '0.0000', '0.0000', '0.0000', '', '', '', '', '', '', '', 0, 0, 0, 'https://2.pik.vn/2020ce74f657-7beb-4f29-b51d-1ac22c43793b.jpg', '', 0, 27, 1, '0.0000', 1, '350000.0000', 1, 0, 0, '0000-00-00', '1.00000000', 1, '0.00000000', '0.00000000', '0.00000000', 0, 1, 1, 0, 1, 2, 0, 1, NULL, 0, 1, '2020-12-10 13:21:02', '2020-12-10 13:21:02'),
(454, '', '', '', '', '0.0000', '0.0000', '0.0000', '', '', '', '', '', '', '', 0, 0, 0, 'https://2.pik.vn/2020f8460796-80ab-46f6-a5e0-a9c39fab1b00.jpg', '', 0, 29, 1, '0.0000', 1, '25000.0000', 1, 0, 0, '0000-00-00', '10.00000000', 1, '0.00000000', '0.00000000', '0.00000000', 0, 1, 1, 0, 1, 2, 0, 1, NULL, 0, 1, '2020-12-10 13:21:02', '2020-12-10 13:21:02'),
(453, '', '', '', '', '0.0000', '0.0000', '0.0000', '', '', '', '', '', '', '', 0, 0, 0, 'https://2.pik.vn/202056c7df89-a395-4a46-85e8-41aa1bf47070.jpg', '', 0, 27, 1, '0.0000', 1, '1500000.0000', 1, 0, 0, '0000-00-00', '1.00000000', 1, '0.00000000', '0.00000000', '0.00000000', 0, 1, 1, 0, 1, 2, 0, 1, NULL, 0, 1, '2020-12-10 13:21:02', '2020-12-10 13:21:02'),
(452, '', '', '', '', '0.0000', '0.0000', '0.0000', '', '', '', '', '', '', '', 0, 0, 0, 'https://2.pik.vn/20205cbebd96-060f-4501-a557-cac4c860e650.jpg', '', 0, 26, 1, '0.0000', 1, '120000.0000', 1, 0, 0, '0000-00-00', '1.00000000', 1, '0.00000000', '0.00000000', '0.00000000', 0, 1, 1, 0, 1, 2, 0, 1, NULL, 0, 1, '2020-12-10 13:21:02', '2020-12-10 17:44:00'),
(451, '', '', '', '', '0.0000', '0.0000', '0.0000', '', '', '', '', '', '', '', 0, 0, 0, 'https://2.pik.vn/20203105ed62-81ae-489b-9f29-ed37fb54a869.jpg', '', 0, 64, 1, '3850000.0000', 1, '4000000.0000', 1, 0, 0, '0000-00-00', '5.00000000', 1, '0.00000000', '0.00000000', '0.00000000', 0, 1, 1, 0, 1, 2, 0, 1, NULL, 0, 1, '2020-12-10 13:21:02', '2020-12-10 13:21:02'),
(450, '', '', '', '', '0.0000', '0.0000', '0.0000', '', '', '', '', '', '', '', 0, 0, 0, 'https://2.pik.vn/202088b034c5-4ccd-4eb4-b4c1-aebd65c4659e.jpg', '', 0, 35, 1, '0.0000', 1, '30000.0000', 1, 0, 0, '0000-00-00', '1.00000000', 1, '0.00000000', '0.00000000', '0.00000000', 0, 1, 1, 0, 1, 2, 0, 1, NULL, 0, 1, '2020-12-10 13:21:02', '2020-12-10 17:45:56'),
(449, '', '', '', '', '0.0000', '0.0000', '0.0000', '', '', '', '', '', '', '', 0, 0, 0, 'https://2.pik.vn/2020c0ee44fb-3c01-4166-96ed-b7dfaa9c3f33.jpg', '', 0, 36, 1, '10000.0000', 1, '12000.0000', 1, 0, 0, '0000-00-00', '60.00000000', 1, '0.00000000', '0.00000000', '0.00000000', 0, 1, 1, 0, 1, 2, 0, 1, NULL, 0, 1, '2020-12-10 13:21:02', '2020-12-10 13:21:02'),
(448, '', '', '', '', '0.0000', '0.0000', '0.0000', '', '', '', '', '', '', '', 0, 0, 0, 'https://2.pik.vn/2020da0ac729-3cfc-4c8e-a73c-f5cacbc13f7c.jpg', '', 0, 30, 1, '0.0000', 1, '15000.0000', 1, 0, 0, '0000-00-00', '1500.00000000', 1, '0.00000000', '0.00000000', '0.00000000', 0, 1, 1, 0, 1, 2, 0, 1, NULL, 0, 1, '2020-12-10 13:21:02', '2020-12-10 13:21:02'),
(447, '', '', '', '', '0.0000', '0.0000', '0.0000', '', '', '', '', '', '', '', 0, 0, 0, 'https://2.pik.vn/2020d23ba8de-1ce5-4abd-adcd-075912067ee4.jpg', '', 0, 63, 1, '50000.0000', 1, '55000.0000', 1, 0, 0, '0000-00-00', '150.00000000', 1, '0.00000000', '0.00000000', '0.00000000', 0, 1, 1, 0, 1, 2, 0, 1, NULL, 0, 1, '2020-12-10 13:21:02', '2020-12-10 13:21:02'),
(446, '', '', '', '', '0.0000', '0.0000', '0.0000', '', '', '', '', '', '', '', 0, 0, 0, 'https://2.pik.vn/202023f8f7df-64e0-4249-aebf-3dea127945ca.jpg', '', 0, 43, 1, '2800000.0000', 1, '3000000.0000', 1, 0, 0, '0000-00-00', '5.00000000', 1, '0.00000000', '0.00000000', '0.00000000', 0, 1, 1, 0, 1, 2, 0, 1, NULL, 0, 1, '2020-12-10 13:21:02', '2020-12-10 13:21:02'),
(445, '', '', '', '', '0.0000', '0.0000', '0.0000', '', '', '', '', '', '', '', 0, 0, 0, 'https://2.pik.vn/2020ad195aed-8cc0-435c-9f9d-da209de383bd.jpg', '', 0, 29, 1, '0.0000', 1, '150000.0000', 1, 0, 0, '0000-00-00', '10.00000000', 1, '0.00000000', '0.00000000', '0.00000000', 0, 1, 1, 0, 1, 2, 0, 1, NULL, 0, 1, '2020-12-10 13:21:02', '2020-12-10 13:21:02'),
(444, '', '', '', '', '0.0000', '0.0000', '0.0000', '', '', '', '', '', '', '', 0, 0, 0, 'https://2.pik.vn/202095c77582-3423-407e-adc1-3b374bbbfd46.jpg', '', 0, 43, 1, '0.0000', 1, '2500000.0000', 1, 0, 0, '0000-00-00', '5.00000000', 1, '0.00000000', '0.00000000', '0.00000000', 0, 1, 1, 0, 1, 2, 0, 1, NULL, 0, 1, '2020-12-10 13:21:02', '2020-12-10 13:21:02'),
(443, '', '', '', '', '0.0000', '0.0000', '0.0000', '', '', '', '', '', '', '', 0, 0, 0, 'https://2.pik.vn/20209b3c26dd-e212-4a46-9385-aadf837bbd66.jpg', '', 0, 35, 1, '0.0000', 1, '40000.0000', 1, 0, 0, '0000-00-00', '1.00000000', 1, '0.00000000', '0.00000000', '0.00000000', 0, 1, 1, 0, 1, 2, 0, 1, NULL, 0, 1, '2020-12-10 13:21:02', '2020-12-10 17:46:38'),
(442, '', '', '', '', '0.0000', '0.0000', '0.0000', '', '', '', '', '', '', '', 0, 0, 0, 'https://2.pik.vn/2020e9bbb009-75e7-409b-8685-f8ab451d568a.jpg', '', 0, 26, 1, '0.0000', 1, '350000.0000', 1, 0, 0, '0000-00-00', '1.00000000', 1, '0.00000000', '0.00000000', '0.00000000', 0, 1, 1, 0, 1, 2, 0, 1, NULL, 0, 1, '2020-12-10 13:21:02', '2020-12-10 17:40:00'),
(441, '', '', '', '', '0.0000', '0.0000', '0.0000', '', '', '', '', '', '', '', 0, 0, 0, 'https://2.pik.vn/2020e5b09a1e-1b22-483b-a28f-2efefe1854ec.jpg', '', 0, 26, 1, '2300000.0000', 1, '2500000.0000', 1, 0, 0, '0000-00-00', '1.00000000', 1, '0.00000000', '0.00000000', '0.00000000', 0, 1, 1, 0, 1, 2, 0, 1, NULL, 0, 1, '2020-12-10 13:21:02', '2020-12-10 17:43:20'),
(440, '', '', '', '', '0.0000', '0.0000', '0.0000', '', '', '', '', '', '', '', 0, 0, 0, 'https://2.pik.vn/20203e2a420a-a563-4b28-b612-b243775c98c4.jpg', '', 0, 28, 1, '1000.0000', 1, '12000.0000', 1, 0, 0, '0000-00-00', '60.00000000', 1, '0.00000000', '0.00000000', '0.00000000', 0, 1, 1, 0, 1, 2, 0, 1, NULL, 0, 1, '2020-12-10 13:21:02', '2020-12-10 13:21:02'),
(439, '', '', '', '', '0.0000', '0.0000', '0.0000', '', '', '', '', '', '', '', 0, 0, 0, 'https://2.pik.vn/20204c50ad63-8bfd-4548-8c6b-57e697377795.jpg', '', 0, 62, 1, '0.0000', 1, '20000.0000', 1, 0, 0, '0000-00-00', '30.00000000', 1, '0.00000000', '0.00000000', '0.00000000', 0, 1, 1, 0, 1, 2, 0, 1, NULL, 0, 1, '2020-12-10 13:21:02', '2020-12-10 13:21:02'),
(438, '', '', '', '', '0.0000', '0.0000', '0.0000', '', '', '', '', '', '', '', 0, 0, 0, 'https://2.pik.vn/20204396fbdf-661c-4939-959f-5f295898bd6f.jpg', '', 0, 42, 1, '0.0000', 1, '3500.0000', 1, 0, 0, '0000-00-00', '75.00000000', 1, '0.00000000', '0.00000000', '0.00000000', 0, 1, 1, 0, 1, 2, 0, 1, NULL, 0, 1, '2020-12-10 13:21:02', '2020-12-10 13:21:02'),
(437, '', '', '', '', '0.0000', '0.0000', '0.0000', '', '', '', '', '', '', '', 0, 0, 0, 'https://2.pik.vn/2020ba517730-aba4-469e-9e0a-62a5ab613f4a.jpg', '', 0, 28, 1, '0.0000', 1, '10000.0000', 1, 0, 0, '0000-00-00', '60.00000000', 1, '0.00000000', '0.00000000', '0.00000000', 0, 1, 1, 0, 1, 2, 0, 1, NULL, 0, 1, '2020-12-10 13:21:02', '2020-12-10 13:21:02'),
(436, '', '', '', '', '0.0000', '0.0000', '0.0000', '', '', '', '', '', '', '', 0, 0, 0, 'https://2.pik.vn/2020d0a9fe25-11c7-43da-83e8-e40c492ae206.jpg', '', 0, 61, 1, '0.0000', 1, '200000.0000', 1, 0, 0, '0000-00-00', '1.00000000', 1, '0.00000000', '0.00000000', '0.00000000', 0, 1, 1, 0, 1, 2, 0, 1, NULL, 0, 1, '2020-12-10 13:21:02', '2020-12-10 13:21:02'),
(435, '', '', '', '', '0.0000', '0.0000', '0.0000', '', '', '', '', '', '', '', 0, 0, 0, 'https://2.pik.vn/2020adeb0e68-bed3-472a-8796-94aff1e69c43.jpg', '', 0, 60, 1, '0.0000', 1, '8000.0000', 1, 0, 0, '0000-00-00', '75.00000000', 1, '0.00000000', '0.00000000', '0.00000000', 0, 1, 1, 0, 1, 2, 0, 1, NULL, 0, 1, '2020-12-10 13:21:02', '2020-12-10 13:21:02'),
(434, '', '', '', '', '0.0000', '0.0000', '0.0000', '', '', '', '', '', '', '', 0, 0, 0, 'https://2.pik.vn/2020512176a7-7cee-4273-9de6-d29d006e4581.jpg', '', 0, 28, 1, '0.0000', 1, '10000.0000', 1, 0, 0, '0000-00-00', '60.00000000', 1, '0.00000000', '0.00000000', '0.00000000', 0, 1, 1, 0, 1, 2, 0, 1, NULL, 0, 1, '2020-12-10 13:21:02', '2020-12-10 13:21:02'),
(433, '', '', '', '', '0.0000', '0.0000', '0.0000', '', '', '', '', '', '', '', 0, 0, 0, 'https://2.pik.vn/2020a867614b-16f3-4305-9bf1-4df252f200a9.jpg', '', 0, 60, 1, '0.0000', 1, '8000.0000', 1, 0, 0, '0000-00-00', '75.00000000', 1, '0.00000000', '0.00000000', '0.00000000', 0, 1, 1, 0, 1, 2, 0, 1, NULL, 0, 1, '2020-12-10 13:21:02', '2020-12-10 13:21:02'),
(432, '', '', '', '', '0.0000', '0.0000', '0.0000', '', '', '', '', '', '', '', 0, 0, 0, 'https://cdn.bestme.asia/images/x2/65db6637fe4e0b3155c10ad10bc40f7c_H7lFMYP.jpg', '', 0, 42, 1, '0.0000', 1, '5000.0000', 1, 0, 0, '0000-00-00', '75.00000000', 1, '0.00000000', '0.00000000', '0.00000000', 0, 1, 1, 0, 1, 2, 0, 1, NULL, 0, 1, '2020-12-10 13:21:02', '2020-12-10 13:21:02'),
(431, '', '', '', '', '0.0000', '0.0000', '0.0000', '', '', '', '', '', '', '', 0, 0, 0, 'https://cdn.bestme.asia/images/x2/2f596f4f6285b3b39c3f5add9e1bcbc4_4AvJeUe.jpg', '', 0, 59, 1, '750000.0000', 1, '800000.0000', 1, 0, 0, '0000-00-00', '950.00000000', 1, '0.00000000', '0.00000000', '0.00000000', 0, 1, 1, 0, 1, 2, 0, 1, NULL, 0, 1, '2020-12-10 13:21:02', '2020-12-10 13:21:02'),
(430, '', '', '', '', '0.0000', '0.0000', '0.0000', '', '', '', '', '', '', '', 0, 0, 0, 'https://cdn.bestme.asia/images/x2/0340dc03f1b1a150f39c179921c8052a.jpg', '', 0, 58, 1, '60000.0000', 1, '65000.0000', 1, 0, 0, '0000-00-00', '800.00000000', 1, '0.00000000', '0.00000000', '0.00000000', 0, 1, 1, 0, 1, 2, 0, 1, NULL, 0, 1, '2020-12-10 13:21:02', '2020-12-10 13:21:02'),
(429, '', '', '', '', '0.0000', '0.0000', '0.0000', '', '', '', '', '', '', '', 0, 0, 0, 'https://2.pik.vn/2020611e90e5-25e8-439d-a325-891f73119aec.jpg', '', 0, 54, 1, '0.0000', 1, '22000.0000', 1, 0, 0, '0000-00-00', '20.00000000', 1, '0.00000000', '0.00000000', '0.00000000', 0, 1, 1, 0, 1, 2, 0, 1, NULL, 0, 1, '2020-12-10 13:21:02', '2020-12-10 13:21:02'),
(428, '', '', '', '', '0.0000', '0.0000', '0.0000', '', '', '', '', '', '', '', 0, 0, 0, 'https://2.pik.vn/20201f5bdf89-ede7-4473-9145-7bdbc56abd58.jpg', '', 0, 57, 1, '0.0000', 1, '25000.0000', 1, 0, 0, '0000-00-00', '15.00000000', 1, '0.00000000', '0.00000000', '0.00000000', 0, 1, 1, 0, 1, 2, 0, 1, NULL, 0, 1, '2020-12-10 13:21:02', '2020-12-10 13:21:02'),
(427, '', '', '', '', '0.0000', '0.0000', '0.0000', '', '', '', '', '', '', '', 0, 0, 0, 'https://2.pik.vn/202009cb8f56-5072-4c99-800d-f04b29a44dc2.jpg', '', 0, 35, 1, '0.0000', 1, '250000.0000', 1, 0, 0, '0000-00-00', '20.00000000', 1, '0.00000000', '0.00000000', '0.00000000', 0, 1, 1, 0, 1, 2, 0, 1, NULL, 0, 1, '2020-12-10 13:21:02', '2020-12-10 13:21:02'),
(426, '', '', '', '', '0.0000', '0.0000', '0.0000', '', '', '', '', '', '', '', 0, 0, 0, 'https://2.pik.vn/202077818572-cb91-48c6-a843-b073e87f7ddf.jpg', '', 0, 28, 1, '0.0000', 1, '25000.0000', 1, 0, 0, '0000-00-00', '15.00000000', 1, '0.00000000', '0.00000000', '0.00000000', 0, 1, 1, 0, 1, 2, 0, 1, NULL, 0, 1, '2020-12-10 13:21:02', '2020-12-10 13:21:02'),
(425, '', '', '', '', '0.0000', '0.0000', '0.0000', '', '', '', '', '', '', '', 0, 0, 0, 'https://2.pik.vn/2020c432fc14-8c05-4051-8a25-d781ba981ac5.jpg', '', 0, 35, 1, '0.0000', 1, '350000.0000', 1, 0, 0, '0000-00-00', '20.00000000', 1, '0.00000000', '0.00000000', '0.00000000', 0, 1, 1, 0, 1, 2, 0, 1, NULL, 0, 1, '2020-12-10 13:21:02', '2020-12-10 13:21:02'),
(424, '', '', '', '', '0.0000', '0.0000', '0.0000', '', '', '', '', '', '', '', 0, 0, 0, 'https://2.pik.vn/20208d48de80-56e6-4925-a691-177c1f6c0057.jpg', '', 0, 56, 1, '0.0000', 1, '25000.0000', 1, 0, 0, '0000-00-00', '20.00000000', 1, '0.00000000', '0.00000000', '0.00000000', 0, 1, 1, 0, 1, 2, 0, 1, NULL, 0, 1, '2020-12-10 13:21:02', '2020-12-10 13:21:02'),
(423, '', '', '', '', '0.0000', '0.0000', '0.0000', '', '', '', '', '', '', '', 0, 0, 0, 'https://2.pik.vn/2020bff632db-4e82-4829-a516-cd8633d7ab42.jpg', '', 0, 53, 1, '0.0000', 1, '40000.0000', 1, 0, 0, '0000-00-00', '20.00000000', 1, '0.00000000', '0.00000000', '0.00000000', 0, 1, 1, 0, 1, 2, 0, 1, NULL, 0, 1, '2020-12-10 13:21:02', '2020-12-10 13:21:02'),
(422, '', '', '', '', '0.0000', '0.0000', '0.0000', '', '', '', '', '', '', '', 0, 0, 0, 'https://2.pik.vn/20201aa5fb38-e788-444b-b6c9-0b946aa443a1.jpg', '', 0, 55, 1, '0.0000', 1, '30000.0000', 1, 0, 0, '0000-00-00', '15.00000000', 1, '0.00000000', '0.00000000', '0.00000000', 0, 1, 1, 0, 1, 2, 0, 1, NULL, 0, 1, '2020-12-10 13:21:02', '2020-12-10 13:21:02'),
(421, '', '', '', '', '0.0000', '0.0000', '0.0000', '', '', '', '', '', '', '', 0, 0, 0, 'https://2.pik.vn/2020003997d9-72a3-485a-b9b2-259baeaf8f1b.jpg', '', 0, 54, 1, '0.0000', 1, '19000.0000', 1, 0, 0, '0000-00-00', '20.00000000', 1, '0.00000000', '0.00000000', '0.00000000', 0, 1, 1, 0, 1, 2, 0, 1, NULL, 0, 1, '2020-12-10 13:21:02', '2020-12-10 13:21:02'),
(420, '', '', '', '', '0.0000', '0.0000', '0.0000', '', '', '', '', '', '', '', 0, 0, 0, 'https://2.pik.vn/202010cb82ce-e55e-4ae7-bad7-0fb8c5e4e8e2.jpg', '', 0, 35, 1, '380000.0000', 1, '400000.0000', 1, 0, 0, '0000-00-00', '20.00000000', 1, '0.00000000', '0.00000000', '0.00000000', 0, 1, 1, 0, 1, 2, 0, 1, NULL, 0, 1, '2020-12-10 13:21:02', '2020-12-10 13:21:02'),
(419, '', '', '', '', '0.0000', '0.0000', '0.0000', '', '', '', '', '', '', '', 0, 0, 0, 'https://2.pik.vn/2020fbfbd42a-c448-40e7-852a-2a1fc6fd0a0e.jpg', '', 0, 53, 1, '0.0000', 1, '40000.0000', 1, 0, 0, '0000-00-00', '20.00000000', 1, '0.00000000', '0.00000000', '0.00000000', 0, 1, 1, 0, 1, 2, 0, 1, NULL, 0, 1, '2020-12-10 13:21:02', '2020-12-10 13:21:02'),
(418, '', '', '', '', '0.0000', '0.0000', '0.0000', '', '', '', '', '', '', '', 0, 0, 0, 'https://2.pik.vn/2020d132e7a6-1ba8-400e-9237-3b55446681cb.jpg', '', 0, 35, 1, '0.0000', 1, '320000.0000', 1, 0, 0, '0000-00-00', '20.00000000', 1, '0.00000000', '0.00000000', '0.00000000', 0, 1, 1, 0, 1, 2, 0, 1, NULL, 0, 1, '2020-12-10 13:21:02', '2020-12-10 13:21:02'),
(417, '', '', '', '', '0.0000', '0.0000', '0.0000', '', '', '', '', '', '', '', 0, 0, 0, 'https://2.pik.vn/202023d3993f-7288-4af2-9493-3a88cd004e9a.jpg', '', 0, 52, 1, '0.0000', 1, '3500.0000', 1, 0, 0, '0000-00-00', '15.00000000', 1, '0.00000000', '0.00000000', '0.00000000', 0, 1, 1, 0, 1, 2, 0, 1, NULL, 0, 1, '2020-12-10 13:21:02', '2020-12-10 13:21:02'),
(416, '', '', '', '', '0.0000', '0.0000', '0.0000', '', '', '', '', '', '', '', 0, 0, 0, 'https://2.pik.vn/202021051477-b11b-413e-98ef-72d33324f540.jpg', '', 0, 51, 1, '0.0000', 1, '30000.0000', 1, 0, 0, '0000-00-00', '20.00000000', 1, '0.00000000', '0.00000000', '0.00000000', 0, 1, 1, 0, 1, 2, 0, 1, NULL, 0, 1, '2020-12-10 13:21:02', '2020-12-10 13:21:02'),
(415, '', '', '', '', '0.0000', '0.0000', '0.0000', '', '', '', '', '', '', '', 0, 0, 0, 'https://cdn.bestme.asia/images/x2/chuoi-cau_6EqTTRG.jpg', '', 0, 46, 1, '0.0000', 1, '20000.0000', 1, 0, 0, '0000-00-00', '1000.00000000', 1, '0.00000000', '0.00000000', '0.00000000', 0, 1, 1, 0, 1, 2, 0, 1, NULL, 0, 1, '2020-12-10 13:21:02', '2020-12-10 13:21:02'),
(414, '', '', '', '', '0.0000', '0.0000', '0.0000', '', '', '', '', '', '', '', 0, 0, 0, 'https://2.pik.vn/2020f1660d72-10e1-4a09-885b-aa6224376cd6.jpg', '', 0, 50, 1, '0.0000', 1, '45000.0000', 1, 0, 0, '0000-00-00', '15.00000000', 1, '0.00000000', '0.00000000', '0.00000000', 0, 1, 1, 0, 1, 2, 0, 1, NULL, 0, 1, '2020-12-10 13:21:02', '2020-12-10 13:21:02'),
(413, '', '', '', '', '0.0000', '0.0000', '0.0000', '', '', '', '', '', '', '', 0, 0, 0, 'https://2.pik.vn/20209b47e7f9-c492-4ffd-b1a6-7bdbbcbe969f.jpg', '', 0, 49, 1, '0.0000', 1, '2000.0000', 1, 0, 0, '0000-00-00', '15.00000000', 1, '0.00000000', '0.00000000', '0.00000000', 0, 1, 1, 0, 1, 2, 0, 1, NULL, 0, 1, '2020-12-10 13:21:02', '2020-12-10 13:21:02'),
(412, '', '', '', '', '0.0000', '0.0000', '0.0000', '', '', '', '', '', '', '', 0, 0, 0, 'https://2.pik.vn/2020788bd18a-8238-445a-8a9a-86d9d7c3dd9a.jpg', '', 0, 48, 1, '0.0000', 1, '4000.0000', 1, 0, 0, '0000-00-00', '15.00000000', 1, '0.00000000', '0.00000000', '0.00000000', 0, 1, 1, 0, 1, 2, 0, 1, NULL, 0, 1, '2020-12-10 13:21:02', '2020-12-10 13:21:02'),
(411, '', '', '', '', '0.0000', '0.0000', '0.0000', '', '', '', '', '', '', '', 0, 0, 0, 'https://2.pik.vn/2020a49d1c15-99f0-411d-9c0b-6256144c400d.jpg', '', 0, 47, 1, '0.0000', 1, '50000.0000', 1, 0, 0, '0000-00-00', '15.00000000', 1, '0.00000000', '0.00000000', '0.00000000', 0, 1, 1, 0, 1, 2, 0, 1, NULL, 0, 1, '2020-12-10 13:21:02', '2020-12-10 13:21:02'),
(410, '', '', '', '', '0.0000', '0.0000', '0.0000', '', '', '', '', '', '', '', 0, 0, 0, 'https://cdn.bestme.asia/images/x2/fruit-de-la-passion_cR4YpEo.png', '', 0, 46, 1, '0.0000', 1, '10000.0000', 1, 0, 0, '0000-00-00', '500.00000000', 1, '0.00000000', '0.00000000', '0.00000000', 0, 1, 1, 0, 1, 2, 0, 1, NULL, 0, 1, '2020-12-10 13:21:02', '2020-12-10 13:21:02'),
(409, '', '', '', '', '0.0000', '0.0000', '0.0000', '', '', '', '', '', '', '', 0, 0, 0, 'https://cdn.bestme.asia/images/x2/gambar-buah-apel-merah_7aWKfNp.png', '', 0, 46, 1, '0.0000', 1, '75000.0000', 1, 0, 0, '0000-00-00', '1000.00000000', 1, '0.00000000', '0.00000000', '0.00000000', 0, 1, 1, 0, 1, 2, 0, 1, NULL, 0, 1, '2020-12-10 13:21:02', '2020-12-10 13:21:02'),
(408, '', '', '', '', '0.0000', '0.0000', '0.0000', '', '', '', '', '', '', '', 0, 0, 0, 'https://cdn.bestme.asia/images/x2/cu-hanh-tim_cTXWbJ7.png', '', 0, 46, 1, '0.0000', 1, '20000.0000', 1, 0, 0, '0000-00-00', '1000.00000000', 1, '0.00000000', '0.00000000', '0.00000000', 0, 1, 1, 0, 1, 2, 0, 1, NULL, 0, 1, '2020-12-10 13:21:02', '2020-12-10 13:21:02'),
(407, '', '', '', '', '0.0000', '0.0000', '0.0000', '', '', '', '', '', '', '', 0, 0, 0, 'https://cdn.bestme.asia/images/x2/194afc2632e83a633b0c0ef07f1b9d76_9rsi97J.jpg', '', 0, 46, 1, '0.0000', 1, '40000.0000', 1, 0, 0, '0000-00-00', '1000.00000000', 1, '0.00000000', '0.00000000', '0.00000000', 0, 1, 1, 0, 1, 2, 0, 1, NULL, 0, 1, '2020-12-10 13:21:02', '2020-12-10 13:21:02'),
(405, '', '', '', '', '0.0000', '0.0000', '0.0000', '', '', '', '', '', '', '', 0, 0, 0, 'https://2.pik.vn/20201442dfb6-84cc-4a10-afa2-6ebca87de6f0.jpg', '', 0, 29, 1, '0.0000', 1, '1500000.0000', 1, 0, 0, '0000-00-00', '5.00000000', 1, '0.00000000', '0.00000000', '0.00000000', 0, 1, 1, 0, 1, 2, 0, 1, NULL, 0, 1, '2020-12-10 13:21:02', '2020-12-10 13:21:02'),
(406, '', '', '', '', '0.0000', '0.0000', '0.0000', '', '', '', '', '', '', '', 0, 0, 0, 'https://2.pik.vn/2020ddb7e657-06f5-4eb6-9934-2130370e3170.jpg', '', 0, 45, 1, '60000.0000', 1, '65000.0000', 1, 0, 0, '0000-00-00', '15.00000000', 1, '0.00000000', '0.00000000', '0.00000000', 0, 1, 1, 0, 1, 2, 0, 1, NULL, 0, 1, '2020-12-10 13:21:02', '2020-12-10 13:21:02'),
(404, '', '', '', '', '0.0000', '0.0000', '0.0000', '', '', '', '', '', '', '', 0, 0, 0, 'https://cdn.bestme.asia/images/x2/6237e1b8ad9ed07f8c6aa793c6229d32_9qpLurj.jpg', '', 0, 44, 1, '0.0000', 1, '300000.0000', 1, 0, 0, '0000-00-00', '650.00000000', 1, '0.00000000', '0.00000000', '0.00000000', 0, 1, 1, 0, 1, 2, 0, 1, NULL, 0, 1, '2020-12-10 13:21:02', '2020-12-10 13:21:02'),
(403, '', '', '', '', '0.0000', '0.0000', '0.0000', '', '', '', '', '', '', '', 0, 0, 0, 'https://2.pik.vn/2020fc823be9-e0e0-4874-aff1-8a3e8ca09ae6.jpg', '', 0, 43, 1, '0.0000', 1, '5500000.0000', 1, 0, 0, '0000-00-00', '5.00000000', 1, '0.00000000', '0.00000000', '0.00000000', 0, 1, 1, 0, 1, 2, 0, 1, NULL, 0, 1, '2020-12-10 13:21:02', '2020-12-10 13:21:02'),
(402, '', '', '', '', '0.0000', '0.0000', '0.0000', '', '', '', '', '', '', '', 0, 0, 0, 'https://2.pik.vn/20205aa26ea8-c2ed-4105-a5aa-d897455391f0.jpg', '', 0, 26, 1, '4500000.0000', 1, '5000000.0000', 1, 0, 0, '0000-00-00', '1.00000000', 1, '0.00000000', '0.00000000', '0.00000000', 0, 1, 1, 0, 1, 2, 0, 1, NULL, 0, 1, '2020-12-10 13:21:02', '2020-12-10 17:47:03'),
(401, '', '', '', '', '0.0000', '0.0000', '0.0000', '', '', '', '', '', '', '', 0, 0, 0, 'https://2.pik.vn/2020033fb846-3cb8-46c1-9881-20518d954d3a.jpg', '', 0, 42, 1, '0.0000', 1, '3500.0000', 1, 0, 0, '0000-00-00', '75.00000000', 1, '0.00000000', '0.00000000', '0.00000000', 0, 1, 1, 0, 1, 2, 0, 1, NULL, 0, 1, '2020-12-10 13:21:02', '2020-12-10 13:21:02'),
(400, '', '', '', '', '0.0000', '0.0000', '0.0000', '', '', '', '', '', '', '', 0, 0, 0, 'https://cdn.bestme.asia/images/x2/dau-goi-va-dau-xa-tresemme-thai-lan_x5OsggR.jpg', '', 0, 41, 1, '450000.0000', 1, '500000.0000', 1, 0, 0, '0000-00-00', '1200.00000000', 1, '0.00000000', '0.00000000', '0.00000000', 0, 1, 1, 0, 1, 2, 0, 1, NULL, 0, 1, '2020-12-10 13:21:02', '2020-12-10 13:21:02'),
(399, '', '', '', '', '0.0000', '0.0000', '0.0000', '', '', '', '', '', '', '', 0, 0, 0, 'https://2.pik.vn/20209a170a21-c218-4aea-88e2-1da3bd23be4d.jpg', '', 0, 30, 1, '8000.0000', 1, '9000.0000', 1, 0, 0, '0000-00-00', '330.00000000', 1, '0.00000000', '0.00000000', '0.00000000', 0, 1, 1, 0, 1, 2, 0, 1, NULL, 0, 1, '2020-12-10 13:21:02', '2020-12-10 13:21:02'),
(398, '', '', '', '', '0.0000', '0.0000', '0.0000', '', '', '', '', '', '', '', 0, 0, 0, 'https://2.pik.vn/2020323fe0e2-a3cd-42e6-929a-7eecf6f29b98.jpg', '', 0, 29, 1, '145000.0000', 1, '170000.0000', 1, 0, 0, '0000-00-00', '10.00000000', 1, '0.00000000', '0.00000000', '0.00000000', 0, 1, 1, 0, 1, 2, 0, 1, NULL, 0, 1, '2020-12-10 13:21:02', '2020-12-10 13:21:02'),
(397, '', '', '', '', '0.0000', '0.0000', '0.0000', '', '', '', '', '', '', '', 0, 0, 0, 'https://2.pik.vn/2020a0fb4cb9-86b7-4b0e-8535-7f0fac3bf8c7.jpg', '', 0, 36, 1, '0.0000', 1, '12000.0000', 1, 0, 0, '0000-00-00', '60.00000000', 1, '0.00000000', '0.00000000', '0.00000000', 0, 1, 1, 0, 1, 2, 0, 1, NULL, 0, 1, '2020-12-10 13:21:02', '2020-12-10 13:21:02'),
(396, '', '', '', '', '0.0000', '0.0000', '0.0000', '', '', '', '', '', '', '', 0, 0, 0, 'https://2.pik.vn/202091de116c-72a0-4ab7-b06f-350f2efb41d3.jpg', '', 0, 29, 1, '145000.0000', 1, '170000.0000', 1, 0, 0, '0000-00-00', '10.00000000', 1, '0.00000000', '0.00000000', '0.00000000', 0, 1, 1, 0, 1, 2, 0, 1, NULL, 0, 1, '2020-12-10 13:21:02', '2020-12-10 13:21:02'),
(395, '', '', '', '', '0.0000', '0.0000', '0.0000', '', '', '', '', '', '', '', 0, 0, 0, 'https://2.pik.vn/2020c83c22e5-f8d0-4a21-bf08-8318d5220296.jpg', '', 0, 40, 1, '3200000.0000', 1, '3500000.0000', 1, 0, 0, '0000-00-00', '5.00000000', 1, '0.00000000', '0.00000000', '0.00000000', 0, 1, 1, 0, 1, 2, 0, 1, NULL, 0, 1, '2020-12-10 13:21:02', '2020-12-10 13:21:02'),
(394, '', '', '', '', '0.0000', '0.0000', '0.0000', '', '', '', '', '', '', '', 0, 0, 0, 'https://2.pik.vn/2020cdf7afa5-1ca2-4f5c-947b-294f26a81798.jpg', '', 0, 29, 1, '12000.0000', 1, '15000.0000', 1, 0, 0, '0000-00-00', '10.00000000', 1, '0.00000000', '0.00000000', '0.00000000', 0, 1, 1, 0, 1, 2, 0, 1, NULL, 0, 1, '2020-12-10 13:21:01', '2020-12-10 13:21:01'),
(393, '', '', '', '', '0.0000', '0.0000', '0.0000', '', '', '', '', '', '', '', 0, 0, 0, 'https://2.pik.vn/2020455c1990-87f6-45aa-b16b-8f78c527581a.jpg', '', 0, 39, 1, '0.0000', 1, '18000.0000', 1, 0, 0, '0000-00-00', '120.00000000', 1, '0.00000000', '0.00000000', '0.00000000', 0, 1, 1, 0, 1, 2, 0, 1, NULL, 0, 1, '2020-12-10 13:21:01', '2020-12-10 13:21:01'),
(392, '', '', '', '', '0.0000', '0.0000', '0.0000', '', '', '', '', '', '', '', 0, 0, 0, 'https://2.pik.vn/202080794ab2-c7b1-44ae-a50d-209c289bbf01.jpg', '', 0, 29, 1, '90000.0000', 1, '100000.0000', 1, 0, 0, '0000-00-00', '10.00000000', 1, '0.00000000', '0.00000000', '0.00000000', 0, 1, 1, 0, 1, 2, 0, 1, NULL, 0, 1, '2020-12-10 13:21:01', '2020-12-10 13:21:01'),
(391, '', '', '', '', '0.0000', '0.0000', '0.0000', '', '', '', '', '', '', '', 0, 0, 0, 'https://cdn.bestme.asia/images/x2/diem-danh-10-dau-goi-cho-toc-dau-va-mong-tot-nhat-ma-ban-nen-dung-22112018172212_Ejs3wmw.jpg', '', 0, 38, 1, '720000.0000', 1, '800000.0000', 1, 0, 0, '0000-00-00', '1200.00000000', 1, '0.00000000', '0.00000000', '0.00000000', 0, 1, 1, 0, 1, 2, 0, 1, NULL, 0, 1, '2020-12-10 13:21:01', '2020-12-10 13:21:01'),
(390, '', '', '', '', '0.0000', '0.0000', '0.0000', '', '', '', '', '', '', '', 0, 0, 0, 'https://cdn.bestme.asia/images/x2/eed690faec59f606b160c3e8fba76e05_PLsKRom.jpg', '', 0, 38, 1, '0.0000', 1, '250000.0000', 1, 0, 0, '0000-00-00', '600.00000000', 1, '0.00000000', '0.00000000', '0.00000000', 0, 1, 1, 0, 1, 2, 0, 1, NULL, 0, 1, '2020-12-10 13:21:01', '2020-12-10 13:21:01'),
(389, '', '', '', '', '0.0000', '0.0000', '0.0000', '', '', '', '', '', '', '', 0, 0, 0, 'https://cdn.bestme.asia/images/x2/f2dd17833cd2ddbe5ddb778af4f7913e_ypiYNwY.jpg', '', 0, 37, 1, '0.0000', 1, '350000.0000', 1, 0, 0, '0000-00-00', '650.00000000', 1, '0.00000000', '0.00000000', '0.00000000', 0, 1, 1, 0, 1, 2, 0, 1, NULL, 0, 1, '2020-12-10 13:21:01', '2020-12-10 13:21:01'),
(388, '', '', '', '', '0.0000', '0.0000', '0.0000', '', '', '', '', '', '', '', 0, 0, 0, 'https://2.pik.vn/2020b28fabf2-a790-4e56-83d5-eb19fc5b599f.jpg', '', 0, 36, 1, '0.0000', 1, '12000.0000', 1, 0, 0, '0000-00-00', '60.00000000', 1, '0.00000000', '0.00000000', '0.00000000', 0, 1, 1, 0, 1, 2, 0, 1, NULL, 0, 1, '2020-12-10 13:21:01', '2020-12-10 13:21:01'),
(387, '', '', '', '', '0.0000', '0.0000', '0.0000', '', '', '', '', '', '', '', 0, 0, 0, 'https://2.pik.vn/2020ce1423e1-1f9b-4f76-91b0-bf127de09154.jpg', '', 0, 35, 1, '55000.0000', 1, '65000.0000', 1, 0, 0, '0000-00-00', '1.00000000', 1, '0.00000000', '0.00000000', '0.00000000', 0, 1, 1, 0, 1, 2, 0, 1, NULL, 0, 1, '2020-12-10 13:21:01', '2020-12-10 17:47:28'),
(386, '', '', '', '', '0.0000', '0.0000', '0.0000', '', '', '', '', '', '', '', 0, 0, 0, 'https://2.pik.vn/2020e52a8f39-e123-4d43-909c-fb847342566f.jpg', '', 0, 28, 1, '0.0000', 1, '10000.0000', 1, 0, 0, '0000-00-00', '60.00000000', 1, '0.00000000', '0.00000000', '0.00000000', 0, 1, 1, 0, 1, 2, 0, 1, NULL, 0, 1, '2020-12-10 13:21:01', '2020-12-10 13:21:01'),
(385, '', '', '', '', '0.0000', '0.0000', '0.0000', '', '', '', '', '', '', '', 0, 0, 0, 'https://2.pik.vn/202012598d0d-13b6-4363-a46c-0e8c45e3e075.jpg', '', 0, 35, 1, '80000.0000', 1, '95000.0000', 1, 0, 0, '0000-00-00', '1.00000000', 1, '0.00000000', '0.00000000', '0.00000000', 0, 1, 1, 0, 1, 2, 0, 1, NULL, 0, 1, '2020-12-10 13:21:01', '2020-12-10 17:47:48'),
(384, '', '', '', '', '0.0000', '0.0000', '0.0000', '', '', '', '', '', '', '', 0, 0, 0, 'https://2.pik.vn/202090974ddb-24f0-4644-a538-f02c1e3bbfa0.jpg', '', 0, 34, 1, '95000.0000', 1, '100000.0000', 1, 0, 0, '0000-00-00', '100.00000000', 1, '0.00000000', '0.00000000', '0.00000000', 0, 1, 1, 0, 1, 2, 0, 1, NULL, 0, 1, '2020-12-10 13:21:01', '2020-12-10 13:21:01'),
(383, '', '', '', '', '0.0000', '0.0000', '0.0000', '', '', '', '', '', '', '', 0, 0, 0, 'https://2.pik.vn/20203412fb82-0f57-4eab-975e-1f233f571738.jpg', '', 0, 33, 1, '0.0000', 1, '20000.0000', 1, 0, 0, '0000-00-00', '190.00000000', 1, '0.00000000', '0.00000000', '0.00000000', 0, 1, 1, 0, 1, 2, 0, 1, NULL, 0, 1, '2020-12-10 13:21:01', '2020-12-10 13:21:01'),
(382, '', '', '', '', '0.0000', '0.0000', '0.0000', '', '', '', '', '', '', '', 0, 0, 0, 'https://2.pik.vn/2020461f4251-9c0b-4e62-a09c-572549621e08.jpg', '', 0, 32, 1, '0.0000', 1, '30000.0000', 1, 0, 0, '0000-00-00', '22.00000000', 1, '0.00000000', '0.00000000', '0.00000000', 0, 1, 1, 0, 1, 2, 0, 1, NULL, 0, 1, '2020-12-10 13:21:01', '2020-12-10 13:21:01'),
(381, '', '', '', '', '0.0000', '0.0000', '0.0000', '', '', '', '', '', '', '', 0, 0, 0, 'https://2.pik.vn/2020da6f14ae-766f-4dc5-b647-d7c20b234cc9.jpg', '', 0, 31, 1, '0.0000', 1, '170000.0000', 1, 0, 0, '0000-00-00', '1.00000000', 1, '0.00000000', '0.00000000', '0.00000000', 0, 1, 1, 0, 1, 2, 0, 1, NULL, 0, 1, '2020-12-10 13:21:01', '2020-12-10 13:21:01'),
(380, '', '', '', '', '0.0000', '0.0000', '0.0000', '', '', '', '', '', '', '', 0, 0, 0, 'https://2.pik.vn/2020f2c8e960-5eaa-4f1e-98bd-31aa2dad37cf.jpg', '', 0, 30, 1, '0.0000', 1, '8000.0000', 1, 0, 0, '0000-00-00', '250.00000000', 1, '0.00000000', '0.00000000', '0.00000000', 0, 1, 1, 0, 1, 2, 0, 1, NULL, 0, 1, '2020-12-10 13:21:01', '2020-12-10 13:21:01'),
(379, '', '', '', '', '0.0000', '0.0000', '0.0000', '', '', '', '', '', '', '', 0, 0, 0, 'https://2.pik.vn/20206b1c6f0a-54d7-406a-911a-3d1c7954f95d.jpg', '', 0, 30, 1, '0.0000', 1, '10000.0000', 1, 0, 0, '0000-00-00', '330.00000000', 1, '0.00000000', '0.00000000', '0.00000000', 0, 1, 1, 0, 1, 2, 0, 1, NULL, 0, 1, '2020-12-10 13:21:01', '2020-12-10 13:21:01'),
(378, '', '', '', '', '0.0000', '0.0000', '0.0000', '', '', '', '', '', '', '', 0, 0, 0, 'https://2.pik.vn/20202f3de460-46eb-4a90-bc58-b93a67b7b861.jpg', '', 0, 29, 1, '145000.0000', 1, '170000.0000', 1, 0, 0, '0000-00-00', '10.00000000', 1, '0.00000000', '0.00000000', '0.00000000', 0, 1, 1, 0, 1, 2, 0, 1, NULL, 0, 1, '2020-12-10 13:21:01', '2020-12-10 13:21:01'),
(376, '', '', '', '', '0.0000', '0.0000', '0.0000', '', '', '', '', '', '', '', 0, 0, 0, 'https://2.pik.vn/2020a5fcdd4f-ff8a-4413-a42f-0f539d7f0648.jpg', '', 0, 28, 1, '7000.0000', 1, '10000.0000', 1, 0, 0, '0000-00-00', '60.00000000', 1, '0.00000000', '0.00000000', '0.00000000', 0, 1, 1, 0, 1, 2, 0, 1, NULL, 0, 1, '2020-12-10 13:21:01', '2020-12-10 13:21:01'),
(377, '', '', '', '', '0.0000', '0.0000', '0.0000', '', '', '', '', '', '', '', 0, 0, 0, 'https://2.pik.vn/2020dfa41f37-dc22-447d-a510-c72dac4982e1.jpg', '', 0, 29, 1, '0.0000', 1, '30000.0000', 1, 0, 0, '0000-00-00', '10.00000000', 1, '0.00000000', '0.00000000', '0.00000000', 0, 1, 1, 0, 1, 2, 0, 1, NULL, 0, 1, '2020-12-10 13:21:01', '2020-12-10 13:21:01'),
(375, '', '', '', '', '0.0000', '0.0000', '0.0000', '', '', '', '', '', '', '', 0, 0, 0, 'https://2.pik.vn/202072cb1ac3-662a-4bcd-ba38-f8e05c01edb2.jpg', '', 0, 27, 1, '0.0000', 1, '350000.0000', 1, 0, 0, '0000-00-00', '1.00000000', 1, '0.00000000', '0.00000000', '0.00000000', 0, 1, 1, 0, 1, 2, 0, 1, NULL, 0, 1, '2020-12-10 13:21:01', '2020-12-10 13:21:01'),
(374, '', '', '', '', '0.0000', '0.0000', '0.0000', '', '', '', '', '', '', '', 0, 0, 0, 'https://2.pik.vn/2020801a7cdf-9650-4c39-b081-702bd5f9d052.jpg', '', 0, 26, 1, '0.0000', 1, '1750000.0000', 1, 0, 0, '0000-00-00', '1.00000000', 1, '0.00000000', '0.00000000', '0.00000000', 0, 1, 1, 0, 1, 2, 0, 1, NULL, 0, 1, '2020-12-10 13:21:01', '2020-12-10 17:48:25'),
(474, '', '', '', '', '0.0000', '0.0000', '0.0000', '', '', '', '', '', '', '', 0, 0, 0, 'https://2.pik.vn/2020bb011236-40f8-441a-808c-aaacbc9b430b.jpg', '', 0, 35, 1, '85000.0000', 1, '100000.0000', 1, 0, 0, '0000-00-00', '1.00000000', 1, '0.00000000', '0.00000000', '0.00000000', 0, 1, 1, 0, 1, 2, 0, 1, NULL, 0, 1, '2020-12-10 13:21:03', '2020-12-10 17:40:22'),
(475, '', '', '', '', '0.0000', '0.0000', '0.0000', '', '', '', '', '', '', '', 0, 0, 0, 'https://cdn.bestme.asia/images/x2/cai-mizuna_rt6Oal1.png', '', 0, 46, 1, '0.0000', 1, '15000.0000', 1, 0, 0, '0000-00-00', '500.00000000', 1, '0.00000000', '0.00000000', '0.00000000', 0, 1, 1, 0, 1, 2, 0, 1, NULL, 0, 1, '2020-12-10 13:21:03', '2020-12-10 13:21:03'),
(476, '', '', '', '', '0.0000', '0.0000', '0.0000', '', '', '', '', '', '', '', 0, 0, 0, 'https://cdn.bestme.asia/images/x2/canh-xoan-kale_5QMm1P1.png', '', 0, 46, 1, '0.0000', 1, '15000.0000', 1, 0, 0, '0000-00-00', '600.00000000', 1, '0.00000000', '0.00000000', '0.00000000', 0, 1, 1, 0, 1, 2, 0, 1, NULL, 0, 1, '2020-12-10 13:21:03', '2020-12-10 13:21:03'),
(477, '', '', '', '', '0.0000', '0.0000', '0.0000', '', '', '', '', '', '', '', 0, 0, 0, 'https://cdn.bestme.asia/images/x2/dot-su-su_LNH1StS.png', '', 0, 46, 1, '0.0000', 1, '20000.0000', 1, 0, 0, '0000-00-00', '600.00000000', 1, '0.00000000', '0.00000000', '0.00000000', 0, 1, 1, 0, 1, 2, 0, 1, NULL, 0, 1, '2020-12-10 13:21:03', '2020-12-10 13:21:03'),
(478, '', '', '', '', '0.0000', '0.0000', '0.0000', '', '', '', '', '', '', '', 0, 0, 0, 'https://cdn.bestme.asia/images/x2/xa-lach-cuon_rX5uhdr.png', '', 0, 46, 1, '0.0000', 1, '25000.0000', 1, 0, 0, '0000-00-00', '200.00000000', 1, '0.00000000', '0.00000000', '0.00000000', 0, 1, 1, 0, 1, 2, 0, 1, NULL, 0, 1, '2020-12-10 13:21:03', '2020-12-10 13:21:03'),
(479, '', '', '', '', '0.0000', '0.0000', '0.0000', '', '', '', '', '', '', '', 0, 0, 0, 'https://cdn.bestme.asia/images/x2/bap-nep-1-1_bGm2XXE.jpg', '', 0, 46, 1, '0.0000', 1, '10000.0000', 1, 0, 0, '0000-00-00', '150.00000000', 1, '0.00000000', '0.00000000', '0.00000000', 0, 1, 1, 0, 1, 2, 0, 1, NULL, 0, 1, '2020-12-10 13:21:03', '2020-12-10 13:21:03'),
(480, '', '', '', '', '0.0000', '0.0000', '0.0000', '', '', '', '', '', '', '', 0, 0, 0, 'https://cdn.bestme.asia/images/x2/ca-chua-trung_QGbs0Uc.jpg', '', 0, 46, 1, '0.0000', 1, '25000.0000', 1, 0, 0, '0000-00-00', '1000.00000000', 1, '0.00000000', '0.00000000', '0.00000000', 0, 1, 1, 0, 1, 2, 0, 1, NULL, 0, 1, '2020-12-10 13:21:03', '2020-12-10 13:21:03'),
(481, '', '', '', '', '0.0000', '0.0000', '0.0000', '', '', '', '', '', '', '', 0, 0, 0, 'https://cdn.bestme.asia/images/x2/dau-cove-nhat_w5KjU12.jpg', '', 0, 46, 1, '0.0000', 1, '20000.0000', 1, 0, 0, '0000-00-00', '1000.00000000', 1, '0.00000000', '0.00000000', '0.00000000', 0, 1, 1, 0, 1, 2, 0, 1, NULL, 0, 1, '2020-12-10 13:21:03', '2020-12-10 13:21:03'),
(482, '', '', '', '', '0.0000', '0.0000', '0.0000', '', '', '', '', '', '', '', 0, 0, 0, 'https://cdn.bestme.asia/images/x2/khoai-tay-nhat_BXUB4gj.png', '', 0, 46, 1, '0.0000', 1, '35000.0000', 1, 0, 0, '0000-00-00', '1000.00000000', 1, '0.00000000', '0.00000000', '0.00000000', 0, 1, 1, 0, 1, 2, 0, 1, NULL, 0, 1, '2020-12-10 13:21:03', '2020-12-10 13:21:03');

-- restore soft-deleted products if demo
UPDATE `oc_product` SET `deleted` = NULL
WHERE `demo` = 1
  AND `product_id` IN (
                       473,
                       472,
                       471,
                       470,
                       469,
                       468,
                       467,
                       466,
                       465,
                       464,
                       463,
                       462,
                       461,
                       460,
                       459,
                       458,
                       457,
                       456,
                       455,
                       454,
                       453,
                       452,
                       451,
                       450,
                       449,
                       448,
                       447,
                       446,
                       445,
                       444,
                       443,
                       442,
                       441,
                       440,
                       439,
                       438,
                       437,
                       436,
                       435,
                       434,
                       433,
                       432,
                       431,
                       430,
                       429,
                       428,
                       427,
                       426,
                       425,
                       424,
                       423,
                       422,
                       421,
                       420,
                       419,
                       418,
                       417,
                       416,
                       415,
                       414,
                       413,
                       412,
                       411,
                       410,
                       409,
                       408,
                       407,
                       405,
                       406,
                       404,
                       403,
                       402,
                       401,
                       400,
                       399,
                       398,
                       397,
                       396,
                       395,
                       394,
                       393,
                       392,
                       391,
                       390,
                       389,
                       388,
                       387,
                       386,
                       385,
                       384,
                       383,
                       382,
                       381,
                       380,
                       379,
                       378,
                       376,
                       377,
                       375,
                       374,
                       474,
                       475,
                       476,
                       477,
                       478,
                       479,
                       480,
                       481,
                       482
  );

-- oc_product_collection PRIMARY KEY (`product_collection_id`)
INSERT IGNORE INTO `oc_product_collection` (`product_collection_id`, `product_id`, `collection_id`, `sort_order`) VALUES
(690, 474, 40, 0),
(581, 415, 45, 4),
(622, 449, 36, 16),
(686, 431, 41, 6),
(424, 405, 42, 0),
(712, 385, 40, 0),
(640, 473, 38, 14),
(710, 387, 40, 0),
(639, 471, 38, 13),
(422, 404, 34, 0),
(580, 410, 45, 3),
(468, 453, 34, 0),
(704, 452, 32, 0),
(680, 408, 49, 10),
(638, 470, 38, 12),
(470, 455, 34, 0),
(464, 451, 42, 0),
(439, 431, 34, 0),
(701, 441, 32, 0),
(626, 447, 39, 4),
(621, 440, 36, 15),
(620, 437, 36, 14),
(692, 469, 40, 0),
(637, 459, 38, 11),
(707, 443, 40, 0),
(457, 444, 42, 0),
(688, 442, 32, 0),
(619, 434, 36, 13),
(400, 389, 34, 0),
(697, 465, 40, 0),
(685, 404, 41, 5),
(402, 390, 34, 0),
(684, 400, 41, 4),
(683, 391, 41, 3),
(404, 391, 34, 0),
(625, 439, 39, 3),
(636, 457, 38, 10),
(408, 395, 42, 0),
(679, 415, 49, 9),
(618, 429, 36, 12),
(413, 399, 43, 0),
(656, 398, 37, 4),
(655, 396, 37, 3),
(635, 451, 38, 9),
(693, 468, 32, 0),
(705, 450, 32, 0),
(617, 426, 36, 11),
(695, 467, 32, 0),
(624, 393, 39, 2),
(703, 463, 32, 0),
(706, 443, 32, 0),
(699, 464, 32, 0),
(696, 465, 32, 0),
(652, 466, 35, 4),
(694, 467, 33, 0),
(698, 464, 33, 0),
(485, 466, 34, 0),
(616, 424, 36, 10),
(615, 421, 36, 9),
(614, 417, 36, 8),
(613, 416, 36, 7),
(612, 413, 36, 6),
(611, 412, 36, 5),
(579, 409, 45, 2),
(578, 407, 45, 1),
(610, 397, 36, 4),
(473, 457, 43, 0),
(475, 459, 42, 0),
(477, 460, 44, 0),
(634, 446, 38, 8),
(651, 453, 35, 3),
(474, 458, 44, 0),
(478, 461, 44, 0),
(633, 444, 38, 7),
(417, 401, 44, 0),
(420, 403, 42, 0),
(702, 463, 33, 0),
(682, 390, 41, 2),
(632, 405, 38, 6),
(415, 400, 34, 0),
(708, 402, 32, 0),
(441, 432, 44, 0),
(443, 435, 44, 0),
(447, 438, 44, 0),
(609, 388, 36, 3),
(608, 386, 36, 2),
(681, 389, 41, 1),
(445, 436, 34, 0),
(650, 436, 35, 2),
(713, 374, 32, 0),
(607, 376, 36, 1),
(654, 378, 37, 2),
(653, 377, 37, 1),
(700, 441, 33, 0),
(631, 403, 38, 5),
(384, 375, 34, 0),
(391, 381, 34, 0),
(649, 375, 35, 1),
(623, 383, 39, 1),
(630, 399, 38, 4),
(691, 469, 32, 0),
(709, 387, 32, 0),
(629, 395, 38, 3),
(494, 470, 43, 0),
(495, 471, 43, 0),
(628, 380, 38, 2),
(497, 472, 44, 0),
(627, 379, 38, 1),
(689, 474, 32, 0),
(711, 385, 32, 0),
(678, 410, 49, 8),
(561, 482, 48, 8),
(677, 407, 49, 7),
(560, 481, 48, 7),
(676, 476, 49, 6),
(559, 480, 48, 6),
(675, 475, 49, 5),
(558, 479, 48, 5),
(674, 482, 49, 4),
(557, 478, 48, 4),
(673, 481, 49, 3),
(556, 477, 48, 3),
(672, 480, 49, 2),
(555, 476, 48, 2),
(671, 479, 49, 1),
(554, 475, 48, 1);


-- oc_product_description PRIMARY KEY (`product_id`,`language_id`)
INSERT IGNORE INTO `oc_product_description` (`product_id`, `language_id`, `name`, `description`, `sub_description`, `seo_title`, `seo_description`, `tag`, `meta_title`, `meta_description`, `meta_keyword`) VALUES
(104, 2, 'Váy đầm dự tiệc sang trọng - Độc đáo - Giá cả hợp lý VD01', ' - Váy suông ren là  item chưa bao giờ hết hot, mang đến vẻ quyến rũ cho phái đẹp và đặc biệt giúp bạn che đi khuyết điểm cơ thể mình. \n- Chất liệu ren gợi cảm, sang trọng mang lại cho quý cô phong cách thời trang thời thượng và thanh lịch.', '', '', '', '', '', '', ''),
(105, 2, 'Váy đầm dự tiệc sang trọng - Độc đáo - Giá cả hợp lý VD02', ' - Váy suông ren là  item chưa bao giờ hết hot, mang đến vẻ quyến rũ cho phái đẹp và đặc biệt giúp bạn che đi khuyết điểm cơ thể mình. \n- Chất liệu ren gợi cảm, sang trọng mang lại cho quý cô phong cách thời trang thời thượng và thanh lịch.', '', '', '', '', '', '', ''),
(106, 2, 'Váy đầm dự tiệc sang trọng - Độc đáo - Giá cả hợp lý VD03', ' - Váy suông ren là  item chưa bao giờ hết hot, mang đến vẻ quyến rũ cho phái đẹp và đặc biệt giúp bạn che đi khuyết điểm cơ thể mình. \n- Chất liệu ren gợi cảm, sang trọng mang lại cho quý cô phong cách thời trang thời thượng và thanh lịch.', '', '', '', '', '', '', ''),
(107, 2, 'Váy đầm dự tiệc sang trọng - Độc đáo - Giá cả hợp lý VD04', ' - Váy suông ren là  item chưa bao giờ hết hot, mang đến vẻ quyến rũ cho phái đẹp và đặc biệt giúp bạn che đi khuyết điểm cơ thể mình. \n- Chất liệu ren gợi cảm, sang trọng mang lại cho quý cô phong cách thời trang thời thượng và thanh lịch.', '', '', '', '', '', '', ''),
(108, 2, 'Váy đầm dự tiệc sang trọng - Độc đáo - Giá cả hợp lý VD05', ' - Váy suông ren là  item chưa bao giờ hết hot, mang đến vẻ quyến rũ cho phái đẹp và đặc biệt giúp bạn che đi khuyết điểm cơ thể mình. \n- Chất liệu ren gợi cảm, sang trọng mang lại cho quý cô phong cách thời trang thời thượng và thanh lịch.', '', '', '', '', '', '', ''),
(109, 2, 'Váy đầm dự tiệc sang trọng - Độc đáo - Giá cả hợp lý VD06', ' - Váy suông ren là  item chưa bao giờ hết hot, mang đến vẻ quyến rũ cho phái đẹp và đặc biệt giúp bạn che đi khuyết điểm cơ thể mình. \n- Chất liệu ren gợi cảm, sang trọng mang lại cho quý cô phong cách thời trang thời thượng và thanh lịch.', '', '', '', '', '', '', ''),
(110, 2, 'Váy đầm dự tiệc sang trọng - Độc đáo - Giá cả hợp lý VD07', ' - Váy suông ren là  item chưa bao giờ hết hot, mang đến vẻ quyến rũ cho phái đẹp và đặc biệt giúp bạn che đi khuyết điểm cơ thể mình. \n- Chất liệu ren gợi cảm, sang trọng mang lại cho quý cô phong cách thời trang thời thượng và thanh lịch.', '', '', '', '', '', '', ''),
(111, 2, 'Váy đầm dự tiệc sang trọng - Độc đáo - Giá cả hợp lý VD08', ' - Váy suông ren là  item chưa bao giờ hết hot, mang đến vẻ quyến rũ cho phái đẹp và đặc biệt giúp bạn che đi khuyết điểm cơ thể mình. \n- Chất liệu ren gợi cảm, sang trọng mang lại cho quý cô phong cách thời trang thời thượng và thanh lịch.', '', '', '', '', '', '', ''),
(112, 2, 'Váy đầm dự tiệc sang trọng - Độc đáo - Giá cả hợp lý VD09', ' - Váy suông ren là  item chưa bao giờ hết hot, mang đến vẻ quyến rũ cho phái đẹp và đặc biệt giúp bạn che đi khuyết điểm cơ thể mình. \n- Chất liệu ren gợi cảm, sang trọng mang lại cho quý cô phong cách thời trang thời thượng và thanh lịch.', '', '', '', '', '', '', ''),
(113, 2, 'Váy đầm dự tiệc sang trọng - Độc đáo - Giá cả hợp lý VD10', ' - Váy suông ren là  item chưa bao giờ hết hot, mang đến vẻ quyến rũ cho phái đẹp và đặc biệt giúp bạn che đi khuyết điểm cơ thể mình. \n- Chất liệu ren gợi cảm, sang trọng mang lại cho quý cô phong cách thời trang thời thượng và thanh lịch.', '', '', '', '', '', '', ''),
(114, 2, 'Váy đầm dự tiệc sang trọng - Độc đáo - Giá cả hợp lý VD11', ' - Váy suông ren là  item chưa bao giờ hết hot, mang đến vẻ quyến rũ cho phái đẹp và đặc biệt giúp bạn che đi khuyết điểm cơ thể mình. \n- Chất liệu ren gợi cảm, sang trọng mang lại cho quý cô phong cách thời trang thời thượng và thanh lịch.', '', '', '', '', '', '', ''),
(115, 2, 'Váy đầm dự tiệc sang trọng - Độc đáo - Giá cả hợp lý VD12', ' - Váy suông ren là  item chưa bao giờ hết hot, mang đến vẻ quyến rũ cho phái đẹp và đặc biệt giúp bạn che đi khuyết điểm cơ thể mình. \n- Chất liệu ren gợi cảm, sang trọng mang lại cho quý cô phong cách thời trang thời thượng và thanh lịch.', '', '', '', '', '', '', ''),
(116, 2, 'Váy đầm dự tiệc sang trọng - Độc đáo - Giá cả hợp lý VD13', ' - Váy suông ren là  item chưa bao giờ hết hot, mang đến vẻ quyến rũ cho phái đẹp và đặc biệt giúp bạn che đi khuyết điểm cơ thể mình. \n- Chất liệu ren gợi cảm, sang trọng mang lại cho quý cô phong cách thời trang thời thượng và thanh lịch.', '', '', '', '', '', '', ''),
(117, 2, 'Váy đầm dự tiệc sang trọng - Độc đáo - Giá cả hợp lý VD14', ' - Váy suông ren là  item chưa bao giờ hết hot, mang đến vẻ quyến rũ cho phái đẹp và đặc biệt giúp bạn che đi khuyết điểm cơ thể mình. \n- Chất liệu ren gợi cảm, sang trọng mang lại cho quý cô phong cách thời trang thời thượng và thanh lịch.', '', '', '', '', '', '', ''),
(118, 2, 'Váy đầm dự tiệc sang trọng - Độc đáo - Giá cả hợp lý VD15', ' - Váy suông ren là  item chưa bao giờ hết hot, mang đến vẻ quyến rũ cho phái đẹp và đặc biệt giúp bạn che đi khuyết điểm cơ thể mình. \n- Chất liệu ren gợi cảm, sang trọng mang lại cho quý cô phong cách thời trang thời thượng và thanh lịch.', '', '', '', '', '', '', ''),
(119, 2, 'Váy đầm dự tiệc sang trọng - Độc đáo - Giá cả hợp lý VD16', ' - Váy suông ren là  item chưa bao giờ hết hot, mang đến vẻ quyến rũ cho phái đẹp và đặc biệt giúp bạn che đi khuyết điểm cơ thể mình. \n- Chất liệu ren gợi cảm, sang trọng mang lại cho quý cô phong cách thời trang thời thượng và thanh lịch.', '', '', '', '', '', '', ''),
(120, 2, 'Váy đầm dự tiệc sang trọng - Độc đáo - Giá cả hợp lý VD17', '&lt;p&gt;- Váy suông ren là item chưa bao giờ hết hot, mang đến vẻ quyến rũ cho phái đẹp và đặc biệt giúp bạn che đi khuyết điểm cơ thể mình. - Chất liệu ren gợi cảm, sang trọng mang lại cho quý cô phong cách thời trang thời thượng và thanh lịch.&lt;/p&gt;', '', '', '', '', '', '', ''),
(121, 2, 'Váy đầm dự tiệc sang trọng - Độc đáo - Giá cả hợp lý VD18', ' - Váy suông ren là  item chưa bao giờ hết hot, mang đến vẻ quyến rũ cho phái đẹp và đặc biệt giúp bạn che đi khuyết điểm cơ thể mình. \n- Chất liệu ren gợi cảm, sang trọng mang lại cho quý cô phong cách thời trang thời thượng và thanh lịch.', '', '', '', '', '', '', ''),
(122, 2, 'Váy đầm dự tiệc sang trọng - Độc đáo - Giá cả hợp lý VD19', ' - Váy suông ren là  item chưa bao giờ hết hot, mang đến vẻ quyến rũ cho phái đẹp và đặc biệt giúp bạn che đi khuyết điểm cơ thể mình. \n- Chất liệu ren gợi cảm, sang trọng mang lại cho quý cô phong cách thời trang thời thượng và thanh lịch.', '', '', '', '', '', '', ''),
(123, 2, 'Váy đầm dự tiệc sang trọng - Độc đáo - Giá cả hợp lý VD20', ' - Váy suông ren là  item chưa bao giờ hết hot, mang đến vẻ quyến rũ cho phái đẹp và đặc biệt giúp bạn che đi khuyết điểm cơ thể mình. \n- Chất liệu ren gợi cảm, sang trọng mang lại cho quý cô phong cách thời trang thời thượng và thanh lịch.', '', '', '', '', '', '', ''),
(124, 2, 'Váy đầm dự tiệc sang trọng - Độc đáo - Giá cả hợp lý VD21', ' - Váy suông ren là  item chưa bao giờ hết hot, mang đến vẻ quyến rũ cho phái đẹp và đặc biệt giúp bạn che đi khuyết điểm cơ thể mình. \n- Chất liệu ren gợi cảm, sang trọng mang lại cho quý cô phong cách thời trang thời thượng và thanh lịch.', '', '', '', '', '', '', ''),
(125, 2, 'Váy đầm dự tiệc sang trọng - Độc đáo - Giá cả hợp lý VD22', ' - Váy suông ren là  item chưa bao giờ hết hot, mang đến vẻ quyến rũ cho phái đẹp và đặc biệt giúp bạn che đi khuyết điểm cơ thể mình. \n- Chất liệu ren gợi cảm, sang trọng mang lại cho quý cô phong cách thời trang thời thượng và thanh lịch.', '', '', '', '', '', '', ''),
(126, 2, 'Váy đầm dự tiệc sang trọng - Độc đáo - Giá cả hợp lý VD23', ' - Váy suông ren là  item chưa bao giờ hết hot, mang đến vẻ quyến rũ cho phái đẹp và đặc biệt giúp bạn che đi khuyết điểm cơ thể mình. \n- Chất liệu ren gợi cảm, sang trọng mang lại cho quý cô phong cách thời trang thời thượng và thanh lịch.', '', '', '', '', '', '', ''),
(127, 2, 'Váy đầm dự tiệc sang trọng - Độc đáo - Giá cả hợp lý VD24', ' - Váy suông ren là  item chưa bao giờ hết hot, mang đến vẻ quyến rũ cho phái đẹp và đặc biệt giúp bạn che đi khuyết điểm cơ thể mình. \n- Chất liệu ren gợi cảm, sang trọng mang lại cho quý cô phong cách thời trang thời thượng và thanh lịch.', '', '', '', '', '', '', ''),
(128, 2, 'Váy đầm dự tiệc sang trọng - Độc đáo - Giá cả hợp lý VD25', ' - Váy suông ren là  item chưa bao giờ hết hot, mang đến vẻ quyến rũ cho phái đẹp và đặc biệt giúp bạn che đi khuyết điểm cơ thể mình. \n- Chất liệu ren gợi cảm, sang trọng mang lại cho quý cô phong cách thời trang thời thượng và thanh lịch.', '', '', '', '', '', '', ''),
(129, 2, 'Váy đầm dự tiệc sang trọng - Độc đáo - Giá cả hợp lý VD26', ' - Váy suông ren là  item chưa bao giờ hết hot, mang đến vẻ quyến rũ cho phái đẹp và đặc biệt giúp bạn che đi khuyết điểm cơ thể mình. \n- Chất liệu ren gợi cảm, sang trọng mang lại cho quý cô phong cách thời trang thời thượng và thanh lịch.', '', '', '', '', '', '', ''),
(130, 2, 'Váy đầm dự tiệc sang trọng - Độc đáo - Giá cả hợp lý VD27', ' - Váy suông ren là  item chưa bao giờ hết hot, mang đến vẻ quyến rũ cho phái đẹp và đặc biệt giúp bạn che đi khuyết điểm cơ thể mình. \n- Chất liệu ren gợi cảm, sang trọng mang lại cho quý cô phong cách thời trang thời thượng và thanh lịch.', '', '', '', '', '', '', ''),
(131, 2, 'Váy đầm dự tiệc sang trọng - Độc đáo - Giá cả hợp lý VD28', ' - Váy suông ren là  item chưa bao giờ hết hot, mang đến vẻ quyến rũ cho phái đẹp và đặc biệt giúp bạn che đi khuyết điểm cơ thể mình. \n- Chất liệu ren gợi cảm, sang trọng mang lại cho quý cô phong cách thời trang thời thượng và thanh lịch.', '', '', '', '', '', '', ''),
(272, 2, 'Kẹo Mút Chupa Chups Bó Hoa', '&lt;p&gt;Bó hoa 19c x 10g&lt;/p&gt;\r\n\r\n&lt;p&gt;- Mô tả sản phẩm&lt;/p&gt;\r\n\r\n&lt;p&gt;- Mã sản phẩm:&lt;/p&gt;\r\n\r\n&lt;p&gt;- Mẫu sản phẩm:&lt;/p&gt;\r\n\r\n&lt;p&gt;- Thương hiệu:&lt;/p&gt;\r\n\r\n&lt;p&gt;- Kích thước:&lt;/p&gt;', '', '', '', '', '', '', ''),
(273, 2, 'Kẹo Nổ Striking Popping Candy', '&lt;p&gt;Gói to có 20 gói nhỏ bên trong&lt;/p&gt;', '', '', '', '', '', '', ''),
(274, 2, 'Kẹo Play Candy', '&lt;p&gt;- Mô tả sản phẩm&lt;/p&gt;\r\n\r\n&lt;p&gt;- Mã sản phẩm:&lt;/p&gt;\r\n\r\n&lt;p&gt;- Mẫu sản phẩm:&lt;/p&gt;\r\n\r\n&lt;p&gt;- Thương hiệu:&lt;/p&gt;\r\n\r\n&lt;p&gt;- Kích thước:&lt;/p&gt;', '', '', '', '', '', '', ''),
(275, 2, 'Kẹo Dẻo Atiso', '&lt;p&gt;- Mô tả sản phẩm&lt;/p&gt;\r\n\r\n&lt;p&gt;- Mã sản phẩm:&lt;/p&gt;\r\n\r\n&lt;p&gt;- Mẫu sản phẩm:&lt;/p&gt;\r\n\r\n&lt;p&gt;- Thương hiệu:&lt;/p&gt;\r\n\r\n&lt;p&gt;- Kích thước:&lt;/p&gt;', '', '', '', '', '', '', ''),
(276, 2, 'Kẹo Xốp Bông Gòn Marshies', '&lt;p&gt;- Mô tả sản phẩm&lt;/p&gt;\r\n\r\n&lt;p&gt;- Mã sản phẩm:&lt;/p&gt;\r\n\r\n&lt;p&gt;- Mẫu sản phẩm:&lt;/p&gt;\r\n\r\n&lt;p&gt;- Thương hiệu:&lt;/p&gt;\r\n\r\n&lt;p&gt;- Kích thước:&lt;/p&gt;', '', '', '', '', '', '', ''),
(277, 2, 'Kẹo Hương Kem Dâu Alpenliebe', '&lt;p&gt;- Mô tả sản phẩm&lt;/p&gt;\r\n\r\n&lt;p&gt;- Mã sản phẩm:&lt;/p&gt;\r\n\r\n&lt;p&gt;- Mẫu sản phẩm:&lt;/p&gt;\r\n\r\n&lt;p&gt;- Thương hiệu:&lt;/p&gt;\r\n\r\n&lt;p&gt;- Kích thước:&lt;/p&gt;', '', '', '', '', '', '', ''),
(278, 2, 'Kẹo Milo Cube', '&lt;p&gt;- Mô tả sản phẩm&lt;/p&gt;\r\n\r\n&lt;p&gt;- Mã sản phẩm:&lt;/p&gt;\r\n\r\n&lt;p&gt;- Mẫu sản phẩm:&lt;/p&gt;\r\n\r\n&lt;p&gt;- Thương hiệu:&lt;/p&gt;\r\n\r\n&lt;p&gt;- Kích thước:&lt;/p&gt;', '', '', '', '', '', '', ''),
(279, 2, 'Kẹo Mút Chupa Chups Gói Mix', '&lt;p&gt;- Mô tả sản phẩm&lt;/p&gt;\r\n\r\n&lt;p&gt;- Mã sản phẩm:&lt;/p&gt;\r\n\r\n&lt;p&gt;- Mẫu sản phẩm:&lt;/p&gt;\r\n\r\n&lt;p&gt;- Thương hiệu:&lt;/p&gt;\r\n\r\n&lt;p&gt;- Kích thước:&lt;/p&gt;', '', '', '', '', '', '', ''),
(280, 2, 'Fanta Hương Cam Lon Lớn', '&lt;p&gt;- Mô tả sản phẩm&lt;/p&gt;\r\n\r\n&lt;p&gt;- Mã sản phẩm:&lt;/p&gt;\r\n\r\n&lt;p&gt;- Mẫu sản phẩm:&lt;/p&gt;\r\n\r\n&lt;p&gt;- Thương hiệu:&lt;/p&gt;\r\n\r\n&lt;p&gt;- Kích thước:&lt;/p&gt;', '', '', '', '', '', '', ''),
(281, 2, 'Sprite Hương Chanh Tự Nhiên', '&lt;p&gt;- Mô tả sản phẩm&lt;/p&gt;\r\n\r\n&lt;p&gt;- Mã sản phẩm:&lt;/p&gt;\r\n\r\n&lt;p&gt;- Mẫu sản phẩm:&lt;/p&gt;\r\n\r\n&lt;p&gt;- Thương hiệu:&lt;/p&gt;\r\n\r\n&lt;p&gt;- Kích thước:&lt;/p&gt;', '', '', '', '', '', '', ''),
(282, 2, 'CoCa CoLa', '&lt;p&gt;- Mô tả sản phẩm&lt;/p&gt;\r\n\r\n&lt;p&gt;- Mã sản phẩm:&lt;/p&gt;\r\n\r\n&lt;p&gt;- Mẫu sản phẩm:&lt;/p&gt;\r\n\r\n&lt;p&gt;- Thương hiệu:&lt;/p&gt;\r\n\r\n&lt;p&gt;- Kích thước:&lt;/p&gt;', '', '', '', '', '', '', ''),
(283, 2, 'Fanta Hương Cam Lon Nhỏ', '&lt;p&gt;- Mô tả sản phẩm&lt;/p&gt;\r\n\r\n&lt;p&gt;- Mã sản phẩm:&lt;/p&gt;\r\n\r\n&lt;p&gt;- Mẫu sản phẩm:&lt;/p&gt;\r\n\r\n&lt;p&gt;- Thương hiệu:&lt;/p&gt;\r\n\r\n&lt;p&gt;- Kích thước:&lt;/p&gt;', '', '', '', '', '', '', ''),
(284, 2, 'CoCa CoLa Chai Lớn', '&lt;p&gt;- Mô tả sản phẩm&lt;/p&gt;\r\n\r\n&lt;p&gt;- Mã sản phẩm:&lt;/p&gt;\r\n\r\n&lt;p&gt;- Mẫu sản phẩm:&lt;/p&gt;\r\n\r\n&lt;p&gt;- Thương hiệu:&lt;/p&gt;\r\n\r\n&lt;p&gt;- Kích thước:&lt;/p&gt;', '', '', '', '', '', '', ''),
(285, 2, 'CoCa CoLa Original', '&lt;p&gt;- Mô tả sản phẩm&lt;/p&gt;\r\n\r\n&lt;p&gt;- Mã sản phẩm:&lt;/p&gt;\r\n\r\n&lt;p&gt;- Mẫu sản phẩm:&lt;/p&gt;\r\n\r\n&lt;p&gt;- Thương hiệu:&lt;/p&gt;\r\n\r\n&lt;p&gt;- Kích thước:&lt;/p&gt;', '', '', '', '', '', '', ''),
(286, 2, 'CoCa CoLa Cherry', '&lt;p&gt;- Mô tả sản phẩm&lt;/p&gt;\r\n\r\n&lt;p&gt;- Mã sản phẩm:&lt;/p&gt;\r\n\r\n&lt;p&gt;- Mẫu sản phẩm:&lt;/p&gt;\r\n\r\n&lt;p&gt;- Thương hiệu:&lt;/p&gt;\r\n\r\n&lt;p&gt;- Kích thước:&lt;/p&gt;', '', '', '', '', '', '', ''),
(287, 2, 'Fanta Hương Việt Quất', '&lt;p&gt;- Mô tả sản phẩm&lt;/p&gt;\r\n\r\n&lt;p&gt;- Mã sản phẩm:&lt;/p&gt;\r\n\r\n&lt;p&gt;- Mẫu sản phẩm:&lt;/p&gt;\r\n\r\n&lt;p&gt;- Thương hiệu:&lt;/p&gt;\r\n\r\n&lt;p&gt;- Kích thước:&lt;/p&gt;', '', '', '', '', '', '', ''),
(288, 2, 'Khay Tủ Đựng Đồ Đa Năng', '&lt;p&gt;- Mô tả sản phẩm&lt;/p&gt;\r\n\r\n&lt;p&gt;- Mã sản phẩm:&lt;/p&gt;\r\n\r\n&lt;p&gt;- Mẫu sản phẩm:&lt;/p&gt;\r\n\r\n&lt;p&gt;- Thương hiệu:&lt;/p&gt;\r\n\r\n&lt;p&gt;- Kích thước:&lt;/p&gt;', '', '', '', '', '', '', ''),
(289, 2, 'Dụng Cụ Cắt Hoa Quả', '&lt;p&gt;- Mô tả sản phẩm&lt;/p&gt;\r\n\r\n&lt;p&gt;- Mã sản phẩm:&lt;/p&gt;\r\n\r\n&lt;p&gt;- Mẫu sản phẩm:&lt;/p&gt;\r\n\r\n&lt;p&gt;- Thương hiệu:&lt;/p&gt;\r\n\r\n&lt;p&gt;- Kích thước:&lt;/p&gt;', '', '', '', '', '', '', ''),
(290, 2, 'Kệ Đựng Gia Vị', '&lt;p&gt;- Mô tả sản phẩm&lt;/p&gt;\r\n\r\n&lt;p&gt;- Mã sản phẩm:&lt;/p&gt;\r\n\r\n&lt;p&gt;- Mẫu sản phẩm:&lt;/p&gt;\r\n\r\n&lt;p&gt;- Thương hiệu:&lt;/p&gt;\r\n\r\n&lt;p&gt;- Kích thước:&lt;/p&gt;', '', '', '', '', '', '', ''),
(291, 2, 'Hộp Đựng Bàn Chải Thông Minh', '&lt;p&gt;- Mô tả sản phẩm&lt;/p&gt;\r\n\r\n&lt;p&gt;- Mã sản phẩm:&lt;/p&gt;\r\n\r\n&lt;p&gt;- Mẫu sản phẩm:&lt;/p&gt;\r\n\r\n&lt;p&gt;- Thương hiệu:&lt;/p&gt;\r\n\r\n&lt;p&gt;- Kích thước:&lt;/p&gt;', '', '', '', '', '', '', ''),
(292, 2, 'Giá Đỡ Điện Thoại', '&lt;p&gt;- Mô tả sản phẩm&lt;/p&gt;\r\n\r\n&lt;p&gt;- Mã sản phẩm:&lt;/p&gt;\r\n\r\n&lt;p&gt;- Mẫu sản phẩm:&lt;/p&gt;\r\n\r\n&lt;p&gt;- Thương hiệu:&lt;/p&gt;\r\n\r\n&lt;p&gt;- Kích thước:&lt;/p&gt;', '', '', '', '', '', '', ''),
(293, 2, 'Hộp Đựng Gia Vị Nhà Bếp', '&lt;p&gt;- Mô tả sản phẩm&lt;/p&gt;\r\n\r\n&lt;p&gt;- Mã sản phẩm:&lt;/p&gt;\r\n\r\n&lt;p&gt;- Mẫu sản phẩm:&lt;/p&gt;\r\n\r\n&lt;p&gt;- Thương hiệu:&lt;/p&gt;\r\n\r\n&lt;p&gt;- Kích thước:&lt;/p&gt;', '', '', '', '', '', '', ''),
(294, 2, 'Khay Đựng Thực Phẩm Tủ Lạnh', '&lt;p&gt;- Mô tả sản phẩm&lt;/p&gt;\r\n\r\n&lt;p&gt;- Mã sản phẩm:&lt;/p&gt;\r\n\r\n&lt;p&gt;- Mẫu sản phẩm:&lt;/p&gt;\r\n\r\n&lt;p&gt;- Thương hiệu:&lt;/p&gt;\r\n\r\n&lt;p&gt;- Kích thước:&lt;/p&gt;', '', '', '', '', '', '', ''),
(295, 2, 'Kệ Treo Góc Nhà Tắm', '&lt;p&gt;- Mô tả sản phẩm&lt;/p&gt;\r\n\r\n&lt;p&gt;- Mã sản phẩm:&lt;/p&gt;\r\n\r\n&lt;p&gt;- Mẫu sản phẩm:&lt;/p&gt;\r\n\r\n&lt;p&gt;- Thương hiệu:&lt;/p&gt;\r\n\r\n&lt;p&gt;- Kích thước:&lt;/p&gt;', '', '', '', '', '', '', ''),
(296, 2, 'Gia Vị Thịt Kho Tàu Knorr', '&lt;p&gt;- Mô tả sản phẩm&lt;/p&gt;\r\n\r\n&lt;p&gt;- Mã sản phẩm:&lt;/p&gt;\r\n\r\n&lt;p&gt;- Mẫu sản phẩm:&lt;/p&gt;\r\n\r\n&lt;p&gt;- Thương hiệu:&lt;/p&gt;\r\n\r\n&lt;p&gt;- Kích thước:&lt;/p&gt;', '', '', '', '', '', '', ''),
(297, 2, 'Gia Vị Lẩu Thái Aji-Quick', '&lt;p&gt;- Mô tả sản phẩm&lt;/p&gt;\r\n\r\n&lt;p&gt;- Mã sản phẩm:&lt;/p&gt;\r\n\r\n&lt;p&gt;- Mẫu sản phẩm:&lt;/p&gt;\r\n\r\n&lt;p&gt;- Thương hiệu:&lt;/p&gt;\r\n\r\n&lt;p&gt;- Kích thước:&lt;/p&gt;', '', '', '', '', '', '', ''),
(298, 2, 'Gia Vị Cá Kho Aji-Quick', '', '', '', '', '', '', '', ''),
(299, 2, 'Gia Vị Thịt Kho Tàu Aji-Quick', '&lt;p&gt;- Mô tả sản phẩm&lt;/p&gt;\r\n\r\n&lt;p&gt;- Mã sản phẩm:&lt;/p&gt;\r\n\r\n&lt;p&gt;- Mẫu sản phẩm:&lt;/p&gt;\r\n\r\n&lt;p&gt;- Thương hiệu:&lt;/p&gt;\r\n\r\n&lt;p&gt;- Kích thước:&lt;/p&gt;', '', '', '', '', '', '', ''),
(300, 2, 'Gia Vị Thịt Kho Aji-Quick', '', '', '', '', '', '', '', ''),
(301, 2, 'Gia Vị Canh Chua Knorr', '&lt;p&gt;- Mô tả sản phẩm&lt;/p&gt;\r\n\r\n&lt;p&gt;- Mã sản phẩm:&lt;/p&gt;\r\n\r\n&lt;p&gt;- Mẫu sản phẩm:&lt;/p&gt;\r\n\r\n&lt;p&gt;- Thương hiệu:&lt;/p&gt;\r\n\r\n&lt;p&gt;- Kích thước:&lt;/p&gt;', '', '', '', '', '', '', ''),
(302, 2, 'Gia Vị Hoàn Chỉnh Canh Chua Ngọt', '&lt;p&gt;- Mô tả sản phẩm&lt;/p&gt;\r\n\r\n&lt;p&gt;- Mã sản phẩm:&lt;/p&gt;\r\n\r\n&lt;p&gt;- Mẫu sản phẩm:&lt;/p&gt;\r\n\r\n&lt;p&gt;- Thương hiệu:&lt;/p&gt;\r\n\r\n&lt;p&gt;- Kích thước:&lt;/p&gt;', '', '', '', '', '', '', ''),
(303, 2, 'Gia Vị Bún Bò Huế Aji-Quick', '&lt;p&gt;- Mô tả sản phẩm&lt;/p&gt;\r\n\r\n&lt;p&gt;- Mã sản phẩm:&lt;/p&gt;\r\n\r\n&lt;p&gt;- Mẫu sản phẩm:&lt;/p&gt;\r\n\r\n&lt;p&gt;- Thương hiệu:&lt;/p&gt;\r\n\r\n&lt;p&gt;- Kích thước:&lt;/p&gt;', '', '', '', '', '', '', ''),
(304, 2, 'Mì Tôm Chua Cay 3 Miền', '&lt;p&gt;- Mô tả sản phẩm&lt;/p&gt;\r\n\r\n&lt;p&gt;- Mã sản phẩm:&lt;/p&gt;\r\n\r\n&lt;p&gt;- Mẫu sản phẩm:&lt;/p&gt;\r\n\r\n&lt;p&gt;- Thương hiệu:&lt;/p&gt;\r\n\r\n&lt;p&gt;- Kích thước:&lt;/p&gt;', '', '', '', '', '', '', ''),
(305, 2, 'Mì Cup Noodles', '', '', '', '', '', '', '', ''),
(306, 2, 'Mì Cay', '&lt;p&gt;- Mô tả sản phẩm&lt;/p&gt;\r\n\r\n&lt;p&gt;- Mã sản phẩm:&lt;/p&gt;\r\n\r\n&lt;p&gt;- Mẫu sản phẩm:&lt;/p&gt;\r\n\r\n&lt;p&gt;- Thương hiệu:&lt;/p&gt;\r\n\r\n&lt;p&gt;- Kích thước:&lt;/p&gt;', '', '', '', '', '', '', ''),
(307, 2, 'Mì Chay Lá Đa 3 Miền', '&lt;p&gt;- Mô tả sản phẩm&lt;/p&gt;\r\n\r\n&lt;p&gt;- Mã sản phẩm:&lt;/p&gt;\r\n\r\n&lt;p&gt;- Mẫu sản phẩm:&lt;/p&gt;\r\n\r\n&lt;p&gt;- Thương hiệu:&lt;/p&gt;\r\n\r\n&lt;p&gt;- Kích thước:&lt;/p&gt;', '', '', '', '', '', '', ''),
(309, 2, 'Mì Hảo Hảo Sườn heo Tỏi Phi', '&lt;p&gt;- Mô tả sản phẩm&lt;/p&gt;\r\n\r\n&lt;p&gt;- Mã sản phẩm:&lt;/p&gt;\r\n\r\n&lt;p&gt;- Mẫu sản phẩm:&lt;/p&gt;\r\n\r\n&lt;p&gt;- Thương hiệu:&lt;/p&gt;\r\n\r\n&lt;p&gt;- Kích thước:&lt;/p&gt;', '', '', '', '', '', '', ''),
(310, 2, 'Mì Hảo Hảo Sa Tế Hành Tím', '', '', '', '', '', '', '', ''),
(311, 2, 'Mì Hảo Hảo Vị Sate Hành Tím', '&lt;p&gt;- Mô tả sản phẩm&lt;/p&gt;\r\n\r\n&lt;p&gt;- Mã sản phẩm:&lt;/p&gt;\r\n\r\n&lt;p&gt;- Mẫu sản phẩm:&lt;/p&gt;\r\n\r\n&lt;p&gt;- Thương hiệu:&lt;/p&gt;\r\n\r\n&lt;p&gt;- Kích thước:&lt;/p&gt;', '', '', '', '', '', '', ''),
(312, 2, 'Son 3CE Matte Lip Color 909', '&lt;p&gt;- Mô tả sản phẩm&lt;/p&gt;\r\n\r\n&lt;p&gt;- Mã sản phẩm:&lt;/p&gt;\r\n\r\n&lt;p&gt;- Mẫu sản phẩm:&lt;/p&gt;\r\n\r\n&lt;p&gt;- Thương hiệu:&lt;/p&gt;\r\n\r\n&lt;p&gt;- Kích thước:&lt;/p&gt;', '', '', '', '', '', '', ''),
(313, 2, 'Son 3CE Matte Lip Color 908', '&lt;p&gt;- Mô tả sản phẩm&lt;/p&gt;\r\n\r\n&lt;p&gt;- Mã sản phẩm:&lt;/p&gt;\r\n\r\n&lt;p&gt;- Mẫu sản phẩm:&lt;/p&gt;\r\n\r\n&lt;p&gt;- Thương hiệu:&lt;/p&gt;\r\n\r\n&lt;p&gt;- Kích thước:&lt;/p&gt;', '', '', '', '', '', '', ''),
(314, 2, 'Bộ Makeup 3CE', '&lt;p&gt;- Mô tả sản phẩm&lt;/p&gt;\r\n\r\n&lt;p&gt;- Mã sản phẩm:&lt;/p&gt;\r\n\r\n&lt;p&gt;- Mẫu sản phẩm:&lt;/p&gt;\r\n\r\n&lt;p&gt;- Thương hiệu:&lt;/p&gt;\r\n\r\n&lt;p&gt;- Kích thước:&lt;/p&gt;', '', '', '', '', '', '', ''),
(315, 2, 'Son 3CE Matte Lip Color 907', '', '', '', '', '', '', '', ''),
(316, 2, 'Kem Dưỡng ASTALIFT', '&lt;p&gt;- Mô tả sản phẩm&lt;/p&gt;\r\n\r\n&lt;p&gt;- Mã sản phẩm:&lt;/p&gt;\r\n\r\n&lt;p&gt;- Mẫu sản phẩm:&lt;/p&gt;\r\n\r\n&lt;p&gt;- Thương hiệu:&lt;/p&gt;\r\n\r\n&lt;p&gt;- Kích thước:&lt;/p&gt;', '', '', '', '', '', '', ''),
(317, 2, 'Nước Hoa Hồng Hatomugi', '&lt;p&gt;- Mô tả sản phẩm&lt;/p&gt;\r\n\r\n&lt;p&gt;- Mã sản phẩm:&lt;/p&gt;\r\n\r\n&lt;p&gt;- Mẫu sản phẩm:&lt;/p&gt;\r\n\r\n&lt;p&gt;- Thương hiệu:&lt;/p&gt;\r\n\r\n&lt;p&gt;- Kích thước:&lt;/p&gt;', '', '', '', '', '', '', ''),
(318, 2, 'Sữa Rửa Mặt Hada-Labo', '&lt;p&gt;- Mô tả sản phẩm&lt;/p&gt;\r\n\r\n&lt;p&gt;- Mã sản phẩm:&lt;/p&gt;\r\n\r\n&lt;p&gt;- Mẫu sản phẩm:&lt;/p&gt;\r\n\r\n&lt;p&gt;- Thương hiệu:&lt;/p&gt;\r\n\r\n&lt;p&gt;- Kích thước:&lt;/p&gt;', '', '', '', '', '', '', ''),
(319, 2, 'Chảo Inox', '&lt;p&gt;- Mô tả sản phẩm&lt;/p&gt;\r\n\r\n&lt;p&gt;- Mã sản phẩm:&lt;/p&gt;\r\n\r\n&lt;p&gt;- Mẫu sản phẩm:&lt;/p&gt;\r\n\r\n&lt;p&gt;- Thương hiệu:&lt;/p&gt;\r\n\r\n&lt;p&gt;- Kích thước:&lt;/p&gt;', '', '', '', '', '', '', ''),
(320, 2, 'Bộ 4 Nồi SUNHOUSE', '&lt;p&gt;- Mô tả sản phẩm&lt;/p&gt;\r\n\r\n&lt;p&gt;- Mã sản phẩm:&lt;/p&gt;\r\n\r\n&lt;p&gt;- Mẫu sản phẩm:&lt;/p&gt;\r\n\r\n&lt;p&gt;- Thương hiệu:&lt;/p&gt;\r\n\r\n&lt;p&gt;- Kích thước:&lt;/p&gt;', '', '', '', '', '', '', ''),
(321, 2, 'Hũ Đựng Gia Vị', '&lt;p&gt;- Mô tả sản phẩm&lt;/p&gt;\r\n\r\n&lt;p&gt;- Mã sản phẩm:&lt;/p&gt;\r\n\r\n&lt;p&gt;- Mẫu sản phẩm:&lt;/p&gt;\r\n\r\n&lt;p&gt;- Thương hiệu:&lt;/p&gt;\r\n\r\n&lt;p&gt;- Kích thước:&lt;/p&gt;', '', '', '', '', '', '', ''),
(322, 2, 'Combo Nấu ăn', '', '', '', '', '', '', '', ''),
(323, 2, 'Bộ 4 Nồi Xanh', '&lt;p&gt;- Mô tả sản phẩm&lt;/p&gt;\r\n\r\n&lt;p&gt;- Mã sản phẩm:&lt;/p&gt;\r\n\r\n&lt;p&gt;- Mẫu sản phẩm:&lt;/p&gt;\r\n\r\n&lt;p&gt;- Thương hiệu:&lt;/p&gt;\r\n\r\n&lt;p&gt;- Kích thước:&lt;/p&gt;', '', '', '', '', '', '', ''),
(324, 2, 'Bộ 3 Nồi ANOD', '', '', '', '', '', '', '', ''),
(325, 2, 'Máy Hút Mùi', '&lt;p&gt;- Mô tả sản phẩm&lt;/p&gt;\r\n\r\n&lt;p&gt;- Mã sản phẩm:&lt;/p&gt;\r\n\r\n&lt;p&gt;- Mẫu sản phẩm:&lt;/p&gt;\r\n\r\n&lt;p&gt;- Thương hiệu:&lt;/p&gt;\r\n\r\n&lt;p&gt;- Kích thước:&lt;/p&gt;', '', '', '', '', '', '', ''),
(326, 2, 'Bộ 4 Nồi ANOD', '&lt;p&gt;- Mô tả sản phẩm&lt;/p&gt;\r\n\r\n&lt;p&gt;- Mã sản phẩm:&lt;/p&gt;\r\n\r\n&lt;p&gt;- Mẫu sản phẩm:&lt;/p&gt;\r\n\r\n&lt;p&gt;- Thương hiệu:&lt;/p&gt;\r\n\r\n&lt;p&gt;- Kích thước:&lt;/p&gt;', '', '', '', '', '', '', ''),
(327, 2, 'Set Nơ Đẹp 001', '&lt;p&gt;- Mô tả sản phẩm&lt;/p&gt;\r\n\r\n&lt;p&gt;- Mã sản phẩm:&lt;/p&gt;\r\n\r\n&lt;p&gt;- Mẫu sản phẩm:&lt;/p&gt;\r\n\r\n&lt;p&gt;- Thương hiệu:&lt;/p&gt;\r\n\r\n&lt;p&gt;- Kích thước:&lt;/p&gt;', '', '', '', '', '', '', ''),
(328, 2, 'Set Nơ Đỏ Kèm Hộp', '&lt;p&gt;- Mô tả sản phẩm&lt;/p&gt;\r\n\r\n&lt;p&gt;- Mã sản phẩm:&lt;/p&gt;\r\n\r\n&lt;p&gt;- Mẫu sản phẩm:&lt;/p&gt;\r\n\r\n&lt;p&gt;- Thương hiệu:&lt;/p&gt;\r\n\r\n&lt;p&gt;- Kích thước:&lt;/p&gt;', '', '', '', '', '', '', ''),
(329, 2, 'Set Nơ Kèm Hộp', '', '', '', '', '', '', '', ''),
(330, 2, 'Set Nơ Hồng Kèm Hộp', '&lt;p&gt;- Mô tả sản phẩm&lt;/p&gt;\r\n\r\n&lt;p&gt;- Mã sản phẩm:&lt;/p&gt;\r\n\r\n&lt;p&gt;- Mẫu sản phẩm:&lt;/p&gt;\r\n\r\n&lt;p&gt;- Thương hiệu:&lt;/p&gt;\r\n\r\n&lt;p&gt;- Kích thước:&lt;/p&gt;', '', '', '', '', '', '', ''),
(331, 2, 'Bờm Tóc Đáng Yêu', '&lt;p&gt;- Mô tả sản phẩm&lt;/p&gt;\r\n\r\n&lt;p&gt;- Mã sản phẩm:&lt;/p&gt;\r\n\r\n&lt;p&gt;- Mẫu sản phẩm:&lt;/p&gt;\r\n\r\n&lt;p&gt;- Thương hiệu:&lt;/p&gt;\r\n\r\n&lt;p&gt;- Kích thước:&lt;/p&gt;', '', '', '', '', '', '', ''),
(332, 2, 'Bờm Tóc Unicorn', '&lt;p&gt;- Mô tả sản phẩm&lt;/p&gt;\r\n\r\n&lt;p&gt;- Mã sản phẩm:&lt;/p&gt;\r\n\r\n&lt;p&gt;- Mẫu sản phẩm:&lt;/p&gt;\r\n\r\n&lt;p&gt;- Thương hiệu:&lt;/p&gt;\r\n\r\n&lt;p&gt;- Kích thước:&lt;/p&gt;', '', '', '', '', '', '', ''),
(333, 2, 'Set Kẹp Tóc Xinh Cho Bé', '&lt;p&gt;- Mô tả sản phẩm&lt;/p&gt;\r\n\r\n&lt;p&gt;- Mã sản phẩm:&lt;/p&gt;\r\n\r\n&lt;p&gt;- Mẫu sản phẩm:&lt;/p&gt;\r\n\r\n&lt;p&gt;- Thương hiệu:&lt;/p&gt;\r\n\r\n&lt;p&gt;- Kích thước:&lt;/p&gt;', '', '', '', '', '', '', ''),
(334, 2, 'Kẹp Cotton Clip', '', '', '', '', '', '', '', ''),
(335, 2, 'Rượu Vang Contrada Del Falco', '&lt;p&gt;- Mô tả sản phẩm&lt;/p&gt;\r\n\r\n&lt;p&gt;- Mã sản phẩm:&lt;/p&gt;\r\n\r\n&lt;p&gt;- Mẫu sản phẩm:&lt;/p&gt;\r\n\r\n&lt;p&gt;- Thương hiệu:&lt;/p&gt;\r\n\r\n&lt;p&gt;- Kích thước:&lt;/p&gt;', '', '', '', '', '', '', ''),
(336, 2, 'Rượu Vang Hennessy', '', '', '', '', '', '', '', ''),
(337, 2, 'Rượu Vang Wine Star', '&lt;p&gt;- Mô tả sản phẩm&lt;/p&gt;\r\n\r\n&lt;p&gt;- Mã sản phẩm:&lt;/p&gt;\r\n\r\n&lt;p&gt;- Mẫu sản phẩm:&lt;/p&gt;\r\n\r\n&lt;p&gt;- Thương hiệu:&lt;/p&gt;\r\n\r\n&lt;p&gt;- Kích thước:&lt;/p&gt;', '', '', '', '', '', '', ''),
(338, 2, 'Rượu Nho Phú Quý', '&lt;p&gt;- Mô tả sản phẩm&lt;/p&gt;\r\n\r\n&lt;p&gt;- Mã sản phẩm:&lt;/p&gt;\r\n\r\n&lt;p&gt;- Mẫu sản phẩm:&lt;/p&gt;\r\n\r\n&lt;p&gt;- Thương hiệu:&lt;/p&gt;\r\n\r\n&lt;p&gt;- Kích thước:&lt;/p&gt;', '', '', '', '', '', '', ''),
(339, 2, 'Rượu Vang Hennessy X.O', '', '', '', '', '', '', '', ''),
(340, 2, 'Rượu Vang Valdivieso', '&lt;p&gt;- Mô tả sản phẩm&lt;/p&gt;\r\n\r\n&lt;p&gt;- Mã sản phẩm:&lt;/p&gt;\r\n\r\n&lt;p&gt;- Mẫu sản phẩm:&lt;/p&gt;\r\n\r\n&lt;p&gt;- Thương hiệu:&lt;/p&gt;\r\n\r\n&lt;p&gt;- Kích thước:&lt;/p&gt;', '', '', '', '', '', '', ''),
(341, 2, 'Rượu Vang La Grave Firea', '', '', '', '', '', '', '', ''),
(342, 2, 'Bột Canh Thiên Hương', '', '', '', '', '', '', '', ''),
(343, 2, 'Bột Canh Nấm Hương', '', '', '', '', '', '', '', ''),
(344, 2, 'Bột Ngọt Ajinomoto', '', '', '', '', '', '', '', ''),
(345, 2, 'Bột Canh Tôm VIFON', '', '', '', '', '', '', '', ''),
(346, 2, 'Giấy Vệ Sinh E\'mos', '', '', '', '', '', '', '', ''),
(347, 2, 'Giấy Vệ Sinh Coop Happy', '', '', '', '', '', '', '', ''),
(348, 2, 'Giấy Vệ Sinh An AN', '', '', '', '', '', '', '', ''),
(349, 2, 'Giấy Vệ Sinh Vietnam Airlines', '&lt;p&gt;- Mô tả sản phẩm&lt;/p&gt;\r\n\r\n&lt;p&gt;- Mã sản phẩm:&lt;/p&gt;\r\n\r\n&lt;p&gt;- Mẫu sản phẩm:&lt;/p&gt;\r\n\r\n&lt;p&gt;- Thương hiệu:&lt;/p&gt;\r\n\r\n&lt;p&gt;- Kích thước:&lt;/p&gt;', '', '', '', '', '', '', ''),
(350, 2, 'Nước Lau Sàn Sunlight Hương Hoa Hè', '&lt;p&gt;- Mô tả sản phẩm&lt;/p&gt;\r\n\r\n&lt;p&gt;- Mã sản phẩm:&lt;/p&gt;\r\n\r\n&lt;p&gt;- Mẫu sản phẩm:&lt;/p&gt;\r\n\r\n&lt;p&gt;- Thương hiệu:&lt;/p&gt;\r\n\r\n&lt;p&gt;- Kích thước:&lt;/p&gt;', '', '', '', '', '', '', ''),
(351, 2, 'Nước Lau Sàn Sunlight Hương Hoa Thiên Nhiên', '&lt;p&gt;- Mô tả sản phẩm&lt;/p&gt;\r\n\r\n&lt;p&gt;- Mã sản phẩm:&lt;/p&gt;\r\n\r\n&lt;p&gt;- Mẫu sản phẩm:&lt;/p&gt;\r\n\r\n&lt;p&gt;- Thương hiệu:&lt;/p&gt;\r\n\r\n&lt;p&gt;- Kích thước:&lt;/p&gt;', '', '', '', '', '', '', ''),
(352, 2, 'Dung Dịch Tẩy Rửa DUCK', '&lt;p&gt;- Mô tả sản phẩm&lt;/p&gt;\r\n\r\n&lt;p&gt;- Mã sản phẩm:&lt;/p&gt;\r\n\r\n&lt;p&gt;- Mẫu sản phẩm:&lt;/p&gt;\r\n\r\n&lt;p&gt;- Thương hiệu:&lt;/p&gt;\r\n\r\n&lt;p&gt;- Kích thước:&lt;/p&gt;', '', '', '', '', '', '', ''),
(353, 2, 'Dung Dịch Tẩy Rửa VIM', '&lt;p&gt;- Mô tả sản phẩm&lt;/p&gt;\r\n\r\n&lt;p&gt;- Mã sản phẩm:&lt;/p&gt;\r\n\r\n&lt;p&gt;- Mẫu sản phẩm:&lt;/p&gt;\r\n\r\n&lt;p&gt;- Thương hiệu:&lt;/p&gt;\r\n\r\n&lt;p&gt;- Kích thước:&lt;/p&gt;', '', '', '', '', '', '', ''),
(354, 2, 'Máy Xông Tinh Dầu Tự Động Hẹn Giờ', '&lt;p&gt;- Mô tả sản phẩm&lt;/p&gt;\r\n\r\n&lt;p&gt;- Mã sản phẩm:&lt;/p&gt;\r\n\r\n&lt;p&gt;- Mẫu sản phẩm:&lt;/p&gt;\r\n\r\n&lt;p&gt;- Thương hiệu:&lt;/p&gt;\r\n\r\n&lt;p&gt;- Kích thước:&lt;/p&gt;', '', '', '', '', '', '', ''),
(355, 2, 'Máy Xông Tinh Dầu Hồ Điệp', '&lt;p&gt;- Mô tả sản phẩm&lt;/p&gt;\r\n\r\n&lt;p&gt;- Mã sản phẩm:&lt;/p&gt;\r\n\r\n&lt;p&gt;- Mẫu sản phẩm:&lt;/p&gt;\r\n\r\n&lt;p&gt;- Thương hiệu:&lt;/p&gt;\r\n\r\n&lt;p&gt;- Kích thước:&lt;/p&gt;', '', '', '', '', '', '', ''),
(356, 2, 'Máy Xông Tinh Dầu Gỗ Hương', '&lt;p&gt;- Mô tả sản phẩm&lt;/p&gt;\r\n\r\n&lt;p&gt;- Mã sản phẩm:&lt;/p&gt;\r\n\r\n&lt;p&gt;- Mẫu sản phẩm:&lt;/p&gt;\r\n\r\n&lt;p&gt;- Thương hiệu:&lt;/p&gt;\r\n\r\n&lt;p&gt;- Kích thước:&lt;/p&gt;', '', '', '', '', '', '', ''),
(357, 2, 'Máy Xông Tinh Dầu Lục Cầu', '&lt;p&gt;- Mô tả sản phẩm&lt;/p&gt;\r\n\r\n&lt;p&gt;- Mã sản phẩm:&lt;/p&gt;\r\n\r\n&lt;p&gt;- Mẫu sản phẩm:&lt;/p&gt;\r\n\r\n&lt;p&gt;- Thương hiệu:&lt;/p&gt;\r\n\r\n&lt;p&gt;- Kích thước:&lt;/p&gt;', '', '', '', '', '', '', ''),
(358, 2, 'Nước Mắm Cá Cơm', '&lt;p&gt;- Mô tả sản phẩm&lt;/p&gt;\r\n\r\n&lt;p&gt;- Mã sản phẩm:&lt;/p&gt;\r\n\r\n&lt;p&gt;- Mẫu sản phẩm:&lt;/p&gt;\r\n\r\n&lt;p&gt;- Thương hiệu:&lt;/p&gt;\r\n\r\n&lt;p&gt;- Kích thước:&lt;/p&gt;', '', '', '', '', '', '', ''),
(359, 2, 'Nước Mắm Thái Long', '&lt;p&gt;- Mô tả sản phẩm&lt;/p&gt;\r\n\r\n&lt;p&gt;- Mã sản phẩm:&lt;/p&gt;\r\n\r\n&lt;p&gt;- Mẫu sản phẩm:&lt;/p&gt;\r\n\r\n&lt;p&gt;- Thương hiệu:&lt;/p&gt;\r\n\r\n&lt;p&gt;- Kích thước:&lt;/p&gt;', '', '', '', '', '', '', ''),
(360, 2, 'Nước Mắm Nam Ngư', '&lt;p&gt;- Mô tả sản phẩm&lt;/p&gt;\r\n\r\n&lt;p&gt;- Mã sản phẩm:&lt;/p&gt;\r\n\r\n&lt;p&gt;- Mẫu sản phẩm:&lt;/p&gt;\r\n\r\n&lt;p&gt;- Thương hiệu:&lt;/p&gt;\r\n\r\n&lt;p&gt;- Kích thước:&lt;/p&gt;', '', '', '', '', '', '', ''),
(361, 2, 'Nước Mắm Đệ Nhị', '&lt;p&gt;- Mô tả sản phẩm&lt;/p&gt;\r\n\r\n&lt;p&gt;- Mã sản phẩm:&lt;/p&gt;\r\n\r\n&lt;p&gt;- Mẫu sản phẩm:&lt;/p&gt;\r\n\r\n&lt;p&gt;- Thương hiệu:&lt;/p&gt;\r\n\r\n&lt;p&gt;- Kích thước:&lt;/p&gt;', '', '', '', '', '', '', ''),
(362, 2, 'Tã Quần Pampers', '&lt;p&gt;- Mô tả sản phẩm&lt;/p&gt;\r\n\r\n&lt;p&gt;- Mã sản phẩm:&lt;/p&gt;\r\n\r\n&lt;p&gt;- Mẫu sản phẩm:&lt;/p&gt;\r\n\r\n&lt;p&gt;- Thương hiệu:&lt;/p&gt;\r\n\r\n&lt;p&gt;- Kích thước:&lt;/p&gt;', '', '', '', '', '', '', ''),
(363, 2, 'Tã Quần Huggies', '&lt;p&gt;- Mô tả sản phẩm&lt;/p&gt;\r\n\r\n&lt;p&gt;- Mã sản phẩm:&lt;/p&gt;\r\n\r\n&lt;p&gt;- Mẫu sản phẩm:&lt;/p&gt;\r\n\r\n&lt;p&gt;- Thương hiệu:&lt;/p&gt;\r\n\r\n&lt;p&gt;- Kích thước:&lt;/p&gt;', '', '', '', '', '', '', ''),
(364, 2, 'Tã Quần Bobbies', '&lt;p&gt;- Mô tả sản phẩm&lt;/p&gt;\r\n\r\n&lt;p&gt;- Mã sản phẩm:&lt;/p&gt;\r\n\r\n&lt;p&gt;- Mẫu sản phẩm:&lt;/p&gt;\r\n\r\n&lt;p&gt;- Thương hiệu:&lt;/p&gt;\r\n\r\n&lt;p&gt;- Kích thước:&lt;/p&gt;', '', '', '', '', '', '', ''),
(365, 2, 'Bỉm Merries', '&lt;p&gt;- Mô tả sản phẩm&lt;/p&gt;\r\n\r\n&lt;p&gt;- Mã sản phẩm:&lt;/p&gt;\r\n\r\n&lt;p&gt;- Mẫu sản phẩm:&lt;/p&gt;\r\n\r\n&lt;p&gt;- Thương hiệu:&lt;/p&gt;\r\n\r\n&lt;p&gt;- Kích thước:&lt;/p&gt;', '', '', '', '', '', '', ''),
(366, 2, 'Combo Chăm Sóc Tóc L\'ORÉAL', '&lt;p&gt;- Mô tả sản phẩm&lt;/p&gt;\r\n\r\n&lt;p&gt;- Mã sản phẩm:&lt;/p&gt;\r\n\r\n&lt;p&gt;- Mẫu sản phẩm:&lt;/p&gt;\r\n\r\n&lt;p&gt;- Thương hiệu:&lt;/p&gt;\r\n\r\n&lt;p&gt;- Kích thước:&lt;/p&gt;', '', '', '', '', '', '', ''),
(367, 2, 'Dầu Gội Oriflame', '&lt;p&gt;- Mô tả sản phẩm&lt;/p&gt;\r\n\r\n&lt;p&gt;- Mã sản phẩm:&lt;/p&gt;\r\n\r\n&lt;p&gt;- Mẫu sản phẩm:&lt;/p&gt;\r\n\r\n&lt;p&gt;- Thương hiệu:&lt;/p&gt;\r\n\r\n&lt;p&gt;- Kích thước:&lt;/p&gt;', '', '', '', '', '', '', ''),
(368, 2, 'Dầu Gội L\'ORÉAL', '&lt;p&gt;- Mô tả sản phẩm&lt;/p&gt;\r\n\r\n&lt;p&gt;- Mã sản phẩm:&lt;/p&gt;\r\n\r\n&lt;p&gt;- Mẫu sản phẩm:&lt;/p&gt;\r\n\r\n&lt;p&gt;- Thương hiệu:&lt;/p&gt;\r\n\r\n&lt;p&gt;- Kích thước:&lt;/p&gt;', '', '', '', '', '', '', ''),
(369, 2, 'Dầu Gội Khải Thiên Phú', '&lt;p&gt;- Mô tả sản phẩm&lt;/p&gt;\r\n\r\n&lt;p&gt;- Mã sản phẩm:&lt;/p&gt;\r\n\r\n&lt;p&gt;- Mẫu sản phẩm:&lt;/p&gt;\r\n\r\n&lt;p&gt;- Thương hiệu:&lt;/p&gt;\r\n\r\n&lt;p&gt;- Kích thước:&lt;/p&gt;', '', '', '', '', '', '', ''),
(370, 2, 'Dầu Gội + Xả TRESemmé', '&lt;p&gt;- Mô tả sản phẩm&lt;/p&gt;\r\n\r\n&lt;p&gt;- Mã sản phẩm:&lt;/p&gt;\r\n\r\n&lt;p&gt;- Mẫu sản phẩm:&lt;/p&gt;\r\n\r\n&lt;p&gt;- Thương hiệu:&lt;/p&gt;\r\n\r\n&lt;p&gt;- Kích thước:&lt;/p&gt;', '', '', '', '', '', '', ''),
(371, 2, 'Combo Chăm Sóc Tóc RYO', '&lt;p&gt;- Mô tả sản phẩm&lt;/p&gt;\r\n\r\n&lt;p&gt;- Mã sản phẩm:&lt;/p&gt;\r\n\r\n&lt;p&gt;- Mẫu sản phẩm:&lt;/p&gt;\r\n\r\n&lt;p&gt;- Thương hiệu:&lt;/p&gt;\r\n\r\n&lt;p&gt;- Kích thước:&lt;/p&gt;', '', '', '', '', '', '', ''),
(372, 2, 'Dầu Gội RYO', '&lt;p&gt;- Mô tả sản phẩm&lt;/p&gt;\r\n\r\n&lt;p&gt;- Mã sản phẩm:&lt;/p&gt;\r\n\r\n&lt;p&gt;- Mẫu sản phẩm:&lt;/p&gt;\r\n\r\n&lt;p&gt;- Thương hiệu:&lt;/p&gt;\r\n\r\n&lt;p&gt;- Kích thước:&lt;/p&gt;', '', '', '', '', '', '', ''),
(373, 2, 'Dầu Gội Huile Saigon', '&lt;p&gt;- Mô tả sản phẩm&lt;/p&gt;\r\n\r\n&lt;p&gt;- Mã sản phẩm:&lt;/p&gt;\r\n\r\n&lt;p&gt;- Mẫu sản phẩm:&lt;/p&gt;\r\n\r\n&lt;p&gt;- Thương hiệu:&lt;/p&gt;\r\n\r\n&lt;p&gt;- Kích thước:&lt;/p&gt;', '', '', '', '', '', '', ''),
(308, 2, 'Mì KOKOMI Đại', '&lt;p&gt;- Mô tả sản phẩm&lt;/p&gt;\r\n\r\n&lt;p&gt;- Mã sản phẩm:&lt;/p&gt;\r\n\r\n&lt;p&gt;- Mẫu sản phẩm:&lt;/p&gt;\r\n\r\n&lt;p&gt;- Thương hiệu:&lt;/p&gt;\r\n\r\n&lt;p&gt;- Kích thước:&lt;/p&gt;', '', '', '', '', '', '', ''),
(374, 2, 'Bộ 3 Nồi ANOD', '&lt;p&gt;- Mô tả sản phẩm&lt;/p&gt;\r\n\r\n&lt;p&gt;- Mã sản phẩm:&lt;/p&gt;\r\n\r\n&lt;p&gt;- Mẫu sản phẩm:&lt;/p&gt;\r\n\r\n&lt;p&gt;- Thương hiệu:&lt;/p&gt;\r\n\r\n&lt;p&gt;- Kích thước:&lt;/p&gt;', '&lt;p&gt;Trọng lượng:&lt;br /&gt;\r\nNgày sản xuất&lt;br /&gt;\r\nHạn sử dụng:&lt;/p&gt;', '', '', '', '', '', ''),
(375, 2, 'Son 3CE Matte Lip Color 909', '<p>- Mô tả sản phẩm</p>\n\n<p>- Mã sản phẩm:</p>\n\n<p>- Mẫu sản phẩm:</p>\n\n<p>- Thương hiệu:</p>\n\n<p>- Kích thước:</p>', 'Trọng lượng: <br />\nNgày sản xuất<br />\nHạn sử dụng:<br />\n', '', '', '', '', '', ''),
(376, 2, 'Gia Vị Lẩu Thái Aji-Quick', '<p>- Mô tả sản phẩm</p>\n\n<p>- Mã sản phẩm:</p>\n\n<p>- Mẫu sản phẩm:</p>\n\n<p>- Thương hiệu:</p>\n\n<p>- Kích thước:</p>', 'Trọng lượng: <br />\nNgày sản xuất<br />\nHạn sử dụng:<br />\n', '', '', '', '', '', ''),
(377, 2, 'Bờm Tóc Unicorn', '<p>- Mô tả sản phẩm</p>\n\n<p>- Mã sản phẩm:</p>\n\n<p>- Mẫu sản phẩm:</p>\n\n<p>- Thương hiệu:</p>\n\n<p>- Kích thước:</p>', 'Trọng lượng: <br />\nNgày sản xuất<br />\nHạn sử dụng:<br />\n', '', '', '', '', '', ''),
(378, 2, 'Set Nơ Hồng Kèm Hộp', '<p>- Mô tả sản phẩm</p>\n\n<p>- Mã sản phẩm:</p>\n\n<p>- Mẫu sản phẩm:</p>\n\n<p>- Thương hiệu:</p>\n\n<p>- Kích thước:</p>', 'Trọng lượng: <br />\nNgày sản xuất<br />\nHạn sử dụng:<br />\n', '', '', '', '', '', ''),
(379, 2, 'CoCa CoLa Cherry', '<p>- Mô tả sản phẩm</p>\n\n<p>- Mã sản phẩm:</p>\n\n<p>- Mẫu sản phẩm:</p>\n\n<p>- Thương hiệu:</p>\n\n<p>- Kích thước:</p>', 'Trọng lượng: <br />\nNgày sản xuất<br />\nHạn sử dụng:<br />\n', '', '', '', '', '', ''),
(380, 2, 'Fanta Hương Cam Lon Nhỏ', '<p>- Mô tả sản phẩm</p>\n\n<p>- Mã sản phẩm:</p>\n\n<p>- Mẫu sản phẩm:</p>\n\n<p>- Thương hiệu:</p>\n\n<p>- Kích thước:</p>', 'Trọng lượng: <br />\nNgày sản xuất<br />\nHạn sử dụng:<br />\n', '', '', '', '', '', ''),
(381, 2, 'Sữa Rửa Mặt Hada-Labo', '<p>- Mô tả sản phẩm</p>\n\n<p>- Mã sản phẩm:</p>\n\n<p>- Mẫu sản phẩm:</p>\n\n<p>- Thương hiệu:</p>\n\n<p>- Kích thước:</p>', 'Trọng lượng: <br />\nNgày sản xuất<br />\nHạn sử dụng:<br />\n', '', '', '', '', '', ''),
(382, 2, 'Kẹo Play Candy', '<p>- Mô tả sản phẩm</p>\n\n<p>- Mã sản phẩm:</p>\n\n<p>- Mẫu sản phẩm:</p>\n\n<p>- Thương hiệu:</p>\n\n<p>- Kích thước:</p>', 'Trọng lượng: <br />\nNgày sản xuất<br />\nHạn sử dụng:<br />\n', '', '', '', '', '', ''),
(383, 2, 'Kẹo Mút Chupa Chups Bó Hoa', '<p>- Mô tả sản phẩm</p>\n\n<p>- Mã sản phẩm:</p>\n\n<p>- Mẫu sản phẩm:</p>\n\n<p>- Thương hiệu:</p>\n\n<p>- Kích thước:</p>\n\n<p>Bó hoa 19c x 10g</p>', 'Trọng lượng: <br />\nNgày sản xuất<br />\nHạn sử dụng:<br />\n', '', '', '', '', '', ''),
(384, 2, 'Kẹo Milo Cube', '<p>- Mô tả sản phẩm</p>\n\n<p>- Mã sản phẩm:</p>\n\n<p>- Mẫu sản phẩm:</p>\n\n<p>- Thương hiệu:</p>\n\n<p>- Kích thước:</p>', 'Trọng lượng: <br />\nNgày sản xuất<br />\nHạn sử dụng:<br />\n', '', '', '', '', '', ''),
(385, 2, 'Kệ Treo Góc Nhà Tắm', '&lt;p&gt;- Mô tả sản phẩm&lt;/p&gt;\r\n\r\n&lt;p&gt;- Mã sản phẩm:&lt;/p&gt;\r\n\r\n&lt;p&gt;- Mẫu sản phẩm:&lt;/p&gt;\r\n\r\n&lt;p&gt;- Thương hiệu:&lt;/p&gt;\r\n\r\n&lt;p&gt;- Kích thước:&lt;/p&gt;', '&lt;p&gt;Trọng lượng:&lt;br /&gt;\r\nNgày sản xuất&lt;br /&gt;\r\nHạn sử dụng:&lt;/p&gt;', '', '', '', '', '', ''),
(386, 2, 'Gia Vị Cá Kho Aji-Quick', '<p>- Mô tả sản phẩm</p>\n\n<p>- Mã sản phẩm:</p>\n\n<p>- Mẫu sản phẩm:</p>\n\n<p>- Thương hiệu:</p>\n\n<p>- Kích thước:</p>', 'Trọng lượng: <br />\nNgày sản xuất<br />\nHạn sử dụng:<br />\n', '', '', '', '', '', ''),
(387, 2, 'Giá Đỡ Điện Thoại', '&lt;p&gt;- Mô tả sản phẩm&lt;/p&gt;\r\n\r\n&lt;p&gt;- Mã sản phẩm:&lt;/p&gt;\r\n\r\n&lt;p&gt;- Mẫu sản phẩm:&lt;/p&gt;\r\n\r\n&lt;p&gt;- Thương hiệu:&lt;/p&gt;\r\n\r\n&lt;p&gt;- Kích thước:&lt;/p&gt;', '&lt;p&gt;Trọng lượng:&lt;br /&gt;\r\nNgày sản xuất&lt;br /&gt;\r\nHạn sử dụng:&lt;/p&gt;', '', '', '', '', '', ''),
(388, 2, 'Gia Vị Hoàn Chỉnh Canh Chua Ngọt', '<p>- Mô tả sản phẩm</p>\n\n<p>- Mã sản phẩm:</p>\n\n<p>- Mẫu sản phẩm:</p>\n\n<p>- Thương hiệu:</p>\n\n<p>- Kích thước:</p>', 'Trọng lượng: <br />\nNgày sản xuất<br />\nHạn sử dụng:<br />\n', '', '', '', '', '', ''),
(389, 2, 'Dầu Gội Huile Saigon', '<p>- Mô tả sản phẩm</p>\n\n<p>- Mã sản phẩm:</p>\n\n<p>- Mẫu sản phẩm:</p>\n\n<p>- Thương hiệu:</p>\n\n<p>- Kích thước:</p>', 'Trọng lượng: <br />\nNgày sản xuất<br />\nHạn sử dụng:<br />\n', '', '', '', '', '', ''),
(390, 2, 'Dầu Gội RYO', '<p>- Mô tả sản phẩm</p>\n\n<p>- Mã sản phẩm:</p>\n\n<p>- Mẫu sản phẩm:</p>\n\n<p>- Thương hiệu:</p>\n\n<p>- Kích thước:</p>', 'Trọng lượng: <br />\nNgày sản xuất<br />\nHạn sử dụng:<br />\n', '', '', '', '', '', ''),
(391, 2, 'Combo Chăm Sóc Tóc RYO', '<p>- Mô tả sản phẩm</p>\n\n<p>- Mã sản phẩm:</p>\n\n<p>- Mẫu sản phẩm:</p>\n\n<p>- Thương hiệu:</p>\n\n<p>- Kích thước:</p>', 'Trọng lượng: <br />\nNgày sản xuất<br />\nHạn sử dụng:<br />\n', '', '', '', '', '', ''),
(392, 2, 'Set Kẹp Tóc Xinh Cho Bé', '<p>- Mô tả sản phẩm</p>\n\n<p>- Mã sản phẩm:</p>\n\n<p>- Mẫu sản phẩm:</p>\n\n<p>- Thương hiệu:</p>\n\n<p>- Kích thước:</p>', 'Trọng lượng: <br />\nNgày sản xuất<br />\nHạn sử dụng:<br />\n', '', '', '', '', '', ''),
(393, 2, 'Kẹo Hương Kem Dâu Alpenliebe', '<p>- Mô tả sản phẩm</p>\n\n<p>- Mã sản phẩm:</p>\n\n<p>- Mẫu sản phẩm:</p>\n\n<p>- Thương hiệu:</p>\n\n<p>- Kích thước:</p>', 'Trọng lượng: <br />\nNgày sản xuất<br />\nHạn sử dụng:<br />\n', '', '', '', '', '', ''),
(394, 2, 'Kẹp Cotton Clip', '<p>- Mô tả sản phẩm</p>\n\n<p>- Mã sản phẩm:</p>\n\n<p>- Mẫu sản phẩm:</p>\n\n<p>- Thương hiệu:</p>\n\n<p>- Kích thước:</p>', 'Trọng lượng: <br />\nNgày sản xuất<br />\nHạn sử dụng:<br />\n', '', '', '', '', '', ''),
(395, 2, 'Rượu Vang Wine Star', '<p>- Mô tả sản phẩm</p>\n\n<p>- Mã sản phẩm:</p>\n\n<p>- Mẫu sản phẩm:</p>\n\n<p>- Thương hiệu:</p>\n\n<p>- Kích thước:</p>', 'Trọng lượng: <br />\nNgày sản xuất<br />\nHạn sử dụng:<br />\n', '', '', '', '', '', ''),
(396, 2, 'Set Nơ Đỏ Kèm Hộp', '<p>- Mô tả sản phẩm</p>\n\n<p>- Mã sản phẩm:</p>\n\n<p>- Mẫu sản phẩm:</p>\n\n<p>- Thương hiệu:</p>\n\n<p>- Kích thước:</p>', 'Trọng lượng: <br />\nNgày sản xuất<br />\nHạn sử dụng:<br />\n', '', '', '', '', '', ''),
(397, 2, 'Gia Vị Thịt Kho Tàu Knorr', '<p>- Mô tả sản phẩm</p>\n\n<p>- Mã sản phẩm:</p>\n\n<p>- Mẫu sản phẩm:</p>\n\n<p>- Thương hiệu:</p>\n\n<p>- Kích thước:</p>', 'Trọng lượng: <br />\nNgày sản xuất<br />\nHạn sử dụng:<br />\n', '', '', '', '', '', ''),
(398, 2, 'Set Nơ Kèm Hộp', '<p>- Mô tả sản phẩm</p>\n\n<p>- Mã sản phẩm:</p>\n\n<p>- Mẫu sản phẩm:</p>\n\n<p>- Thương hiệu:</p>\n\n<p>- Kích thước:</p>', 'Trọng lượng: <br />\nNgày sản xuất<br />\nHạn sử dụng:<br />\n', '', '', '', '', '', ''),
(399, 2, 'Fanta Hương Cam Lon Lớn', '<p>- Mô tả sản phẩm</p>\n\n<p>- Mã sản phẩm:</p>\n\n<p>- Mẫu sản phẩm:</p>\n\n<p>- Thương hiệu:</p>\n\n<p>- Kích thước:</p>', 'Trọng lượng: <br />\nNgày sản xuất<br />\nHạn sử dụng:<br />\n', '', '', '', '', '', ''),
(400, 2, 'Dầu Gội + Xả TRESemmé', '<p>- Mô tả sản phẩm</p>\n\n<p>- Mã sản phẩm:</p>\n\n<p>- Mẫu sản phẩm:</p>\n\n<p>- Thương hiệu:</p>\n\n<p>- Kích thước:</p>', 'Trọng lượng: <br />\nNgày sản xuất<br />\nHạn sử dụng:<br />\n', '', '', '', '', '', ''),
(401, 2, 'Mì Hảo Hảo Sườn heo Tỏi Phi', '<p>- Mô tả sản phẩm</p>\n\n<p>- Mã sản phẩm:</p>\n\n<p>- Mẫu sản phẩm:</p>\n\n<p>- Thương hiệu:</p>\n\n<p>- Kích thước:</p>', 'Trọng lượng: <br />\nNgày sản xuất<br />\nHạn sử dụng:<br />\n', '', '', '', '', '', ''),
(402, 2, 'Máy Hút Mùi', '&lt;p&gt;- Mô tả sản phẩm&lt;/p&gt;\r\n\r\n&lt;p&gt;- Mã sản phẩm:&lt;/p&gt;\r\n\r\n&lt;p&gt;- Mẫu sản phẩm:&lt;/p&gt;\r\n\r\n&lt;p&gt;- Thương hiệu:&lt;/p&gt;\r\n\r\n&lt;p&gt;- Kích thước:&lt;/p&gt;', '&lt;p&gt;Trọng lượng:&lt;br /&gt;\r\nNgày sản xuất&lt;br /&gt;\r\nHạn sử dụng:&lt;/p&gt;', '', '', '', '', '', ''),
(403, 2, 'Rượu Vang Hennessy X.O', '<p>- Mô tả sản phẩm</p>\n\n<p>- Mã sản phẩm:</p>\n\n<p>- Mẫu sản phẩm:</p>\n\n<p>- Thương hiệu:</p>\n\n<p>- Kích thước:</p>', 'Trọng lượng: <br />\nNgày sản xuất<br />\nHạn sử dụng:<br />\n', '', '', '', '', '', ''),
(404, 2, 'Dầu Gội Khải Thiên Phú', '<p>- Mô tả sản phẩm</p>\n\n<p>- Mã sản phẩm:</p>\n\n<p>- Mẫu sản phẩm:</p>\n\n<p>- Thương hiệu:</p>\n\n<p>- Kích thước:</p>', 'Trọng lượng: <br />\nNgày sản xuất<br />\nHạn sử dụng:<br />\n', '', '', '', '', '', ''),
(405, 2, 'Rượu Nho Phú Quý', '<p>- Mô tả sản phẩm</p>\n\n<p>- Mã sản phẩm:</p>\n\n<p>- Mẫu sản phẩm:</p>\n\n<p>- Thương hiệu:</p>\n\n<p>- Kích thước:</p>', 'Trọng lượng: <br />\nNgày sản xuất<br />\nHạn sử dụng:<br />\n', '', '', '', '', '', ''),
(406, 2, 'Giấy Vệ Sinh Vietnam Airlines', '<p>- Mô tả sản phẩm</p>\n\n<p>- Mã sản phẩm:</p>\n\n<p>- Mẫu sản phẩm:</p>\n\n<p>- Thương hiệu:</p>\n\n<p>- Kích thước:</p>', 'Trọng lượng: <br />\nNgày sản xuất<br />\nHạn sử dụng:<br />\n', '', '', '', '', '', ''),
(407, 2, 'Cam Sành', '<p>- Mô tả sản phẩm</p>\n\n<p>- Mã sản phẩm:</p>\n\n<p>- Mẫu sản phẩm:</p>\n\n<p>- Thương hiệu:</p>\n\n<p>- Kích thước:</p>', 'Trọng lượng: <br />\nNgày sản xuất<br />\nHạn sử dụng:<br />\n', '', '', '', '', '', ''),
(408, 2, 'Củ Hành Tím', '<p>- Mô tả sản phẩm</p>\n\n<p>- Mã sản phẩm:</p>\n\n<p>- Mẫu sản phẩm:</p>\n\n<p>- Thương hiệu:</p>\n\n<p>- Kích thước:</p>', 'Trọng lượng: <br />\nNgày sản xuất<br />\nHạn sử dụng:<br />\n', '', '', '', '', '', ''),
(409, 2, 'Táo New Zealands', '<p>- Mô tả sản phẩm</p>\n\n<p>- Mã sản phẩm:</p>\n\n<p>- Mẫu sản phẩm:</p>\n\n<p>- Thương hiệu:</p>\n\n<p>- Kích thước:</p>', 'Trọng lượng: <br />\nNgày sản xuất<br />\nHạn sử dụng:<br />\n', '', '', '', '', '', ''),
(410, 2, 'Chanh Dây', '<p>- Mô tả sản phẩm</p>\n\n<p>- Mã sản phẩm:</p>\n\n<p>- Mẫu sản phẩm:</p>\n\n<p>- Thương hiệu:</p>\n\n<p>- Kích thước:</p>', 'Trọng lượng: <br />\nNgày sản xuất<br />\nHạn sử dụng:<br />\n', '', '', '', '', '', ''),
(411, 2, 'Giấy Vệ Sinh An An', '<p>- Mô tả sản phẩm</p>\n\n<p>- Mã sản phẩm:</p>\n\n<p>- Mẫu sản phẩm:</p>\n\n<p>- Thương hiệu:</p>\n\n<p>- Kích thước:</p>', 'Trọng lượng: <br />\nNgày sản xuất<br />\nHạn sử dụng:<br />\n', '', '', '', '', '', ''),
(412, 2, 'Bột Canh Thiên Hương', '<p>- Mô tả sản phẩm</p>\n\n<p>- Mã sản phẩm:</p>\n\n<p>- Mẫu sản phẩm:</p>\n\n<p>- Thương hiệu:</p>\n\n<p>- Kích thước:</p>', 'Trọng lượng: <br />\nNgày sản xuất<br />\nHạn sử dụng:<br />\n', '', '', '', '', '', ''),
(413, 2, 'Bột Tôm VIFON', '<p>- Mô tả sản phẩm</p>\n\n<p>- Mã sản phẩm:</p>\n\n<p>- Mẫu sản phẩm:</p>\n\n<p>- Thương hiệu:</p>\n\n<p>- Kích thước:</p>', 'Trọng lượng: <br />\nNgày sản xuất<br />\nHạn sử dụng:<br />\n', '', '', '', '', '', ''),
(414, 2, 'Giấy Vệ Sinh Coop Happy', '<p>- Mô tả sản phẩm</p>\n\n<p>- Mã sản phẩm:</p>\n\n<p>- Mẫu sản phẩm:</p>\n\n<p>- Thương hiệu:</p>\n\n<p>- Kích thước:</p>', 'Trọng lượng: <br />\nNgày sản xuất<br />\nHạn sử dụng:<br />\n', '', '', '', '', '', ''),
(415, 2, 'Chuối Cau', '<p>- Mô tả sản phẩm</p>\n\n<p>- Mã sản phẩm:</p>\n\n<p>- Mẫu sản phẩm:</p>\n\n<p>- Thương hiệu:</p>\n\n<p>- Kích thước:</p>', 'Trọng lượng: <br />\nNgày sản xuất<br />\nHạn sử dụng:<br />\n', '', '', '', '', '', ''),
(416, 2, 'Nước Mắm Cá Cơm', '<p>- Mô tả sản phẩm</p>\n\n<p>- Mã sản phẩm:</p>\n\n<p>- Mẫu sản phẩm:</p>\n\n<p>- Thương hiệu:</p>\n\n<p>- Kích thước:</p>', 'Trọng lượng: <br />\nNgày sản xuất<br />\nHạn sử dụng:<br />\n', '', '', '', '', '', ''),
(417, 2, 'Bột Canh Nấm Hương', '<p>- Mô tả sản phẩm</p>\n\n<p>- Mã sản phẩm:</p>\n\n<p>- Mẫu sản phẩm:</p>\n\n<p>- Thương hiệu:</p>\n\n<p>- Kích thước:</p>', 'Trọng lượng: <br />\nNgày sản xuất<br />\nHạn sử dụng:<br />\n', '', '', '', '', '', ''),
(418, 2, 'Máy Xông Tinh Dầu Hồ Điệp', '<p>- Mô tả sản phẩm</p>\n\n<p>- Mã sản phẩm:</p>\n\n<p>- Mẫu sản phẩm:</p>\n\n<p>- Thương hiệu:</p>\n\n<p>- Kích thước:</p>', 'Trọng lượng: <br />\nNgày sản xuất<br />\nHạn sử dụng:<br />\n', '', '', '', '', '', ''),
(419, 2, 'Nước Lau Sàn Hương Hoa Hè', '<p>- Mô tả sản phẩm</p>\n\n<p>- Mã sản phẩm:</p>\n\n<p>- Mẫu sản phẩm:</p>\n\n<p>- Thương hiệu:</p>\n\n<p>- Kích thước:</p>', 'Trọng lượng: <br />\nNgày sản xuất<br />\nHạn sử dụng:<br />\n', '', '', '', '', '', ''),
(420, 2, 'Máy Xông Tinh Dầu Tự Hẹn Giờ', '<p>- Mô tả sản phẩm</p>\n\n<p>- Mã sản phẩm:</p>\n\n<p>- Mẫu sản phẩm:</p>\n\n<p>- Thương hiệu:</p>\n\n<p>- Kích thước:</p>', 'Trọng lượng: <br />\nNgày sản xuất<br />\nHạn sử dụng:<br />\n', '', '', '', '', '', ''),
(421, 2, 'Nước Mắm Nam Ngư Đệ Nhị', '<p>- Mô tả sản phẩm</p>\n\n<p>- Mã sản phẩm:</p>\n\n<p>- Mẫu sản phẩm:</p>\n\n<p>- Thương hiệu:</p>\n\n<p>- Kích thước:</p>', 'Trọng lượng: <br />\nNgày sản xuất<br />\nHạn sử dụng:<br />\n', '', '', '', '', '', ''),
(422, 2, 'Nước Tẩy Rửa VIM', '<p>- Mô tả sản phẩm</p>\n\n<p>- Mã sản phẩm:</p>\n\n<p>- Mẫu sản phẩm:</p>\n\n<p>- Thương hiệu:</p>\n\n<p>- Kích thước:</p>', 'Trọng lượng: <br />\nNgày sản xuất<br />\nHạn sử dụng:<br />\n', '', '', '', '', '', ''),
(423, 2, 'Nước Lau Sàn Hương Hoa Thiên Nhiên', '<p>- Mô tả sản phẩm</p>\n\n<p>- Mã sản phẩm:</p>\n\n<p>- Mẫu sản phẩm:</p>\n\n<p>- Thương hiệu:</p>\n\n<p>- Kích thước:</p>', 'Trọng lượng: <br />\nNgày sản xuất<br />\nHạn sử dụng:<br />\n', '', '', '', '', '', ''),
(424, 2, 'Nước Mắm Thái Long', '<p>- Mô tả sản phẩm</p>\n\n<p>- Mã sản phẩm:</p>\n\n<p>- Mẫu sản phẩm:</p>\n\n<p>- Thương hiệu:</p>\n\n<p>- Kích thước:</p>', 'Trọng lượng: <br />\nNgày sản xuất<br />\nHạn sử dụng:<br />\n', '', '', '', '', '', ''),
(425, 2, 'Máy Xông Tinh Dầu Gỗ Hương', '<p>- Mô tả sản phẩm</p>\n\n<p>- Mã sản phẩm:</p>\n\n<p>- Mẫu sản phẩm:</p>\n\n<p>- Thương hiệu:</p>\n\n<p>- Kích thước:</p>', 'Trọng lượng: <br />\nNgày sản xuất<br />\nHạn sử dụng:<br />\n', '', '', '', '', '', ''),
(426, 2, 'Bột Ngọt Ajinomoto', '<p>- Mô tả sản phẩm</p>\n\n<p>- Mã sản phẩm:</p>\n\n<p>- Mẫu sản phẩm:</p>\n\n<p>- Thương hiệu:</p>\n\n<p>- Kích thước:</p>', 'Trọng lượng: <br />\nNgày sản xuất<br />\nHạn sử dụng:<br />\n', '', '', '', '', '', ''),
(427, 2, 'Máy Khuếch Tán Tinh Dầu Cầu Lục', '<p>- Mô tả sản phẩm</p>\n\n<p>- Mã sản phẩm:</p>\n\n<p>- Mẫu sản phẩm:</p>\n\n<p>- Thương hiệu:</p>\n\n<p>- Kích thước:</p>', 'Trọng lượng: <br />\nNgày sản xuất<br />\nHạn sử dụng:<br />\n', '', '', '', '', '', ''),
(428, 2, 'Nước tẩy Rửa DUCK', '<p>- Mô tả sản phẩm</p>\n\n<p>- Mã sản phẩm:</p>\n\n<p>- Mẫu sản phẩm:</p>\n\n<p>- Thương hiệu:</p>\n\n<p>- Kích thước:</p>', 'Trọng lượng: <br />\nNgày sản xuất<br />\nHạn sử dụng:<br />\n', '', '', '', '', '', ''),
(429, 2, 'Nước Mắm Nam Ngư', '<p>- Mô tả sản phẩm</p>\n\n<p>- Mã sản phẩm:</p>\n\n<p>- Mẫu sản phẩm:</p>\n\n<p>- Thương hiệu:</p>\n\n<p>- Kích thước:</p>', 'Trọng lượng: <br />\nNgày sản xuất<br />\nHạn sử dụng:<br />\n', '', '', '', '', '', ''),
(430, 2, 'Giấy Vệ Sinh E\'mos', '<p>- Mô tả sản phẩm</p>\n\n<p>- Mã sản phẩm:</p>\n\n<p>- Mẫu sản phẩm:</p>\n\n<p>- Thương hiệu:</p>\n\n<p>- Kích thước:</p>', 'Trọng lượng: <br />\nNgày sản xuất<br />\nHạn sử dụng:<br />\n', '', '', '', '', '', ''),
(431, 2, 'Combo Chăm Sóc Tóc L\'ORÉAL', '<p>- Mô tả sản phẩm</p>\n\n<p>- Mã sản phẩm:</p>\n\n<p>- Mẫu sản phẩm:</p>\n\n<p>- Thương hiệu:</p>\n\n<p>- Kích thước:</p>', 'Trọng lượng: <br />\nNgày sản xuất<br />\nHạn sử dụng:<br />\n', '', '', '', '', '', ''),
(432, 2, 'Mì KOKOMI Đại', '<p>- Mô tả sản phẩm</p>\n\n<p>- Mã sản phẩm:</p>\n\n<p>- Mẫu sản phẩm:</p>\n\n<p>- Thương hiệu:</p>\n\n<p>- Kích thước:</p>', 'Trọng lượng: <br />\nNgày sản xuất<br />\nHạn sử dụng:<br />\n', '', '', '', '', '', ''),
(433, 2, 'Mì Ăn Liền Cup Noodles Các Vị', '', 'Trọng lượng: <br />\nNgày sản xuất<br />\nHạn sử dụng:<br />\n', '', '', '', '', '', ''),
(434, 2, 'Gia Vị Thịt Kho Aji-Quick', '<p>- Mô tả sản phẩm</p>\n\n<p>- Mã sản phẩm:</p>\n\n<p>- Mẫu sản phẩm:</p>\n\n<p>- Thương hiệu:</p>\n\n<p>- Kích thước:</p>', 'Trọng lượng: <br />\nNgày sản xuất<br />\nHạn sử dụng:<br />\n', '', '', '', '', '', ''),
(435, 2, 'Mì Cup Noodles', '<p>- Mô tả sản phẩm</p>\n\n<p>- Mã sản phẩm:</p>\n\n<p>- Mẫu sản phẩm:</p>\n\n<p>- Thương hiệu:</p>\n\n<p>- Kích thước:</p>\n\n<p><span style=\"display: none;\"> </span> </p>', 'Trọng lượng: <br />\nNgày sản xuất<br />\nHạn sử dụng:<br />\n', '', '', '', '', '', ''),
(436, 2, 'Kem Dưỡng ASTALIFT', '<p>- Mô tả sản phẩm</p>\n\n<p>- Mã sản phẩm:</p>\n\n<p>- Mẫu sản phẩm:</p>\n\n<p>- Thương hiệu:</p>\n\n<p>- Kích thước:</p>', 'Trọng lượng: <br />\nNgày sản xuất<br />\nHạn sử dụng:<br />\n', '', '', '', '', '', ''),
(437, 2, 'Gia Vị Thịt Kho Tàu Aji-Quick', '<p>- Mô tả sản phẩm</p>\n\n<p>- Mã sản phẩm:</p>\n\n<p>- Mẫu sản phẩm:</p>\n\n<p>- Thương hiệu:</p>\n\n<p>- Kích thước:</p>', 'Trọng lượng: <br />\nNgày sản xuất<br />\nHạn sử dụng:<br />\n', '', '', '', '', '', ''),
(438, 2, 'Mì Hảo Hảo Sa Tế Hành Tím', '<p>- Mô tả sản phẩm</p>\n\n<p>- Mã sản phẩm:</p>\n\n<p>- Mẫu sản phẩm:</p>\n\n<p>- Thương hiệu:</p>\n\n<p>- Kích thước:</p>', 'Trọng lượng: <br />\nNgày sản xuất<br />\nHạn sử dụng:<br />\n', '', '', '', '', '', ''),
(439, 2, 'Kẹo Nổ Striking Popping Candy', '<p>Gói to có 20 gói nhỏ bên trong</p>', 'Trọng lượng: <br />\nNgày sản xuất<br />\nHạn sử dụng:<br />\n', '', '', '', '', '', ''),
(440, 2, 'Gia Vị Bún Bò Huế Aji-Quick', '<p>- Mô tả sản phẩm</p>\n\n<p>- Mã sản phẩm:</p>\n\n<p>- Mẫu sản phẩm:</p>\n\n<p>- Thương hiệu:</p>\n\n<p>- Kích thước:</p>', 'Trọng lượng: <br />\nNgày sản xuất<br />\nHạn sử dụng:<br />\n', '', '', '', '', '', ''),
(441, 2, 'Bộ 4 Nồi ANOD', '&lt;p&gt;- Mô tả sản phẩm&lt;/p&gt;\r\n\r\n&lt;p&gt;- Mã sản phẩm:&lt;/p&gt;\r\n\r\n&lt;p&gt;- Mẫu sản phẩm:&lt;/p&gt;\r\n\r\n&lt;p&gt;- Thương hiệu:&lt;/p&gt;\r\n\r\n&lt;p&gt;- Kích thước:&lt;/p&gt;', '&lt;p&gt;Trọng lượng:&lt;br /&gt;\r\nNgày sản xuất&lt;br /&gt;\r\nHạn sử dụng:&lt;/p&gt;', '', '', '', '', '', ''),
(443, 2, 'Khay Đựng Thực Phẩm Tủ Lạnh', '&lt;p&gt;- Mô tả sản phẩm&lt;/p&gt;\r\n\r\n&lt;p&gt;- Mã sản phẩm:&lt;/p&gt;\r\n\r\n&lt;p&gt;- Mẫu sản phẩm:&lt;/p&gt;\r\n\r\n&lt;p&gt;- Thương hiệu:&lt;/p&gt;\r\n\r\n&lt;p&gt;- Kích thước:&lt;/p&gt;', '&lt;p&gt;Trọng lượng:&lt;br /&gt;\r\nNgày sản xuất&lt;br /&gt;\r\nHạn sử dụng:&lt;/p&gt;', '', '', '', '', '', ''),
(444, 2, 'Rượu Vang Contrada Del Falco', '<p>- Mô tả sản phẩm</p>\n\n<p>- Mã sản phẩm:</p>\n\n<p>- Mẫu sản phẩm:</p>\n\n<p>- Thương hiệu:</p>\n\n<p>- Kích thước:</p>', 'Trọng lượng: <br />\nNgày sản xuất<br />\nHạn sử dụng:<br />\n', '', '', '', '', '', ''),
(445, 2, 'Set Nơ Đẹp 001', '<p>- Mô tả sản phẩm</p>\n\n<p>- Mã sản phẩm:</p>\n\n<p>- Mẫu sản phẩm:</p>\n\n<p>- Thương hiệu:</p>\n\n<p>- Kích thước:</p>', 'Trọng lượng: <br />\nNgày sản xuất<br />\nHạn sử dụng:<br />\n', '', '', '', '', '', ''),
(446, 2, 'Rượu Vang Hennessy', '<p>- Mô tả sản phẩm</p>\n\n<p>- Mã sản phẩm:</p>\n\n<p>- Mẫu sản phẩm:</p>\n\n<p>- Thương hiệu:</p>\n\n<p>- Kích thước:</p>', 'Trọng lượng: <br />\nNgày sản xuất<br />\nHạn sử dụng:<br />\n', '', '', '', '', '', ''),
(447, 2, 'Kẹo Dẻo Atiso', '<p>- Mô tả sản phẩm</p>\n\n<p>- Mã sản phẩm:</p>\n\n<p>- Mẫu sản phẩm:</p>\n\n<p>- Thương hiệu:</p>\n\n<p>- Kích thước:</p>', 'Trọng lượng: <br />\nNgày sản xuất<br />\nHạn sử dụng:<br />\n', '', '', '', '', '', ''),
(448, 2, 'CoCa CoLa Chai Lớn', '<p>- Mô tả sản phẩm</p>\n\n<p>- Mã sản phẩm:</p>\n\n<p>- Mẫu sản phẩm:</p>\n\n<p>- Thương hiệu:</p>\n\n<p>- Kích thước:</p>', 'Trọng lượng: <br />\nNgày sản xuất<br />\nHạn sử dụng:<br />\n', '', '', '', '', '', ''),
(449, 2, 'Gia Vị Canh Chua Knorr', '<p>- Mô tả sản phẩm</p>\n\n<p>- Mã sản phẩm:</p>\n\n<p>- Mẫu sản phẩm:</p>\n\n<p>- Thương hiệu:</p>\n\n<p>- Kích thước:</p>', 'Trọng lượng: <br />\nNgày sản xuất<br />\nHạn sử dụng:<br />\n', '', '', '', '', '', ''),
(450, 2, 'Dụng Cụ Cắt Hoa Quả', '&lt;p&gt;- Mô tả sản phẩm&lt;/p&gt;\r\n\r\n&lt;p&gt;- Mã sản phẩm:&lt;/p&gt;\r\n\r\n&lt;p&gt;- Mẫu sản phẩm:&lt;/p&gt;\r\n\r\n&lt;p&gt;- Thương hiệu:&lt;/p&gt;\r\n\r\n&lt;p&gt;- Kích thước:&lt;/p&gt;', '&lt;p&gt;Trọng lượng:&lt;br /&gt;\r\nNgày sản xuất&lt;br /&gt;\r\nHạn sử dụng:&lt;/p&gt;', '', '', '', '', '', ''),
(451, 2, 'Rượu Vang Valdivieso', '<p>- Mô tả sản phẩm</p>\n\n<p>- Mã sản phẩm:</p>\n\n<p>- Mẫu sản phẩm:</p>\n\n<p>- Thương hiệu:</p>\n\n<p>- Kích thước:</p>', 'Trọng lượng: <br />\nNgày sản xuất<br />\nHạn sử dụng:<br />\n', '', '', '', '', '', ''),
(452, 2, 'Hũ Đựng Gia Vị', '&lt;p&gt;- Mô tả sản phẩm&lt;/p&gt;\r\n\r\n&lt;p&gt;- Mã sản phẩm:&lt;/p&gt;\r\n\r\n&lt;p&gt;- Mẫu sản phẩm:&lt;/p&gt;\r\n\r\n&lt;p&gt;- Thương hiệu:&lt;/p&gt;\r\n\r\n&lt;p&gt;- Kích thước:&lt;/p&gt;', '&lt;p&gt;Trọng lượng:&lt;br /&gt;\r\nNgày sản xuất&lt;br /&gt;\r\nHạn sử dụng:&lt;/p&gt;', '', '', '', '', '', ''),
(453, 2, 'Bộ Makeup 3CE', '<p>- Mô tả sản phẩm</p>\n\n<p>- Mã sản phẩm:</p>\n\n<p>- Mẫu sản phẩm:</p>\n\n<p>- Thương hiệu:</p>\n\n<p>- Kích thước:</p>', 'Trọng lượng: <br />\nNgày sản xuất<br />\nHạn sử dụng:<br />\n', '', '', '', '', '', ''),
(454, 2, 'Bờm Tóc Đáng Yêu', '<p>- Mô tả sản phẩm</p>\n\n<p>- Mã sản phẩm:</p>\n\n<p>- Mẫu sản phẩm:</p>\n\n<p>- Thương hiệu:</p>\n\n<p>- Kích thước:</p>', 'Trọng lượng: <br />\nNgày sản xuất<br />\nHạn sử dụng:<br />\n', '', '', '', '', '', ''),
(455, 2, 'Son 3CE Matte Lip Color 907', '<p>- Mô tả sản phẩm</p>\n\n<p>- Mã sản phẩm:</p>\n\n<p>- Mẫu sản phẩm:</p>\n\n<p>- Thương hiệu:</p>\n\n<p>- Kích thước:</p>', 'Trọng lượng: <br />\nNgày sản xuất<br />\nHạn sử dụng:<br />\n', '', '', '', '', '', ''),
(456, 2, 'Kẹo Mút Chupa Chup Gói Mix', '<p>- Mô tả sản phẩm</p>\n\n<p>- Mã sản phẩm:</p>\n\n<p>- Mẫu sản phẩm:</p>\n\n<p>- Thương hiệu:</p>\n\n<p>- Kích thước:</p>', 'Trọng lượng: <br />\nNgày sản xuất<br />\nHạn sử dụng:<br />\n', '', '', '', '', '', ''),
(457, 2, 'Sprite Hương Chanh Tự Nhiên', '<p>- Mô tả sản phẩm</p>\n\n<p>- Mã sản phẩm:</p>\n\n<p>- Mẫu sản phẩm:</p>\n\n<p>- Thương hiệu:</p>\n\n<p>- Kích thước:</p>', 'Trọng lượng: <br />\nNgày sản xuất<br />\nHạn sử dụng:<br />\n', '', '', '', '', '', ''),
(458, 2, 'Mì Cay', '<p>- Mô tả sản phẩm</p>\n\n<p>- Mã sản phẩm:</p>\n\n<p>- Mẫu sản phẩm:</p>\n\n<p>- Thương hiệu:</p>\n\n<p>- Kích thước:</p>', 'Trọng lượng: <br />\nNgày sản xuất<br />\nHạn sử dụng:<br />\n', '', '', '', '', '', ''),
(459, 2, 'Rượu Vang La Grave Firea', '<p>- Mô tả sản phẩm</p>\n\n<p>- Mã sản phẩm:</p>\n\n<p>- Mẫu sản phẩm:</p>\n\n<p>- Thương hiệu:</p>\n\n<p>- Kích thước:</p>', 'Trọng lượng: <br />\nNgày sản xuất<br />\nHạn sử dụng:<br />\n', '', '', '', '', '', ''),
(460, 2, 'Mì Tôm Chua Cay 3 Miền', '<p>- Mô tả sản phẩm</p>\n\n<p>- Mã sản phẩm:</p>\n\n<p>- Mẫu sản phẩm:</p>\n\n<p>- Thương hiệu:</p>\n\n<p>- Kích thước:</p>', 'Trọng lượng: <br />\nNgày sản xuất<br />\nHạn sử dụng:<br />\n', '', '', '', '', '', ''),
(461, 2, 'Mì Hảo Hảo Vị Sate Hành Tím', '<p>- Mô tả sản phẩm</p>\n\n<p>- Mã sản phẩm:</p>\n\n<p>- Mẫu sản phẩm:</p>\n\n<p>- Thương hiệu:</p>\n\n<p>- Kích thước:</p>', 'Trọng lượng: <br />\nNgày sản xuất<br />\nHạn sử dụng:<br />\n', '', '', '', '', '', ''),
(462, 2, 'Kẹo Xốp Bông Gòn Marshies', '<p>- Mô tả sản phẩm</p>\n\n<p>- Mã sản phẩm:</p>\n\n<p>- Mẫu sản phẩm:</p>\n\n<p>- Thương hiệu:</p>\n\n<p>- Kích thước:</p>', 'Trọng lượng: <br />\nNgày sản xuất<br />\nHạn sử dụng:<br />\n', '', '', '', '', '', ''),
(463, 2, 'Bộ 4 Nồi SUNHOUSE', '&lt;p&gt;- Mô tả sản phẩm&lt;/p&gt;\r\n\r\n&lt;p&gt;- Mã sản phẩm:&lt;/p&gt;\r\n\r\n&lt;p&gt;- Mẫu sản phẩm:&lt;/p&gt;\r\n\r\n&lt;p&gt;- Thương hiệu:&lt;/p&gt;\r\n\r\n&lt;p&gt;- Kích thước:&lt;/p&gt;', '&lt;p&gt;Trọng lượng:&lt;br /&gt;\r\nNgày sản xuất&lt;br /&gt;\r\nHạn sử dụng:&lt;/p&gt;', '', '', '', '', '', ''),
(464, 2, 'Bộ 4 Nồi Xanh', '&lt;p&gt;- Mô tả sản phẩm&lt;/p&gt;\r\n\r\n&lt;p&gt;- Mã sản phẩm:&lt;/p&gt;\r\n\r\n&lt;p&gt;- Mẫu sản phẩm:&lt;/p&gt;\r\n\r\n&lt;p&gt;- Thương hiệu:&lt;/p&gt;\r\n\r\n&lt;p&gt;- Kích thước:&lt;/p&gt;', '&lt;p&gt;Trọng lượng:&lt;br /&gt;\r\nNgày sản xuất&lt;br /&gt;\r\nHạn sử dụng:&lt;/p&gt;', '', '', '', '', '', ''),
(465, 2, 'Kệ Đựng Gia Vị', '&lt;p&gt;- Mô tả sản phẩm&lt;/p&gt;\r\n\r\n&lt;p&gt;- Mã sản phẩm:&lt;/p&gt;\r\n\r\n&lt;p&gt;- Mẫu sản phẩm:&lt;/p&gt;\r\n\r\n&lt;p&gt;- Thương hiệu:&lt;/p&gt;\r\n\r\n&lt;p&gt;- Kích thước:&lt;/p&gt;', '&lt;p&gt;Trọng lượng:&lt;br /&gt;\r\nNgày sản xuất&lt;br /&gt;\r\nHạn sử dụng:&lt;/p&gt;', '', '', '', '', '', ''),
(466, 2, 'Nước Hoa Hồng Hatomugi', '<p>- Mô tả sản phẩm</p>\n\n<p>- Mã sản phẩm:</p>\n\n<p>- Mẫu sản phẩm:</p>\n\n<p>- Thương hiệu:</p>\n\n<p>- Kích thước:</p>', 'Trọng lượng: <br />\nNgày sản xuất<br />\nHạn sử dụng:<br />\n', '', '', '', '', '', ''),
(467, 2, 'Combo Nấu ăn', '&lt;p&gt;- Mô tả sản phẩm&lt;/p&gt;\r\n\r\n&lt;p&gt;- Mã sản phẩm:&lt;/p&gt;\r\n\r\n&lt;p&gt;- Mẫu sản phẩm:&lt;/p&gt;\r\n\r\n&lt;p&gt;- Thương hiệu:&lt;/p&gt;\r\n\r\n&lt;p&gt;- Kích thước:&lt;/p&gt;', '&lt;p&gt;Trọng lượng:&lt;br /&gt;\r\nNgày sản xuất&lt;br /&gt;\r\nHạn sử dụng:&lt;/p&gt;', '', '', '', '', '', ''),
(468, 2, 'Hộp Đựng Gia Vị Nhà Bếp', '&lt;p&gt;- Mô tả sản phẩm&lt;/p&gt;\r\n\r\n&lt;p&gt;- Mã sản phẩm:&lt;/p&gt;\r\n\r\n&lt;p&gt;- Mẫu sản phẩm:&lt;/p&gt;\r\n\r\n&lt;p&gt;- Thương hiệu:&lt;/p&gt;\r\n\r\n&lt;p&gt;- Kích thước:&lt;/p&gt;', '&lt;p&gt;Trọng lượng:&lt;br /&gt;\r\nNgày sản xuất&lt;br /&gt;\r\nHạn sử dụng:&lt;/p&gt;', '', '', '', '', '', ''),
(469, 2, 'Hộp Đựng Bàn Chải Thông Minh', '&lt;p&gt;- Mô tả sản phẩm&lt;/p&gt;\r\n\r\n&lt;p&gt;- Mã sản phẩm:&lt;/p&gt;\r\n\r\n&lt;p&gt;- Mẫu sản phẩm:&lt;/p&gt;\r\n\r\n&lt;p&gt;- Thương hiệu:&lt;/p&gt;\r\n\r\n&lt;p&gt;- Kích thước:&lt;/p&gt;', '&lt;p&gt;Trọng lượng:&lt;br /&gt;\r\nNgày sản xuất&lt;br /&gt;\r\nHạn sử dụng:&lt;/p&gt;', '', '', '', '', '', ''),
(470, 2, 'CoCa CoLa Original', '<p>- Mô tả sản phẩm</p>\n\n<p>- Mã sản phẩm:</p>\n\n<p>- Mẫu sản phẩm:</p>\n\n<p>- Thương hiệu:</p>\n\n<p>- Kích thước:</p>', 'Trọng lượng: <br />\nNgày sản xuất<br />\nHạn sử dụng:<br />\n', '', '', '', '', '', ''),
(471, 2, 'Fanta Hương Việt Quất', '<p>- Mô tả sản phẩm</p>\n\n<p>- Mã sản phẩm:</p>\n\n<p>- Mẫu sản phẩm:</p>\n\n<p>- Thương hiệu:</p>\n\n<p>- Kích thước:</p>', 'Trọng lượng: <br />\nNgày sản xuất<br />\nHạn sử dụng:<br />\n', '', '', '', '', '', ''),
(472, 2, 'Mì Chay Lá Đa 3 Miền', '<p>- Mô tả sản phẩm</p>\n\n<p>- Mã sản phẩm:</p>\n\n<p>- Mẫu sản phẩm:</p>\n\n<p>- Thương hiệu:</p>\n\n<p>- Kích thước:</p>', 'Trọng lượng: <br />\nNgày sản xuất<br />\nHạn sử dụng:<br />\n', '', '', '', '', '', ''),
(473, 2, 'CoCa CoLa', '<p>- Mô tả sản phẩm</p>\n\n<p>- Mã sản phẩm:</p>\n\n<p>- Mẫu sản phẩm:</p>\n\n<p>- Thương hiệu:</p>\n\n<p>- Kích thước:</p>', 'Trọng lượng: <br />\nNgày sản xuất<br />\nHạn sử dụng:<br />\n', '', '', '', '', '', ''),
(474, 2, 'Khay Tủ Đựng Đồ Đa Năng', '&lt;p&gt;- Mô tả sản phẩm&lt;/p&gt;\r\n\r\n&lt;p&gt;- Mã sản phẩm:&lt;/p&gt;\r\n\r\n&lt;p&gt;- Mẫu sản phẩm:&lt;/p&gt;\r\n\r\n&lt;p&gt;- Thương hiệu:&lt;/p&gt;\r\n\r\n&lt;p&gt;- Kích thước:&lt;/p&gt;', '&lt;p&gt;Trọng lượng:&lt;br /&gt;\r\nNgày sản xuất&lt;br /&gt;\r\nHạn sử dụng:&lt;/p&gt;', '', '', '', '', '', ''),
(475, 2, 'Cải Mizuna', '<p>- Mô tả sản phẩm Organic</p>\n\n<p>- Mã sản phẩm:</p>\n\n<p>- Mẫu sản phẩm:</p>\n\n<p>- Thương hiệu:</p>\n\n<p>- Kích thước:</p>', '', '', '', '', '', '', ''),
(476, 2, 'Cải Xoăn Kale', '<p>- Mô tả sản phẩm Organic</p>\n\n<p>- Mã sản phẩm:</p>\n\n<p>- Mẫu sản phẩm:</p>\n\n<p>- Thương hiệu:</p>\n\n<p>- Kích thước:</p>', '', '', '', '', '', '', ''),
(477, 2, 'Đọt Su Su', '<p>- Mô tả sản phẩm Organic</p>\n\n<p>- Mã sản phẩm:</p>\n\n<p>- Mẫu sản phẩm:</p>\n\n<p>- Thương hiệu:</p>\n\n<p>- Kích thước:</p>', '', '', '', '', '', '', ''),
(478, 2, 'Xà Lách Cuộn', '<p>- Mô tả sản phẩm Organic</p>\n\n<p>- Mã sản phẩm:</p>\n\n<p>- Mẫu sản phẩm:</p>\n\n<p>- Thương hiệu:</p>\n\n<p>- Kích thước:</p>', '', '', '', '', '', '', ''),
(479, 2, 'Bắp Nếp', '<p>- Mô tả sản phẩm Organic</p>\n\n<p>- Mã sản phẩm:</p>\n\n<p>- Mẫu sản phẩm:</p>\n\n<p>- Thương hiệu:</p>\n\n<p>- Kích thước:</p>', '', '', '', '', '', '', ''),
(480, 2, 'Cà Chua', '<p>- Mô tả sản phẩm Organic</p>\n\n<p>- Mã sản phẩm:</p>\n\n<p>- Mẫu sản phẩm:</p>\n\n<p>- Thương hiệu:</p>\n\n<p>- Kích thước:</p>', '', '', '', '', '', '', ''),
(481, 2, 'Đậu Cove Nhật', '<p>- Mô tả sản phẩm Organic</p>\n\n<p>- Mã sản phẩm:</p>\n\n<p>- Mẫu sản phẩm:</p>\n\n<p>- Thương hiệu:</p>\n\n<p>- Kích thước:</p>', '', '', '', '', '', '', ''),
(482, 2, 'Khoai Tây Nhật', '<p>- Mô tả sản phẩm Organic</p>\n\n<p>- Mã sản phẩm:</p>\n\n<p>- Mẫu sản phẩm:</p>\n\n<p>- Thương hiệu:</p>\n\n<p>- Kích thước:</p>', '', '', '', '', '', '', ''),
(442, 2, 'Chảo Inox', '&lt;p&gt;- Mô tả sản phẩm&lt;/p&gt;\r\n\r\n&lt;p&gt;- Mã sản phẩm:&lt;/p&gt;\r\n\r\n&lt;p&gt;- Mẫu sản phẩm:&lt;/p&gt;\r\n\r\n&lt;p&gt;- Thương hiệu:&lt;/p&gt;\r\n\r\n&lt;p&gt;- Kích thước:&lt;/p&gt;', '&lt;p&gt;Trọng lượng:&lt;br /&gt;\r\nNgày sản xuất&lt;br /&gt;\r\nHạn sử dụng:&lt;/p&gt;', '', '', '', '', '', '');


-- oc_product_image PRIMARY KEY (`product_image_id`)
INSERT IGNORE INTO `oc_product_image` (`product_image_id`, `product_id`, `image`, `image_alt`, `sort_order`) VALUES
(145, 246, 'https://2.pik.vn/2020b266cd6e-1ea9-431a-b14c-a6677311d624.jpg', '', 0),
(146, 267, 'https://2.pik.vn/20205bff0f89-c689-42b1-aa77-f53179791883.jpg', '', 0),
(151, 316, 'https://2.pik.vn/2020b266cd6e-1ea9-431a-b14c-a6677311d624.jpg', '', 0),
(152, 337, 'https://2.pik.vn/20205bff0f89-c689-42b1-aa77-f53179791883.jpg', '', 0),
(153, 395, 'https://2.pik.vn/20205bff0f89-c689-42b1-aa77-f53179791883.jpg', '', 0),
(154, 436, 'https://2.pik.vn/2020b266cd6e-1ea9-431a-b14c-a6677311d624.jpg', '', 0),
(155, 442, 'https://cdn.bestme.asia/images/taphoa86/logo.png', '', 0),
(156, 474, 'https://cdn.bestme.asia/images/taphoa86/favicon.png', '', 0),
(157, 469, 'https://cdn.bestme.asia/images/taphoa86/favicon.png', '', 0),
(158, 468, 'https://cdn.bestme.asia/images/taphoa86/favicon.png', '', 0),
(159, 467, 'https://cdn.bestme.asia/images/taphoa86/favicon.png', '', 0),
(160, 465, 'https://cdn.bestme.asia/images/taphoa86/favicon.png', '', 0),
(161, 464, 'https://cdn.bestme.asia/images/taphoa86/favicon.png', '', 0),
(162, 441, 'https://cdn.bestme.asia/images/taphoa86/favicon.png', '', 0),
(163, 463, 'https://cdn.bestme.asia/images/taphoa86/favicon.png', '', 0),
(164, 452, 'https://cdn.bestme.asia/images/taphoa86/favicon.png', '', 0),
(165, 450, 'https://cdn.bestme.asia/images/taphoa86/favicon.png', '', 0),
(166, 443, 'https://cdn.bestme.asia/images/taphoa86/favicon.png', '', 0),
(167, 402, 'https://cdn.bestme.asia/images/taphoa86/favicon.png', '', 0),
(168, 387, 'https://cdn.bestme.asia/images/taphoa86/favicon.png', '', 0),
(169, 385, 'https://cdn.bestme.asia/images/taphoa86/favicon.png', '', 0),
(170, 374, 'https://cdn.bestme.asia/images/taphoa86/favicon.png', '', 0);


-- oc_product_to_category PRIMARY KEY (`product_id`,`category_id`)
INSERT IGNORE INTO `oc_product_to_category` (`product_id`, `category_id`) VALUES
(374, 49),
(375, 50),
(376, 51),
(377, 52),
(378, 52),
(379, 53),
(380, 53),
(381, 50),
(382, 54),
(383, 54),
(384, 54),
(385, 55),
(386, 51),
(387, 55),
(388, 51),
(389, 56),
(390, 56),
(391, 56),
(392, 52),
(393, 54),
(394, 52),
(395, 57),
(396, 52),
(397, 51),
(398, 52),
(399, 53),
(400, 56),
(401, 58),
(402, 49),
(403, 57),
(404, 56),
(405, 57),
(406, 59),
(407, 60),
(408, 61),
(409, 60),
(410, 60),
(411, 59),
(412, 62),
(413, 62),
(414, 59),
(415, 60),
(416, 63),
(417, 62),
(418, 64),
(419, 65),
(420, 64),
(421, 63),
(422, 65),
(423, 65),
(424, 63),
(425, 64),
(426, 62),
(427, 64),
(428, 65),
(429, 63),
(430, 59),
(431, 56),
(432, 58),
(433, 58),
(434, 51),
(435, 58),
(436, 50),
(437, 51),
(438, 58),
(439, 54),
(440, 51),
(441, 49),
(442, 49),
(443, 55),
(444, 57),
(445, 52),
(446, 57),
(447, 54),
(448, 53),
(449, 51),
(450, 55),
(451, 57),
(452, 49),
(453, 50),
(454, 52),
(455, 50),
(456, 54),
(457, 53),
(458, 58),
(459, 57),
(460, 58),
(461, 58),
(462, 54),
(463, 49),
(464, 49),
(465, 55),
(466, 50),
(467, 49),
(468, 55),
(469, 55),
(470, 53),
(471, 53),
(472, 58),
(473, 53),
(474, 55),
(475, 66),
(476, 66),
(477, 66),
(478, 66),
(479, 67),
(480, 67),
(481, 67),
(482, 67);


-- oc_product_to_store PRIMARY KEY (`product_id`,`store_id`)
INSERT IGNORE INTO `oc_product_to_store` (`product_id`, `store_id`, `product_version_id`, `quantity`, `cost_price`) VALUES
(429, 0, 0, 1000, '0.0000'),
(420, 0, 0, 500, '0.0000'),
(447, 0, 0, 30, '0.0000'),
(443, 0, 0, 15, '0.0000'),
(446, 0, 0, 1000, '0.0000'),
(423, 0, 0, 1000, '0.0000'),
(444, 0, 0, 1000, '0.0000'),
(417, 0, 0, 400, '0.0000'),
(476, 0, 0, 10, '0.0000'),
(442, 0, 0, 10, '0.0000'),
(465, 0, 0, 15, '0.0000'),
(427, 0, 0, 500, '0.0000'),
(438, 0, 0, 25, '0.0000'),
(458, 0, 0, 25, '0.0000'),
(437, 0, 0, 20, '0.0000'),
(412, 0, 0, 400, '0.0000'),
(475, 0, 0, 10, '0.0000'),
(445, 0, 0, 10, '0.0000'),
(466, 0, 0, 25, '0.0000'),
(415, 0, 0, 10, '0.0000'),
(469, 0, 0, 15, '0.0000'),
(413, 0, 0, 10, '0.0000'),
(462, 0, 0, 30, '0.0000'),
(424, 0, 0, 1000, '0.0000'),
(473, 0, 0, 30, '0.0000'),
(461, 0, 0, 25, '0.0000'),
(468, 0, 0, 15, '0.0000'),
(435, 0, 0, 25, '0.0000'),
(410, 0, 0, 10, '0.0000'),
(411, 0, 0, 800, '0.0000'),
(477, 0, 0, 10, '0.0000'),
(431, 0, 0, 9, '0.0000'),
(426, 0, 0, 1000, '0.0000'),
(409, 0, 0, 10, '0.0000'),
(453, 0, 0, 25, '0.0000'),
(470, 0, 0, 30, '0.0000'),
(457, 0, 0, 30, '0.0000'),
(434, 0, 0, 20, '0.0000'),
(454, 0, 0, 10, '0.0000'),
(425, 0, 0, 500, '0.0000'),
(464, 0, 0, 10, '0.0000'),
(463, 0, 0, 10, '0.0000'),
(449, 0, 0, 20, '0.0000'),
(419, 0, 0, 1000, '0.0000'),
(471, 0, 0, 30, '0.0000'),
(448, 0, 0, 30, '0.0000'),
(451, 0, 0, 1000, '0.0000'),
(414, 0, 0, 800, '0.0000'),
(452, 0, 0, 10, '0.0000'),
(450, 0, 0, 15, '0.0000'),
(472, 0, 0, 25, '0.0000'),
(408, 0, 0, 30, '0.0000'),
(416, 0, 0, 1000, '0.0000'),
(436, 0, 0, 25, '0.0000'),
(418, 0, 0, 500, '0.0000'),
(428, 0, 0, 1000, '0.0000'),
(455, 0, 0, 25, '0.0000'),
(467, 0, 0, 10, '0.0000'),
(460, 0, 0, 25, '0.0000'),
(459, 0, 0, 1000, '0.0000'),
(439, 0, 0, 30, '0.0000'),
(421, 0, 0, 1000, '0.0000'),
(430, 0, 0, 10, '0.0000'),
(474, 0, 0, 15, '0.0000'),
(433, 0, 0, 25, '0.0000'),
(422, 0, 0, 1000, '0.0000'),
(441, 0, 0, 10, '0.0000'),
(456, 0, 0, 30, '0.0000'),
(478, 0, 0, 30, '0.0000'),
(440, 0, 0, 20, '0.0000'),
(407, 0, 0, 15, '0.0000'),
(406, 0, 0, 800, '0.0000'),
(405, 0, 0, 1000, '0.0000'),
(404, 0, 0, 20, '0.0000'),
(403, 0, 0, 2500, '0.0000'),
(402, 0, 0, 10, '0.0000'),
(401, 0, 0, 25, '0.0000'),
(399, 0, 0, 30, '0.0000'),
(398, 0, 0, 10, '0.0000'),
(397, 0, 0, 20, '0.0000'),
(396, 0, 0, 10, '0.0000'),
(395, 0, 0, 1000, '0.0000'),
(394, 0, 0, 10, '0.0000'),
(393, 0, 0, 30, '0.0000'),
(392, 0, 0, 10, '0.0000'),
(390, 0, 0, 10, '0.0000'),
(389, 0, 0, 5, '0.0000'),
(388, 0, 0, 20, '0.0000'),
(387, 0, 0, 15, '0.0000'),
(386, 0, 0, 20, '0.0000'),
(385, 0, 0, 15, '0.0000'),
(384, 0, 0, 30, '0.0000'),
(383, 0, 0, 30, '0.0000'),
(382, 0, 0, 30, '0.0000'),
(381, 0, 0, 25, '0.0000'),
(380, 0, 0, 30, '0.0000'),
(379, 0, 0, 30, '0.0000'),
(378, 0, 0, 10, '0.0000'),
(377, 0, 0, 10, '0.0000'),
(376, 0, 0, 20, '0.0000'),
(375, 0, 0, 25, '0.0000'),
(374, 0, 0, 10, '0.0000'),
(479, 0, 0, 10, '0.0000'),
(480, 0, 0, 10, '0.0000'),
(481, 0, 0, 10, '0.0000'),
(482, 0, 0, 20, '0.0000');
